"cluster_Cl","month","day","EVI_smooth_Imp","n","sd_original_EVI","SEM","day_of_year","EVI_smooth_Imp_smoothed","Cluster_NAMES"
1,1,1,0.3145,138,0.0248644088695441,0.00211659904336552,1,NA,"Florida Peninsula (FP)"
2,1,1,0.5381,138,0.03581693240118,0.00304893976182491,1,NA,"Central America (CA)"
3,1,1,0.4317,230,0.0626661614134553,0.00413208431787009,1,NA,"Caribbean (C)"
4,1,1,0.2637,299,0.049998617875838,0.00289149472952713,1,NA,"Southeast US (SUS)"
5,1,1,0.5254,138,0.0743964395366947,0.00633304550208097,1,NA,"South Gulf (SG)"
6,1,1,0.252,69,0.045521914293985,0.00548019448637866,1,NA,"West Gulf (WG)"
1,1,2,0.313475,138,0.0246010270722137,0.00209417849585947,2,NA,"Florida Peninsula (FP)"
2,1,2,0.538375,138,0.0354062823527788,0.00301398290826912,2,NA,"Central America (CA)"
3,1,2,0.430675,230,0.0630403583432986,0.00415675813274443,2,NA,"Caribbean (C)"
4,1,2,0.2637,299,0.0498437806568725,0.00288254026195194,2,NA,"Southeast US (SUS)"
5,1,2,0.525375,138,0.0748154101952488,0.00636871065301002,2,NA,"South Gulf (SG)"
6,1,2,0.252,69,0.0449930605282059,0.00541652797462772,2,NA,"West Gulf (WG)"
1,1,3,0.3125,138,0.0242645960834767,0.00206553958822827,3,NA,"Florida Peninsula (FP)"
2,1,3,0.5374,138,0.0354176163817569,0.00301494772488786,3,NA,"Central America (CA)"
3,1,3,0.428775,230,0.0634867241186396,0.00418619062036963,3,NA,"Caribbean (C)"
4,1,3,0.2637,299,0.0498628447910993,0.00288364276930078,3,NA,"Southeast US (SUS)"
5,1,3,0.52395,138,0.075468677611563,0.00642432046845695,3,NA,"South Gulf (SG)"
6,1,3,0.25005,69,0.0448328851847588,0.00539724512926354,3,NA,"West Gulf (WG)"
1,1,4,0.3106,138,0.0239934922151613,0.00204246169438653,4,0.311673214285714,"Florida Peninsula (FP)"
2,1,4,0.5371,138,0.0355253049387143,0.00302411478362766,4,0.536675,"Central America (CA)"
3,1,4,0.427775,230,0.0639209083835963,0.00421481988298644,4,0.428175,"Caribbean (C)"
4,1,4,0.262675,299,0.0501248301344268,0.00289879377290104,4,0.261892857142857,"Southeast US (SUS)"
5,1,4,0.5224875,138,0.0760119580020475,0.00647056756650027,4,0.521923214285714,"South Gulf (SG)"
6,1,4,0.2481,69,0.0444208013824645,0.0053476360691815,4,0.24835,"West Gulf (WG)"
1,1,5,0.3105875,138,0.0238115017155493,0.00202696963425345,5,0.310626785714286,"Florida Peninsula (FP)"
2,1,5,0.535225,138,0.0358481085070989,0.00305159364820162,5,0.536278571428571,"Central America (CA)"
3,1,5,0.4277,230,0.0641006877505469,0.00422667418339511,5,0.427046428571429,"Caribbean (C)"
4,1,5,0.259875,299,0.0505627343851661,0.00292411842959844,5,0.261321428571429,"Southeast US (SUS)"
5,1,5,0.51915,138,0.0760693153185974,0.00647545014553026,5,0.520741071428571,"South Gulf (SG)"
6,1,5,0.2442,69,0.0438882983696365,0.00528353023971146,5,0.247242857142857,"West Gulf (WG)"
1,1,6,0.3105125,138,0.0236370108653103,0.00201211598667109,6,0.309658928571429,"Florida Peninsula (FP)"
2,1,6,0.53525,138,0.0357904684680976,0.00304668700223831,6,0.535860714285714,"Central America (CA)"
3,1,6,0.4258,230,0.0646152600231606,0.00426060407426635,6,0.426064285714286,"Caribbean (C)"
4,1,6,0.2598,299,0.0508240108714256,0.00293922843893599,6,0.26075,"Southeast US (SUS)"
5,1,6,0.51855,138,0.0764806934482763,0.0065104689774803,6,0.519244642857143,"South Gulf (SG)"
6,1,6,0.24615,69,0.0434824741631897,0.00523467474641551,6,0.246114285714286,"West Gulf (WG)"
1,1,7,0.3095375,138,0.0235841251599224,0.00200761405646157,7,0.308835714285714,"Florida Peninsula (FP)"
2,1,7,0.535275,138,0.0359892132204968,0.0030636052790817,7,0.535564285714286,"Central America (CA)"
3,1,7,0.4248,230,0.0651482391581038,0.00429574767769724,7,0.4252125,"Caribbean (C)"
4,1,7,0.2598,299,0.0508858888056544,0.00294280693226837,7,0.259907142857143,"Southeast US (SUS)"
5,1,7,0.51855,138,0.0764744301822174,0.00650993581286665,7,0.517948214285714,"South Gulf (SG)"
6,1,7,0.24595,69,0.042919187139999,0.00516686295759656,7,0.245035714285714,"West Gulf (WG)"
1,1,8,0.307175,138,0.023759309669792,0.00202252675227299,8,0.308278571428571,"Florida Peninsula (FP)"
2,1,8,0.535325,138,0.0359587293404713,0.00306101031888624,8,0.535507142857143,"Central America (CA)"
3,1,8,0.4238,230,0.0655819379060356,0.00432434492626949,8,0.424298214285714,"Caribbean (C)"
4,1,8,0.2597,299,0.0506478963244254,0.00292904347170932,8,0.259217857142857,"Southeast US (SUS)"
5,1,8,0.517125,138,0.0767100772608102,0.00652999542432729,8,0.517385714285714,"South Gulf (SG)"
6,1,8,0.24425,69,0.0424332883630272,0.00510836761881747,8,0.244053571428571,"West Gulf (WG)"
1,1,9,0.3067,138,0.0239095470983558,0.00203531581149593,9,0.307723214285714,"Florida Peninsula (FP)"
2,1,9,0.53545,138,0.0364464775160696,0.00310253020087061,9,0.535775,"Central America (CA)"
3,1,9,0.4238,230,0.0660977156324762,0.00435835430241223,9,0.423198214285714,"Caribbean (C)"
4,1,9,0.2597,299,0.0506658104940281,0.00293007947488683,9,0.258796428571429,"Southeast US (SUS)"
5,1,9,0.5149,138,0.0772962634046016,0.00657989490264156,9,0.517167857142857,"South Gulf (SG)"
6,1,9,0.2441,69,0.0423814034593996,0.00510212141043199,9,0.243348214285714,"West Gulf (WG)"
1,1,10,0.3067375,138,0.0239082534591157,0.00203520568961077,10,0.307178571428571,"Florida Peninsula (FP)"
2,1,10,0.535325,138,0.0365424353340612,0.00311069867279488,10,0.535978571428571,"Central America (CA)"
3,1,10,0.4228125,230,0.0667280959164456,0.00439992034741854,10,0.4223625,"Caribbean (C)"
4,1,10,0.2578,299,0.0507581744585296,0.00293542102087151,10,0.258253571428571,"Southeast US (SUS)"
5,1,10,0.514875,138,0.0782610645936851,0.00666202423395067,10,0.517032142857143,"South Gulf (SG)"
6,1,10,0.2425,69,0.0421847418578689,0.0050784461357625,10,0.242294642857143,"West Gulf (WG)"
1,1,11,0.3067,132,0.0237064217757238,0.00206337916690756,11,0.306773214285714,"Florida Peninsula (FP)"
2,1,11,0.5367,132,0.0347753787899732,0.00302680821236502,11,0.536239285714286,"Central America (CA)"
3,1,11,0.421375,220,0.0670030391644261,0.00451734397892753,11,0.421666071428571,"Caribbean (C)"
4,1,11,0.25785,286,0.0505391338393799,0.00298844163217767,11,0.257705357142857,"Southeast US (SUS)"
5,1,11,0.51855,132,0.0797222821622249,0.00693893400311943,11,0.516607142857143,"South Gulf (SG)"
6,1,11,0.241225,66,0.0416396385283664,0.00512548519029709,11,0.2411375,"West Gulf (WG)"
1,1,12,0.3067,132,0.0235731414213795,0.00205177860107295,12,0.3067,"Florida Peninsula (FP)"
2,1,12,0.5371,132,0.034556422567098,0.0030077505193475,12,0.536492857142857,"Central America (CA)"
3,1,12,0.42,220,0.0672800956037007,0.00453602312025288,12,0.420966071428571,"Caribbean (C)"
4,1,12,0.256925,286,0.0504998777218537,0.0029861203692865,12,0.2571625,"Southeast US (SUS)"
5,1,12,0.517625,132,0.0802340433814118,0.00698347709984197,12,0.515964285714286,"South Gulf (SG)"
6,1,12,0.2392625,66,0.0414193633705981,0.00509837119270168,12,0.240091071428571,"West Gulf (WG)"
1,1,13,0.3067,132,0.0235065420249115,0.00204598186766035,13,0.306689285714286,"Florida Peninsula (FP)"
2,1,13,0.536675,132,0.034409764123669,0.00299498554031838,13,0.536728571428571,"Central America (CA)"
3,1,13,0.41995,220,0.0676467395567961,0.00456074225052787,13,0.420130357142857,"Caribbean (C)"
4,1,13,0.256,286,0.0503430233461594,0.00297684537561518,13,0.256619642857143,"Southeast US (SUS)"
5,1,13,0.5176,132,0.0806949730823666,0.00702359588079325,13,0.515514285714286,"South Gulf (SG)"
6,1,13,0.238775,66,0.0412304205358523,0.00507511393746295,13,0.239053571428571,"West Gulf (WG)"
1,1,14,0.3067,132,0.0233770978531903,0.00203471519866517,14,0.306669642857143,"Florida Peninsula (FP)"
2,1,14,0.5371,132,0.034511585276128,0.00300384793409177,14,0.536982142857143,"Central America (CA)"
3,1,14,0.419925,220,0.0680862687359765,0.00459037530174307,14,0.4193,"Caribbean (C)"
4,1,14,0.2559625,286,0.050313326097758,0.00297508934050453,14,0.256348214285714,"Southeast US (SUS)"
5,1,14,0.515575,132,0.0812215080758134,0.00706942486951219,14,0.514782142857143,"South Gulf (SG)"
6,1,14,0.23785,66,0.0410284418610097,0.00505025208123055,14,0.238310714285714,"West Gulf (WG)"
1,1,15,0.3066625,132,0.0232029849482525,0.00201956061548357,15,0.306655357142857,"Florida Peninsula (FP)"
2,1,15,0.5371,132,0.034483667650773,0.00300141801670095,15,0.537032142857143,"Central America (CA)"
3,1,15,0.4189,220,0.0684901654892724,0.00461760601529522,15,0.418539285714286,"Caribbean (C)"
4,1,15,0.2559,286,0.0504269822439676,0.00298180996931794,15,0.256069642857143,"Southeast US (SUS)"
5,1,15,0.512625,132,0.0818547162563187,0.00712453856740935,15,0.513385714285714,"South Gulf (SG)"
6,1,15,0.236925,66,0.0409846852047039,0.0050448660091656,15,0.237685714285714,"West Gulf (WG)"
1,1,16,0.306625,132,0.0230568101814149,0.00200683773509809,16,0.306641071428571,"Florida Peninsula (FP)"
2,1,16,0.5371,132,0.0346235881726636,0.00301359653493635,16,0.537025,"Central America (CA)"
3,1,16,0.41795,220,0.069038574280064,0.00465457972842775,16,0.417967857142857,"Caribbean (C)"
4,1,16,0.2559,286,0.0502430475395064,0.00297093368223789,16,0.255923214285714,"Southeast US (SUS)"
5,1,16,0.51175,132,0.0824534028246046,0.00717664754463904,16,0.511985714285714,"South Gulf (SG)"
6,1,16,0.2368375,66,0.0409529103931027,0.00504095480023002,16,0.2373375,"West Gulf (WG)"
1,1,17,0.3066,132,0.0230115263113319,0.00200289628011976,17,0.306626785714286,"Florida Peninsula (FP)"
2,1,17,0.5371,132,0.0348637430068794,0.00303449933023971,17,0.537078571428571,"Central America (CA)"
3,1,17,0.417,220,0.0695863800796891,0.00469151278790413,17,0.417403571428571,"Caribbean (C)"
4,1,17,0.2559,286,0.0502492099361335,0.00297129807238935,17,0.255908928571429,"Southeast US (SUS)"
5,1,17,0.50975,132,0.082848091561291,0.00721100078969629,17,0.510453571428571,"South Gulf (SG)"
6,1,17,0.2373,66,0.0410061292107942,0.00504750558384782,17,0.236923214285714,"West Gulf (WG)"
1,1,18,0.3066,132,0.0230083115683049,0.00200261647265444,18,0.3066125,"Florida Peninsula (FP)"
2,1,18,0.53705,132,0.0347971270448082,0.00302870115497641,18,0.537071428571429,"Central America (CA)"
3,1,18,0.41605,220,0.070148886811817,0.00472943698404765,18,0.416842857142857,"Caribbean (C)"
4,1,18,0.2559,286,0.0502196154976752,0.00296954811655808,18,0.2559,"Southeast US (SUS)"
5,1,18,0.508775,132,0.0830572297904193,0.00722920393604498,18,0.509,"South Gulf (SG)"
6,1,18,0.23685,66,0.0407476829172996,0.00501569304424349,18,0.236666071428571,"West Gulf (WG)"
1,1,19,0.3066,132,0.0229871156373255,0.0020007716036641,19,0.306603571428571,"Florida Peninsula (FP)"
2,1,19,0.53705,132,0.034972451722696,0.00304396120945536,19,0.537064285714286,"Central America (CA)"
3,1,19,0.416,220,0.0706630265497826,0.00476410027810998,19,0.416292857142857,"Caribbean (C)"
4,1,19,0.2559,286,0.0501252201914302,0.00296396640508749,19,0.2559,"Southeast US (SUS)"
5,1,19,0.507825,132,0.083303795451458,0.00725066472220137,19,0.507885714285714,"South Gulf (SG)"
6,1,19,0.236825,66,0.04037622607711,0.00496996986795008,19,0.236448214285714,"West Gulf (WG)"
1,1,20,0.3066,132,0.0229443777242311,0.00199705174579814,20,0.306467857142857,"Florida Peninsula (FP)"
2,1,20,0.53705,132,0.0349020952467758,0.00303783746425062,20,0.537064285714286,"Central America (CA)"
3,1,20,0.416,220,0.0712468201046347,0.00480345963154881,20,0.415464285714286,"Caribbean (C)"
4,1,20,0.2559,286,0.0500337703360938,0.00295855886178031,20,0.2559,"Southeast US (SUS)"
5,1,20,0.506875,132,0.0835668661569933,0.00727356208808646,20,0.506692857142857,"South Gulf (SG)"
6,1,20,0.235875,66,0.0398388069715604,0.0049038181489672,20,0.236171428571429,"West Gulf (WG)"
1,1,21,0.3066,132,0.0228406843996273,0.0019880264003555,21,0.306335714285714,"Florida Peninsula (FP)"
2,1,21,0.53705,132,0.0349314362151406,0.00304039126774883,21,0.537057142857143,"Central America (CA)"
3,1,21,0.416,220,0.0716709139268917,0.00483205203121253,21,0.414767857142857,"Caribbean (C)"
4,1,21,0.2559,286,0.050041003350236,0.00295898655887257,21,0.2559,"Southeast US (SUS)"
5,1,21,0.5054,132,0.0836978566456377,0.00728496334669432,21,0.505575,"South Gulf (SG)"
6,1,21,0.23605,66,0.0394731279644096,0.00485880617475717,21,0.235825,"West Gulf (WG)"
1,1,22,0.3066,132,0.022533492193046,0.00196128875073073,22,0.306141071428571,"Florida Peninsula (FP)"
2,1,22,0.53705,132,0.0347859155212729,0.00302772531710806,22,0.537057142857143,"Central America (CA)"
3,1,22,0.41505,220,0.0720000308892405,0.00485424109228751,22,0.414203571428571,"Caribbean (C)"
4,1,22,0.2559,286,0.0500044226783228,0.00295682349839699,22,0.2559,"Southeast US (SUS)"
5,1,22,0.504825,132,0.0838379376649955,0.00729715583444117,22,0.504592857142857,"South Gulf (SG)"
6,1,22,0.2354,66,0.039336662327873,0.00484200841608843,22,0.235542857142857,"West Gulf (WG)"
1,1,23,0.305675,132,0.0223355673906281,0.00194406160790053,23,0.305880357142857,"Florida Peninsula (FP)"
2,1,23,0.5371,132,0.0347395597703345,0.00302369056687635,23,0.537057142857143,"Central America (CA)"
3,1,23,0.41215,220,0.0723272985592348,0.00487630547409739,23,0.413646428571429,"Caribbean (C)"
4,1,23,0.2559,286,0.049893392387656,0.00295025813967684,23,0.2559,"Southeast US (SUS)"
5,1,23,0.5034,132,0.0842589216873709,0.00733379779034612,23,0.503746428571429,"South Gulf (SG)"
6,1,23,0.2349,66,0.0393853706303687,0.0048480039936657,23,0.235271428571429,"West Gulf (WG)"
1,1,24,0.305675,132,0.0222211217607376,0.00193410039440768,24,0.305403571428571,"Florida Peninsula (FP)"
2,1,24,0.53705,132,0.0347381280214023,0.00302356594912733,24,0.536953571428571,"Central America (CA)"
3,1,24,0.412125,220,0.0726873963913594,0.00490058326498656,24,0.412946428571429,"Caribbean (C)"
4,1,24,0.2559,286,0.0498025730066936,0.00294488787710092,24,0.2559,"Southeast US (SUS)"
5,1,24,0.501925,132,0.084640224061467,0.00736698590209262,24,0.503035714285714,"South Gulf (SG)"
6,1,24,0.234875,66,0.0393149445001086,0.00483933513628809,24,0.235135714285714,"West Gulf (WG)"
1,1,25,0.3052375,132,0.0220484744975772,0.00191907337896861,25,0.304926785714286,"Florida Peninsula (FP)"
2,1,25,0.53705,132,0.034654590333261,0.00301629492665953,25,0.536853571428571,"Central America (CA)"
3,1,25,0.4121,220,0.0730898029124046,0.00492771350710087,25,0.412110714285714,"Caribbean (C)"
4,1,25,0.2559,286,0.0498103396983277,0.00294534713120482,25,0.2559,"Southeast US (SUS)"
5,1,25,0.5019,132,0.0849063861392984,0.00739015233739921,25,0.502471428571429,"South Gulf (SG)"
6,1,25,0.234875,66,0.0390304061936734,0.00480431089190824,25,0.234896428571429,"West Gulf (WG)"
1,1,26,0.304775,132,0.0221155085158332,0.00192490794135226,26,0.304383928571429,"Florida Peninsula (FP)"
2,1,26,0.53705,132,0.03460086719214,0.00301161892742107,26,0.536757142857143,"Central America (CA)"
3,1,26,0.4121,220,0.0735192238899935,0.00495666506350379,26,0.411132142857143,"Caribbean (C)"
4,1,26,0.2559,286,0.0497358227187926,0.00294094084983375,26,0.2559,"Southeast US (SUS)"
5,1,26,0.5019,132,0.0855799759615427,0.00744878080606516,26,0.501714285714286,"South Gulf (SG)"
6,1,26,0.234925,66,0.038957957110888,0.0047953930262881,26,0.23475,"West Gulf (WG)"
1,1,27,0.3032625,132,0.0222449133969464,0.00193617119053897,27,0.303973214285714,"Florida Peninsula (FP)"
2,1,27,0.536325,132,0.0344777347675416,0.00300090162549795,27,0.536653571428571,"Central America (CA)"
3,1,27,0.4111,220,0.0739939021998564,0.00498866786862617,27,0.410567857142857,"Caribbean (C)"
4,1,27,0.2559,286,0.049681709817227,0.00293774108688588,27,0.2559,"Southeast US (SUS)"
5,1,27,0.5019,132,0.0860196138529514,0.00748704637286803,27,0.500957142857143,"South Gulf (SG)"
6,1,27,0.234925,66,0.0392103778208611,0.00482646386783275,27,0.234671428571429,"West Gulf (WG)"
1,1,28,0.3032625,132,0.0222485818943281,0.00193649049225151,28,0.3035625,"Florida Peninsula (FP)"
2,1,28,0.53635,132,0.0342726170697138,0.00298304842148151,28,0.536557142857143,"Central America (CA)"
3,1,28,0.41015,220,0.0743297532928962,0.00501131094469973,28,0.410007142857143,"Caribbean (C)"
4,1,28,0.2559,286,0.0497553501980282,0.00294209553388719,28,0.2559,"Southeast US (SUS)"
5,1,28,0.50145,132,0.0862437773762972,0.00750655730321543,28,0.500132142857143,"South Gulf (SG)"
6,1,28,0.234375,66,0.039070885075659,0.00480929349784503,28,0.234596428571429,"West Gulf (WG)"
1,1,29,0.3028,132,0.022258841924684,0.0019373835132687,29,0.303214285714286,"Florida Peninsula (FP)"
2,1,29,0.536375,132,0.0342370019978228,0.00297994852736577,29,0.536460714285714,"Central America (CA)"
3,1,29,0.4082,220,0.0747125083333823,0.00503711628426502,29,0.409446428571429,"Caribbean (C)"
4,1,29,0.2559,286,0.0497271582442947,0.00294042850871621,29,0.2559,"Southeast US (SUS)"
5,1,29,0.499525,132,0.0864892130564582,0.00752791973716059,29,0.499303571428571,"South Gulf (SG)"
6,1,29,0.234375,66,0.0387059742177921,0.00476437607627564,29,0.234521428571429,"West Gulf (WG)"
1,1,30,0.3028,132,0.0221773460058157,0.00193029020400543,30,0.302932142857143,"Florida Peninsula (FP)"
2,1,30,0.536375,132,0.0341385811264796,0.00297138209007549,30,0.536364285714286,"Central America (CA)"
3,1,30,0.4082,220,0.0750793246909437,0.00506184703804674,30,0.408882142857143,"Caribbean (C)"
4,1,30,0.2559,286,0.0496948248193719,0.00293851659322005,30,0.2559,"Southeast US (SUS)"
5,1,30,0.4981,132,0.0867741362679356,0.00755271911955127,30,0.498475,"South Gulf (SG)"
6,1,30,0.23435,66,0.0385800035784904,0.00474887016246437,30,0.2342375,"West Gulf (WG)"
1,1,31,0.3028,132,0.0220487362384531,0.00191909616058768,31,0.302866071428571,"Florida Peninsula (FP)"
2,1,31,0.536375,132,0.0340285414621785,0.00296180436666365,31,0.536371428571428,"Central America (CA)"
3,1,31,0.4082,220,0.0755064237292074,0.00509064204933229,31,0.408460714285714,"Caribbean (C)"
4,1,31,0.2559,286,0.0496555622597273,0.00293619494939844,31,0.2559,"Southeast US (SUS)"
5,1,31,0.49615,132,0.0874573169966752,0.00761218236947782,31,0.497639285714286,"South Gulf (SG)"
6,1,31,0.23435,66,0.038640175074668,0.00475627676164333,31,0.233891071428571,"West Gulf (WG)"
1,2,1,0.3028,132,0.0219322387047696,0.00190895635179357,32,0.302796428571429,"Florida Peninsula (FP)"
2,2,1,0.536375,132,0.034077980794225,0.00296610750818099,32,0.536492857142857,"Central America (CA)"
3,2,1,0.408175,220,0.075868242577203,0.00511503587108782,32,0.407966071428571,"Caribbean (C)"
4,2,1,0.2559,286,0.0496053175265133,0.00293322391604018,32,0.2559,"Southeast US (SUS)"
5,2,1,0.4961,132,0.0881244281359379,0.00767024694117021,32,0.496864285714286,"South Gulf (SG)"
6,2,1,0.23435,66,0.0382688551454185,0.00471057043792167,32,0.233623214285714,"West Gulf (WG)"
1,2,2,0.3028,132,0.0218547042227342,0.00190220784134933,33,0.302792857142857,"Florida Peninsula (FP)"
2,2,2,0.536375,132,0.0342804413642408,0.0029837294389069,33,0.536610714285714,"Central America (CA)"
3,2,2,0.40815,220,0.0762464434225527,0.00514053416687964,33,0.407583928571429,"Caribbean (C)"
4,2,2,0.2559,286,0.0495430183712605,0.00292954008976412,33,0.2559,"Southeast US (SUS)"
5,2,2,0.4961,132,0.0886452552035459,0.00771557911871395,33,0.496225,"South Gulf (SG)"
6,2,2,0.2329375,66,0.0379216486336523,0.00466783227071064,33,0.233351785714286,"West Gulf (WG)"
1,2,3,0.3028,132,0.021746480450298,0.00189278817103714,34,0.302858928571429,"Florida Peninsula (FP)"
2,2,3,0.536375,132,0.034196024888453,0.0029763819277923,34,0.536785714285714,"Central America (CA)"
3,2,3,0.40815,220,0.0766215916642354,0.00516582665617422,34,0.407026785714286,"Caribbean (C)"
4,2,3,0.2559,286,0.0495310791612586,0.00292883410947687,34,0.2559,"Southeast US (SUS)"
5,2,3,0.49605,132,0.0889934933018099,0.00774588935464408,34,0.495521428571429,"South Gulf (SG)"
6,2,3,0.2325,66,0.0377570357638943,0.00464756982713773,34,0.233083928571429,"West Gulf (WG)"
1,2,4,0.302775,132,0.0216270411730438,0.00188239231633042,35,0.302858928571429,"Florida Peninsula (FP)"
2,2,4,0.5372,132,0.0340641298425667,0.00296490193758227,35,0.537025,"Central America (CA)"
3,2,4,0.4066875,220,0.0771561406948426,0.00520186594446575,35,0.406458928571429,"Caribbean (C)"
4,2,4,0.2559,286,0.0495077378864988,0.00292745391096651,35,0.2559,"Southeast US (SUS)"
5,2,4,0.496025,132,0.0892979811853144,0.00777239162315777,35,0.494964285714286,"South Gulf (SG)"
6,2,4,0.2325,66,0.0376140279044995,0.00462996677650307,35,0.232819642857143,"West Gulf (WG)"
1,2,5,0.302775,132,0.0214842176821675,0.00186996112707684,36,0.302928571428571,"Florida Peninsula (FP)"
2,2,5,0.5372,132,0.0339880185748976,0.00295827730204844,36,0.537396428571429,"Central America (CA)"
3,2,5,0.405525,220,0.077406082436811,0.00521871701327163,36,0.405751785714286,"Caribbean (C)"
4,2,5,0.2559,286,0.049468790674267,0.00292515091402832,36,0.2559,"Southeast US (SUS)"
5,2,5,0.49505,132,0.0896157918908169,0.00780005349448352,36,0.494267857142857,"South Gulf (SG)"
6,2,5,0.232475,66,0.0377444265870161,0.00464601774475578,36,0.232555357142857,"West Gulf (WG)"
1,2,6,0.3032625,132,0.0214240361504752,0.00186472299709243,37,0.302998214285714,"Florida Peninsula (FP)"
2,2,6,0.5376,132,0.0339847434609753,0.00295799223997115,37,0.5377,"Central America (CA)"
3,2,6,0.4043,220,0.0776609419994935,0.00523589964148244,37,0.404908928571429,"Caribbean (C)"
4,2,6,0.2559,286,0.0494182635187414,0.00292216318068868,37,0.2559,"Southeast US (SUS)"
5,2,6,0.493175,132,0.0898399764331859,0.00781956625430207,37,0.493364285714286,"South Gulf (SG)"
6,2,6,0.232475,66,0.038344479631973,0.00471987916872622,37,0.232492857142857,"West Gulf (WG)"
1,2,7,0.3028,132,0.0213527806868421,0.00185852100505078,38,0.302994642857143,"Florida Peninsula (FP)"
2,2,7,0.53805,132,0.0340651724642403,0.00296499268615076,38,0.538071428571429,"Central America (CA)"
3,2,7,0.404225,220,0.0780986139734162,0.0052654074799447,38,0.404058928571429,"Caribbean (C)"
4,2,7,0.2559,286,0.0493553561049225,0.00291844338732961,38,0.2559,"Southeast US (SUS)"
5,2,7,0.49225,132,0.090280692559066,0.00785792566936961,38,0.492260714285714,"South Gulf (SG)"
6,2,7,0.2325,66,0.0380721400633645,0.00468635648517352,38,0.232560714285714,"West Gulf (WG)"
1,2,8,0.3032875,132,0.0212877889960683,0.00185286420445753,39,0.302994642857143,"Florida Peninsula (FP)"
2,2,8,0.538975,132,0.0340943472557952,0.00296753202581421,39,0.538339285714286,"Central America (CA)"
3,2,8,0.403225,220,0.0784971162876757,0.00529227450049121,39,0.403285714285714,"Caribbean (C)"
4,2,8,0.2559,286,0.0493166012717068,0.00291615176600112,39,0.255901785714286,"Southeast US (SUS)"
5,2,8,0.491225,132,0.0907325040755196,0.00789725081422863,39,0.491017857142857,"South Gulf (SG)"
6,2,8,0.2325,66,0.0377994459368859,0.00465279015856397,39,0.232828571428571,"West Gulf (WG)"
1,2,9,0.3032875,132,0.0211246467247694,0.00183866449237003,40,0.302998214285714,"Florida Peninsula (FP)"
2,2,9,0.5385,132,0.0341452902040149,0.00297196604032098,40,0.538610714285714,"Central America (CA)"
3,2,9,0.40225,220,0.0787379713138678,0.00530851294304444,40,0.402542857142857,"Caribbean (C)"
4,2,9,0.2559,286,0.0491378620455298,0.00290558269399232,40,0.256044642857143,"Southeast US (SUS)"
5,2,9,0.489775,132,0.0913158664388628,0.0079480259906204,40,0.489789285714286,"South Gulf (SG)"
6,2,9,0.2325,66,0.0376457451398781,0.00463387089829556,40,0.233096428571429,"West Gulf (WG)"
1,2,10,0.302775,132,0.0210879305542803,0.00183546875992283,41,0.302932142857143,"Florida Peninsula (FP)"
2,2,10,0.538975,132,0.0341732956367407,0.00297440360036245,41,0.538817857142857,"Central America (CA)"
3,2,10,0.4022,220,0.0789937466596354,0.00532575731333824,41,0.401971428571429,"Caribbean (C)"
4,2,10,0.2559,286,0.0488914152764222,0.00289100999103984,41,0.256451785714286,"Southeast US (SUS)"
5,2,10,0.488325,132,0.0917855223293324,0.00798890428887977,41,0.488814285714286,"South Gulf (SG)"
6,2,10,0.232975,66,0.0373684370757419,0.00459973663522045,41,0.233364285714286,"West Gulf (WG)"
1,2,11,0.302775,132,0.0208727859799711,0.00181674282832916,42,0.302932142857143,"Florida Peninsula (FP)"
2,2,11,0.539075,132,0.0342318685629464,0.00297950171921062,42,0.538982142857143,"Central America (CA)"
3,2,11,0.401275,220,0.0793348281165168,0.00534875302047006,42,0.401414285714286,"Caribbean (C)"
4,2,11,0.2559125,286,0.0488584102258042,0.00288905836148378,42,0.2569875,"Southeast US (SUS)"
5,2,11,0.487325,132,0.0921589505467915,0.00802140704326127,42,0.487967857142857,"South Gulf (SG)"
6,2,11,0.234375,66,0.0373817263394954,0.00460137243050988,42,0.233775,"West Gulf (WG)"
1,2,12,0.3028,132,0.0208433594750859,0.00181418157983247,43,0.303,"Florida Peninsula (FP)"
2,2,12,0.5391,132,0.0341685634326996,0.00297399171486896,43,0.538996428571429,"Central America (CA)"
3,2,12,0.400325,220,0.0796546421216304,0.0053703148762962,43,0.401003571428571,"Caribbean (C)"
4,2,12,0.2569,286,0.0487614002229924,0.00288332203976402,43,0.257533928571429,"Southeast US (SUS)"
5,2,12,0.48645,132,0.0924648844329301,0.00804803517014948,43,0.487128571428571,"South Gulf (SG)"
6,2,12,0.23435,66,0.0373997975244292,0.00460359683960714,43,0.234325,"West Gulf (WG)"
1,2,13,0.3028,132,0.0208515840331431,0.0018148974357264,44,0.303333928571429,"Florida Peninsula (FP)"
2,2,13,0.53905,132,0.0340443705765224,0.00296318211422407,44,0.539085714285714,"Central America (CA)"
3,2,13,0.4003,220,0.0798958109858187,0.00538657447780282,44,0.400607142857143,"Caribbean (C)"
4,2,13,0.25875,286,0.048658604270359,0.00287724358765906,44,0.258083928571429,"Southeast US (SUS)"
5,2,13,0.48635,132,0.0928264386052455,0.00807950442155832,44,0.486360714285714,"South Gulf (SG)"
6,2,13,0.23435,66,0.0371441462511443,0.00457212834320775,44,0.234878571428571,"West Gulf (WG)"
1,2,14,0.3028,132,0.0207121030838411,0.00180275717737392,45,0.303880357142857,"Florida Peninsula (FP)"
2,2,14,0.5392,132,0.0341604556496447,0.00297328602293437,45,0.539107142857143,"Central America (CA)"
3,2,14,0.400325,220,0.080191676988972,0.00540652175966617,45,0.400078571428571,"Caribbean (C)"
4,2,14,0.25965,286,0.0485225393141807,0.00286919789813426,45,0.258633928571429,"Southeast US (SUS)"
5,2,14,0.486325,132,0.0930672758664825,0.00810046661450978,45,0.4858,"South Gulf (SG)"
6,2,14,0.235375,66,0.0370828872984346,0.00456458788738288,45,0.235503571428571,"West Gulf (WG)"
1,2,15,0.3037625,132,0.0206511146122199,0.00179744881228385,46,0.304441071428571,"Florida Peninsula (FP)"
2,2,15,0.539075,132,0.0341894181247897,0.00297580688282632,46,0.538971428571429,"Central America (CA)"
3,2,15,0.40035,220,0.080498381930555,0.00542719980260937,46,0.399675,"Caribbean (C)"
4,2,15,0.259725,286,0.0481521482949074,0.00284729621802833,46,0.259183928571429,"Southeast US (SUS)"
5,2,15,0.48535,132,0.093148270797989,0.00810751631842025,46,0.485246428571429,"South Gulf (SG)"
6,2,15,0.23635,66,0.0372278001787376,0.00458242542988149,46,0.2362,"West Gulf (WG)"
1,2,16,0.305625,132,0.020461832988755,0.00178097396161972,47,0.305135714285714,"Florida Peninsula (FP)"
2,2,16,0.539125,132,0.0342228229476726,0.00297871439945886,47,0.538689285714286,"Central America (CA)"
3,2,16,0.399475,220,0.0808018656044602,0.00544766066773004,47,0.399403571428571,"Caribbean (C)"
4,2,16,0.25975,286,0.04798658113578,0.00283750602667226,47,0.259598214285714,"Southeast US (SUS)"
5,2,16,0.4844,132,0.0932589300132659,0.0081171479668229,47,0.484676785714286,"South Gulf (SG)"
6,2,16,0.236375,66,0.0370297027075857,0.00455804131679816,47,0.237035714285714,"West Gulf (WG)"
1,2,17,0.3066,132,0.020567597591067,0.0017901795886465,48,0.306026785714286,"Florida Peninsula (FP)"
2,2,17,0.539125,132,0.0342518281172256,0.00298123897542204,48,0.538410714285714,"Central America (CA)"
3,2,17,0.3985,220,0.0810670985971556,0.00546554267244964,48,0.398996428571429,"Caribbean (C)"
4,2,17,0.25975,286,0.048035977137865,0.00284042687350677,48,0.259883928571429,"Southeast US (SUS)"
5,2,17,0.4844,132,0.0933454122419976,0.00812467527865262,48,0.483976785714286,"South Gulf (SG)"
6,2,17,0.23735,66,0.0370801181976287,0.00456424703463601,48,0.237862321428571,"West Gulf (WG)"
1,2,18,0.3067,132,0.0205889684441524,0.00179203968265194,49,0.307126785714286,"Florida Peninsula (FP)"
2,2,18,0.538125,132,0.034429416242852,0.00299669603773935,49,0.538110714285714,"Central America (CA)"
3,2,18,0.39845,220,0.0813550631185336,0.00548495723652038,49,0.39845,"Caribbean (C)"
4,2,18,0.2597625,286,0.0479344384528056,0.00283442276519197,49,0.260180357142857,"Southeast US (SUS)"
5,2,18,0.48345,132,0.093746480154424,0.00815958375968974,49,0.483141071428571,"South Gulf (SG)"
6,2,18,0.23925,66,0.0374350628126426,0.00460793769651315,49,0.238905178571429,"West Gulf (WG)"
1,2,19,0.3076625,132,0.0205497193000177,0.00178862348314732,50,0.308089285714286,"Florida Peninsula (FP)"
2,2,19,0.537125,132,0.0344545753650846,0.00299888585825143,50,0.537828571428571,"Central America (CA)"
3,2,19,0.398425,220,0.0815737167811156,0.00549969886344436,50,0.3979,"Caribbean (C)"
4,2,19,0.2598,286,0.0477294334361017,0.00282230056443027,50,0.2604625,"Southeast US (SUS)"
5,2,19,0.4824625,132,0.093802315618815,0.00816444361306993,50,0.482301785714286,"South Gulf (SG)"
6,2,19,0.2402,66,0.0374970435846153,0.00461556700214732,50,0.240012321428571,"West Gulf (WG)"
1,2,20,0.3090375,132,0.0203660966390142,0.00177264118194341,51,0.308785714285714,"Florida Peninsula (FP)"
2,2,20,0.5371,132,0.0345512578239092,0.00300730098615354,51,0.537539285714286,"Central America (CA)"
3,2,20,0.39745,220,0.0818425745811212,0.00551782525262296,51,0.397475,"Caribbean (C)"
4,2,20,0.26075,286,0.0474398915071022,0.00280517959125268,51,0.261026785714286,"Southeast US (SUS)"
5,2,20,0.48145,132,0.0944377849853451,0.00821975412194854,51,0.4814625,"South Gulf (SG)"
6,2,20,0.24013625,66,0.0372402639704705,0.00458395961658914,51,0.241115892857143,"West Gulf (WG)"
1,2,21,0.3105,132,0.020386962774212,0.00177445734589545,52,0.309342857142857,"Florida Peninsula (FP)"
2,2,21,0.5371,132,0.0346574614188005,0.00301654482257992,52,0.537185714285714,"Central America (CA)"
3,2,21,0.3965,220,0.0820433889737557,0.00553136415621244,52,0.397189285714286,"Caribbean (C)"
4,2,21,0.261725,286,0.047373288591739,0.00280124127830634,52,0.261591071428571,"Southeast US (SUS)"
5,2,21,0.480475,132,0.0946029449518233,0.00823412945185966,52,0.480210714285714,"South Gulf (SG)"
6,2,21,0.242675,66,0.0372495385621276,0.00458510123990444,52,0.242080178571429,"West Gulf (WG)"
1,2,22,0.3105,132,0.0205140547674841,0.00178551928403522,53,0.309889285714286,"Florida Peninsula (FP)"
2,2,22,0.5371,132,0.0347367223656598,0.00302344360249896,53,0.537039285714286,"Central America (CA)"
3,2,22,0.3965,220,0.0823045251110862,0.00554896995099967,53,0.396910714285714,"Caribbean (C)"
4,2,22,0.2617,286,0.047036789113059,0.00278134364700761,53,0.262153571428571,"Southeast US (SUS)"
5,2,22,0.479475,132,0.0950457319928078,0.00827266911695073,53,0.479396428571429,"South Gulf (SG)"
6,2,22,0.2441,66,0.0373629627041819,0.00459906278666296,53,0.242914107142857,"West Gulf (WG)"
1,2,23,0.3105,132,0.0206237893738065,0.00179507045555813,54,0.310305357142857,"Florida Peninsula (FP)"
2,2,23,0.5371,132,0.0349337834276128,0.00304059556637142,54,0.537035714285714,"Central America (CA)"
3,2,23,0.3965,220,0.0826636080813491,0.00557317931991609,54,0.396635714285714,"Caribbean (C)"
4,2,23,0.2637,286,0.0465880730234913,0.0027548105084035,54,0.262989285714286,"Southeast US (SUS)"
5,2,23,0.478525,132,0.0954104262196305,0.00830441167502367,54,0.478416071428571,"South Gulf (SG)"
6,2,23,0.2441,66,0.0373258418558263,0.00459449352609244,54,0.243764107142857,"West Gulf (WG)"
1,2,24,0.3105,132,0.0211529605425675,0.00184112889388676,55,0.310528571428571,"Florida Peninsula (FP)"
2,2,24,0.53665,132,0.0349572622472924,0.00304263913531864,55,0.536910714285714,"Central America (CA)"
3,2,24,0.3965,220,0.0828222604577491,0.00558387566095093,55,0.396221428571429,"Caribbean (C)"
4,2,24,0.2637,286,0.0460027029409912,0.00272019684980115,55,0.263967857142857,"Southeast US (SUS)"
5,2,24,0.4756375,132,0.0954624274908367,0.00830893780472281,55,0.477091071428571,"South Gulf (SG)"
6,2,24,0.2441,66,0.0384769181340353,0.00473618122140813,55,0.244691071428571,"West Gulf (WG)"
1,2,25,0.310525,132,0.0215156798888203,0.00187269956066949,56,0.310551785714286,"Florida Peninsula (FP)"
2,2,25,0.5371,132,0.0349533937390069,0.00304230242489144,56,0.536653571428571,"Central America (CA)"
3,2,25,0.3965,220,0.0830373055196262,0.00559837399606502,56,0.395596428571429,"Caribbean (C)"
4,2,25,0.2637,286,0.0455144882627158,0.00269132811068435,56,0.265010714285714,"Southeast US (SUS)"
5,2,25,0.47775,132,0.0953096831440047,0.00829564311579432,56,0.475730357142857,"South Gulf (SG)"
6,2,25,0.2450875,66,0.0395092771764299,0.00486325583516247,56,0.245323214285714,"West Gulf (WG)"
1,2,26,0.310575,132,0.0215046514919492,0.00187173966193136,57,0.312780357142857,"Florida Peninsula (FP)"
2,2,26,0.5371,132,0.0351036063490349,0.00305537675441577,57,0.537514285714286,"Central America (CA)"
3,2,26,0.3965,220,0.0832806398804821,0.00561477959532719,57,0.395596428571429,"Caribbean (C)"
4,2,26,0.26565,286,0.0452183972111037,0.00267381987976838,57,0.266967857142857,"Southeast US (SUS)"
5,2,26,0.4756,132,0.0954471279762672,0.00830760615290605,57,0.4772,"South Gulf (SG)"
6,2,26,0.24615,66,0.0400523970509441,0.00493010927029693,57,0.250351785714286,"West Gulf (WG)"
1,2,27,0.3106,132,0.0215411800843157,0.00187491906779862,58,0.313073214285714,"Florida Peninsula (FP)"
2,2,27,0.536225,132,0.0352582598073328,0.00306883761016874,58,0.537242857142857,"Central America (CA)"
3,2,27,0.39455,220,0.083800741481206,0.00564984483809468,58,0.395039285714286,"Caribbean (C)"
4,2,27,0.2676,286,0.0450189980776257,0.00266202916183087,58,0.267932142857143,"Southeast US (SUS)"
5,2,27,0.472175,132,0.095815363531508,0.00833965694405399,58,0.475978571428571,"South Gulf (SG)"
6,2,27,0.246625,66,0.0405886839823512,0.00499612162827657,58,0.250780357142857,"West Gulf (WG)"
1,2,28,0.3106625,132,0.0217560331229004,0.00189361962446451,59,0.313630357142857,"Florida Peninsula (FP)"
2,2,28,0.5353,132,0.0354204050830424,0.00308295054492866,59,0.537028571428571,"Central America (CA)"
3,2,28,0.392125,220,0.0842733586712704,0.0056817086825486,59,0.394478571428571,"Caribbean (C)"
4,2,28,0.269025,286,0.0447748581796474,0.00264759286702787,59,0.268939892857143,"Southeast US (SUS)"
5,2,28,0.47095,132,0.0960421359089914,0.00835939494600789,59,0.475169642857143,"South Gulf (SG)"
6,2,28,0.2471,66,0.0410311309611091,0.00505058308657118,59,0.251480357142857,"West Gulf (WG)"
1,2,29,0.3261,30,0.0203867001358278,0.00372208517916217,60,0.314198214285714,"Florida Peninsula (FP)"
2,2,29,0.543125,30,0.0384556882890114,0.00702101598009293,60,0.536757142857143,"Central America (CA)"
3,2,29,0.3965,50,0.090246864526986,0.0127628339775711,60,0.393914285714286,"Caribbean (C)"
4,2,29,0.2754,65,0.0437177923098493,0.00542252476597829,60,0.270050607142857,"Southeast US (SUS)"
5,2,29,0.4897625,30,0.0984581022780523,0.01797590786228,60,0.474026785714286,"South Gulf (SG)"
6,2,29,0.2793,15,0.0458425837773238,0.0118365042344462,60,0.252603571428571,"West Gulf (WG)"
1,3,1,0.31255,132,0.0218561687231262,0.00190233530974702,63,0.3147625,"Florida Peninsula (FP)"
2,3,1,0.5352,132,0.0358388583844336,0.00311937222984521,63,0.536485714285714,"Central America (CA)"
3,3,1,0.3926,220,0.0849891559567001,0.00572996772568743,63,0.393210714285714,"Caribbean (C)"
4,3,1,0.27045,286,0.04443174965786,0.00262730443481763,63,0.270893464285714,"Southeast US (SUS)"
5,3,1,0.469975,132,0.0961460921770104,0.00836844317773721,63,0.473183928571429,"South Gulf (SG)"
6,3,1,0.2471,66,0.0413660335899592,0.00509180675048924,63,0.25385,"West Gulf (WG)"
1,3,2,0.3144,132,0.0219565972715363,0.00191107649289615,64,0.315669642857143,"Florida Peninsula (FP)"
2,3,2,0.53515,132,0.0360284693725138,0.00313587574801942,64,0.536260714285714,"Central America (CA)"
3,3,2,0.392575,220,0.0856611550504735,0.00577527389534717,64,0.39265,"Caribbean (C)"
4,3,2,0.27075425,286,0.0439813323498014,0.00260067070105532,64,0.271824607142857,"Southeast US (SUS)"
5,3,2,0.469975,132,0.0964116477262762,0.00839155682150832,64,0.472823214285714,"South Gulf (SG)"
6,3,2,0.249,66,0.0416135972926598,0.00512227973576702,64,0.255171428571429,"West Gulf (WG)"
1,3,3,0.3145,132,0.0219842084294513,0.00191347973572019,65,0.316767857142857,"Florida Peninsula (FP)"
2,3,3,0.5352,132,0.0360987593210226,0.00314199370275626,65,0.53605,"Central America (CA)"
3,3,3,0.39255,220,0.086121688409104,0.00580632304805201,65,0.392301785714286,"Caribbean (C)"
4,3,3,0.271475,286,0.0434482330099422,0.00256914787626009,65,0.272735321428571,"Southeast US (SUS)"
5,3,3,0.46975,132,0.0964885876418635,0.00839825358158575,65,0.472598214285714,"South Gulf (SG)"
6,3,3,0.25295,66,0.042083241539582,0.00518008894635054,65,0.2566375,"West Gulf (WG)"
1,3,4,0.314525,132,0.0219083951374978,0.00190688103564341,66,0.315667857142857,"Florida Peninsula (FP)"
2,3,4,0.5352,132,0.0366411610404691,0.00318920371271005,66,0.53465,"Central America (CA)"
3,3,4,0.391575,220,0.086343050402656,0.00582124727061274,66,0.391198214285714,"Caribbean (C)"
4,3,4,0.27155,286,0.0432984691677089,0.00256029215462173,66,0.272747821428571,"Southeast US (SUS)"
5,3,4,0.4697,132,0.0967069956332058,0.00841726355717318,66,0.469621428571429,"South Gulf (SG)"
6,3,4,0.254875,66,0.0425229310642738,0.00523421098551285,66,0.2539875,"West Gulf (WG)"
1,3,5,0.31695,132,0.0227009872149105,0.00197586732112594,67,0.316576785714286,"Florida Peninsula (FP)"
2,3,5,0.53465,132,0.0369107414469593,0.00321266767533675,67,0.534357142857143,"Central America (CA)"
3,3,5,0.390625,220,0.0865183199454872,0.00583306394077982,67,0.390714285714286,"Caribbean (C)"
4,3,5,0.274118,286,0.043218404832697,0.00255555785124482,67,0.274012107142857,"Southeast US (SUS)"
5,3,5,0.46965,132,0.0970625412303303,0.00844820982923958,67,0.469385714285714,"South Gulf (SG)"
6,3,5,0.255875,66,0.0431789786270723,0.00531496485817108,67,0.256291071428571,"West Gulf (WG)"
1,3,6,0.31835,132,0.0230923109879766,0.00200992768369349,68,0.317551785714286,"Florida Peninsula (FP)"
2,3,6,0.533825,132,0.0369696712365876,0.00321779685515898,68,0.533985714285714,"Central America (CA)"
3,3,6,0.3896875,220,0.0864978940317662,0.00583168682595768,68,0.390425,"Caribbean (C)"
4,3,6,0.2754,286,0.04295471093159,0.00253996530399769,68,0.275232928571429,"Southeast US (SUS)"
5,3,6,0.469375,132,0.0973098014552921,0.0084697310694258,68,0.469007142857143,"South Gulf (SG)"
6,3,6,0.2573625,66,0.0459022645875277,0.00565017818740662,68,0.258480357142857,"West Gulf (WG)"
1,3,7,0.3184,132,0.023350611766961,0.00203240988076205,69,0.318655357142857,"Florida Peninsula (FP)"
2,3,7,0.533325,132,0.0371519003285994,0.00323365786175115,69,0.533696428571429,"Central America (CA)"
3,3,7,0.388775,220,0.0865615757927563,0.00583598024940778,69,0.390078571428571,"Caribbean (C)"
4,3,7,0.2754875,286,0.0431672633372989,0.00255253379122699,69,0.276350785714286,"Southeast US (SUS)"
5,3,7,0.468925,132,0.0974866757220649,0.00848512599830515,69,0.468639285714286,"South Gulf (SG)"
6,3,7,0.26075,66,0.046234770480587,0.00569110683354269,69,0.260248214285714,"West Gulf (WG)"
1,3,8,0.3189125,132,0.0234941723434614,0.00204490522508447,70,0.319764285714286,"Florida Peninsula (FP)"
2,3,8,0.53315,132,0.0372402309763706,0.00324134605780768,70,0.533396428571429,"Central America (CA)"
3,3,8,0.3892125,220,0.0867177983429553,0.00584651277159356,70,0.389664285714286,"Caribbean (C)"
4,3,8,0.2793,286,0.0430251330263363,0.00254412944975519,70,0.277738285714286,"Southeast US (SUS)"
5,3,8,0.468325,132,0.097623970241842,0.00849707595239433,70,0.468246428571429,"South Gulf (SG)"
6,3,8,0.263225,66,0.046717745116574,0.00575055690159153,70,0.261996428571429,"West Gulf (WG)"
1,3,9,0.321225,132,0.0237539510356067,0.00206751605798242,71,0.320803571428571,"Florida Peninsula (FP)"
2,3,9,0.53255,132,0.0371370551013699,0.00323236575057203,71,0.532992857142857,"Central America (CA)"
3,3,9,0.39055,220,0.0868949130300776,0.00585845384136337,71,0.389375,"Caribbean (C)"
4,3,9,0.2793,286,0.0430090657078038,0.00254317936929334,71,0.279035714285714,"Southeast US (SUS)"
5,3,9,0.467325,132,0.0979118419955965,0.00852213197244905,71,0.4678,"South Gulf (SG)"
6,3,9,0.264325,66,0.047494754296765,0.00584620012008588,71,0.264016071428571,"West Gulf (WG)"
1,3,10,0.322225,132,0.0239979277694267,0.00208875150694798,72,0.321917857142857,"Florida Peninsula (FP)"
2,3,10,0.533175,132,0.0377462915002103,0.00328539297268855,72,0.532707142857143,"Central America (CA)"
3,3,10,0.390125,220,0.0871193919154301,0.00587358820472642,72,0.389219642857143,"Caribbean (C)"
4,3,10,0.2793,286,0.0425822839933449,0.00251794323747923,72,0.280282142857143,"Southeast US (SUS)"
5,3,10,0.467175,132,0.0984409818842691,0.00856818768819544,72,0.467392857142857,"South Gulf (SG)"
6,3,10,0.265325,66,0.0482736927824291,0.00594208081966745,72,0.2661,"West Gulf (WG)"
1,3,11,0.3222875,132,0.0243825100523136,0.00212222509811149,73,0.323028571428571,"Florida Peninsula (FP)"
2,3,11,0.5331,132,0.0380123025456975,0.00330854626231691,73,0.532492857142857,"Central America (CA)"
3,3,11,0.388675,220,0.087379361318955,0.00589111533833654,73,0.389194642857143,"Caribbean (C)"
4,3,11,0.2812625,286,0.0429175172285356,0.00253776599423081,73,0.281951785714286,"Southeast US (SUS)"
5,3,11,0.46695,132,0.0984509639684161,0.00856905651710037,73,0.466914285714286,"South Gulf (SG)"
6,3,11,0.2671125,66,0.0490072597472531,0.00603237667110082,73,0.267703571428571,"West Gulf (WG)"
1,3,12,0.324225,132,0.024820728461583,0.00216036711485262,74,0.324621428571429,"Florida Peninsula (FP)"
2,3,12,0.531825,132,0.0382712168791478,0.00333108186244709,74,0.532032142857143,"Central America (CA)"
3,3,12,0.3886,220,0.0879045343779454,0.00592652249875061,74,0.389242857142857,"Caribbean (C)"
4,3,12,0.2832,286,0.0430614523766509,0.00254627705796072,74,0.283619642857143,"Southeast US (SUS)"
5,3,12,0.466525,132,0.0981545508625673,0.00854325706777002,74,0.466353571428571,"South Gulf (SG)"
6,3,12,0.2700125,66,0.0497395282220493,0.00612251268946065,74,0.269028571428571,"West Gulf (WG)"
1,3,13,0.32615,132,0.0252925763518467,0.00220143620220499,75,0.3263,"Florida Peninsula (FP)"
2,3,13,0.531825,132,0.0383758666135558,0.00334019045267816,75,0.531653571428572,"Central America (CA)"
3,3,13,0.3886,220,0.0881253250551901,0.00594140820317377,75,0.389239285714286,"Caribbean (C)"
4,3,13,0.284125,286,0.0433351456842791,0.0025624608825107,75,0.285451785714286,"Southeast US (SUS)"
5,3,13,0.466525,132,0.0978516280589093,0.00851689102197186,75,0.465639285714286,"South Gulf (SG)"
6,3,13,0.27195,66,0.0506246663108085,0.00623146565652861,75,0.270408928571429,"West Gulf (WG)"
1,3,14,0.326175,132,0.0255038498924566,0.00221982520356241,76,0.327982142857143,"Florida Peninsula (FP)"
2,3,14,0.531825,132,0.0385932182960964,0.00335910848838551,76,0.531185714285714,"Central America (CA)"
3,3,14,0.3886,220,0.0882507048758564,0.00594986130895866,76,0.389171428571429,"Caribbean (C)"
4,3,14,0.287175,286,0.0443488012261668,0.00262239959122882,76,0.287691071428571,"Southeast US (SUS)"
5,3,14,0.465575,132,0.0975445032247824,0.00849015923636656,76,0.464682142857143,"South Gulf (SG)"
6,3,14,0.271975,66,0.0519566798279506,0.00639542518635826,76,0.271855357142857,"West Gulf (WG)"
1,3,15,0.3300625,132,0.0258079488311668,0.00224629361877705,77,0.329655357142857,"Florida Peninsula (FP)"
2,3,15,0.529925,132,0.0388741458416194,0.00338356009269452,77,0.530728571428571,"Central America (CA)"
3,3,15,0.38955,220,0.0884231227237809,0.00596148571789435,77,0.389171428571429,"Caribbean (C)"
4,3,15,0.290975,286,0.0450242727447568,0.00266234105943681,77,0.289925,"Southeast US (SUS)"
5,3,15,0.4644,132,0.0974572847808059,0.0084825678452248,77,0.463689285714286,"South Gulf (SG)"
6,3,15,0.2725,66,0.0530999092547452,0.00653614700103386,77,0.273474035714286,"West Gulf (WG)"
1,3,16,0.332975,132,0.026278153689769,0.00228721969857928,78,0.3314,"Florida Peninsula (FP)"
2,3,16,0.5299,132,0.0390732142699041,0.00340088677537982,78,0.530589285714286,"Central America (CA)"
3,3,16,0.390525,220,0.0886715779628867,0.00597823656669768,78,0.389178571428571,"Caribbean (C)"
4,3,16,0.292125,286,0.0451301916813198,0.00266860417745278,78,0.292235714285714,"Southeast US (SUS)"
5,3,16,0.462325,132,0.0975541932434924,0.00849100264423817,78,0.462614285714286,"South Gulf (SG)"
6,3,16,0.2739875,66,0.0539016320444704,0.00663483225457323,78,0.275082964285714,"West Gulf (WG)"
1,3,17,0.334,132,0.0260511364217909,0.00226746038164373,79,0.333067857142857,"Florida Peninsula (FP)"
2,3,17,0.5299,132,0.0392393428928132,0.0034153464160114,79,0.530582142857143,"Central America (CA)"
3,3,17,0.38965,220,0.0890847392076959,0.00600609189214024,79,0.389467857142857,"Caribbean (C)"
4,3,17,0.294975,286,0.0455486563255588,0.00269334851059495,79,0.294889285714286,"Southeast US (SUS)"
5,3,17,0.460475,132,0.0974707990082316,0.00848374410774095,79,0.461403571428571,"South Gulf (SG)"
6,3,17,0.27545,66,0.05414048145123,0.00666423258417081,79,0.276653160714286,"West Gulf (WG)"
1,3,18,0.334,132,0.0257692769590729,0.00224292766435429,80,0.334742857142857,"Florida Peninsula (FP)"
2,3,18,0.5299,132,0.0393914178931735,0.00342858284580749,80,0.530175,"Central America (CA)"
3,3,18,0.388675,220,0.089407866350603,0.00602787711967085,80,0.389485714285714,"Caribbean (C)"
4,3,18,0.2969,286,0.0457645844653463,0.00270611660916486,80,0.297389285714286,"Southeast US (SUS)"
5,3,18,0.46,132,0.0972615599927569,0.0084655321890668,80,0.46025,"South Gulf (SG)"
6,3,18,0.27844325,66,0.053284631050478,0.00655888468228698,80,0.278176375,"West Gulf (WG)"
1,3,19,0.3364375,132,0.0255418614444954,0.00222313368450149,81,0.336001785714286,"Florida Peninsula (FP)"
2,3,19,0.53085,132,0.0399635772922789,0.00347838292932213,81,0.530039285714286,"Central America (CA)"
3,3,19,0.38865,220,0.0895579456901343,0.00603799546667791,81,0.389507142857143,"Caribbean (C)"
4,3,19,0.299375,286,0.0457758327584924,0.00270678173468197,81,0.299632142857143,"Southeast US (SUS)"
5,3,19,0.459,132,0.0971421599269874,0.00845513974728175,81,0.4592,"South Gulf (SG)"
6,3,19,0.281275,66,0.0540685992589841,0.00665538449795239,81,0.279833517857143,"West Gulf (WG)"
1,3,20,0.337825,132,0.0256671566276237,0.00223403923039224,82,0.337255357142857,"Florida Peninsula (FP)"
2,3,20,0.531775,132,0.0408069954999139,0.00355179306160986,82,0.529907142857143,"Central America (CA)"
3,3,20,0.390625,220,0.0897801245720052,0.00605297476383787,82,0.389525,"Caribbean (C)"
4,3,20,0.3027,286,0.0454622157199982,0.00268823717043646,82,0.302258928571429,"Southeast US (SUS)"
5,3,20,0.45805,132,0.0969744144490786,0.00844053937748598,82,0.458439285714286,"South Gulf (SG)"
6,3,20,0.282941375,66,0.0550175638751746,0.00677219396744592,82,0.281546017857143,"West Gulf (WG)"
1,3,21,0.3379,132,0.0258207697605624,0.00224740953744523,83,0.338791071428571,"Florida Peninsula (FP)"
2,3,21,0.528975,132,0.0411071363632027,0.00357791697057878,83,0.529546428571429,"Central America (CA)"
3,3,21,0.388725,220,0.0899486990345119,0.00606434005178155,83,0.389457142857143,"Caribbean (C)"
4,3,21,0.304675,286,0.0455080572592347,0.00269094783747664,83,0.3047625,"Southeast US (SUS)"
5,3,21,0.4575,132,0.0967989506534558,0.00842526721436242,83,0.457696428571429,"South Gulf (SG)"
6,3,21,0.2826375,66,0.0563348273465182,0.00693433789214622,83,0.283224589285714,"West Gulf (WG)"
1,3,22,0.338875,132,0.0258040968431785,0.00224595834625716,84,0.3404625,"Florida Peninsula (FP)"
2,3,22,0.528975,132,0.041716699557674,0.00363097263660399,84,0.529185714285714,"Central America (CA)"
3,3,22,0.3897,220,0.0901003572322748,0.00607456484538886,84,0.389732142857143,"Caribbean (C)"
4,3,22,0.306675,286,0.0457124702137631,0.00270303502886798,84,0.307416071428571,"Southeast US (SUS)"
5,3,22,0.45705,132,0.0969101131791843,0.00843494267031689,84,0.457151785714286,"South Gulf (SG)"
6,3,22,0.2841,66,0.0579719098140491,0.00713584881393072,84,0.284475553571429,"West Gulf (WG)"
1,3,23,0.34175,132,0.0258242072492559,0.0022477087324323,85,0.342342857142857,"Florida Peninsula (FP)"
2,3,23,0.528975,132,0.0429351315578492,0.00373702352986995,85,0.528685714285714,"Central America (CA)"
3,3,23,0.39065,220,0.0902575647268658,0.00608516377251201,85,0.39015,"Caribbean (C)"
4,3,23,0.3105125,286,0.0458939893762027,0.00271376848195399,85,0.310136571428571,"Southeast US (SUS)"
5,3,23,0.457,132,0.0967198736456212,0.00841838444428051,85,0.456751785714286,"South Gulf (SG)"
6,3,23,0.285975,66,0.0591750561994557,0.00728394589637681,85,0.285586267857143,"West Gulf (WG)"
1,3,24,0.34475,138,0.025518890186449,0.002172312192893,86,0.344197375,"Florida Peninsula (FP)"
2,3,24,0.527375,138,0.0456106456299523,0.00388263599646199,86,0.527985714285714,"Central America (CA)"
3,3,24,0.389175,230,0.0908303757176587,0.0059891776139427,86,0.390417857142857,"Caribbean (C)"
4,3,24,0.3125,299,0.0467676391381312,0.002704642404639,86,0.312929428571429,"Southeast US (SUS)"
5,3,24,0.455275,138,0.0956092705417531,0.00813880159497473,86,0.456455357142857,"South Gulf (SG)"
6,3,24,0.2872,69,0.0593862233218095,0.00714926115613804,86,0.2867375,"West Gulf (WG)"
1,3,25,0.3457,138,0.0262245903676174,0.00223238538169073,87,0.346424160714286,"Florida Peninsula (FP)"
2,3,25,0.527375,138,0.0457220587861891,0.00389212011414789,87,0.527482142857143,"Central America (CA)"
3,3,25,0.3906,230,0.0913464019828553,0.0060232033782457,87,0.390957142857143,"Caribbean (C)"
4,3,25,0.315475,299,0.0470927374447771,0.00272344332514803,87,0.315997285714286,"Southeast US (SUS)"
5,3,25,0.4561875,138,0.0954749709779191,0.00812736925689556,87,0.456380357142857,"South Gulf (SG)"
6,3,25,0.2872,69,0.0604170711300455,0.00727336064893412,87,0.288196428571429,"West Gulf (WG)"
1,3,26,0.3496,138,0.0264018742979705,0.0022474767920419,88,0.348513446428571,"Florida Peninsula (FP)"
2,3,26,0.52735,138,0.0459214862567235,0.0039090965078184,88,0.526967857142857,"Central America (CA)"
3,3,26,0.391575,230,0.0916804376766895,0.00604522903963885,88,0.391357142857143,"Caribbean (C)"
4,3,26,0.3184185,299,0.0474135973620779,0.00274199913327248,88,0.319343714285714,"Southeast US (SUS)"
5,3,26,0.4562,138,0.0954193301453466,0.00812263279468514,88,0.456369642857143,"South Gulf (SG)"
6,3,26,0.28905,69,0.0625594270344743,0.00753126999210212,88,0.289725,"West Gulf (WG)"
1,3,27,0.350806625,138,0.0264992153959544,0.0022557630165789,89,0.350200946428571,"Florida Peninsula (FP)"
2,3,27,0.526875,138,0.0460073901188031,0.00391640913017967,89,0.526246428571429,"Central America (CA)"
3,3,27,0.3925,230,0.0918087648820864,0.00605369068498327,89,0.391628571428571,"Caribbean (C)"
4,3,27,0.32225,299,0.047658251717553,0.00275614785996666,89,0.322838357142857,"Southeast US (SUS)"
5,3,27,0.455975,138,0.0954549607583439,0.00812566587388603,89,0.456366071428571,"South Gulf (SG)"
6,3,27,0.291,69,0.0636268431774843,0.0076597717950759,89,0.29155,"West Gulf (WG)"
1,3,28,0.3534875,138,0.0269784196832658,0.00229655559449303,90,0.351733089285714,"Florida Peninsula (FP)"
2,3,28,0.52545,138,0.0465001406613007,0.00395835484191326,90,0.525689285714286,"Central America (CA)"
3,3,28,0.3925,230,0.0919472964814202,0.00606282518813816,90,0.392114285714286,"Caribbean (C)"
4,3,28,0.32615,299,0.047697268880705,0.00275840428077204,90,0.326466928571429,"Southeast US (SUS)"
5,3,28,0.456975,138,0.0955666595270626,0.00813517430452098,90,0.4566125,"South Gulf (SG)"
6,3,28,0.29285,69,0.0649696232470652,0.00782142351925896,90,0.293207142857143,"West Gulf (WG)"
1,3,29,0.3535,138,0.0271638001613483,0.00231233622875733,91,0.353325946428571,"Florida Peninsula (FP)"
2,3,29,0.525375,138,0.0471292126278044,0.00401190500389362,91,0.525057142857143,"Central America (CA)"
3,3,29,0.3925,230,0.0922361280639699,0.00608187017870149,91,0.392407142857143,"Caribbean (C)"
4,3,29,0.3301,299,0.0477857329144543,0.00276352028793795,91,0.330213357142857,"Southeast US (SUS)"
5,3,29,0.456975,138,0.0956655786651123,0.00814359486074917,91,0.456728571428571,"South Gulf (SG)"
6,3,29,0.2948,69,0.065557004621137,0.00789213592706329,91,0.295135714285714,"West Gulf (WG)"
1,3,30,0.3535625,138,0.0274714721770994,0.00233852701003132,92,0.354440232142857,"Florida Peninsula (FP)"
2,3,30,0.523925,138,0.0475739389582665,0.00404976262321424,92,0.524357142857143,"Central America (CA)"
3,3,30,0.39255,230,0.0924726258555991,0.00609746438128164,92,0.392625,"Caribbean (C)"
4,3,30,0.334975,299,0.0480480074676798,0.00277868801697847,92,0.334125,"Southeast US (SUS)"
5,3,30,0.456975,138,0.0956735046170978,0.00814426956258818,92,0.456839285714286,"South Gulf (SG)"
6,3,30,0.29875,69,0.0660178761074958,0.00794761833411151,92,0.297642857142857,"West Gulf (WG)"
1,3,31,0.355475,138,0.0275120007820002,0.00234197703399174,93,0.355382142857143,"Florida Peninsula (FP)"
2,3,31,0.523475,138,0.0482196506512041,0.00410472925277428,93,0.523725,"Central America (CA)"
3,3,31,0.392575,230,0.0927103646798774,0.00611314041513136,93,0.392967857142857,"Caribbean (C)"
4,3,31,0.3379,299,0.0481546352389272,0.00278485446020593,93,0.338310714285714,"Southeast US (SUS)"
5,3,31,0.457,138,0.0955641255121154,0.00813495859484369,93,0.456914285714286,"South Gulf (SG)"
6,3,31,0.2988,69,0.0664735094903687,0.00800247014760301,93,0.300014285714286,"West Gulf (WG)"
1,4,1,0.35685,138,0.0272568307490763,0.00232025551829371,94,0.355941071428571,"Florida Peninsula (FP)"
2,4,1,0.52295,138,0.0503749710284755,0.00428820230747726,94,0.5233,"Central America (CA)"
3,4,1,0.39265,230,0.0931175133930106,0.00613998700625219,94,0.3933875,"Caribbean (C)"
4,4,1,0.3417,299,0.0484351314759229,0.00280107597642742,94,0.342256928571429,"Southeast US (SUS)"
5,4,1,0.457,138,0.095633586649708,0.00814087151954467,94,0.456782142857143,"South Gulf (SG)"
6,4,1,0.3007,69,0.0671546533914197,0.00808447023720521,94,0.301518,"West Gulf (WG)"
1,4,2,0.3574,138,0.0271827207624696,0.00231394685728437,95,0.3565125,"Florida Peninsula (FP)"
2,4,2,0.52245,138,0.052215981280645,0.00444491950751256,95,0.522875,"Central America (CA)"
3,4,2,0.3931,230,0.093230835247243,0.00614745922804117,95,0.393944642857143,"Caribbean (C)"
4,4,2,0.3458,299,0.0489156805037683,0.00282886684426191,95,0.346171214285714,"Southeast US (SUS)"
5,4,2,0.456975,138,0.0955904513614142,0.00813719959995804,95,0.456582142857143,"South Gulf (SG)"
6,4,2,0.3066,69,0.0676142233296177,0.00813979595626774,95,0.303346571428571,"West Gulf (WG)"
1,4,3,0.3574,138,0.0270152963957282,0.00229969474872469,96,0.357617857142857,"Florida Peninsula (FP)"
2,4,3,0.52245,138,0.0534944066939595,0.00455374630572975,96,0.522517857142857,"Central America (CA)"
3,4,3,0.3949,230,0.0932973720940178,0.00615184653779364,96,0.394496428571429,"Caribbean (C)"
4,4,3,0.35155,299,0.0495057168452238,0.00286298952692856,96,0.350489071428571,"Southeast US (SUS)"
5,4,3,0.4565,138,0.0955837571190786,0.00813662974820737,96,0.456310714285714,"South Gulf (SG)"
6,4,3,0.3076,69,0.0678658845239541,0.00817009240383651,96,0.304610857142857,"West Gulf (WG)"
1,4,4,0.3574,138,0.0268175114795121,0.00228285817856324,97,0.358532142857143,"Florida Peninsula (FP)"
2,4,4,0.522475,138,0.0544028219770822,0.00463107574996968,97,0.522089285714286,"Central America (CA)"
3,4,4,0.3954375,230,0.0934011972164911,0.00615869256363432,97,0.395196428571429,"Caribbean (C)"
4,4,4,0.3537735,299,0.0498369698116647,0.00288214638060365,97,0.354946214285714,"Southeast US (SUS)"
5,4,4,0.45605,138,0.0954526099675325,0.00812546576128297,97,0.456032142857143,"South Gulf (SG)"
6,4,4,0.303376,69,0.0684638350734177,0.0082420771908368,97,0.305868,"West Gulf (WG)"
1,4,5,0.3575,138,0.026546050464448,0.00225974988237127,98,0.359517857142857,"Florida Peninsula (FP)"
2,4,5,0.5224,138,0.0562161356308603,0.00478543525897894,98,0.521732142857143,"Central America (CA)"
3,4,5,0.3964,230,0.0935275810805707,0.00616702606884695,98,0.395739285714286,"Caribbean (C)"
4,4,5,0.3575,299,0.0499876343691406,0.00289085953693428,98,0.359340928571429,"Southeast US (SUS)"
5,4,5,0.455575,138,0.0952832314822109,0.00811104730710296,98,0.455753571428571,"South Gulf (SG)"
6,4,5,0.3076,69,0.0701719454527454,0.00844770951601682,98,0.307939428571429,"West Gulf (WG)"
1,4,6,0.3613,138,0.0266939720560025,0.00227234180445637,99,0.360917857142857,"Florida Peninsula (FP)"
2,4,6,0.521425,138,0.0574401467455198,0.00488963000448646,99,0.521717857142857,"Central America (CA)"
3,4,6,0.3964125,230,0.0937055141678934,0.00617875862918212,99,0.396989285714286,"Caribbean (C)"
4,4,6,0.3652,299,0.0506417426924839,0.00292868759798557,99,0.363512357142857,"Southeast US (SUS)"
5,4,6,0.455075,138,0.0952636285609642,0.00810937859562964,99,0.455621428571429,"South Gulf (SG)"
6,4,6,0.3076,69,0.0719710069580992,0.0086642910700926,99,0.309068,"West Gulf (WG)"
1,4,7,0.361875,138,0.0272533278195221,0.00231995732912773,100,0.3626,"Florida Peninsula (FP)"
2,4,7,0.520475,138,0.0602619173786836,0.00512983507246486,100,0.521582142857143,"Central America (CA)"
3,4,7,0.397475,230,0.093711493636323,0.0061791529036545,100,0.398196428571429,"Caribbean (C)"
4,4,7,0.3691,299,0.0507037149091134,0.00293227154380996,100,0.367426642857143,"Southeast US (SUS)"
5,4,7,0.45505,138,0.0952394215957217,0.00810731796190439,100,0.455525,"South Gulf (SG)"
6,4,7,0.3076,69,0.0735260515783998,0.00885149644329392,100,0.310189428571429,"West Gulf (WG)"
1,4,8,0.36375,132,0.0282503167499522,0.00245887445991884,101,0.364425,"Florida Peninsula (FP)"
2,4,8,0.52045,132,0.0618957161835032,0.0053873305934617,101,0.521167857142857,"Central America (CA)"
3,4,8,0.39645,220,0.0937730264516812,0.00632217615364854,101,0.399466071428571,"Caribbean (C)"
4,4,8,0.372463,286,0.0510886944204969,0.00302093783057381,101,0.371542928571429,"Southeast US (SUS)"
5,4,8,0.45505,132,0.0954439764049867,0.0083073318438355,101,0.455375,"South Gulf (SG)"
6,4,8,0.3152,66,0.0749690227920058,0.00922804879273157,101,0.311978571428571,"West Gulf (WG)"
1,4,9,0.3672,138,0.0279506819254524,0.00237932005282019,102,0.366367857142857,"Florida Peninsula (FP)"
2,4,9,0.52235,138,0.0633655374017224,0.0053940327538254,102,0.520746428571428,"Central America (CA)"
3,4,9,0.40185,230,0.0938686066250148,0.00618951262734052,102,0.400726785714286,"Caribbean (C)"
4,4,9,0.375,299,0.0511018243411463,0.00295529480672008,102,0.375453642857143,"Southeast US (SUS)"
5,4,9,0.45605,138,0.0951110951022361,0.00809639408533949,102,0.45515,"South Gulf (SG)"
6,4,9,0.3145,69,0.0750874959505698,0.00903947225608359,102,0.313014285714286,"West Gulf (WG)"
1,4,10,0.369175,138,0.0279480675726261,0.00237909750432848,103,0.367903571428571,"Florida Peninsula (FP)"
2,4,10,0.5215,138,0.0642261870015081,0.00546729611307664,103,0.520453571428571,"Central America (CA)"
3,4,10,0.40335,230,0.093902188297113,0.00619172693722507,103,0.401985714285714,"Caribbean (C)"
4,4,10,0.37895,299,0.0511730120556777,0.00295941169854868,103,0.378803642857143,"Southeast US (SUS)"
5,4,10,0.455825,138,0.0950773912606878,0.00809352502381652,103,0.455071428571429,"South Gulf (SG)"
6,4,10,0.31545,69,0.0752471982035209,0.00905869814804483,103,0.313914285714286,"West Gulf (WG)"
1,4,11,0.370175,138,0.0279151017497023,0.00237629126712291,104,0.369501785714286,"Florida Peninsula (FP)"
2,4,11,0.519575,138,0.0650662880970849,0.00553881026748737,104,0.520167857142857,"Central America (CA)"
3,4,11,0.404325,230,0.0940059023361841,0.00619856563844312,104,0.403092857142857,"Caribbean (C)"
4,4,11,0.3825875,299,0.0513867747592748,0.00297177391488745,104,0.382139357142857,"Southeast US (SUS)"
5,4,11,0.455,138,0.094996481010933,0.00808663748596562,104,0.455560714285714,"South Gulf (SG)"
6,4,11,0.3159,69,0.0754808708754458,0.00908682903199734,104,0.314142857142857,"West Gulf (WG)"
1,4,12,0.3711,138,0.0284158807222334,0.00241892040420628,105,0.371375,"Florida Peninsula (FP)"
2,4,12,0.51945,138,0.0657498735642186,0.00559700092681031,105,0.519582142857143,"Central America (CA)"
3,4,12,0.405225,230,0.094134074924882,0.00620701708866432,105,0.404492857142857,"Caribbean (C)"
4,4,12,0.384875,299,0.0513081515612374,0.00296722701794506,105,0.3852875,"Southeast US (SUS)"
5,4,12,0.454,138,0.0949397784240757,0.0080818106412283,105,0.45605,"South Gulf (SG)"
6,4,12,0.31485,69,0.0759563497906137,0.00914406996682412,105,0.313471428571429,"West Gulf (WG)"
1,4,13,0.37205,138,0.0286973283021545,0.00244287881325369,106,0.372767857142857,"Florida Peninsula (FP)"
2,4,13,0.519375,138,0.0661703967568637,0.00563279823821777,106,0.518910714285714,"Central America (CA)"
3,4,13,0.405225,230,0.0942091624466287,0.00621196821322786,106,0.405389285714286,"Caribbean (C)"
4,4,13,0.38865,299,0.0513982886140072,0.00297243977829907,106,0.388351785714286,"Southeast US (SUS)"
5,4,13,0.454525,138,0.0948966508735607,0.00807813938032515,106,0.456396428571428,"South Gulf (SG)"
6,4,13,0.3139,69,0.0763244182403936,0.00918838020114482,106,0.313742857142857,"West Gulf (WG)"
1,4,14,0.3730625,138,0.0288329000773915,0.0024544194491594,107,0.374096428571429,"Florida Peninsula (FP)"
2,4,14,0.518475,138,0.0667100357785644,0.00567873536236527,107,0.518367857142857,"Central America (CA)"
3,4,14,0.405225,230,0.0941294435417973,0.00620671170430723,107,0.406064285714286,"Caribbean (C)"
4,4,14,0.39245,299,0.0518310248069229,0.00299746555849561,107,0.391694642857143,"Southeast US (SUS)"
5,4,14,0.458475,138,0.0948782989437084,0.00807657716031127,107,0.456775,"South Gulf (SG)"
6,4,14,0.3092,69,0.0768590106524811,0.00925273756472716,107,0.313878571428571,"West Gulf (WG)"
1,4,15,0.3768625,138,0.0290993357471467,0.00247709995955001,108,0.375553571428571,"Florida Peninsula (FP)"
2,4,15,0.51635,138,0.0678957997549057,0.00577967429524517,108,0.518092857142857,"Central America (CA)"
3,4,15,0.40625,230,0.0939198395235035,0.00619289082462641,108,0.406592857142857,"Caribbean (C)"
4,4,15,0.3945,299,0.0519262773148481,0.00300297415325965,108,0.394796428571429,"Southeast US (SUS)"
5,4,15,0.458475,138,0.0947100964863405,0.00806225881627885,108,0.457610714285714,"South Gulf (SG)"
6,4,15,0.3105,69,0.0774455355467928,0.00932334686448492,108,0.313385714285714,"West Gulf (WG)"
1,4,16,0.37695,138,0.0292955814219319,0.00249380550077942,109,0.377496428571429,"Florida Peninsula (FP)"
2,4,16,0.51765,138,0.0685654895727092,0.00583668207834395,109,0.517564285714286,"Central America (CA)"
3,4,16,0.408125,230,0.0938967963790273,0.00619137140467509,109,0.407158928571429,"Caribbean (C)"
4,4,16,0.39645,299,0.0521262945528725,0.00301454144879966,109,0.397571428571429,"Southeast US (SUS)"
5,4,16,0.458475,138,0.0944010152429791,0.00803594807358421,109,0.458389285714286,"South Gulf (SG)"
6,4,16,0.3164,69,0.0781785271404271,0.00941158868278928,109,0.313298071428571,"West Gulf (WG)"
1,4,17,0.378475,138,0.0296272586515585,0.00252203974156178,110,0.379303571428571,"Florida Peninsula (FP)"
2,4,17,0.5177,138,0.0689724677186441,0.00587132635880428,110,0.517046428571428,"Central America (CA)"
3,4,17,0.408075,230,0.0939980938696513,0.00619805076340723,110,0.408133928571429,"Caribbean (C)"
4,4,17,0.40235,299,0.0519506584449732,0.00300438415042061,110,0.400364285714286,"Southeast US (SUS)"
5,4,17,0.458475,138,0.0940509871652596,0.00800615170487345,110,0.458889285714286,"South Gulf (SG)"
6,4,17,0.3164,69,0.0784950090355362,0.00944968862571819,110,0.313304357142857,"West Gulf (WG)"
1,4,18,0.380375,138,0.0302117063506436,0.00257179123363509,111,0.380966071428571,"Florida Peninsula (FP)"
2,4,18,0.51765,138,0.0690502802226499,0.00587795019902524,111,0.517067857142857,"Central America (CA)"
3,4,18,0.408025,230,0.0941298201091717,0.00620673653442459,111,0.4091125,"Caribbean (C)"
4,4,18,0.4043,299,0.0516761159653324,0.00298850694887708,111,0.402798142857143,"Southeast US (SUS)"
5,4,18,0.46085,138,0.0939802265076898,0.00800012815768574,111,0.458685714285714,"South Gulf (SG)"
6,4,18,0.31245,69,0.0786388188157392,0.00946700128879,111,0.314625785714286,"West Gulf (WG)"
1,4,19,0.3847,138,0.0306390896895329,0.00260817251947179,112,0.382085714285714,"Florida Peninsula (FP)"
2,4,19,0.51575,138,0.0696000517051711,0.00592474985551735,112,0.517253571428571,"Central America (CA)"
3,4,19,0.4091875,230,0.0941175916750756,0.00620593021535827,112,0.410280357142857,"Caribbean (C)"
4,4,19,0.4043,299,0.0519892382352581,0.00300661527729999,112,0.405048142857143,"Southeast US (SUS)"
5,4,19,0.45945,138,0.0940542535899409,0.00800642976140766,112,0.458623214285714,"South Gulf (SG)"
6,4,19,0.3142365,69,0.0790057966672466,0.00951118023050731,112,0.315825785714286,"West Gulf (WG)"
1,4,20,0.3847,138,0.0309805130093227,0.00263723640254423,113,0.383203571428571,"Florida Peninsula (FP)"
2,4,20,0.51575,138,0.0700462811559833,0.00596273542893943,113,0.516992857142857,"Central America (CA)"
3,4,20,0.41205,230,0.0940381994746949,0.00620069524869118,113,0.411401785714286,"Caribbean (C)"
4,4,20,0.4082,299,0.052097512367678,0.00301287693205241,113,0.407283857142857,"Southeast US (SUS)"
5,4,20,0.458025,138,0.0939956906481583,0.00800144455274238,113,0.458625,"South Gulf (SG)"
6,4,20,0.313944,69,0.0792459317458445,0.00954008909680013,113,0.316254357142857,"West Gulf (WG)"
1,4,21,0.3847,138,0.0310996029691922,0.0026473740131529,114,0.38425,"Florida Peninsula (FP)"
2,4,21,0.518625,138,0.0706234217954944,0.00601186490279444,114,0.516578571428571,"Central America (CA)"
3,4,21,0.412075,230,0.094011299822184,0.00619892153813049,114,0.412741071428571,"Caribbean (C)"
4,4,21,0.409487,299,0.0519344132019903,0.00300344466376156,114,0.408691,"Southeast US (SUS)"
5,4,21,0.45705,138,0.0940685676186664,0.00800764825245107,114,0.458846428571429,"South Gulf (SG)"
6,4,21,0.31845,69,0.0796053490790429,0.00958335785907103,114,0.316682928571429,"West Gulf (WG)"
1,4,22,0.3847,138,0.0312610430954948,0.00266111670933707,115,0.385153571428571,"Florida Peninsula (FP)"
2,4,22,0.51765,138,0.0713240064673287,0.00607150263051928,115,0.516164285714286,"Central America (CA)"
3,4,22,0.414425,230,0.0937509655147887,0.00618175560224535,115,0.414569642857143,"Caribbean (C)"
4,4,22,0.41025,299,0.0521482804113109,0.00301581292382237,115,0.410083857142857,"Southeast US (SUS)"
5,4,22,0.4580375,138,0.0943384537929426,0.00803062248929248,115,0.459267857142857,"South Gulf (SG)"
6,4,22,0.3189,69,0.0799253123244142,0.00962187690732115,115,0.317675785714286,"West Gulf (WG)"
1,4,23,0.384775,138,0.0313585051261961,0.00266941322835062,116,0.385578571428571,"Florida Peninsula (FP)"
2,4,23,0.515825,138,0.0716465538322652,0.0060989596856074,116,0.515742857142857,"Central America (CA)"
3,4,23,0.415975,230,0.0936956323733645,0.00617810704294667,116,0.416660714285714,"Caribbean (C)"
4,4,23,0.4121,299,0.052288809273678,0.00302393991777028,116,0.411755285714286,"Southeast US (SUS)"
5,4,23,0.4584875,138,0.0944636430780595,0.00804127930894616,116,0.460042857142857,"South Gulf (SG)"
6,4,23,0.3194,69,0.0798270380244369,0.00961004607188198,116,0.318813428571429,"West Gulf (WG)"
1,4,24,0.3858,138,0.0313489327994479,0.00266859837778472,117,0.386289285714286,"Florida Peninsula (FP)"
2,4,24,0.5148,138,0.0717372211128949,0.00610667779708362,117,0.515314285714286,"Central America (CA)"
3,4,24,0.41745,230,0.0935485698715938,0.00616841002874304,117,0.418485714285714,"Caribbean (C)"
4,4,24,0.4122,299,0.0525975215270824,0.00304179320835275,117,0.412883857142857,"Southeast US (SUS)"
5,4,24,0.460025,138,0.094675911962779,0.0080593488363856,117,0.461171428571429,"South Gulf (SG)"
6,4,24,0.3194,69,0.0797302297016075,0.00959839171935235,117,0.319916142857143,"West Gulf (WG)"
1,4,25,0.3867,138,0.0315108442011758,0.00268238119159723,118,0.387135714285714,"Florida Peninsula (FP)"
2,4,25,0.51475,138,0.0719324443793442,0.00612329630513572,118,0.514475,"Central America (CA)"
3,4,25,0.420825,230,0.0934591055828245,0.00616251092823496,118,0.420458928571429,"Caribbean (C)"
4,4,25,0.41405,299,0.0525440051980729,0.00303869827913573,118,0.414092857142857,"Southeast US (SUS)"
5,4,25,0.4638,138,0.0945659190844774,0.00804998562078648,118,0.462767857142857,"South Gulf (SG)"
6,4,25,0.3194,69,0.0793884743644463,0.00955724921154159,118,0.320737571428571,"West Gulf (WG)"
1,4,26,0.387675,138,0.0318584730616246,0.00271197332537096,119,0.387982142857143,"Florida Peninsula (FP)"
2,4,26,0.5128,138,0.0723010760210288,0.00615467631437855,119,0.514328571428571,"Central America (CA)"
3,4,26,0.423825,230,0.0932294840173905,0.00614737013058319,119,0.422591071428571,"Caribbean (C)"
4,4,26,0.416,299,0.0525112488581636,0.00303680393108712,119,0.415485714285714,"Southeast US (SUS)"
5,4,26,0.464875,138,0.0947022572534689,0.00806159149646105,119,0.464226785714286,"South Gulf (SG)"
6,4,26,0.3222,69,0.0792241542400037,0.00953746739318141,119,0.322066142857143,"West Gulf (WG)"
1,4,27,0.389675,138,0.0325297966073316,0.00276912018062448,120,0.388817857142857,"Florida Peninsula (FP)"
2,4,27,0.51275,138,0.07251032019939,0.00617248836171388,120,0.514325,"Central America (CA)"
3,4,27,0.424825,230,0.092690822466212,0.00611185183972158,120,0.424830357142857,"Caribbean (C)"
4,4,27,0.4161,299,0.0526890076644756,0.00304708398828499,120,0.417157142857143,"Southeast US (SUS)"
5,4,27,0.465925,138,0.0948220531555223,0.00807178920085916,120,0.465578571428571,"South Gulf (SG)"
6,4,27,0.321663,69,0.0792065738157886,0.00953535095881467,120,0.322751857142857,"West Gulf (WG)"
1,4,28,0.390625,138,0.0329447135816843,0.00280444025903852,121,0.389507142857143,"Florida Peninsula (FP)"
2,4,28,0.51275,138,0.0726273688193517,0.00618245220192975,121,0.514592857142857,"Central America (CA)"
3,4,28,0.4258875,230,0.0924162994451763,0.00609375032776471,121,0.427280357142857,"Caribbean (C)"
4,4,28,0.41795,299,0.0526475201229004,0.00304468470180664,121,0.418821428571429,"Southeast US (SUS)"
5,4,28,0.468225,138,0.0958159785468229,0.00815639774890231,121,0.466753571428571,"South Gulf (SG)"
6,4,28,0.3242,69,0.079120880781492,0.00952503472977735,121,0.324009,"West Gulf (WG)"
1,4,29,0.390625,138,0.0331050563019532,0.00281808953781737,122,0.390342857142857,"Florida Peninsula (FP)"
2,4,29,0.516625,138,0.0727984122293978,0.00619701238391425,122,0.514910714285714,"Central America (CA)"
3,4,29,0.42935,230,0.0924515515131474,0.00609607478029141,122,0.429794642857143,"Caribbean (C)"
4,4,29,0.42,299,0.052649005500247,0.00304477060339656,122,0.420485714285714,"Southeast US (SUS)"
5,4,29,0.46825,138,0.0965930016038268,0.00822254234408479,122,0.467582142857143,"South Gulf (SG)"
6,4,29,0.3282,69,0.0790080865671586,0.00951145590206169,122,0.326094714285714,"West Gulf (WG)"
1,4,30,0.390625,138,0.0334169514486274,0.00284463981586921,123,0.391110714285714,"Florida Peninsula (FP)"
2,4,30,0.5158,138,0.0730266648605186,0.00621644253820468,123,0.515207142857143,"Central America (CA)"
3,4,30,0.43165,230,0.0922988326555988,0.00608600479703273,123,0.432033928571429,"Caribbean (C)"
4,4,30,0.4238,299,0.0526178847502268,0.00304297084395349,123,0.422157142857143,"Southeast US (SUS)"
5,4,30,0.46795,138,0.0971573673741213,0.00827058434885477,123,0.468542857142857,"South Gulf (SG)"
6,4,30,0.3242,69,0.0791514616304101,0.00952871623136245,123,0.327020714285714,"West Gulf (WG)"
1,5,1,0.390625,138,0.0335365569979404,0.00285482131636598,125,0.391698214285714,"Florida Peninsula (FP)"
2,5,1,0.516675,138,0.0731544762360553,0.00622732256501777,125,0.51605,"Central America (CA)"
3,5,1,0.4346,230,0.0918286731692893,0.0060550033985673,125,0.434319642857143,"Caribbean (C)"
4,5,1,0.42385,299,0.0524143532010072,0.0030312003105495,125,0.423835714285714,"Southeast US (SUS)"
5,5,1,0.46825,138,0.0978025641383436,0.00832550714477164,125,0.469492857142857,"South Gulf (SG)"
6,5,1,0.3282,69,0.0787808885642551,0.00948410447666276,125,0.328706821428571,"West Gulf (WG)"
1,5,2,0.39255,138,0.0336304600324361,0.00286281487350323,126,0.3923875,"Florida Peninsula (FP)"
2,5,2,0.516975,138,0.0738155558982335,0.00628359740299587,126,0.517017857142857,"Central America (CA)"
3,5,2,0.438425,230,0.0915595174491318,0.00603725579594983,126,0.436596428571429,"Caribbean (C)"
4,5,2,0.4257,299,0.0524492886785361,0.00303322068138053,126,0.425778571428571,"Southeast US (SUS)"
5,5,2,0.4696,138,0.0979761839957602,0.00834028664852117,126,0.470121428571429,"South Gulf (SG)"
6,5,2,0.334,69,0.0788839689259729,0.00949651389394455,126,0.330106821428571,"West Gulf (WG)"
1,5,3,0.39305,138,0.0337360029391451,0.00287179928236436,127,0.393071428571429,"Florida Peninsula (FP)"
2,5,3,0.514875,138,0.07501625430685,0.00638580763917652,127,0.517392857142857,"Central America (CA)"
3,5,3,0.4395,230,0.0913537497561961,0.00602368787607208,127,0.438775,"Caribbean (C)"
4,5,3,0.4277,299,0.0518387352213363,0.00299791146327431,127,0.42745,"Southeast US (SUS)"
5,5,3,0.4716,138,0.0981672012294375,0.00835654711528669,127,0.47075,"South Gulf (SG)"
6,5,3,0.328682,69,0.0788792474773021,0.00949594549831852,127,0.330935392857143,"West Gulf (WG)"
1,5,4,0.3937875,138,0.0336344446997779,0.00286315407091299,128,0.393657142857143,"Florida Peninsula (FP)"
2,5,4,0.51865,138,0.0753164586614715,0.00641136273091989,128,0.517885714285714,"Central America (CA)"
3,5,4,0.440825,230,0.0906553416485233,0.00597763620920601,128,0.441275,"Caribbean (C)"
4,5,4,0.42785,299,0.0519830193338395,0.00300625562894491,128,0.42885,"Southeast US (SUS)"
5,5,4,0.472575,138,0.0986462045362778,0.00839732258460698,128,0.471635714285714,"South Gulf (SG)"
6,5,4,0.33346575,69,0.0788991543527677,0.00949834200450372,128,0.332621107142857,"West Gulf (WG)"
1,5,5,0.39545,138,0.0337141061997599,0.00286993530812396,129,0.394242857142857,"Florida Peninsula (FP)"
2,5,5,0.519525,138,0.0754049416020304,0.00641889489902105,129,0.518253571428571,"Central America (CA)"
3,5,5,0.441825,230,0.0902826114539651,0.00595305910799234,129,0.443748214285714,"Caribbean (C)"
4,5,5,0.43155,299,0.0520939575545241,0.00301267135189968,129,0.430521428571428,"Southeast US (SUS)"
5,5,5,0.472625,138,0.099439968131273,0.0084648922290188,129,0.472689285714286,"South Gulf (SG)"
6,5,5,0.334,69,0.0790111362078161,0.00951182303565384,129,0.333735392857143,"West Gulf (WG)"
1,5,6,0.3954125,138,0.0339214966905615,0.00288758955909517,130,0.394553571428571,"Florida Peninsula (FP)"
2,5,6,0.51925,138,0.0758776077853478,0.00645913091656282,130,0.518578571428571,"Central America (CA)"
3,5,6,0.4446,230,0.0901032804013485,0.00594123436855545,130,0.445983928571429,"Caribbean (C)"
4,5,6,0.4317,299,0.0519440150918072,0.00300399995538718,130,0.43235,"Southeast US (SUS)"
5,5,6,0.47265,138,0.0991666037651307,0.00844162190882326,130,0.473964285714286,"South Gulf (SG)"
6,5,6,0.334,69,0.0789457718668371,0.0095039540937037,130,0.334021107142857,"West Gulf (WG)"
1,5,7,0.394725,138,0.0344374911896998,0.00293151392781789,131,0.394792857142857,"Florida Peninsula (FP)"
2,5,7,0.51925,138,0.0763321737047403,0.00649782613731714,131,0.519203571428571,"Central America (CA)"
3,5,7,0.44915,230,0.0897438133823523,0.00591753181523986,131,0.448901785714286,"Caribbean (C)"
4,5,7,0.4336,299,0.0517862859936805,0.00299487824612196,131,0.434035714285714,"Southeast US (SUS)"
5,5,7,0.47415,138,0.0981848780837126,0.00835805186905119,131,0.475096428571429,"South Gulf (SG)"
6,5,7,0.336,69,0.0789916550871703,0.00950947778432584,131,0.335066535714286,"West Gulf (WG)"
1,5,8,0.394725,138,0.0349308790246562,0.00297351388948824,132,0.394651785714286,"Florida Peninsula (FP)"
2,5,8,0.51925,138,0.0769858880065944,0.00655347399418751,132,0.519453571428571,"Central America (CA)"
3,5,8,0.4519125,230,0.0886057155505811,0.00584248786653146,132,0.451633928571429,"Caribbean (C)"
4,5,8,0.43555,299,0.0516535713716216,0.00298720316135927,132,0.435971428571429,"Southeast US (SUS)"
5,5,8,0.475625,138,0.0968658095377112,0.00824576529762097,132,0.476232142857143,"South Gulf (SG)"
6,5,8,0.336,69,0.0782276865447635,0.00941750677961751,132,0.336107142857143,"West Gulf (WG)"
1,5,9,0.394725,138,0.0350192519770285,0.00298103669477317,133,0.394242,"Florida Peninsula (FP)"
2,5,9,0.51925,138,0.0776554430705858,0.00661047030628004,133,0.519717857142857,"Central America (CA)"
3,5,9,0.454075,230,0.0872397325487785,0.00575241761469354,133,0.454566071428571,"Caribbean (C)"
4,5,9,0.4385,299,0.0517954924994074,0.00299541067209527,133,0.43765,"Southeast US (SUS)"
5,5,9,0.478525,138,0.0970030548366116,0.00825744839332147,133,0.4779375,"South Gulf (SG)"
6,5,9,0.336,69,0.0781040346515506,0.0094026208409674,133,0.336928571428571,"West Gulf (WG)"
1,5,10,0.394725,138,0.0349131799604515,0.00297200724508898,134,0.393894285714286,"Florida Peninsula (FP)"
2,5,10,0.51925,138,0.0781166406229802,0.00664973004912461,134,0.520328571428571,"Central America (CA)"
3,5,10,0.459925,230,0.086883468154652,0.00572892623620822,134,0.457180357142857,"Caribbean (C)"
4,5,10,0.4395,299,0.0518050696992422,0.00299596453586236,134,0.439314285714286,"Southeast US (SUS)"
5,5,10,0.479525,138,0.097318967051084,0.00828434062689307,134,0.479905357142857,"South Gulf (SG)"
6,5,10,0.336,69,0.0773565820740514,0.009312638124784,134,0.337742857142857,"West Gulf (WG)"
1,5,11,0.3928,138,0.0352386928824111,0.00299971674515543,135,0.393878875,"Florida Peninsula (FP)"
2,5,11,0.5204,138,0.078614008917749,0.00669206885003604,135,0.520935714285714,"Central America (CA)"
3,5,11,0.45995,230,0.0867198128249877,0.00571813512333344,135,0.460191071428571,"Caribbean (C)"
4,5,11,0.4414,299,0.0517525048984953,0.00299292463494558,135,0.440714285714286,"Southeast US (SUS)"
5,5,11,0.480525,138,0.0986265526967292,0.00839564970893126,135,0.481908928571429,"South Gulf (SG)"
6,5,11,0.34075,69,0.0770413138582095,0.00927468429166905,135,0.338271428571429,"West Gulf (WG)"
1,5,12,0.3925815,138,0.0356894955848049,0.00303809161960507,136,0.394132446428571,"Florida Peninsula (FP)"
2,5,12,0.521375,138,0.0791014106131289,0.00673355923766554,136,0.521855535714286,"Central America (CA)"
3,5,12,0.46235,230,0.0864243607231754,0.00569865358865757,136,0.463135714285714,"Caribbean (C)"
4,5,12,0.4433,299,0.0519052698402116,0.00300175925963313,136,0.442103571428571,"Southeast US (SUS)"
5,5,12,0.4845625,138,0.0994235373887665,0.00846349355133241,136,0.4837125,"South Gulf (SG)"
6,5,12,0.33975,69,0.077069247549901,0.00927804711297316,136,0.3388,"West Gulf (WG)"
1,5,13,0.3929785,138,0.0359115014033161,0.00305699000989248,137,0.394423517857143,"Florida Peninsula (FP)"
2,5,13,0.523525,138,0.0799806727440012,0.00680840700078093,137,0.523574178571429,"Central America (CA)"
3,5,13,0.4629,230,0.0861495310741368,0.00568053185824894,137,0.465875,"Caribbean (C)"
4,5,13,0.44335,299,0.051975280270477,0.00300580806735472,137,0.443346428571429,"Southeast US (SUS)"
5,5,13,0.486425,138,0.0995662470176271,0.00847564180168939,137,0.485108928571429,"South Gulf (SG)"
6,5,13,0.3397,69,0.077366516752914,0.00931383411957401,137,0.339207142857143,"West Gulf (WG)"
1,5,14,0.394617125,138,0.0361266434497004,0.00307530411709502,138,0.395159232142857,"Florida Peninsula (FP)"
2,5,14,0.5235,138,0.0797227701627991,0.00678645287512614,138,0.525765482142857,"Central America (CA)"
3,5,14,0.470225,230,0.085964246707746,0.00566831456892657,138,0.467903571428571,"Caribbean (C)"
4,5,14,0.4434,299,0.0517096685624451,0.00299044734566873,138,0.444460714285714,"Southeast US (SUS)"
5,5,14,0.488175,138,0.100125725301231,0.00852326775596291,138,0.486626785714286,"South Gulf (SG)"
6,5,14,0.3397,69,0.0772427946592565,0.00929893972978349,138,0.34095,"West Gulf (WG)"
1,5,15,0.3965,138,0.036445629329355,0.0031024579984226,139,0.396380660714286,"Florida Peninsula (FP)"
2,5,15,0.52568875,138,0.0790697751062314,0.0067308662444805,139,0.527790482142857,"Central America (CA)"
3,5,15,0.472525,230,0.0855043020998901,0.00563798671960019,139,0.470157142857143,"Caribbean (C)"
4,5,15,0.445275,299,0.0513792345086781,0.00297133785093637,139,0.445425,"Southeast US (SUS)"
5,5,15,0.48825,138,0.100690716394672,0.00857136299177417,139,0.488019642857143,"South Gulf (SG)"
6,5,15,0.3397,69,0.0772900959902226,0.00930463414086394,139,0.341592857142857,"West Gulf (WG)"
1,5,16,0.3967625,138,0.0366318841111851,0.0031183130583644,140,0.397701160714286,"Florida Peninsula (FP)"
2,5,16,0.5312805,138,0.0796797880529517,0.00678279399495481,140,0.529804946428571,"Central America (CA)"
3,5,16,0.47325,230,0.0850917644093625,0.00561078478983282,140,0.472667857142857,"Caribbean (C)"
4,5,16,0.4472,299,0.0512339789579403,0.0029629375055421,140,0.446546428571429,"Southeast US (SUS)"
5,5,16,0.4883,138,0.101798798487011,0.00866568920354616,140,0.489117857142857,"South Gulf (SG)"
6,5,16,0.33885,69,0.077685197805728,0.00935219880997929,140,0.342278571428571,"West Gulf (WG)"
1,5,17,0.399875,138,0.0368096416789049,0.00313344478740572,141,0.398969642857143,"Florida Peninsula (FP)"
2,5,17,0.534589125,138,0.079614592642354,0.00677724419305013,141,0.531977660714286,"Central America (CA)"
3,5,17,0.474125,230,0.0850029885543149,0.00560493108330008,141,0.476146428571429,"Caribbean (C)"
4,5,17,0.4473,299,0.0510607685412651,0.00295292048850857,141,0.447667857142857,"Southeast US (SUS)"
5,5,17,0.49015,138,0.102623432494998,0.0087358867120247,141,0.490232142857143,"South Gulf (SG)"
6,5,17,0.3482,69,0.0792779722897788,0.009543946325015,141,0.342871428571429,"West Gulf (WG)"
1,5,18,0.40135,138,0.0372717477088432,0.00317278186499452,142,0.400067196428571,"Florida Peninsula (FP)"
2,5,18,0.534575,138,0.0779698026689959,0.00663723037239537,142,0.535066946428571,"Central America (CA)"
3,5,18,0.475725,230,0.0844855662017772,0.0055708132637239,142,0.479017857142857,"Caribbean (C)"
4,5,18,0.44815,299,0.0512402575628853,0.00296330060664126,142,0.448796428571429,"Southeast US (SUS)"
5,5,18,0.490275,138,0.103958300383173,0.00884951821277557,142,0.491782142857143,"South Gulf (SG)"
6,5,18,0.34525,69,0.0801429470248785,0.0096480770463976,142,0.342892857142857,"West Gulf (WG)"
1,5,19,0.401825,138,0.0372021448511886,0.00316685687628072,143,0.400895767857143,"Florida Peninsula (FP)"
2,5,19,0.53547625,138,0.0783168523151122,0.00666677320017076,143,0.539300696428571,"Central America (CA)"
3,5,19,0.479925,230,0.0834030586637254,0.00549943483043439,143,0.482310714285714,"Caribbean (C)"
4,5,19,0.45115,299,0.0509638654987349,0.00294731644086375,143,0.449928571428571,"Southeast US (SUS)"
5,5,19,0.49225,138,0.104607101288953,0.0089047478135963,143,0.49375,"South Gulf (SG)"
6,5,19,0.34455,69,0.0803656125635539,0.00967488282722385,143,0.342367857142857,"West Gulf (WG)"
1,5,20,0.401857875,138,0.037082079615724,0.00315663624470009,144,0.402529696428571,"Florida Peninsula (FP)"
2,5,20,0.538734,138,0.0787422842156958,0.00670298836854726,144,0.541710625,"Central America (CA)"
3,5,20,0.48725,230,0.0820319023051183,0.00540902345755058,144,0.485275,"Caribbean (C)"
4,5,20,0.4512,299,0.0505023203541951,0.00292062459597736,144,0.451057142857143,"Southeast US (SUS)"
5,5,20,0.494225,138,0.104413731151938,0.00888828705439752,144,0.494857142857143,"South Gulf (SG)"
6,5,20,0.34385,69,0.0804392519359427,0.00968374796588958,144,0.343903571428571,"West Gulf (WG)"
1,5,21,0.4023,138,0.0372453002307959,0.00317053050615353,145,0.403795767857143,"Florida Peninsula (FP)"
2,5,21,0.545125,138,0.0767965752836586,0.00653735862501203,145,0.544147892857143,"Central America (CA)"
3,5,21,0.490325,230,0.0808647537422267,0.00533206396035832,145,0.488421428571429,"Caribbean (C)"
4,5,21,0.4513,299,0.0502462432776005,0.00290581527626447,145,0.452178571428571,"Southeast US (SUS)"
5,5,21,0.499025,138,0.104209626243419,0.00887091249076387,145,0.495985714285714,"South Gulf (SG)"
6,5,21,0.33985,69,0.0802050745298063,0.00965555631907843,145,0.344103571428571,"West Gulf (WG)"
1,5,22,0.4023,138,0.0376152928558543,0.00320202636999488,146,0.405395964285714,"Florida Peninsula (FP)"
2,5,22,0.555325,138,0.0757538614931361,0.00644859693262258,146,0.54671575,"Central America (CA)"
3,5,22,0.495575,230,0.0801349515596807,0.00528394222949707,146,0.491760714285714,"Caribbean (C)"
4,5,22,0.4532,299,0.0500365262176691,0.00289368702553983,146,0.453442857142857,"Southeast US (SUS)"
5,5,22,0.502025,138,0.103835624851449,0.00883907537802115,146,0.497917857142857,"South Gulf (SG)"
6,5,22,0.336025,69,0.0802477738289502,0.00966069671063203,146,0.345146428571429,"West Gulf (WG)"
1,5,23,0.4082,138,0.037183453354199,0.00316526575039252,147,0.406962053571429,"Florida Peninsula (FP)"
2,5,23,0.54815,138,0.0746903175368649,0.0063580620587701,147,0.549322714285714,"Central America (CA)"
3,5,23,0.494,230,0.077811728294599,0.0051307534238637,147,0.494903571428571,"Caribbean (C)"
4,5,23,0.4551,299,0.0490853820292926,0.00283868093688073,147,0.45455,"Southeast US (SUS)"
5,5,23,0.49605,138,0.100424748059704,0.00854872226356254,147,0.500139285714286,"South Gulf (SG)"
6,5,23,0.3496,69,0.0796138156268518,0.00958437711165169,147,0.346439285714286,"West Gulf (WG)"
1,5,24,0.4087375,138,0.0367706677831551,0.00313012710907711,148,0.408622142857143,"Florida Peninsula (FP)"
2,5,24,0.55165,138,0.073451580207923,0.00625261373465445,148,0.5519,"Central America (CA)"
3,5,24,0.49615,230,0.0768177332910901,0.00506521133426703,148,0.497278571428571,"Caribbean (C)"
4,5,24,0.45515,299,0.0489692421173967,0.00283196439235606,148,0.455664285714286,"Southeast US (SUS)"
5,5,24,0.49805,138,0.100623621422618,0.00856565148845997,148,0.503607142857143,"South Gulf (SG)"
6,5,24,0.3496,69,0.0794650693310614,0.00956647016193962,148,0.347832142857143,"West Gulf (WG)"
1,5,25,0.412551375,138,0.0370680105177396,0.00315543860354599,149,0.410161428571429,"Florida Peninsula (FP)"
2,5,25,0.55255,138,0.0728122754332337,0.0061981924981945,149,0.553992857142857,"Central America (CA)"
3,5,25,0.4991,230,0.0763023031485555,0.00503122487712834,149,0.499639285714286,"Caribbean (C)"
4,5,25,0.457,299,0.0487540131214829,0.00281951737814316,149,0.456764285714286,"Southeast US (SUS)"
5,5,25,0.5038,138,0.100587484038505,0.00856257527003686,149,0.507442857142857,"South Gulf (SG)"
6,5,25,0.35255,69,0.079011330538365,0.00951184643030276,149,0.349796428571429,"West Gulf (WG)"
1,5,26,0.412787625,138,0.0373542413372222,0.00317980418898488,150,0.411704285714286,"Florida Peninsula (FP)"
2,5,26,0.553725,138,0.072337329351976,0.00615776240285161,150,0.555175,"Central America (CA)"
3,5,26,0.501925,230,0.0748442588530496,0.00493508428334807,150,0.501521428571428,"Caribbean (C)"
4,5,26,0.4589,299,0.0484148200964285,0.00279990133902238,150,0.457614285714286,"Southeast US (SUS)"
5,5,26,0.5078,138,0.100030887230475,0.00851519460325342,150,0.511207142857143,"South Gulf (SG)"
6,5,26,0.3536,69,0.0793474450805248,0.0095523098661952,150,0.353121428571428,"West Gulf (WG)"
1,5,27,0.4134785,138,0.0372197450880792,0.00316835510794033,151,0.412411428571429,"Florida Peninsula (FP)"
2,5,27,0.556775,138,0.0724148098245387,0.00616435797867913,151,0.557771428571429,"Central America (CA)"
3,5,27,0.503875,230,0.0733420398489907,0.00483603089554402,151,0.503910714285714,"Caribbean (C)"
4,5,27,0.459,299,0.0481510153750601,0.00278464511807332,151,0.458525928571428,"Southeast US (SUS)"
5,5,27,0.5185,138,0.100011905181082,0.00851357874390204,151,0.516728571428571,"South Gulf (SG)"
6,5,27,0.3536,69,0.079526508614245,0.00957386658245866,151,0.354792857142857,"West Gulf (WG)"
1,5,28,0.413075,138,0.0371302815565457,0.00316073946639207,152,0.413109642857143,"Florida Peninsula (FP)"
2,5,28,0.559775,138,0.0723354389112289,0.00615760147784841,152,0.559880357142857,"Central America (CA)"
3,5,28,0.50685,230,0.0721636616419949,0.0047583309375472,152,0.5064,"Caribbean (C)"
4,5,28,0.459,299,0.0480998619838519,0.00278168684107768,152,0.459618785714286,"Southeast US (SUS)"
5,5,28,0.525875,138,0.0998249011399653,0.00849765990277419,152,0.523014285714286,"South Gulf (SG)"
6,5,28,0.3536,69,0.0789610324466973,0.00950579125162876,152,0.356735714285714,"West Gulf (WG)"
1,5,29,0.4131,138,0.0370120934838401,0.00315067862951722,153,0.414092517857143,"Florida Peninsula (FP)"
2,5,29,0.5636,138,0.0722122697600244,0.00614711662341333,153,0.56186275,"Central America (CA)"
3,5,29,0.50875,230,0.0709184190639948,0.00467622207348977,153,0.508785714285714,"Caribbean (C)"
4,5,29,0.45915,299,0.0480275155661955,0.00277750293971719,153,0.460447357142857,"Southeast US (SUS)"
5,5,29,0.528375,138,0.0991152522384116,0.00843725057657485,153,0.529167857142857,"South Gulf (SG)"
6,5,29,0.3593,69,0.0785911332880301,0.00946126062585689,153,0.358257142857143,"West Gulf (WG)"
1,5,30,0.41315,138,0.0366777895281787,0.00312222078696569,154,0.414918214285714,"Florida Peninsula (FP)"
2,5,30,0.566325,138,0.0709451030269055,0.00603924822770056,154,0.563691321428571,"Central America (CA)"
3,5,30,0.510725,230,0.0700215388112781,0.0046170835409282,154,0.510925,"Caribbean (C)"
4,5,30,0.4614815,299,0.0480106853446845,0.00277652962287638,154,0.461176571428571,"Southeast US (SUS)"
5,5,30,0.5347,138,0.09805928028332,0.00834736027426787,154,0.535657142857143,"South Gulf (SG)"
6,5,30,0.3613,69,0.0782126192909135,0.00941569289540911,154,0.359628571428571,"West Gulf (WG)"
1,5,31,0.413625,138,0.0369327915617361,0.00314392800160795,155,0.416121285714286,"Florida Peninsula (FP)"
2,5,31,0.5664125,138,0.0711632135268954,0.00605781502645491,155,0.565130607142857,"Central America (CA)"
3,5,31,0.513575,230,0.0688717833585691,0.00454127091145854,155,0.513010714285714,"Caribbean (C)"
4,5,31,0.4628,299,0.0478007000389088,0.00276438585909402,155,0.461998,"Southeast US (SUS)"
5,5,31,0.54205,138,0.0972789856475567,0.00828093718380692,155,0.541814285714286,"South Gulf (SG)"
6,5,31,0.3632,69,0.077948101987773,0.0093838487542146,155,0.360992857142857,"West Gulf (WG)"
1,6,1,0.4194315,138,0.0370609603714211,0.00315483845523633,156,0.417711785714286,"Florida Peninsula (FP)"
2,6,1,0.56642675,138,0.0704271250532384,0.00599515501441323,156,0.566398464285714,"Central America (CA)"
3,6,1,0.5158,230,0.0680873170772081,0.00448954473666185,156,0.515021428571429,"Caribbean (C)"
4,6,1,0.4628,299,0.0472286561329754,0.00273130370583986,156,0.463119428571428,"Southeast US (SUS)"
5,6,1,0.546875,138,0.0949145158143111,0.00807966014507368,156,0.547625,"South Gulf (SG)"
6,6,1,0.3632,69,0.0776849211736703,0.00935216550739304,156,0.362357142857143,"West Gulf (WG)"
1,6,2,0.4185675,138,0.0373885688185989,0.00318272633825553,157,0.419485107142857,"Florida Peninsula (FP)"
2,6,2,0.566525,138,0.070169415201959,0.00597321729501898,157,0.56726275,"Central America (CA)"
3,6,2,0.5169,230,0.0673417561924102,0.00444038390774551,157,0.517217857142857,"Caribbean (C)"
4,6,2,0.4640045,299,0.0465266500334832,0.00269070564487309,157,0.464226571428571,"Southeast US (SUS)"
5,6,2,0.553225,138,0.0934790868673236,0.00795746831851736,157,0.554032142857143,"South Gulf (SG)"
6,6,2,0.3632,69,0.0772608509425174,0.00930111345084741,157,0.362907142857143,"West Gulf (WG)"
1,6,3,0.4219,138,0.0376982484019242,0.00320908801503035,158,0.421483642857143,"Florida Peninsula (FP)"
2,6,3,0.56685,138,0.0690437999543183,0.0058773985619514,158,0.567930607142857,"Central America (CA)"
3,6,3,0.518475,230,0.0665663944248339,0.00438925806680976,158,0.520035714285714,"Caribbean (C)"
4,6,3,0.46475,299,0.0463686887160718,0.00268157050601988,158,0.465264928571428,"Southeast US (SUS)"
5,6,3,0.5616,138,0.0918291269438635,0.0078170144024838,158,0.559680357142857,"South Gulf (SG)"
6,6,3,0.36315,69,0.0773585615300395,0.00931287642328178,158,0.363042857142857,"West Gulf (WG)"
1,6,4,0.4242085,138,0.0379022904583101,0.00322645722833514,159,0.423505071428571,"Florida Peninsula (FP)"
2,6,4,0.56865,138,0.0681329740907313,0.00579986391547516,159,0.568982392857143,"Central America (CA)"
3,6,4,0.520925,230,0.0661427253450125,0.00436132215496819,159,0.522960714285714,"Caribbean (C)"
4,6,4,0.46685,299,0.0462602681287888,0.00267530038156405,159,0.4663935,"Southeast US (SUS)"
5,6,4,0.56655,138,0.0890331902428207,0.00757900846484872,159,0.564460714285714,"South Gulf (SG)"
6,6,4,0.36315,69,0.0777144867779048,0.0093557247878808,159,0.362771428571429,"West Gulf (WG)"
1,6,5,0.42551325,138,0.0384140810177061,0.0032700237339418,160,0.425389857142857,"Florida Peninsula (FP)"
2,6,5,0.56965,138,0.0679736643047251,0.00578630256590001,160,0.569903571428571,"Central America (CA)"
3,6,5,0.524125,230,0.0645209792340966,0.00425438738313384,160,0.525725,"Caribbean (C)"
4,6,5,0.4669,299,0.0462172891747591,0.00267281484447649,160,0.467536357142857,"Southeast US (SUS)"
5,6,5,0.573225,138,0.0873349955193899,0.00743444852996667,160,0.568932142857143,"South Gulf (SG)"
6,6,5,0.36315,69,0.0777300919230399,0.00935760342659042,160,0.3625,"West Gulf (WG)"
1,6,6,0.42713975,138,0.0383837146811911,0.00326743877971444,161,0.427540928571429,"Florida Peninsula (FP)"
2,6,6,0.571,138,0.0677322564797487,0.00576575256714127,161,0.571017857142857,"Central America (CA)"
3,6,6,0.53045,230,0.0623949284018644,0.00411419974271176,161,0.528342857142857,"Caribbean (C)"
4,6,6,0.46875,299,0.0460573423818133,0.00266356488260842,161,0.468771428571429,"Southeast US (SUS)"
5,6,6,0.5742375,138,0.0871104040877829,0.00741533003767588,161,0.572682142857143,"South Gulf (SG)"
6,6,6,0.36225,69,0.0782262183786863,0.00941733003319183,161,0.362228571428571,"West Gulf (WG)"
1,6,7,0.427775,138,0.038323493611045,0.00326231242178932,162,0.429417714285714,"Florida Peninsula (FP)"
2,6,7,0.573775,138,0.0674989714619816,0.00574589402765102,162,0.572228571428571,"Central America (CA)"
3,6,7,0.53405,230,0.0608760766823668,0.00401404962612972,162,0.531021428571429,"Caribbean (C)"
4,6,7,0.4707,299,0.0460236382141344,0.0026616157202646,162,0.470057142857143,"Southeast US (SUS)"
5,6,7,0.5755125,138,0.0862718015498315,0.00734394344896168,162,0.575535714285714,"South Gulf (SG)"
6,6,7,0.3613,69,0.0781945889504538,0.00941352229749145,162,0.361964285714286,"West Gulf (WG)"
1,6,8,0.432625,138,0.038594869110696,0.00328541343842591,163,0.431030785714286,"Florida Peninsula (FP)"
2,6,8,0.572875,138,0.0675695136209258,0.00575189897500053,163,0.573185714285714,"Central America (CA)"
3,6,8,0.53515,230,0.0603951229789894,0.00398233647806828,163,0.53375,"Caribbean (C)"
4,6,8,0.4708,299,0.0458904777975571,0.00265391485453925,163,0.471164285714286,"Southeast US (SUS)"
5,6,8,0.578175,138,0.0857605320020423,0.00730042129480831,163,0.578360714285714,"South Gulf (SG)"
6,6,8,0.3613,69,0.0792608659811165,0.00954188696745354,163,0.3617,"West Gulf (WG)"
1,6,9,0.433625,138,0.0386591097813998,0.0032908819674736,164,0.433014607142857,"Florida Peninsula (FP)"
2,6,9,0.574325,138,0.0668334173656845,0.00568923830054641,164,0.574057142857143,"Central America (CA)"
3,6,9,0.535225,230,0.0596913056962217,0.00393592814075873,164,0.536432142857143,"Caribbean (C)"
4,6,9,0.47265,299,0.0458484591885898,0.00265148485564063,164,0.472264285714286,"Southeast US (SUS)"
5,6,9,0.579475,138,0.0844521920831548,0.00718904800476778,164,0.580232142857143,"South Gulf (SG)"
6,6,9,0.3613,69,0.0794865587373455,0.00956905718244744,164,0.361428571428571,"West Gulf (WG)"
1,6,10,0.4350375,138,0.038309644094385,0.00326113347263886,165,0.434556196428571,"Florida Peninsula (FP)"
2,6,10,0.575325,138,0.0666760585087053,0.00567584302507878,165,0.57465,"Central America (CA)"
3,6,10,0.537225,230,0.0595365783661967,0.00392572572274682,165,0.538210714285714,"Caribbean (C)"
4,6,10,0.47375,299,0.0460477332771669,0.00266300917373843,165,0.4731,"Southeast US (SUS)"
5,6,10,0.581575,138,0.0822295431019028,0.00699984355868028,165,0.582441071428571,"South Gulf (SG)"
6,6,10,0.3613,69,0.0793380069651961,0.00955117365062983,165,0.361278571428571,"West Gulf (WG)"
1,6,11,0.4355,138,0.0390488529876544,0.00332405911243791,166,0.436295482142857,"Florida Peninsula (FP)"
2,6,11,0.57535,138,0.0662527320279682,0.00563980708194173,166,0.574985714285714,"Central America (CA)"
3,6,11,0.540025,230,0.0591623412839027,0.00390104926029829,166,0.539628571428571,"Caribbean (C)"
4,6,11,0.4746,299,0.0460359525490155,0.0026623278766385,166,0.473657142857143,"Southeast US (SUS)"
5,6,11,0.586325,138,0.0802605407704848,0.0068322309493104,166,0.58475,"South Gulf (SG)"
6,6,11,0.3613,69,0.0795220545175898,0.0095733303722331,166,0.361114285714286,"West Gulf (WG)"
1,6,12,0.4394,138,0.0390737480971533,0.0033261783248924,167,0.437420482142857,"Florida Peninsula (FP)"
2,6,12,0.57575,138,0.0668710888764163,0.00569244511249981,167,0.575508035714286,"Central America (CA)"
3,6,12,0.5429,230,0.0593619274059539,0.00391420957946243,167,0.54095,"Caribbean (C)"
4,6,12,0.4746,299,0.046121579505085,0.00266727981136588,167,0.474214285714286,"Southeast US (SUS)"
5,6,12,0.586325,138,0.0800879392241254,0.00681753812995465,167,0.587267857142857,"South Gulf (SG)"
6,6,12,0.36125,69,0.0796524161182841,0.00958902406474231,167,0.360792857142857,"West Gulf (WG)"
1,6,13,0.437930875,138,0.0392227804464487,0.0033388648009556,168,0.438559767857143,"Florida Peninsula (FP)"
2,6,13,0.57515,138,0.0660856932503437,0.00562558779690744,168,0.576104642857143,"Central America (CA)"
3,6,13,0.5429,230,0.0587041760347511,0.00387083873841038,168,0.542539285714286,"Caribbean (C)"
4,6,13,0.4746,299,0.0460203817503192,0.00266142739409963,168,0.474521428571428,"Southeast US (SUS)"
5,6,13,0.5897,138,0.0791051900356405,0.00673388096347509,168,0.589853571428571,"South Gulf (SG)"
6,6,13,0.3612,69,0.0798428483242561,0.00961194940831324,168,0.360464285714286,"West Gulf (WG)"
1,6,14,0.43995,138,0.0388286111259323,0.00330531088012417,169,0.439750839285714,"Florida Peninsula (FP)"
2,6,14,0.576125,138,0.0659596888391472,0.0056148615891139,169,0.576801071428571,"Central America (CA)"
3,6,14,0.543975,230,0.0588705662506529,0.00388181018434336,169,0.544189285714286,"Caribbean (C)"
4,6,14,0.4746,299,0.0459753694574636,0.00265882426599158,169,0.474928571428571,"Southeast US (SUS)"
5,6,14,0.591675,138,0.0782211455708937,0.00665862610106541,169,0.592428571428571,"South Gulf (SG)"
6,6,14,0.36015,69,0.0799619722946703,0.00962629024911453,169,0.360021428571429,"West Gulf (WG)"
1,6,15,0.4405,138,0.0391431271844945,0.00333208426501213,170,0.441150839285714,"Florida Peninsula (FP)"
2,6,15,0.57653125,138,0.0650661234331857,0.00553879625036542,170,0.577628571428571,"Central America (CA)"
3,6,15,0.5444,230,0.0587374903087621,0.0038730354165872,170,0.545717857142857,"Caribbean (C)"
4,6,15,0.4747,299,0.0459779483702955,0.00265897340837148,170,0.475214285714286,"Southeast US (SUS)"
5,6,15,0.5958,138,0.0767239601994985,0.00653117721854974,170,0.594742857142857,"South Gulf (SG)"
6,6,15,0.35905,69,0.0801156646397015,0.00964479263318386,170,0.359464285714286,"West Gulf (WG)"
1,6,16,0.4416,138,0.0394395680955735,0.00335731899116613,171,0.442279410714286,"Florida Peninsula (FP)"
2,6,16,0.57850125,138,0.0645145234499521,0.00549184094155601,171,0.578657142857143,"Central America (CA)"
3,6,16,0.54635,230,0.0589155333402056,0.003884775226423,171,0.546842857142857,"Caribbean (C)"
4,6,16,0.4748,299,0.0460470755774319,0.00266297113798069,171,0.4756,"Southeast US (SUS)"
5,6,16,0.597575,138,0.075187169605888,0.00640035691562778,171,0.597907142857143,"South Gulf (SG)"
6,6,16,0.359,69,0.080448005319498,0.00968480174943626,171,0.359057142857143,"West Gulf (WG)"
1,6,17,0.443375,138,0.039595882464681,0.00337062535392155,172,0.443930357142857,"Florida Peninsula (FP)"
2,6,17,0.5802,138,0.0641484906189467,0.00546068215776947,172,0.579914285714286,"Central America (CA)"
3,6,17,0.548775,230,0.0588613922206163,0.00388120526671651,172,0.547975,"Caribbean (C)"
4,6,17,0.4766,299,0.0459901508359531,0.00265967909518113,172,0.476085714285714,"Southeast US (SUS)"
5,6,17,0.5996,138,0.0727494721473416,0.00619284632746762,172,0.600991071428571,"South Gulf (SG)"
6,6,17,0.3582,69,0.0806812338661436,0.00971287916698815,172,0.359071428571429,"West Gulf (WG)"
1,6,18,0.4453,138,0.0397231053721289,0.00338145528700427,173,0.445503571428571,"Florida Peninsula (FP)"
2,6,18,0.5811425,138,0.0630925824868335,0.00537079728843521,173,0.581228571428571,"Central America (CA)"
3,6,18,0.550725,230,0.0589289288009718,0.00388565849694914,173,0.549064285714286,"Caribbean (C)"
4,6,18,0.4766,299,0.0458181159339513,0.00264973005991644,173,0.476521428571429,"Southeast US (SUS)"
5,6,18,0.602525,138,0.0706704843769066,0.00601587113577259,173,0.604105357142857,"South Gulf (SG)"
6,6,18,0.3574,69,0.0809208012227397,0.00974171968758348,173,0.359242857142857,"West Gulf (WG)"
1,6,19,0.4473,138,0.0400844635891498,0.0034122161412225,174,0.446857142857143,"Florida Peninsula (FP)"
2,6,19,0.58295,138,0.0639773718066909,0.00544611555712263,174,0.58310625,"Central America (CA)"
3,6,19,0.550775,230,0.0590191066886265,0.0038916046507743,174,0.551092857142857,"Caribbean (C)"
4,6,19,0.4773,299,0.0457051615379207,0.00264319773853086,174,0.477325,"Southeast US (SUS)"
5,6,19,0.608475,138,0.069767690467701,0.00593902021465853,174,0.6077125,"South Gulf (SG)"
6,6,19,0.3584,69,0.0811579975828982,0.00977027477374999,174,0.359039285714286,"West Gulf (WG)"
1,6,20,0.4494875,138,0.0404405121550374,0.00344252500792041,175,0.448164285714286,"Florida Peninsula (FP)"
2,6,20,0.58395,138,0.0640143651956169,0.00544926464351445,175,0.584984642857143,"Central America (CA)"
3,6,20,0.550825,230,0.0588946704115745,0.00388339956564728,175,0.552857142857143,"Caribbean (C)"
4,6,20,0.478,299,0.045602957069932,0.00263728710153571,175,0.478128571428571,"Southeast US (SUS)"
5,6,20,0.6112875,138,0.0694097380404536,0.00590854928051901,175,0.611071428571428,"South Gulf (SG)"
6,6,20,0.3613,69,0.0810928344692734,0.00976243005672655,175,0.358960714285714,"West Gulf (WG)"
1,6,21,0.4509625,138,0.0406853065227603,0.00346336328834212,176,0.449207142857143,"Florida Peninsula (FP)"
2,6,21,0.585325,138,0.063753031488893,0.00542701844105883,176,0.586674142857143,"Central America (CA)"
3,6,21,0.5516,230,0.0587842222681176,0.00387611683073546,176,0.554275,"Caribbean (C)"
4,6,21,0.47765,299,0.0456302303304879,0.002638864354918,176,0.478692857142857,"Southeast US (SUS)"
5,6,21,0.613475,138,0.0680163349485185,0.00578993493232009,176,0.614839285714286,"South Gulf (SG)"
6,6,21,0.36135,69,0.0814813808646319,0.00980920554599518,176,0.359114285714286,"West Gulf (WG)"
1,6,22,0.449975,132,0.0415339708990874,0.00361506814832265,177,0.450042857142857,"Florida Peninsula (FP)"
2,6,22,0.589675,132,0.0625627530891353,0.00544538870394588,177,0.587948321428571,"Central America (CA)"
3,6,22,0.5586,220,0.058692498777665,0.00395704746035258,177,0.555421428571429,"Caribbean (C)"
4,6,22,0.480325,286,0.0459098483103165,0.00271470624038686,177,0.479264285714286,"Southeast US (SUS)"
5,6,22,0.62105,132,0.063380935343866,0.00551660232846992,177,0.618614285714286,"South Gulf (SG)"
6,6,22,0.357625,66,0.082464901931389,0.0101507277321991,177,0.359382142857143,"West Gulf (WG)"
1,6,23,0.45075,132,0.0419550810473081,0.00365172108207336,178,0.450607142857143,"Florida Peninsula (FP)"
2,6,23,0.59165,132,0.060596962101718,0.00527428856035166,178,0.589201892857143,"Central America (CA)"
3,6,23,0.5587,220,0.0586318760419983,0.00395296027634771,178,0.556553571428571,"Caribbean (C)"
4,6,23,0.480425,286,0.0458869330081219,0.00271335123016231,178,0.479803571428571,"Southeast US (SUS)"
5,6,23,0.6210875,132,0.0626986978682555,0.00545722117819021,178,0.621539285714286,"South Gulf (SG)"
6,6,23,0.35845,66,0.0823378221679026,0.0101350852946383,178,0.359510714285714,"West Gulf (WG)"
1,6,24,0.450675,132,0.0422847969505829,0.00368041916786005,179,0.450866071428571,"Florida Peninsula (FP)"
2,6,24,0.5920265,132,0.0594356013060334,0.00517320507783586,179,0.590176892857143,"Central America (CA)"
3,6,24,0.5587,220,0.0586571030046986,0.003954661077826,179,0.557392857142857,"Caribbean (C)"
4,6,24,0.48055,286,0.045875945853573,0.00271270154609417,179,0.479889285714286,"Southeast US (SUS)"
5,6,24,0.625975,132,0.0604442299270261,0.00526099493087197,179,0.624055357142857,"South Gulf (SG)"
6,6,24,0.359275,66,0.0821281920771291,0.0101092816142108,179,0.359782142857143,"West Gulf (WG)"
1,6,25,0.45115,132,0.0427048112382838,0.0037169767191955,180,0.451042857142857,"Florida Peninsula (FP)"
2,6,25,0.59006175,132,0.0592383424306905,0.00515603589651778,180,0.591101892857143,"Central America (CA)"
3,6,25,0.55875,220,0.0585186389885841,0.00394532583576395,180,0.558114285714286,"Caribbean (C)"
4,6,25,0.4806,286,0.0458315064131739,0.00271007378689629,180,0.480092857142857,"Southeast US (SUS)"
5,6,25,0.62895,132,0.0584896628470318,0.00509087170302518,180,0.626258928571429,"South Gulf (SG)"
6,6,25,0.359275,66,0.0817336469836164,0.0100607164703918,180,0.360046428571429,"West Gulf (WG)"
1,6,26,0.45125,132,0.0427381069189738,0.00371987473621948,181,0.451442857142857,"Florida Peninsula (FP)"
2,6,26,0.591725,132,0.058599693321559,0.00510044862656987,181,0.591466178571428,"Central America (CA)"
3,6,26,0.5587,220,0.0579119730689832,0.00390442442780834,181,0.557967857142857,"Caribbean (C)"
4,6,26,0.481075,286,0.0458178456883048,0.00270926601130096,181,0.480103571428571,"Southeast US (SUS)"
5,6,26,0.62895,132,0.0567284932041703,0.00493758156144035,181,0.627401785714286,"South Gulf (SG)"
6,6,26,0.3593,66,0.081057559174514,0.00997749581393642,181,0.36085,"West Gulf (WG)"
1,6,27,0.4513,138,0.042326487858062,0.00360306992132562,182,0.451732142857143,"Florida Peninsula (FP)"
2,6,27,0.590775,138,0.0597903721406035,0.00508969447611847,182,0.592184035714286,"Central America (CA)"
3,6,27,0.5567,230,0.0582129027199879,0.00383844513532485,182,0.557932142857143,"Caribbean (C)"
4,6,27,0.4786,299,0.0456350752180158,0.00263914454199811,182,0.480114285714286,"Southeast US (SUS)"
5,6,27,0.6289,138,0.0605067487550556,0.00515067650327198,182,0.629071428571429,"South Gulf (SG)"
6,6,27,0.3632,69,0.079449669033647,0.00956461618399762,182,0.361542857142857,"West Gulf (WG)"
1,6,28,0.4522,138,0.0422743163896387,0.00359862879100415,183,0.452032142857143,"Florida Peninsula (FP)"
2,6,28,0.5918,138,0.0605705054683129,0.00515610383512598,183,0.592965964285714,"Central America (CA)"
3,6,28,0.55665,230,0.0579299529216938,0.00381978797813021,183,0.5579,"Caribbean (C)"
4,6,28,0.479075,299,0.0455042112229928,0.00263157648176025,183,0.480107142857143,"Southeast US (SUS)"
5,6,28,0.6289,138,0.0591730201116069,0.00503714198147241,183,0.630042857142857,"South Gulf (SG)"
6,6,28,0.3632,69,0.0779779728848862,0.009387444787646,183,0.362117857142857,"West Gulf (WG)"
1,6,29,0.452775,138,0.0424011195540945,0.00360942299319054,184,0.452533607142857,"Florida Peninsula (FP)"
2,6,29,0.592225,138,0.0612970520907498,0.005217951590851,184,0.5940625,"Central America (CA)"
3,6,29,0.557575,230,0.0579097210696856,0.00381845392931472,184,0.557875,"Caribbean (C)"
4,6,29,0.4804,299,0.0454512444860903,0.00262851333627543,184,0.480107142857143,"Southeast US (SUS)"
5,6,29,0.62905,138,0.05863152619909,0.0049910469585328,184,0.630871428571428,"South Gulf (SG)"
6,6,29,0.36325,69,0.0769725339620075,0.00926640416518961,184,0.362692857142857,"West Gulf (WG)"
1,6,30,0.452775,138,0.0422772548946844,0.00359887893316524,185,0.453083607142857,"Florida Peninsula (FP)"
2,6,30,0.596675,138,0.0618048381125046,0.00526117720757567,185,0.595019642857143,"Central America (CA)"
3,6,30,0.55845,230,0.0574964303238664,0.00379120234455189,185,0.557875,"Caribbean (C)"
4,6,30,0.4805,299,0.0454200895631989,0.00262671160056419,185,0.480039285714286,"Southeast US (SUS)"
5,6,30,0.632775,138,0.0590191607601627,0.00502404460369889,185,0.631978571428571,"South Gulf (SG)"
6,6,30,0.3633,69,0.0767087498848337,0.0092346482940286,185,0.3634,"West Gulf (WG)"
1,7,1,0.452775,138,0.0421444117379226,0.00358757057268923,187,0.453633607142857,"Florida Peninsula (FP)"
2,7,1,0.5975,138,0.0619456555302152,0.00527316438222275,187,0.596408928571429,"Central America (CA)"
3,7,1,0.558475,230,0.0570316562251815,0.0037605560480306,187,0.55825,"Caribbean (C)"
4,7,1,0.4805,299,0.0453795823825378,0.00262436900982137,187,0.480460714285714,"Southeast US (SUS)"
5,7,1,0.632775,138,0.0576289315597561,0.00490570043508913,187,0.633107142857143,"South Gulf (SG)"
6,7,1,0.3633,69,0.0767613394207537,0.00924097933017372,187,0.363421428571429,"West Gulf (WG)"
1,7,2,0.45466025,138,0.0416861229038266,0.00354855843638942,188,0.454051464285714,"Florida Peninsula (FP)"
2,7,2,0.5977375,138,0.0623627916778784,0.00530867336921413,188,0.5977625,"Central America (CA)"
3,7,2,0.558575,230,0.0572621193162641,0.00377575233424043,188,0.558542857142857,"Caribbean (C)"
4,7,2,0.4806,299,0.0453979515381225,0.0026254313255176,188,0.480814285714286,"Southeast US (SUS)"
5,7,2,0.63475,138,0.0572505827561047,0.00487349324608784,188,0.634239285714286,"South Gulf (SG)"
6,7,2,0.3633,69,0.0773337732106474,0.00930989226030519,188,0.363435714285714,"West Gulf (WG)"
1,7,3,0.4551,138,0.0415866105063956,0.00354008737856897,189,0.454794321428571,"Florida Peninsula (FP)"
2,7,3,0.598425,138,0.0628260413291376,0.00534810779831475,189,0.598576785714286,"Central America (CA)"
3,7,3,0.5587,230,0.0569166256003405,0.00375297115324433,189,0.5587,"Caribbean (C)"
4,7,3,0.4806,299,0.0452993881244874,0.00261973125613252,189,0.480842857142857,"Southeast US (SUS)"
5,7,3,0.6367,138,0.056784301814489,0.00483380077641596,189,0.635910714285714,"South Gulf (SG)"
6,7,3,0.36425,69,0.0772011968472283,0.00929393194169598,189,0.363428571428571,"West Gulf (WG)"
1,7,4,0.45515,138,0.0415344833118403,0.00353565001708943,190,0.455676464285714,"Florida Peninsula (FP)"
2,7,4,0.6005,138,0.0629903674618762,0.00536209616768155,190,0.598794642857143,"Central America (CA)"
3,7,4,0.559325,230,0.0572083164126262,0.00377220467583334,190,0.558739285714286,"Caribbean (C)"
4,7,4,0.48155,299,0.0452273427040873,0.00261556476189281,190,0.480910642857143,"Southeast US (SUS)"
5,7,4,0.6368,138,0.0562337494103145,0.00478693464345811,190,0.637078571428571,"South Gulf (SG)"
6,7,4,0.36335,69,0.0766525700050282,0.00922788503127196,190,0.363414285714286,"West Gulf (WG)"
1,7,5,0.455125,138,0.0415766683942647,0.00353924104978087,191,0.456558607142857,"Florida Peninsula (FP)"
2,7,5,0.601275,138,0.0636888438715189,0.00542155442821047,191,0.599144642857143,"Central America (CA)"
3,7,5,0.5587,230,0.0572171880130985,0.00377278965184526,191,0.559035714285714,"Caribbean (C)"
4,7,5,0.48155,299,0.045463832053521,0.00262924129409566,191,0.480924928571429,"Southeast US (SUS)"
5,7,5,0.636825,138,0.0554057078565449,0.00471644706541951,191,0.638257142857143,"South Gulf (SG)"
6,7,5,0.3633,69,0.0766945678362384,0.00923294097600996,191,0.3634,"West Gulf (WG)"
1,7,6,0.457975,138,0.0421560750043677,0.00358856341586236,192,0.457178571428571,"Florida Peninsula (FP)"
2,7,6,0.597925,138,0.0635326815231433,0.00540826100631915,192,0.599714285714286,"Central America (CA)"
3,7,6,0.558675,230,0.0561690210746443,0.00370367557063769,192,0.559876785714286,"Caribbean (C)"
4,7,6,0.4806,299,0.0452922195491127,0.00261931668671451,192,0.480910642857143,"Southeast US (SUS)"
5,7,6,0.64075,138,0.0545950444531671,0.00464743881378227,192,0.639175,"South Gulf (SG)"
6,7,6,0.3632,69,0.0765406770615967,0.00921441470382268,192,0.363385714285714,"West Gulf (WG)"
1,7,7,0.45895,138,0.0424435595469814,0.00361303572530158,193,0.457556964285714,"Florida Peninsula (FP)"
2,7,7,0.5982,138,0.0647541047973188,0.0055122354602154,193,0.600214285714286,"Central America (CA)"
3,7,7,0.558725,230,0.0575198309073988,0.00379274533333662,193,0.560951785714286,"Caribbean (C)"
4,7,7,0.4809745,299,0.0453103063831804,0.00262036267533584,193,0.480896357142857,"Southeast US (SUS)"
5,7,7,0.64095,138,0.0539103819654214,0.00458915647237636,193,0.639907142857143,"South Gulf (SG)"
6,7,7,0.3632,69,0.0765558315465322,0.00921623908941972,193,0.363235714285714,"West Gulf (WG)"
1,7,8,0.45895,138,0.0427000487930435,0.00363486953987955,194,0.45797125,"Florida Peninsula (FP)"
2,7,8,0.59995,138,0.0653865512734187,0.00556607287952894,194,0.600486714285714,"Central America (CA)"
3,7,8,0.56055,230,0.0568567620061059,0.00374902386473377,194,0.561755357142857,"Caribbean (C)"
4,7,8,0.4806,299,0.0451034011447022,0.00260839703644445,194,0.480739214285714,"Southeast US (SUS)"
5,7,8,0.641025,138,0.0532326454668996,0.00453146371032634,194,0.640746428571429,"South Gulf (SG)"
6,7,8,0.3632,69,0.0772851192482541,0.00930403501153647,194,0.363214285714286,"West Gulf (WG)"
1,7,9,0.459,138,0.0428598068174815,0.00364846904604395,195,0.458389107142857,"Florida Peninsula (FP)"
2,7,9,0.601725,138,0.0658363296025252,0.00560436055353351,195,0.600721892857143,"Central America (CA)"
3,7,9,0.5644625,230,0.0567774391636462,0.00374379347139255,195,0.562580357142857,"Caribbean (C)"
4,7,9,0.4805,299,0.045098521091446,0.00260811481567777,195,0.480324928571428,"Southeast US (SUS)"
5,7,9,0.641175,138,0.0524924569254002,0.00446845467733192,195,0.641775,"South Gulf (SG)"
6,7,9,0.3632,69,0.0772425391527131,0.00929890897041029,195,0.363485714285714,"West Gulf (WG)"
1,7,10,0.45774875,138,0.0430376130675625,0.00366360491920306,196,0.458537178571428,"Florida Peninsula (FP)"
2,7,10,0.601925,138,0.0668057001948408,0.00568687885827693,196,0.601271892857143,"Central America (CA)"
3,7,10,0.566225,230,0.0576342742236512,0.00380029150214137,196,0.563408928571429,"Caribbean (C)"
4,7,10,0.4805,299,0.0450424390145136,0.0026048715054272,196,0.480039214285714,"Southeast US (SUS)"
5,7,10,0.641825,138,0.0521838240132447,0.00444218209912398,196,0.642314285714286,"South Gulf (SG)"
6,7,10,0.3632,69,0.0776087955966836,0.00934300106486584,196,0.363485714285714,"West Gulf (WG)"
1,7,11,0.45805,138,0.0431707887091347,0.00367494158266569,197,0.458458607142857,"Florida Peninsula (FP)"
2,7,11,0.602407,138,0.0669788883989532,0.00570162161725703,197,0.602125321428572,"Central America (CA)"
3,7,11,0.56495,230,0.056871899365963,0.00375002199268462,197,0.564230357142857,"Caribbean (C)"
4,7,11,0.48045,299,0.0450012830105601,0.00260249139226456,197,0.4797,"Southeast US (SUS)"
5,7,11,0.642675,138,0.0519171573461811,0.00441948192493662,197,0.642828571428571,"South Gulf (SG)"
6,7,11,0.3632,69,0.0779650942495514,0.00938589438214464,197,0.363485714285714,"West Gulf (WG)"
1,7,12,0.45805,138,0.0433286917182356,0.00368838317943806,198,0.458251464285714,"Florida Peninsula (FP)"
2,7,12,0.60292125,138,0.0683527911828918,0.00581857598900257,198,0.602573,"Central America (CA)"
3,7,12,0.564475,230,0.0572442682414566,0.00377457526922471,198,0.565041071428571,"Caribbean (C)"
4,7,12,0.47865,299,0.0447155610337773,0.00258596766370812,198,0.479414285714286,"Southeast US (SUS)"
5,7,12,0.644025,138,0.0521670087388601,0.00444075068791033,198,0.643378571428571,"South Gulf (SG)"
6,7,12,0.3652,69,0.0773926414014398,0.00931697915767335,198,0.363485714285714,"West Gulf (WG)"
1,7,13,0.4590115,138,0.0435326239388577,0.00370574304290173,199,0.458026392857143,"Florida Peninsula (FP)"
2,7,13,0.601775,138,0.0682878177268997,0.00581304508112864,199,0.602440857142857,"Central America (CA)"
3,7,13,0.564475,230,0.0562197010674904,0.00370701731040515,199,0.565296428571428,"Caribbean (C)"
4,7,13,0.4786,299,0.0447950833616833,0.00259056655867339,199,0.479142857142857,"Southeast US (SUS)"
5,7,13,0.644525,138,0.0511827466092842,0.00435696473133234,199,0.643957142857143,"South Gulf (SG)"
6,7,13,0.3632,69,0.0770997216430151,0.00928171576266972,199,0.363485714285714,"West Gulf (WG)"
1,7,14,0.4584,138,0.0437650598744149,0.00372552930371433,200,0.458008714285714,"Florida Peninsula (FP)"
2,7,14,0.604174,138,0.068998815743067,0.00587356925159053,200,0.602419428571429,"Central America (CA)"
3,7,14,0.564475,230,0.0568295627848288,0.0037472304011936,200,0.565303571428571,"Caribbean (C)"
4,7,14,0.4786,299,0.0444351416319134,0.00256975059097702,200,0.478871428571429,"Southeast US (SUS)"
5,7,14,0.64455,138,0.0506178546792088,0.00430887793686738,200,0.644489285714286,"South Gulf (SG)"
6,7,14,0.3632,69,0.0771185560910085,0.0092839831637588,200,0.363357142857143,"West Gulf (WG)"
1,7,15,0.4575,138,0.0436707842207585,0.00371750402712767,201,0.457940857142857,"Florida Peninsula (FP)"
2,7,15,0.60308375,138,0.0691513980568152,0.00588655792069618,201,0.602850571428571,"Central America (CA)"
3,7,15,0.566225,230,0.0570079060939278,0.00375899001075167,201,0.565489285714286,"Caribbean (C)"
4,7,15,0.4786,299,0.0446767462021865,0.00258372294403905,201,0.478607142857143,"Southeast US (SUS)"
5,7,15,0.644875,138,0.0501492009508531,0.00426898348217465,201,0.6449,"South Gulf (SG)"
6,7,15,0.3632,69,0.0770606249008759,0.00927700906801441,201,0.3631,"West Gulf (WG)"
1,7,16,0.4574245,138,0.043828384770265,0.00373091987682954,202,0.457812285714286,"Florida Peninsula (FP)"
2,7,16,0.6008,138,0.0685174752948324,0.00583259483158273,202,0.603042357142857,"Central America (CA)"
3,7,16,0.56625,230,0.0565778663655897,0.00373063403078661,202,0.565746428571429,"Caribbean (C)"
4,7,16,0.4786,299,0.0444982902291082,0.00257340256864607,202,0.4786,"Southeast US (SUS)"
5,7,16,0.645225,138,0.0496404557747923,0.00422567621681328,202,0.645028571428571,"South Gulf (SG)"
6,7,16,0.3632,69,0.0769920625264524,0.00926875512807985,202,0.362557142857143,"West Gulf (WG)"
1,7,17,0.457625,138,0.0440098877837894,0.00374637043939104,203,0.457535642857143,"Florida Peninsula (FP)"
2,7,17,0.601775,138,0.067971986244047,0.00578615971988888,203,0.6035495,"Central America (CA)"
3,7,17,0.566275,230,0.0560789196701427,0.0036977344599623,203,0.566007142857143,"Caribbean (C)"
4,7,17,0.4786,299,0.0442065258833037,0.00255652940086666,203,0.478585714285714,"Southeast US (SUS)"
5,7,17,0.64555,138,0.0491441400102868,0.0041834270132279,203,0.645314285714286,"South Gulf (SG)"
6,7,17,0.3623,69,0.0772832236222563,0.0093038068049836,203,0.362428571428571,"West Gulf (WG)"
1,7,18,0.457575,138,0.0444140468667442,0.00378077474527411,204,0.457364607142857,"Florida Peninsula (FP)"
2,7,18,0.605425,138,0.0683231803612595,0.005816055348473,204,0.6037175,"Central America (CA)"
3,7,18,0.56625,230,0.0569706124584393,0.00375653094124937,204,0.566267857142857,"Caribbean (C)"
4,7,18,0.4786,299,0.0444623894774221,0.00257132637456918,204,0.478571428571429,"Southeast US (SUS)"
5,7,18,0.64555,138,0.0486634314342328,0.00414250638175213,204,0.645592857142857,"South Gulf (SG)"
6,7,18,0.3614,69,0.0768611294596417,0.00925299263913472,204,0.362442857142857,"West Gulf (WG)"
1,7,19,0.45715,138,0.0445664610806198,0.00379374910476832,205,0.457441892857143,"Florida Peninsula (FP)"
2,7,19,0.60426375,138,0.0683079729521797,0.00581476080784349,205,0.604064785714286,"Central America (CA)"
3,7,19,0.566275,230,0.0566700601701441,0.00373671311023573,205,0.566278571428571,"Caribbean (C)"
4,7,19,0.4786,299,0.0444162576104359,0.00256865849981743,205,0.478307142857143,"Southeast US (SUS)"
5,7,19,0.644925,138,0.0481832115066319,0.00410162734679504,205,0.645867857142857,"South Gulf (SG)"
6,7,19,0.3614,69,0.0766092994536115,0.00922267586902618,205,0.363021428571428,"West Gulf (WG)"
1,7,20,0.457075,138,0.0447313395190507,0.00380778448951788,206,0.457402678571428,"Florida Peninsula (FP)"
2,7,20,0.605325,138,0.0688113548699658,0.00585761152234162,206,0.604736214285714,"Central America (CA)"
3,7,20,0.5663,230,0.0567669649476739,0.00374310282204393,206,0.566285714285714,"Caribbean (C)"
4,7,20,0.4785,299,0.0442896655872875,0.00256133749409197,206,0.478021428571429,"Southeast US (SUS)"
5,7,20,0.646525,138,0.0481691364273486,0.00410042919647897,206,0.646167857142857,"South Gulf (SG)"
6,7,20,0.3623,69,0.0767588332367515,0.00924067762107463,206,0.364021428571429,"West Gulf (WG)"
1,7,21,0.45720275,138,0.0448487907880959,0.00381778260549994,207,0.457334821428571,"Florida Peninsula (FP)"
2,7,21,0.60535,138,0.0679167210755323,0.00578145523632672,207,0.6052755,"Central America (CA)"
3,7,21,0.5663,230,0.0562415577691585,0.00370845849863443,207,0.566303571428571,"Caribbean (C)"
4,7,21,0.4785,299,0.0443618999133703,0.00256551491302939,207,0.477578571428571,"Southeast US (SUS)"
5,7,21,0.6465,138,0.0478792468366384,0.00407575215574986,207,0.646421428571429,"South Gulf (SG)"
6,7,21,0.3633,69,0.0766892043464235,0.00923229528771308,207,0.36515,"West Gulf (WG)"
1,7,22,0.458041,138,0.0448346467543611,0.00381657858539115,208,0.457277678571428,"Florida Peninsula (FP)"
2,7,22,0.60551475,138,0.0676495954135094,0.0057587159898937,208,0.605307642857143,"Central America (CA)"
3,7,22,0.5663,230,0.0556760884088478,0.00367117255318517,208,0.566325,"Caribbean (C)"
4,7,22,0.47675,299,0.0440973438175896,0.00255021523897612,208,0.477135714285714,"Southeast US (SUS)"
5,7,22,0.6468,138,0.0473030775647408,0.00402670537019733,208,0.646653571428571,"South Gulf (SG)"
6,7,22,0.36725,69,0.0765290092458474,0.00921301006387006,208,0.366407142857143,"West Gulf (WG)"
1,7,23,0.45715,138,0.0448029359216976,0.00381387918005109,209,0.457399107142857,"Florida Peninsula (FP)"
2,7,23,0.6055,138,0.0681476136195247,0.00580111011492442,209,0.605773857142857,"Central America (CA)"
3,7,23,0.5663,230,0.0560024384657873,0.00369269143868893,209,0.566346428571428,"Caribbean (C)"
4,7,23,0.4766,299,0.0439994640332929,0.00254455470489648,209,0.476578571428571,"Southeast US (SUS)"
5,7,23,0.647325,138,0.0470353279850561,0.00400391301236587,209,0.646871428571428,"South Gulf (SG)"
6,7,23,0.3702,69,0.0765552498397277,0.00921616906014981,209,0.367664285714286,"West Gulf (WG)"
1,7,24,0.45715,138,0.0450055287315561,0.00383112502529876,210,0.457402678571428,"Florida Peninsula (FP)"
2,7,24,0.60555,138,0.0680871351762431,0.00579596184794307,210,0.605809571428571,"Central America (CA)"
3,7,24,0.5664,230,0.0557207354959432,0.00367411649492765,210,0.566367857142857,"Caribbean (C)"
4,7,24,0.4755,299,0.0440810619257542,0.00254927363285922,210,0.476021428571429,"Southeast US (SUS)"
5,7,24,0.647325,138,0.0465561116103084,0.00396311940550082,210,0.646860714285714,"South Gulf (SG)"
6,7,24,0.3702,69,0.0759432450788238,0.00914249234491585,210,0.366007142857143,"West Gulf (WG)"
1,7,25,0.457175,138,0.0450068313768019,0.00383123591382604,211,0.457393357142857,"Florida Peninsula (FP)"
2,7,25,0.60565,138,0.0674771269758031,0.00574403450149898,211,0.606470285714286,"Central America (CA)"
3,7,25,0.5664,230,0.0555501293953337,0.00366286706178924,211,0.5664,"Caribbean (C)"
4,7,25,0.4755,299,0.0439757023095556,0.00254318052893183,211,0.475592857142857,"Southeast US (SUS)"
5,7,25,0.647175,138,0.0464581873414778,0.00395478353816464,211,0.647146428571429,"South Gulf (SG)"
6,7,25,0.3702,69,0.0764201634796358,0.0091999065734499,211,0.364342857142857,"West Gulf (WG)"
1,7,26,0.458,138,0.0450626191154066,0.00383598488150839,212,0.4572625,"Florida Peninsula (FP)"
2,7,26,0.60752725,138,0.0663336019289911,0.00564669118508048,212,0.607375321428571,"Central America (CA)"
3,7,26,0.566425,230,0.0545012164295508,0.00359370378899635,212,0.566432142857143,"Caribbean (C)"
4,7,26,0.4747,299,0.04377076885104,0.00253132892101992,212,0.475296428571429,"Southeast US (SUS)"
5,7,26,0.64645,138,0.046004185439397,0.00391613632975232,212,0.647385714285714,"South Gulf (SG)"
6,7,26,0.3702,69,0.0765906179507503,0.0092204268803673,212,0.362114285714286,"West Gulf (WG)"
1,7,27,0.4571,138,0.0458114515478601,0.00389972973136539,213,0.457258928571428,"Florida Peninsula (FP)"
2,7,27,0.605575,138,0.0678628372784544,0.00577686834291025,213,0.608507464285714,"Central America (CA)"
3,7,27,0.56645,230,0.052760416852306,0.00347891886406326,213,0.566467857142857,"Caribbean (C)"
4,7,27,0.4746,299,0.0436368989508747,0.00252358702479928,213,0.475139285714286,"Southeast US (SUS)"
5,7,27,0.64645,138,0.0436613901891241,0.00371670435404978,213,0.64755,"South Gulf (SG)"
6,7,27,0.3507,69,0.0774968349524637,0.0093295225871994,213,0.359185714285714,"West Gulf (WG)"
1,7,28,0.4571375,138,0.0462673740180517,0.00393854042939242,214,0.457251785714286,"Florida Peninsula (FP)"
2,7,28,0.609975,138,0.0672905223448113,0.00572814966041881,214,0.609480857142857,"Central America (CA)"
3,7,28,0.566525,230,0.0525526904272981,0.00346522178921741,214,0.566685714285714,"Caribbean (C)"
4,7,28,0.4755,299,0.0439236851705291,0.00254017230011011,214,0.475010714285714,"Southeast US (SUS)"
5,7,28,0.6485,138,0.0363006390533875,0.00309011560649122,214,0.647696428571429,"South Gulf (SG)"
6,7,28,0.35165,69,0.077688474984878,0.00935259333598698,214,0.355971428571428,"West Gulf (WG)"
1,7,29,0.457125,138,0.0464282772930833,0.00395223742576152,215,0.457094642857143,"Florida Peninsula (FP)"
2,7,29,0.61185,138,0.0673636293273602,0.0057343729400527,215,0.610598714285714,"Central America (CA)"
3,7,29,0.566525,230,0.0524342812027696,0.003457414116165,215,0.566960714285714,"Caribbean (C)"
4,7,29,0.474675,299,0.0437815365491527,0.00253195163308007,215,0.474882142857143,"Southeast US (SUS)"
5,7,29,0.648475,138,0.0356588641631958,0.00303548409983596,215,0.647853571428571,"South Gulf (SG)"
6,7,29,0.35165,69,0.0777937418903262,0.00936526598220106,215,0.352757142857143,"West Gulf (WG)"
1,7,30,0.457125,138,0.0464486404578127,0.00395397085345781,216,0.456816071428571,"Florida Peninsula (FP)"
2,7,30,0.613425,138,0.0673936855012865,0.00573693149148713,216,0.611255535714286,"Central America (CA)"
3,7,30,0.56655,230,0.052495409719959,0.00346144481122523,216,0.567239285714286,"Caribbean (C)"
4,7,30,0.4755,299,0.0436968652292043,0.00252705496421653,216,0.474860714285714,"Southeast US (SUS)"
5,7,30,0.648475,138,0.0355712846933899,0.00302802884027269,216,0.648110714285714,"South Gulf (SG)"
6,7,30,0.3497,69,0.0783573094359501,0.00943311154195245,216,0.349535714285714,"West Gulf (WG)"
1,7,31,0.4571,138,0.0464423573471622,0.00395343599956033,217,0.456530357142857,"Florida Peninsula (FP)"
2,7,31,0.61236375,138,0.0674872853716659,0.00574489924158099,217,0.612544821428571,"Central America (CA)"
3,7,31,0.567925,230,0.0523553382993324,0.00345220877526104,217,0.567578571428571,"Caribbean (C)"
4,7,31,0.4746,299,0.0435425733305516,0.0025181320333293,217,0.474596428571429,"Southeast US (SUS)"
5,7,31,0.64835,138,0.0353012597049995,0.00300504278678915,217,0.648125,"South Gulf (SG)"
6,7,31,0.3477,69,0.0784918083804639,0.00944930331212688,217,0.3491,"West Gulf (WG)"
1,8,1,0.456075,138,0.0465314018282799,0.00396101596916828,218,0.456239285714286,"Florida Peninsula (FP)"
2,8,1,0.613475,138,0.067131297563848,0.00571459554695345,218,0.613259107142857,"Central America (CA)"
3,8,1,0.568325,230,0.0523836251910656,0.00345407395766723,218,0.567907142857143,"Caribbean (C)"
4,8,1,0.4746,299,0.0435710128990176,0.00251977673603956,218,0.474175,"Southeast US (SUS)"
5,8,1,0.648275,138,0.0350939856639974,0.00298739844868317,218,0.647839285714286,"South Gulf (SG)"
6,8,1,0.3477,69,0.0782402981833559,0.00941902504248825,218,0.348528571428571,"West Gulf (WG)"
1,8,2,0.45605,138,0.0467206106331738,0.00397712249225258,219,0.45595,"Florida Peninsula (FP)"
2,8,2,0.612125,138,0.0666514579519488,0.00567374888661885,219,0.613735535714286,"Central America (CA)"
3,8,2,0.568375,230,0.0522545551513955,0.00344556333128134,219,0.568289285714286,"Caribbean (C)"
4,8,2,0.47455,299,0.0435432190199399,0.00251816937451077,219,0.473735714285714,"Southeast US (SUS)"
5,8,2,0.64825,138,0.0347746054172635,0.00296021099660041,219,0.647410714285714,"South Gulf (SG)"
6,8,2,0.34765,69,0.0783447623976626,0.0094316010560445,219,0.347960714285714,"West Gulf (WG)"
1,8,3,0.4551,138,0.0469319096029805,0.00399510945505164,220,0.455653571428571,"Florida Peninsula (FP)"
2,8,3,0.6146,138,0.0665267364179199,0.00566313188458202,220,0.614024821428572,"Central America (CA)"
3,8,3,0.568825,230,0.0521823821679205,0.00344080438568033,220,0.568666071428571,"Caribbean (C)"
4,8,3,0.47275,299,0.0434476387215082,0.00251264182313228,220,0.47305,"Southeast US (SUS)"
5,8,3,0.64655,138,0.0345540261697317,0.00294143404409929,220,0.646928571428571,"South Gulf (SG)"
6,8,3,0.34765,69,0.0786528396842282,0.00946868920300405,220,0.347675,"West Gulf (WG)"
1,8,4,0.4551,138,0.0469982850939742,0.00400075971207071,221,0.455355357142857,"Florida Peninsula (FP)"
2,8,4,0.614975,138,0.0664428378270574,0.00565598996224271,221,0.614855785714286,"Central America (CA)"
3,8,4,0.568825,230,0.0520496637706516,0.00343205319371838,221,0.568730357142857,"Caribbean (C)"
4,8,4,0.47255,299,0.0433493872290533,0.00250695979261482,221,0.472492857142857,"Southeast US (SUS)"
5,8,4,0.6465,138,0.0344204795927319,0.00293006580451613,221,0.646382142857143,"South Gulf (SG)"
6,8,4,0.34765,69,0.078447855175315,0.00944401196802917,221,0.347675,"West Gulf (WG)"
1,8,5,0.4551,138,0.0469565875174155,0.00399721017863447,222,0.455201785714286,"Florida Peninsula (FP)"
2,8,5,0.615185,138,0.066493938830203,0.00566033996850831,222,0.615096214285714,"Central America (CA)"
3,8,5,0.5692,230,0.0518041549549588,0.00341586482180694,222,0.568730357142857,"Caribbean (C)"
4,8,5,0.4716,299,0.0432588069474886,0.00250172139967776,222,0.47165,"Southeast US (SUS)"
5,8,5,0.645475,138,0.0343554095685723,0.00292452667621388,222,0.645735714285714,"South Gulf (SG)"
6,8,5,0.347675,69,0.0782578061220982,0.00942113275062952,222,0.347667857142857,"West Gulf (WG)"
1,8,6,0.45505,138,0.0469825462265287,0.00399941993070074,223,0.454516071428571,"Florida Peninsula (FP)"
2,8,6,0.61545,138,0.065527299301124,0.0055780541473065,223,0.616006357142857,"Central America (CA)"
3,8,6,0.5691875,230,0.0514380224032933,0.00339172275628266,223,0.568726785714286,"Caribbean (C)"
4,8,6,0.4707,299,0.0430920278213651,0.00249207631378001,223,0.470542857142857,"Southeast US (SUS)"
5,8,6,0.6451,138,0.0342839831665132,0.00291844645709173,223,0.644957142857143,"South Gulf (SG)"
6,8,6,0.3477,69,0.0782250996997219,0.00941719536007037,223,0.347667857142857,"West Gulf (WG)"
1,8,7,0.4550125,138,0.0470619276155578,0.00400617732328391,224,0.453958928571429,"Florida Peninsula (FP)"
2,8,7,0.6181805,138,0.0648335615787455,0.00551899927062566,224,0.616366285714286,"Central America (CA)"
3,8,7,0.568375,230,0.0512183529141766,0.00337723817911023,224,0.568648214285714,"Caribbean (C)"
4,8,7,0.4707,299,0.0428386319250026,0.00247742205072347,224,0.469692857142857,"Southeast US (SUS)"
5,8,7,0.644525,138,0.0340288078375339,0.00289672449056352,224,0.644289285714286,"South Gulf (SG)"
6,8,7,0.3477,69,0.0784117890637183,0.00943967011841712,224,0.347675,"West Gulf (WG)"
1,8,8,0.455,138,0.0470007514751866,0.00400096966438215,225,0.453391071428571,"Florida Peninsula (FP)"
2,8,8,0.615158,138,0.0648015827562476,0.00551627705247593,225,0.616737714285714,"Central America (CA)"
3,8,8,0.568325,230,0.0510235437122955,0.00336439284073441,225,0.568508928571429,"Caribbean (C)"
4,8,8,0.4687,299,0.0427376849777894,0.00247158413803249,225,0.468607142857143,"Southeast US (SUS)"
5,8,8,0.64375,138,0.0338514848265476,0.00288162975344793,225,0.643510714285714,"South Gulf (SG)"
6,8,8,0.34765,69,0.0785539005900255,0.00945677833574493,225,0.347682142857143,"West Gulf (WG)"
1,8,9,0.45125,138,0.0470063183450839,0.00400144354781774,226,0.4527625,"Florida Peninsula (FP)"
2,8,9,0.618496,138,0.0649876093218884,0.00553211268536556,226,0.617339857142857,"Central America (CA)"
3,8,9,0.56835,230,0.0509183514257605,0.0033574566667651,226,0.5681375,"Caribbean (C)"
4,8,9,0.4668,299,0.0425355922368664,0.00245989681306071,226,0.46765,"Southeast US (SUS)"
5,8,9,0.6428,138,0.0336905201261845,0.00286792752820736,226,0.642867857142857,"South Gulf (SG)"
6,8,9,0.34765,69,0.0785137824788358,0.00945194868270517,226,0.347685714285714,"West Gulf (WG)"
1,8,10,0.4512,138,0.0471139751557731,0.00401060790413572,227,0.451930357142857,"Florida Peninsula (FP)"
2,8,10,0.6171195,138,0.0646255162781333,0.00550128927854168,227,0.617857714285714,"Central America (CA)"
3,8,10,0.568275,230,0.0509214197693728,0.00335765898735146,227,0.567767857142857,"Caribbean (C)"
4,8,10,0.4668,299,0.0426750714408183,0.00246796310369513,227,0.466678571428571,"Southeast US (SUS)"
5,8,10,0.641875,138,0.0328280092828057,0.00279450572937972,227,0.642271428571428,"South Gulf (SG)"
6,8,10,0.3477,69,0.0783712065033784,0.00943478455227019,227,0.347814285714286,"West Gulf (WG)"
1,8,11,0.451125,138,0.047052601642464,0.00400538344373373,228,0.451107142857143,"Florida Peninsula (FP)"
2,8,11,0.617575,138,0.064934704254907,0.00552760910698775,228,0.617914071428571,"Central America (CA)"
3,8,11,0.56785,230,0.0507136103916911,0.00334395644276828,228,0.567510714285714,"Caribbean (C)"
4,8,11,0.46495,299,0.0425991851132008,0.0024635744840558,228,0.465571428571429,"Southeast US (SUS)"
5,8,11,0.64105,138,0.0321887873398433,0.00274009154402462,228,0.641607142857143,"South Gulf (SG)"
6,8,11,0.3477,69,0.0780304825141542,0.00939376620416065,228,0.347942857142857,"West Gulf (WG)"
1,8,12,0.4507,138,0.0467610486115686,0.00398056480157251,229,0.450266321428571,"Florida Peninsula (FP)"
2,8,12,0.6194,138,0.0650764978415306,0.00553967937865105,229,0.618252214285714,"Central America (CA)"
3,8,12,0.5666,230,0.0505956589270665,0.00333617895351009,229,0.567257142857143,"Caribbean (C)"
4,8,12,0.4649,299,0.0425152478696625,0.00245872026792717,229,0.464742857142857,"Southeast US (SUS)"
5,8,12,0.640975,138,0.0320925827655789,0.00273190206681147,229,0.640910714285714,"South Gulf (SG)"
6,8,12,0.3477,69,0.0776561071950469,0.00934869671199566,229,0.348085714285714,"West Gulf (WG)"
1,8,13,0.449225,138,0.0465987057725844,0.00396674526138179,230,0.449777035714286,"Florida Peninsula (FP)"
2,8,13,0.619075,138,0.0649447300968219,0.00552846256332839,230,0.618145642857143,"Central America (CA)"
3,8,13,0.5666,230,0.0506382059085462,0.00333898441838905,230,0.566992857142857,"Caribbean (C)"
4,8,13,0.4639,299,0.0420840910841878,0.00243378582722131,230,0.464178571428571,"Southeast US (SUS)"
5,8,13,0.640925,138,0.0318409857682601,0.00271048470810278,230,0.640460714285714,"South Gulf (SG)"
6,8,13,0.3486,69,0.0775769570685831,0.00933916815649946,230,0.348228571428571,"West Gulf (WG)"
1,8,14,0.44925,138,0.046604958062759,0.00396727749166612,231,0.449219892857143,"Florida Peninsula (FP)"
2,8,14,0.618575,138,0.064645394384398,0.00550298141531937,231,0.617990464285714,"Central America (CA)"
3,8,14,0.566575,230,0.0505238276233191,0.00333144253760313,231,0.566735714285714,"Caribbean (C)"
4,8,14,0.46295,299,0.041632813794632,0.00240768778772058,231,0.46335,"Southeast US (SUS)"
5,8,14,0.639875,138,0.0316436835967213,0.00269368923189725,231,0.640132142857143,"South Gulf (SG)"
6,8,14,0.3486,69,0.0772049950696723,0.0092943891939451,231,0.3485,"West Gulf (WG)"
1,8,15,0.44911425,138,0.0467532543526584,0.00397990131019253,232,0.448666321428571,"Florida Peninsula (FP)"
2,8,15,0.617525,138,0.0641256403605009,0.00545873701459632,232,0.618001178571429,"Central America (CA)"
3,8,15,0.56655,230,0.0502921634256849,0.00331616705277264,232,0.566542857142857,"Caribbean (C)"
4,8,15,0.4629,299,0.0413305365357362,0.00239020664247925,232,0.462771428571429,"Southeast US (SUS)"
5,8,15,0.638875,138,0.0315993761224681,0.0026899175292153,232,0.639910714285714,"South Gulf (SG)"
6,8,15,0.34865,69,0.0763238847407307,0.00918831597533279,232,0.348492857142857,"West Gulf (WG)"
1,8,16,0.447825,138,0.0464037075302525,0.00395014590865464,233,0.448166321428571,"Florida Peninsula (FP)"
2,8,16,0.61775,138,0.0638209794853566,0.00543280255863299,233,0.617732892857143,"Central America (CA)"
3,8,16,0.5665,230,0.0498894757107712,0.0032896146111636,233,0.566517857142857,"Caribbean (C)"
4,8,16,0.46285,299,0.0411288685375173,0.00237854388101228,233,0.461928571428571,"Southeast US (SUS)"
5,8,16,0.63965,138,0.0314094860954361,0.00267375301665161,233,0.639564285714286,"South Gulf (SG)"
6,8,16,0.34865,69,0.0759913718434663,0.00914828612653359,233,0.349585714285714,"West Gulf (WG)"
1,8,17,0.4473,138,0.0463033420617439,0.00394160223260158,234,0.447755607142857,"Florida Peninsula (FP)"
2,8,17,0.61603325,138,0.0635910826409441,0.0054132324396123,234,0.616918607142857,"Central America (CA)"
3,8,17,0.566475,230,0.0497430681115139,0.00327996077995289,234,0.566489285714286,"Caribbean (C)"
4,8,17,0.461,299,0.0409093257361032,0.00236584739298593,234,0.461228571428571,"Southeast US (SUS)"
5,8,17,0.639575,138,0.0312838525529616,0.00266305837930024,234,0.639107142857143,"South Gulf (SG)"
6,8,17,0.3496,69,0.0755139223306192,0.00909080795962411,234,0.3507,"West Gulf (WG)"
1,8,18,0.44725,138,0.0462006148157247,0.0039328575086955,235,0.446923464285714,"Florida Peninsula (FP)"
2,8,18,0.61765,138,0.0633801965348149,0.00539528062210342,235,0.616325214285714,"Central America (CA)"
3,8,18,0.5665,230,0.0495721061187923,0.00326868787998354,235,0.566464285714286,"Caribbean (C)"
4,8,18,0.4609,299,0.0409049471214776,0.002365594171164,235,0.46065,"Southeast US (SUS)"
5,8,18,0.6395,138,0.03097669689176,0.00263691155304449,235,0.638667857142857,"South Gulf (SG)"
6,8,18,0.34765,69,0.0754395871830217,0.00908185905946633,235,0.351814285714286,"West Gulf (WG)"
1,8,19,0.4472,138,0.046211288624814,0.00393376612366504,236,0.44625,"Florida Peninsula (FP)"
2,8,19,0.617522,138,0.0632232920780327,0.00538192402774931,236,0.615938035714286,"Central America (CA)"
3,8,19,0.566425,230,0.0494308486635994,0.00325937363921597,236,0.566442857142857,"Caribbean (C)"
4,8,19,0.459,299,0.0404261594329645,0.00233790516421312,236,0.459821428571428,"Southeast US (SUS)"
5,8,19,0.63855,138,0.0308561441937193,0.00262664942589372,236,0.638371428571429,"South Gulf (SG)"
6,8,19,0.35535,69,0.0755226100919309,0.00909185384318103,236,0.352921428571428,"West Gulf (WG)"
1,8,20,0.44635,138,0.0462170475793595,0.00393425635843176,237,0.445617857142857,"Florida Peninsula (FP)"
2,8,20,0.613375,138,0.0632765755657168,0.00538645981943659,237,0.615302321428571,"Central America (CA)"
3,8,20,0.5664,230,0.0492509694843331,0.0032475127573781,237,0.566428571428571,"Caribbean (C)"
4,8,20,0.459,299,0.0401232572565518,0.00232038787905867,237,0.458985714285714,"Southeast US (SUS)"
5,8,20,0.637725,138,0.0310405024240065,0.00264234304064683,237,0.637960714285714,"South Gulf (SG)"
6,8,20,0.3564,69,0.0760617618414861,0.00915676008649391,237,0.354028571428571,"West Gulf (WG)"
1,8,21,0.443425,138,0.0462249036393181,0.00393492511066634,238,0.445060714285714,"Florida Peninsula (FP)"
2,8,21,0.61442125,138,0.0633803563677241,0.0053952942279842,238,0.614899428571429,"Central America (CA)"
3,8,21,0.5664,230,0.0490026633791718,0.00323113993766127,238,0.566417857142857,"Caribbean (C)"
4,8,21,0.4589,299,0.0402561192589986,0.00232807148704926,238,0.458142857142857,"Southeast US (SUS)"
5,8,21,0.6368,138,0.0312317266399961,0.00265862112691686,238,0.637553571428571,"South Gulf (SG)"
6,8,21,0.3564,69,0.0761854048112977,0.00917164495089273,238,0.355,"West Gulf (WG)"
1,8,22,0.4444,138,0.0461988745406241,0.00393270936664103,239,0.444496428571429,"Florida Peninsula (FP)"
2,8,22,0.61481475,138,0.0634073545165799,0.00539759246303739,239,0.614585142857143,"Central America (CA)"
3,8,22,0.5664,230,0.0486271000277376,0.00320637602361539,239,0.566403571428571,"Caribbean (C)"
4,8,22,0.4571,299,0.0397885165219324,0.0023010293225419,239,0.457307142857143,"Southeast US (SUS)"
5,8,22,0.6368,138,0.03110854287616,0.00264813502857197,239,0.637153571428571,"South Gulf (SG)"
6,8,22,0.3564,69,0.0763495771773593,0.00919140898123418,239,0.357221428571429,"West Gulf (WG)"
1,8,23,0.4434,138,0.0457662913989787,0.00389588544419886,240,0.44386625,"Florida Peninsula (FP)"
2,8,23,0.6133,138,0.0633260055319933,0.0053906675775974,240,0.614532678571428,"Central America (CA)"
3,8,23,0.5664,230,0.04833075281905,0.00318683546734,240,0.5664,"Caribbean (C)"
4,8,23,0.457,299,0.0395160585636511,0.00228527267198119,240,0.456735714285714,"Southeast US (SUS)"
5,8,23,0.636775,138,0.0310006658935703,0.00263895192997717,240,0.636889285714286,"South Gulf (SG)"
6,8,23,0.3564,69,0.0757176022250084,0.00911532813746658,240,0.358228571428571,"West Gulf (WG)"
1,8,24,0.4434,138,0.0455825103593155,0.00388024096317457,241,0.443162678571429,"Florida Peninsula (FP)"
2,8,24,0.613213,138,0.0632978073671288,0.00538826719039776,241,0.614818392857143,"Central America (CA)"
3,8,24,0.5664,230,0.0481889802641886,0.0031774872619061,241,0.5664,"Caribbean (C)"
4,8,24,0.4551,299,0.0392941382902283,0.00227243869119854,241,0.45575,"Southeast US (SUS)"
5,8,24,0.636725,138,0.0309669233806555,0.00263607957652888,241,0.636742857142857,"South Gulf (SG)"
6,8,24,0.3564,69,0.0754633514336218,0.00908471993904776,241,0.358942857142857,"West Gulf (WG)"
1,8,25,0.4433,138,0.0458233429492306,0.00390074199467304,242,0.442601964285714,"Florida Peninsula (FP)"
2,8,25,0.61545,138,0.0631184541468214,0.00537299963038783,242,0.6152475,"Central America (CA)"
3,8,25,0.5664,230,0.0478171862819907,0.00315297189270736,242,0.5664,"Caribbean (C)"
4,8,25,0.45505,299,0.0390190634074633,0.00225653069998735,242,0.454514285714286,"Southeast US (SUS)"
5,8,25,0.6367,138,0.0308611869615409,0.00262707869479784,242,0.636582142857143,"South Gulf (SG)"
6,8,25,0.3632,69,0.0754767935082695,0.00908633817467147,242,0.359657142857143,"West Gulf (WG)"
1,8,26,0.44278875,138,0.0456781934516284,0.00388838604889602,243,0.44189125,"Florida Peninsula (FP)"
2,8,26,0.61715475,138,0.0619930352270877,0.00527719760986155,243,0.615275964285714,"Central America (CA)"
3,8,26,0.5664,230,0.0474374232267416,0.00312793105839252,243,0.5664,"Caribbean (C)"
4,8,26,0.455,299,0.0391810094377264,0.00226589628073474,243,0.453385714285714,"Southeast US (SUS)"
5,8,26,0.6367,138,0.0306273820425056,0.00260717589837261,243,0.636021428571429,"South Gulf (SG)"
6,8,26,0.3624,69,0.0758455554568378,0.00913073189643544,243,0.360364285714286,"West Gulf (WG)"
1,8,27,0.441425,138,0.0454615425657422,0.00386994350074548,244,0.441319821428571,"Florida Peninsula (FP)"
2,8,27,0.615375,138,0.0614399171322171,0.00523011307080761,244,0.615572392857143,"Central America (CA)"
3,8,27,0.5664,230,0.0472030687126186,0.00311247817934603,244,0.5664,"Caribbean (C)"
4,8,27,0.4521,299,0.0391076272771451,0.00226165248081432,244,0.452,"Southeast US (SUS)"
5,8,27,0.6367,138,0.0312173232804004,0.0026573950315248,244,0.635342857142857,"South Gulf (SG)"
6,8,27,0.3614,69,0.0758577534195907,0.00913220035858736,244,0.3608,"West Gulf (WG)"
1,8,28,0.4395,138,0.0452931745617949,0.00385561106445239,245,0.440748392857143,"Florida Peninsula (FP)"
2,8,28,0.617425,138,0.0610609197342616,0.0051978506697926,245,0.615463392857143,"Central America (CA)"
3,8,28,0.5664,230,0.0469477807985554,0.00309564499278331,245,0.5664,"Caribbean (C)"
4,8,28,0.45025,299,0.0390434926221078,0.00225794347794787,245,0.450614285714286,"Southeast US (SUS)"
5,8,28,0.635675,138,0.031034100682885,0.00264179808825304,245,0.634535714285714,"South Gulf (SG)"
6,8,28,0.3614,69,0.076221473975573,0.00917598716800411,245,0.361378571428571,"West Gulf (WG)"
1,8,29,0.439425,138,0.0453106389433967,0.00385709773134182,246,0.440183785714286,"Florida Peninsula (FP)"
2,8,29,0.615014,138,0.0604469750866094,0.00514558823070876,246,0.614709821428571,"Central America (CA)"
3,8,29,0.5664,230,0.0469051483731545,0.00309283389389902,246,0.5664,"Caribbean (C)"
4,8,29,0.4492,299,0.0388094715195301,0.00224440968814628,246,0.448957142857143,"Southeast US (SUS)"
5,8,29,0.632875,138,0.0306461642753089,0.00260877474820622,246,0.6336,"South Gulf (SG)"
6,8,29,0.36135,69,0.0759004638589806,0.00913734209126897,246,0.361121428571429,"West Gulf (WG)"
1,8,30,0.4394,138,0.0456088224146057,0.00388248079406491,247,0.439288964285714,"Florida Peninsula (FP)"
2,8,30,0.615375,138,0.0596969035551452,0.00508173790173925,247,0.613712714285714,"Central America (CA)"
3,8,30,0.5664,230,0.0468047497358947,0.00308621380380256,247,0.5664,"Caribbean (C)"
4,8,30,0.4473,299,0.0384385402745216,0.00222295818037416,247,0.4473,"Southeast US (SUS)"
5,8,30,0.632025,138,0.0303275416140424,0.00258165178608113,247,0.632664285714286,"South Gulf (SG)"
6,8,30,0.35945,69,0.07524159416232,0.00905802350076413,247,0.361235714285714,"West Gulf (WG)"
1,8,31,0.4394,138,0.0456677395657965,0.0038874961550374,248,0.43872825,"Florida Peninsula (FP)"
2,8,31,0.61245,138,0.058438875473493,0.00497464743970082,248,0.612773428571428,"Central America (CA)"
3,8,31,0.5664,230,0.0466169358372227,0.0030738297220609,248,0.566396428571429,"Caribbean (C)"
4,8,31,0.4454,299,0.0386517763277662,0.00223528993973664,248,0.445914285714286,"Southeast US (SUS)"
5,8,31,0.631075,138,0.0301036277816963,0.00256259097486995,248,0.63155,"South Gulf (SG)"
6,8,31,0.36045,69,0.0748817205163703,0.00901469980489338,248,0.361492857142857,"West Gulf (WG)"
1,9,1,0.43934775,138,0.0452039547728592,0.00384801617165195,249,0.438171107142857,"Florida Peninsula (FP)"
2,9,1,0.610175,138,0.0568476699747806,0.004839195032445,249,0.611685535714286,"Central America (CA)"
3,9,1,0.5664,230,0.0463202124401783,0.00305426436065982,249,0.566389285714286,"Caribbean (C)"
4,9,1,0.44345,299,0.0386444296730091,0.00223486507172204,249,0.444448571428571,"Southeast US (SUS)"
5,9,1,0.63015,138,0.0298957404333703,0.00254489442857749,249,0.630571428571429,"South Gulf (SG)"
6,9,1,0.3614,69,0.0743715108981501,0.00895327778475138,249,0.36175,"West Gulf (WG)"
1,9,2,0.436525,138,0.0445992309220296,0.00379653865891952,250,0.437617535714286,"Florida Peninsula (FP)"
2,9,2,0.610175,138,0.0563810900388719,0.00479947711068868,250,0.61099425,"Central America (CA)"
3,9,2,0.5664,230,0.0459850495964197,0.00303216437720159,250,0.566382142857143,"Caribbean (C)"
4,9,2,0.4434,299,0.0382166166605266,0.00221012400640123,250,0.442777142857143,"Southeast US (SUS)"
5,9,2,0.63015,138,0.0296241911208607,0.0025217786160078,250,0.629085714285714,"South Gulf (SG)"
6,9,2,0.3632,69,0.0736547051732165,0.00886698451605849,250,0.362014285714286,"West Gulf (WG)"
1,9,3,0.4375,138,0.0444862715667676,0.00378692292003182,251,0.437060392857143,"Florida Peninsula (FP)"
2,9,3,0.6088,138,0.0563389343042094,0.00479588857624464,251,0.610247821428571,"Central America (CA)"
3,9,3,0.566375,230,0.0457468487898447,0.00301645788114133,251,0.566375,"Caribbean (C)"
4,9,3,0.4424,299,0.0379204763486286,0.00219299776996846,251,0.441105714285714,"Southeast US (SUS)"
5,9,3,0.6289,138,0.0294064201324003,0.00250324071839413,251,0.627539285714286,"South Gulf (SG)"
6,9,3,0.3632,69,0.0728288553592468,0.00876756388168302,251,0.36255,"West Gulf (WG)"
1,9,4,0.4356,138,0.0444288506389493,0.00378203492605106,252,0.43630325,"Florida Peninsula (FP)"
2,9,4,0.60980975,138,0.0556909436640618,0.00474072794981502,252,0.609631035714286,"Central America (CA)"
3,9,4,0.56635,230,0.0455348196157591,0.0030024770914231,252,0.566367857142857,"Caribbean (C)"
4,9,4,0.43999,299,0.0382505546410919,0.0022120866904934,252,0.439698571428571,"Southeast US (SUS)"
5,9,4,0.628825,138,0.0291909530097544,0.00248489893886252,252,0.626125,"South Gulf (SG)"
6,9,4,0.3632,69,0.0719030749114675,0.00865611301270698,252,0.363228571428571,"West Gulf (WG)"
1,9,5,0.43555,138,0.0443689646321382,0.00377693709061116,253,0.435482142857143,"Florida Peninsula (FP)"
2,9,5,0.610175,138,0.0546211432245,0.00464966048873646,253,0.609573357142857,"Central America (CA)"
3,9,5,0.56635,230,0.0453668219613341,0.00299139965413269,253,0.566292857142857,"Caribbean (C)"
4,9,5,0.4375,299,0.0378603197126776,0.00218951882188573,253,0.438291428571429,"Southeast US (SUS)"
5,9,5,0.622475,138,0.028827325321608,0.00245394489443258,253,0.624835714285714,"South Gulf (SG)"
6,9,5,0.3632,69,0.0712931004776965,0.00858268072013695,253,0.363528571428571,"West Gulf (WG)"
1,9,6,0.4355,138,0.0442895533175867,0.00377017715059835,254,0.434782142857143,"Florida Peninsula (FP)"
2,9,6,0.61015,138,0.0540757431689473,0.00460323295281991,254,0.6095305,"Central America (CA)"
3,9,6,0.56635,230,0.0452168779366151,0.00298151263793248,254,0.566157142857143,"Caribbean (C)"
4,9,6,0.4356,299,0.0376190796772592,0.00217556755041867,254,0.43662,"Southeast US (SUS)"
5,9,6,0.6212,138,0.0281596374526593,0.00239710752853748,254,0.623542857142857,"South Gulf (SG)"
6,9,6,0.3632,69,0.0707308161970863,0.00851498964733898,254,0.363571428571429,"West Gulf (WG)"
1,9,7,0.4341,138,0.0443127893411527,0.00377215513227929,255,0.433833928571429,"Florida Peninsula (FP)"
2,9,7,0.6081325,138,0.0530269450825547,0.00451395333077102,255,0.6095055,"Central America (CA)"
3,9,7,0.56635,230,0.0450045855782609,0.00296751449435749,255,0.565960714285714,"Caribbean (C)"
4,9,7,0.43555,299,0.0373973162159322,0.00216274263831368,255,0.435084285714286,"Southeast US (SUS)"
5,9,7,0.621175,138,0.0277872458195857,0.00236540744757211,255,0.622428571428571,"South Gulf (SG)"
6,9,7,0.3652,69,0.0700121341789869,0.00842847049949267,255,0.363614285714286,"West Gulf (WG)"
1,9,8,0.4336,138,0.0437366995711743,0.00372311511437955,256,0.4327875,"Florida Peninsula (FP)"
2,9,8,0.60977125,138,0.0524307615412953,0.00446320281746823,256,0.609454107142857,"Central America (CA)"
3,9,8,0.565875,230,0.0445934942297857,0.00294040793356084,256,0.565760714285714,"Caribbean (C)"
4,9,8,0.4336,299,0.0371054588727008,0.00214586409235421,256,0.433814285714286,"Southeast US (SUS)"
5,9,8,0.621125,138,0.0276158002187505,0.00235081302883402,256,0.621325,"South Gulf (SG)"
6,9,8,0.3635,69,0.0694052498537549,0.00835541021227524,256,0.36335,"West Gulf (WG)"
1,9,9,0.431625,138,0.0432231928888995,0.00367940252269208,257,0.431675,"Florida Peninsula (FP)"
2,9,9,0.609875,138,0.0523917540772206,0.00445988228161404,257,0.609207678571429,"Central America (CA)"
3,9,9,0.56545,230,0.0443116389987656,0.00292182294999493,257,0.565496428571429,"Caribbean (C)"
4,9,9,0.4317,299,0.0369519674196762,0.00213698745243288,257,0.432428571428571,"Southeast US (SUS)"
5,9,9,0.6211,138,0.0274097178898734,0.00233327013600096,257,0.621128571428571,"South Gulf (SG)"
6,9,9,0.3635,69,0.0690612404013065,0.00831399634087267,257,0.363357142857143,"West Gulf (WG)"
1,9,10,0.4308625,138,0.0430631672487237,0.00366578023556323,258,0.430560714285714,"Florida Peninsula (FP)"
2,9,10,0.608625,138,0.0529258326669406,0.00450534607035779,258,0.60893625,"Central America (CA)"
3,9,10,0.565,230,0.0438023842915579,0.00288824368900316,258,0.565232142857143,"Caribbean (C)"
4,9,10,0.43165,299,0.0372633880800882,0.00215499737423678,258,0.431028571428571,"Southeast US (SUS)"
5,9,10,0.6211,138,0.0271756226147084,0.00231334262282057,258,0.621075,"South Gulf (SG)"
6,9,10,0.3635,69,0.0686395904333719,0.00826323564977928,258,0.363357142857143,"West Gulf (WG)"
1,9,11,0.428275,138,0.0430365810842817,0.00366351707095232,259,0.429367857142857,"Florida Peninsula (FP)"
2,9,11,0.60945,138,0.0530986893108474,0.00452006060505886,259,0.608695892857143,"Central America (CA)"
3,9,11,0.56495,230,0.0434739105655659,0.0028665847729089,259,0.564957142857143,"Caribbean (C)"
4,9,11,0.4311,299,0.0369967242575078,0.00213957580719544,259,0.429364285714286,"Southeast US (SUS)"
5,9,11,0.6211,138,0.026767908749076,0.00227863571374052,259,0.620535714285714,"South Gulf (SG)"
6,9,11,0.36135,69,0.0701988858488833,0.00845095275858835,259,0.363042857142857,"West Gulf (WG)"
1,9,12,0.4277625,138,0.0429876656266543,0.00365935311067629,260,0.427978571428571,"Florida Peninsula (FP)"
2,9,12,0.60845,138,0.0543482158830693,0.00462642737055491,260,0.608221428571428,"Central America (CA)"
3,9,12,0.5645,230,0.0432237556252545,0.00285009004461241,260,0.564594642857143,"Caribbean (C)"
4,9,12,0.4278,299,0.0367008467146599,0.00212246476708919,260,0.427964285714286,"Southeast US (SUS)"
5,9,12,0.6211,138,0.0263474356695274,0.00224284266824312,260,0.619996428571428,"South Gulf (SG)"
6,9,12,0.36325,69,0.0695621994604587,0.00837430472456976,260,0.362857142857143,"West Gulf (WG)"
1,9,13,0.4277,138,0.0427685797780677,0.00364070328473567,261,0.426864285714286,"Florida Peninsula (FP)"
2,9,13,0.60825,138,0.0540059964495385,0.00459729571778034,261,0.607603571428571,"Central America (CA)"
3,9,13,0.5645,230,0.0429846866474119,0.002834326303034,261,0.564008928571429,"Caribbean (C)"
4,9,13,0.4258,299,0.0364632050087513,0.00210872159239071,261,0.426557142857143,"Southeast US (SUS)"
5,9,13,0.620825,138,0.025906149115411,0.00220527786213036,261,0.619453571428571,"South Gulf (SG)"
6,9,13,0.3632,69,0.0675493250280371,0.00813198311886814,261,0.363257142857143,"West Gulf (WG)"
1,9,14,0.42575,138,0.0429367623580489,0.00365501993669255,262,0.425855357142857,"Florida Peninsula (FP)"
2,9,14,0.60645,138,0.0534943961600083,0.00455374540902028,262,0.607157142857143,"Central America (CA)"
3,9,14,0.564425,230,0.0428305787424248,0.00282416472869956,262,0.563376785714286,"Caribbean (C)"
4,9,14,0.4239,299,0.0362333412428036,0.00209542822757415,262,0.424878571428571,"Southeast US (SUS)"
5,9,14,0.6174,138,0.0257114988169271,0.00218870812835051,262,0.618757142857143,"South Gulf (SG)"
6,9,14,0.363,69,0.0663347263001054,0.00798576261484919,262,0.364342857142857,"West Gulf (WG)"
1,9,15,0.423875,138,0.0430078975900226,0.00366107536977102,263,0.425216071428571,"Florida Peninsula (FP)"
2,9,15,0.60645,138,0.0528574647652502,0.00449952620807697,263,0.606353571428571,"Central America (CA)"
3,9,15,0.5633375,230,0.042543476715138,0.00280523378163303,263,0.562744642857143,"Caribbean (C)"
4,9,15,0.4238,299,0.0361454539815625,0.00209034557602362,263,0.423007142857143,"Southeast US (SUS)"
5,9,15,0.61735,138,0.0255949525956234,0.0021787870551485,263,0.618,"South Gulf (SG)"
6,9,15,0.3622,69,0.0663183404875081,0.00798378999482116,263,0.366007142857143,"West Gulf (WG)"
1,9,16,0.423825,138,0.042615612436126,0.0036276818398536,264,0.424378571428571,"Florida Peninsula (FP)"
2,9,16,0.60555,138,0.0522509252687758,0.00444789413732327,264,0.605557142857143,"Central America (CA)"
3,9,16,0.56135,230,0.0423752699752393,0.00279414255765476,264,0.5621125,"Caribbean (C)"
4,9,16,0.42185,299,0.0358894405899535,0.00207553993930854,264,0.421328571428571,"Southeast US (SUS)"
5,9,16,0.6173,138,0.0254064593118292,0.0021627414412651,264,0.617217857142857,"South Gulf (SG)"
6,9,16,0.3663,69,0.0650665110034852,0.00783308743446916,264,0.367957142857143,"West Gulf (WG)"
1,9,17,0.4238,138,0.0422598414782987,0.00359739660472312,265,0.423278571428571,"Florida Peninsula (FP)"
2,9,17,0.6055,138,0.0516776642084409,0.00439909491517929,265,0.604771428571429,"Central America (CA)"
3,9,17,0.560575,230,0.0422790030623604,0.00278779490539611,265,0.5613625,"Caribbean (C)"
4,9,17,0.4199,299,0.0357453972122569,0.00206720969569126,265,0.41965,"Southeast US (SUS)"
5,9,17,0.616225,138,0.0250947248319495,0.00213620484007908,265,0.616471428571428,"South Gulf (SG)"
6,9,17,0.3711,69,0.0645373948227644,0.0077693893316716,265,0.369914285714286,"West Gulf (WG)"
1,9,18,0.4238,138,0.0423539174480708,0.00360540488308871,266,0.422442857142857,"Florida Peninsula (FP)"
2,9,18,0.603825,138,0.051138517759923,0.00435319972164567,266,0.604232142857143,"Central America (CA)"
3,9,18,0.560525,230,0.0421972313499584,0.00278240303835271,266,0.560683928571429,"Caribbean (C)"
4,9,18,0.418,299,0.0358631406301653,0.00207401897336298,266,0.417971428571429,"Southeast US (SUS)"
5,9,18,0.6158,138,0.0249832931375782,0.00212671914432237,266,0.616075,"South Gulf (SG)"
6,9,18,0.373,69,0.0649588580079395,0.00782012753676315,266,0.3719,"West Gulf (WG)"
1,9,19,0.4219,138,0.0422157758645827,0.00359364549057736,267,0.421607142857143,"Florida Peninsula (FP)"
2,9,19,0.602875,138,0.0511427291841853,0.00435355822188638,267,0.603564285714286,"Central America (CA)"
3,9,19,0.560075,230,0.0421174186224984,0.00277714034295115,267,0.560010714285714,"Caribbean (C)"
4,9,19,0.41605,299,0.035817984855551,0.00207140754749058,267,0.416035714285714,"Southeast US (SUS)"
5,9,19,0.615625,138,0.0250801791678966,0.00213496663092715,267,0.615525,"South Gulf (SG)"
6,9,19,0.3769,69,0.0657265530864551,0.00791254716369999,267,0.374021428571429,"West Gulf (WG)"
1,9,20,0.42,138,0.0420229389230004,0.00357723011998801,268,0.420501785714286,"Florida Peninsula (FP)"
2,9,20,0.60275,138,0.0513917436373856,0.00437475573984039,268,0.602939285714286,"Central America (CA)"
3,9,20,0.55925,230,0.0418792037492365,0.00276143291936102,268,0.559617857142857,"Caribbean (C)"
4,9,20,0.41405,299,0.0359445953157709,0.00207872961945941,268,0.414085714285714,"Southeast US (SUS)"
5,9,20,0.6156,138,0.0252641344128571,0.00215062594129115,268,0.614957142857143,"South Gulf (SG)"
6,9,20,0.3769,69,0.0660634416783241,0.00795310378422701,268,0.375557142857143,"West Gulf (WG)"
1,9,21,0.4199,138,0.041689784785277,0.00354887015643938,269,0.419391071428571,"Florida Peninsula (FP)"
2,9,21,0.602675,138,0.0509348250318237,0.00433586024513941,269,0.602217857142857,"Central America (CA)"
3,9,21,0.559675,230,0.0416318295440859,0.0027451215473112,269,0.559335714285714,"Caribbean (C)"
4,9,21,0.41215,299,0.0358475902565331,0.00207311967203606,269,0.412414285714286,"Southeast US (SUS)"
5,9,21,0.614625,138,0.0250011346657772,0.00212823791606218,269,0.614539285714286,"South Gulf (SG)"
6,9,21,0.3769,69,0.0658750761745096,0.00793042724235837,269,0.376407142857143,"West Gulf (WG)"
1,9,22,0.418025,138,0.0413690429534353,0.0035215667985351,270,0.418276785714286,"Florida Peninsula (FP)"
2,9,22,0.601775,138,0.0505676847434858,0.00430460718832418,270,0.601482142857143,"Central America (CA)"
3,9,22,0.558625,230,0.0414067393493034,0.00273027953939197,270,0.559060714285714,"Caribbean (C)"
4,9,22,0.41025,299,0.0356397789518689,0.00206110163398419,270,0.410596428571429,"Southeast US (SUS)"
5,9,22,0.6135,138,0.024689819193316,0.00210173698315629,270,0.614178571428571,"South Gulf (SG)"
6,9,22,0.37705,69,0.0660794399031943,0.00795502974417586,270,0.376978571428571,"West Gulf (WG)"
1,9,23,0.4160875,138,0.0411493998435987,0.00350286953536665,271,0.417158928571429,"Florida Peninsula (FP)"
2,9,23,0.601175,138,0.0496939621721522,0.00423023098383227,271,0.600878571428571,"Central America (CA)"
3,9,23,0.5586,230,0.0411427238612548,0.00271287087364263,271,0.558578571428571,"Caribbean (C)"
4,9,23,0.4082,299,0.0352568332276787,0.00203895531094101,271,0.408917857142857,"Southeast US (SUS)"
5,9,23,0.613325,138,0.0241516195769996,0.00205592238933217,271,0.613839285714286,"South Gulf (SG)"
6,9,23,0.37705,69,0.0660577925848969,0.00795242371329561,271,0.376992857142857,"West Gulf (WG)"
1,9,24,0.416025,138,0.0407404612477421,0.00346805837032642,272,0.416033928571429,"Florida Peninsula (FP)"
2,9,24,0.60045,138,0.0493520767643014,0.00420112776521187,272,0.600257142857143,"Central America (CA)"
3,9,24,0.5586,230,0.0411097796385966,0.00271069859592943,272,0.558210714285714,"Caribbean (C)"
4,9,24,0.4082,299,0.0351521633964593,0.00203290209830895,272,0.407517857142857,"Southeast US (SUS)"
5,9,24,0.6133,138,0.0239240599465726,0.00203655122717837,272,0.613375,"South Gulf (SG)"
6,9,24,0.37705,69,0.0663378824233637,0.00798614256744009,272,0.377014285714286,"West Gulf (WG)"
1,9,25,0.416,138,0.0404662799076355,0.00344471850468862,273,0.414769642857143,"Florida Peninsula (FP)"
2,9,25,0.598675,138,0.04903314004188,0.00417397806842587,273,0.5995375,"Central America (CA)"
3,9,25,0.5586,230,0.0413454017741623,0.00272623505945862,273,0.557778571428571,"Caribbean (C)"
4,9,25,0.405275,299,0.0347407321446247,0.0020091084146676,273,0.406110714285714,"Southeast US (SUS)"
5,9,25,0.613275,138,0.0238216398115603,0.00202783264629733,273,0.612846428571428,"South Gulf (SG)"
6,9,25,0.377,69,0.0660792159807713,0.00795500278708394,273,0.377035714285714,"West Gulf (WG)"
1,9,26,0.414075,138,0.0404278033811911,0.00344144316524696,274,0.413430357142857,"Florida Peninsula (FP)"
2,9,26,0.59865,138,0.0490339610130707,0.00417404795413463,274,0.598891071428571,"Central America (CA)"
3,9,26,0.5567,230,0.0415314171611964,0.00273850055085476,274,0.557428571428571,"Caribbean (C)"
4,9,26,0.4043,299,0.0345140748678235,0.00199600048590631,274,0.404703571428571,"Southeast US (SUS)"
5,9,26,0.61325,138,0.0247672581061005,0.00210832902118056,274,0.612353571428571,"South Gulf (SG)"
6,9,26,0.377,69,0.0660166626089075,0.00794747224604873,274,0.377035714285714,"West Gulf (WG)"
1,9,27,0.412125,138,0.0403552263967776,0.00343526500205048,275,0.412303571428571,"Florida Peninsula (FP)"
2,9,27,0.5984,138,0.0491809578433945,0.00418656115531603,275,0.598255357142857,"Central America (CA)"
3,9,27,0.556675,230,0.0416295923216903,0.00274497402923498,275,0.556878571428571,"Caribbean (C)"
4,9,27,0.40425,299,0.034729858052382,0.00200847954967605,275,0.403582142857143,"Southeast US (SUS)"
5,9,27,0.61235,138,0.0246215026360447,0.00209592149160268,275,0.611846428571428,"South Gulf (SG)"
6,9,27,0.37705,69,0.0660202661616394,0.0079479060628185,275,0.377021428571429,"West Gulf (WG)"
1,9,28,0.41105,138,0.0401424981438564,0.00341715637059287,276,0.410914285714286,"Florida Peninsula (FP)"
2,9,28,0.5976375,138,0.0490817797959736,0.00417811855925854,276,0.597569642857143,"Central America (CA)"
3,9,28,0.55665,230,0.041465729470231,0.00273416923277826,276,0.556242857142857,"Caribbean (C)"
4,9,28,0.4023,299,0.0353893488299209,0.00204661888609052,276,0.401917857142857,"Southeast US (SUS)"
5,9,28,0.610925,138,0.0247065810748254,0.00210316384926656,276,0.61115,"South Gulf (SG)"
6,9,28,0.37705,69,0.0660433340488093,0.00795068311009433,276,0.377,"West Gulf (WG)"
1,9,29,0.40865,138,0.0400092596735503,0.00340581435879324,277,0.409253571428571,"Florida Peninsula (FP)"
2,9,29,0.59725,138,0.049331358828467,0.00419936413739358,277,0.596994642857143,"Central America (CA)"
3,9,29,0.556175,230,0.0409991910773269,0.00270340660214121,277,0.555410714285714,"Caribbean (C)"
4,9,29,0.4004,299,0.0356544907514387,0.00206195243932092,277,0.400664285714286,"Southeast US (SUS)"
5,9,29,0.61005,138,0.0249688200688066,0.00212548711489117,277,0.610171428571429,"South Gulf (SG)"
6,9,29,0.37705,69,0.066187548140389,0.00796804444653615,277,0.376714285714286,"West Gulf (WG)"
1,9,30,0.4082,138,0.0397869537042351,0.00338689041797261,278,0.407857142857143,"Florida Peninsula (FP)"
2,9,30,0.596725,138,0.049518758175981,0.0042153166292367,278,0.596355357142857,"Central America (CA)"
3,9,30,0.55475,230,0.0411196396712082,0.00271134874722655,278,0.554842857142857,"Caribbean (C)"
4,9,30,0.40035,299,0.0352755494077054,0.00204003769557889,278,0.399271428571428,"Southeast US (SUS)"
5,9,30,0.609775,138,0.0246526554200038,0.00209857339268233,278,0.609064285714286,"South Gulf (SG)"
6,9,30,0.37695,69,0.0661296199615864,0.0079610707133133,278,0.376157142857143,"West Gulf (WG)"
1,10,1,0.4063,138,0.0396815639457551,0.0033779190459545,280,0.406525,"Florida Peninsula (FP)"
2,10,1,0.59565,138,0.0493215243034133,0.00419852696702569,280,0.595708928571429,"Central America (CA)"
3,10,1,0.55415,230,0.0411609859390071,0.00271407503938998,280,0.554260714285714,"Caribbean (C)"
4,10,1,0.39655,299,0.0349324030279054,0.00202019302805004,280,0.397607142857143,"Southeast US (SUS)"
5,10,1,0.608425,138,0.0244601967042151,0.00208219021881067,280,0.608085714285714,"South Gulf (SG)"
6,10,1,0.3769,69,0.0658494669522896,0.00792734425429455,280,0.375592857142857,"West Gulf (WG)"
1,10,2,0.404375,138,0.0394651324316454,0.00335949517196971,281,0.405139285714286,"Florida Peninsula (FP)"
2,10,2,0.59465,138,0.0487201080971519,0.00414733101969727,281,0.595064285714286,"Central America (CA)"
3,10,2,0.552775,230,0.0409932993164726,0.00270301811093509,281,0.553425,"Caribbean (C)"
4,10,2,0.3965,299,0.0348194399351639,0.00201366020372069,281,0.395935714285714,"Southeast US (SUS)"
5,10,2,0.606425,138,0.0243334940204999,0.00207140457011295,281,0.607310714285714,"South Gulf (SG)"
6,10,2,0.375,69,0.0656769684992469,0.00790657788086902,281,0.375028571428571,"West Gulf (WG)"
1,10,3,0.4043,138,0.0391272322267156,0.00333073119635058,282,0.403960714285714,"Florida Peninsula (FP)"
2,10,3,0.594175,138,0.0481868822977093,0.00410193982528281,282,0.594021428571428,"Central America (CA)"
3,10,3,0.552725,230,0.0407227342507432,0.00268517757882259,282,0.55265,"Caribbean (C)"
4,10,3,0.39455,299,0.0346931504560712,0.00200635669456974,282,0.394264285714286,"Southeast US (SUS)"
5,10,3,0.6055,138,0.0245565619297242,0.00209039337156594,282,0.606517857142857,"South Gulf (SG)"
6,10,3,0.3731,69,0.0658018734228027,0.00792161466664591,282,0.374457142857143,"West Gulf (WG)"
1,10,4,0.4028,138,0.0388294637248279,0.00330538345816197,283,0.402846428571429,"Florida Peninsula (FP)"
2,10,4,0.593875,138,0.0476146925438113,0.00405323179879893,283,0.593046428571429,"Central America (CA)"
3,10,4,0.5526,230,0.0406182421716706,0.00267828757516609,283,0.552001785714286,"Caribbean (C)"
4,10,4,0.3926,299,0.0352239497463713,0.0020370536101155,283,0.392321428571429,"Southeast US (SUS)"
5,10,4,0.6055,138,0.0246558967404545,0.00209884931220252,283,0.605371428571429,"South Gulf (SG)"
6,10,4,0.3731,69,0.0656840106353414,0.00790742565443032,283,0.373628571428571,"West Gulf (WG)"
1,10,5,0.40135,138,0.0384569137425962,0.00327366989762109,284,0.401860714285714,"Florida Peninsula (FP)"
2,10,5,0.593125,138,0.0468287445511935,0.00398632746264366,284,0.592210714285714,"Central America (CA)"
3,10,5,0.5508,230,0.0400056253235823,0.00263789281643582,284,0.5513125,"Caribbean (C)"
4,10,5,0.3906,299,0.0354353853329087,0.00204928124579986,284,0.390642857142857,"Southeast US (SUS)"
5,10,5,0.6055,138,0.0248147760962085,0.00211237402112136,284,0.604410714285714,"South Gulf (SG)"
6,10,5,0.3731,69,0.065760589330221,0.00791664464594158,284,0.372528571428571,"West Gulf (WG)"
1,10,6,0.4004,138,0.0381072060432344,0.00324390080132725,285,0.400875,"Florida Peninsula (FP)"
2,10,6,0.58995,138,0.0461964501493801,0.00393250298875308,285,0.591517857142857,"Central America (CA)"
3,10,6,0.55075,230,0.0396478365527377,0.0026143009235263,285,0.550748214285714,"Caribbean (C)"
4,10,6,0.3887,299,0.0355141428863626,0.00205383591271661,285,0.388692857142857,"Southeast US (SUS)"
5,10,6,0.6045,138,0.0249905781152115,0.00212733928280105,285,0.603728571428572,"South Gulf (SG)"
6,10,6,0.37305,69,0.0656299312370465,0.00790091525993222,285,0.371692857142857,"West Gulf (WG)"
1,10,7,0.4004,138,0.0376832294239438,0.00320780951472124,286,0.399692857142857,"Florida Peninsula (FP)"
2,10,7,0.5899,138,0.0455698835002847,0.00387916609355327,286,0.590657142857143,"Central America (CA)"
3,10,7,0.5502125,230,0.0395524767376903,0.00260801308352741,286,0.5499375,"Caribbean (C)"
4,10,7,0.38675,299,0.0356345468168499,0.00206079905180344,286,0.386728571428571,"Southeast US (SUS)"
5,10,7,0.60175,138,0.025047620141497,0.00213219502254137,286,0.603171428571429,"South Gulf (SG)"
6,10,7,0.37115,69,0.0654513291011431,0.00787941408943854,286,0.37085,"West Gulf (WG)"
1,10,8,0.3994,138,0.0376915631633567,0.00320851892973132,287,0.398514285714286,"Florida Peninsula (FP)"
2,10,8,0.5898,138,0.045076436390054,0.00383716108603648,287,0.589689285714286,"Central America (CA)"
3,10,8,0.549325,230,0.0395188612285351,0.00260579654249339,287,0.548848214285714,"Caribbean (C)"
4,10,8,0.3848,299,0.0357981257197813,0.00207025906401543,287,0.384507142857143,"Southeast US (SUS)"
5,10,8,0.6017,138,0.0250831225592656,0.00213521718903969,287,0.602442857142857,"South Gulf (SG)"
6,10,8,0.3692,69,0.0654324587787995,0.00787714236958521,287,0.369721428571429,"West Gulf (WG)"
1,10,9,0.397475,138,0.0375929094979965,0.00320012097203921,288,0.397264285714286,"Florida Peninsula (FP)"
2,10,9,0.5898,138,0.0444690525735121,0.00378545714198563,288,0.588689285714286,"Central America (CA)"
3,10,9,0.548825,230,0.0393756958987661,0.00259635650020169,288,0.547994642857143,"Caribbean (C)"
4,10,9,0.38285,299,0.0358926084078229,0.0020757231389461,288,0.382553571428571,"Southeast US (SUS)"
5,10,9,0.60165,138,0.0250991723335936,0.00213658343656108,288,0.601346428571429,"South Gulf (SG)"
6,10,9,0.36915,69,0.065344349453237,0.00786653525326255,288,0.368314285714286,"West Gulf (WG)"
1,10,10,0.396025,138,0.0372740291923137,0.00317297607776492,289,0.396142857142857,"Florida Peninsula (FP)"
2,10,10,0.58815,138,0.0434987003470551,0.00370285527499485,289,0.588121428571428,"Central America (CA)"
3,10,10,0.54705,230,0.0389805820238107,0.00257030346281036,289,0.546894642857143,"Caribbean (C)"
4,10,10,0.3808,299,0.0362426013228185,0.00209596375182854,289,0.380325,"Southeast US (SUS)"
5,10,10,0.6016,138,0.025400588251764,0.0021622416634428,289,0.600375,"South Gulf (SG)"
6,10,10,0.3672,69,0.0652924895414149,0.00786029205353689,289,0.366907142857143,"West Gulf (WG)"
1,10,11,0.39455,138,0.0371746246306532,0.00316451419953486,290,0.394742857142857,"Florida Peninsula (FP)"
2,10,11,0.5871,138,0.0428129458818825,0.00364447997829734,290,0.587517857142857,"Central America (CA)"
3,10,11,0.544975,230,0.0387150075330379,0.0025527919994656,290,0.545857142857143,"Caribbean (C)"
4,10,11,0.37705,299,0.0365238566750963,0.0021122291688203,290,0.378367857142857,"Southeast US (SUS)"
5,10,11,0.6004,138,0.0255036464421989,0.0021710145592084,290,0.599785714285714,"South Gulf (SG)"
6,10,11,0.3652,69,0.0652092654905606,0.00785027305517754,290,0.365514285714286,"West Gulf (WG)"
1,10,12,0.3926,138,0.0368411934179743,0.00313613064979969,291,0.393214285714286,"Florida Peninsula (FP)"
2,10,12,0.586125,138,0.0415700896853701,0.00353868103288982,291,0.586910714285714,"Central America (CA)"
3,10,12,0.544825,230,0.0387678971029153,0.00255627943442794,291,0.544932142857143,"Caribbean (C)"
4,10,12,0.376925,299,0.0365289528738979,0.00211252388960663,291,0.376278571428571,"Southeast US (SUS)"
5,10,12,0.597825,138,0.0254511389842714,0.00216654482756096,291,0.599171428571428,"South Gulf (SG)"
6,10,12,0.36325,69,0.0652081786189602,0.00785014221121274,291,0.364114285714286,"West Gulf (WG)"
1,10,13,0.39255,138,0.0365737096484631,0.00311336091923285,292,0.391957142857143,"Florida Peninsula (FP)"
2,10,13,0.585975,138,0.0402540452622801,0.00342665189189742,292,0.586160714285714,"Central America (CA)"
3,10,13,0.54305,230,0.0387820784465447,0.00255721452453552,292,0.543814285714286,"Caribbean (C)"
4,10,13,0.3731,299,0.0363311788677767,0.00210108632351716,292,0.374314285714286,"Southeast US (SUS)"
5,10,13,0.5977,138,0.0255880381702344,0.00217819846017161,292,0.598471428571428,"South Gulf (SG)"
6,10,13,0.3632,69,0.0652579213975265,0.0078561305380453,292,0.362435714285714,"West Gulf (WG)"
1,10,14,0.3906,138,0.0364476092717987,0.00310262654231618,293,0.390632142857143,"Florida Peninsula (FP)"
2,10,14,0.585675,138,0.0400201809597911,0.00340674404041691,293,0.585521428571429,"Central America (CA)"
3,10,14,0.54295,230,0.038745384031156,0.00255479496643652,293,0.54295,"Caribbean (C)"
4,10,14,0.37305,299,0.0360357367041447,0.00208400046204108,293,0.372371428571429,"Southeast US (SUS)"
5,10,14,0.597625,138,0.0255714268552666,0.00217678441113653,293,0.597539285714286,"South Gulf (SG)"
6,10,14,0.3614,69,0.0652775458044586,0.00785849303901513,293,0.361035714285714,"West Gulf (WG)"
1,10,15,0.3887,138,0.0364053537317424,0.00309902951187281,294,0.389233928571429,"Florida Peninsula (FP)"
2,10,15,0.58555,138,0.0399505466496173,0.00340081637428688,294,0.5848,"Central America (CA)"
3,10,15,0.54285,230,0.0386583168536965,0.00254905392676747,294,0.542103571428571,"Caribbean (C)"
4,10,15,0.370175,299,0.0358669547359393,0.0020742395487951,294,0.370692857142857,"Southeast US (SUS)"
5,10,15,0.5974,138,0.0256254056484536,0.00218137939115882,294,0.596492857142857,"South Gulf (SG)"
6,10,15,0.3594,69,0.065078386405815,0.00783451706490937,294,0.359642857142857,"West Gulf (WG)"
1,10,16,0.388675,138,0.03615629387628,0.00307782812902159,295,0.3878375,"Florida Peninsula (FP)"
2,10,16,0.58455,138,0.0400524040743987,0.00340948705409202,295,0.583935714285714,"Central America (CA)"
3,10,16,0.541,230,0.038411066167379,0.00253275069930833,295,0.541,"Caribbean (C)"
4,10,16,0.3691,299,0.0360501125322254,0.00208483183764492,295,0.369017857142857,"Southeast US (SUS)"
5,10,16,0.59675,138,0.0257186217393601,0.00218931447177442,295,0.595360714285714,"South Gulf (SG)"
6,10,16,0.3574,69,0.0644630354945579,0.00776043752051058,295,0.35825,"West Gulf (WG)"
1,10,17,0.38675,138,0.0359329316567909,0.0030588142742151,296,0.386173214285714,"Florida Peninsula (FP)"
2,10,17,0.583675,138,0.0390267673977264,0.00332217906217172,296,0.582964285714286,"Central America (CA)"
3,10,17,0.541,230,0.0381355350057112,0.00251458271252675,296,0.540085714285714,"Caribbean (C)"
4,10,17,0.3672,299,0.0364121256976981,0.00210576759956105,296,0.367346428571429,"Southeast US (SUS)"
5,10,17,0.595075,138,0.0257661457948714,0.00219335998803663,296,0.594242857142857,"South Gulf (SG)"
6,10,17,0.3574,69,0.0640854912913501,0.00771498653952981,296,0.356864285714286,"West Gulf (WG)"
1,10,18,0.3847625,138,0.0355574839252032,0.00302685404086784,297,0.384776785714286,"Florida Peninsula (FP)"
2,10,18,0.58205,138,0.0382389538718411,0.00325511592127873,297,0.582021428571428,"Central America (CA)"
3,10,18,0.53905,230,0.0382659886679542,0.00252318457228334,297,0.538967857142857,"Caribbean (C)"
4,10,18,0.3653,299,0.0364192771262334,0.00210618117735173,297,0.365667857142857,"Southeast US (SUS)"
5,10,18,0.593075,138,0.0256978241930811,0.00218754406706505,297,0.593128571428571,"South Gulf (SG)"
6,10,18,0.35545,69,0.0641102274400485,0.00771796442189293,297,0.355442857142857,"West Gulf (WG)"
1,10,19,0.382825,138,0.0353233038641202,0.00300691931023081,298,0.383307142857143,"Florida Peninsula (FP)"
2,10,19,0.580075,138,0.0379687241779932,0.00323211244210943,298,0.581064285714286,"Central America (CA)"
3,10,19,0.5371,230,0.0384536110744046,0.00253555602740184,298,0.537646428571429,"Caribbean (C)"
4,10,19,0.3652,299,0.0362020487119299,0.00209361853378782,298,0.364128571428571,"Southeast US (SUS)"
5,10,19,0.5899,138,0.0262972878220988,0.00223857379998041,298,0.5918,"South Gulf (SG)"
6,10,19,0.3535,69,0.0639631395581347,0.00770025712175016,298,0.354042857142857,"West Gulf (WG)"
1,10,20,0.3809,138,0.0352374464153281,0.00299961063883095,299,0.381626785714286,"Florida Peninsula (FP)"
2,10,20,0.579175,138,0.0377527267727584,0.00321372552192612,299,0.580242857142857,"Central America (CA)"
3,10,20,0.53665,230,0.038750123627258,0.00255510748614866,299,0.536492857142857,"Caribbean (C)"
4,10,20,0.3614,299,0.0364760556185872,0.00210946476234601,299,0.362464285714286,"Southeast US (SUS)"
5,10,20,0.589875,138,0.0270509623880718,0.00230273083961554,299,0.590275,"South Gulf (SG)"
6,10,20,0.3535,69,0.0635877814769863,0.00765506931893847,299,0.352928571428571,"West Gulf (WG)"
1,10,21,0.380825,138,0.0351844832174715,0.00299510211202442,300,0.380021428571429,"Florida Peninsula (FP)"
2,10,21,0.579075,138,0.0377260847588937,0.00321145760309663,300,0.579478571428571,"Central America (CA)"
3,10,21,0.535125,230,0.0387286274731381,0.00255369007172069,300,0.535071428571429,"Caribbean (C)"
4,10,21,0.3613,299,0.0367069805589919,0.00212281949646595,300,0.360925,"Southeast US (SUS)"
5,10,21,0.589825,138,0.0271835122728854,0.00231401423512543,300,0.588985714285714,"South Gulf (SG)"
6,10,21,0.35145,69,0.0629985345601325,0.00758413232617487,300,0.351542857142857,"West Gulf (WG)"
1,10,22,0.3784125,138,0.0349559061710089,0.00297564434166614,301,0.378341071428571,"Florida Peninsula (FP)"
2,10,22,0.57885,138,0.0380627083081722,0.00324011290256969,301,0.578907142857143,"Central America (CA)"
3,10,22,0.5336,230,0.0387946343893907,0.00255804243888929,301,0.533685714285714,"Caribbean (C)"
4,10,22,0.3594,299,0.0369003987887333,0.00213400516150334,301,0.359253571428571,"Southeast US (SUS)"
5,10,22,0.5881,138,0.0274009422076847,0.00233252310032347,301,0.587832142857143,"South Gulf (SG)"
6,10,22,0.3496,69,0.0626954807789389,0.00754764893819501,301,0.350157142857143,"West Gulf (WG)"
1,10,23,0.3769125,138,0.0346607262596343,0.0029505169589355,302,0.3766625,"Florida Peninsula (FP)"
2,10,23,0.5788,138,0.0374164466960804,0.00318509946078251,302,0.578482142857143,"Central America (CA)"
3,10,23,0.532925,230,0.0393964455464665,0.00259772469145404,302,0.532292857142857,"Caribbean (C)"
4,10,23,0.35745,299,0.0371904818464413,0.00215078109788164,302,0.357317857142857,"Southeast US (SUS)"
5,10,23,0.586075,138,0.0278374405827014,0.00236968030956332,302,0.586717857142857,"South Gulf (SG)"
6,10,23,0.3496,69,0.0624115189066206,0.00751346394595213,302,0.349042857142857,"West Gulf (WG)"
1,10,24,0.3755125,138,0.0343959222240926,0.00292797534247288,303,0.374991071428571,"Florida Peninsula (FP)"
2,10,24,0.578325,138,0.0375003636889048,0.00319224294960085,303,0.578025,"Central America (CA)"
3,10,24,0.53105,230,0.0396770883879444,0.00261622973242092,303,0.530685714285714,"Caribbean (C)"
4,10,24,0.356425,299,0.037266587468093,0.00215518239962241,303,0.355646428571429,"Southeast US (SUS)"
5,10,24,0.58605,138,0.0282483358099216,0.00240465803412619,303,0.585607142857143,"South Gulf (SG)"
6,10,24,0.3477,69,0.0624164058239871,0.00751405226166826,303,0.347635714285714,"West Gulf (WG)"
1,10,25,0.373,138,0.0340605494063852,0.00289942651234164,304,0.373323214285714,"Florida Peninsula (FP)"
2,10,25,0.57805,138,0.037274916080569,0.00317305157470686,304,0.57735,"Central America (CA)"
3,10,25,0.52935,230,0.0398076008507984,0.002624835469375,304,0.529289285714286,"Caribbean (C)"
4,10,25,0.3536,299,0.0373836780246586,0.00216195392134783,304,0.353982142857143,"Southeast US (SUS)"
5,10,25,0.585,138,0.0287723430237041,0.0024492644904159,304,0.584503571428571,"South Gulf (SG)"
6,10,25,0.34575,69,0.0623755563211638,0.00750913455942275,304,0.345971428571429,"West Gulf (WG)"
1,10,26,0.371075,138,0.0337810662414868,0.00287563532540596,305,0.371992857142857,"Florida Peninsula (FP)"
2,10,26,0.5771,138,0.0371230145928744,0.00316012086136367,305,0.576575,"Central America (CA)"
3,10,26,0.52735,230,0.0400720614567481,0.00264227348532956,305,0.527760714285714,"Caribbean (C)"
4,10,26,0.35165,299,0.0378100914723316,0.00218661404774587,305,0.352582142857143,"Southeast US (SUS)"
5,10,26,0.5821,138,0.0290150386829911,0.00246992411691139,305,0.583639285714286,"South Gulf (SG)"
6,10,26,0.3457,69,0.062371191886002,0.00750860914317255,305,0.344557142857143,"West Gulf (WG)"
1,10,27,0.3692,138,0.0336895992275657,0.00286784913611102,306,0.370876785714286,"Florida Peninsula (FP)"
2,10,27,0.575975,138,0.0370178494558038,0.00315116861038972,306,0.575467857142857,"Central America (CA)"
3,10,27,0.5254,230,0.0403218613342104,0.00265874480147509,306,0.526128571428572,"Caribbean (C)"
4,10,27,0.3497,299,0.0381513175373983,0.00220634766060629,306,0.350914285714286,"Southeast US (SUS)"
5,10,27,0.5821,138,0.0289556406793523,0.00246486782306024,306,0.583057142857143,"South Gulf (SG)"
6,10,27,0.34365,69,0.0626227876226821,0.00753889771056554,306,0.342885714285714,"West Gulf (WG)"
1,10,28,0.36915,138,0.0334724926025572,0.00284936779287007,307,0.369960714285714,"Florida Peninsula (FP)"
2,10,28,0.57435,138,0.0367287065048588,0.00312655512785824,307,0.574342857142857,"Central America (CA)"
3,10,28,0.52535,230,0.0405099752467127,0.0026711486655429,307,0.524760714285714,"Caribbean (C)"
4,10,28,0.34965,299,0.038137181198509,0.00220553013501999,307,0.349382142857143,"Southeast US (SUS)"
5,10,28,0.5821,138,0.0293505139591689,0.00249848166888683,307,0.582110714285714,"South Gulf (SG)"
6,10,28,0.3398,69,0.0627369409244164,0.00755264015317737,307,0.3412,"West Gulf (WG)"
1,10,29,0.3691,138,0.0331820363028912,0.002824642510671,308,0.369267857142857,"Florida Peninsula (FP)"
2,10,29,0.573425,138,0.0365408545556694,0.00311056410800192,308,0.573167857142857,"Central America (CA)"
3,10,29,0.5229,230,0.0409801914913388,0.00270215380654089,308,0.523360714285714,"Caribbean (C)"
4,10,29,0.3496,299,0.0383145655204763,0.00221578853522903,308,0.347975,"Southeast US (SUS)"
5,10,29,0.58205,138,0.0300212987140359,0.00255558265921823,308,0.580903571428571,"South Gulf (SG)"
6,10,29,0.3397,69,0.0626352562371364,0.00754039875535341,308,0.339510714285714,"West Gulf (WG)"
1,10,30,0.3691,138,0.0331088760630989,0.00281841469747949,309,0.368575,"Florida Peninsula (FP)"
2,10,30,0.57105,138,0.0365891302525514,0.00311467360822669,309,0.572060714285714,"Central America (CA)"
3,10,30,0.5215,230,0.0414675080651226,0.00273428650985241,309,0.521967857142857,"Caribbean (C)"
4,10,30,0.345775,299,0.038588171584828,0.00223161158247814,309,0.346567857142857,"Southeast US (SUS)"
5,10,30,0.582,138,0.0306111968331951,0.00260579812185989,309,0.579825,"South Gulf (SG)"
6,10,30,0.3379,69,0.0627928888943231,0.007559375497263,309,0.337553571428571,"West Gulf (WG)"
1,10,31,0.3691,138,0.0328874905335473,0.00279956910969487,310,0.368007142857143,"Florida Peninsula (FP)"
2,10,31,0.57045,138,0.0367574315172859,0.00312900036330071,310,0.570839285714286,"Central America (CA)"
3,10,31,0.521475,230,0.041916335255757,0.00276388129839576,310,0.520710714285714,"Caribbean (C)"
4,10,31,0.3457,299,0.0385848890996732,0.00223142175146024,310,0.345439285714286,"Southeast US (SUS)"
5,10,31,0.579425,138,0.0309684785408227,0.00263621196055375,310,0.578628571428571,"South Gulf (SG)"
6,10,31,0.3359,69,0.0629415162921615,0.00757726813334371,310,0.335617857142857,"West Gulf (WG)"
1,11,1,0.36815,138,0.0327201680016955,0.00278532566989667,311,0.367442857142857,"Florida Peninsula (FP)"
2,11,1,0.569825,138,0.036685072011903,0.00312284071314875,311,0.569789285714286,"Central America (CA)"
3,11,1,0.51955,230,0.0419973095994402,0.00276922058850283,311,0.519317857142857,"Caribbean (C)"
4,11,1,0.34375,299,0.0387468697836269,0.00224078933628229,311,0.344317857142857,"Southeast US (SUS)"
5,11,1,0.57655,138,0.0311598040509203,0.00265249866955088,311,0.577357142857143,"South Gulf (SG)"
6,11,1,0.333925,69,0.0630848532199802,0.00759452387167785,311,0.334232142857143,"West Gulf (WG)"
1,11,2,0.366225,138,0.0326653794873379,0.00278066176183093,312,0.36675,"Florida Peninsula (FP)"
2,11,2,0.56935,138,0.0366307588744447,0.003118217271852,312,0.568789285714286,"Central America (CA)"
3,11,2,0.5176,230,0.0422659726218982,0.00278693570359606,312,0.518139285714286,"Caribbean (C)"
4,11,2,0.3418,299,0.0390551834688568,0.00225861957707209,312,0.342925,"Southeast US (SUS)"
5,11,2,0.57455,138,0.0309893269484441,0.00263798669486812,312,0.57575,"South Gulf (SG)"
6,11,2,0.332,69,0.0633993422278775,0.00763238389917967,312,0.332853571428571,"West Gulf (WG)"
1,11,3,0.365225,138,0.032425829565322,0.00276026991827505,313,0.365921428571429,"Florida Peninsula (FP)"
2,11,3,0.567425,138,0.0364364318287078,0.00310167505517335,313,0.567917857142857,"Central America (CA)"
3,11,3,0.5166,230,0.0427686022939791,0.00282007812270801,313,0.516832142857143,"Caribbean (C)"
4,11,3,0.3418,299,0.0391826148137075,0.00226598912202486,313,0.3418,"Southeast US (SUS)"
5,11,3,0.573725,138,0.0318180711434909,0.00270853408570431,313,0.573803571428571,"South Gulf (SG)"
6,11,3,0.3301,69,0.063494193874693,0.00764380269559814,313,0.331196428571429,"West Gulf (WG)"
1,11,4,0.3652,138,0.03208520364125,0.00273127391403384,314,0.364957142857143,"Florida Peninsula (FP)"
2,11,4,0.567,138,0.0362278816211013,0.00308392208255173,314,0.566578571428571,"Central America (CA)"
3,11,4,0.5156,230,0.0430131481434686,0.00283620299850835,314,0.515446428571429,"Caribbean (C)"
4,11,4,0.3418,299,0.0393696618334611,0.00227680633047519,314,0.340407142857143,"Southeast US (SUS)"
5,11,4,0.5732,138,0.0324427430957628,0.00276170969359964,314,0.572007142857143,"South Gulf (SG)"
6,11,4,0.3301,69,0.0635691064739837,0.00765282111277063,314,0.329810714285714,"West Gulf (WG)"
1,11,5,0.36425,138,0.0320399566854258,0.00272742223736961,315,0.363992857142857,"Florida Peninsula (FP)"
2,11,5,0.566425,138,0.036181970109915,0.0030800138351783,315,0.564982142857143,"Central America (CA)"
3,11,5,0.51465,230,0.0431114097234477,0.00284268217522067,315,0.514117857142857,"Caribbean (C)"
4,11,5,0.33985,299,0.0396885785954279,0.00229524976302517,315,0.339014285714286,"Southeast US (SUS)"
5,11,5,0.5708,138,0.0329031338583385,0.00280090075793399,315,0.570571428571429,"South Gulf (SG)"
6,11,5,0.33005,69,0.0635570342442818,0.00765136778709932,315,0.328707142857143,"West Gulf (WG)"
1,11,6,0.3633,138,0.032087614937423,0.00273147917719533,316,0.363153571428571,"Florida Peninsula (FP)"
2,11,6,0.56495,138,0.0361502057494278,0.00307730987324728,316,0.56345,"Central America (CA)"
3,11,6,0.51235,230,0.043141047066132,0.0028446364037256,316,0.512935714285714,"Caribbean (C)"
4,11,6,0.3379,299,0.0397961470331655,0.00230147060640036,316,0.337614285714286,"Southeast US (SUS)"
5,11,6,0.568375,138,0.033481694239259,0.00285015108820368,316,0.569421428571429,"South Gulf (SG)"
6,11,6,0.3263,69,0.0633141532045916,0.00762212834593784,316,0.327878571428571,"West Gulf (WG)"
1,11,7,0.36235,138,0.0320499203999419,0.00272827040507486,317,0.362182142857143,"Florida Peninsula (FP)"
2,11,7,0.561075,138,0.0362853391140157,0.00308881318916017,317,0.562189285714286,"Central America (CA)"
3,11,7,0.511775,230,0.0432630608465789,0.00285268175415679,317,0.511835714285714,"Caribbean (C)"
4,11,7,0.33595,299,0.039823813621192,0.00230307060649759,317,0.335946428571429,"Southeast US (SUS)"
5,11,7,0.56685,138,0.0339094517739013,0.00288656422769823,317,0.568376785714286,"South Gulf (SG)"
6,11,7,0.3262,69,0.0630968017778808,0.00759596230901386,317,0.327321428571429,"West Gulf (WG)"
1,11,8,0.3614,138,0.0318703953779335,0.00271298822033293,318,0.360792857142857,"Florida Peninsula (FP)"
2,11,8,0.55865,138,0.0364315234536197,0.00310125722653843,318,0.560989285714286,"Central America (CA)"
3,11,8,0.51025,230,0.043361614204826,0.00285918017015836,318,0.510692857142857,"Caribbean (C)"
4,11,8,0.334,299,0.0398421813033887,0.00230413283698559,318,0.334275,"Southeast US (SUS)"
5,11,8,0.5665,138,0.0348519715713788,0.00296679684099545,318,0.567401785714286,"South Gulf (SG)"
6,11,8,0.3262,69,0.0625927527503545,0.00753528193683805,318,0.326764285714286,"West Gulf (WG)"
1,11,9,0.36035,138,0.0316562829137024,0.00269476175698358,319,0.3594,"Florida Peninsula (FP)"
2,11,9,0.558625,138,0.0367634322625817,0.00312951118066295,319,0.5598,"Central America (CA)"
3,11,9,0.509325,230,0.0433755361377836,0.00286009815523278,319,0.509428571428571,"Caribbean (C)"
4,11,9,0.332,299,0.0399074042636832,0.00230790477817012,319,0.332596428571429,"Southeast US (SUS)"
5,11,9,0.5665,138,0.0353874931718455,0.00301238346697141,319,0.566755357142857,"South Gulf (SG)"
6,11,9,0.3262,69,0.0622035944004036,0.00748843277689376,319,0.325942857142857,"West Gulf (WG)"
1,11,10,0.358425,138,0.0314584101657878,0.00267791771009143,320,0.358005357142857,"Florida Peninsula (FP)"
2,11,10,0.5586,138,0.0366810818518936,0.00312250104817207,320,0.558821428571428,"Central America (CA)"
3,11,10,0.5089,230,0.0436435294301533,0.00287776910963174,320,0.50815,"Caribbean (C)"
4,11,10,0.330125,299,0.0401741358594004,0.00232333026463316,320,0.330917857142857,"Southeast US (SUS)"
5,11,10,0.5664125,138,0.0356720673691146,0.00303660803136248,320,0.565980357142857,"South Gulf (SG)"
6,11,10,0.3262,69,0.0621841412085873,0.00748609088780172,320,0.325385714285714,"West Gulf (WG)"
1,11,11,0.355475,138,0.0313937471898308,0.00267241323203326,321,0.356601785714286,"Florida Peninsula (FP)"
2,11,11,0.5586,138,0.0365256741655324,0.00310927186737756,321,0.558392857142857,"Central America (CA)"
3,11,11,0.5076,230,0.0438976089460137,0.00289452261677656,321,0.506739285714286,"Caribbean (C)"
4,11,11,0.3301,299,0.0404541535267059,0.00233952410445487,321,0.329246428571429,"Southeast US (SUS)"
5,11,11,0.566375,138,0.0361470897953907,0.00307704462562493,321,0.565091071428571,"South Gulf (SG)"
6,11,11,0.3262,69,0.0623972583702251,0.00751174717911271,321,0.324828571428571,"West Gulf (WG)"
1,11,12,0.3545,138,0.0313966287607583,0.00267265852764035,322,0.355055357142857,"Florida Peninsula (FP)"
2,11,12,0.5581,138,0.0364957427903753,0.00310672393951985,322,0.557975,"Central America (CA)"
3,11,12,0.5058,230,0.0439916013910283,0.0029007202950655,322,0.504996428571429,"Caribbean (C)"
4,11,12,0.3281,299,0.0405002783537713,0.00234219157207751,322,0.327575,"Southeast US (SUS)"
5,11,12,0.566275,138,0.036711916589116,0.00312512587531554,322,0.563976785714286,"South Gulf (SG)"
6,11,12,0.3243,69,0.0624093328354664,0.00751320077391134,322,0.324257142857143,"West Gulf (WG)"
1,11,13,0.3535375,138,0.0311686968464668,0.00265325567457945,323,0.353519642857143,"Florida Peninsula (FP)"
2,11,13,0.5581,138,0.0367486607549079,0.0031282537464253,323,0.557435714285714,"Central America (CA)"
3,11,13,0.5034,230,0.0442456228197868,0.00291746997206025,323,0.503107142857143,"Caribbean (C)"
4,11,13,0.32615,299,0.0406843192877793,0.00235283493410049,323,0.326189285714286,"Southeast US (SUS)"
5,11,13,0.56295,138,0.0376917490448434,0.00320853475301428,323,0.562855357142857,"South Gulf (SG)"
6,11,13,0.3224,69,0.0619579696202771,0.00745886302819923,323,0.323414285714286,"West Gulf (WG)"
1,11,14,0.352525,138,0.0310465454060686,0.00264285745344139,324,0.352119642857143,"Florida Peninsula (FP)"
2,11,14,0.558075,138,0.0368343100081024,0.00313554469503895,324,0.5569,"Central America (CA)"
3,11,14,0.5019,230,0.0446587467924897,0.00294471056012944,324,0.501007142857143,"Caribbean (C)"
4,11,14,0.32425,299,0.0411128228783803,0.00237761593658506,324,0.325064285714286,"Southeast US (SUS)"
5,11,14,0.560625,138,0.0383110240294913,0.00326125094051598,324,0.561739285714286,"South Gulf (SG)"
6,11,14,0.3223,69,0.0615394896767426,0.00740848396319755,324,0.322021428571429,"West Gulf (WG)"
1,11,15,0.350575,138,0.0309602522257953,0.00263551169011464,325,0.350869642857143,"Florida Peninsula (FP)"
2,11,15,0.555725,138,0.0369126046359155,0.00314220957636387,325,0.556357142857143,"Central America (CA)"
3,11,15,0.49805,230,0.0452410378667088,0.00298310569654672,325,0.498807142857143,"Caribbean (C)"
4,11,15,0.3223,299,0.0413733948707732,0.00239268520399036,325,0.323664285714286,"Southeast US (SUS)"
5,11,15,0.5587,138,0.0389508051994983,0.00331571273043848,325,0.560623214285714,"South Gulf (SG)"
6,11,15,0.3222,69,0.061151727874505,0.00736180292784109,325,0.32035,"West Gulf (WG)"
1,11,16,0.3496,138,0.0307836384278853,0.00262047732522533,326,0.349619642857143,"Florida Peninsula (FP)"
2,11,16,0.55485,138,0.0369396824631373,0.00314451459409001,326,0.555803571428571,"Central America (CA)"
3,11,16,0.4961,230,0.0457432263351545,0.00301621902355248,326,0.496585714285714,"Caribbean (C)"
4,11,16,0.3223,299,0.0413420444175698,0.00239087216046922,326,0.322278571428571,"Southeast US (SUS)"
5,11,16,0.55865,138,0.0394845455421473,0.00336114772567941,326,0.559519642857143,"South Gulf (SG)"
6,11,16,0.3203,69,0.0609298602358568,0.0073350932028903,326,0.318942857142857,"West Gulf (WG)"
1,11,17,0.348625,138,0.0306247049425496,0.0026069480084905,327,0.3485,"Florida Peninsula (FP)"
2,11,17,0.55485,138,0.0366865782003842,0.00312296892842686,327,0.55485,"Central America (CA)"
3,11,17,0.4942,230,0.0463393036223628,0.00305552319593447,327,0.49435,"Caribbean (C)"
4,11,17,0.32225,299,0.0414460773615363,0.00239688854096044,327,0.320892857142857,"Southeast US (SUS)"
5,11,17,0.5586,138,0.0402746399718594,0.00342840503000026,327,0.5584125,"South Gulf (SG)"
6,11,17,0.31645,69,0.0611267464484455,0.00735879551755363,327,0.317792857142857,"West Gulf (WG)"
1,11,18,0.346725,138,0.0303391129440539,0.00258263680310531,328,0.347525,"Florida Peninsula (FP)"
2,11,18,0.5548,138,0.0373241375176413,0.00317724158168298,328,0.553825,"Central America (CA)"
3,11,18,0.4922,230,0.0467015702744795,0.00307941035159129,328,0.492121428571429,"Caribbean (C)"
4,11,18,0.3203,299,0.0417252826148732,0.00241303539766925,328,0.3195,"Southeast US (SUS)"
5,11,18,0.5585625,138,0.0412391658063014,0.0035105109215657,328,0.557291071428571,"South Gulf (SG)"
6,11,18,0.3145,69,0.0612493593703992,0.00737355637876236,328,0.316635714285714,"West Gulf (WG)"
1,11,19,0.34575,138,0.0301027511381101,0.00256251635001216,329,0.346689285714286,"Florida Peninsula (FP)"
2,11,19,0.554225,138,0.0373218157328006,0.00317704393823211,329,0.55305,"Central America (CA)"
3,11,19,0.49025,230,0.047065357254951,0.00310339775473114,329,0.489892857142857,"Caribbean (C)"
4,11,19,0.3184,299,0.0421048240642879,0.00243498484641892,329,0.318371428571429,"Southeast US (SUS)"
5,11,19,0.55855,138,0.0416724660343431,0.00354739588645567,329,0.556444642857143,"South Gulf (SG)"
6,11,19,0.31445,69,0.0609800197698884,0.00734113170118508,329,0.31495,"West Gulf (WG)"
1,11,20,0.3457,138,0.0299623121890717,0.00255056139275797,330,0.345714285714286,"Florida Peninsula (FP)"
2,11,20,0.551425,138,0.0370796602006475,0.00315643029041165,330,0.552396821428571,"Central America (CA)"
3,11,20,0.48775,230,0.0476288992696195,0.0031405566147722,330,0.4878,"Caribbean (C)"
4,11,20,0.31645,299,0.0423092934170014,0.00244680961439928,330,0.316835714285714,"Southeast US (SUS)"
5,11,20,0.5552,138,0.0422537593288635,0.00359687885778035,330,0.5553375,"South Gulf (SG)"
6,11,20,0.31435,69,0.0607268016441362,0.00731064782109962,330,0.313007142857143,"West Gulf (WG)"
1,11,21,0.3457,138,0.0299809439664159,0.00255214743497236,331,0.344735714285714,"Florida Peninsula (FP)"
2,11,21,0.5509,138,0.0368339473795004,0.00313551382604238,331,0.551656535714286,"Central America (CA)"
3,11,21,0.4863,230,0.0481549425293671,0.0031752428801361,331,0.485828571428571,"Caribbean (C)"
4,11,21,0.3145,299,0.0423838644365318,0.00245112216780793,331,0.315171428571429,"Southeast US (SUS)"
5,11,21,0.552775,138,0.0431445741685157,0.00367271005277542,331,0.554223214285714,"South Gulf (SG)"
6,11,21,0.3142,69,0.0602954697490723,0.00725872156294926,331,0.311057142857143,"West Gulf (WG)"
1,11,22,0.344725,138,0.0300033415372748,0.00255405404281904,332,0.34375,"Florida Peninsula (FP)"
2,11,22,0.5503,138,0.0367131797251625,0.00312523340059643,332,0.550788678571428,"Central America (CA)"
3,11,22,0.48245,230,0.048319807820715,0.00318611377552165,332,0.483871428571429,"Caribbean (C)"
4,11,22,0.3144,299,0.0427381495695538,0.00247161100606795,332,0.313367857142857,"Southeast US (SUS)"
5,11,22,0.552775,138,0.0439790561874959,0.00374374587962118,332,0.553114285714286,"South Gulf (SG)"
6,11,22,0.3104,69,0.0599524232433466,0.00721742361670937,332,0.308814285714286,"West Gulf (WG)"
1,11,23,0.342775,138,0.0299310452200145,0.00254789977159728,333,0.342628571428571,"Florida Peninsula (FP)"
2,11,23,0.55027775,138,0.0367564590757226,0.00312891758357755,333,0.549999392857143,"Central America (CA)"
3,11,23,0.48145,230,0.0484275964595543,0.00319322114789211,333,0.482057142857143,"Caribbean (C)"
4,11,23,0.31155,299,0.0428636859345102,0.00247887096150385,333,0.311682142857143,"Southeast US (SUS)"
5,11,23,0.5509,138,0.0445257238623241,0.00379028132245641,333,0.551928571428571,"South Gulf (SG)"
6,11,23,0.3067,69,0.0596149103784348,0.00717679184253955,333,0.306578571428571,"West Gulf (WG)"
1,11,24,0.341775,138,0.0299171917698003,0.00254672048760044,334,0.341367857142857,"Florida Peninsula (FP)"
2,11,24,0.549668,138,0.0370888167208026,0.00315720974516975,334,0.549602964285714,"Central America (CA)"
3,11,24,0.4804,230,0.0488678108523392,0.00322224802536312,334,0.480185714285714,"Caribbean (C)"
4,11,24,0.3106,299,0.0427590942780706,0.00247282226983604,334,0.309996428571429,"Southeast US (SUS)"
5,11,24,0.5508,138,0.0450349008643419,0.00383362534728438,334,0.551160714285714,"South Gulf (SG)"
6,11,24,0.3028,69,0.0591481547849194,0.00712060107223164,334,0.303814285714286,"West Gulf (WG)"
1,11,25,0.339825,138,0.0296202055487149,0.00252143934157601,335,0.339775,"Florida Peninsula (FP)"
2,11,25,0.548725,138,0.0373389551605794,0.00317850294321513,335,0.549149392857143,"Central America (CA)"
3,11,25,0.4785,230,0.0491261799043445,0.00323928437614533,335,0.478514285714286,"Caribbean (C)"
4,11,25,0.307675,299,0.0425240785143334,0.00245923095729438,335,0.308325,"Southeast US (SUS)"
5,11,25,0.5508,138,0.0457206923322536,0.00389200379386423,335,0.550664285714286,"South Gulf (SG)"
6,11,25,0.2988,69,0.059109195462415,0.00711591092095631,335,0.301064285714286,"West Gulf (WG)"
1,11,26,0.3379,138,0.029518590446574,0.00251278928964389,336,0.338033928571428,"Florida Peninsula (FP)"
2,11,26,0.5487,138,0.0373147167539425,0.00317643963302064,336,0.54876725,"Central America (CA)"
3,11,26,0.47755,230,0.049493002478525,0.00326347194040687,336,0.477125,"Caribbean (C)"
4,11,26,0.3066,299,0.0427239579957082,0.00247079028616165,336,0.306653571428571,"Southeast US (SUS)"
5,11,26,0.55025,138,0.0465568792967878,0.00396318475531374,336,0.549832142857143,"South Gulf (SG)"
6,11,26,0.2988,69,0.0587434472792697,0.0070718800139138,336,0.29885,"West Gulf (WG)"
1,11,27,0.336875,138,0.0294836316429036,0.0025098133986507,337,0.336364285714286,"Florida Peninsula (FP)"
2,11,27,0.54865,138,0.0373082005421549,0.00317588493623664,337,0.548357928571429,"Central America (CA)"
3,11,27,0.47465,230,0.0500585738715739,0.00330076461369564,337,0.475589285714286,"Caribbean (C)"
4,11,27,0.30465,299,0.0430574993251043,0.00249007947928341,337,0.304985714285714,"Southeast US (SUS)"
5,11,27,0.549825,138,0.0469859802852813,0.00399971225719475,337,0.54885,"South Gulf (SG)"
6,11,27,0.295,69,0.0583411352176363,0.00702344733316736,337,0.297157142857143,"West Gulf (WG)"
1,11,28,0.33455,138,0.0295630103886461,0.00251657056622238,338,0.334696428571429,"Florida Peninsula (FP)"
2,11,28,0.547725,138,0.037244645195288,0.00317047474582814,338,0.547944642857143,"Central America (CA)"
3,11,28,0.4746,230,0.0504090857416027,0.00332387668197468,338,0.473792857142857,"Caribbean (C)"
4,11,28,0.3028,299,0.0432595241932296,0.00250176287906995,338,0.303307142857143,"Southeast US (SUS)"
5,11,28,0.5493,138,0.0474478979186555,0.00403903329740299,338,0.547746428571429,"South Gulf (SG)"
6,11,28,0.29495,69,0.0583497464999012,0.00702448400972898,338,0.295471428571429,"West Gulf (WG)"
1,11,29,0.3325375,138,0.0294539642385844,0.00250728794148296,339,0.333305357142857,"Florida Peninsula (FP)"
2,11,29,0.547625,138,0.0372338830676433,0.0031695586126839,339,0.547544642857143,"Central America (CA)"
3,11,29,0.472725,230,0.0507692383882754,0.00334762444424046,339,0.472121428571429,"Caribbean (C)"
4,11,29,0.3027,299,0.0433501641356392,0.00250700472228275,339,0.302032142857143,"Southeast US (SUS)"
5,11,29,0.54695,138,0.0480141485394055,0.00408723575129896,339,0.546635714285714,"South Gulf (SG)"
6,11,29,0.2949,69,0.0577806710024742,0.00695597537050102,339,0.294078571428571,"West Gulf (WG)"
1,11,30,0.3310875,138,0.0293906700242035,0.00250189998014786,340,0.331905357142857,"Florida Peninsula (FP)"
2,11,30,0.5474125,138,0.0371894862482279,0.00316577930443667,340,0.5471375,"Central America (CA)"
3,11,30,0.4707,230,0.0511706426722897,0.00337409225892211,340,0.470582142857143,"Caribbean (C)"
4,11,30,0.299875,299,0.0436005556042519,0.00252148523479632,340,0.300503571428571,"Southeast US (SUS)"
5,11,30,0.544025,138,0.0485181799172579,0.00413014175150937,340,0.5456,"South Gulf (SG)"
6,11,30,0.29485,69,0.0571977288354188,0.00688579738042039,340,0.2924,"West Gulf (WG)"
1,12,1,0.3301,138,0.0292677758825494,0.00249143853608036,342,0.330651785714286,"Florida Peninsula (FP)"
2,12,1,0.546775,138,0.0370819933729976,0.00315662890323168,342,0.546626785714286,"Central America (CA)"
3,12,1,0.467825,230,0.0515467997488157,0.00339889532204119,342,0.469185714285714,"Caribbean (C)"
4,12,1,0.29885,299,0.0434629665720319,0.00251352825561556,342,0.299110714285714,"Southeast US (SUS)"
5,12,1,0.543075,138,0.0492730209907546,0.00419439809085927,342,0.544621428571429,"South Gulf (SG)"
6,12,1,0.291,69,0.0566664718157725,0.00682184155090247,342,0.290992857142857,"West Gulf (WG)"
1,12,2,0.3300875,138,0.0292760731415808,0.00249214484567414,343,0.329598214285714,"Florida Peninsula (FP)"
2,12,2,0.545925,138,0.0371720160311135,0.00316429214079543,343,0.546366071428571,"Central America (CA)"
3,12,2,0.4668,230,0.0519756380229436,0.00342717208046166,343,0.467514285714286,"Caribbean (C)"
4,12,2,0.29875,299,0.043586314965034,0.00252066167736628,343,0.297982142857143,"Southeast US (SUS)"
5,12,2,0.543025,138,0.0496436035010104,0.0042259441690633,343,0.543714285714286,"South Gulf (SG)"
6,12,2,0.28905,69,0.056176704963653,0.00676288055059693,343,0.289557142857143,"West Gulf (WG)"
1,12,3,0.3281,138,0.0290212819635412,0.00247045558024555,344,0.328692857142857,"Florida Peninsula (FP)"
2,12,3,0.54585,138,0.0372753734550854,0.00317309050901127,344,0.545991071428571,"Central America (CA)"
3,12,3,0.466775,230,0.0523647762286261,0.00345283109388959,344,0.466110714285714,"Caribbean (C)"
4,12,3,0.2959,299,0.0436957999310241,0.00252699335643206,344,0.296589285714286,"Southeast US (SUS)"
5,12,3,0.543,138,0.0500966055781933,0.00426450626672822,344,0.543010714285714,"South Gulf (SG)"
6,12,3,0.28705,69,0.056143844271897,0.0067589245881869,344,0.2879,"West Gulf (WG)"
1,12,4,0.3281,138,0.0287656352401128,0.002448693485957,345,0.327994642857143,"Florida Peninsula (FP)"
2,12,4,0.545075,138,0.0371577672433762,0.00316307920343375,345,0.545514285714286,"Central America (CA)"
3,12,4,0.464875,230,0.0529470024299817,0.00349122195271692,345,0.464710714285714,"Caribbean (C)"
4,12,4,0.2949,299,0.0435191134382723,0.00251677531272855,345,0.295321428571429,"Southeast US (SUS)"
5,12,4,0.542975,138,0.0506464107794422,0.00431130879354905,345,0.542592857142857,"South Gulf (SG)"
6,12,4,0.28515,69,0.0561528414836884,0.0067600077252038,345,0.286235714285714,"West Gulf (WG)"
1,12,5,0.327175,138,0.0286447132866036,0.00243839992569332,346,0.327433928571429,"Florida Peninsula (FP)"
2,12,5,0.5459,138,0.0366868459513745,0.00312299172090477,346,0.544992857142857,"Central America (CA)"
3,12,5,0.4629,230,0.0534630687919301,0.00352525036092144,346,0.463517857142857,"Caribbean (C)"
4,12,5,0.2949,299,0.0437406632806021,0.00252958787092796,346,0.293928571428571,"Southeast US (SUS)"
5,12,5,0.54295,138,0.0515707999163219,0.00438999802252218,346,0.542232142857143,"South Gulf (SG)"
6,12,5,0.2849,69,0.0560461545257748,0.00674716412476224,346,0.285121428571429,"West Gulf (WG)"
1,12,6,0.3262,138,0.028528023861848,0.00242846666220396,347,0.326866071428571,"Florida Peninsula (FP)"
2,12,6,0.545,138,0.0361874622913974,0.0030804813607138,347,0.544585714285714,"Central America (CA)"
3,12,6,0.4629,230,0.0536328631414966,0.00353644626878115,347,0.462389285714286,"Caribbean (C)"
4,12,6,0.29295,299,0.0437401880819501,0.00252956038948035,347,0.292278571428571,"Southeast US (SUS)"
5,12,6,0.542025,138,0.0523779774911349,0.00445870954072633,347,0.541764285714286,"South Gulf (SG)"
6,12,6,0.2833,69,0.0558535067752808,0.00672397206097397,347,0.284278571428571,"West Gulf (WG)"
1,12,7,0.3262,138,0.0285049831517841,0.00242650530671243,348,0.326448214285714,"Florida Peninsula (FP)"
2,12,7,0.544075,138,0.0360287105482172,0.00306696751489865,348,0.544189285714286,"Central America (CA)"
3,12,7,0.4609,230,0.0538030907367419,0.00354767074401494,348,0.460996428571429,"Caribbean (C)"
4,12,7,0.291,299,0.0437952041400002,0.00253274205026718,348,0.291021428571429,"Southeast US (SUS)"
5,12,7,0.5411,138,0.0531414298668885,0.00452369892280469,348,0.541217857142857,"South Gulf (SG)"
6,12,7,0.2832,69,0.0556084486916219,0.00669447053451713,348,0.283442857142857,"West Gulf (WG)"
1,12,8,0.326175,138,0.0284207307602614,0.00241933326686085,349,0.325894642857143,"Florida Peninsula (FP)"
2,12,8,0.543125,138,0.0359679441677936,0.00306179473708003,349,0.543896428571429,"Central America (CA)"
3,12,8,0.459475,230,0.054066183037158,0.00356501853657445,349,0.459673214285714,"Caribbean (C)"
4,12,8,0.2891,299,0.0442970402460043,0.00256176398161738,349,0.289907142857143,"Southeast US (SUS)"
5,12,8,0.54055,138,0.054057443811451,0.00460167520806218,349,0.540653571428571,"South Gulf (SG)"
6,12,8,0.2832,69,0.055137600618943,0.00663778708761389,349,0.282335714285714,"West Gulf (WG)"
1,12,9,0.3261125,138,0.0280854086287348,0.00239078875142386,350,0.325469642857143,"Florida Peninsula (FP)"
2,12,9,0.543075,138,0.0357829169135574,0.00304604417122634,350,0.543482142857143,"Central America (CA)"
3,12,9,0.4589,230,0.0545628441963063,0.0035977674035981,350,0.458551785714286,"Caribbean (C)"
4,12,9,0.2872,299,0.0444581063996998,0.00257107867778903,350,0.288239285714286,"Southeast US (SUS)"
5,12,9,0.53975,138,0.0548860941217102,0.00467221460689452,350,0.540085714285714,"South Gulf (SG)"
6,12,9,0.28315,69,0.054609046556343,0.00657415665588584,350,0.28125,"West Gulf (WG)"
1,12,10,0.325175,138,0.0278155678351769,0.00236781837764573,351,0.325183928571429,"Florida Peninsula (FP)"
2,12,10,0.543075,138,0.0357057262303889,0.00303947326391025,351,0.543196428571429,"Central America (CA)"
3,12,10,0.457025,230,0.0548707566552693,0.00361807054989365,351,0.457423214285714,"Caribbean (C)"
4,12,10,0.2871,299,0.0449713558666251,0.00260076066084369,351,0.286846428571429,"Southeast US (SUS)"
5,12,10,0.539175,138,0.0554447159319291,0.00471976765331183,351,0.539521428571429,"South Gulf (SG)"
6,12,10,0.2812,69,0.0543554467885992,0.00654362683150365,351,0.280385714285714,"West Gulf (WG)"
1,12,11,0.324225,138,0.027752749610533,0.00236247093524785,352,0.324696428571429,"Florida Peninsula (FP)"
2,12,11,0.543025,138,0.0356736909373383,0.00303674623866784,352,0.543042857142857,"Central America (CA)"
3,12,11,0.4556125,230,0.0549295148450545,0.00362194495019329,352,0.456173214285714,"Caribbean (C)"
4,12,11,0.2871,299,0.0452235020532141,0.00261534265131796,352,0.285732142857143,"Southeast US (SUS)"
5,12,11,0.539025,138,0.0564350215643799,0.00480406806701892,352,0.538710714285714,"South Gulf (SG)"
6,12,11,0.2774,69,0.0541059063375471,0.00651358569142433,352,0.279271428571429,"West Gulf (WG)"
1,12,12,0.3242,138,0.0276201160981488,0.0023511804208864,353,0.324142857142857,"Florida Peninsula (FP)"
2,12,12,0.543,138,0.035699025409976,0.00303890285219646,353,0.543021428571429,"Central America (CA)"
3,12,12,0.45505,230,0.0551944443051126,0.00363941388147226,353,0.454991071428571,"Caribbean (C)"
4,12,12,0.283225,299,0.0454556381614743,0.0026287674290835,353,0.284617857142857,"Southeast US (SUS)"
5,12,12,0.538975,138,0.0570394980753293,0.00485552452478252,353,0.53795,"South Gulf (SG)"
6,12,12,0.2773,69,0.0530980954789239,0.00639225952145988,353,0.277871428571429,"West Gulf (WG)"
1,12,13,0.3242,138,0.0274469803123147,0.00233644212404647,354,0.323598214285714,"Florida Peninsula (FP)"
2,12,13,0.543,138,0.035618317270706,0.00303203251913256,354,0.543,"Central America (CA)"
3,12,13,0.455,230,0.0555495336824673,0.00366282778164605,354,0.453891071428571,"Caribbean (C)"
4,12,13,0.2832,299,0.0456998013306294,0.00264288774973936,354,0.283503571428571,"Southeast US (SUS)"
5,12,13,0.538075,138,0.0578872924300059,0.0049276935728984,354,0.5373,"South Gulf (SG)"
6,12,13,0.27725,69,0.0524233819573085,0.0063110335585717,354,0.276214285714286,"West Gulf (WG)"
1,12,14,0.3227875,138,0.0273980848342889,0.00233227986454707,355,0.3231875,"Florida Peninsula (FP)"
2,12,14,0.543,138,0.0354951254070689,0.00302154573128682,355,0.542785714285714,"Central America (CA)"
3,12,14,0.45215,230,0.0560188393696502,0.00369377288226425,355,0.453044642857143,"Caribbean (C)"
4,12,14,0.2832,299,0.0459900948820174,0.00265967585928148,355,0.282396428571429,"Southeast US (SUS)"
5,12,14,0.535425,138,0.0590993855519873,0.00503087379149584,355,0.536721428571429,"South Gulf (SG)"
6,12,14,0.2754,69,0.0524203920727593,0.00631067361876962,355,0.274828571428571,"West Gulf (WG)"
1,12,15,0.3223,138,0.0272515935127372,0.00231980969513003,356,0.322910714285714,"Florida Peninsula (FP)"
2,12,15,0.542975,138,0.0353785112918708,0.00301161887857272,356,0.542517857142857,"Central America (CA)"
3,12,15,0.4512,230,0.0564749389031102,0.00372384719489309,356,0.452121428571429,"Caribbean (C)"
4,12,15,0.2813,299,0.0463209966792183,0.00267881240431506,356,0.280864285714286,"Southeast US (SUS)"
5,12,15,0.535225,138,0.059946504761546,0.00510298536744265,356,0.536160714285714,"South Gulf (SG)"
6,12,15,0.2734,69,0.0523398850866776,0.00630098171657081,356,0.273985714285714,"West Gulf (WG)"
1,12,16,0.3223,138,0.0270865308386614,0.00230575862720088,357,0.322632142857143,"Florida Peninsula (FP)"
2,12,16,0.542925,138,0.0352918789970458,0.00300424424789828,357,0.542128571428572,"Central America (CA)"
3,12,16,0.4512,230,0.0570693407246621,0.00376304089034132,357,0.451003571428571,"Caribbean (C)"
4,12,16,0.2794,299,0.0466721277258589,0.00269911883704998,357,0.279753571428571,"Southeast US (SUS)"
5,12,16,0.5352,138,0.0610308740599556,0.00519529301214519,357,0.535607142857143,"South Gulf (SG)"
6,12,16,0.27155,69,0.0518655266083583,0.00624387566648987,357,0.272878571428571,"West Gulf (WG)"
1,12,17,0.3223,138,0.027037542788886,0.00230158848747084,358,0.322348214285714,"Florida Peninsula (FP)"
2,12,17,0.541575,138,0.0352659281867214,0.00300203516822157,358,0.541739285714286,"Central America (CA)"
3,12,17,0.4511,230,0.057600322688576,0.00379805280421433,358,0.449544642857143,"Caribbean (C)"
4,12,17,0.27935,299,0.0470133554748922,0.00271885254729669,358,0.278639285714286,"Southeast US (SUS)"
5,12,17,0.535125,138,0.0619562647463533,0.00527406749867512,358,0.534846428571429,"South Gulf (SG)"
6,12,17,0.2715,69,0.0509603159465744,0.00613490110874868,358,0.271214285714286,"West Gulf (WG)"
1,12,18,0.3222875,138,0.026875629323495,0.00228780549798765,359,0.322128571428571,"Florida Peninsula (FP)"
2,12,18,0.54115,138,0.0351675138847506,0.00299365758649429,359,0.541235714285714,"Central America (CA)"
3,12,18,0.44915,230,0.0580811204011295,0.00382975566654545,359,0.448294642857143,"Caribbean (C)"
4,12,18,0.276375,299,0.0472493436454986,0.0027325000955796,359,0.277525,"Southeast US (SUS)"
5,12,18,0.5351,138,0.063113290390216,0.00537256006223448,359,0.534067857142857,"South Gulf (SG)"
6,12,18,0.2715,69,0.0502988800191489,0.00605527358036399,359,0.269542857142857,"West Gulf (WG)"
1,12,19,0.32225,138,0.0266574021894012,0.00226922877067903,360,0.321639285714286,"Florida Peninsula (FP)"
2,12,19,0.540275,138,0.0350221636810152,0.0029812845554766,360,0.540732142857143,"Central America (CA)"
3,12,19,0.447225,230,0.0583865151485622,0.00384989279985892,360,0.447098214285714,"Caribbean (C)"
4,12,19,0.27545,299,0.0474317213477116,0.00274304727042435,360,0.276410714285714,"Southeast US (SUS)"
5,12,19,0.5351,138,0.0641836689649901,0.00546367673745054,360,0.532957142857143,"South Gulf (SG)"
6,12,19,0.26955,69,0.0499640879776271,0.00601496935483906,360,0.26815,"West Gulf (WG)"
1,12,20,0.3222125,138,0.0265290330126094,0.00225830126066982,361,0.321082142857143,"Florida Peninsula (FP)"
2,12,20,0.540275,138,0.0350792495429917,0.00298614402675875,361,0.540235714285714,"Central America (CA)"
3,12,20,0.4447875,230,0.0585975382029321,0.00386380724800771,361,0.445426785714286,"Caribbean (C)"
4,12,20,0.2754,299,0.0476583373091253,0.00275615280985509,361,0.275296428571429,"Southeast US (SUS)"
5,12,20,0.53275,138,0.0651986444247825,0.00555007718632136,361,0.531842857142857,"South Gulf (SG)"
6,12,20,0.2656,69,0.0499624984427259,0.00601477799732397,361,0.267014285714286,"West Gulf (WG)"
1,12,21,0.32125,138,0.0264824152017126,0.00225433288907226,362,0.320521428571429,"Florida Peninsula (FP)"
2,12,21,0.539475,138,0.0349921232927182,0.00297872734780417,362,0.539932142857143,"Central America (CA)"
3,12,21,0.4434,230,0.0588667379594739,0.00388155775429837,362,0.4437625,"Caribbean (C)"
4,12,21,0.2754,299,0.0479553057299704,0.00277332693706481,362,0.274175,"Southeast US (SUS)"
5,12,21,0.529975,138,0.0660057718630846,0.00561878443662229,362,0.530739285714286,"South Gulf (SG)"
6,12,21,0.2637,69,0.0502725190650496,0.0060521000944166,362,0.265621428571429,"West Gulf (WG)"
1,12,22,0.318875,138,0.0264170803092472,0.0022487712136825,363,0.319955357142857,"Florida Peninsula (FP)"
2,12,22,0.53945,138,0.0348636369631494,0.00296778986508831,363,0.539689285714286,"Central America (CA)"
3,12,22,0.442825,230,0.0592172078665842,0.0039046670556245,363,0.442366071428571,"Caribbean (C)"
4,12,22,0.2735,299,0.0482828786274424,0.00279227096685636,363,0.273478571428571,"Southeast US (SUS)"
5,12,22,0.52745,138,0.0666848986210191,0.00567659554541276,363,0.529635714285714,"South Gulf (SG)"
6,12,22,0.26365,69,0.0500691001541805,0.00602761133529784,363,0.263957142857143,"West Gulf (WG)"
1,12,23,0.3184,138,0.026395364668094,0.00224692265554738,364,0.319391071428571,"Florida Peninsula (FP)"
2,12,23,0.53945,138,0.0347636672369128,0.0029592798768546,364,0.539571428571429,"Central America (CA)"
3,12,23,0.4395,230,0.059463824319727,0.00392092846298655,364,0.441105357142857,"Caribbean (C)"
4,12,23,0.2716,299,0.0485028395783059,0.00280499163708974,364,0.272642857142857,"Southeast US (SUS)"
5,12,23,0.5274,138,0.0675166342375266,0.00574739758295443,364,0.528525,"South Gulf (SG)"
6,12,23,0.2636,69,0.0498213640634839,0.00599778741467919,364,0.262564285714286,"West Gulf (WG)"
1,12,24,0.318375,138,0.0263353150521836,0.00224181089277605,365,0.318832142857143,"Florida Peninsula (FP)"
2,12,24,0.53945,138,0.0349146024022602,0.00297212833137691,365,0.53945,"Central America (CA)"
3,12,24,0.43945,230,0.0596486214542837,0.00393311362519317,365,0.439792857142857,"Caribbean (C)"
4,12,24,0.2715,299,0.0488225283050248,0.00282347971351403,365,0.271535714285714,"Southeast US (SUS)"
5,12,24,0.5274,138,0.0684203816438318,0.00582432967113178,365,0.527746428571429,"South Gulf (SG)"
6,12,24,0.26175,69,0.0490085999213512,0.00589994211007103,365,0.2616,"West Gulf (WG)"
1,12,25,0.318325,138,0.0262767490045561,0.00223682541972368,366,0.318410714285714,"Florida Peninsula (FP)"
2,12,25,0.53945,138,0.0356722507715697,0.00303662364361625,366,0.539435714285714,"Central America (CA)"
3,12,25,0.439375,230,0.0603393042812053,0.00397865590213136,366,0.438675,"Caribbean (C)"
4,12,25,0.2715,299,0.0489028463923885,0.00282812462843697,366,0.270421428571429,"Southeast US (SUS)"
5,12,25,0.527375,138,0.0690792950454327,0.0058804201047635,366,0.527364285714286,"South Gulf (SG)"
6,12,25,0.25985,69,0.048291585872164,0.00581362376208515,366,0.260628571428571,"West Gulf (WG)"
1,12,26,0.3183,138,0.0262577619944948,0.00223520913809226,367,0.318053571428571,"Florida Peninsula (FP)"
2,12,26,0.53945,138,0.0363190969950196,0.00309168685082709,367,0.5394,"Central America (CA)"
3,12,26,0.4384,230,0.0607469409270655,0.00400553466658344,367,0.437503571428571,"Caribbean (C)"
4,12,26,0.2696,299,0.0492191344375008,0.00284641603836605,367,0.269578571428571,"Southeast US (SUS)"
5,12,26,0.527325,138,0.0698558406767032,0.00594652405876863,367,0.527273214285714,"South Gulf (SG)"
6,12,26,0.2598,69,0.0480278142752063,0.00578186939336559,367,0.259271428571429,"West Gulf (WG)"
1,12,27,0.3183,138,0.0260349224257506,0.00221623977427176,368,0.317496428571429,"Florida Peninsula (FP)"
2,12,27,0.539425,138,0.0363183544435164,0.00309162364064543,368,0.539339285714286,"Central America (CA)"
3,12,27,0.4356,230,0.0610067814369871,0.00402266804242739,368,0.4368,"Caribbean (C)"
4,12,27,0.26765,299,0.0495343706629292,0.00286464661999224,368,0.268728571428571,"Southeast US (SUS)"
5,12,27,0.5273,138,0.0709039180112587,0.00603574232634668,368,0.527073214285714,"South Gulf (SG)"
6,12,27,0.25885,69,0.0475416356220007,0.00572334036144735,368,0.257614285714286,"West Gulf (WG)"
1,12,28,0.3183,138,0.0257896633375518,0.00219536193421605,369,0.316942857142857,"Florida Peninsula (FP)"
2,12,28,0.539375,138,0.0361797018972052,0.00307982075209007,369,0.539207142857143,"Central America (CA)"
3,12,28,0.435575,230,0.06130907113488,0.00404260043483732,369,0.435825,"Caribbean (C)"
4,12,28,0.2676,299,0.0496900740988724,0.00287365118218868,369,0.267614285714286,"Southeast US (SUS)"
5,12,28,0.5273,138,0.0715933258855544,0.00609442862188175,369,0.5267875,"South Gulf (SG)"
6,12,28,0.2569,69,0.0466694059675869,0.00561833625041403,369,0.256221428571429,"West Gulf (WG)"
1,12,29,0.316375,138,0.0256908859548107,0.00218695344500108,370,NA,"Florida Peninsula (FP)"
2,12,29,0.5392,138,0.035959906435936,0.0030611105199064,370,NA,"Central America (CA)"
3,12,29,0.434625,230,0.0616596407440015,0.00406571631031938,370,NA,"Caribbean (C)"
4,12,29,0.2676,299,0.049780667675937,0.00287889034402435,370,NA,"Southeast US (SUS)"
5,12,29,0.5268125,138,0.0724591356426835,0.00616813124289683,370,NA,"South Gulf (SG)"
6,12,29,0.25415,69,0.04613885987262,0.00555446600617013,370,NA,"West Gulf (WG)"
1,12,30,0.3145,138,0.025413725496377,0.00216335997997011,371,NA,"Florida Peninsula (FP)"
2,12,30,0.539025,138,0.035840608319094,0.00305095518979951,371,NA,"Central America (CA)"
3,12,30,0.434575,230,0.0618761255964803,0.00407999089877043,371,NA,"Caribbean (C)"
4,12,30,0.26565,299,0.0498647469986652,0.00288375277680469,371,NA,"Southeast US (SUS)"
5,12,30,0.526,138,0.0730464606385597,0.00621812766673858,371,NA,"South Gulf (SG)"
6,12,30,0.252,69,0.045753043763087,0.00550801920468976,371,NA,"West Gulf (WG)"
1,12,31,0.3145,138,0.0250659759793786,0.00213375757522879,372,NA,"Florida Peninsula (FP)"
2,12,31,0.538525,138,0.0358128084738981,0.0030485887098218,372,NA,"Central America (CA)"
3,12,31,0.432625,230,0.062228314634092,0.00410321355620495,372,NA,"Caribbean (C)"
4,12,31,0.2637,299,0.0498221269864982,0.00288128799786101,372,NA,"Southeast US (SUS)"
5,12,31,0.5254,138,0.0737697638106049,0.00627969932163078,372,NA,"South Gulf (SG)"
6,12,31,0.252,69,0.0457270913142505,0.00550489489699692,372,NA,"West Gulf (WG)"
