"NAME","cluster","NAME2","date","value","Clus_Acr"
"AL_US_IVAN","4","IVAN_US_AL_2004",2000-01-01,78,"SUS"
"AL_US_SALLY","4","SALLY_US_AL_2020",2000-01-01,74,"SUS"
"ALEX","6","ALEX_2010",2000-01-01,25,"WG"
"BELICE_RICHARD","3","RICHARD_BELICE_2010",2000-01-01,59,"C"
"BELIZE_IRIS","2","IRIS_BELIZE_2001",2000-01-01,105,"CA"
"BETA","2","BETA_2005",2000-01-01,135,"CA"
"CR_OTTO","2","OTTO_CR_2016",2000-01-01,144,"CA"
"CUBA_DENNIS","3","DENNIS_CUBA_2005",2000-01-01,10,"C"
"CUBA_GUSTAV","3","GUSTAV_CUBA_2008",2000-01-01,6,"C"
"CUBA_IAN","3","IAN_CUBA_2022",2000-01-01,6,"C"
"CUBA_MICHELLE","3","MICHELLE_CUBA_2001",2000-01-01,14,"C"
"CUBA_PALOMA","3","PALOMA_CUBA_2008",2000-01-01,20,"C"
"CUBA_SANDY","3","SANDY_CUBA_2012",2000-01-01,19,"C"
"DEAN_QROO_MX","5","DEAN_QROO_MX_2007",2000-01-01,32,"SG"
"FL_US_CHARLEY","1","CHARLEY_2004",2000-01-01,33,"FP"
"FL_US_FRANCES","1","FRANCES_US_FL_2004",2000-01-01,35,"FP"
"FL_US_IAN","1","IAN_US_FL_2022",2000-01-01,32,"FP"
"FL_US_IRMA","1","IRMA_US_FL_2017",2000-01-01,27,"FP"
"FL_US_JEANNE","1","JEANNE_US_FL_2004",2000-01-01,34,"FP"
"FL_US_MICHAEL","4","MICHAEL_US_FL_2018",2000-01-01,85,"SUS"
"FL_US_WILMA","1","WILMA_US_FL_2005",2000-01-01,23,"FP"
"LA_US_GUSTAV","4","GUSTAV_US_LA_2008",2000-01-01,66,"SUS"
"LA_US_IDA","4","IDA_US_LA_2009",2000-01-01,64,"SUS"
"LA_US_KATRINA","4","KATRINA_US_LA_2005",2000-01-01,71,"SUS"
"LA_US_LAURA","4","LAURA_US_LA_2020",2000-01-01,39,"SUS"
"LA_US_ZETA","4","ZETA_US_LA_2020",2000-01-01,60,"SUS"
"MX_ERNESTO","5","ERNESTO_MX_2012",2000-01-01,30,"SG"
"MX_GRACE","3","GRACE_MX_2021",2000-01-01,31,"C"
"MX_TAMPS_EMILY","6","EMILY_TAMPS_MX_2005",2000-01-01,28,"WG"
"NC_US_ISABEL","4","ISABEL_US_NC_2003",2000-01-01,121,"SUS"
"NIC_ETA","2","ETA_NIC_2020",2000-01-01,152,"CA"
"NIC_FELIX","2","FELIX_NIC_2007",2000-01-01,205,"CA"
"NIC_IOTA","2","IOTA_NIC_2020",2000-01-01,138,"CA"
"PR_USA_MARIA","3","MARIA_US_PR_2017",2000-01-01,99,"C"
"QROO_WILMA","3","WILMA_QROO_2005",2000-01-01,50,"C"
"TX_US_HARVEY","6","HARVEY_US_TX_2017",2000-01-01,58,"WG"
"TX_US_IKE","4","IKE_US_TX_2008",2000-01-01,68,"SUS"
"TX_US_RITA","4","RITA_US_TX_2005",2000-01-01,39,"SUS"
"US_FL_DELTA","4","DELTA_US_LA_2020",2000-01-01,45,"SUS"
"US_FL_DENNIS","4","DENNIS_US_FL_2005",2000-01-01,83,"SUS"
"VER_MX_KARL","5","KARL_MX_VER_2010",2000-01-01,26,"SG"
"YUC_DELTA","5","DELTA_YUCATAN_MX_2020",2000-01-01,48,"SG"
"YUC_MX_EMILY","5","EMILY_MX_YUC_2005",2000-01-01,42,"SG"
"YUC_MX_ISIDORE","5","ISIDORE_MX_YUC_2002",2000-01-01,20,"SG"
"AL_US_IVAN","4","IVAN_US_AL_2004",2000-02-01,42,"SUS"
"AL_US_SALLY","4","SALLY_US_AL_2020",2000-02-01,41,"SUS"
"ALEX","6","ALEX_2010",2000-02-01,11,"WG"
"BELICE_RICHARD","3","RICHARD_BELICE_2010",2000-02-01,13,"C"
"BELIZE_IRIS","2","IRIS_BELIZE_2001",2000-02-01,24,"CA"
"BETA","2","BETA_2005",2000-02-01,80,"CA"
"CR_OTTO","2","OTTO_CR_2016",2000-02-01,114,"CA"
"CUBA_DENNIS","3","DENNIS_CUBA_2005",2000-02-01,7,"C"
"CUBA_GUSTAV","3","GUSTAV_CUBA_2008",2000-02-01,8,"C"
"CUBA_IAN","3","IAN_CUBA_2022",2000-02-01,7,"C"
"CUBA_MICHELLE","3","MICHELLE_CUBA_2001",2000-02-01,10,"C"
"CUBA_PALOMA","3","PALOMA_CUBA_2008",2000-02-01,7,"C"
"CUBA_SANDY","3","SANDY_CUBA_2012",2000-02-01,23,"C"
"DEAN_QROO_MX","5","DEAN_QROO_MX_2007",2000-02-01,4,"SG"
"FL_US_CHARLEY","1","CHARLEY_2004",2000-02-01,26,"FP"
"FL_US_FRANCES","1","FRANCES_US_FL_2004",2000-02-01,28,"FP"
"FL_US_IAN","1","IAN_US_FL_2022",2000-02-01,25,"FP"
"FL_US_IRMA","1","IRMA_US_FL_2017",2000-02-01,20,"FP"
"FL_US_JEANNE","1","JEANNE_US_FL_2004",2000-02-01,28,"FP"
"FL_US_MICHAEL","4","MICHAEL_US_FL_2018",2000-02-01,49,"SUS"
"FL_US_WILMA","1","WILMA_US_FL_2005",2000-02-01,22,"FP"
"LA_US_GUSTAV","4","GUSTAV_US_LA_2008",2000-02-01,20,"SUS"
"LA_US_IDA","4","IDA_US_LA_2009",2000-02-01,23,"SUS"
"LA_US_KATRINA","4","KATRINA_US_LA_2005",2000-02-01,31,"SUS"
"LA_US_LAURA","4","LAURA_US_LA_2020",2000-02-01,27,"SUS"
"LA_US_ZETA","4","ZETA_US_LA_2020",2000-02-01,26,"SUS"
"MX_ERNESTO","5","ERNESTO_MX_2012",2000-02-01,4,"SG"
"MX_GRACE","3","GRACE_MX_2021",2000-02-01,42,"C"
"MX_TAMPS_EMILY","6","EMILY_TAMPS_MX_2005",2000-02-01,10,"WG"
"NC_US_ISABEL","4","ISABEL_US_NC_2003",2000-02-01,50,"SUS"
"NIC_ETA","2","ETA_NIC_2020",2000-02-01,91,"CA"
"NIC_FELIX","2","FELIX_NIC_2007",2000-02-01,127,"CA"
"NIC_IOTA","2","IOTA_NIC_2020",2000-02-01,79,"CA"
"PR_USA_MARIA","3","MARIA_US_PR_2017",2000-02-01,31,"C"
"QROO_WILMA","3","WILMA_QROO_2005",2000-02-01,2,"C"
"TX_US_HARVEY","6","HARVEY_US_TX_2017",2000-02-01,33,"WG"
"TX_US_IKE","4","IKE_US_TX_2008",2000-02-01,52,"SUS"
"TX_US_RITA","4","RITA_US_TX_2005",2000-02-01,34,"SUS"
"US_FL_DELTA","4","DELTA_US_LA_2020",2000-02-01,18,"SUS"
"US_FL_DENNIS","4","DENNIS_US_FL_2005",2000-02-01,45,"SUS"
"VER_MX_KARL","5","KARL_MX_VER_2010",2000-02-01,22,"SG"
"YUC_DELTA","5","DELTA_YUCATAN_MX_2020",2000-02-01,2,"SG"
"YUC_MX_EMILY","5","EMILY_MX_YUC_2005",2000-02-01,2,"SG"
"YUC_MX_ISIDORE","5","ISIDORE_MX_YUC_2002",2000-02-01,2,"SG"
"AL_US_IVAN","4","IVAN_US_AL_2004",2000-03-01,121,"SUS"
"AL_US_SALLY","4","SALLY_US_AL_2020",2000-03-01,115,"SUS"
"ALEX","6","ALEX_2010",2000-03-01,6,"WG"
"BELICE_RICHARD","3","RICHARD_BELICE_2010",2000-03-01,22,"C"
"BELIZE_IRIS","2","IRIS_BELIZE_2001",2000-03-01,40,"CA"
"BETA","2","BETA_2005",2000-03-01,8,"CA"
"CR_OTTO","2","OTTO_CR_2016",2000-03-01,13,"CA"
"CUBA_DENNIS","3","DENNIS_CUBA_2005",2000-03-01,22,"C"
"CUBA_GUSTAV","3","GUSTAV_CUBA_2008",2000-03-01,32,"C"
"CUBA_IAN","3","IAN_CUBA_2022",2000-03-01,32,"C"
"CUBA_MICHELLE","3","MICHELLE_CUBA_2001",2000-03-01,27,"C"
"CUBA_PALOMA","3","PALOMA_CUBA_2008",2000-03-01,35,"C"
"CUBA_SANDY","3","SANDY_CUBA_2012",2000-03-01,18,"C"
"DEAN_QROO_MX","5","DEAN_QROO_MX_2007",2000-03-01,10,"SG"
"FL_US_CHARLEY","1","CHARLEY_2004",2000-03-01,38,"FP"
"FL_US_FRANCES","1","FRANCES_US_FL_2004",2000-03-01,50,"FP"
"FL_US_IAN","1","IAN_US_FL_2022",2000-03-01,40,"FP"
"FL_US_IRMA","1","IRMA_US_FL_2017",2000-03-01,52,"FP"
"FL_US_JEANNE","1","JEANNE_US_FL_2004",2000-03-01,53,"FP"
"FL_US_MICHAEL","4","MICHAEL_US_FL_2018",2000-03-01,110,"SUS"
"FL_US_WILMA","1","WILMA_US_FL_2005",2000-03-01,45,"FP"
"LA_US_GUSTAV","4","GUSTAV_US_LA_2008",2000-03-01,104,"SUS"
"LA_US_IDA","4","IDA_US_LA_2009",2000-03-01,125,"SUS"
"LA_US_KATRINA","4","KATRINA_US_LA_2005",2000-03-01,91,"SUS"
"LA_US_LAURA","4","LAURA_US_LA_2020",2000-03-01,62,"SUS"
"LA_US_ZETA","4","ZETA_US_LA_2020",2000-03-01,104,"SUS"
"MX_ERNESTO","5","ERNESTO_MX_2012",2000-03-01,10,"SG"
"MX_GRACE","3","GRACE_MX_2021",2000-03-01,62,"C"
"MX_TAMPS_EMILY","6","EMILY_TAMPS_MX_2005",2000-03-01,7,"WG"
"NC_US_ISABEL","4","ISABEL_US_NC_2003",2000-03-01,57,"SUS"
"NIC_ETA","2","ETA_NIC_2020",2000-03-01,7,"CA"
"NIC_FELIX","2","FELIX_NIC_2007",2000-03-01,6,"CA"
"NIC_IOTA","2","IOTA_NIC_2020",2000-03-01,7,"CA"
"PR_USA_MARIA","3","MARIA_US_PR_2017",2000-03-01,30,"C"
"QROO_WILMA","3","WILMA_QROO_2005",2000-03-01,27,"C"
"TX_US_HARVEY","6","HARVEY_US_TX_2017",2000-03-01,61,"WG"
"TX_US_IKE","4","IKE_US_TX_2008",2000-03-01,56,"SUS"
"TX_US_RITA","4","RITA_US_TX_2005",2000-03-01,54,"SUS"
"US_FL_DELTA","4","DELTA_US_LA_2020",2000-03-01,69,"SUS"
"US_FL_DENNIS","4","DENNIS_US_FL_2005",2000-03-01,119,"SUS"
"VER_MX_KARL","5","KARL_MX_VER_2010",2000-03-01,30,"SG"
"YUC_DELTA","5","DELTA_YUCATAN_MX_2020",2000-03-01,27,"SG"
"YUC_MX_EMILY","5","EMILY_MX_YUC_2005",2000-03-01,24,"SG"
"YUC_MX_ISIDORE","5","ISIDORE_MX_YUC_2002",2000-03-01,18,"SG"
"AL_US_IVAN","4","IVAN_US_AL_2004",2000-04-01,62,"SUS"
"AL_US_SALLY","4","SALLY_US_AL_2020",2000-04-01,55,"SUS"
"ALEX","6","ALEX_2010",2000-04-01,15,"WG"
"BELICE_RICHARD","3","RICHARD_BELICE_2010",2000-04-01,34,"C"
"BELIZE_IRIS","2","IRIS_BELIZE_2001",2000-04-01,47,"CA"
"BETA","2","BETA_2005",2000-04-01,43,"CA"
"CR_OTTO","2","OTTO_CR_2016",2000-04-01,89,"CA"
"CUBA_DENNIS","3","DENNIS_CUBA_2005",2000-04-01,77,"C"
"CUBA_GUSTAV","3","GUSTAV_CUBA_2008",2000-04-01,80,"C"
"CUBA_IAN","3","IAN_CUBA_2022",2000-04-01,76,"C"
"CUBA_MICHELLE","3","MICHELLE_CUBA_2001",2000-04-01,86,"C"
"CUBA_PALOMA","3","PALOMA_CUBA_2008",2000-04-01,90,"C"
"CUBA_SANDY","3","SANDY_CUBA_2012",2000-04-01,55,"C"
"DEAN_QROO_MX","5","DEAN_QROO_MX_2007",2000-04-01,22,"SG"
"FL_US_CHARLEY","1","CHARLEY_2004",2000-04-01,41,"FP"
"FL_US_FRANCES","1","FRANCES_US_FL_2004",2000-04-01,64,"FP"
"FL_US_IAN","1","IAN_US_FL_2022",2000-04-01,46,"FP"
"FL_US_IRMA","1","IRMA_US_FL_2017",2000-04-01,63,"FP"
"FL_US_JEANNE","1","JEANNE_US_FL_2004",2000-04-01,69,"FP"
"FL_US_MICHAEL","4","MICHAEL_US_FL_2018",2000-04-01,53,"SUS"
"FL_US_WILMA","1","WILMA_US_FL_2005",2000-04-01,77,"FP"
"LA_US_GUSTAV","4","GUSTAV_US_LA_2008",2000-04-01,26,"SUS"
"LA_US_IDA","4","IDA_US_LA_2009",2000-04-01,32,"SUS"
"LA_US_KATRINA","4","KATRINA_US_LA_2005",2000-04-01,75,"SUS"
"LA_US_LAURA","4","LAURA_US_LA_2020",2000-04-01,71,"SUS"
"LA_US_ZETA","4","ZETA_US_LA_2020",2000-04-01,34,"SUS"
"MX_ERNESTO","5","ERNESTO_MX_2012",2000-04-01,21,"SG"
"MX_GRACE","3","GRACE_MX_2021",2000-04-01,80,"C"
"MX_TAMPS_EMILY","6","EMILY_TAMPS_MX_2005",2000-04-01,13,"WG"
"NC_US_ISABEL","4","ISABEL_US_NC_2003",2000-04-01,122,"SUS"
"NIC_ETA","2","ETA_NIC_2020",2000-04-01,27,"CA"
"NIC_FELIX","2","FELIX_NIC_2007",2000-04-01,10,"CA"
"NIC_IOTA","2","IOTA_NIC_2020",2000-04-01,34,"CA"
"PR_USA_MARIA","3","MARIA_US_PR_2017",2000-04-01,45,"C"
"QROO_WILMA","3","WILMA_QROO_2005",2000-04-01,49,"C"
"TX_US_HARVEY","6","HARVEY_US_TX_2017",2000-04-01,36,"WG"
"TX_US_IKE","4","IKE_US_TX_2008",2000-04-01,92,"SUS"
"TX_US_RITA","4","RITA_US_TX_2005",2000-04-01,82,"SUS"
"US_FL_DELTA","4","DELTA_US_LA_2020",2000-04-01,61,"SUS"
"US_FL_DENNIS","4","DENNIS_US_FL_2005",2000-04-01,63,"SUS"
"VER_MX_KARL","5","KARL_MX_VER_2010",2000-04-01,31,"SG"
"YUC_DELTA","5","DELTA_YUCATAN_MX_2020",2000-04-01,47,"SG"
"YUC_MX_EMILY","5","EMILY_MX_YUC_2005",2000-04-01,43,"SG"
"YUC_MX_ISIDORE","5","ISIDORE_MX_YUC_2002",2000-04-01,17,"SG"
"AL_US_IVAN","4","IVAN_US_AL_2004",2000-05-01,30,"SUS"
"AL_US_SALLY","4","SALLY_US_AL_2020",2000-05-01,26,"SUS"
"ALEX","6","ALEX_2010",2000-05-01,46,"WG"
"BELICE_RICHARD","3","RICHARD_BELICE_2010",2000-05-01,143,"C"
"BELIZE_IRIS","2","IRIS_BELIZE_2001",2000-05-01,279,"CA"
"BETA","2","BETA_2005",2000-05-01,280,"CA"
"CR_OTTO","2","OTTO_CR_2016",2000-05-01,364,"CA"
"CUBA_DENNIS","3","DENNIS_CUBA_2005",2000-05-01,55,"C"
"CUBA_GUSTAV","3","GUSTAV_CUBA_2008",2000-05-01,27,"C"
"CUBA_IAN","3","IAN_CUBA_2022",2000-05-01,28,"C"
"CUBA_MICHELLE","3","MICHELLE_CUBA_2001",2000-05-01,73,"C"
"CUBA_PALOMA","3","PALOMA_CUBA_2008",2000-05-01,207,"C"
"CUBA_SANDY","3","SANDY_CUBA_2012",2000-05-01,188,"C"
"DEAN_QROO_MX","5","DEAN_QROO_MX_2007",2000-05-01,122,"SG"
"FL_US_CHARLEY","1","CHARLEY_2004",2000-05-01,27,"FP"
"FL_US_FRANCES","1","FRANCES_US_FL_2004",2000-05-01,35,"FP"
"FL_US_IAN","1","IAN_US_FL_2022",2000-05-01,29,"FP"
"FL_US_IRMA","1","IRMA_US_FL_2017",2000-05-01,47,"FP"
"FL_US_JEANNE","1","JEANNE_US_FL_2004",2000-05-01,37,"FP"
"FL_US_MICHAEL","4","MICHAEL_US_FL_2018",2000-05-01,11,"SUS"
"FL_US_WILMA","1","WILMA_US_FL_2005",2000-05-01,56,"FP"
"LA_US_GUSTAV","4","GUSTAV_US_LA_2008",2000-05-01,10,"SUS"
"LA_US_IDA","4","IDA_US_LA_2009",2000-05-01,9,"SUS"
"LA_US_KATRINA","4","KATRINA_US_LA_2005",2000-05-01,37,"SUS"
"LA_US_LAURA","4","LAURA_US_LA_2020",2000-05-01,121,"SUS"
"LA_US_ZETA","4","ZETA_US_LA_2020",2000-05-01,11,"SUS"
"MX_ERNESTO","5","ERNESTO_MX_2012",2000-05-01,124,"SG"
"MX_GRACE","3","GRACE_MX_2021",2000-05-01,130,"C"
"MX_TAMPS_EMILY","6","EMILY_TAMPS_MX_2005",2000-05-01,40,"WG"
"NC_US_ISABEL","4","ISABEL_US_NC_2003",2000-05-01,111,"SUS"
"NIC_ETA","2","ETA_NIC_2020",2000-05-01,278,"CA"
"NIC_FELIX","2","FELIX_NIC_2007",2000-05-01,263,"CA"
"NIC_IOTA","2","IOTA_NIC_2020",2000-05-01,277,"CA"
"PR_USA_MARIA","3","MARIA_US_PR_2017",2000-05-01,163,"C"
"QROO_WILMA","3","WILMA_QROO_2005",2000-05-01,78,"C"
"TX_US_HARVEY","6","HARVEY_US_TX_2017",2000-05-01,142,"WG"
"TX_US_IKE","4","IKE_US_TX_2008",2000-05-01,181,"SUS"
"TX_US_RITA","4","RITA_US_TX_2005",2000-05-01,148,"SUS"
"US_FL_DELTA","4","DELTA_US_LA_2020",2000-05-01,101,"SUS"
"US_FL_DENNIS","4","DENNIS_US_FL_2005",2000-05-01,28,"SUS"
"VER_MX_KARL","5","KARL_MX_VER_2010",2000-05-01,123,"SG"
"YUC_DELTA","5","DELTA_YUCATAN_MX_2020",2000-05-01,79,"SG"
"YUC_MX_EMILY","5","EMILY_MX_YUC_2005",2000-05-01,90,"SG"
"YUC_MX_ISIDORE","5","ISIDORE_MX_YUC_2002",2000-05-01,44,"SG"
"AL_US_IVAN","4","IVAN_US_AL_2004",2000-06-01,118,"SUS"
"AL_US_SALLY","4","SALLY_US_AL_2020",2000-06-01,127,"SUS"
"ALEX","6","ALEX_2010",2000-06-01,64,"WG"
"BELICE_RICHARD","3","RICHARD_BELICE_2010",2000-06-01,205,"C"
"BELIZE_IRIS","2","IRIS_BELIZE_2001",2000-06-01,394,"CA"
"BETA","2","BETA_2005",2000-06-01,420,"CA"
"CR_OTTO","2","OTTO_CR_2016",2000-06-01,407,"CA"
"CUBA_DENNIS","3","DENNIS_CUBA_2005",2000-06-01,103,"C"
"CUBA_GUSTAV","3","GUSTAV_CUBA_2008",2000-06-01,201,"C"
"CUBA_IAN","3","IAN_CUBA_2022",2000-06-01,227,"C"
"CUBA_MICHELLE","3","MICHELLE_CUBA_2001",2000-06-01,133,"C"
"CUBA_PALOMA","3","PALOMA_CUBA_2008",2000-06-01,93,"C"
"CUBA_SANDY","3","SANDY_CUBA_2012",2000-06-01,65,"C"
"DEAN_QROO_MX","5","DEAN_QROO_MX_2007",2000-06-01,110,"SG"
"FL_US_CHARLEY","1","CHARLEY_2004",2000-06-01,194,"FP"
"FL_US_FRANCES","1","FRANCES_US_FL_2004",2000-06-01,155,"FP"
"FL_US_IAN","1","IAN_US_FL_2022",2000-06-01,190,"FP"
"FL_US_IRMA","1","IRMA_US_FL_2017",2000-06-01,186,"FP"
"FL_US_JEANNE","1","JEANNE_US_FL_2004",2000-06-01,151,"FP"
"FL_US_MICHAEL","4","MICHAEL_US_FL_2018",2000-06-01,99,"SUS"
"FL_US_WILMA","1","WILMA_US_FL_2005",2000-06-01,179,"FP"
"LA_US_GUSTAV","4","GUSTAV_US_LA_2008",2000-06-01,164,"SUS"
"LA_US_IDA","4","IDA_US_LA_2009",2000-06-01,142,"SUS"
"LA_US_KATRINA","4","KATRINA_US_LA_2005",2000-06-01,121,"SUS"
"LA_US_LAURA","4","LAURA_US_LA_2020",2000-06-01,120,"SUS"
"LA_US_ZETA","4","ZETA_US_LA_2020",2000-06-01,136,"SUS"
"MX_ERNESTO","5","ERNESTO_MX_2012",2000-06-01,109,"SG"
"MX_GRACE","3","GRACE_MX_2021",2000-06-01,182,"C"
"MX_TAMPS_EMILY","6","EMILY_TAMPS_MX_2005",2000-06-01,53,"WG"
"NC_US_ISABEL","4","ISABEL_US_NC_2003",2000-06-01,179,"SUS"
"NIC_ETA","2","ETA_NIC_2020",2000-06-01,418,"CA"
"NIC_FELIX","2","FELIX_NIC_2007",2000-06-01,401,"CA"
"NIC_IOTA","2","IOTA_NIC_2020",2000-06-01,414,"CA"
"PR_USA_MARIA","3","MARIA_US_PR_2017",2000-06-01,117,"C"
"QROO_WILMA","3","WILMA_QROO_2005",2000-06-01,193,"C"
"TX_US_HARVEY","6","HARVEY_US_TX_2017",2000-06-01,113,"WG"
"TX_US_IKE","4","IKE_US_TX_2008",2000-06-01,123,"SUS"
"TX_US_RITA","4","RITA_US_TX_2005",2000-06-01,119,"SUS"
"US_FL_DELTA","4","DELTA_US_LA_2020",2000-06-01,139,"SUS"
"US_FL_DENNIS","4","DENNIS_US_FL_2005",2000-06-01,120,"SUS"
"VER_MX_KARL","5","KARL_MX_VER_2010",2000-06-01,265,"SG"
"YUC_DELTA","5","DELTA_YUCATAN_MX_2020",2000-06-01,189,"SG"
"YUC_MX_EMILY","5","EMILY_MX_YUC_2005",2000-06-01,158,"SG"
"YUC_MX_ISIDORE","5","ISIDORE_MX_YUC_2002",2000-06-01,150,"SG"
"AL_US_IVAN","4","IVAN_US_AL_2004",2000-07-01,76,"SUS"
"AL_US_SALLY","4","SALLY_US_AL_2020",2000-07-01,75,"SUS"
"ALEX","6","ALEX_2010",2000-07-01,1,"WG"
"BELICE_RICHARD","3","RICHARD_BELICE_2010",2000-07-01,182,"C"
"BELIZE_IRIS","2","IRIS_BELIZE_2001",2000-07-01,436,"CA"
"BETA","2","BETA_2005",2000-07-01,289,"CA"
"CR_OTTO","2","OTTO_CR_2016",2000-07-01,265,"CA"
"CUBA_DENNIS","3","DENNIS_CUBA_2005",2000-07-01,171,"C"
"CUBA_GUSTAV","3","GUSTAV_CUBA_2008",2000-07-01,109,"C"
"CUBA_IAN","3","IAN_CUBA_2022",2000-07-01,105,"C"
"CUBA_MICHELLE","3","MICHELLE_CUBA_2001",2000-07-01,199,"C"
"CUBA_PALOMA","3","PALOMA_CUBA_2008",2000-07-01,203,"C"
"CUBA_SANDY","3","SANDY_CUBA_2012",2000-07-01,113,"C"
"DEAN_QROO_MX","5","DEAN_QROO_MX_2007",2000-07-01,67,"SG"
"FL_US_CHARLEY","1","CHARLEY_2004",2000-07-01,261,"FP"
"FL_US_FRANCES","1","FRANCES_US_FL_2004",2000-07-01,210,"FP"
"FL_US_IAN","1","IAN_US_FL_2022",2000-07-01,248,"FP"
"FL_US_IRMA","1","IRMA_US_FL_2017",2000-07-01,239,"FP"
"FL_US_JEANNE","1","JEANNE_US_FL_2004",2000-07-01,209,"FP"
"FL_US_MICHAEL","4","MICHAEL_US_FL_2018",2000-07-01,144,"SUS"
"FL_US_WILMA","1","WILMA_US_FL_2005",2000-07-01,219,"FP"
"LA_US_GUSTAV","4","GUSTAV_US_LA_2008",2000-07-01,101,"SUS"
"LA_US_IDA","4","IDA_US_LA_2009",2000-07-01,71,"SUS"
"LA_US_KATRINA","4","KATRINA_US_LA_2005",2000-07-01,52,"SUS"
"LA_US_LAURA","4","LAURA_US_LA_2020",2000-07-01,96,"SUS"
"LA_US_ZETA","4","ZETA_US_LA_2020",2000-07-01,60,"SUS"
"MX_ERNESTO","5","ERNESTO_MX_2012",2000-07-01,67,"SG"
"MX_GRACE","3","GRACE_MX_2021",2000-07-01,106,"C"
"MX_TAMPS_EMILY","6","EMILY_TAMPS_MX_2005",2000-07-01,3,"WG"
"NC_US_ISABEL","4","ISABEL_US_NC_2003",2000-07-01,150,"SUS"
"NIC_ETA","2","ETA_NIC_2020",2000-07-01,315,"CA"
"NIC_FELIX","2","FELIX_NIC_2007",2000-07-01,349,"CA"
"NIC_IOTA","2","IOTA_NIC_2020",2000-07-01,298,"CA"
"PR_USA_MARIA","3","MARIA_US_PR_2017",2000-07-01,122,"C"
"QROO_WILMA","3","WILMA_QROO_2005",2000-07-01,71,"C"
"TX_US_HARVEY","6","HARVEY_US_TX_2017",2000-07-01,15,"WG"
"TX_US_IKE","4","IKE_US_TX_2008",2000-07-01,40,"SUS"
"TX_US_RITA","4","RITA_US_TX_2005",2000-07-01,80,"SUS"
"US_FL_DELTA","4","DELTA_US_LA_2020",2000-07-01,101,"SUS"
"US_FL_DENNIS","4","DENNIS_US_FL_2005",2000-07-01,73,"SUS"
"VER_MX_KARL","5","KARL_MX_VER_2010",2000-07-01,234.586,"SG"
"YUC_DELTA","5","DELTA_YUCATAN_MX_2020",2000-07-01,83,"SG"
"YUC_MX_EMILY","5","EMILY_MX_YUC_2005",2000-07-01,79,"SG"
"YUC_MX_ISIDORE","5","ISIDORE_MX_YUC_2002",2000-07-01,105,"SG"
"AL_US_IVAN","4","IVAN_US_AL_2004",2000-08-01,103,"SUS"
"AL_US_SALLY","4","SALLY_US_AL_2020",2000-08-01,105,"SUS"
"ALEX","6","ALEX_2010",2000-08-01,79,"WG"
"BELICE_RICHARD","3","RICHARD_BELICE_2010",2000-08-01,279,"C"
"BELIZE_IRIS","2","IRIS_BELIZE_2001",2000-08-01,652.4236,"CA"
"BETA","2","BETA_2005",2000-08-01,201,"CA"
"CR_OTTO","2","OTTO_CR_2016",2000-08-01,252,"CA"
"CUBA_DENNIS","3","DENNIS_CUBA_2005",2000-08-01,238,"C"
"CUBA_GUSTAV","3","GUSTAV_CUBA_2008",2000-08-01,200,"C"
"CUBA_IAN","3","IAN_CUBA_2022",2000-08-01,201,"C"
"CUBA_MICHELLE","3","MICHELLE_CUBA_2001",2000-08-01,236,"C"
"CUBA_PALOMA","3","PALOMA_CUBA_2008",2000-08-01,148,"C"
"CUBA_SANDY","3","SANDY_CUBA_2012",2000-08-01,166,"C"
"DEAN_QROO_MX","5","DEAN_QROO_MX_2007",2000-08-01,187,"SG"
"FL_US_CHARLEY","1","CHARLEY_2004",2000-08-01,183,"FP"
"FL_US_FRANCES","1","FRANCES_US_FL_2004",2000-08-01,121,"FP"
"FL_US_IAN","1","IAN_US_FL_2022",2000-08-01,174,"FP"
"FL_US_IRMA","1","IRMA_US_FL_2017",2000-08-01,197,"FP"
"FL_US_JEANNE","1","JEANNE_US_FL_2004",2000-08-01,122,"FP"
"FL_US_MICHAEL","4","MICHAEL_US_FL_2018",2000-08-01,117,"SUS"
"FL_US_WILMA","1","WILMA_US_FL_2005",2000-08-01,183,"FP"
"LA_US_GUSTAV","4","GUSTAV_US_LA_2008",2000-08-01,111,"SUS"
"LA_US_IDA","4","IDA_US_LA_2009",2000-08-01,103,"SUS"
"LA_US_KATRINA","4","KATRINA_US_LA_2005",2000-08-01,96,"SUS"
"LA_US_LAURA","4","LAURA_US_LA_2020",2000-08-01,48,"SUS"
"LA_US_ZETA","4","ZETA_US_LA_2020",2000-08-01,98,"SUS"
"MX_ERNESTO","5","ERNESTO_MX_2012",2000-08-01,184,"SG"
"MX_GRACE","3","GRACE_MX_2021",2000-08-01,321,"C"
"MX_TAMPS_EMILY","6","EMILY_TAMPS_MX_2005",2000-08-01,86,"WG"
"NC_US_ISABEL","4","ISABEL_US_NC_2003",2000-08-01,202,"SUS"
"NIC_ETA","2","ETA_NIC_2020",2000-08-01,152,"CA"
"NIC_FELIX","2","FELIX_NIC_2007",2000-08-01,119,"CA"
"NIC_IOTA","2","IOTA_NIC_2020",2000-08-01,168,"CA"
"PR_USA_MARIA","3","MARIA_US_PR_2017",2000-08-01,362.2727,"C"
"QROO_WILMA","3","WILMA_QROO_2005",2000-08-01,167,"C"
"TX_US_HARVEY","6","HARVEY_US_TX_2017",2000-08-01,30,"WG"
"TX_US_IKE","4","IKE_US_TX_2008",2000-08-01,54,"SUS"
"TX_US_RITA","4","RITA_US_TX_2005",2000-08-01,51,"SUS"
"US_FL_DELTA","4","DELTA_US_LA_2020",2000-08-01,48,"SUS"
"US_FL_DENNIS","4","DENNIS_US_FL_2005",2000-08-01,95,"SUS"
"VER_MX_KARL","5","KARL_MX_VER_2010",2000-08-01,296.5154,"SG"
"YUC_DELTA","5","DELTA_YUCATAN_MX_2020",2000-08-01,175,"SG"
"YUC_MX_EMILY","5","EMILY_MX_YUC_2005",2000-08-01,202,"SG"
"YUC_MX_ISIDORE","5","ISIDORE_MX_YUC_2002",2000-08-01,188,"SG"
"AL_US_IVAN","4","IVAN_US_AL_2004",2000-09-01,157,"SUS"
"AL_US_SALLY","4","SALLY_US_AL_2020",2000-09-01,188,"SUS"
"ALEX","6","ALEX_2010",2000-09-01,48,"WG"
"BELICE_RICHARD","3","RICHARD_BELICE_2010",2000-09-01,238,"C"
"BELIZE_IRIS","2","IRIS_BELIZE_2001",2000-09-01,464,"CA"
"BETA","2","BETA_2005",2000-09-01,257,"CA"
"CR_OTTO","2","OTTO_CR_2016",2000-09-01,315,"CA"
"CUBA_DENNIS","3","DENNIS_CUBA_2005",2000-09-01,295,"C"
"CUBA_GUSTAV","3","GUSTAV_CUBA_2008",2000-09-01,407,"C"
"CUBA_IAN","3","IAN_CUBA_2022",2000-09-01,445,"C"
"CUBA_MICHELLE","3","MICHELLE_CUBA_2001",2000-09-01,288,"C"
"CUBA_PALOMA","3","PALOMA_CUBA_2008",2000-09-01,233,"C"
"CUBA_SANDY","3","SANDY_CUBA_2012",2000-09-01,251,"C"
"DEAN_QROO_MX","5","DEAN_QROO_MX_2007",2000-09-01,156,"SG"
"FL_US_CHARLEY","1","CHARLEY_2004",2000-09-01,188,"FP"
"FL_US_FRANCES","1","FRANCES_US_FL_2004",2000-09-01,160,"FP"
"FL_US_IAN","1","IAN_US_FL_2022",2000-09-01,185,"FP"
"FL_US_IRMA","1","IRMA_US_FL_2017",2000-09-01,207,"FP"
"FL_US_JEANNE","1","JEANNE_US_FL_2004",2000-09-01,159,"FP"
"FL_US_MICHAEL","4","MICHAEL_US_FL_2018",2000-09-01,276,"SUS"
"FL_US_WILMA","1","WILMA_US_FL_2005",2000-09-01,189,"FP"
"LA_US_GUSTAV","4","GUSTAV_US_LA_2008",2000-09-01,175,"SUS"
"LA_US_IDA","4","IDA_US_LA_2009",2000-09-01,187,"SUS"
"LA_US_KATRINA","4","KATRINA_US_LA_2005",2000-09-01,143,"SUS"
"LA_US_LAURA","4","LAURA_US_LA_2020",2000-09-01,97,"SUS"
"LA_US_ZETA","4","ZETA_US_LA_2020",2000-09-01,188,"SUS"
"MX_ERNESTO","5","ERNESTO_MX_2012",2000-09-01,158,"SG"
"MX_GRACE","3","GRACE_MX_2021",2000-09-01,185,"C"
"MX_TAMPS_EMILY","6","EMILY_TAMPS_MX_2005",2000-09-01,47,"WG"
"NC_US_ISABEL","4","ISABEL_US_NC_2003",2000-09-01,154,"SUS"
"NIC_ETA","2","ETA_NIC_2020",2000-09-01,286,"CA"
"NIC_FELIX","2","FELIX_NIC_2007",2000-09-01,296,"CA"
"NIC_IOTA","2","IOTA_NIC_2020",2000-09-01,264,"CA"
"PR_USA_MARIA","3","MARIA_US_PR_2017",2000-09-01,117,"C"
"QROO_WILMA","3","WILMA_QROO_2005",2000-09-01,268,"C"
"TX_US_HARVEY","6","HARVEY_US_TX_2017",2000-09-01,37,"WG"
"TX_US_IKE","4","IKE_US_TX_2008",2000-09-01,86,"SUS"
"TX_US_RITA","4","RITA_US_TX_2005",2000-09-01,99,"SUS"
"US_FL_DELTA","4","DELTA_US_LA_2020",2000-09-01,100,"SUS"
"US_FL_DENNIS","4","DENNIS_US_FL_2005",2000-09-01,153,"SUS"
"VER_MX_KARL","5","KARL_MX_VER_2010",2000-09-01,218.1672,"SG"
"YUC_DELTA","5","DELTA_YUCATAN_MX_2020",2000-09-01,252,"SG"
"YUC_MX_EMILY","5","EMILY_MX_YUC_2005",2000-09-01,182,"SG"
"YUC_MX_ISIDORE","5","ISIDORE_MX_YUC_2002",2000-09-01,155,"SG"
"AL_US_IVAN","4","IVAN_US_AL_2004",2000-10-01,16,"SUS"
"AL_US_SALLY","4","SALLY_US_AL_2020",2000-10-01,15,"SUS"
"ALEX","6","ALEX_2010",2000-10-01,171,"WG"
"BELICE_RICHARD","3","RICHARD_BELICE_2010",2000-10-01,267,"C"
"BELIZE_IRIS","2","IRIS_BELIZE_2001",2000-10-01,380,"CA"
"BETA","2","BETA_2005",2000-10-01,211,"CA"
"CR_OTTO","2","OTTO_CR_2016",2000-10-01,182,"CA"
"CUBA_DENNIS","3","DENNIS_CUBA_2005",2000-10-01,168,"C"
"CUBA_GUSTAV","3","GUSTAV_CUBA_2008",2000-10-01,151,"C"
"CUBA_IAN","3","IAN_CUBA_2022",2000-10-01,157,"C"
"CUBA_MICHELLE","3","MICHELLE_CUBA_2001",2000-10-01,197,"C"
"CUBA_PALOMA","3","PALOMA_CUBA_2008",2000-10-01,82,"C"
"CUBA_SANDY","3","SANDY_CUBA_2012",2000-10-01,156,"C"
"DEAN_QROO_MX","5","DEAN_QROO_MX_2007",2000-10-01,167,"SG"
"FL_US_CHARLEY","1","CHARLEY_2004",2000-10-01,28,"FP"
"FL_US_FRANCES","1","FRANCES_US_FL_2004",2000-10-01,87,"FP"
"FL_US_IAN","1","IAN_US_FL_2022",2000-10-01,35,"FP"
"FL_US_IRMA","1","IRMA_US_FL_2017",2000-10-01,83,"FP"
"FL_US_JEANNE","1","JEANNE_US_FL_2004",2000-10-01,98,"FP"
"FL_US_MICHAEL","4","MICHAEL_US_FL_2018",2000-10-01,20,"SUS"
"FL_US_WILMA","1","WILMA_US_FL_2005",2000-10-01,144,"FP"
"LA_US_GUSTAV","4","GUSTAV_US_LA_2008",2000-10-01,34,"SUS"
"LA_US_IDA","4","IDA_US_LA_2009",2000-10-01,34,"SUS"
"LA_US_KATRINA","4","KATRINA_US_LA_2005",2000-10-01,23,"SUS"
"LA_US_LAURA","4","LAURA_US_LA_2020",2000-10-01,38,"SUS"
"LA_US_ZETA","4","ZETA_US_LA_2020",2000-10-01,33,"SUS"
"MX_ERNESTO","5","ERNESTO_MX_2012",2000-10-01,167,"SG"
"MX_GRACE","3","GRACE_MX_2021",2000-10-01,160,"C"
"MX_TAMPS_EMILY","6","EMILY_TAMPS_MX_2005",2000-10-01,127,"WG"
"NC_US_ISABEL","4","ISABEL_US_NC_2003",2000-10-01,4,"SUS"
"NIC_ETA","2","ETA_NIC_2020",2000-10-01,221,"CA"
"NIC_FELIX","2","FELIX_NIC_2007",2000-10-01,242,"CA"
"NIC_IOTA","2","IOTA_NIC_2020",2000-10-01,212,"CA"
"PR_USA_MARIA","3","MARIA_US_PR_2017",2000-10-01,143,"C"
"QROO_WILMA","3","WILMA_QROO_2005",2000-10-01,165,"C"
"TX_US_HARVEY","6","HARVEY_US_TX_2017",2000-10-01,97,"WG"
"TX_US_IKE","4","IKE_US_TX_2008",2000-10-01,69,"SUS"
"TX_US_RITA","4","RITA_US_TX_2005",2000-10-01,41,"SUS"
"US_FL_DELTA","4","DELTA_US_LA_2020",2000-10-01,36,"SUS"
"US_FL_DENNIS","4","DENNIS_US_FL_2005",2000-10-01,15,"SUS"
"VER_MX_KARL","5","KARL_MX_VER_2010",2000-10-01,102.5417,"SG"
"YUC_DELTA","5","DELTA_YUCATAN_MX_2020",2000-10-01,163,"SG"
"YUC_MX_EMILY","5","EMILY_MX_YUC_2005",2000-10-01,146,"SG"
"YUC_MX_ISIDORE","5","ISIDORE_MX_YUC_2002",2000-10-01,92,"SG"
"AL_US_IVAN","4","IVAN_US_AL_2004",2000-11-01,207,"SUS"
"AL_US_SALLY","4","SALLY_US_AL_2020",2000-11-01,206,"SUS"
"ALEX","6","ALEX_2010",2000-11-01,36,"WG"
"BELICE_RICHARD","3","RICHARD_BELICE_2010",2000-11-01,156,"C"
"BELIZE_IRIS","2","IRIS_BELIZE_2001",2000-11-01,200,"CA"
"BETA","2","BETA_2005",2000-11-01,118,"CA"
"CR_OTTO","2","OTTO_CR_2016",2000-11-01,284.5932,"CA"
"CUBA_DENNIS","3","DENNIS_CUBA_2005",2000-11-01,19,"C"
"CUBA_GUSTAV","3","GUSTAV_CUBA_2008",2000-11-01,30,"C"
"CUBA_IAN","3","IAN_CUBA_2022",2000-11-01,27,"C"
"CUBA_MICHELLE","3","MICHELLE_CUBA_2001",2000-11-01,19,"C"
"CUBA_PALOMA","3","PALOMA_CUBA_2008",2000-11-01,39,"C"
"CUBA_SANDY","3","SANDY_CUBA_2012",2000-11-01,40,"C"
"DEAN_QROO_MX","5","DEAN_QROO_MX_2007",2000-11-01,60,"SG"
"FL_US_CHARLEY","1","CHARLEY_2004",2000-11-01,21,"FP"
"FL_US_FRANCES","1","FRANCES_US_FL_2004",2000-11-01,16,"FP"
"FL_US_IAN","1","IAN_US_FL_2022",2000-11-01,18,"FP"
"FL_US_IRMA","1","IRMA_US_FL_2017",2000-11-01,8,"FP"
"FL_US_JEANNE","1","JEANNE_US_FL_2004",2000-11-01,15,"FP"
"FL_US_MICHAEL","4","MICHAEL_US_FL_2018",2000-11-01,114,"SUS"
"FL_US_WILMA","1","WILMA_US_FL_2005",2000-11-01,8,"FP"
"LA_US_GUSTAV","4","GUSTAV_US_LA_2008",2000-11-01,290,"SUS"
"LA_US_IDA","4","IDA_US_LA_2009",2000-11-01,299,"SUS"
"LA_US_KATRINA","4","KATRINA_US_LA_2005",2000-11-01,250,"SUS"
"LA_US_LAURA","4","LAURA_US_LA_2020",2000-11-01,287,"SUS"
"LA_US_ZETA","4","ZETA_US_LA_2020",2000-11-01,296,"SUS"
"MX_ERNESTO","5","ERNESTO_MX_2012",2000-11-01,59,"SG"
"MX_GRACE","3","GRACE_MX_2021",2000-11-01,89,"C"
"MX_TAMPS_EMILY","6","EMILY_TAMPS_MX_2005",2000-11-01,27,"WG"
"NC_US_ISABEL","4","ISABEL_US_NC_2003",2000-11-01,73,"SUS"
"NIC_ETA","2","ETA_NIC_2020",2000-11-01,99,"CA"
"NIC_FELIX","2","FELIX_NIC_2007",2000-11-01,93,"CA"
"NIC_IOTA","2","IOTA_NIC_2020",2000-11-01,102,"CA"
"PR_USA_MARIA","3","MARIA_US_PR_2017",2000-11-01,92,"C"
"QROO_WILMA","3","WILMA_QROO_2005",2000-11-01,94,"C"
"TX_US_HARVEY","6","HARVEY_US_TX_2017",2000-11-01,145,"WG"
"TX_US_IKE","4","IKE_US_TX_2008",2000-11-01,282,"SUS"
"TX_US_RITA","4","RITA_US_TX_2005",2000-11-01,297,"SUS"
"US_FL_DELTA","4","DELTA_US_LA_2020",2000-11-01,293,"SUS"
"US_FL_DENNIS","4","DENNIS_US_FL_2005",2000-11-01,201,"SUS"
"VER_MX_KARL","5","KARL_MX_VER_2010",2000-11-01,53,"SG"
"YUC_DELTA","5","DELTA_YUCATAN_MX_2020",2000-11-01,94,"SG"
"YUC_MX_EMILY","5","EMILY_MX_YUC_2005",2000-11-01,86,"SG"
"YUC_MX_ISIDORE","5","ISIDORE_MX_YUC_2002",2000-11-01,47,"SG"
"AL_US_IVAN","4","IVAN_US_AL_2004",2000-12-01,118,"SUS"
"AL_US_SALLY","4","SALLY_US_AL_2020",2000-12-01,107,"SUS"
"ALEX","6","ALEX_2010",2000-12-01,26,"WG"
"BELICE_RICHARD","3","RICHARD_BELICE_2010",2000-12-01,85,"C"
"BELIZE_IRIS","2","IRIS_BELIZE_2001",2000-12-01,96,"CA"
"BETA","2","BETA_2005",2000-12-01,140,"CA"
"CR_OTTO","2","OTTO_CR_2016",2000-12-01,304.3511,"CA"
"CUBA_DENNIS","3","DENNIS_CUBA_2005",2000-12-01,36,"C"
"CUBA_GUSTAV","3","GUSTAV_CUBA_2008",2000-12-01,93,"C"
"CUBA_IAN","3","IAN_CUBA_2022",2000-12-01,81,"C"
"CUBA_MICHELLE","3","MICHELLE_CUBA_2001",2000-12-01,48,"C"
"CUBA_PALOMA","3","PALOMA_CUBA_2008",2000-12-01,77,"C"
"CUBA_SANDY","3","SANDY_CUBA_2012",2000-12-01,79,"C"
"DEAN_QROO_MX","5","DEAN_QROO_MX_2007",2000-12-01,25,"SG"
"FL_US_CHARLEY","1","CHARLEY_2004",2000-12-01,13,"FP"
"FL_US_FRANCES","1","FRANCES_US_FL_2004",2000-12-01,18,"FP"
"FL_US_IAN","1","IAN_US_FL_2022",2000-12-01,12,"FP"
"FL_US_IRMA","1","IRMA_US_FL_2017",2000-12-01,23,"FP"
"FL_US_JEANNE","1","JEANNE_US_FL_2004",2000-12-01,21,"FP"
"FL_US_MICHAEL","4","MICHAEL_US_FL_2018",2000-12-01,103,"SUS"
"FL_US_WILMA","1","WILMA_US_FL_2005",2000-12-01,37,"FP"
"LA_US_GUSTAV","4","GUSTAV_US_LA_2008",2000-12-01,75,"SUS"
"LA_US_IDA","4","IDA_US_LA_2009",2000-12-01,86,"SUS"
"LA_US_KATRINA","4","KATRINA_US_LA_2005",2000-12-01,96,"SUS"
"LA_US_LAURA","4","LAURA_US_LA_2020",2000-12-01,75,"SUS"
"LA_US_ZETA","4","ZETA_US_LA_2020",2000-12-01,82,"SUS"
"MX_ERNESTO","5","ERNESTO_MX_2012",2000-12-01,26,"SG"
"MX_GRACE","3","GRACE_MX_2021",2000-12-01,93,"C"
"MX_TAMPS_EMILY","6","EMILY_TAMPS_MX_2005",2000-12-01,23,"WG"
"NC_US_ISABEL","4","ISABEL_US_NC_2003",2000-12-01,48,"SUS"
"NIC_ETA","2","ETA_NIC_2020",2000-12-01,153,"CA"
"NIC_FELIX","2","FELIX_NIC_2007",2000-12-01,188,"CA"
"NIC_IOTA","2","IOTA_NIC_2020",2000-12-01,142,"CA"
"PR_USA_MARIA","3","MARIA_US_PR_2017",2000-12-01,82,"C"
"QROO_WILMA","3","WILMA_QROO_2005",2000-12-01,32,"C"
"TX_US_HARVEY","6","HARVEY_US_TX_2017",2000-12-01,50,"WG"
"TX_US_IKE","4","IKE_US_TX_2008",2000-12-01,89,"SUS"
"TX_US_RITA","4","RITA_US_TX_2005",2000-12-01,74,"SUS"
"US_FL_DELTA","4","DELTA_US_LA_2020",2000-12-01,69,"SUS"
"US_FL_DENNIS","4","DENNIS_US_FL_2005",2000-12-01,122,"SUS"
"VER_MX_KARL","5","KARL_MX_VER_2010",2000-12-01,38,"SG"
"YUC_DELTA","5","DELTA_YUCATAN_MX_2020",2000-12-01,27,"SG"
"YUC_MX_EMILY","5","EMILY_MX_YUC_2005",2000-12-01,19,"SG"
"YUC_MX_ISIDORE","5","ISIDORE_MX_YUC_2002",2000-12-01,9,"SG"
"AL_US_IVAN","4","IVAN_US_AL_2004",2001-01-01,95,"SUS"
"AL_US_SALLY","4","SALLY_US_AL_2020",2001-01-01,90,"SUS"
"ALEX","6","ALEX_2010",2001-01-01,19,"WG"
"BELICE_RICHARD","3","RICHARD_BELICE_2010",2001-01-01,36,"C"
"BELIZE_IRIS","2","IRIS_BELIZE_2001",2001-01-01,47,"CA"
"BETA","2","BETA_2005",2001-01-01,225,"CA"
"CR_OTTO","2","OTTO_CR_2016",2001-01-01,364.6362,"CA"
"CUBA_DENNIS","3","DENNIS_CUBA_2005",2001-01-01,8,"C"
"CUBA_GUSTAV","3","GUSTAV_CUBA_2008",2001-01-01,7,"C"
"CUBA_IAN","3","IAN_CUBA_2022",2001-01-01,6,"C"
"CUBA_MICHELLE","3","MICHELLE_CUBA_2001",2001-01-01,10,"C"
"CUBA_PALOMA","3","PALOMA_CUBA_2008",2001-01-01,13,"C"
"CUBA_SANDY","3","SANDY_CUBA_2012",2001-01-01,35,"C"
"DEAN_QROO_MX","5","DEAN_QROO_MX_2007",2001-01-01,19,"SG"
"FL_US_CHARLEY","1","CHARLEY_2004",2001-01-01,21,"FP"
"FL_US_FRANCES","1","FRANCES_US_FL_2004",2001-01-01,20,"FP"
"FL_US_IAN","1","IAN_US_FL_2022",2001-01-01,19,"FP"
"FL_US_IRMA","1","IRMA_US_FL_2017",2001-01-01,12,"FP"
"FL_US_JEANNE","1","JEANNE_US_FL_2004",2001-01-01,19,"FP"
"FL_US_MICHAEL","4","MICHAEL_US_FL_2018",2001-01-01,56,"SUS"
"FL_US_WILMA","1","WILMA_US_FL_2005",2001-01-01,10,"FP"
"LA_US_GUSTAV","4","GUSTAV_US_LA_2008",2001-01-01,93,"SUS"
"LA_US_IDA","4","IDA_US_LA_2009",2001-01-01,93,"SUS"
"LA_US_KATRINA","4","KATRINA_US_LA_2005",2001-01-01,102,"SUS"
"LA_US_LAURA","4","LAURA_US_LA_2020",2001-01-01,147,"SUS"
"LA_US_ZETA","4","ZETA_US_LA_2020",2001-01-01,86,"SUS"
"MX_ERNESTO","5","ERNESTO_MX_2012",2001-01-01,19,"SG"
"MX_GRACE","3","GRACE_MX_2021",2001-01-01,45,"C"
"MX_TAMPS_EMILY","6","EMILY_TAMPS_MX_2005",2001-01-01,18,"WG"
"NC_US_ISABEL","4","ISABEL_US_NC_2003",2001-01-01,32,"SUS"
"NIC_ETA","2","ETA_NIC_2020",2001-01-01,153,"CA"
"NIC_FELIX","2","FELIX_NIC_2007",2001-01-01,119,"CA"
"NIC_IOTA","2","IOTA_NIC_2020",2001-01-01,172,"CA"
"PR_USA_MARIA","3","MARIA_US_PR_2017",2001-01-01,94,"C"
"QROO_WILMA","3","WILMA_QROO_2005",2001-01-01,13,"C"
"TX_US_HARVEY","6","HARVEY_US_TX_2017",2001-01-01,72,"WG"
"TX_US_IKE","4","IKE_US_TX_2008",2001-01-01,139,"SUS"
"TX_US_RITA","4","RITA_US_TX_2005",2001-01-01,155,"SUS"
"US_FL_DELTA","4","DELTA_US_LA_2020",2001-01-01,143,"SUS"
"US_FL_DENNIS","4","DENNIS_US_FL_2005",2001-01-01,96,"SUS"
"VER_MX_KARL","5","KARL_MX_VER_2010",2001-01-01,21,"SG"
"YUC_DELTA","5","DELTA_YUCATAN_MX_2020",2001-01-01,12,"SG"
"YUC_MX_EMILY","5","EMILY_MX_YUC_2005",2001-01-01,14,"SG"
"YUC_MX_ISIDORE","5","ISIDORE_MX_YUC_2002",2001-01-01,9,"SG"
"AL_US_IVAN","4","IVAN_US_AL_2004",2001-02-01,85,"SUS"
"AL_US_SALLY","4","SALLY_US_AL_2020",2001-02-01,68,"SUS"
"ALEX","6","ALEX_2010",2001-02-01,8,"WG"
"BELICE_RICHARD","3","RICHARD_BELICE_2010",2001-02-01,116,"C"
"BELIZE_IRIS","2","IRIS_BELIZE_2001",2001-02-01,163,"CA"
"BETA","2","BETA_2005",2001-02-01,45,"CA"
"CR_OTTO","2","OTTO_CR_2016",2001-02-01,42,"CA"
"CUBA_DENNIS","3","DENNIS_CUBA_2005",2001-02-01,9,"C"
"CUBA_GUSTAV","3","GUSTAV_CUBA_2008",2001-02-01,71,"C"
"CUBA_IAN","3","IAN_CUBA_2022",2001-02-01,80,"C"
"CUBA_MICHELLE","3","MICHELLE_CUBA_2001",2001-02-01,8,"C"
"CUBA_PALOMA","3","PALOMA_CUBA_2008",2001-02-01,14,"C"
"CUBA_SANDY","3","SANDY_CUBA_2012",2001-02-01,9,"C"
"DEAN_QROO_MX","5","DEAN_QROO_MX_2007",2001-02-01,49,"SG"
"FL_US_CHARLEY","1","CHARLEY_2004",2001-02-01,9,"FP"
"FL_US_FRANCES","1","FRANCES_US_FL_2004",2001-02-01,6,"FP"
"FL_US_IAN","1","IAN_US_FL_2022",2001-02-01,7,"FP"
"FL_US_IRMA","1","IRMA_US_FL_2017",2001-02-01,1,"FP"
"FL_US_JEANNE","1","JEANNE_US_FL_2004",2001-02-01,5,"FP"
"FL_US_MICHAEL","4","MICHAEL_US_FL_2018",2001-02-01,23,"SUS"
"FL_US_WILMA","1","WILMA_US_FL_2005",2001-02-01,1,"FP"
"LA_US_GUSTAV","4","GUSTAV_US_LA_2008",2001-02-01,44,"SUS"
"LA_US_IDA","4","IDA_US_LA_2009",2001-02-01,44,"SUS"
"LA_US_KATRINA","4","KATRINA_US_LA_2005",2001-02-01,91,"SUS"
"LA_US_LAURA","4","LAURA_US_LA_2020",2001-02-01,39,"SUS"
"LA_US_ZETA","4","ZETA_US_LA_2020",2001-02-01,46,"SUS"
"MX_ERNESTO","5","ERNESTO_MX_2012",2001-02-01,45,"SG"
"MX_GRACE","3","GRACE_MX_2021",2001-02-01,47,"C"
"MX_TAMPS_EMILY","6","EMILY_TAMPS_MX_2005",2001-02-01,12,"WG"
"NC_US_ISABEL","4","ISABEL_US_NC_2003",2001-02-01,63,"SUS"
"NIC_ETA","2","ETA_NIC_2020",2001-02-01,60,"CA"
"NIC_FELIX","2","FELIX_NIC_2007",2001-02-01,90,"CA"
"NIC_IOTA","2","IOTA_NIC_2020",2001-02-01,50,"CA"
"PR_USA_MARIA","3","MARIA_US_PR_2017",2001-02-01,100,"C"
"QROO_WILMA","3","WILMA_QROO_2005",2001-02-01,116,"C"
"TX_US_HARVEY","6","HARVEY_US_TX_2017",2001-02-01,22,"WG"
"TX_US_IKE","4","IKE_US_TX_2008",2001-02-01,30,"SUS"
"TX_US_RITA","4","RITA_US_TX_2005",2001-02-01,32,"SUS"
"US_FL_DELTA","4","DELTA_US_LA_2020",2001-02-01,45,"SUS"
"US_FL_DENNIS","4","DENNIS_US_FL_2005",2001-02-01,79,"SUS"
"VER_MX_KARL","5","KARL_MX_VER_2010",2001-02-01,27,"SG"
"YUC_DELTA","5","DELTA_YUCATAN_MX_2020",2001-02-01,108,"SG"
"YUC_MX_EMILY","5","EMILY_MX_YUC_2005",2001-02-01,97,"SG"
"YUC_MX_ISIDORE","5","ISIDORE_MX_YUC_2002",2001-02-01,58,"SG"
"AL_US_IVAN","4","IVAN_US_AL_2004",2001-03-01,287,"SUS"
"AL_US_SALLY","4","SALLY_US_AL_2020",2001-03-01,273,"SUS"
"ALEX","6","ALEX_2010",2001-03-01,17,"WG"
"BELICE_RICHARD","3","RICHARD_BELICE_2010",2001-03-01,16,"C"
"BELIZE_IRIS","2","IRIS_BELIZE_2001",2001-03-01,51,"CA"
"BETA","2","BETA_2005",2001-03-01,23,"CA"
"CR_OTTO","2","OTTO_CR_2016",2001-03-01,52,"CA"
"CUBA_DENNIS","3","DENNIS_CUBA_2005",2001-03-01,53,"C"
"CUBA_GUSTAV","3","GUSTAV_CUBA_2008",2001-03-01,52,"C"
"CUBA_IAN","3","IAN_CUBA_2022",2001-03-01,45,"C"
"CUBA_MICHELLE","3","MICHELLE_CUBA_2001",2001-03-01,60,"C"
"CUBA_PALOMA","3","PALOMA_CUBA_2008",2001-03-01,39,"C"
"CUBA_SANDY","3","SANDY_CUBA_2012",2001-03-01,43,"C"
"DEAN_QROO_MX","5","DEAN_QROO_MX_2007",2001-03-01,13,"SG"
"FL_US_CHARLEY","1","CHARLEY_2004",2001-03-01,103,"FP"
"FL_US_FRANCES","1","FRANCES_US_FL_2004",2001-03-01,102,"FP"
"FL_US_IAN","1","IAN_US_FL_2022",2001-03-01,98,"FP"
"FL_US_IRMA","1","IRMA_US_FL_2017",2001-03-01,93,"FP"
"FL_US_JEANNE","1","JEANNE_US_FL_2004",2001-03-01,104,"FP"
"FL_US_MICHAEL","4","MICHAEL_US_FL_2018",2001-03-01,272,"SUS"
"FL_US_WILMA","1","WILMA_US_FL_2005",2001-03-01,89,"FP"
"LA_US_GUSTAV","4","GUSTAV_US_LA_2008",2001-03-01,202,"SUS"
"LA_US_IDA","4","IDA_US_LA_2009",2001-03-01,226,"SUS"
"LA_US_KATRINA","4","KATRINA_US_LA_2005",2001-03-01,263,"SUS"
"LA_US_LAURA","4","LAURA_US_LA_2020",2001-03-01,206,"SUS"
"LA_US_ZETA","4","ZETA_US_LA_2020",2001-03-01,217,"SUS"
"MX_ERNESTO","5","ERNESTO_MX_2012",2001-03-01,11,"SG"
"MX_GRACE","3","GRACE_MX_2021",2001-03-01,65,"C"
"MX_TAMPS_EMILY","6","EMILY_TAMPS_MX_2005",2001-03-01,23,"WG"
"NC_US_ISABEL","4","ISABEL_US_NC_2003",2001-03-01,101,"SUS"
"NIC_ETA","2","ETA_NIC_2020",2001-03-01,14,"CA"
"NIC_FELIX","2","FELIX_NIC_2007",2001-03-01,5,"CA"
"NIC_IOTA","2","IOTA_NIC_2020",2001-03-01,17,"CA"
"PR_USA_MARIA","3","MARIA_US_PR_2017",2001-03-01,46,"C"
"QROO_WILMA","3","WILMA_QROO_2005",2001-03-01,19,"C"
"TX_US_HARVEY","6","HARVEY_US_TX_2017",2001-03-01,57,"WG"
"TX_US_IKE","4","IKE_US_TX_2008",2001-03-01,168,"SUS"
"TX_US_RITA","4","RITA_US_TX_2005",2001-03-01,197,"SUS"
"US_FL_DELTA","4","DELTA_US_LA_2020",2001-03-01,209,"SUS"
"US_FL_DENNIS","4","DENNIS_US_FL_2005",2001-03-01,296,"SUS"
"VER_MX_KARL","5","KARL_MX_VER_2010",2001-03-01,26,"SG"
"YUC_DELTA","5","DELTA_YUCATAN_MX_2020",2001-03-01,19,"SG"
"YUC_MX_EMILY","5","EMILY_MX_YUC_2005",2001-03-01,21,"SG"
"YUC_MX_ISIDORE","5","ISIDORE_MX_YUC_2002",2001-03-01,4,"SG"
"AL_US_IVAN","4","IVAN_US_AL_2004",2001-04-01,44,"SUS"
"AL_US_SALLY","4","SALLY_US_AL_2020",2001-04-01,45,"SUS"
"ALEX","6","ALEX_2010",2001-04-01,57,"WG"
"BELICE_RICHARD","3","RICHARD_BELICE_2010",2001-04-01,31,"C"
"BELIZE_IRIS","2","IRIS_BELIZE_2001",2001-04-01,42,"CA"
"BETA","2","BETA_2005",2001-04-01,40,"CA"
"CR_OTTO","2","OTTO_CR_2016",2001-04-01,68,"CA"
"CUBA_DENNIS","3","DENNIS_CUBA_2005",2001-04-01,102,"C"
"CUBA_GUSTAV","3","GUSTAV_CUBA_2008",2001-04-01,105,"C"
"CUBA_IAN","3","IAN_CUBA_2022",2001-04-01,94,"C"
"CUBA_MICHELLE","3","MICHELLE_CUBA_2001",2001-04-01,106,"C"
"CUBA_PALOMA","3","PALOMA_CUBA_2008",2001-04-01,80,"C"
"CUBA_SANDY","3","SANDY_CUBA_2012",2001-04-01,63,"C"
"DEAN_QROO_MX","5","DEAN_QROO_MX_2007",2001-04-01,28,"SG"
"FL_US_CHARLEY","1","CHARLEY_2004",2001-04-01,8,"FP"
"FL_US_FRANCES","1","FRANCES_US_FL_2004",2001-04-01,17,"FP"
"FL_US_IAN","1","IAN_US_FL_2022",2001-04-01,8,"FP"
"FL_US_IRMA","1","IRMA_US_FL_2017",2001-04-01,16,"FP"
"FL_US_JEANNE","1","JEANNE_US_FL_2004",2001-04-01,17,"FP"
"FL_US_MICHAEL","4","MICHAEL_US_FL_2018",2001-04-01,42,"SUS"
"FL_US_WILMA","1","WILMA_US_FL_2005",2001-04-01,27,"FP"
"LA_US_GUSTAV","4","GUSTAV_US_LA_2008",2001-04-01,24,"SUS"
"LA_US_IDA","4","IDA_US_LA_2009",2001-04-01,20,"SUS"
"LA_US_KATRINA","4","KATRINA_US_LA_2005",2001-04-01,25,"SUS"
"LA_US_LAURA","4","LAURA_US_LA_2020",2001-04-01,33,"SUS"
"LA_US_ZETA","4","ZETA_US_LA_2020",2001-04-01,18,"SUS"
"MX_ERNESTO","5","ERNESTO_MX_2012",2001-04-01,27,"SG"
"MX_GRACE","3","GRACE_MX_2021",2001-04-01,90,"C"
"MX_TAMPS_EMILY","6","EMILY_TAMPS_MX_2005",2001-04-01,40,"WG"
"NC_US_ISABEL","4","ISABEL_US_NC_2003",2001-04-01,45,"SUS"
"NIC_ETA","2","ETA_NIC_2020",2001-04-01,38,"CA"
"NIC_FELIX","2","FELIX_NIC_2007",2001-04-01,32,"CA"
"NIC_IOTA","2","IOTA_NIC_2020",2001-04-01,40,"CA"
"PR_USA_MARIA","3","MARIA_US_PR_2017",2001-04-01,96,"C"
"QROO_WILMA","3","WILMA_QROO_2005",2001-04-01,34,"C"
"TX_US_HARVEY","6","HARVEY_US_TX_2017",2001-04-01,10,"WG"
"TX_US_IKE","4","IKE_US_TX_2008",2001-04-01,33,"SUS"
"TX_US_RITA","4","RITA_US_TX_2005",2001-04-01,37,"SUS"
"US_FL_DELTA","4","DELTA_US_LA_2020",2001-04-01,31,"SUS"
"US_FL_DENNIS","4","DENNIS_US_FL_2005",2001-04-01,55,"SUS"
"VER_MX_KARL","5","KARL_MX_VER_2010",2001-04-01,44,"SG"
"YUC_DELTA","5","DELTA_YUCATAN_MX_2020",2001-04-01,34,"SG"
"YUC_MX_EMILY","5","EMILY_MX_YUC_2005",2001-04-01,36,"SG"
"YUC_MX_ISIDORE","5","ISIDORE_MX_YUC_2002",2001-04-01,29,"SG"
"AL_US_IVAN","4","IVAN_US_AL_2004",2001-05-01,43,"SUS"
"AL_US_SALLY","4","SALLY_US_AL_2020",2001-05-01,36,"SUS"
"ALEX","6","ALEX_2010",2001-05-01,39,"WG"
"BELICE_RICHARD","3","RICHARD_BELICE_2010",2001-05-01,228,"C"
"BELIZE_IRIS","2","IRIS_BELIZE_2001",2001-05-01,409,"CA"
"BETA","2","BETA_2005",2001-05-01,168,"CA"
"CR_OTTO","2","OTTO_CR_2016",2001-05-01,216,"CA"
"CUBA_DENNIS","3","DENNIS_CUBA_2005",2001-05-01,339,"C"
"CUBA_GUSTAV","3","GUSTAV_CUBA_2008",2001-05-01,337,"C"
"CUBA_IAN","3","IAN_CUBA_2022",2001-05-01,321,"C"
"CUBA_MICHELLE","3","MICHELLE_CUBA_2001",2001-05-01,310,"C"
"CUBA_PALOMA","3","PALOMA_CUBA_2008",2001-05-01,192,"C"
"CUBA_SANDY","3","SANDY_CUBA_2012",2001-05-01,407,"C"
"DEAN_QROO_MX","5","DEAN_QROO_MX_2007",2001-05-01,161,"SG"
"FL_US_CHARLEY","1","CHARLEY_2004",2001-05-01,30,"FP"
"FL_US_FRANCES","1","FRANCES_US_FL_2004",2001-05-01,72,"FP"
"FL_US_IAN","1","IAN_US_FL_2022",2001-05-01,35,"FP"
"FL_US_IRMA","1","IRMA_US_FL_2017",2001-05-01,56,"FP"
"FL_US_JEANNE","1","JEANNE_US_FL_2004",2001-05-01,77,"FP"
"FL_US_MICHAEL","4","MICHAEL_US_FL_2018",2001-05-01,34,"SUS"
"FL_US_WILMA","1","WILMA_US_FL_2005",2001-05-01,92,"FP"
"LA_US_GUSTAV","4","GUSTAV_US_LA_2008",2001-05-01,51,"SUS"
"LA_US_IDA","4","IDA_US_LA_2009",2001-05-01,53,"SUS"
"LA_US_KATRINA","4","KATRINA_US_LA_2005",2001-05-01,51,"SUS"
"LA_US_LAURA","4","LAURA_US_LA_2020",2001-05-01,48,"SUS"
"LA_US_ZETA","4","ZETA_US_LA_2020",2001-05-01,60,"SUS"
"MX_ERNESTO","5","ERNESTO_MX_2012",2001-05-01,166,"SG"
"MX_GRACE","3","GRACE_MX_2021",2001-05-01,129,"C"
"MX_TAMPS_EMILY","6","EMILY_TAMPS_MX_2005",2001-05-01,26,"WG"
"NC_US_ISABEL","4","ISABEL_US_NC_2003",2001-05-01,71,"SUS"
"NIC_ETA","2","ETA_NIC_2020",2001-05-01,171,"CA"
"NIC_FELIX","2","FELIX_NIC_2007",2001-05-01,165,"CA"
"NIC_IOTA","2","IOTA_NIC_2020",2001-05-01,168,"CA"
"PR_USA_MARIA","3","MARIA_US_PR_2017",2001-05-01,152,"C"
"QROO_WILMA","3","WILMA_QROO_2005",2001-05-01,94,"C"
"TX_US_HARVEY","6","HARVEY_US_TX_2017",2001-05-01,63,"WG"
"TX_US_IKE","4","IKE_US_TX_2008",2001-05-01,83,"SUS"
"TX_US_RITA","4","RITA_US_TX_2005",2001-05-01,55,"SUS"
"US_FL_DELTA","4","DELTA_US_LA_2020",2001-05-01,44,"SUS"
"US_FL_DENNIS","4","DENNIS_US_FL_2005",2001-05-01,42,"SUS"
"VER_MX_KARL","5","KARL_MX_VER_2010",2001-05-01,122,"SG"
"YUC_DELTA","5","DELTA_YUCATAN_MX_2020",2001-05-01,93,"SG"
"YUC_MX_EMILY","5","EMILY_MX_YUC_2005",2001-05-01,107,"SG"
"YUC_MX_ISIDORE","5","ISIDORE_MX_YUC_2002",2001-05-01,66,"SG"
"AL_US_IVAN","4","IVAN_US_AL_2004",2001-06-01,205,"SUS"
"AL_US_SALLY","4","SALLY_US_AL_2020",2001-06-01,233,"SUS"
"ALEX","6","ALEX_2010",2001-06-01,47,"WG"
"BELICE_RICHARD","3","RICHARD_BELICE_2010",2001-06-01,85,"C"
"BELIZE_IRIS","2","IRIS_BELIZE_2001",2001-06-01,192,"CA"
"BETA","2","BETA_2005",2001-06-01,222,"CA"
"CR_OTTO","2","OTTO_CR_2016",2001-06-01,284,"CA"
"CUBA_DENNIS","3","DENNIS_CUBA_2005",2001-06-01,111,"C"
"CUBA_GUSTAV","3","GUSTAV_CUBA_2008",2001-06-01,147,"C"
"CUBA_IAN","3","IAN_CUBA_2022",2001-06-01,152,"C"
"CUBA_MICHELLE","3","MICHELLE_CUBA_2001",2001-06-01,154,"C"
"CUBA_PALOMA","3","PALOMA_CUBA_2008",2001-06-01,113,"C"
"CUBA_SANDY","3","SANDY_CUBA_2012",2001-06-01,33,"C"
"DEAN_QROO_MX","5","DEAN_QROO_MX_2007",2001-06-01,67,"SG"
"FL_US_CHARLEY","1","CHARLEY_2004",2001-06-01,252,"FP"
"FL_US_FRANCES","1","FRANCES_US_FL_2004",2001-06-01,179,"FP"
"FL_US_IAN","1","IAN_US_FL_2022",2001-06-01,241,"FP"
"FL_US_IRMA","1","IRMA_US_FL_2017",2001-06-01,220,"FP"
"FL_US_JEANNE","1","JEANNE_US_FL_2004",2001-06-01,174,"FP"
"FL_US_MICHAEL","4","MICHAEL_US_FL_2018",2001-06-01,299,"SUS"
"FL_US_WILMA","1","WILMA_US_FL_2005",2001-06-01,211,"FP"
"LA_US_GUSTAV","4","GUSTAV_US_LA_2008",2001-06-01,383,"SUS"
"LA_US_IDA","4","IDA_US_LA_2009",2001-06-01,365,"SUS"
"LA_US_KATRINA","4","KATRINA_US_LA_2005",2001-06-01,268,"SUS"
"LA_US_LAURA","4","LAURA_US_LA_2020",2001-06-01,294,"SUS"
"LA_US_ZETA","4","ZETA_US_LA_2020",2001-06-01,358,"SUS"
"MX_ERNESTO","5","ERNESTO_MX_2012",2001-06-01,66,"SG"
"MX_GRACE","3","GRACE_MX_2021",2001-06-01,139,"C"
"MX_TAMPS_EMILY","6","EMILY_TAMPS_MX_2005",2001-06-01,43,"WG"
"NC_US_ISABEL","4","ISABEL_US_NC_2003",2001-06-01,201,"SUS"
"NIC_ETA","2","ETA_NIC_2020",2001-06-01,167,"CA"
"NIC_FELIX","2","FELIX_NIC_2007",2001-06-01,133,"CA"
"NIC_IOTA","2","IOTA_NIC_2020",2001-06-01,180,"CA"
"PR_USA_MARIA","3","MARIA_US_PR_2017",2001-06-01,87,"C"
"QROO_WILMA","3","WILMA_QROO_2005",2001-06-01,127,"C"
"TX_US_HARVEY","6","HARVEY_US_TX_2017",2001-06-01,75,"WG"
"TX_US_IKE","4","IKE_US_TX_2008",2001-06-01,222,"SUS"
"TX_US_RITA","4","RITA_US_TX_2005",2001-06-01,311,"SUS"
"US_FL_DELTA","4","DELTA_US_LA_2020",2001-06-01,299,"SUS"
"US_FL_DENNIS","4","DENNIS_US_FL_2005",2001-06-01,213,"SUS"
"VER_MX_KARL","5","KARL_MX_VER_2010",2001-06-01,182,"SG"
"YUC_DELTA","5","DELTA_YUCATAN_MX_2020",2001-06-01,126,"SG"
"YUC_MX_EMILY","5","EMILY_MX_YUC_2005",2001-06-01,113,"SG"
"YUC_MX_ISIDORE","5","ISIDORE_MX_YUC_2002",2001-06-01,130,"SG"
"AL_US_IVAN","4","IVAN_US_AL_2004",2001-07-01,200,"SUS"
"AL_US_SALLY","4","SALLY_US_AL_2020",2001-07-01,215,"SUS"
"ALEX","6","ALEX_2010",2001-07-01,79,"WG"
"BELICE_RICHARD","3","RICHARD_BELICE_2010",2001-07-01,202,"C"
"BELIZE_IRIS","2","IRIS_BELIZE_2001",2001-07-01,547,"CA"
"BETA","2","BETA_2005",2001-07-01,273,"CA"
"CR_OTTO","2","OTTO_CR_2016",2001-07-01,334.6046,"CA"
"CUBA_DENNIS","3","DENNIS_CUBA_2005",2001-07-01,251,"C"
"CUBA_GUSTAV","3","GUSTAV_CUBA_2008",2001-07-01,173,"C"
"CUBA_IAN","3","IAN_CUBA_2022",2001-07-01,167,"C"
"CUBA_MICHELLE","3","MICHELLE_CUBA_2001",2001-07-01,277,"C"
"CUBA_PALOMA","3","PALOMA_CUBA_2008",2001-07-01,280,"C"
"CUBA_SANDY","3","SANDY_CUBA_2012",2001-07-01,239,"C"
"DEAN_QROO_MX","5","DEAN_QROO_MX_2007",2001-07-01,93,"SG"
"FL_US_CHARLEY","1","CHARLEY_2004",2001-07-01,278,"FP"
"FL_US_FRANCES","1","FRANCES_US_FL_2004",2001-07-01,247,"FP"
"FL_US_IAN","1","IAN_US_FL_2022",2001-07-01,275,"FP"
"FL_US_IRMA","1","IRMA_US_FL_2017",2001-07-01,288,"FP"
"FL_US_JEANNE","1","JEANNE_US_FL_2004",2001-07-01,245,"FP"
"FL_US_MICHAEL","4","MICHAEL_US_FL_2018",2001-07-01,162,"SUS"
"FL_US_WILMA","1","WILMA_US_FL_2005",2001-07-01,267,"FP"
"LA_US_GUSTAV","4","GUSTAV_US_LA_2008",2001-07-01,190,"SUS"
"LA_US_IDA","4","IDA_US_LA_2009",2001-07-01,188,"SUS"
"LA_US_KATRINA","4","KATRINA_US_LA_2005",2001-07-01,196,"SUS"
"LA_US_LAURA","4","LAURA_US_LA_2020",2001-07-01,91,"SUS"
"LA_US_ZETA","4","ZETA_US_LA_2020",2001-07-01,192,"SUS"
"MX_ERNESTO","5","ERNESTO_MX_2012",2001-07-01,90,"SG"
"MX_GRACE","3","GRACE_MX_2021",2001-07-01,150.3333,"C"
"MX_TAMPS_EMILY","6","EMILY_TAMPS_MX_2005",2001-07-01,98,"WG"
"NC_US_ISABEL","4","ISABEL_US_NC_2003",2001-07-01,161,"SUS"
"NIC_ETA","2","ETA_NIC_2020",2001-07-01,257,"CA"
"NIC_FELIX","2","FELIX_NIC_2007",2001-07-01,214,"CA"
"NIC_IOTA","2","IOTA_NIC_2020",2001-07-01,260,"CA"
"PR_USA_MARIA","3","MARIA_US_PR_2017",2001-07-01,118,"C"
"QROO_WILMA","3","WILMA_QROO_2005",2001-07-01,106,"C"
"TX_US_HARVEY","6","HARVEY_US_TX_2017",2001-07-01,40,"WG"
"TX_US_IKE","4","IKE_US_TX_2008",2001-07-01,68,"SUS"
"TX_US_RITA","4","RITA_US_TX_2005",2001-07-01,89,"SUS"
"US_FL_DELTA","4","DELTA_US_LA_2020",2001-07-01,92,"SUS"
"US_FL_DENNIS","4","DENNIS_US_FL_2005",2001-07-01,186,"SUS"
"VER_MX_KARL","5","KARL_MX_VER_2010",2001-07-01,191,"SG"
"YUC_DELTA","5","DELTA_YUCATAN_MX_2020",2001-07-01,123,"SG"
"YUC_MX_EMILY","5","EMILY_MX_YUC_2005",2001-07-01,119,"SG"
"YUC_MX_ISIDORE","5","ISIDORE_MX_YUC_2002",2001-07-01,183,"SG"
"AL_US_IVAN","4","IVAN_US_AL_2004",2001-08-01,214,"SUS"
"AL_US_SALLY","4","SALLY_US_AL_2020",2001-08-01,227,"SUS"
"ALEX","6","ALEX_2010",2001-08-01,103,"WG"
"BELICE_RICHARD","3","RICHARD_BELICE_2010",2001-08-01,251,"C"
"BELIZE_IRIS","2","IRIS_BELIZE_2001",2001-08-01,554.0827,"CA"
"BETA","2","BETA_2005",2001-08-01,270,"CA"
"CR_OTTO","2","OTTO_CR_2016",2001-08-01,316,"CA"
"CUBA_DENNIS","3","DENNIS_CUBA_2005",2001-08-01,148,"C"
"CUBA_GUSTAV","3","GUSTAV_CUBA_2008",2001-08-01,105,"C"
"CUBA_IAN","3","IAN_CUBA_2022",2001-08-01,109,"C"
"CUBA_MICHELLE","3","MICHELLE_CUBA_2001",2001-08-01,161,"C"
"CUBA_PALOMA","3","PALOMA_CUBA_2008",2001-08-01,137,"C"
"CUBA_SANDY","3","SANDY_CUBA_2012",2001-08-01,74,"C"
"DEAN_QROO_MX","5","DEAN_QROO_MX_2007",2001-08-01,160,"SG"
"FL_US_CHARLEY","1","CHARLEY_2004",2001-08-01,184,"FP"
"FL_US_FRANCES","1","FRANCES_US_FL_2004",2001-08-01,195,"FP"
"FL_US_IAN","1","IAN_US_FL_2022",2001-08-01,193,"FP"
"FL_US_IRMA","1","IRMA_US_FL_2017",2001-08-01,236,"FP"
"FL_US_JEANNE","1","JEANNE_US_FL_2004",2001-08-01,195,"FP"
"FL_US_MICHAEL","4","MICHAEL_US_FL_2018",2001-08-01,203,"SUS"
"FL_US_WILMA","1","WILMA_US_FL_2005",2001-08-01,223,"FP"
"LA_US_GUSTAV","4","GUSTAV_US_LA_2008",2001-08-01,268,"SUS"
"LA_US_IDA","4","IDA_US_LA_2009",2001-08-01,252,"SUS"
"LA_US_KATRINA","4","KATRINA_US_LA_2005",2001-08-01,188,"SUS"
"LA_US_LAURA","4","LAURA_US_LA_2020",2001-08-01,192,"SUS"
"LA_US_ZETA","4","ZETA_US_LA_2020",2001-08-01,242,"SUS"
"MX_ERNESTO","5","ERNESTO_MX_2012",2001-08-01,158,"SG"
"MX_GRACE","3","GRACE_MX_2021",2001-08-01,260.533,"C"
"MX_TAMPS_EMILY","6","EMILY_TAMPS_MX_2005",2001-08-01,110,"WG"
"NC_US_ISABEL","4","ISABEL_US_NC_2003",2001-08-01,148,"SUS"
"NIC_ETA","2","ETA_NIC_2020",2001-08-01,219,"CA"
"NIC_FELIX","2","FELIX_NIC_2007",2001-08-01,186,"CA"
"NIC_IOTA","2","IOTA_NIC_2020",2001-08-01,232,"CA"
"PR_USA_MARIA","3","MARIA_US_PR_2017",2001-08-01,271,"C"
"QROO_WILMA","3","WILMA_QROO_2005",2001-08-01,127,"C"
"TX_US_HARVEY","6","HARVEY_US_TX_2017",2001-08-01,229,"WG"
"TX_US_IKE","4","IKE_US_TX_2008",2001-08-01,193,"SUS"
"TX_US_RITA","4","RITA_US_TX_2005",2001-08-01,183,"SUS"
"US_FL_DELTA","4","DELTA_US_LA_2020",2001-08-01,195,"SUS"
"US_FL_DENNIS","4","DENNIS_US_FL_2005",2001-08-01,212,"SUS"
"VER_MX_KARL","5","KARL_MX_VER_2010",2001-08-01,278.6322,"SG"
"YUC_DELTA","5","DELTA_YUCATAN_MX_2020",2001-08-01,134,"SG"
"YUC_MX_EMILY","5","EMILY_MX_YUC_2005",2001-08-01,160,"SG"
"YUC_MX_ISIDORE","5","ISIDORE_MX_YUC_2002",2001-08-01,152,"SG"
"AL_US_IVAN","4","IVAN_US_AL_2004",2001-09-01,122,"SUS"
"AL_US_SALLY","4","SALLY_US_AL_2020",2001-09-01,109,"SUS"
"ALEX","6","ALEX_2010",2001-09-01,212,"WG"
"BELICE_RICHARD","3","RICHARD_BELICE_2010",2001-09-01,256,"C"
"BELIZE_IRIS","2","IRIS_BELIZE_2001",2001-09-01,486,"CA"
"BETA","2","BETA_2005",2001-09-01,220,"CA"
"CR_OTTO","2","OTTO_CR_2016",2001-09-01,199,"CA"
"CUBA_DENNIS","3","DENNIS_CUBA_2005",2001-09-01,361,"C"
"CUBA_GUSTAV","3","GUSTAV_CUBA_2008",2001-09-01,357,"C"
"CUBA_IAN","3","IAN_CUBA_2022",2001-09-01,365,"C"
"CUBA_MICHELLE","3","MICHELLE_CUBA_2001",2001-09-01,370,"C"
"CUBA_PALOMA","3","PALOMA_CUBA_2008",2001-09-01,211,"C"
"CUBA_SANDY","3","SANDY_CUBA_2012",2001-09-01,112,"C"
"DEAN_QROO_MX","5","DEAN_QROO_MX_2007",2001-09-01,145,"SG"
"FL_US_CHARLEY","1","CHARLEY_2004",2001-09-01,324,"FP"
"FL_US_FRANCES","1","FRANCES_US_FL_2004",2001-09-01,294,"FP"
"FL_US_IAN","1","IAN_US_FL_2022",2001-09-01,317,"FP"
"FL_US_IRMA","1","IRMA_US_FL_2017",2001-09-01,347,"FP"
"FL_US_JEANNE","1","JEANNE_US_FL_2004",2001-09-01,295,"FP"
"FL_US_MICHAEL","4","MICHAEL_US_FL_2018",2001-09-01,118,"SUS"
"FL_US_WILMA","1","WILMA_US_FL_2005",2001-09-01,346,"FP"
"LA_US_GUSTAV","4","GUSTAV_US_LA_2008",2001-09-01,138,"SUS"
"LA_US_IDA","4","IDA_US_LA_2009",2001-09-01,104,"SUS"
"LA_US_KATRINA","4","KATRINA_US_LA_2005",2001-09-01,142,"SUS"
"LA_US_LAURA","4","LAURA_US_LA_2020",2001-09-01,241,"SUS"
"LA_US_ZETA","4","ZETA_US_LA_2020",2001-09-01,99,"SUS"
"MX_ERNESTO","5","ERNESTO_MX_2012",2001-09-01,152,"SG"
"MX_GRACE","3","GRACE_MX_2021",2001-09-01,335,"C"
"MX_TAMPS_EMILY","6","EMILY_TAMPS_MX_2005",2001-09-01,182,"WG"
"NC_US_ISABEL","4","ISABEL_US_NC_2003",2001-09-01,57,"SUS"
"NIC_ETA","2","ETA_NIC_2020",2001-09-01,274,"CA"
"NIC_FELIX","2","FELIX_NIC_2007",2001-09-01,296,"CA"
"NIC_IOTA","2","IOTA_NIC_2020",2001-09-01,248,"CA"
"PR_USA_MARIA","3","MARIA_US_PR_2017",2001-09-01,118,"C"
"QROO_WILMA","3","WILMA_QROO_2005",2001-09-01,201,"C"
"TX_US_HARVEY","6","HARVEY_US_TX_2017",2001-09-01,215,"WG"
"TX_US_IKE","4","IKE_US_TX_2008",2001-09-01,183,"SUS"
"TX_US_RITA","4","RITA_US_TX_2005",2001-09-01,233,"SUS"
"US_FL_DELTA","4","DELTA_US_LA_2020",2001-09-01,248,"SUS"
"US_FL_DENNIS","4","DENNIS_US_FL_2005",2001-09-01,107,"SUS"
"VER_MX_KARL","5","KARL_MX_VER_2010",2001-09-01,206.3333,"SG"
"YUC_DELTA","5","DELTA_YUCATAN_MX_2020",2001-09-01,193,"SG"
"YUC_MX_EMILY","5","EMILY_MX_YUC_2005",2001-09-01,138,"SG"
"YUC_MX_ISIDORE","5","ISIDORE_MX_YUC_2002",2001-09-01,100,"SG"
"AL_US_IVAN","4","IVAN_US_AL_2004",2001-10-01,92,"SUS"
"AL_US_SALLY","4","SALLY_US_AL_2020",2001-10-01,88,"SUS"
"ALEX","6","ALEX_2010",2001-10-01,32,"WG"
"BELICE_RICHARD","3","RICHARD_BELICE_2010",2001-10-01,279,"C"
"BELIZE_IRIS","2","IRIS_BELIZE_2001",2001-10-01,448,"CA"
"BETA","2","BETA_2005",2001-10-01,296,"CA"
"CR_OTTO","2","OTTO_CR_2016",2001-10-01,317,"CA"
"CUBA_DENNIS","3","DENNIS_CUBA_2005",2001-10-01,245,"C"
"CUBA_GUSTAV","3","GUSTAV_CUBA_2008",2001-10-01,211,"C"
"CUBA_IAN","3","IAN_CUBA_2022",2001-10-01,204,"C"
"CUBA_MICHELLE","3","MICHELLE_CUBA_2001",2001-10-01,290,"C"
"CUBA_PALOMA","3","PALOMA_CUBA_2008",2001-10-01,241,"C"
"CUBA_SANDY","3","SANDY_CUBA_2012",2001-10-01,298,"C"
"DEAN_QROO_MX","5","DEAN_QROO_MX_2007",2001-10-01,122,"SG"
"FL_US_CHARLEY","1","CHARLEY_2004",2001-10-01,42,"FP"
"FL_US_FRANCES","1","FRANCES_US_FL_2004",2001-10-01,87,"FP"
"FL_US_IAN","1","IAN_US_FL_2022",2001-10-01,49,"FP"
"FL_US_IRMA","1","IRMA_US_FL_2017",2001-10-01,87,"FP"
"FL_US_JEANNE","1","JEANNE_US_FL_2004",2001-10-01,95,"FP"
"FL_US_MICHAEL","4","MICHAEL_US_FL_2018",2001-10-01,52,"SUS"
"FL_US_WILMA","1","WILMA_US_FL_2005",2001-10-01,137,"FP"
"LA_US_GUSTAV","4","GUSTAV_US_LA_2008",2001-10-01,129,"SUS"
"LA_US_IDA","4","IDA_US_LA_2009",2001-10-01,134,"SUS"
"LA_US_KATRINA","4","KATRINA_US_LA_2005",2001-10-01,106,"SUS"
"LA_US_LAURA","4","LAURA_US_LA_2020",2001-10-01,128,"SUS"
"LA_US_ZETA","4","ZETA_US_LA_2020",2001-10-01,128,"SUS"
"MX_ERNESTO","5","ERNESTO_MX_2012",2001-10-01,124,"SG"
"MX_GRACE","3","GRACE_MX_2021",2001-10-01,154,"C"
"MX_TAMPS_EMILY","6","EMILY_TAMPS_MX_2005",2001-10-01,20,"WG"
"NC_US_ISABEL","4","ISABEL_US_NC_2003",2001-10-01,18,"SUS"
"NIC_ETA","2","ETA_NIC_2020",2001-10-01,280,"CA"
"NIC_FELIX","2","FELIX_NIC_2007",2001-10-01,255,"CA"
"NIC_IOTA","2","IOTA_NIC_2020",2001-10-01,283,"CA"
"PR_USA_MARIA","3","MARIA_US_PR_2017",2001-10-01,201,"C"
"QROO_WILMA","3","WILMA_QROO_2005",2001-10-01,165,"C"
"TX_US_HARVEY","6","HARVEY_US_TX_2017",2001-10-01,50,"WG"
"TX_US_IKE","4","IKE_US_TX_2008",2001-10-01,128,"SUS"
"TX_US_RITA","4","RITA_US_TX_2005",2001-10-01,137,"SUS"
"US_FL_DELTA","4","DELTA_US_LA_2020",2001-10-01,124,"SUS"
"US_FL_DENNIS","4","DENNIS_US_FL_2005",2001-10-01,89,"SUS"
"VER_MX_KARL","5","KARL_MX_VER_2010",2001-10-01,132,"SG"
"YUC_DELTA","5","DELTA_YUCATAN_MX_2020",2001-10-01,167,"SG"
"YUC_MX_EMILY","5","EMILY_MX_YUC_2005",2001-10-01,152,"SG"
"YUC_MX_ISIDORE","5","ISIDORE_MX_YUC_2002",2001-10-01,115,"SG"
"AL_US_IVAN","4","IVAN_US_AL_2004",2001-11-01,48,"SUS"
"AL_US_SALLY","4","SALLY_US_AL_2020",2001-11-01,49,"SUS"
"ALEX","6","ALEX_2010",2001-11-01,89,"WG"
"BELICE_RICHARD","3","RICHARD_BELICE_2010",2001-11-01,63,"C"
"BELIZE_IRIS","2","IRIS_BELIZE_2001",2001-11-01,104,"CA"
"BETA","2","BETA_2005",2001-11-01,258,"CA"
"CR_OTTO","2","OTTO_CR_2016",2001-11-01,306,"CA"
"CUBA_DENNIS","3","DENNIS_CUBA_2005",2001-11-01,52,"C"
"CUBA_GUSTAV","3","GUSTAV_CUBA_2008",2001-11-01,70,"C"
"CUBA_IAN","3","IAN_CUBA_2022",2001-11-01,56,"C"
"CUBA_MICHELLE","3","MICHELLE_CUBA_2001",2001-11-01,49,"C"
"CUBA_PALOMA","3","PALOMA_CUBA_2008",2001-11-01,72,"C"
"CUBA_SANDY","3","SANDY_CUBA_2012",2001-11-01,139,"C"
"DEAN_QROO_MX","5","DEAN_QROO_MX_2007",2001-11-01,40,"SG"
"FL_US_CHARLEY","1","CHARLEY_2004",2001-11-01,15,"FP"
"FL_US_FRANCES","1","FRANCES_US_FL_2004",2001-11-01,53,"FP"
"FL_US_IAN","1","IAN_US_FL_2022",2001-11-01,18,"FP"
"FL_US_IRMA","1","IRMA_US_FL_2017",2001-11-01,20,"FP"
"FL_US_JEANNE","1","JEANNE_US_FL_2004",2001-11-01,56,"FP"
"FL_US_MICHAEL","4","MICHAEL_US_FL_2018",2001-11-01,50,"SUS"
"FL_US_WILMA","1","WILMA_US_FL_2005",2001-11-01,28,"FP"
"LA_US_GUSTAV","4","GUSTAV_US_LA_2008",2001-11-01,53,"SUS"
"LA_US_IDA","4","IDA_US_LA_2009",2001-11-01,62,"SUS"
"LA_US_KATRINA","4","KATRINA_US_LA_2005",2001-11-01,66,"SUS"
"LA_US_LAURA","4","LAURA_US_LA_2020",2001-11-01,118,"SUS"
"LA_US_ZETA","4","ZETA_US_LA_2020",2001-11-01,64,"SUS"
"MX_ERNESTO","5","ERNESTO_MX_2012",2001-11-01,38,"SG"
"MX_GRACE","3","GRACE_MX_2021",2001-11-01,93,"C"
"MX_TAMPS_EMILY","6","EMILY_TAMPS_MX_2005",2001-11-01,69,"WG"
"NC_US_ISABEL","4","ISABEL_US_NC_2003",2001-11-01,27,"SUS"
"NIC_ETA","2","ETA_NIC_2020",2001-11-01,348.4286,"CA"
"NIC_FELIX","2","FELIX_NIC_2007",2001-11-01,478,"CA"
"NIC_IOTA","2","IOTA_NIC_2020",2001-11-01,305,"CA"
"PR_USA_MARIA","3","MARIA_US_PR_2017",2001-11-01,140,"C"
"QROO_WILMA","3","WILMA_QROO_2005",2001-11-01,53,"C"
"TX_US_HARVEY","6","HARVEY_US_TX_2017",2001-11-01,89,"WG"
"TX_US_IKE","4","IKE_US_TX_2008",2001-11-01,118,"SUS"
"TX_US_RITA","4","RITA_US_TX_2005",2001-11-01,126,"SUS"
"US_FL_DELTA","4","DELTA_US_LA_2020",2001-11-01,106,"SUS"
"US_FL_DENNIS","4","DENNIS_US_FL_2005",2001-11-01,53,"SUS"
"VER_MX_KARL","5","KARL_MX_VER_2010",2001-11-01,54,"SG"
"YUC_DELTA","5","DELTA_YUCATAN_MX_2020",2001-11-01,53,"SG"
"YUC_MX_EMILY","5","EMILY_MX_YUC_2005",2001-11-01,50,"SG"
"YUC_MX_ISIDORE","5","ISIDORE_MX_YUC_2002",2001-11-01,37,"SG"
"AL_US_IVAN","4","IVAN_US_AL_2004",2001-12-01,94,"SUS"
"AL_US_SALLY","4","SALLY_US_AL_2020",2001-12-01,74,"SUS"
"ALEX","6","ALEX_2010",2001-12-01,7,"WG"
"BELICE_RICHARD","3","RICHARD_BELICE_2010",2001-12-01,132,"C"
"BELIZE_IRIS","2","IRIS_BELIZE_2001",2001-12-01,229,"CA"
"BETA","2","BETA_2005",2001-12-01,256,"CA"
"CR_OTTO","2","OTTO_CR_2016",2001-12-01,418.325,"CA"
"CUBA_DENNIS","3","DENNIS_CUBA_2005",2001-12-01,23,"C"
"CUBA_GUSTAV","3","GUSTAV_CUBA_2008",2001-12-01,75,"C"
"CUBA_IAN","3","IAN_CUBA_2022",2001-12-01,67,"C"
"CUBA_MICHELLE","3","MICHELLE_CUBA_2001",2001-12-01,29,"C"
"CUBA_PALOMA","3","PALOMA_CUBA_2008",2001-12-01,22,"C"
"CUBA_SANDY","3","SANDY_CUBA_2012",2001-12-01,42,"C"
"DEAN_QROO_MX","5","DEAN_QROO_MX_2007",2001-12-01,90,"SG"
"FL_US_CHARLEY","1","CHARLEY_2004",2001-12-01,34,"FP"
"FL_US_FRANCES","1","FRANCES_US_FL_2004",2001-12-01,30,"FP"
"FL_US_IAN","1","IAN_US_FL_2022",2001-12-01,34,"FP"
"FL_US_IRMA","1","IRMA_US_FL_2017",2001-12-01,41,"FP"
"FL_US_JEANNE","1","JEANNE_US_FL_2004",2001-12-01,31,"FP"
"FL_US_MICHAEL","4","MICHAEL_US_FL_2018",2001-12-01,43,"SUS"
"FL_US_WILMA","1","WILMA_US_FL_2005",2001-12-01,46,"FP"
"LA_US_GUSTAV","4","GUSTAV_US_LA_2008",2001-12-01,71,"SUS"
"LA_US_IDA","4","IDA_US_LA_2009",2001-12-01,81,"SUS"
"LA_US_KATRINA","4","KATRINA_US_LA_2005",2001-12-01,105,"SUS"
"LA_US_LAURA","4","LAURA_US_LA_2020",2001-12-01,122,"SUS"
"LA_US_ZETA","4","ZETA_US_LA_2020",2001-12-01,80,"SUS"
"MX_ERNESTO","5","ERNESTO_MX_2012",2001-12-01,85,"SG"
"MX_GRACE","3","GRACE_MX_2021",2001-12-01,59,"C"
"MX_TAMPS_EMILY","6","EMILY_TAMPS_MX_2005",2001-12-01,12,"WG"
"NC_US_ISABEL","4","ISABEL_US_NC_2003",2001-12-01,28,"SUS"
"NIC_ETA","2","ETA_NIC_2020",2001-12-01,330.6,"CA"
"NIC_FELIX","2","FELIX_NIC_2007",2001-12-01,478,"CA"
"NIC_IOTA","2","IOTA_NIC_2020",2001-12-01,291,"CA"
"PR_USA_MARIA","3","MARIA_US_PR_2017",2001-12-01,257,"C"
"QROO_WILMA","3","WILMA_QROO_2005",2001-12-01,107,"C"
"TX_US_HARVEY","6","HARVEY_US_TX_2017",2001-12-01,85,"WG"
"TX_US_IKE","4","IKE_US_TX_2008",2001-12-01,155,"SUS"
"TX_US_RITA","4","RITA_US_TX_2005",2001-12-01,133,"SUS"
"US_FL_DELTA","4","DELTA_US_LA_2020",2001-12-01,99,"SUS"
"US_FL_DENNIS","4","DENNIS_US_FL_2005",2001-12-01,86,"SUS"
"VER_MX_KARL","5","KARL_MX_VER_2010",2001-12-01,44,"SG"
"YUC_DELTA","5","DELTA_YUCATAN_MX_2020",2001-12-01,100,"SG"
"YUC_MX_EMILY","5","EMILY_MX_YUC_2005",2001-12-01,89,"SG"
"YUC_MX_ISIDORE","5","ISIDORE_MX_YUC_2002",2001-12-01,75,"SG"
"AL_US_IVAN","4","IVAN_US_AL_2004",2002-01-01,110,"SUS"
"AL_US_SALLY","4","SALLY_US_AL_2020",2002-01-01,100,"SUS"
"ALEX","6","ALEX_2010",2002-01-01,4,"WG"
"BELICE_RICHARD","3","RICHARD_BELICE_2010",2002-01-01,64,"C"
"BELIZE_IRIS","2","IRIS_BELIZE_2001",2002-01-01,112,"CA"
"BETA","2","BETA_2005",2002-01-01,324.3609,"CA"
"CR_OTTO","2","OTTO_CR_2016",2002-01-01,636.7959,"CA"
"CUBA_DENNIS","3","DENNIS_CUBA_2005",2002-01-01,23,"C"
"CUBA_GUSTAV","3","GUSTAV_CUBA_2008",2002-01-01,34,"C"
"CUBA_IAN","3","IAN_CUBA_2022",2002-01-01,33,"C"
"CUBA_MICHELLE","3","MICHELLE_CUBA_2001",2002-01-01,25,"C"
"CUBA_PALOMA","3","PALOMA_CUBA_2008",2002-01-01,22,"C"
"CUBA_SANDY","3","SANDY_CUBA_2012",2002-01-01,43,"C"
"DEAN_QROO_MX","5","DEAN_QROO_MX_2007",2002-01-01,27,"SG"
"FL_US_CHARLEY","1","CHARLEY_2004",2002-01-01,49,"FP"
"FL_US_FRANCES","1","FRANCES_US_FL_2004",2002-01-01,41,"FP"
"FL_US_IAN","1","IAN_US_FL_2022",2002-01-01,46,"FP"
"FL_US_IRMA","1","IRMA_US_FL_2017",2002-01-01,39,"FP"
"FL_US_JEANNE","1","JEANNE_US_FL_2004",2002-01-01,40,"FP"
"FL_US_MICHAEL","4","MICHAEL_US_FL_2018",2002-01-01,136,"SUS"
"FL_US_WILMA","1","WILMA_US_FL_2005",2002-01-01,33,"FP"
"LA_US_GUSTAV","4","GUSTAV_US_LA_2008",2002-01-01,96,"SUS"
"LA_US_IDA","4","IDA_US_LA_2009",2002-01-01,101,"SUS"
"LA_US_KATRINA","4","KATRINA_US_LA_2005",2002-01-01,104,"SUS"
"LA_US_LAURA","4","LAURA_US_LA_2020",2002-01-01,71,"SUS"
"LA_US_ZETA","4","ZETA_US_LA_2020",2002-01-01,95,"SUS"
"MX_ERNESTO","5","ERNESTO_MX_2012",2002-01-01,26,"SG"
"MX_GRACE","3","GRACE_MX_2021",2002-01-01,47,"C"
"MX_TAMPS_EMILY","6","EMILY_TAMPS_MX_2005",2002-01-01,3,"WG"
"NC_US_ISABEL","4","ISABEL_US_NC_2003",2002-01-01,135,"SUS"
"NIC_ETA","2","ETA_NIC_2020",2002-01-01,187,"CA"
"NIC_FELIX","2","FELIX_NIC_2007",2002-01-01,148,"CA"
"NIC_IOTA","2","IOTA_NIC_2020",2002-01-01,211,"CA"
"PR_USA_MARIA","3","MARIA_US_PR_2017",2002-01-01,112,"C"
"QROO_WILMA","3","WILMA_QROO_2005",2002-01-01,38,"C"
"TX_US_HARVEY","6","HARVEY_US_TX_2017",2002-01-01,16,"WG"
"TX_US_IKE","4","IKE_US_TX_2008",2002-01-01,44,"SUS"
"TX_US_RITA","4","RITA_US_TX_2005",2002-01-01,66,"SUS"
"US_FL_DELTA","4","DELTA_US_LA_2020",2002-01-01,83,"SUS"
"US_FL_DENNIS","4","DENNIS_US_FL_2005",2002-01-01,107,"SUS"
"VER_MX_KARL","5","KARL_MX_VER_2010",2002-01-01,24,"SG"
"YUC_DELTA","5","DELTA_YUCATAN_MX_2020",2002-01-01,35,"SG"
"YUC_MX_EMILY","5","EMILY_MX_YUC_2005",2002-01-01,29,"SG"
"YUC_MX_ISIDORE","5","ISIDORE_MX_YUC_2002",2002-01-01,22,"SG"
"AL_US_IVAN","4","IVAN_US_AL_2004",2002-02-01,81,"SUS"
"AL_US_SALLY","4","SALLY_US_AL_2020",2002-02-01,76,"SUS"
"ALEX","6","ALEX_2010",2002-02-01,13,"WG"
"BELICE_RICHARD","3","RICHARD_BELICE_2010",2002-02-01,95,"C"
"BELIZE_IRIS","2","IRIS_BELIZE_2001",2002-02-01,127,"CA"
"BETA","2","BETA_2005",2002-02-01,46,"CA"
"CR_OTTO","2","OTTO_CR_2016",2002-02-01,71,"CA"
"CUBA_DENNIS","3","DENNIS_CUBA_2005",2002-02-01,50,"C"
"CUBA_GUSTAV","3","GUSTAV_CUBA_2008",2002-02-01,163,"C"
"CUBA_IAN","3","IAN_CUBA_2022",2002-02-01,164,"C"
"CUBA_MICHELLE","3","MICHELLE_CUBA_2001",2002-02-01,50,"C"
"CUBA_PALOMA","3","PALOMA_CUBA_2008",2002-02-01,4,"C"
"CUBA_SANDY","3","SANDY_CUBA_2012",2002-02-01,18,"C"
"DEAN_QROO_MX","5","DEAN_QROO_MX_2007",2002-02-01,61,"SG"
"FL_US_CHARLEY","1","CHARLEY_2004",2002-02-01,83,"FP"
"FL_US_FRANCES","1","FRANCES_US_FL_2004",2002-02-01,110,"FP"
"FL_US_IAN","1","IAN_US_FL_2022",2002-02-01,84,"FP"
"FL_US_IRMA","1","IRMA_US_FL_2017",2002-02-01,65,"FP"
"FL_US_JEANNE","1","JEANNE_US_FL_2004",2002-02-01,111,"FP"
"FL_US_MICHAEL","4","MICHAEL_US_FL_2018",2002-02-01,51,"SUS"
"FL_US_WILMA","1","WILMA_US_FL_2005",2002-02-01,69,"FP"
"LA_US_GUSTAV","4","GUSTAV_US_LA_2008",2002-02-01,42,"SUS"
"LA_US_IDA","4","IDA_US_LA_2009",2002-02-01,56,"SUS"
"LA_US_KATRINA","4","KATRINA_US_LA_2005",2002-02-01,74,"SUS"
"LA_US_LAURA","4","LAURA_US_LA_2020",2002-02-01,54,"SUS"
"LA_US_ZETA","4","ZETA_US_LA_2020",2002-02-01,60,"SUS"
"MX_ERNESTO","5","ERNESTO_MX_2012",2002-02-01,54,"SG"
"MX_GRACE","3","GRACE_MX_2021",2002-02-01,33,"C"
"MX_TAMPS_EMILY","6","EMILY_TAMPS_MX_2005",2002-02-01,11,"WG"
"NC_US_ISABEL","4","ISABEL_US_NC_2003",2002-02-01,51,"SUS"
"NIC_ETA","2","ETA_NIC_2020",2002-02-01,47,"CA"
"NIC_FELIX","2","FELIX_NIC_2007",2002-02-01,58,"CA"
"NIC_IOTA","2","IOTA_NIC_2020",2002-02-01,42,"CA"
"PR_USA_MARIA","3","MARIA_US_PR_2017",2002-02-01,32,"C"
"QROO_WILMA","3","WILMA_QROO_2005",2002-02-01,149,"C"
"TX_US_HARVEY","6","HARVEY_US_TX_2017",2002-02-01,14,"WG"
"TX_US_IKE","4","IKE_US_TX_2008",2002-02-01,39,"SUS"
"TX_US_RITA","4","RITA_US_TX_2005",2002-02-01,52,"SUS"
"US_FL_DELTA","4","DELTA_US_LA_2020",2002-02-01,48,"SUS"
"US_FL_DENNIS","4","DENNIS_US_FL_2005",2002-02-01,82,"SUS"
"VER_MX_KARL","5","KARL_MX_VER_2010",2002-02-01,16,"SG"
"YUC_DELTA","5","DELTA_YUCATAN_MX_2020",2002-02-01,142,"SG"
"YUC_MX_EMILY","5","EMILY_MX_YUC_2005",2002-02-01,135,"SG"
"YUC_MX_ISIDORE","5","ISIDORE_MX_YUC_2002",2002-02-01,82,"SG"
"AL_US_IVAN","4","IVAN_US_AL_2004",2002-03-01,124,"SUS"
"AL_US_SALLY","4","SALLY_US_AL_2020",2002-03-01,118,"SUS"
"ALEX","6","ALEX_2010",2002-03-01,23,"WG"
"BELICE_RICHARD","3","RICHARD_BELICE_2010",2002-03-01,78,"C"
"BELIZE_IRIS","2","IRIS_BELIZE_2001",2002-03-01,138,"CA"
"BETA","2","BETA_2005",2002-03-01,26,"CA"
"CR_OTTO","2","OTTO_CR_2016",2002-03-01,32,"CA"
"CUBA_DENNIS","3","DENNIS_CUBA_2005",2002-03-01,28,"C"
"CUBA_GUSTAV","3","GUSTAV_CUBA_2008",2002-03-01,56,"C"
"CUBA_IAN","3","IAN_CUBA_2022",2002-03-01,57,"C"
"CUBA_MICHELLE","3","MICHELLE_CUBA_2001",2002-03-01,32,"C"
"CUBA_PALOMA","3","PALOMA_CUBA_2008",2002-03-01,48,"C"
"CUBA_SANDY","3","SANDY_CUBA_2012",2002-03-01,27,"C"
"DEAN_QROO_MX","5","DEAN_QROO_MX_2007",2002-03-01,28,"SG"
"FL_US_CHARLEY","1","CHARLEY_2004",2002-03-01,16,"FP"
"FL_US_FRANCES","1","FRANCES_US_FL_2004",2002-03-01,15,"FP"
"FL_US_IAN","1","IAN_US_FL_2022",2002-03-01,15,"FP"
"FL_US_IRMA","1","IRMA_US_FL_2017",2002-03-01,22,"FP"
"FL_US_JEANNE","1","JEANNE_US_FL_2004",2002-03-01,16,"FP"
"FL_US_MICHAEL","4","MICHAEL_US_FL_2018",2002-03-01,155,"SUS"
"FL_US_WILMA","1","WILMA_US_FL_2005",2002-03-01,27,"FP"
"LA_US_GUSTAV","4","GUSTAV_US_LA_2008",2002-03-01,109,"SUS"
"LA_US_IDA","4","IDA_US_LA_2009",2002-03-01,112,"SUS"
"LA_US_KATRINA","4","KATRINA_US_LA_2005",2002-03-01,152,"SUS"
"LA_US_LAURA","4","LAURA_US_LA_2020",2002-03-01,110,"SUS"
"LA_US_ZETA","4","ZETA_US_LA_2020",2002-03-01,105,"SUS"
"MX_ERNESTO","5","ERNESTO_MX_2012",2002-03-01,25,"SG"
"MX_GRACE","3","GRACE_MX_2021",2002-03-01,40,"C"
"MX_TAMPS_EMILY","6","EMILY_TAMPS_MX_2005",2002-03-01,14,"WG"
"NC_US_ISABEL","4","ISABEL_US_NC_2003",2002-03-01,114,"SUS"
"NIC_ETA","2","ETA_NIC_2020",2002-03-01,31,"CA"
"NIC_FELIX","2","FELIX_NIC_2007",2002-03-01,34,"CA"
"NIC_IOTA","2","IOTA_NIC_2020",2002-03-01,30,"CA"
"PR_USA_MARIA","3","MARIA_US_PR_2017",2002-03-01,52,"C"
"QROO_WILMA","3","WILMA_QROO_2005",2002-03-01,49,"C"
"TX_US_HARVEY","6","HARVEY_US_TX_2017",2002-03-01,8,"WG"
"TX_US_IKE","4","IKE_US_TX_2008",2002-03-01,56,"SUS"
"TX_US_RITA","4","RITA_US_TX_2005",2002-03-01,97,"SUS"
"US_FL_DELTA","4","DELTA_US_LA_2020",2002-03-01,124,"SUS"
"US_FL_DENNIS","4","DENNIS_US_FL_2005",2002-03-01,124,"SUS"
"VER_MX_KARL","5","KARL_MX_VER_2010",2002-03-01,18,"SG"
"YUC_DELTA","5","DELTA_YUCATAN_MX_2020",2002-03-01,48,"SG"
"YUC_MX_EMILY","5","EMILY_MX_YUC_2005",2002-03-01,42,"SG"
"YUC_MX_ISIDORE","5","ISIDORE_MX_YUC_2002",2002-03-01,6,"SG"
"AL_US_IVAN","4","IVAN_US_AL_2004",2002-04-01,74,"SUS"
"AL_US_SALLY","4","SALLY_US_AL_2020",2002-04-01,75,"SUS"
"ALEX","6","ALEX_2010",2002-04-01,17,"WG"
"BELICE_RICHARD","3","RICHARD_BELICE_2010",2002-04-01,4,"C"
"BELIZE_IRIS","2","IRIS_BELIZE_2001",2002-04-01,11,"CA"
"BETA","2","BETA_2005",2002-04-01,16,"CA"
"CR_OTTO","2","OTTO_CR_2016",2002-04-01,13,"CA"
"CUBA_DENNIS","3","DENNIS_CUBA_2005",2002-04-01,19,"C"
"CUBA_GUSTAV","3","GUSTAV_CUBA_2008",2002-04-01,105,"C"
"CUBA_IAN","3","IAN_CUBA_2022",2002-04-01,126,"C"
"CUBA_MICHELLE","3","MICHELLE_CUBA_2001",2002-04-01,16,"C"
"CUBA_PALOMA","3","PALOMA_CUBA_2008",2002-04-01,15,"C"
"CUBA_SANDY","3","SANDY_CUBA_2012",2002-04-01,25,"C"
"DEAN_QROO_MX","5","DEAN_QROO_MX_2007",2002-04-01,5,"SG"
"FL_US_CHARLEY","1","CHARLEY_2004",2002-04-01,49,"FP"
"FL_US_FRANCES","1","FRANCES_US_FL_2004",2002-04-01,46,"FP"
"FL_US_IAN","1","IAN_US_FL_2022",2002-04-01,48,"FP"
"FL_US_IRMA","1","IRMA_US_FL_2017",2002-04-01,39,"FP"
"FL_US_JEANNE","1","JEANNE_US_FL_2004",2002-04-01,46,"FP"
"FL_US_MICHAEL","4","MICHAEL_US_FL_2018",2002-04-01,68,"SUS"
"FL_US_WILMA","1","WILMA_US_FL_2005",2002-04-01,32,"FP"
"LA_US_GUSTAV","4","GUSTAV_US_LA_2008",2002-04-01,83,"SUS"
"LA_US_IDA","4","IDA_US_LA_2009",2002-04-01,87,"SUS"
"LA_US_KATRINA","4","KATRINA_US_LA_2005",2002-04-01,84,"SUS"
"LA_US_LAURA","4","LAURA_US_LA_2020",2002-04-01,77,"SUS"
"LA_US_ZETA","4","ZETA_US_LA_2020",2002-04-01,80,"SUS"
"MX_ERNESTO","5","ERNESTO_MX_2012",2002-04-01,5,"SG"
"MX_GRACE","3","GRACE_MX_2021",2002-04-01,29,"C"
"MX_TAMPS_EMILY","6","EMILY_TAMPS_MX_2005",2002-04-01,14,"WG"
"NC_US_ISABEL","4","ISABEL_US_NC_2003",2002-04-01,71,"SUS"
"NIC_ETA","2","ETA_NIC_2020",2002-04-01,23,"CA"
"NIC_FELIX","2","FELIX_NIC_2007",2002-04-01,29,"CA"
"NIC_IOTA","2","IOTA_NIC_2020",2002-04-01,21,"CA"
"PR_USA_MARIA","3","MARIA_US_PR_2017",2002-04-01,142,"C"
"QROO_WILMA","3","WILMA_QROO_2005",2002-04-01,55,"C"
"TX_US_HARVEY","6","HARVEY_US_TX_2017",2002-04-01,37,"WG"
"TX_US_IKE","4","IKE_US_TX_2008",2002-04-01,88,"SUS"
"TX_US_RITA","4","RITA_US_TX_2005",2002-04-01,84,"SUS"
"US_FL_DELTA","4","DELTA_US_LA_2020",2002-04-01,77,"SUS"
"US_FL_DENNIS","4","DENNIS_US_FL_2005",2002-04-01,74,"SUS"
"VER_MX_KARL","5","KARL_MX_VER_2010",2002-04-01,24,"SG"
"YUC_DELTA","5","DELTA_YUCATAN_MX_2020",2002-04-01,44,"SG"
"YUC_MX_EMILY","5","EMILY_MX_YUC_2005",2002-04-01,15,"SG"
"YUC_MX_ISIDORE","5","ISIDORE_MX_YUC_2002",2002-04-01,5,"SG"
"AL_US_IVAN","4","IVAN_US_AL_2004",2002-05-01,81,"SUS"
"AL_US_SALLY","4","SALLY_US_AL_2020",2002-05-01,76,"SUS"
"ALEX","6","ALEX_2010",2002-05-01,32,"WG"
"BELICE_RICHARD","3","RICHARD_BELICE_2010",2002-05-01,139,"C"
"BELIZE_IRIS","2","IRIS_BELIZE_2001",2002-05-01,237,"CA"
"BETA","2","BETA_2005",2002-05-01,173,"CA"
"CR_OTTO","2","OTTO_CR_2016",2002-05-01,156,"CA"
"CUBA_DENNIS","3","DENNIS_CUBA_2005",2002-05-01,202,"C"
"CUBA_GUSTAV","3","GUSTAV_CUBA_2008",2002-05-01,193,"C"
"CUBA_IAN","3","IAN_CUBA_2022",2002-05-01,201,"C"
"CUBA_MICHELLE","3","MICHELLE_CUBA_2001",2002-05-01,210,"C"
"CUBA_PALOMA","3","PALOMA_CUBA_2008",2002-05-01,276,"C"
"CUBA_SANDY","3","SANDY_CUBA_2012",2002-05-01,260,"C"
"DEAN_QROO_MX","5","DEAN_QROO_MX_2007",2002-05-01,88,"SG"
"FL_US_CHARLEY","1","CHARLEY_2004",2002-05-01,60,"FP"
"FL_US_FRANCES","1","FRANCES_US_FL_2004",2002-05-01,72,"FP"
"FL_US_IAN","1","IAN_US_FL_2022",2002-05-01,61,"FP"
"FL_US_IRMA","1","IRMA_US_FL_2017",2002-05-01,73,"FP"
"FL_US_JEANNE","1","JEANNE_US_FL_2004",2002-05-01,75,"FP"
"FL_US_MICHAEL","4","MICHAEL_US_FL_2018",2002-05-01,73,"SUS"
"FL_US_WILMA","1","WILMA_US_FL_2005",2002-05-01,94,"FP"
"LA_US_GUSTAV","4","GUSTAV_US_LA_2008",2002-05-01,43,"SUS"
"LA_US_IDA","4","IDA_US_LA_2009",2002-05-01,39,"SUS"
"LA_US_KATRINA","4","KATRINA_US_LA_2005",2002-05-01,85,"SUS"
"LA_US_LAURA","4","LAURA_US_LA_2020",2002-05-01,68,"SUS"
"LA_US_ZETA","4","ZETA_US_LA_2020",2002-05-01,40,"SUS"
"MX_ERNESTO","5","ERNESTO_MX_2012",2002-05-01,90,"SG"
"MX_GRACE","3","GRACE_MX_2021",2002-05-01,60,"C"
"MX_TAMPS_EMILY","6","EMILY_TAMPS_MX_2005",2002-05-01,28,"WG"
"NC_US_ISABEL","4","ISABEL_US_NC_2003",2002-05-01,71,"SUS"
"NIC_ETA","2","ETA_NIC_2020",2002-05-01,211,"CA"
"NIC_FELIX","2","FELIX_NIC_2007",2002-05-01,224,"CA"
"NIC_IOTA","2","IOTA_NIC_2020",2002-05-01,198,"CA"
"PR_USA_MARIA","3","MARIA_US_PR_2017",2002-05-01,102,"C"
"QROO_WILMA","3","WILMA_QROO_2005",2002-05-01,94,"C"
"TX_US_HARVEY","6","HARVEY_US_TX_2017",2002-05-01,60,"WG"
"TX_US_IKE","4","IKE_US_TX_2008",2002-05-01,71,"SUS"
"TX_US_RITA","4","RITA_US_TX_2005",2002-05-01,69,"SUS"
"US_FL_DELTA","4","DELTA_US_LA_2020",2002-05-01,66,"SUS"
"US_FL_DENNIS","4","DENNIS_US_FL_2005",2002-05-01,79,"SUS"
"VER_MX_KARL","5","KARL_MX_VER_2010",2002-05-01,46,"SG"
"YUC_DELTA","5","DELTA_YUCATAN_MX_2020",2002-05-01,94,"SG"
"YUC_MX_EMILY","5","EMILY_MX_YUC_2005",2002-05-01,87,"SG"
"YUC_MX_ISIDORE","5","ISIDORE_MX_YUC_2002",2002-05-01,59,"SG"
"AL_US_IVAN","4","IVAN_US_AL_2004",2002-06-01,109,"SUS"
"AL_US_SALLY","4","SALLY_US_AL_2020",2002-06-01,115,"SUS"
"ALEX","6","ALEX_2010",2002-06-01,73,"WG"
"BELICE_RICHARD","3","RICHARD_BELICE_2010",2002-06-01,282,"C"
"BELIZE_IRIS","2","IRIS_BELIZE_2001",2002-06-01,616,"CA"
"BETA","2","BETA_2005",2002-06-01,311,"CA"
"CR_OTTO","2","OTTO_CR_2016",2002-06-01,288,"CA"
"CUBA_DENNIS","3","DENNIS_CUBA_2005",2002-06-01,169,"C"
"CUBA_GUSTAV","3","GUSTAV_CUBA_2008",2002-06-01,314,"C"
"CUBA_IAN","3","IAN_CUBA_2022",2002-06-01,355,"C"
"CUBA_MICHELLE","3","MICHELLE_CUBA_2001",2002-06-01,223,"C"
"CUBA_PALOMA","3","PALOMA_CUBA_2008",2002-06-01,201,"C"
"CUBA_SANDY","3","SANDY_CUBA_2012",2002-06-01,124,"C"
"DEAN_QROO_MX","5","DEAN_QROO_MX_2007",2002-06-01,126,"SG"
"FL_US_CHARLEY","1","CHARLEY_2004",2002-06-01,355,"FP"
"FL_US_FRANCES","1","FRANCES_US_FL_2004",2002-06-01,278,"FP"
"FL_US_IAN","1","IAN_US_FL_2022",2002-06-01,354,"FP"
"FL_US_IRMA","1","IRMA_US_FL_2017",2002-06-01,353,"FP"
"FL_US_JEANNE","1","JEANNE_US_FL_2004",2002-06-01,272,"FP"
"FL_US_MICHAEL","4","MICHAEL_US_FL_2018",2002-06-01,169,"SUS"
"FL_US_WILMA","1","WILMA_US_FL_2005",2002-06-01,354,"FP"
"LA_US_GUSTAV","4","GUSTAV_US_LA_2008",2002-06-01,164,"SUS"
"LA_US_IDA","4","IDA_US_LA_2009",2002-06-01,151,"SUS"
"LA_US_KATRINA","4","KATRINA_US_LA_2005",2002-06-01,120,"SUS"
"LA_US_LAURA","4","LAURA_US_LA_2020",2002-06-01,126,"SUS"
"LA_US_ZETA","4","ZETA_US_LA_2020",2002-06-01,142,"SUS"
"MX_ERNESTO","5","ERNESTO_MX_2012",2002-06-01,132,"SG"
"MX_GRACE","3","GRACE_MX_2021",2002-06-01,248.6301,"C"
"MX_TAMPS_EMILY","6","EMILY_TAMPS_MX_2005",2002-06-01,71,"WG"
"NC_US_ISABEL","4","ISABEL_US_NC_2003",2002-06-01,114,"SUS"
"NIC_ETA","2","ETA_NIC_2020",2002-06-01,332,"CA"
"NIC_FELIX","2","FELIX_NIC_2007",2002-06-01,297,"CA"
"NIC_IOTA","2","IOTA_NIC_2020",2002-06-01,327,"CA"
"PR_USA_MARIA","3","MARIA_US_PR_2017",2002-06-01,76,"C"
"QROO_WILMA","3","WILMA_QROO_2005",2002-06-01,231,"C"
"TX_US_HARVEY","6","HARVEY_US_TX_2017",2002-06-01,78,"WG"
"TX_US_IKE","4","IKE_US_TX_2008",2002-06-01,159,"SUS"
"TX_US_RITA","4","RITA_US_TX_2005",2002-06-01,149,"SUS"
"US_FL_DELTA","4","DELTA_US_LA_2020",2002-06-01,126,"SUS"
"US_FL_DENNIS","4","DENNIS_US_FL_2005",2002-06-01,114,"SUS"
"VER_MX_KARL","5","KARL_MX_VER_2010",2002-06-01,318.8297,"SG"
"YUC_DELTA","5","DELTA_YUCATAN_MX_2020",2002-06-01,216,"SG"
"YUC_MX_EMILY","5","EMILY_MX_YUC_2005",2002-06-01,144,"SG"
"YUC_MX_ISIDORE","5","ISIDORE_MX_YUC_2002",2002-06-01,121,"SG"
"AL_US_IVAN","4","IVAN_US_AL_2004",2002-07-01,215,"SUS"
"AL_US_SALLY","4","SALLY_US_AL_2020",2002-07-01,232,"SUS"
"ALEX","6","ALEX_2010",2002-07-01,78,"WG"
"BELICE_RICHARD","3","RICHARD_BELICE_2010",2002-07-01,221,"C"
"BELIZE_IRIS","2","IRIS_BELIZE_2001",2002-07-01,533,"CA"
"BETA","2","BETA_2005",2002-07-01,376,"CA"
"CR_OTTO","2","OTTO_CR_2016",2002-07-01,443,"CA"
"CUBA_DENNIS","3","DENNIS_CUBA_2005",2002-07-01,243,"C"
"CUBA_GUSTAV","3","GUSTAV_CUBA_2008",2002-07-01,186,"C"
"CUBA_IAN","3","IAN_CUBA_2022",2002-07-01,188,"C"
"CUBA_MICHELLE","3","MICHELLE_CUBA_2001",2002-07-01,263,"C"
"CUBA_PALOMA","3","PALOMA_CUBA_2008",2002-07-01,188,"C"
"CUBA_SANDY","3","SANDY_CUBA_2012",2002-07-01,98,"C"
"DEAN_QROO_MX","5","DEAN_QROO_MX_2007",2002-07-01,64,"SG"
"FL_US_CHARLEY","1","CHARLEY_2004",2002-07-01,213,"FP"
"FL_US_FRANCES","1","FRANCES_US_FL_2004",2002-07-01,192,"FP"
"FL_US_IAN","1","IAN_US_FL_2022",2002-07-01,204,"FP"
"FL_US_IRMA","1","IRMA_US_FL_2017",2002-07-01,240,"FP"
"FL_US_JEANNE","1","JEANNE_US_FL_2004",2002-07-01,193,"FP"
"FL_US_MICHAEL","4","MICHAEL_US_FL_2018",2002-07-01,164,"SUS"
"FL_US_WILMA","1","WILMA_US_FL_2005",2002-07-01,264,"FP"
"LA_US_GUSTAV","4","GUSTAV_US_LA_2008",2002-07-01,217,"SUS"
"LA_US_IDA","4","IDA_US_LA_2009",2002-07-01,202,"SUS"
"LA_US_KATRINA","4","KATRINA_US_LA_2005",2002-07-01,158,"SUS"
"LA_US_LAURA","4","LAURA_US_LA_2020",2002-07-01,147,"SUS"
"LA_US_ZETA","4","ZETA_US_LA_2020",2002-07-01,195,"SUS"
"MX_ERNESTO","5","ERNESTO_MX_2012",2002-07-01,67,"SG"
"MX_GRACE","3","GRACE_MX_2021",2002-07-01,137,"C"
"MX_TAMPS_EMILY","6","EMILY_TAMPS_MX_2005",2002-07-01,97,"WG"
"NC_US_ISABEL","4","ISABEL_US_NC_2003",2002-07-01,164,"SUS"
"NIC_ETA","2","ETA_NIC_2020",2002-07-01,298,"CA"
"NIC_FELIX","2","FELIX_NIC_2007",2002-07-01,248,"CA"
"NIC_IOTA","2","IOTA_NIC_2020",2002-07-01,324,"CA"
"PR_USA_MARIA","3","MARIA_US_PR_2017",2002-07-01,178,"C"
"QROO_WILMA","3","WILMA_QROO_2005",2002-07-01,90,"C"
"TX_US_HARVEY","6","HARVEY_US_TX_2017",2002-07-01,210,"WG"
"TX_US_IKE","4","IKE_US_TX_2008",2002-07-01,170,"SUS"
"TX_US_RITA","4","RITA_US_TX_2005",2002-07-01,141,"SUS"
"US_FL_DELTA","4","DELTA_US_LA_2020",2002-07-01,155,"SUS"
"US_FL_DENNIS","4","DENNIS_US_FL_2005",2002-07-01,218,"SUS"
"VER_MX_KARL","5","KARL_MX_VER_2010",2002-07-01,177,"SG"
"YUC_DELTA","5","DELTA_YUCATAN_MX_2020",2002-07-01,94,"SG"
"YUC_MX_EMILY","5","EMILY_MX_YUC_2005",2002-07-01,75,"SG"
"YUC_MX_ISIDORE","5","ISIDORE_MX_YUC_2002",2002-07-01,104,"SG"
"AL_US_IVAN","4","IVAN_US_AL_2004",2002-08-01,155,"SUS"
"AL_US_SALLY","4","SALLY_US_AL_2020",2002-08-01,167,"SUS"
"ALEX","6","ALEX_2010",2002-08-01,43,"WG"
"BELICE_RICHARD","3","RICHARD_BELICE_2010",2002-08-01,150,"C"
"BELIZE_IRIS","2","IRIS_BELIZE_2001",2002-08-01,378,"CA"
"BETA","2","BETA_2005",2002-08-01,299,"CA"
"CR_OTTO","2","OTTO_CR_2016",2002-08-01,374.25,"CA"
"CUBA_DENNIS","3","DENNIS_CUBA_2005",2002-08-01,254,"C"
"CUBA_GUSTAV","3","GUSTAV_CUBA_2008",2002-08-01,212,"C"
"CUBA_IAN","3","IAN_CUBA_2022",2002-08-01,206,"C"
"CUBA_MICHELLE","3","MICHELLE_CUBA_2001",2002-08-01,242,"C"
"CUBA_PALOMA","3","PALOMA_CUBA_2008",2002-08-01,116,"C"
"CUBA_SANDY","3","SANDY_CUBA_2012",2002-08-01,94,"C"
"DEAN_QROO_MX","5","DEAN_QROO_MX_2007",2002-08-01,96,"SG"
"FL_US_CHARLEY","1","CHARLEY_2004",2002-08-01,233,"FP"
"FL_US_FRANCES","1","FRANCES_US_FL_2004",2002-08-01,191,"FP"
"FL_US_IAN","1","IAN_US_FL_2022",2002-08-01,220,"FP"
"FL_US_IRMA","1","IRMA_US_FL_2017",2002-08-01,230,"FP"
"FL_US_JEANNE","1","JEANNE_US_FL_2004",2002-08-01,188,"FP"
"FL_US_MICHAEL","4","MICHAEL_US_FL_2018",2002-08-01,126,"SUS"
"FL_US_WILMA","1","WILMA_US_FL_2005",2002-08-01,198,"FP"
"LA_US_GUSTAV","4","GUSTAV_US_LA_2008",2002-08-01,179,"SUS"
"LA_US_IDA","4","IDA_US_LA_2009",2002-08-01,156,"SUS"
"LA_US_KATRINA","4","KATRINA_US_LA_2005",2002-08-01,155,"SUS"
"LA_US_LAURA","4","LAURA_US_LA_2020",2002-08-01,197,"SUS"
"LA_US_ZETA","4","ZETA_US_LA_2020",2002-08-01,164,"SUS"
"MX_ERNESTO","5","ERNESTO_MX_2012",2002-08-01,95,"SG"
"MX_GRACE","3","GRACE_MX_2021",2002-08-01,100,"C"
"MX_TAMPS_EMILY","6","EMILY_TAMPS_MX_2005",2002-08-01,50,"WG"
"NC_US_ISABEL","4","ISABEL_US_NC_2003",2002-08-01,181,"SUS"
"NIC_ETA","2","ETA_NIC_2020",2002-08-01,201,"CA"
"NIC_FELIX","2","FELIX_NIC_2007",2002-08-01,100,"CA"
"NIC_IOTA","2","IOTA_NIC_2020",2002-08-01,238,"CA"
"PR_USA_MARIA","3","MARIA_US_PR_2017",2002-08-01,131,"C"
"QROO_WILMA","3","WILMA_QROO_2005",2002-08-01,103,"C"
"TX_US_HARVEY","6","HARVEY_US_TX_2017",2002-08-01,47,"WG"
"TX_US_IKE","4","IKE_US_TX_2008",2002-08-01,148,"SUS"
"TX_US_RITA","4","RITA_US_TX_2005",2002-08-01,201,"SUS"
"US_FL_DELTA","4","DELTA_US_LA_2020",2002-08-01,175,"SUS"
"US_FL_DENNIS","4","DENNIS_US_FL_2005",2002-08-01,145,"SUS"
"VER_MX_KARL","5","KARL_MX_VER_2010",2002-08-01,154,"SG"
"YUC_DELTA","5","DELTA_YUCATAN_MX_2020",2002-08-01,109,"SG"
"YUC_MX_EMILY","5","EMILY_MX_YUC_2005",2002-08-01,120,"SG"
"YUC_MX_ISIDORE","5","ISIDORE_MX_YUC_2002",2002-08-01,128,"SG"
"AL_US_IVAN","4","IVAN_US_AL_2004",2002-09-01,317,"SUS"
"AL_US_SALLY","4","SALLY_US_AL_2020",2002-09-01,326,"SUS"
"ALEX","6","ALEX_2010",2002-09-01,253,"WG"
"BELICE_RICHARD","3","RICHARD_BELICE_2010",2002-09-01,139,"C"
"BELIZE_IRIS","2","IRIS_BELIZE_2001",2002-09-01,308,"CA"
"BETA","2","BETA_2005",2002-09-01,202,"CA"
"CR_OTTO","2","OTTO_CR_2016",2002-09-01,281,"CA"
"CUBA_DENNIS","3","DENNIS_CUBA_2005",2002-09-01,300,"C"
"CUBA_GUSTAV","3","GUSTAV_CUBA_2008",2002-09-01,399,"C"
"CUBA_IAN","3","IAN_CUBA_2022",2002-09-01,438,"C"
"CUBA_MICHELLE","3","MICHELLE_CUBA_2001",2002-09-01,294,"C"
"CUBA_PALOMA","3","PALOMA_CUBA_2008",2002-09-01,212,"C"
"CUBA_SANDY","3","SANDY_CUBA_2012",2002-09-01,352.5,"C"
"DEAN_QROO_MX","5","DEAN_QROO_MX_2007",2002-09-01,172,"SG"
"FL_US_CHARLEY","1","CHARLEY_2004",2002-09-01,142,"FP"
"FL_US_FRANCES","1","FRANCES_US_FL_2004",2002-09-01,125,"FP"
"FL_US_IAN","1","IAN_US_FL_2022",2002-09-01,139,"FP"
"FL_US_IRMA","1","IRMA_US_FL_2017",2002-09-01,178,"FP"
"FL_US_JEANNE","1","JEANNE_US_FL_2004",2002-09-01,125,"FP"
"FL_US_MICHAEL","4","MICHAEL_US_FL_2018",2002-09-01,209,"SUS"
"FL_US_WILMA","1","WILMA_US_FL_2005",2002-09-01,189,"FP"
"LA_US_GUSTAV","4","GUSTAV_US_LA_2008",2002-09-01,322,"SUS"
"LA_US_IDA","4","IDA_US_LA_2009",2002-09-01,368,"SUS"
"LA_US_KATRINA","4","KATRINA_US_LA_2005",2002-09-01,328,"SUS"
"LA_US_LAURA","4","LAURA_US_LA_2020",2002-09-01,149,"SUS"
"LA_US_ZETA","4","ZETA_US_LA_2020",2002-09-01,381,"SUS"
"MX_ERNESTO","5","ERNESTO_MX_2012",2002-09-01,171,"SG"
"MX_GRACE","3","GRACE_MX_2021",2002-09-01,270.6664,"C"
"MX_TAMPS_EMILY","6","EMILY_TAMPS_MX_2005",2002-09-01,258,"WG"
"NC_US_ISABEL","4","ISABEL_US_NC_2003",2002-09-01,94,"SUS"
"NIC_ETA","2","ETA_NIC_2020",2002-09-01,201,"CA"
"NIC_FELIX","2","FELIX_NIC_2007",2002-09-01,191,"CA"
"NIC_IOTA","2","IOTA_NIC_2020",2002-09-01,193,"CA"
"PR_USA_MARIA","3","MARIA_US_PR_2017",2002-09-01,273,"C"
"QROO_WILMA","3","WILMA_QROO_2005",2002-09-01,371,"C"
"TX_US_HARVEY","6","HARVEY_US_TX_2017",2002-09-01,206,"WG"
"TX_US_IKE","4","IKE_US_TX_2008",2002-09-01,147,"SUS"
"TX_US_RITA","4","RITA_US_TX_2005",2002-09-01,165,"SUS"
"US_FL_DELTA","4","DELTA_US_LA_2020",2002-09-01,141,"SUS"
"US_FL_DENNIS","4","DENNIS_US_FL_2005",2002-09-01,289,"SUS"
"VER_MX_KARL","5","KARL_MX_VER_2010",2002-09-01,196.2512,"SG"
"YUC_DELTA","5","DELTA_YUCATAN_MX_2020",2002-09-01,352,"SG"
"YUC_MX_EMILY","5","EMILY_MX_YUC_2005",2002-09-01,257,"SG"
"YUC_MX_ISIDORE","5","ISIDORE_MX_YUC_2002",2002-09-01,252,"SG"
"AL_US_IVAN","4","IVAN_US_AL_2004",2002-10-01,175,"SUS"
"AL_US_SALLY","4","SALLY_US_AL_2020",2002-10-01,198,"SUS"
"ALEX","6","ALEX_2010",2002-10-01,202,"WG"
"BELICE_RICHARD","3","RICHARD_BELICE_2010",2002-10-01,268,"C"
"BELIZE_IRIS","2","IRIS_BELIZE_2001",2002-10-01,402,"CA"
"BETA","2","BETA_2005",2002-10-01,291,"CA"
"CR_OTTO","2","OTTO_CR_2016",2002-10-01,304,"CA"
"CUBA_DENNIS","3","DENNIS_CUBA_2005",2002-10-01,78,"C"
"CUBA_GUSTAV","3","GUSTAV_CUBA_2008",2002-10-01,84,"C"
"CUBA_IAN","3","IAN_CUBA_2022",2002-10-01,90,"C"
"CUBA_MICHELLE","3","MICHELLE_CUBA_2001",2002-10-01,96,"C"
"CUBA_PALOMA","3","PALOMA_CUBA_2008",2002-10-01,139,"C"
"CUBA_SANDY","3","SANDY_CUBA_2012",2002-10-01,95,"C"
"DEAN_QROO_MX","5","DEAN_QROO_MX_2007",2002-10-01,119,"SG"
"FL_US_CHARLEY","1","CHARLEY_2004",2002-10-01,60,"FP"
"FL_US_FRANCES","1","FRANCES_US_FL_2004",2002-10-01,62,"FP"
"FL_US_IAN","1","IAN_US_FL_2022",2002-10-01,56,"FP"
"FL_US_IRMA","1","IRMA_US_FL_2017",2002-10-01,43,"FP"
"FL_US_JEANNE","1","JEANNE_US_FL_2004",2002-10-01,61,"FP"
"FL_US_MICHAEL","4","MICHAEL_US_FL_2018",2002-10-01,127,"SUS"
"FL_US_WILMA","1","WILMA_US_FL_2005",2002-10-01,42,"FP"
"LA_US_GUSTAV","4","GUSTAV_US_LA_2008",2002-10-01,280,"SUS"
"LA_US_IDA","4","IDA_US_LA_2009",2002-10-01,260,"SUS"
"LA_US_KATRINA","4","KATRINA_US_LA_2005",2002-10-01,209,"SUS"
"LA_US_LAURA","4","LAURA_US_LA_2020",2002-10-01,358,"SUS"
"LA_US_ZETA","4","ZETA_US_LA_2020",2002-10-01,254,"SUS"
"MX_ERNESTO","5","ERNESTO_MX_2012",2002-10-01,119,"SG"
"MX_GRACE","3","GRACE_MX_2021",2002-10-01,245,"C"
"MX_TAMPS_EMILY","6","EMILY_TAMPS_MX_2005",2002-10-01,184,"WG"
"NC_US_ISABEL","4","ISABEL_US_NC_2003",2002-10-01,119,"SUS"
"NIC_ETA","2","ETA_NIC_2020",2002-10-01,255,"CA"
"NIC_FELIX","2","FELIX_NIC_2007",2002-10-01,245,"CA"
"NIC_IOTA","2","IOTA_NIC_2020",2002-10-01,261,"CA"
"PR_USA_MARIA","3","MARIA_US_PR_2017",2002-10-01,184,"C"
"QROO_WILMA","3","WILMA_QROO_2005",2002-10-01,160,"C"
"TX_US_HARVEY","6","HARVEY_US_TX_2017",2002-10-01,210,"WG"
"TX_US_IKE","4","IKE_US_TX_2008",2002-10-01,286,"SUS"
"TX_US_RITA","4","RITA_US_TX_2005",2002-10-01,352,"SUS"
"US_FL_DELTA","4","DELTA_US_LA_2020",2002-10-01,377,"SUS"
"US_FL_DENNIS","4","DENNIS_US_FL_2005",2002-10-01,175,"SUS"
"VER_MX_KARL","5","KARL_MX_VER_2010",2002-10-01,138,"SG"
"YUC_DELTA","5","DELTA_YUCATAN_MX_2020",2002-10-01,165,"SG"
"YUC_MX_EMILY","5","EMILY_MX_YUC_2005",2002-10-01,162,"SG"
"YUC_MX_ISIDORE","5","ISIDORE_MX_YUC_2002",2002-10-01,131,"SG"
"AL_US_IVAN","4","IVAN_US_AL_2004",2002-11-01,116,"SUS"
"AL_US_SALLY","4","SALLY_US_AL_2020",2002-11-01,117,"SUS"
"ALEX","6","ALEX_2010",2002-11-01,53,"WG"
"BELICE_RICHARD","3","RICHARD_BELICE_2010",2002-11-01,95,"C"
"BELIZE_IRIS","2","IRIS_BELIZE_2001",2002-11-01,141,"CA"
"BETA","2","BETA_2005",2002-11-01,172,"CA"
"CR_OTTO","2","OTTO_CR_2016",2002-11-01,320.3676,"CA"
"CUBA_DENNIS","3","DENNIS_CUBA_2005",2002-11-01,79,"C"
"CUBA_GUSTAV","3","GUSTAV_CUBA_2008",2002-11-01,171,"C"
"CUBA_IAN","3","IAN_CUBA_2022",2002-11-01,156,"C"
"CUBA_MICHELLE","3","MICHELLE_CUBA_2001",2002-11-01,72,"C"
"CUBA_PALOMA","3","PALOMA_CUBA_2008",2002-11-01,94,"C"
"CUBA_SANDY","3","SANDY_CUBA_2012",2002-11-01,85,"C"
"DEAN_QROO_MX","5","DEAN_QROO_MX_2007",2002-11-01,36,"SG"
"FL_US_CHARLEY","1","CHARLEY_2004",2002-11-01,101,"FP"
"FL_US_FRANCES","1","FRANCES_US_FL_2004",2002-11-01,82,"FP"
"FL_US_IAN","1","IAN_US_FL_2022",2002-11-01,100,"FP"
"FL_US_IRMA","1","IRMA_US_FL_2017",2002-11-01,96,"FP"
"FL_US_JEANNE","1","JEANNE_US_FL_2004",2002-11-01,82,"FP"
"FL_US_MICHAEL","4","MICHAEL_US_FL_2018",2002-11-01,92,"SUS"
"FL_US_WILMA","1","WILMA_US_FL_2005",2002-11-01,86,"FP"
"LA_US_GUSTAV","4","GUSTAV_US_LA_2008",2002-11-01,102,"SUS"
"LA_US_IDA","4","IDA_US_LA_2009",2002-11-01,109,"SUS"
"LA_US_KATRINA","4","KATRINA_US_LA_2005",2002-11-01,133,"SUS"
"LA_US_LAURA","4","LAURA_US_LA_2020",2002-11-01,111,"SUS"
"LA_US_ZETA","4","ZETA_US_LA_2020",2002-11-01,114,"SUS"
"MX_ERNESTO","5","ERNESTO_MX_2012",2002-11-01,36,"SG"
"MX_GRACE","3","GRACE_MX_2021",2002-11-01,129,"C"
"MX_TAMPS_EMILY","6","EMILY_TAMPS_MX_2005",2002-11-01,54,"WG"
"NC_US_ISABEL","4","ISABEL_US_NC_2003",2002-11-01,118,"SUS"
"NIC_ETA","2","ETA_NIC_2020",2002-11-01,178,"CA"
"NIC_FELIX","2","FELIX_NIC_2007",2002-11-01,217,"CA"
"NIC_IOTA","2","IOTA_NIC_2020",2002-11-01,168,"CA"
"PR_USA_MARIA","3","MARIA_US_PR_2017",2002-11-01,106,"C"
"QROO_WILMA","3","WILMA_QROO_2005",2002-11-01,97,"C"
"TX_US_HARVEY","6","HARVEY_US_TX_2017",2002-11-01,102,"WG"
"TX_US_IKE","4","IKE_US_TX_2008",2002-11-01,125,"SUS"
"TX_US_RITA","4","RITA_US_TX_2005",2002-11-01,111,"SUS"
"US_FL_DELTA","4","DELTA_US_LA_2020",2002-11-01,122,"SUS"
"US_FL_DENNIS","4","DENNIS_US_FL_2005",2002-11-01,112,"SUS"
"VER_MX_KARL","5","KARL_MX_VER_2010",2002-11-01,70,"SG"
"YUC_DELTA","5","DELTA_YUCATAN_MX_2020",2002-11-01,78,"SG"
"YUC_MX_EMILY","5","EMILY_MX_YUC_2005",2002-11-01,33,"SG"
"YUC_MX_ISIDORE","5","ISIDORE_MX_YUC_2002",2002-11-01,8,"SG"
"AL_US_IVAN","4","IVAN_US_AL_2004",2002-12-01,199,"SUS"
"AL_US_SALLY","4","SALLY_US_AL_2020",2002-12-01,166,"SUS"
"ALEX","6","ALEX_2010",2002-12-01,4,"WG"
"BELICE_RICHARD","3","RICHARD_BELICE_2010",2002-12-01,136,"C"
"BELIZE_IRIS","2","IRIS_BELIZE_2001",2002-12-01,183,"CA"
"BETA","2","BETA_2005",2002-12-01,133,"CA"
"CR_OTTO","2","OTTO_CR_2016",2002-12-01,314.576,"CA"
"CUBA_DENNIS","3","DENNIS_CUBA_2005",2002-12-01,14,"C"
"CUBA_GUSTAV","3","GUSTAV_CUBA_2008",2002-12-01,52,"C"
"CUBA_IAN","3","IAN_CUBA_2022",2002-12-01,50,"C"
"CUBA_MICHELLE","3","MICHELLE_CUBA_2001",2002-12-01,19,"C"
"CUBA_PALOMA","3","PALOMA_CUBA_2008",2002-12-01,6,"C"
"CUBA_SANDY","3","SANDY_CUBA_2012",2002-12-01,14,"C"
"DEAN_QROO_MX","5","DEAN_QROO_MX_2007",2002-12-01,86,"SG"
"FL_US_CHARLEY","1","CHARLEY_2004",2002-12-01,130,"FP"
"FL_US_FRANCES","1","FRANCES_US_FL_2004",2002-12-01,115,"FP"
"FL_US_IAN","1","IAN_US_FL_2022",2002-12-01,117,"FP"
"FL_US_IRMA","1","IRMA_US_FL_2017",2002-12-01,79,"FP"
"FL_US_JEANNE","1","JEANNE_US_FL_2004",2002-12-01,112,"FP"
"FL_US_MICHAEL","4","MICHAEL_US_FL_2018",2002-12-01,142,"SUS"
"FL_US_WILMA","1","WILMA_US_FL_2005",2002-12-01,66,"FP"
"LA_US_GUSTAV","4","GUSTAV_US_LA_2008",2002-12-01,135,"SUS"
"LA_US_IDA","4","IDA_US_LA_2009",2002-12-01,141,"SUS"
"LA_US_KATRINA","4","KATRINA_US_LA_2005",2002-12-01,203,"SUS"
"LA_US_LAURA","4","LAURA_US_LA_2020",2002-12-01,194,"SUS"
"LA_US_ZETA","4","ZETA_US_LA_2020",2002-12-01,140,"SUS"
"MX_ERNESTO","5","ERNESTO_MX_2012",2002-12-01,82,"SG"
"MX_GRACE","3","GRACE_MX_2021",2002-12-01,63,"C"
"MX_TAMPS_EMILY","6","EMILY_TAMPS_MX_2005",2002-12-01,7,"WG"
"NC_US_ISABEL","4","ISABEL_US_NC_2003",2002-12-01,87,"SUS"
"NIC_ETA","2","ETA_NIC_2020",2002-12-01,141,"CA"
"NIC_FELIX","2","FELIX_NIC_2007",2002-12-01,157,"CA"
"NIC_IOTA","2","IOTA_NIC_2020",2002-12-01,136,"CA"
"PR_USA_MARIA","3","MARIA_US_PR_2017",2002-12-01,126,"C"
"QROO_WILMA","3","WILMA_QROO_2005",2002-12-01,118,"C"
"TX_US_HARVEY","6","HARVEY_US_TX_2017",2002-12-01,102,"WG"
"TX_US_IKE","4","IKE_US_TX_2008",2002-12-01,186,"SUS"
"TX_US_RITA","4","RITA_US_TX_2005",2002-12-01,193,"SUS"
"US_FL_DELTA","4","DELTA_US_LA_2020",2002-12-01,177,"SUS"
"US_FL_DENNIS","4","DENNIS_US_FL_2005",2002-12-01,186,"SUS"
"VER_MX_KARL","5","KARL_MX_VER_2010",2002-12-01,40,"SG"
"YUC_DELTA","5","DELTA_YUCATAN_MX_2020",2002-12-01,107,"SG"
"YUC_MX_EMILY","5","EMILY_MX_YUC_2005",2002-12-01,89,"SG"
"YUC_MX_ISIDORE","5","ISIDORE_MX_YUC_2002",2002-12-01,71,"SG"
"AL_US_IVAN","4","IVAN_US_AL_2004",2003-01-01,40,"SUS"
"AL_US_SALLY","4","SALLY_US_AL_2020",2003-01-01,39,"SUS"
"ALEX","6","ALEX_2010",2003-01-01,29,"WG"
"BELICE_RICHARD","3","RICHARD_BELICE_2010",2003-01-01,46,"C"
"BELIZE_IRIS","2","IRIS_BELIZE_2001",2003-01-01,110,"CA"
"BETA","2","BETA_2005",2003-01-01,67,"CA"
"CR_OTTO","2","OTTO_CR_2016",2003-01-01,47,"CA"
"CUBA_DENNIS","3","DENNIS_CUBA_2005",2003-01-01,13,"C"
"CUBA_GUSTAV","3","GUSTAV_CUBA_2008",2003-01-01,21,"C"
"CUBA_IAN","3","IAN_CUBA_2022",2003-01-01,21,"C"
"CUBA_MICHELLE","3","MICHELLE_CUBA_2001",2003-01-01,13,"C"
"CUBA_PALOMA","3","PALOMA_CUBA_2008",2003-01-01,15,"C"
"CUBA_SANDY","3","SANDY_CUBA_2012",2003-01-01,66,"C"
"DEAN_QROO_MX","5","DEAN_QROO_MX_2007",2003-01-01,14,"SG"
"FL_US_CHARLEY","1","CHARLEY_2004",2003-01-01,33,"FP"
"FL_US_FRANCES","1","FRANCES_US_FL_2004",2003-01-01,34,"FP"
"FL_US_IAN","1","IAN_US_FL_2022",2003-01-01,32,"FP"
"FL_US_IRMA","1","IRMA_US_FL_2017",2003-01-01,27,"FP"
"FL_US_JEANNE","1","JEANNE_US_FL_2004",2003-01-01,32,"FP"
"FL_US_MICHAEL","4","MICHAEL_US_FL_2018",2003-01-01,33,"SUS"
"FL_US_WILMA","1","WILMA_US_FL_2005",2003-01-01,19,"FP"
"LA_US_GUSTAV","4","GUSTAV_US_LA_2008",2003-01-01,11,"SUS"
"LA_US_IDA","4","IDA_US_LA_2009",2003-01-01,12,"SUS"
"LA_US_KATRINA","4","KATRINA_US_LA_2005",2003-01-01,21,"SUS"
"LA_US_LAURA","4","LAURA_US_LA_2020",2003-01-01,34,"SUS"
"LA_US_ZETA","4","ZETA_US_LA_2020",2003-01-01,10,"SUS"
"MX_ERNESTO","5","ERNESTO_MX_2012",2003-01-01,14,"SG"
"MX_GRACE","3","GRACE_MX_2021",2003-01-01,41,"C"
"MX_TAMPS_EMILY","6","EMILY_TAMPS_MX_2005",2003-01-01,25,"WG"
"NC_US_ISABEL","4","ISABEL_US_NC_2003",2003-01-01,69,"SUS"
"NIC_ETA","2","ETA_NIC_2020",2003-01-01,91,"CA"
"NIC_FELIX","2","FELIX_NIC_2007",2003-01-01,123,"CA"
"NIC_IOTA","2","IOTA_NIC_2020",2003-01-01,82,"CA"
"PR_USA_MARIA","3","MARIA_US_PR_2017",2003-01-01,153,"C"
"QROO_WILMA","3","WILMA_QROO_2005",2003-01-01,15,"C"
"TX_US_HARVEY","6","HARVEY_US_TX_2017",2003-01-01,50,"WG"
"TX_US_IKE","4","IKE_US_TX_2008",2003-01-01,48,"SUS"
"TX_US_RITA","4","RITA_US_TX_2005",2003-01-01,37,"SUS"
"US_FL_DELTA","4","DELTA_US_LA_2020",2003-01-01,30,"SUS"
"US_FL_DENNIS","4","DENNIS_US_FL_2005",2003-01-01,41,"SUS"
"VER_MX_KARL","5","KARL_MX_VER_2010",2003-01-01,19,"SG"
"YUC_DELTA","5","DELTA_YUCATAN_MX_2020",2003-01-01,12,"SG"
"YUC_MX_EMILY","5","EMILY_MX_YUC_2005",2003-01-01,9,"SG"
"YUC_MX_ISIDORE","5","ISIDORE_MX_YUC_2002",2003-01-01,4,"SG"
"AL_US_IVAN","4","IVAN_US_AL_2004",2003-02-01,182,"SUS"
"AL_US_SALLY","4","SALLY_US_AL_2020",2003-02-01,167,"SUS"
"ALEX","6","ALEX_2010",2003-02-01,10,"WG"
"BELICE_RICHARD","3","RICHARD_BELICE_2010",2003-02-01,24,"C"
"BELIZE_IRIS","2","IRIS_BELIZE_2001",2003-02-01,49,"CA"
"BETA","2","BETA_2005",2003-02-01,56,"CA"
"CR_OTTO","2","OTTO_CR_2016",2003-02-01,111,"CA"
"CUBA_DENNIS","3","DENNIS_CUBA_2005",2003-02-01,15,"C"
"CUBA_GUSTAV","3","GUSTAV_CUBA_2008",2003-02-01,24,"C"
"CUBA_IAN","3","IAN_CUBA_2022",2003-02-01,23,"C"
"CUBA_MICHELLE","3","MICHELLE_CUBA_2001",2003-02-01,19,"C"
"CUBA_PALOMA","3","PALOMA_CUBA_2008",2003-02-01,19,"C"
"CUBA_SANDY","3","SANDY_CUBA_2012",2003-02-01,8,"C"
"DEAN_QROO_MX","5","DEAN_QROO_MX_2007",2003-02-01,10,"SG"
"FL_US_CHARLEY","1","CHARLEY_2004",2003-02-01,49,"FP"
"FL_US_FRANCES","1","FRANCES_US_FL_2004",2003-02-01,36,"FP"
"FL_US_IAN","1","IAN_US_FL_2022",2003-02-01,43,"FP"
"FL_US_IRMA","1","IRMA_US_FL_2017",2003-02-01,29,"FP"
"FL_US_JEANNE","1","JEANNE_US_FL_2004",2003-02-01,35,"FP"
"FL_US_MICHAEL","4","MICHAEL_US_FL_2018",2003-02-01,164,"SUS"
"FL_US_WILMA","1","WILMA_US_FL_2005",2003-02-01,30,"FP"
"LA_US_GUSTAV","4","GUSTAV_US_LA_2008",2003-02-01,126,"SUS"
"LA_US_IDA","4","IDA_US_LA_2009",2003-02-01,133,"SUS"
"LA_US_KATRINA","4","KATRINA_US_LA_2005",2003-02-01,217,"SUS"
"LA_US_LAURA","4","LAURA_US_LA_2020",2003-02-01,150,"SUS"
"LA_US_ZETA","4","ZETA_US_LA_2020",2003-02-01,144,"SUS"
"MX_ERNESTO","5","ERNESTO_MX_2012",2003-02-01,9,"SG"
"MX_GRACE","3","GRACE_MX_2021",2003-02-01,11,"C"
"MX_TAMPS_EMILY","6","EMILY_TAMPS_MX_2005",2003-02-01,10,"WG"
"NC_US_ISABEL","4","ISABEL_US_NC_2003",2003-02-01,135,"SUS"
"NIC_ETA","2","ETA_NIC_2020",2003-02-01,51,"CA"
"NIC_FELIX","2","FELIX_NIC_2007",2003-02-01,51,"CA"
"NIC_IOTA","2","IOTA_NIC_2020",2003-02-01,49,"CA"
"PR_USA_MARIA","3","MARIA_US_PR_2017",2003-02-01,80,"C"
"QROO_WILMA","3","WILMA_QROO_2005",2003-02-01,12,"C"
"TX_US_HARVEY","6","HARVEY_US_TX_2017",2003-02-01,77,"WG"
"TX_US_IKE","4","IKE_US_TX_2008",2003-02-01,105,"SUS"
"TX_US_RITA","4","RITA_US_TX_2005",2003-02-01,131,"SUS"
"US_FL_DELTA","4","DELTA_US_LA_2020",2003-02-01,168,"SUS"
"US_FL_DENNIS","4","DENNIS_US_FL_2005",2003-02-01,169,"SUS"
"VER_MX_KARL","5","KARL_MX_VER_2010",2003-02-01,4,"SG"
"YUC_DELTA","5","DELTA_YUCATAN_MX_2020",2003-02-01,10,"SG"
"YUC_MX_EMILY","5","EMILY_MX_YUC_2005",2003-02-01,9,"SG"
"YUC_MX_ISIDORE","5","ISIDORE_MX_YUC_2002",2003-02-01,2,"SG"
"AL_US_IVAN","4","IVAN_US_AL_2004",2003-03-01,136,"SUS"
"AL_US_SALLY","4","SALLY_US_AL_2020",2003-03-01,142,"SUS"
"ALEX","6","ALEX_2010",2003-03-01,28,"WG"
"BELICE_RICHARD","3","RICHARD_BELICE_2010",2003-03-01,32,"C"
"BELIZE_IRIS","2","IRIS_BELIZE_2001",2003-03-01,77,"CA"
"BETA","2","BETA_2005",2003-03-01,77,"CA"
"CR_OTTO","2","OTTO_CR_2016",2003-03-01,147,"CA"
"CUBA_DENNIS","3","DENNIS_CUBA_2005",2003-03-01,88,"C"
"CUBA_GUSTAV","3","GUSTAV_CUBA_2008",2003-03-01,139,"C"
"CUBA_IAN","3","IAN_CUBA_2022",2003-03-01,132,"C"
"CUBA_MICHELLE","3","MICHELLE_CUBA_2001",2003-03-01,86,"C"
"CUBA_PALOMA","3","PALOMA_CUBA_2008",2003-03-01,54,"C"
"CUBA_SANDY","3","SANDY_CUBA_2012",2003-03-01,65,"C"
"DEAN_QROO_MX","5","DEAN_QROO_MX_2007",2003-03-01,28,"SG"
"FL_US_CHARLEY","1","CHARLEY_2004",2003-03-01,90,"FP"
"FL_US_FRANCES","1","FRANCES_US_FL_2004",2003-03-01,98,"FP"
"FL_US_IAN","1","IAN_US_FL_2022",2003-03-01,88,"FP"
"FL_US_IRMA","1","IRMA_US_FL_2017",2003-03-01,90,"FP"
"FL_US_JEANNE","1","JEANNE_US_FL_2004",2003-03-01,97,"FP"
"FL_US_MICHAEL","4","MICHAEL_US_FL_2018",2003-03-01,182,"SUS"
"FL_US_WILMA","1","WILMA_US_FL_2005",2003-03-01,85,"FP"
"LA_US_GUSTAV","4","GUSTAV_US_LA_2008",2003-03-01,70,"SUS"
"LA_US_IDA","4","IDA_US_LA_2009",2003-03-01,94,"SUS"
"LA_US_KATRINA","4","KATRINA_US_LA_2005",2003-03-01,110,"SUS"
"LA_US_LAURA","4","LAURA_US_LA_2020",2003-03-01,59,"SUS"
"LA_US_ZETA","4","ZETA_US_LA_2020",2003-03-01,93,"SUS"
"MX_ERNESTO","5","ERNESTO_MX_2012",2003-03-01,22,"SG"
"MX_GRACE","3","GRACE_MX_2021",2003-03-01,67,"C"
"MX_TAMPS_EMILY","6","EMILY_TAMPS_MX_2005",2003-03-01,27,"WG"
"NC_US_ISABEL","4","ISABEL_US_NC_2003",2003-03-01,117,"SUS"
"NIC_ETA","2","ETA_NIC_2020",2003-03-01,67,"CA"
"NIC_FELIX","2","FELIX_NIC_2007",2003-03-01,55,"CA"
"NIC_IOTA","2","IOTA_NIC_2020",2003-03-01,69,"CA"
"PR_USA_MARIA","3","MARIA_US_PR_2017",2003-03-01,57,"C"
"QROO_WILMA","3","WILMA_QROO_2005",2003-03-01,100,"C"
"TX_US_HARVEY","6","HARVEY_US_TX_2017",2003-03-01,31,"WG"
"TX_US_IKE","4","IKE_US_TX_2008",2003-03-01,39,"SUS"
"TX_US_RITA","4","RITA_US_TX_2005",2003-03-01,53,"SUS"
"US_FL_DELTA","4","DELTA_US_LA_2020",2003-03-01,62,"SUS"
"US_FL_DENNIS","4","DENNIS_US_FL_2005",2003-03-01,141,"SUS"
"VER_MX_KARL","5","KARL_MX_VER_2010",2003-03-01,20,"SG"
"YUC_DELTA","5","DELTA_YUCATAN_MX_2020",2003-03-01,102,"SG"
"YUC_MX_EMILY","5","EMILY_MX_YUC_2005",2003-03-01,99,"SG"
"YUC_MX_ISIDORE","5","ISIDORE_MX_YUC_2002",2003-03-01,62,"SG"
"AL_US_IVAN","4","IVAN_US_AL_2004",2003-04-01,108,"SUS"
"AL_US_SALLY","4","SALLY_US_AL_2020",2003-04-01,107,"SUS"
"ALEX","6","ALEX_2010",2003-04-01,13,"WG"
"BELICE_RICHARD","3","RICHARD_BELICE_2010",2003-04-01,26,"C"
"BELIZE_IRIS","2","IRIS_BELIZE_2001",2003-04-01,49,"CA"
"BETA","2","BETA_2005",2003-04-01,83,"CA"
"CR_OTTO","2","OTTO_CR_2016",2003-04-01,161,"CA"
"CUBA_DENNIS","3","DENNIS_CUBA_2005",2003-04-01,136,"C"
"CUBA_GUSTAV","3","GUSTAV_CUBA_2008",2003-04-01,131,"C"
"CUBA_IAN","3","IAN_CUBA_2022",2003-04-01,119,"C"
"CUBA_MICHELLE","3","MICHELLE_CUBA_2001",2003-04-01,149,"C"
"CUBA_PALOMA","3","PALOMA_CUBA_2008",2003-04-01,189,"C"
"CUBA_SANDY","3","SANDY_CUBA_2012",2003-04-01,285,"C"
"DEAN_QROO_MX","5","DEAN_QROO_MX_2007",2003-04-01,20,"SG"
"FL_US_CHARLEY","1","CHARLEY_2004",2003-04-01,67,"FP"
"FL_US_FRANCES","1","FRANCES_US_FL_2004",2003-04-01,58,"FP"
"FL_US_IAN","1","IAN_US_FL_2022",2003-04-01,66,"FP"
"FL_US_IRMA","1","IRMA_US_FL_2017",2003-04-01,74,"FP"
"FL_US_JEANNE","1","JEANNE_US_FL_2004",2003-04-01,58,"FP"
"FL_US_MICHAEL","4","MICHAEL_US_FL_2018",2003-04-01,106,"SUS"
"FL_US_WILMA","1","WILMA_US_FL_2005",2003-04-01,83,"FP"
"LA_US_GUSTAV","4","GUSTAV_US_LA_2008",2003-04-01,112,"SUS"
"LA_US_IDA","4","IDA_US_LA_2009",2003-04-01,120,"SUS"
"LA_US_KATRINA","4","KATRINA_US_LA_2005",2003-04-01,115,"SUS"
"LA_US_LAURA","4","LAURA_US_LA_2020",2003-04-01,35,"SUS"
"LA_US_ZETA","4","ZETA_US_LA_2020",2003-04-01,119,"SUS"
"MX_ERNESTO","5","ERNESTO_MX_2012",2003-04-01,19,"SG"
"MX_GRACE","3","GRACE_MX_2021",2003-04-01,29,"C"
"MX_TAMPS_EMILY","6","EMILY_TAMPS_MX_2005",2003-04-01,14,"WG"
"NC_US_ISABEL","4","ISABEL_US_NC_2003",2003-04-01,156,"SUS"
"NIC_ETA","2","ETA_NIC_2020",2003-04-01,69,"CA"
"NIC_FELIX","2","FELIX_NIC_2007",2003-04-01,53,"CA"
"NIC_IOTA","2","IOTA_NIC_2020",2003-04-01,74,"CA"
"PR_USA_MARIA","3","MARIA_US_PR_2017",2003-04-01,382.6667,"C"
"QROO_WILMA","3","WILMA_QROO_2005",2003-04-01,50,"C"
"TX_US_HARVEY","6","HARVEY_US_TX_2017",2003-04-01,7,"WG"
"TX_US_IKE","4","IKE_US_TX_2008",2003-04-01,23,"SUS"
"TX_US_RITA","4","RITA_US_TX_2005",2003-04-01,32,"SUS"
"US_FL_DELTA","4","DELTA_US_LA_2020",2003-04-01,48,"SUS"
"US_FL_DENNIS","4","DENNIS_US_FL_2005",2003-04-01,120,"SUS"
"VER_MX_KARL","5","KARL_MX_VER_2010",2003-04-01,9,"SG"
"YUC_DELTA","5","DELTA_YUCATAN_MX_2020",2003-04-01,51,"SG"
"YUC_MX_EMILY","5","EMILY_MX_YUC_2005",2003-04-01,50,"SG"
"YUC_MX_ISIDORE","5","ISIDORE_MX_YUC_2002",2003-04-01,39,"SG"
"AL_US_IVAN","4","IVAN_US_AL_2004",2003-05-01,158,"SUS"
"AL_US_SALLY","4","SALLY_US_AL_2020",2003-05-01,154,"SUS"
"ALEX","6","ALEX_2010",2003-05-01,40,"WG"
"BELICE_RICHARD","3","RICHARD_BELICE_2010",2003-05-01,113,"C"
"BELIZE_IRIS","2","IRIS_BELIZE_2001",2003-05-01,197,"CA"
"BETA","2","BETA_2005",2003-05-01,189,"CA"
"CR_OTTO","2","OTTO_CR_2016",2003-05-01,302,"CA"
"CUBA_DENNIS","3","DENNIS_CUBA_2005",2003-05-01,331,"C"
"CUBA_GUSTAV","3","GUSTAV_CUBA_2008",2003-05-01,307,"C"
"CUBA_IAN","3","IAN_CUBA_2022",2003-05-01,290,"C"
"CUBA_MICHELLE","3","MICHELLE_CUBA_2001",2003-05-01,311,"C"
"CUBA_PALOMA","3","PALOMA_CUBA_2008",2003-05-01,190,"C"
"CUBA_SANDY","3","SANDY_CUBA_2012",2003-05-01,210,"C"
"DEAN_QROO_MX","5","DEAN_QROO_MX_2007",2003-05-01,115,"SG"
"FL_US_CHARLEY","1","CHARLEY_2004",2003-05-01,92,"FP"
"FL_US_FRANCES","1","FRANCES_US_FL_2004",2003-05-01,128,"FP"
"FL_US_IAN","1","IAN_US_FL_2022",2003-05-01,96,"FP"
"FL_US_IRMA","1","IRMA_US_FL_2017",2003-05-01,119,"FP"
"FL_US_JEANNE","1","JEANNE_US_FL_2004",2003-05-01,133,"FP"
"FL_US_MICHAEL","4","MICHAEL_US_FL_2018",2003-05-01,112,"SUS"
"FL_US_WILMA","1","WILMA_US_FL_2005",2003-05-01,162,"FP"
"LA_US_GUSTAV","4","GUSTAV_US_LA_2008",2003-05-01,30,"SUS"
"LA_US_IDA","4","IDA_US_LA_2009",2003-05-01,45,"SUS"
"LA_US_KATRINA","4","KATRINA_US_LA_2005",2003-05-01,87,"SUS"
"LA_US_LAURA","4","LAURA_US_LA_2020",2003-05-01,10,"SUS"
"LA_US_ZETA","4","ZETA_US_LA_2020",2003-05-01,57,"SUS"
"MX_ERNESTO","5","ERNESTO_MX_2012",2003-05-01,116,"SG"
"MX_GRACE","3","GRACE_MX_2021",2003-05-01,59,"C"
"MX_TAMPS_EMILY","6","EMILY_TAMPS_MX_2005",2003-05-01,28,"WG"
"NC_US_ISABEL","4","ISABEL_US_NC_2003",2003-05-01,210,"SUS"
"NIC_ETA","2","ETA_NIC_2020",2003-05-01,134,"CA"
"NIC_FELIX","2","FELIX_NIC_2007",2003-05-01,87,"CA"
"NIC_IOTA","2","IOTA_NIC_2020",2003-05-01,152,"CA"
"PR_USA_MARIA","3","MARIA_US_PR_2017",2003-05-01,73,"C"
"QROO_WILMA","3","WILMA_QROO_2005",2003-05-01,98,"C"
"TX_US_HARVEY","6","HARVEY_US_TX_2017",2003-05-01,5,"WG"
"TX_US_IKE","4","IKE_US_TX_2008",2003-05-01,14,"SUS"
"TX_US_RITA","4","RITA_US_TX_2005",2003-05-01,8,"SUS"
"US_FL_DELTA","4","DELTA_US_LA_2020",2003-05-01,10,"SUS"
"US_FL_DENNIS","4","DENNIS_US_FL_2005",2003-05-01,167,"SUS"
"VER_MX_KARL","5","KARL_MX_VER_2010",2003-05-01,41,"SG"
"YUC_DELTA","5","DELTA_YUCATAN_MX_2020",2003-05-01,99,"SG"
"YUC_MX_EMILY","5","EMILY_MX_YUC_2005",2003-05-01,110,"SG"
"YUC_MX_ISIDORE","5","ISIDORE_MX_YUC_2002",2003-05-01,68,"SG"
"AL_US_IVAN","4","IVAN_US_AL_2004",2003-06-01,257,"SUS"
"AL_US_SALLY","4","SALLY_US_AL_2020",2003-06-01,291,"SUS"
"ALEX","6","ALEX_2010",2003-06-01,86,"WG"
"BELICE_RICHARD","3","RICHARD_BELICE_2010",2003-06-01,196,"C"
"BELIZE_IRIS","2","IRIS_BELIZE_2001",2003-06-01,314,"CA"
"BETA","2","BETA_2005",2003-06-01,382,"CA"
"CR_OTTO","2","OTTO_CR_2016",2003-06-01,408,"CA"
"CUBA_DENNIS","3","DENNIS_CUBA_2005",2003-06-01,220,"C"
"CUBA_GUSTAV","3","GUSTAV_CUBA_2008",2003-06-01,266,"C"
"CUBA_IAN","3","IAN_CUBA_2022",2003-06-01,260,"C"
"CUBA_MICHELLE","3","MICHELLE_CUBA_2001",2003-06-01,277,"C"
"CUBA_PALOMA","3","PALOMA_CUBA_2008",2003-06-01,191,"C"
"CUBA_SANDY","3","SANDY_CUBA_2012",2003-06-01,139,"C"
"DEAN_QROO_MX","5","DEAN_QROO_MX_2007",2003-06-01,182,"SG"
"FL_US_CHARLEY","1","CHARLEY_2004",2003-06-01,369,"FP"
"FL_US_FRANCES","1","FRANCES_US_FL_2004",2003-06-01,257,"FP"
"FL_US_IAN","1","IAN_US_FL_2022",2003-06-01,361,"FP"
"FL_US_IRMA","1","IRMA_US_FL_2017",2003-06-01,346,"FP"
"FL_US_JEANNE","1","JEANNE_US_FL_2004",2003-06-01,248,"FP"
"FL_US_MICHAEL","4","MICHAEL_US_FL_2018",2003-06-01,316,"SUS"
"FL_US_WILMA","1","WILMA_US_FL_2005",2003-06-01,317,"FP"
"LA_US_GUSTAV","4","GUSTAV_US_LA_2008",2003-06-01,344,"SUS"
"LA_US_IDA","4","IDA_US_LA_2009",2003-06-01,343,"SUS"
"LA_US_KATRINA","4","KATRINA_US_LA_2005",2003-06-01,270,"SUS"
"LA_US_LAURA","4","LAURA_US_LA_2020",2003-06-01,227,"SUS"
"LA_US_ZETA","4","ZETA_US_LA_2020",2003-06-01,339,"SUS"
"MX_ERNESTO","5","ERNESTO_MX_2012",2003-06-01,180,"SG"
"MX_GRACE","3","GRACE_MX_2021",2003-06-01,142.7977,"C"
"MX_TAMPS_EMILY","6","EMILY_TAMPS_MX_2005",2003-06-01,94,"WG"
"NC_US_ISABEL","4","ISABEL_US_NC_2003",2003-06-01,108,"SUS"
"NIC_ETA","2","ETA_NIC_2020",2003-06-01,360,"CA"
"NIC_FELIX","2","FELIX_NIC_2007",2003-06-01,330,"CA"
"NIC_IOTA","2","IOTA_NIC_2020",2003-06-01,360,"CA"
"PR_USA_MARIA","3","MARIA_US_PR_2017",2003-06-01,120,"C"
"QROO_WILMA","3","WILMA_QROO_2005",2003-06-01,234,"C"
"TX_US_HARVEY","6","HARVEY_US_TX_2017",2003-06-01,83,"WG"
"TX_US_IKE","4","IKE_US_TX_2008",2003-06-01,189,"SUS"
"TX_US_RITA","4","RITA_US_TX_2005",2003-06-01,237,"SUS"
"US_FL_DELTA","4","DELTA_US_LA_2020",2003-06-01,242,"SUS"
"US_FL_DENNIS","4","DENNIS_US_FL_2005",2003-06-01,271,"SUS"
"VER_MX_KARL","5","KARL_MX_VER_2010",2003-06-01,206,"SG"
"YUC_DELTA","5","DELTA_YUCATAN_MX_2020",2003-06-01,242,"SG"
"YUC_MX_EMILY","5","EMILY_MX_YUC_2005",2003-06-01,249,"SG"
"YUC_MX_ISIDORE","5","ISIDORE_MX_YUC_2002",2003-06-01,256,"SG"
"AL_US_IVAN","4","IVAN_US_AL_2004",2003-07-01,304,"SUS"
"AL_US_SALLY","4","SALLY_US_AL_2020",2003-07-01,325,"SUS"
"ALEX","6","ALEX_2010",2003-07-01,70,"WG"
"BELICE_RICHARD","3","RICHARD_BELICE_2010",2003-07-01,236,"C"
"BELIZE_IRIS","2","IRIS_BELIZE_2001",2003-07-01,519,"CA"
"BETA","2","BETA_2005",2003-07-01,359,"CA"
"CR_OTTO","2","OTTO_CR_2016",2003-07-01,318,"CA"
"CUBA_DENNIS","3","DENNIS_CUBA_2005",2003-07-01,162,"C"
"CUBA_GUSTAV","3","GUSTAV_CUBA_2008",2003-07-01,172,"C"
"CUBA_IAN","3","IAN_CUBA_2022",2003-07-01,176,"C"
"CUBA_MICHELLE","3","MICHELLE_CUBA_2001",2003-07-01,155,"C"
"CUBA_PALOMA","3","PALOMA_CUBA_2008",2003-07-01,82,"C"
"CUBA_SANDY","3","SANDY_CUBA_2012",2003-07-01,63,"C"
"DEAN_QROO_MX","5","DEAN_QROO_MX_2007",2003-07-01,104,"SG"
"FL_US_CHARLEY","1","CHARLEY_2004",2003-07-01,134,"FP"
"FL_US_FRANCES","1","FRANCES_US_FL_2004",2003-07-01,135,"FP"
"FL_US_IAN","1","IAN_US_FL_2022",2003-07-01,133,"FP"
"FL_US_IRMA","1","IRMA_US_FL_2017",2003-07-01,139,"FP"
"FL_US_JEANNE","1","JEANNE_US_FL_2004",2003-07-01,135,"FP"
"FL_US_MICHAEL","4","MICHAEL_US_FL_2018",2003-07-01,237,"SUS"
"FL_US_WILMA","1","WILMA_US_FL_2005",2003-07-01,143,"FP"
"LA_US_GUSTAV","4","GUSTAV_US_LA_2008",2003-07-01,247,"SUS"
"LA_US_IDA","4","IDA_US_LA_2009",2003-07-01,253,"SUS"
"LA_US_KATRINA","4","KATRINA_US_LA_2005",2003-07-01,285,"SUS"
"LA_US_LAURA","4","LAURA_US_LA_2020",2003-07-01,150,"SUS"
"LA_US_ZETA","4","ZETA_US_LA_2020",2003-07-01,257,"SUS"
"MX_ERNESTO","5","ERNESTO_MX_2012",2003-07-01,103,"SG"
"MX_GRACE","3","GRACE_MX_2021",2003-07-01,158.3333,"C"
"MX_TAMPS_EMILY","6","EMILY_TAMPS_MX_2005",2003-07-01,80,"WG"
"NC_US_ISABEL","4","ISABEL_US_NC_2003",2003-07-01,195,"SUS"
"NIC_ETA","2","ETA_NIC_2020",2003-07-01,394,"CA"
"NIC_FELIX","2","FELIX_NIC_2007",2003-07-01,420,"CA"
"NIC_IOTA","2","IOTA_NIC_2020",2003-07-01,379,"CA"
"PR_USA_MARIA","3","MARIA_US_PR_2017",2003-07-01,168,"C"
"QROO_WILMA","3","WILMA_QROO_2005",2003-07-01,117,"C"
"TX_US_HARVEY","6","HARVEY_US_TX_2017",2003-07-01,180,"WG"
"TX_US_IKE","4","IKE_US_TX_2008",2003-07-01,147,"SUS"
"TX_US_RITA","4","RITA_US_TX_2005",2003-07-01,142,"SUS"
"US_FL_DELTA","4","DELTA_US_LA_2020",2003-07-01,157,"SUS"
"US_FL_DENNIS","4","DENNIS_US_FL_2005",2003-07-01,298,"SUS"
"VER_MX_KARL","5","KARL_MX_VER_2010",2003-07-01,208,"SG"
"YUC_DELTA","5","DELTA_YUCATAN_MX_2020",2003-07-01,128,"SG"
"YUC_MX_EMILY","5","EMILY_MX_YUC_2005",2003-07-01,117,"SG"
"YUC_MX_ISIDORE","5","ISIDORE_MX_YUC_2002",2003-07-01,152,"SG"
"AL_US_IVAN","4","IVAN_US_AL_2004",2003-08-01,214,"SUS"
"AL_US_SALLY","4","SALLY_US_AL_2020",2003-08-01,235,"SUS"
"ALEX","6","ALEX_2010",2003-08-01,107,"WG"
"BELICE_RICHARD","3","RICHARD_BELICE_2010",2003-08-01,114,"C"
"BELIZE_IRIS","2","IRIS_BELIZE_2001",2003-08-01,317,"CA"
"BETA","2","BETA_2005",2003-08-01,321,"CA"
"CR_OTTO","2","OTTO_CR_2016",2003-08-01,339,"CA"
"CUBA_DENNIS","3","DENNIS_CUBA_2005",2003-08-01,210,"C"
"CUBA_GUSTAV","3","GUSTAV_CUBA_2008",2003-08-01,195,"C"
"CUBA_IAN","3","IAN_CUBA_2022",2003-08-01,207,"C"
"CUBA_MICHELLE","3","MICHELLE_CUBA_2001",2003-08-01,208,"C"
"CUBA_PALOMA","3","PALOMA_CUBA_2008",2003-08-01,156,"C"
"CUBA_SANDY","3","SANDY_CUBA_2012",2003-08-01,113,"C"
"DEAN_QROO_MX","5","DEAN_QROO_MX_2007",2003-08-01,121,"SG"
"FL_US_CHARLEY","1","CHARLEY_2004",2003-08-01,300,"FP"
"FL_US_FRANCES","1","FRANCES_US_FL_2004",2003-08-01,247,"FP"
"FL_US_IAN","1","IAN_US_FL_2022",2003-08-01,292,"FP"
"FL_US_IRMA","1","IRMA_US_FL_2017",2003-08-01,318,"FP"
"FL_US_JEANNE","1","JEANNE_US_FL_2004",2003-08-01,245,"FP"
"FL_US_MICHAEL","4","MICHAEL_US_FL_2018",2003-08-01,254,"SUS"
"FL_US_WILMA","1","WILMA_US_FL_2005",2003-08-01,277,"FP"
"LA_US_GUSTAV","4","GUSTAV_US_LA_2008",2003-08-01,168,"SUS"
"LA_US_IDA","4","IDA_US_LA_2009",2003-08-01,169,"SUS"
"LA_US_KATRINA","4","KATRINA_US_LA_2005",2003-08-01,148,"SUS"
"LA_US_LAURA","4","LAURA_US_LA_2020",2003-08-01,119,"SUS"
"LA_US_ZETA","4","ZETA_US_LA_2020",2003-08-01,176,"SUS"
"MX_ERNESTO","5","ERNESTO_MX_2012",2003-08-01,117,"SG"
"MX_GRACE","3","GRACE_MX_2021",2003-08-01,176.2235,"C"
"MX_TAMPS_EMILY","6","EMILY_TAMPS_MX_2005",2003-08-01,109,"WG"
"NC_US_ISABEL","4","ISABEL_US_NC_2003",2003-08-01,156,"SUS"
"NIC_ETA","2","ETA_NIC_2020",2003-08-01,308,"CA"
"NIC_FELIX","2","FELIX_NIC_2007",2003-08-01,307,"CA"
"NIC_IOTA","2","IOTA_NIC_2020",2003-08-01,304,"CA"
"PR_USA_MARIA","3","MARIA_US_PR_2017",2003-08-01,232,"C"
"QROO_WILMA","3","WILMA_QROO_2005",2003-08-01,167,"C"
"TX_US_HARVEY","6","HARVEY_US_TX_2017",2003-08-01,52,"WG"
"TX_US_IKE","4","IKE_US_TX_2008",2003-08-01,109,"SUS"
"TX_US_RITA","4","RITA_US_TX_2005",2003-08-01,120,"SUS"
"US_FL_DELTA","4","DELTA_US_LA_2020",2003-08-01,110,"SUS"
"US_FL_DENNIS","4","DENNIS_US_FL_2005",2003-08-01,236,"SUS"
"VER_MX_KARL","5","KARL_MX_VER_2010",2003-08-01,176,"SG"
"YUC_DELTA","5","DELTA_YUCATAN_MX_2020",2003-08-01,173,"SG"
"YUC_MX_EMILY","5","EMILY_MX_YUC_2005",2003-08-01,178,"SG"
"YUC_MX_ISIDORE","5","ISIDORE_MX_YUC_2002",2003-08-01,194,"SG"
"AL_US_IVAN","4","IVAN_US_AL_2004",2003-09-01,93,"SUS"
"AL_US_SALLY","4","SALLY_US_AL_2020",2003-09-01,105,"SUS"
"ALEX","6","ALEX_2010",2003-09-01,250,"WG"
"BELICE_RICHARD","3","RICHARD_BELICE_2010",2003-09-01,142,"C"
"BELIZE_IRIS","2","IRIS_BELIZE_2001",2003-09-01,289,"CA"
"BETA","2","BETA_2005",2003-09-01,231,"CA"
"CR_OTTO","2","OTTO_CR_2016",2003-09-01,298,"CA"
"CUBA_DENNIS","3","DENNIS_CUBA_2005",2003-09-01,245,"C"
"CUBA_GUSTAV","3","GUSTAV_CUBA_2008",2003-09-01,254,"C"
"CUBA_IAN","3","IAN_CUBA_2022",2003-09-01,262,"C"
"CUBA_MICHELLE","3","MICHELLE_CUBA_2001",2003-09-01,256,"C"
"CUBA_PALOMA","3","PALOMA_CUBA_2008",2003-09-01,188,"C"
"CUBA_SANDY","3","SANDY_CUBA_2012",2003-09-01,88,"C"
"DEAN_QROO_MX","5","DEAN_QROO_MX_2007",2003-09-01,96,"SG"
"FL_US_CHARLEY","1","CHARLEY_2004",2003-09-01,218,"FP"
"FL_US_FRANCES","1","FRANCES_US_FL_2004",2003-09-01,189,"FP"
"FL_US_IAN","1","IAN_US_FL_2022",2003-09-01,220,"FP"
"FL_US_IRMA","1","IRMA_US_FL_2017",2003-09-01,273,"FP"
"FL_US_JEANNE","1","JEANNE_US_FL_2004",2003-09-01,190,"FP"
"FL_US_MICHAEL","4","MICHAEL_US_FL_2018",2003-09-01,125,"SUS"
"FL_US_WILMA","1","WILMA_US_FL_2005",2003-09-01,257,"FP"
"LA_US_GUSTAV","4","GUSTAV_US_LA_2008",2003-09-01,129,"SUS"
"LA_US_IDA","4","IDA_US_LA_2009",2003-09-01,103,"SUS"
"LA_US_KATRINA","4","KATRINA_US_LA_2005",2003-09-01,110,"SUS"
"LA_US_LAURA","4","LAURA_US_LA_2020",2003-09-01,148,"SUS"
"LA_US_ZETA","4","ZETA_US_LA_2020",2003-09-01,107,"SUS"
"MX_ERNESTO","5","ERNESTO_MX_2012",2003-09-01,99,"SG"
"MX_GRACE","3","GRACE_MX_2021",2003-09-01,314.6611,"C"
"MX_TAMPS_EMILY","6","EMILY_TAMPS_MX_2005",2003-09-01,297,"WG"
"NC_US_ISABEL","4","ISABEL_US_NC_2003",2003-09-01,210,"SUS"
"NIC_ETA","2","ETA_NIC_2020",2003-09-01,240,"CA"
"NIC_FELIX","2","FELIX_NIC_2007",2003-09-01,234,"CA"
"NIC_IOTA","2","IOTA_NIC_2020",2003-09-01,228,"CA"
"PR_USA_MARIA","3","MARIA_US_PR_2017",2003-09-01,162,"C"
"QROO_WILMA","3","WILMA_QROO_2005",2003-09-01,160,"C"
"TX_US_HARVEY","6","HARVEY_US_TX_2017",2003-09-01,282,"WG"
"TX_US_IKE","4","IKE_US_TX_2008",2003-09-01,166,"SUS"
"TX_US_RITA","4","RITA_US_TX_2005",2003-09-01,153,"SUS"
"US_FL_DELTA","4","DELTA_US_LA_2020",2003-09-01,144,"SUS"
"US_FL_DENNIS","4","DENNIS_US_FL_2005",2003-09-01,98,"SUS"
"VER_MX_KARL","5","KARL_MX_VER_2010",2003-09-01,310.0968,"SG"
"YUC_DELTA","5","DELTA_YUCATAN_MX_2020",2003-09-01,154,"SG"
"YUC_MX_EMILY","5","EMILY_MX_YUC_2005",2003-09-01,108,"SG"
"YUC_MX_ISIDORE","5","ISIDORE_MX_YUC_2002",2003-09-01,84,"SG"
"AL_US_IVAN","4","IVAN_US_AL_2004",2003-10-01,53,"SUS"
"AL_US_SALLY","4","SALLY_US_AL_2020",2003-10-01,62,"SUS"
"ALEX","6","ALEX_2010",2003-10-01,164,"WG"
"BELICE_RICHARD","3","RICHARD_BELICE_2010",2003-10-01,219,"C"
"BELIZE_IRIS","2","IRIS_BELIZE_2001",2003-10-01,332,"CA"
"BETA","2","BETA_2005",2003-10-01,366,"CA"
"CR_OTTO","2","OTTO_CR_2016",2003-10-01,382,"CA"
"CUBA_DENNIS","3","DENNIS_CUBA_2005",2003-10-01,38,"C"
"CUBA_GUSTAV","3","GUSTAV_CUBA_2008",2003-10-01,31,"C"
"CUBA_IAN","3","IAN_CUBA_2022",2003-10-01,33,"C"
"CUBA_MICHELLE","3","MICHELLE_CUBA_2001",2003-10-01,47,"C"
"CUBA_PALOMA","3","PALOMA_CUBA_2008",2003-10-01,74,"C"
"CUBA_SANDY","3","SANDY_CUBA_2012",2003-10-01,265,"C"
"DEAN_QROO_MX","5","DEAN_QROO_MX_2007",2003-10-01,161,"SG"
"FL_US_CHARLEY","1","CHARLEY_2004",2003-10-01,25,"FP"
"FL_US_FRANCES","1","FRANCES_US_FL_2004",2003-10-01,30,"FP"
"FL_US_IAN","1","IAN_US_FL_2022",2003-10-01,23,"FP"
"FL_US_IRMA","1","IRMA_US_FL_2017",2003-10-01,24,"FP"
"FL_US_JEANNE","1","JEANNE_US_FL_2004",2003-10-01,30,"FP"
"FL_US_MICHAEL","4","MICHAEL_US_FL_2018",2003-10-01,108,"SUS"
"FL_US_WILMA","1","WILMA_US_FL_2005",2003-10-01,33,"FP"
"LA_US_GUSTAV","4","GUSTAV_US_LA_2008",2003-10-01,93,"SUS"
"LA_US_IDA","4","IDA_US_LA_2009",2003-10-01,90,"SUS"
"LA_US_KATRINA","4","KATRINA_US_LA_2005",2003-10-01,58,"SUS"
"LA_US_LAURA","4","LAURA_US_LA_2020",2003-10-01,100,"SUS"
"LA_US_ZETA","4","ZETA_US_LA_2020",2003-10-01,93,"SUS"
"MX_ERNESTO","5","ERNESTO_MX_2012",2003-10-01,160,"SG"
"MX_GRACE","3","GRACE_MX_2021",2003-10-01,235,"C"
"MX_TAMPS_EMILY","6","EMILY_TAMPS_MX_2005",2003-10-01,146,"WG"
"NC_US_ISABEL","4","ISABEL_US_NC_2003",2003-10-01,106,"SUS"
"NIC_ETA","2","ETA_NIC_2020",2003-10-01,319,"CA"
"NIC_FELIX","2","FELIX_NIC_2007",2003-10-01,303,"CA"
"NIC_IOTA","2","IOTA_NIC_2020",2003-10-01,328,"CA"
"PR_USA_MARIA","3","MARIA_US_PR_2017",2003-10-01,193,"C"
"QROO_WILMA","3","WILMA_QROO_2005",2003-10-01,169,"C"
"TX_US_HARVEY","6","HARVEY_US_TX_2017",2003-10-01,87,"WG"
"TX_US_IKE","4","IKE_US_TX_2008",2003-10-01,108,"SUS"
"TX_US_RITA","4","RITA_US_TX_2005",2003-10-01,111,"SUS"
"US_FL_DELTA","4","DELTA_US_LA_2020",2003-10-01,92,"SUS"
"US_FL_DENNIS","4","DENNIS_US_FL_2005",2003-10-01,51,"SUS"
"VER_MX_KARL","5","KARL_MX_VER_2010",2003-10-01,146.4295,"SG"
"YUC_DELTA","5","DELTA_YUCATAN_MX_2020",2003-10-01,180,"SG"
"YUC_MX_EMILY","5","EMILY_MX_YUC_2005",2003-10-01,204,"SG"
"YUC_MX_ISIDORE","5","ISIDORE_MX_YUC_2002",2003-10-01,150,"SG"
"AL_US_IVAN","4","IVAN_US_AL_2004",2003-11-01,86,"SUS"
"AL_US_SALLY","4","SALLY_US_AL_2020",2003-11-01,85,"SUS"
"ALEX","6","ALEX_2010",2003-11-01,47,"WG"
"BELICE_RICHARD","3","RICHARD_BELICE_2010",2003-11-01,275,"C"
"BELIZE_IRIS","2","IRIS_BELIZE_2001",2003-11-01,324,"CA"
"BETA","2","BETA_2005",2003-11-01,381,"CA"
"CR_OTTO","2","OTTO_CR_2016",2003-11-01,598.0871,"CA"
"CUBA_DENNIS","3","DENNIS_CUBA_2005",2003-11-01,87,"C"
"CUBA_GUSTAV","3","GUSTAV_CUBA_2008",2003-11-01,128,"C"
"CUBA_IAN","3","IAN_CUBA_2022",2003-11-01,103,"C"
"CUBA_MICHELLE","3","MICHELLE_CUBA_2001",2003-11-01,78,"C"
"CUBA_PALOMA","3","PALOMA_CUBA_2008",2003-11-01,49,"C"
"CUBA_SANDY","3","SANDY_CUBA_2012",2003-11-01,98,"C"
"DEAN_QROO_MX","5","DEAN_QROO_MX_2007",2003-11-01,111,"SG"
"FL_US_CHARLEY","1","CHARLEY_2004",2003-11-01,38,"FP"
"FL_US_FRANCES","1","FRANCES_US_FL_2004",2003-11-01,60,"FP"
"FL_US_IAN","1","IAN_US_FL_2022",2003-11-01,40,"FP"
"FL_US_IRMA","1","IRMA_US_FL_2017",2003-11-01,53,"FP"
"FL_US_JEANNE","1","JEANNE_US_FL_2004",2003-11-01,66,"FP"
"FL_US_MICHAEL","4","MICHAEL_US_FL_2018",2003-11-01,71,"SUS"
"FL_US_WILMA","1","WILMA_US_FL_2005",2003-11-01,70,"FP"
"LA_US_GUSTAV","4","GUSTAV_US_LA_2008",2003-11-01,112,"SUS"
"LA_US_IDA","4","IDA_US_LA_2009",2003-11-01,104,"SUS"
"LA_US_KATRINA","4","KATRINA_US_LA_2005",2003-11-01,94,"SUS"
"LA_US_LAURA","4","LAURA_US_LA_2020",2003-11-01,135,"SUS"
"LA_US_ZETA","4","ZETA_US_LA_2020",2003-11-01,104,"SUS"
"MX_ERNESTO","5","ERNESTO_MX_2012",2003-11-01,111,"SG"
"MX_GRACE","3","GRACE_MX_2021",2003-11-01,159,"C"
"MX_TAMPS_EMILY","6","EMILY_TAMPS_MX_2005",2003-11-01,35,"WG"
"NC_US_ISABEL","4","ISABEL_US_NC_2003",2003-11-01,51,"SUS"
"NIC_ETA","2","ETA_NIC_2020",2003-11-01,458.578,"CA"
"NIC_FELIX","2","FELIX_NIC_2007",2003-11-01,591,"CA"
"NIC_IOTA","2","IOTA_NIC_2020",2003-11-01,417,"CA"
"PR_USA_MARIA","3","MARIA_US_PR_2017",2003-11-01,364,"C"
"QROO_WILMA","3","WILMA_QROO_2005",2003-11-01,110,"C"
"TX_US_HARVEY","6","HARVEY_US_TX_2017",2003-11-01,33,"WG"
"TX_US_IKE","4","IKE_US_TX_2008",2003-11-01,118,"SUS"
"TX_US_RITA","4","RITA_US_TX_2005",2003-11-01,141,"SUS"
"US_FL_DELTA","4","DELTA_US_LA_2020",2003-11-01,129,"SUS"
"US_FL_DENNIS","4","DENNIS_US_FL_2005",2003-11-01,86,"SUS"
"VER_MX_KARL","5","KARL_MX_VER_2010",2003-11-01,89,"SG"
"YUC_DELTA","5","DELTA_YUCATAN_MX_2020",2003-11-01,109,"SG"
"YUC_MX_EMILY","5","EMILY_MX_YUC_2005",2003-11-01,105,"SG"
"YUC_MX_ISIDORE","5","ISIDORE_MX_YUC_2002",2003-11-01,71,"SG"
"AL_US_IVAN","4","IVAN_US_AL_2004",2003-12-01,107,"SUS"
"AL_US_SALLY","4","SALLY_US_AL_2020",2003-12-01,107,"SUS"
"ALEX","6","ALEX_2010",2003-12-01,24,"WG"
"BELICE_RICHARD","3","RICHARD_BELICE_2010",2003-12-01,75,"C"
"BELIZE_IRIS","2","IRIS_BELIZE_2001",2003-12-01,86,"CA"
"BETA","2","BETA_2005",2003-12-01,241,"CA"
"CR_OTTO","2","OTTO_CR_2016",2003-12-01,705.3734,"CA"
"CUBA_DENNIS","3","DENNIS_CUBA_2005",2003-12-01,13,"C"
"CUBA_GUSTAV","3","GUSTAV_CUBA_2008",2003-12-01,47,"C"
"CUBA_IAN","3","IAN_CUBA_2022",2003-12-01,44,"C"
"CUBA_MICHELLE","3","MICHELLE_CUBA_2001",2003-12-01,18,"C"
"CUBA_PALOMA","3","PALOMA_CUBA_2008",2003-12-01,36,"C"
"CUBA_SANDY","3","SANDY_CUBA_2012",2003-12-01,59,"C"
"DEAN_QROO_MX","5","DEAN_QROO_MX_2007",2003-12-01,32,"SG"
"FL_US_CHARLEY","1","CHARLEY_2004",2003-12-01,71,"FP"
"FL_US_FRANCES","1","FRANCES_US_FL_2004",2003-12-01,48,"FP"
"FL_US_IAN","1","IAN_US_FL_2022",2003-12-01,69,"FP"
"FL_US_IRMA","1","IRMA_US_FL_2017",2003-12-01,59,"FP"
"FL_US_JEANNE","1","JEANNE_US_FL_2004",2003-12-01,47,"FP"
"FL_US_MICHAEL","4","MICHAEL_US_FL_2018",2003-12-01,87,"SUS"
"FL_US_WILMA","1","WILMA_US_FL_2005",2003-12-01,43,"FP"
"LA_US_GUSTAV","4","GUSTAV_US_LA_2008",2003-12-01,76,"SUS"
"LA_US_IDA","4","IDA_US_LA_2009",2003-12-01,82,"SUS"
"LA_US_KATRINA","4","KATRINA_US_LA_2005",2003-12-01,78,"SUS"
"LA_US_LAURA","4","LAURA_US_LA_2020",2003-12-01,115,"SUS"
"LA_US_ZETA","4","ZETA_US_LA_2020",2003-12-01,74,"SUS"
"MX_ERNESTO","5","ERNESTO_MX_2012",2003-12-01,32,"SG"
"MX_GRACE","3","GRACE_MX_2021",2003-12-01,27,"C"
"MX_TAMPS_EMILY","6","EMILY_TAMPS_MX_2005",2003-12-01,19,"WG"
"NC_US_ISABEL","4","ISABEL_US_NC_2003",2003-12-01,127,"SUS"
"NIC_ETA","2","ETA_NIC_2020",2003-12-01,189,"CA"
"NIC_FELIX","2","FELIX_NIC_2007",2003-12-01,209,"CA"
"NIC_IOTA","2","IOTA_NIC_2020",2003-12-01,193,"CA"
"PR_USA_MARIA","3","MARIA_US_PR_2017",2003-12-01,172,"C"
"QROO_WILMA","3","WILMA_QROO_2005",2003-12-01,47,"C"
"TX_US_HARVEY","6","HARVEY_US_TX_2017",2003-12-01,23,"WG"
"TX_US_IKE","4","IKE_US_TX_2008",2003-12-01,87,"SUS"
"TX_US_RITA","4","RITA_US_TX_2005",2003-12-01,118,"SUS"
"US_FL_DELTA","4","DELTA_US_LA_2020",2003-12-01,99,"SUS"
"US_FL_DENNIS","4","DENNIS_US_FL_2005",2003-12-01,109,"SUS"
"VER_MX_KARL","5","KARL_MX_VER_2010",2003-12-01,18,"SG"
"YUC_DELTA","5","DELTA_YUCATAN_MX_2020",2003-12-01,39,"SG"
"YUC_MX_EMILY","5","EMILY_MX_YUC_2005",2003-12-01,25,"SG"
"YUC_MX_ISIDORE","5","ISIDORE_MX_YUC_2002",2003-12-01,14,"SG"
"AL_US_IVAN","4","IVAN_US_AL_2004",2004-01-01,94,"SUS"
"AL_US_SALLY","4","SALLY_US_AL_2020",2004-01-01,90,"SUS"
"ALEX","6","ALEX_2010",2004-01-01,38,"WG"
"BELICE_RICHARD","3","RICHARD_BELICE_2010",2004-01-01,71,"C"
"BELIZE_IRIS","2","IRIS_BELIZE_2001",2004-01-01,155,"CA"
"BETA","2","BETA_2005",2004-01-01,114,"CA"
"CR_OTTO","2","OTTO_CR_2016",2004-01-01,124,"CA"
"CUBA_DENNIS","3","DENNIS_CUBA_2005",2004-01-01,44,"C"
"CUBA_GUSTAV","3","GUSTAV_CUBA_2008",2004-01-01,73,"C"
"CUBA_IAN","3","IAN_CUBA_2022",2004-01-01,72,"C"
"CUBA_MICHELLE","3","MICHELLE_CUBA_2001",2004-01-01,43,"C"
"CUBA_PALOMA","3","PALOMA_CUBA_2008",2004-01-01,8,"C"
"CUBA_SANDY","3","SANDY_CUBA_2012",2004-01-01,24,"C"
"DEAN_QROO_MX","5","DEAN_QROO_MX_2007",2004-01-01,14,"SG"
"FL_US_CHARLEY","1","CHARLEY_2004",2004-01-01,67,"FP"
"FL_US_FRANCES","1","FRANCES_US_FL_2004",2004-01-01,52,"FP"
"FL_US_IAN","1","IAN_US_FL_2022",2004-01-01,63,"FP"
"FL_US_IRMA","1","IRMA_US_FL_2017",2004-01-01,57,"FP"
"FL_US_JEANNE","1","JEANNE_US_FL_2004",2004-01-01,51,"FP"
"FL_US_MICHAEL","4","MICHAEL_US_FL_2018",2004-01-01,67,"SUS"
"FL_US_WILMA","1","WILMA_US_FL_2005",2004-01-01,50,"FP"
"LA_US_GUSTAV","4","GUSTAV_US_LA_2008",2004-01-01,74,"SUS"
"LA_US_IDA","4","IDA_US_LA_2009",2004-01-01,72,"SUS"
"LA_US_KATRINA","4","KATRINA_US_LA_2005",2004-01-01,89,"SUS"
"LA_US_LAURA","4","LAURA_US_LA_2020",2004-01-01,141,"SUS"
"LA_US_ZETA","4","ZETA_US_LA_2020",2004-01-01,70,"SUS"
"MX_ERNESTO","5","ERNESTO_MX_2012",2004-01-01,15,"SG"
"MX_GRACE","3","GRACE_MX_2021",2004-01-01,120,"C"
"MX_TAMPS_EMILY","6","EMILY_TAMPS_MX_2005",2004-01-01,31,"WG"
"NC_US_ISABEL","4","ISABEL_US_NC_2003",2004-01-01,29,"SUS"
"NIC_ETA","2","ETA_NIC_2020",2004-01-01,128,"CA"
"NIC_FELIX","2","FELIX_NIC_2007",2004-01-01,157,"CA"
"NIC_IOTA","2","IOTA_NIC_2020",2004-01-01,120,"CA"
"PR_USA_MARIA","3","MARIA_US_PR_2017",2004-01-01,68,"C"
"QROO_WILMA","3","WILMA_QROO_2005",2004-01-01,39,"C"
"TX_US_HARVEY","6","HARVEY_US_TX_2017",2004-01-01,71,"WG"
"TX_US_IKE","4","IKE_US_TX_2008",2004-01-01,135,"SUS"
"TX_US_RITA","4","RITA_US_TX_2005",2004-01-01,143,"SUS"
"US_FL_DELTA","4","DELTA_US_LA_2020",2004-01-01,134,"SUS"
"US_FL_DENNIS","4","DENNIS_US_FL_2005",2004-01-01,88,"SUS"
"VER_MX_KARL","5","KARL_MX_VER_2010",2004-01-01,44,"SG"
"YUC_DELTA","5","DELTA_YUCATAN_MX_2020",2004-01-01,32,"SG"
"YUC_MX_EMILY","5","EMILY_MX_YUC_2005",2004-01-01,18,"SG"
"YUC_MX_ISIDORE","5","ISIDORE_MX_YUC_2002",2004-01-01,6,"SG"
"AL_US_IVAN","4","IVAN_US_AL_2004",2004-02-01,234,"SUS"
"AL_US_SALLY","4","SALLY_US_AL_2020",2004-02-01,219,"SUS"
"ALEX","6","ALEX_2010",2004-02-01,7,"WG"
"BELICE_RICHARD","3","RICHARD_BELICE_2010",2004-02-01,67,"C"
"BELIZE_IRIS","2","IRIS_BELIZE_2001",2004-02-01,113,"CA"
"BETA","2","BETA_2005",2004-02-01,98,"CA"
"CR_OTTO","2","OTTO_CR_2016",2004-02-01,114,"CA"
"CUBA_DENNIS","3","DENNIS_CUBA_2005",2004-02-01,30,"C"
"CUBA_GUSTAV","3","GUSTAV_CUBA_2008",2004-02-01,69,"C"
"CUBA_IAN","3","IAN_CUBA_2022",2004-02-01,68,"C"
"CUBA_MICHELLE","3","MICHELLE_CUBA_2001",2004-02-01,35,"C"
"CUBA_PALOMA","3","PALOMA_CUBA_2008",2004-02-01,7,"C"
"CUBA_SANDY","3","SANDY_CUBA_2012",2004-02-01,11,"C"
"DEAN_QROO_MX","5","DEAN_QROO_MX_2007",2004-02-01,29,"SG"
"FL_US_CHARLEY","1","CHARLEY_2004",2004-02-01,105,"FP"
"FL_US_FRANCES","1","FRANCES_US_FL_2004",2004-02-01,100,"FP"
"FL_US_IAN","1","IAN_US_FL_2022",2004-02-01,99,"FP"
"FL_US_IRMA","1","IRMA_US_FL_2017",2004-02-01,84,"FP"
"FL_US_JEANNE","1","JEANNE_US_FL_2004",2004-02-01,98,"FP"
"FL_US_MICHAEL","4","MICHAEL_US_FL_2018",2004-02-01,186,"SUS"
"FL_US_WILMA","1","WILMA_US_FL_2005",2004-02-01,81,"FP"
"LA_US_GUSTAV","4","GUSTAV_US_LA_2008",2004-02-01,211,"SUS"
"LA_US_IDA","4","IDA_US_LA_2009",2004-02-01,238,"SUS"
"LA_US_KATRINA","4","KATRINA_US_LA_2005",2004-02-01,255,"SUS"
"LA_US_LAURA","4","LAURA_US_LA_2020",2004-02-01,180,"SUS"
"LA_US_ZETA","4","ZETA_US_LA_2020",2004-02-01,235,"SUS"
"MX_ERNESTO","5","ERNESTO_MX_2012",2004-02-01,27,"SG"
"MX_GRACE","3","GRACE_MX_2021",2004-02-01,25,"C"
"MX_TAMPS_EMILY","6","EMILY_TAMPS_MX_2005",2004-02-01,9,"WG"
"NC_US_ISABEL","4","ISABEL_US_NC_2003",2004-02-01,81,"SUS"
"NIC_ETA","2","ETA_NIC_2020",2004-02-01,124,"CA"
"NIC_FELIX","2","FELIX_NIC_2007",2004-02-01,175,"CA"
"NIC_IOTA","2","IOTA_NIC_2020",2004-02-01,107,"CA"
"PR_USA_MARIA","3","MARIA_US_PR_2017",2004-02-01,65,"C"
"QROO_WILMA","3","WILMA_QROO_2005",2004-02-01,55,"C"
"TX_US_HARVEY","6","HARVEY_US_TX_2017",2004-02-01,59,"WG"
"TX_US_IKE","4","IKE_US_TX_2008",2004-02-01,140,"SUS"
"TX_US_RITA","4","RITA_US_TX_2005",2004-02-01,173,"SUS"
"US_FL_DELTA","4","DELTA_US_LA_2020",2004-02-01,184,"SUS"
"US_FL_DENNIS","4","DENNIS_US_FL_2005",2004-02-01,226,"SUS"
"VER_MX_KARL","5","KARL_MX_VER_2010",2004-02-01,12,"SG"
"YUC_DELTA","5","DELTA_YUCATAN_MX_2020",2004-02-01,51,"SG"
"YUC_MX_EMILY","5","EMILY_MX_YUC_2005",2004-02-01,48,"SG"
"YUC_MX_ISIDORE","5","ISIDORE_MX_YUC_2002",2004-02-01,25,"SG"
"AL_US_IVAN","4","IVAN_US_AL_2004",2004-03-01,22,"SUS"
"AL_US_SALLY","4","SALLY_US_AL_2020",2004-03-01,20,"SUS"
"ALEX","6","ALEX_2010",2004-03-01,30,"WG"
"BELICE_RICHARD","3","RICHARD_BELICE_2010",2004-03-01,122,"C"
"BELIZE_IRIS","2","IRIS_BELIZE_2001",2004-03-01,216,"CA"
"BETA","2","BETA_2005",2004-03-01,86,"CA"
"CR_OTTO","2","OTTO_CR_2016",2004-03-01,97,"CA"
"CUBA_DENNIS","3","DENNIS_CUBA_2005",2004-03-01,38,"C"
"CUBA_GUSTAV","3","GUSTAV_CUBA_2008",2004-03-01,57,"C"
"CUBA_IAN","3","IAN_CUBA_2022",2004-03-01,50,"C"
"CUBA_MICHELLE","3","MICHELLE_CUBA_2001",2004-03-01,35,"C"
"CUBA_PALOMA","3","PALOMA_CUBA_2008",2004-03-01,18,"C"
"CUBA_SANDY","3","SANDY_CUBA_2012",2004-03-01,30,"C"
"DEAN_QROO_MX","5","DEAN_QROO_MX_2007",2004-03-01,42,"SG"
"FL_US_CHARLEY","1","CHARLEY_2004",2004-03-01,21,"FP"
"FL_US_FRANCES","1","FRANCES_US_FL_2004",2004-03-01,19,"FP"
"FL_US_IAN","1","IAN_US_FL_2022",2004-03-01,20,"FP"
"FL_US_IRMA","1","IRMA_US_FL_2017",2004-03-01,20,"FP"
"FL_US_JEANNE","1","JEANNE_US_FL_2004",2004-03-01,19,"FP"
"FL_US_MICHAEL","4","MICHAEL_US_FL_2018",2004-03-01,10,"SUS"
"FL_US_WILMA","1","WILMA_US_FL_2005",2004-03-01,20,"FP"
"LA_US_GUSTAV","4","GUSTAV_US_LA_2008",2004-03-01,37,"SUS"
"LA_US_IDA","4","IDA_US_LA_2009",2004-03-01,42,"SUS"
"LA_US_KATRINA","4","KATRINA_US_LA_2005",2004-03-01,35,"SUS"
"LA_US_LAURA","4","LAURA_US_LA_2020",2004-03-01,46,"SUS"
"LA_US_ZETA","4","ZETA_US_LA_2020",2004-03-01,36,"SUS"
"MX_ERNESTO","5","ERNESTO_MX_2012",2004-03-01,39,"SG"
"MX_GRACE","3","GRACE_MX_2021",2004-03-01,100,"C"
"MX_TAMPS_EMILY","6","EMILY_TAMPS_MX_2005",2004-03-01,34,"WG"
"NC_US_ISABEL","4","ISABEL_US_NC_2003",2004-03-01,47,"SUS"
"NIC_ETA","2","ETA_NIC_2020",2004-03-01,107,"CA"
"NIC_FELIX","2","FELIX_NIC_2007",2004-03-01,123,"CA"
"NIC_IOTA","2","IOTA_NIC_2020",2004-03-01,101,"CA"
"PR_USA_MARIA","3","MARIA_US_PR_2017",2004-03-01,76,"C"
"QROO_WILMA","3","WILMA_QROO_2005",2004-03-01,51,"C"
"TX_US_HARVEY","6","HARVEY_US_TX_2017",2004-03-01,27,"WG"
"TX_US_IKE","4","IKE_US_TX_2008",2004-03-01,58,"SUS"
"TX_US_RITA","4","RITA_US_TX_2005",2004-03-01,49,"SUS"
"US_FL_DELTA","4","DELTA_US_LA_2020",2004-03-01,40,"SUS"
"US_FL_DENNIS","4","DENNIS_US_FL_2005",2004-03-01,21,"SUS"
"VER_MX_KARL","5","KARL_MX_VER_2010",2004-03-01,30,"SG"
"YUC_DELTA","5","DELTA_YUCATAN_MX_2020",2004-03-01,55,"SG"
"YUC_MX_EMILY","5","EMILY_MX_YUC_2005",2004-03-01,73,"SG"
"YUC_MX_ISIDORE","5","ISIDORE_MX_YUC_2002",2004-03-01,31,"SG"
"AL_US_IVAN","4","IVAN_US_AL_2004",2004-04-01,74,"SUS"
"AL_US_SALLY","4","SALLY_US_AL_2020",2004-04-01,73,"SUS"
"ALEX","6","ALEX_2010",2004-04-01,66,"WG"
"BELICE_RICHARD","3","RICHARD_BELICE_2010",2004-04-01,36,"C"
"BELIZE_IRIS","2","IRIS_BELIZE_2001",2004-04-01,65,"CA"
"BETA","2","BETA_2005",2004-04-01,60,"CA"
"CR_OTTO","2","OTTO_CR_2016",2004-04-01,73,"CA"
"CUBA_DENNIS","3","DENNIS_CUBA_2005",2004-04-01,88,"C"
"CUBA_GUSTAV","3","GUSTAV_CUBA_2008",2004-04-01,87,"C"
"CUBA_IAN","3","IAN_CUBA_2022",2004-04-01,76,"C"
"CUBA_MICHELLE","3","MICHELLE_CUBA_2001",2004-04-01,91,"C"
"CUBA_PALOMA","3","PALOMA_CUBA_2008",2004-04-01,35,"C"
"CUBA_SANDY","3","SANDY_CUBA_2012",2004-04-01,71,"C"
"DEAN_QROO_MX","5","DEAN_QROO_MX_2007",2004-04-01,50,"SG"
"FL_US_CHARLEY","1","CHARLEY_2004",2004-04-01,53,"FP"
"FL_US_FRANCES","1","FRANCES_US_FL_2004",2004-04-01,49,"FP"
"FL_US_IAN","1","IAN_US_FL_2022",2004-04-01,53,"FP"
"FL_US_IRMA","1","IRMA_US_FL_2017",2004-04-01,68,"FP"
"FL_US_JEANNE","1","JEANNE_US_FL_2004",2004-04-01,50,"FP"
"FL_US_MICHAEL","4","MICHAEL_US_FL_2018",2004-04-01,66,"SUS"
"FL_US_WILMA","1","WILMA_US_FL_2005",2004-04-01,72,"FP"
"LA_US_GUSTAV","4","GUSTAV_US_LA_2008",2004-04-01,166,"SUS"
"LA_US_IDA","4","IDA_US_LA_2009",2004-04-01,174,"SUS"
"LA_US_KATRINA","4","KATRINA_US_LA_2005",2004-04-01,122,"SUS"
"LA_US_LAURA","4","LAURA_US_LA_2020",2004-04-01,106,"SUS"
"LA_US_ZETA","4","ZETA_US_LA_2020",2004-04-01,172,"SUS"
"MX_ERNESTO","5","ERNESTO_MX_2012",2004-04-01,47,"SG"
"MX_GRACE","3","GRACE_MX_2021",2004-04-01,84,"C"
"MX_TAMPS_EMILY","6","EMILY_TAMPS_MX_2005",2004-04-01,71,"WG"
"NC_US_ISABEL","4","ISABEL_US_NC_2003",2004-04-01,82,"SUS"
"NIC_ETA","2","ETA_NIC_2020",2004-04-01,81,"CA"
"NIC_FELIX","2","FELIX_NIC_2007",2004-04-01,95,"CA"
"NIC_IOTA","2","IOTA_NIC_2020",2004-04-01,74,"CA"
"PR_USA_MARIA","3","MARIA_US_PR_2017",2004-04-01,113,"C"
"QROO_WILMA","3","WILMA_QROO_2005",2004-04-01,81,"C"
"TX_US_HARVEY","6","HARVEY_US_TX_2017",2004-04-01,124,"WG"
"TX_US_IKE","4","IKE_US_TX_2008",2004-04-01,133,"SUS"
"TX_US_RITA","4","RITA_US_TX_2005",2004-04-01,112,"SUS"
"US_FL_DELTA","4","DELTA_US_LA_2020",2004-04-01,112,"SUS"
"US_FL_DENNIS","4","DENNIS_US_FL_2005",2004-04-01,74,"SUS"
"VER_MX_KARL","5","KARL_MX_VER_2010",2004-04-01,38,"SG"
"YUC_DELTA","5","DELTA_YUCATAN_MX_2020",2004-04-01,90,"SG"
"YUC_MX_EMILY","5","EMILY_MX_YUC_2005",2004-04-01,92,"SG"
"YUC_MX_ISIDORE","5","ISIDORE_MX_YUC_2002",2004-04-01,100,"SG"
"AL_US_IVAN","4","IVAN_US_AL_2004",2004-05-01,79,"SUS"
"AL_US_SALLY","4","SALLY_US_AL_2020",2004-05-01,64,"SUS"
"ALEX","6","ALEX_2010",2004-05-01,110,"WG"
"BELICE_RICHARD","3","RICHARD_BELICE_2010",2004-05-01,234,"C"
"BELIZE_IRIS","2","IRIS_BELIZE_2001",2004-05-01,388,"CA"
"BETA","2","BETA_2005",2004-05-01,455,"CA"
"CR_OTTO","2","OTTO_CR_2016",2004-05-01,521,"CA"
"CUBA_DENNIS","3","DENNIS_CUBA_2005",2004-05-01,220,"C"
"CUBA_GUSTAV","3","GUSTAV_CUBA_2008",2004-05-01,310,"C"
"CUBA_IAN","3","IAN_CUBA_2022",2004-05-01,323,"C"
"CUBA_MICHELLE","3","MICHELLE_CUBA_2001",2004-05-01,189,"C"
"CUBA_PALOMA","3","PALOMA_CUBA_2008",2004-05-01,106,"C"
"CUBA_SANDY","3","SANDY_CUBA_2012",2004-05-01,279,"C"
"DEAN_QROO_MX","5","DEAN_QROO_MX_2007",2004-05-01,248,"SG"
"FL_US_CHARLEY","1","CHARLEY_2004",2004-05-01,35,"FP"
"FL_US_FRANCES","1","FRANCES_US_FL_2004",2004-05-01,40,"FP"
"FL_US_IAN","1","IAN_US_FL_2022",2004-05-01,32,"FP"
"FL_US_IRMA","1","IRMA_US_FL_2017",2004-05-01,25,"FP"
"FL_US_JEANNE","1","JEANNE_US_FL_2004",2004-05-01,39,"FP"
"FL_US_MICHAEL","4","MICHAEL_US_FL_2018",2004-05-01,66,"SUS"
"FL_US_WILMA","1","WILMA_US_FL_2005",2004-05-01,29,"FP"
"LA_US_GUSTAV","4","GUSTAV_US_LA_2008",2004-05-01,248,"SUS"
"LA_US_IDA","4","IDA_US_LA_2009",2004-05-01,249,"SUS"
"LA_US_KATRINA","4","KATRINA_US_LA_2005",2004-05-01,206,"SUS"
"LA_US_LAURA","4","LAURA_US_LA_2020",2004-05-01,281,"SUS"
"LA_US_ZETA","4","ZETA_US_LA_2020",2004-05-01,250,"SUS"
"MX_ERNESTO","5","ERNESTO_MX_2012",2004-05-01,250,"SG"
"MX_GRACE","3","GRACE_MX_2021",2004-05-01,102,"C"
"MX_TAMPS_EMILY","6","EMILY_TAMPS_MX_2005",2004-05-01,81,"WG"
"NC_US_ISABEL","4","ISABEL_US_NC_2003",2004-05-01,135,"SUS"
"NIC_ETA","2","ETA_NIC_2020",2004-05-01,497,"CA"
"NIC_FELIX","2","FELIX_NIC_2007",2004-05-01,513,"CA"
"NIC_IOTA","2","IOTA_NIC_2020",2004-05-01,479,"CA"
"PR_USA_MARIA","3","MARIA_US_PR_2017",2004-05-01,352.3333,"C"
"QROO_WILMA","3","WILMA_QROO_2005",2004-05-01,219,"C"
"TX_US_HARVEY","6","HARVEY_US_TX_2017",2004-05-01,130,"WG"
"TX_US_IKE","4","IKE_US_TX_2008",2004-05-01,153,"SUS"
"TX_US_RITA","4","RITA_US_TX_2005",2004-05-01,252,"SUS"
"US_FL_DELTA","4","DELTA_US_LA_2020",2004-05-01,340,"SUS"
"US_FL_DENNIS","4","DENNIS_US_FL_2005",2004-05-01,73,"SUS"
"VER_MX_KARL","5","KARL_MX_VER_2010",2004-05-01,80,"SG"
"YUC_DELTA","5","DELTA_YUCATAN_MX_2020",2004-05-01,220,"SG"
"YUC_MX_EMILY","5","EMILY_MX_YUC_2005",2004-05-01,247,"SG"
"YUC_MX_ISIDORE","5","ISIDORE_MX_YUC_2002",2004-05-01,149,"SG"
"AL_US_IVAN","4","IVAN_US_AL_2004",2004-06-01,276,"SUS"
"AL_US_SALLY","4","SALLY_US_AL_2020",2004-06-01,301,"SUS"
"ALEX","6","ALEX_2010",2004-06-01,108,"WG"
"BELICE_RICHARD","3","RICHARD_BELICE_2010",2004-06-01,93,"C"
"BELIZE_IRIS","2","IRIS_BELIZE_2001",2004-06-01,203,"CA"
"BETA","2","BETA_2005",2004-06-01,654.499,"CA"
"CR_OTTO","2","OTTO_CR_2016",2004-06-01,330,"CA"
"CUBA_DENNIS","3","DENNIS_CUBA_2005",2004-06-01,66,"C"
"CUBA_GUSTAV","3","GUSTAV_CUBA_2008",2004-06-01,90,"C"
"CUBA_IAN","3","IAN_CUBA_2022",2004-06-01,94,"C"
"CUBA_MICHELLE","3","MICHELLE_CUBA_2001",2004-06-01,94,"C"
"CUBA_PALOMA","3","PALOMA_CUBA_2008",2004-06-01,67,"C"
"CUBA_SANDY","3","SANDY_CUBA_2012",2004-06-01,22,"C"
"DEAN_QROO_MX","5","DEAN_QROO_MX_2007",2004-06-01,73,"SG"
"FL_US_CHARLEY","1","CHARLEY_2004",2004-06-01,238,"FP"
"FL_US_FRANCES","1","FRANCES_US_FL_2004",2004-06-01,155,"FP"
"FL_US_IAN","1","IAN_US_FL_2022",2004-06-01,234,"FP"
"FL_US_IRMA","1","IRMA_US_FL_2017",2004-06-01,232,"FP"
"FL_US_JEANNE","1","JEANNE_US_FL_2004",2004-06-01,148,"FP"
"FL_US_MICHAEL","4","MICHAEL_US_FL_2018",2004-06-01,224,"SUS"
"FL_US_WILMA","1","WILMA_US_FL_2005",2004-06-01,192,"FP"
"LA_US_GUSTAV","4","GUSTAV_US_LA_2008",2004-06-01,282,"SUS"
"LA_US_IDA","4","IDA_US_LA_2009",2004-06-01,273,"SUS"
"LA_US_KATRINA","4","KATRINA_US_LA_2005",2004-06-01,278,"SUS"
"LA_US_LAURA","4","LAURA_US_LA_2020",2004-06-01,274,"SUS"
"LA_US_ZETA","4","ZETA_US_LA_2020",2004-06-01,262,"SUS"
"MX_ERNESTO","5","ERNESTO_MX_2012",2004-06-01,73,"SG"
"MX_GRACE","3","GRACE_MX_2021",2004-06-01,190,"C"
"MX_TAMPS_EMILY","6","EMILY_TAMPS_MX_2005",2004-06-01,100,"WG"
"NC_US_ISABEL","4","ISABEL_US_NC_2003",2004-06-01,157,"SUS"
"NIC_ETA","2","ETA_NIC_2020",2004-06-01,900,"CA"
"NIC_FELIX","2","FELIX_NIC_2007",2004-06-01,1110.5,"CA"
"NIC_IOTA","2","IOTA_NIC_2020",2004-06-01,776,"CA"
"PR_USA_MARIA","3","MARIA_US_PR_2017",2004-06-01,243,"C"
"QROO_WILMA","3","WILMA_QROO_2005",2004-06-01,112,"C"
"TX_US_HARVEY","6","HARVEY_US_TX_2017",2004-06-01,218,"WG"
"TX_US_IKE","4","IKE_US_TX_2008",2004-06-01,311,"SUS"
"TX_US_RITA","4","RITA_US_TX_2005",2004-06-01,296,"SUS"
"US_FL_DELTA","4","DELTA_US_LA_2020",2004-06-01,285,"SUS"
"US_FL_DENNIS","4","DENNIS_US_FL_2005",2004-06-01,278,"SUS"
"VER_MX_KARL","5","KARL_MX_VER_2010",2004-06-01,216.4662,"SG"
"YUC_DELTA","5","DELTA_YUCATAN_MX_2020",2004-06-01,115,"SG"
"YUC_MX_EMILY","5","EMILY_MX_YUC_2005",2004-06-01,106,"SG"
"YUC_MX_ISIDORE","5","ISIDORE_MX_YUC_2002",2004-06-01,133,"SG"
"AL_US_IVAN","4","IVAN_US_AL_2004",2004-07-01,160,"SUS"
"AL_US_SALLY","4","SALLY_US_AL_2020",2004-07-01,167,"SUS"
"ALEX","6","ALEX_2010",2004-07-01,44,"WG"
"BELICE_RICHARD","3","RICHARD_BELICE_2010",2004-07-01,178,"C"
"BELIZE_IRIS","2","IRIS_BELIZE_2001",2004-07-01,479,"CA"
"BETA","2","BETA_2005",2004-07-01,464,"CA"
"CR_OTTO","2","OTTO_CR_2016",2004-07-01,450.5,"CA"
"CUBA_DENNIS","3","DENNIS_CUBA_2005",2004-07-01,232,"C"
"CUBA_GUSTAV","3","GUSTAV_CUBA_2008",2004-07-01,216,"C"
"CUBA_IAN","3","IAN_CUBA_2022",2004-07-01,221,"C"
"CUBA_MICHELLE","3","MICHELLE_CUBA_2001",2004-07-01,242,"C"
"CUBA_PALOMA","3","PALOMA_CUBA_2008",2004-07-01,207,"C"
"CUBA_SANDY","3","SANDY_CUBA_2012",2004-07-01,164,"C"
"DEAN_QROO_MX","5","DEAN_QROO_MX_2007",2004-07-01,95,"SG"
"FL_US_CHARLEY","1","CHARLEY_2004",2004-07-01,231,"FP"
"FL_US_FRANCES","1","FRANCES_US_FL_2004",2004-07-01,151,"FP"
"FL_US_IAN","1","IAN_US_FL_2022",2004-07-01,216,"FP"
"FL_US_IRMA","1","IRMA_US_FL_2017",2004-07-01,203,"FP"
"FL_US_JEANNE","1","JEANNE_US_FL_2004",2004-07-01,147,"FP"
"FL_US_MICHAEL","4","MICHAEL_US_FL_2018",2004-07-01,149,"SUS"
"FL_US_WILMA","1","WILMA_US_FL_2005",2004-07-01,185,"FP"
"LA_US_GUSTAV","4","GUSTAV_US_LA_2008",2004-07-01,182,"SUS"
"LA_US_IDA","4","IDA_US_LA_2009",2004-07-01,177,"SUS"
"LA_US_KATRINA","4","KATRINA_US_LA_2005",2004-07-01,127,"SUS"
"LA_US_LAURA","4","LAURA_US_LA_2020",2004-07-01,66,"SUS"
"LA_US_ZETA","4","ZETA_US_LA_2020",2004-07-01,167,"SUS"
"MX_ERNESTO","5","ERNESTO_MX_2012",2004-07-01,93,"SG"
"MX_GRACE","3","GRACE_MX_2021",2004-07-01,156.3333,"C"
"MX_TAMPS_EMILY","6","EMILY_TAMPS_MX_2005",2004-07-01,33,"WG"
"NC_US_ISABEL","4","ISABEL_US_NC_2003",2004-07-01,147,"SUS"
"NIC_ETA","2","ETA_NIC_2020",2004-07-01,484,"CA"
"NIC_FELIX","2","FELIX_NIC_2007",2004-07-01,505,"CA"
"NIC_IOTA","2","IOTA_NIC_2020",2004-07-01,468,"CA"
"PR_USA_MARIA","3","MARIA_US_PR_2017",2004-07-01,232,"C"
"QROO_WILMA","3","WILMA_QROO_2005",2004-07-01,136,"C"
"TX_US_HARVEY","6","HARVEY_US_TX_2017",2004-07-01,48,"WG"
"TX_US_IKE","4","IKE_US_TX_2008",2004-07-01,74,"SUS"
"TX_US_RITA","4","RITA_US_TX_2005",2004-07-01,56,"SUS"
"US_FL_DELTA","4","DELTA_US_LA_2020",2004-07-01,82,"SUS"
"US_FL_DENNIS","4","DENNIS_US_FL_2005",2004-07-01,160,"SUS"
"VER_MX_KARL","5","KARL_MX_VER_2010",2004-07-01,202,"SG"
"YUC_DELTA","5","DELTA_YUCATAN_MX_2020",2004-07-01,149,"SG"
"YUC_MX_EMILY","5","EMILY_MX_YUC_2005",2004-07-01,125,"SG"
"YUC_MX_ISIDORE","5","ISIDORE_MX_YUC_2002",2004-07-01,188,"SG"
"AL_US_IVAN","4","IVAN_US_AL_2004",2004-08-01,177,"SUS"
"AL_US_SALLY","4","SALLY_US_AL_2020",2004-08-01,191,"SUS"
"ALEX","6","ALEX_2010",2004-08-01,61,"WG"
"BELICE_RICHARD","3","RICHARD_BELICE_2010",2004-08-01,58,"C"
"BELIZE_IRIS","2","IRIS_BELIZE_2001",2004-08-01,199,"CA"
"BETA","2","BETA_2005",2004-08-01,327,"CA"
"CR_OTTO","2","OTTO_CR_2016",2004-08-01,302,"CA"
"CUBA_DENNIS","3","DENNIS_CUBA_2005",2004-08-01,272,"C"
"CUBA_GUSTAV","3","GUSTAV_CUBA_2008",2004-08-01,228,"C"
"CUBA_IAN","3","IAN_CUBA_2022",2004-08-01,227,"C"
"CUBA_MICHELLE","3","MICHELLE_CUBA_2001",2004-08-01,269,"C"
"CUBA_PALOMA","3","PALOMA_CUBA_2008",2004-08-01,159,"C"
"CUBA_SANDY","3","SANDY_CUBA_2012",2004-08-01,81,"C"
"DEAN_QROO_MX","5","DEAN_QROO_MX_2007",2004-08-01,66,"SG"
"FL_US_CHARLEY","1","CHARLEY_2004",2004-08-01,359,"FP"
"FL_US_FRANCES","1","FRANCES_US_FL_2004",2004-08-01,307,"FP"
"FL_US_IAN","1","IAN_US_FL_2022",2004-08-01,357,"FP"
"FL_US_IRMA","1","IRMA_US_FL_2017",2004-08-01,398,"FP"
"FL_US_JEANNE","1","JEANNE_US_FL_2004",2004-08-01,307,"FP"
"FL_US_MICHAEL","4","MICHAEL_US_FL_2018",2004-08-01,170,"SUS"
"FL_US_WILMA","1","WILMA_US_FL_2005",2004-08-01,350,"FP"
"LA_US_GUSTAV","4","GUSTAV_US_LA_2008",2004-08-01,117,"SUS"
"LA_US_IDA","4","IDA_US_LA_2009",2004-08-01,117,"SUS"
"LA_US_KATRINA","4","KATRINA_US_LA_2005",2004-08-01,133,"SUS"
"LA_US_LAURA","4","LAURA_US_LA_2020",2004-08-01,61,"SUS"
"LA_US_ZETA","4","ZETA_US_LA_2020",2004-08-01,117,"SUS"
"MX_ERNESTO","5","ERNESTO_MX_2012",2004-08-01,63,"SG"
"MX_GRACE","3","GRACE_MX_2021",2004-08-01,128.6,"C"
"MX_TAMPS_EMILY","6","EMILY_TAMPS_MX_2005",2004-08-01,86,"WG"
"NC_US_ISABEL","4","ISABEL_US_NC_2003",2004-08-01,228,"SUS"
"NIC_ETA","2","ETA_NIC_2020",2004-08-01,335,"CA"
"NIC_FELIX","2","FELIX_NIC_2007",2004-08-01,339,"CA"
"NIC_IOTA","2","IOTA_NIC_2020",2004-08-01,327,"CA"
"PR_USA_MARIA","3","MARIA_US_PR_2017",2004-08-01,139,"C"
"QROO_WILMA","3","WILMA_QROO_2005",2004-08-01,129,"C"
"TX_US_HARVEY","6","HARVEY_US_TX_2017",2004-08-01,44,"WG"
"TX_US_IKE","4","IKE_US_TX_2008",2004-08-01,57,"SUS"
"TX_US_RITA","4","RITA_US_TX_2005",2004-08-01,54,"SUS"
"US_FL_DELTA","4","DELTA_US_LA_2020",2004-08-01,71,"SUS"
"US_FL_DENNIS","4","DENNIS_US_FL_2005",2004-08-01,180,"SUS"
"VER_MX_KARL","5","KARL_MX_VER_2010",2004-08-01,158,"SG"
"YUC_DELTA","5","DELTA_YUCATAN_MX_2020",2004-08-01,134,"SG"
"YUC_MX_EMILY","5","EMILY_MX_YUC_2005",2004-08-01,128,"SG"
"YUC_MX_ISIDORE","5","ISIDORE_MX_YUC_2002",2004-08-01,166,"SG"
"AL_US_IVAN","4","IVAN_US_AL_2004",2004-09-01,175,"SUS"
"AL_US_SALLY","4","SALLY_US_AL_2020",2004-09-01,210,"SUS"
"ALEX","6","ALEX_2010",2004-09-01,141,"WG"
"BELICE_RICHARD","3","RICHARD_BELICE_2010",2004-09-01,197,"C"
"BELIZE_IRIS","2","IRIS_BELIZE_2001",2004-09-01,402,"CA"
"BETA","2","BETA_2005",2004-09-01,246,"CA"
"CR_OTTO","2","OTTO_CR_2016",2004-09-01,330,"CA"
"CUBA_DENNIS","3","DENNIS_CUBA_2005",2004-09-01,182,"C"
"CUBA_GUSTAV","3","GUSTAV_CUBA_2008",2004-09-01,115,"C"
"CUBA_IAN","3","IAN_CUBA_2022",2004-09-01,109,"C"
"CUBA_MICHELLE","3","MICHELLE_CUBA_2001",2004-09-01,204,"C"
"CUBA_PALOMA","3","PALOMA_CUBA_2008",2004-09-01,194,"C"
"CUBA_SANDY","3","SANDY_CUBA_2012",2004-09-01,187,"C"
"DEAN_QROO_MX","5","DEAN_QROO_MX_2007",2004-09-01,152,"SG"
"FL_US_CHARLEY","1","CHARLEY_2004",2004-09-01,289,"FP"
"FL_US_FRANCES","1","FRANCES_US_FL_2004",2004-09-01,287,"FP"
"FL_US_IAN","1","IAN_US_FL_2022",2004-09-01,282,"FP"
"FL_US_IRMA","1","IRMA_US_FL_2017",2004-09-01,238,"FP"
"FL_US_JEANNE","1","JEANNE_US_FL_2004",2004-09-01,285,"FP"
"FL_US_MICHAEL","4","MICHAEL_US_FL_2018",2004-09-01,232,"SUS"
"FL_US_WILMA","1","WILMA_US_FL_2005",2004-09-01,234,"FP"
"LA_US_GUSTAV","4","GUSTAV_US_LA_2008",2004-09-01,76,"SUS"
"LA_US_IDA","4","IDA_US_LA_2009",2004-09-01,69,"SUS"
"LA_US_KATRINA","4","KATRINA_US_LA_2005",2004-09-01,47,"SUS"
"LA_US_LAURA","4","LAURA_US_LA_2020",2004-09-01,50,"SUS"
"LA_US_ZETA","4","ZETA_US_LA_2020",2004-09-01,62,"SUS"
"MX_ERNESTO","5","ERNESTO_MX_2012",2004-09-01,153,"SG"
"MX_GRACE","3","GRACE_MX_2021",2004-09-01,276.6452,"C"
"MX_TAMPS_EMILY","6","EMILY_TAMPS_MX_2005",2004-09-01,144,"WG"
"NC_US_ISABEL","4","ISABEL_US_NC_2003",2004-09-01,95,"SUS"
"NIC_ETA","2","ETA_NIC_2020",2004-09-01,238,"CA"
"NIC_FELIX","2","FELIX_NIC_2007",2004-09-01,220,"CA"
"NIC_IOTA","2","IOTA_NIC_2020",2004-09-01,234,"CA"
"PR_USA_MARIA","3","MARIA_US_PR_2017",2004-09-01,353,"C"
"QROO_WILMA","3","WILMA_QROO_2005",2004-09-01,156,"C"
"TX_US_HARVEY","6","HARVEY_US_TX_2017",2004-09-01,116,"WG"
"TX_US_IKE","4","IKE_US_TX_2008",2004-09-01,41,"SUS"
"TX_US_RITA","4","RITA_US_TX_2005",2004-09-01,47,"SUS"
"US_FL_DELTA","4","DELTA_US_LA_2020",2004-09-01,53,"SUS"
"US_FL_DENNIS","4","DENNIS_US_FL_2005",2004-09-01,197,"SUS"
"VER_MX_KARL","5","KARL_MX_VER_2010",2004-09-01,186.5574,"SG"
"YUC_DELTA","5","DELTA_YUCATAN_MX_2020",2004-09-01,170,"SG"
"YUC_MX_EMILY","5","EMILY_MX_YUC_2005",2004-09-01,187,"SG"
"YUC_MX_ISIDORE","5","ISIDORE_MX_YUC_2002",2004-09-01,230,"SG"
"AL_US_IVAN","4","IVAN_US_AL_2004",2004-10-01,103,"SUS"
"AL_US_SALLY","4","SALLY_US_AL_2020",2004-10-01,112,"SUS"
"ALEX","6","ALEX_2010",2004-10-01,78,"WG"
"BELICE_RICHARD","3","RICHARD_BELICE_2010",2004-10-01,201,"C"
"BELIZE_IRIS","2","IRIS_BELIZE_2001",2004-10-01,339,"CA"
"BETA","2","BETA_2005",2004-10-01,228,"CA"
"CR_OTTO","2","OTTO_CR_2016",2004-10-01,241,"CA"
"CUBA_DENNIS","3","DENNIS_CUBA_2005",2004-10-01,123,"C"
"CUBA_GUSTAV","3","GUSTAV_CUBA_2008",2004-10-01,127,"C"
"CUBA_IAN","3","IAN_CUBA_2022",2004-10-01,132,"C"
"CUBA_MICHELLE","3","MICHELLE_CUBA_2001",2004-10-01,146,"C"
"CUBA_PALOMA","3","PALOMA_CUBA_2008",2004-10-01,137,"C"
"CUBA_SANDY","3","SANDY_CUBA_2012",2004-10-01,107,"C"
"DEAN_QROO_MX","5","DEAN_QROO_MX_2007",2004-10-01,96,"SG"
"FL_US_CHARLEY","1","CHARLEY_2004",2004-10-01,29,"FP"
"FL_US_FRANCES","1","FRANCES_US_FL_2004",2004-10-01,47,"FP"
"FL_US_IAN","1","IAN_US_FL_2022",2004-10-01,30,"FP"
"FL_US_IRMA","1","IRMA_US_FL_2017",2004-10-01,40,"FP"
"FL_US_JEANNE","1","JEANNE_US_FL_2004",2004-10-01,50,"FP"
"FL_US_MICHAEL","4","MICHAEL_US_FL_2018",2004-10-01,63,"SUS"
"FL_US_WILMA","1","WILMA_US_FL_2005",2004-10-01,62,"FP"
"LA_US_GUSTAV","4","GUSTAV_US_LA_2008",2004-10-01,242,"SUS"
"LA_US_IDA","4","IDA_US_LA_2009",2004-10-01,234,"SUS"
"LA_US_KATRINA","4","KATRINA_US_LA_2005",2004-10-01,115,"SUS"
"LA_US_LAURA","4","LAURA_US_LA_2020",2004-10-01,136,"SUS"
"LA_US_ZETA","4","ZETA_US_LA_2020",2004-10-01,220,"SUS"
"MX_ERNESTO","5","ERNESTO_MX_2012",2004-10-01,98,"SG"
"MX_GRACE","3","GRACE_MX_2021",2004-10-01,324.75,"C"
"MX_TAMPS_EMILY","6","EMILY_TAMPS_MX_2005",2004-10-01,58,"WG"
"NC_US_ISABEL","4","ISABEL_US_NC_2003",2004-10-01,43,"SUS"
"NIC_ETA","2","ETA_NIC_2020",2004-10-01,224,"CA"
"NIC_FELIX","2","FELIX_NIC_2007",2004-10-01,258,"CA"
"NIC_IOTA","2","IOTA_NIC_2020",2004-10-01,213,"CA"
"PR_USA_MARIA","3","MARIA_US_PR_2017",2004-10-01,254,"C"
"QROO_WILMA","3","WILMA_QROO_2005",2004-10-01,118,"C"
"TX_US_HARVEY","6","HARVEY_US_TX_2017",2004-10-01,95,"WG"
"TX_US_IKE","4","IKE_US_TX_2008",2004-10-01,114,"SUS"
"TX_US_RITA","4","RITA_US_TX_2005",2004-10-01,122,"SUS"
"US_FL_DELTA","4","DELTA_US_LA_2020",2004-10-01,170,"SUS"
"US_FL_DENNIS","4","DENNIS_US_FL_2005",2004-10-01,105,"SUS"
"VER_MX_KARL","5","KARL_MX_VER_2010",2004-10-01,209.3554,"SG"
"YUC_DELTA","5","DELTA_YUCATAN_MX_2020",2004-10-01,117,"SG"
"YUC_MX_EMILY","5","EMILY_MX_YUC_2005",2004-10-01,103,"SG"
"YUC_MX_ISIDORE","5","ISIDORE_MX_YUC_2002",2004-10-01,54,"SG"
"AL_US_IVAN","4","IVAN_US_AL_2004",2004-11-01,217,"SUS"
"AL_US_SALLY","4","SALLY_US_AL_2020",2004-11-01,218,"SUS"
"ALEX","6","ALEX_2010",2004-11-01,30,"WG"
"BELICE_RICHARD","3","RICHARD_BELICE_2010",2004-11-01,168,"C"
"BELIZE_IRIS","2","IRIS_BELIZE_2001",2004-11-01,196,"CA"
"BETA","2","BETA_2005",2004-11-01,257,"CA"
"CR_OTTO","2","OTTO_CR_2016",2004-11-01,536.7814,"CA"
"CUBA_DENNIS","3","DENNIS_CUBA_2005",2004-11-01,31,"C"
"CUBA_GUSTAV","3","GUSTAV_CUBA_2008",2004-11-01,45,"C"
"CUBA_IAN","3","IAN_CUBA_2022",2004-11-01,36,"C"
"CUBA_MICHELLE","3","MICHELLE_CUBA_2001",2004-11-01,27,"C"
"CUBA_PALOMA","3","PALOMA_CUBA_2008",2004-11-01,15,"C"
"CUBA_SANDY","3","SANDY_CUBA_2012",2004-11-01,36,"C"
"DEAN_QROO_MX","5","DEAN_QROO_MX_2007",2004-11-01,63,"SG"
"FL_US_CHARLEY","1","CHARLEY_2004",2004-11-01,26,"FP"
"FL_US_FRANCES","1","FRANCES_US_FL_2004",2004-11-01,22,"FP"
"FL_US_IAN","1","IAN_US_FL_2022",2004-11-01,25,"FP"
"FL_US_IRMA","1","IRMA_US_FL_2017",2004-11-01,23,"FP"
"FL_US_JEANNE","1","JEANNE_US_FL_2004",2004-11-01,22,"FP"
"FL_US_MICHAEL","4","MICHAEL_US_FL_2018",2004-11-01,102,"SUS"
"FL_US_WILMA","1","WILMA_US_FL_2005",2004-11-01,25,"FP"
"LA_US_GUSTAV","4","GUSTAV_US_LA_2008",2004-11-01,145,"SUS"
"LA_US_IDA","4","IDA_US_LA_2009",2004-11-01,138,"SUS"
"LA_US_KATRINA","4","KATRINA_US_LA_2005",2004-11-01,166,"SUS"
"LA_US_LAURA","4","LAURA_US_LA_2020",2004-11-01,216,"SUS"
"LA_US_ZETA","4","ZETA_US_LA_2020",2004-11-01,139,"SUS"
"MX_ERNESTO","5","ERNESTO_MX_2012",2004-11-01,63,"SG"
"MX_GRACE","3","GRACE_MX_2021",2004-11-01,48,"C"
"MX_TAMPS_EMILY","6","EMILY_TAMPS_MX_2005",2004-11-01,31,"WG"
"NC_US_ISABEL","4","ISABEL_US_NC_2003",2004-11-01,84,"SUS"
"NIC_ETA","2","ETA_NIC_2020",2004-11-01,246,"CA"
"NIC_FELIX","2","FELIX_NIC_2007",2004-11-01,239,"CA"
"NIC_IOTA","2","IOTA_NIC_2020",2004-11-01,248,"CA"
"PR_USA_MARIA","3","MARIA_US_PR_2017",2004-11-01,282,"C"
"QROO_WILMA","3","WILMA_QROO_2005",2004-11-01,31,"C"
"TX_US_HARVEY","6","HARVEY_US_TX_2017",2004-11-01,148,"WG"
"TX_US_IKE","4","IKE_US_TX_2008",2004-11-01,268,"SUS"
"TX_US_RITA","4","RITA_US_TX_2005",2004-11-01,230,"SUS"
"US_FL_DELTA","4","DELTA_US_LA_2020",2004-11-01,208,"SUS"
"US_FL_DENNIS","4","DENNIS_US_FL_2005",2004-11-01,207,"SUS"
"VER_MX_KARL","5","KARL_MX_VER_2010",2004-11-01,11,"SG"
"YUC_DELTA","5","DELTA_YUCATAN_MX_2020",2004-11-01,30,"SG"
"YUC_MX_EMILY","5","EMILY_MX_YUC_2005",2004-11-01,35,"SG"
"YUC_MX_ISIDORE","5","ISIDORE_MX_YUC_2002",2004-11-01,9,"SG"
"AL_US_IVAN","4","IVAN_US_AL_2004",2004-12-01,133,"SUS"
"AL_US_SALLY","4","SALLY_US_AL_2020",2004-12-01,127,"SUS"
"ALEX","6","ALEX_2010",2004-12-01,9,"WG"
"BELICE_RICHARD","3","RICHARD_BELICE_2010",2004-12-01,75,"C"
"BELIZE_IRIS","2","IRIS_BELIZE_2001",2004-12-01,95,"CA"
"BETA","2","BETA_2005",2004-12-01,112,"CA"
"CR_OTTO","2","OTTO_CR_2016",2004-12-01,172.3499,"CA"
"CUBA_DENNIS","3","DENNIS_CUBA_2005",2004-12-01,16,"C"
"CUBA_GUSTAV","3","GUSTAV_CUBA_2008",2004-12-01,61,"C"
"CUBA_IAN","3","IAN_CUBA_2022",2004-12-01,54,"C"
"CUBA_MICHELLE","3","MICHELLE_CUBA_2001",2004-12-01,18,"C"
"CUBA_PALOMA","3","PALOMA_CUBA_2008",2004-12-01,6,"C"
"CUBA_SANDY","3","SANDY_CUBA_2012",2004-12-01,20,"C"
"DEAN_QROO_MX","5","DEAN_QROO_MX_2007",2004-12-01,19,"SG"
"FL_US_CHARLEY","1","CHARLEY_2004",2004-12-01,51,"FP"
"FL_US_FRANCES","1","FRANCES_US_FL_2004",2004-12-01,46,"FP"
"FL_US_IAN","1","IAN_US_FL_2022",2004-12-01,48,"FP"
"FL_US_IRMA","1","IRMA_US_FL_2017",2004-12-01,38,"FP"
"FL_US_JEANNE","1","JEANNE_US_FL_2004",2004-12-01,46,"FP"
"FL_US_MICHAEL","4","MICHAEL_US_FL_2018",2004-12-01,75,"SUS"
"FL_US_WILMA","1","WILMA_US_FL_2005",2004-12-01,29,"FP"
"LA_US_GUSTAV","4","GUSTAV_US_LA_2008",2004-12-01,87,"SUS"
"LA_US_IDA","4","IDA_US_LA_2009",2004-12-01,95,"SUS"
"LA_US_KATRINA","4","KATRINA_US_LA_2005",2004-12-01,95,"SUS"
"LA_US_LAURA","4","LAURA_US_LA_2020",2004-12-01,102,"SUS"
"LA_US_ZETA","4","ZETA_US_LA_2020",2004-12-01,91,"SUS"
"MX_ERNESTO","5","ERNESTO_MX_2012",2004-12-01,19,"SG"
"MX_GRACE","3","GRACE_MX_2021",2004-12-01,10,"C"
"MX_TAMPS_EMILY","6","EMILY_TAMPS_MX_2005",2004-12-01,12,"WG"
"NC_US_ISABEL","4","ISABEL_US_NC_2003",2004-12-01,47,"SUS"
"NIC_ETA","2","ETA_NIC_2020",2004-12-01,144,"CA"
"NIC_FELIX","2","FELIX_NIC_2007",2004-12-01,203,"CA"
"NIC_IOTA","2","IOTA_NIC_2020",2004-12-01,127,"CA"
"PR_USA_MARIA","3","MARIA_US_PR_2017",2004-12-01,127,"C"
"QROO_WILMA","3","WILMA_QROO_2005",2004-12-01,26,"C"
"TX_US_HARVEY","6","HARVEY_US_TX_2017",2004-12-01,18,"WG"
"TX_US_IKE","4","IKE_US_TX_2008",2004-12-01,64,"SUS"
"TX_US_RITA","4","RITA_US_TX_2005",2004-12-01,98,"SUS"
"US_FL_DELTA","4","DELTA_US_LA_2020",2004-12-01,92,"SUS"
"US_FL_DENNIS","4","DENNIS_US_FL_2005",2004-12-01,130,"SUS"
"VER_MX_KARL","5","KARL_MX_VER_2010",2004-12-01,3,"SG"
"YUC_DELTA","5","DELTA_YUCATAN_MX_2020",2004-12-01,20,"SG"
"YUC_MX_EMILY","5","EMILY_MX_YUC_2005",2004-12-01,14,"SG"
"YUC_MX_ISIDORE","5","ISIDORE_MX_YUC_2002",2004-12-01,5,"SG"
"AL_US_IVAN","4","IVAN_US_AL_2004",2005-01-01,64,"SUS"
"AL_US_SALLY","4","SALLY_US_AL_2020",2005-01-01,59,"SUS"
"ALEX","6","ALEX_2010",2005-01-01,18,"WG"
"BELICE_RICHARD","3","RICHARD_BELICE_2010",2005-01-01,72,"C"
"BELIZE_IRIS","2","IRIS_BELIZE_2001",2005-01-01,117,"CA"
"BETA","2","BETA_2005",2005-01-01,243,"CA"
"CR_OTTO","2","OTTO_CR_2016",2005-01-01,346.4286,"CA"
"CUBA_DENNIS","3","DENNIS_CUBA_2005",2005-01-01,27,"C"
"CUBA_GUSTAV","3","GUSTAV_CUBA_2008",2005-01-01,40,"C"
"CUBA_IAN","3","IAN_CUBA_2022",2005-01-01,40,"C"
"CUBA_MICHELLE","3","MICHELLE_CUBA_2001",2005-01-01,26,"C"
"CUBA_PALOMA","3","PALOMA_CUBA_2008",2005-01-01,9,"C"
"CUBA_SANDY","3","SANDY_CUBA_2012",2005-01-01,27,"C"
"DEAN_QROO_MX","5","DEAN_QROO_MX_2007",2005-01-01,18,"SG"
"FL_US_CHARLEY","1","CHARLEY_2004",2005-01-01,28,"FP"
"FL_US_FRANCES","1","FRANCES_US_FL_2004",2005-01-01,28,"FP"
"FL_US_IAN","1","IAN_US_FL_2022",2005-01-01,25,"FP"
"FL_US_IRMA","1","IRMA_US_FL_2017",2005-01-01,20,"FP"
"FL_US_JEANNE","1","JEANNE_US_FL_2004",2005-01-01,27,"FP"
"FL_US_MICHAEL","4","MICHAEL_US_FL_2018",2005-01-01,42,"SUS"
"FL_US_WILMA","1","WILMA_US_FL_2005",2005-01-01,19,"FP"
"LA_US_GUSTAV","4","GUSTAV_US_LA_2008",2005-01-01,91,"SUS"
"LA_US_IDA","4","IDA_US_LA_2009",2005-01-01,90,"SUS"
"LA_US_KATRINA","4","KATRINA_US_LA_2005",2005-01-01,80,"SUS"
"LA_US_LAURA","4","LAURA_US_LA_2020",2005-01-01,75,"SUS"
"LA_US_ZETA","4","ZETA_US_LA_2020",2005-01-01,83,"SUS"
"MX_ERNESTO","5","ERNESTO_MX_2012",2005-01-01,19,"SG"
"MX_GRACE","3","GRACE_MX_2021",2005-01-01,37,"C"
"MX_TAMPS_EMILY","6","EMILY_TAMPS_MX_2005",2005-01-01,18,"WG"
"NC_US_ISABEL","4","ISABEL_US_NC_2003",2005-01-01,57,"SUS"
"NIC_ETA","2","ETA_NIC_2020",2005-01-01,205,"CA"
"NIC_FELIX","2","FELIX_NIC_2007",2005-01-01,206,"CA"
"NIC_IOTA","2","IOTA_NIC_2020",2005-01-01,209,"CA"
"PR_USA_MARIA","3","MARIA_US_PR_2017",2005-01-01,179,"C"
"QROO_WILMA","3","WILMA_QROO_2005",2005-01-01,23,"C"
"TX_US_HARVEY","6","HARVEY_US_TX_2017",2005-01-01,63,"WG"
"TX_US_IKE","4","IKE_US_TX_2008",2005-01-01,78,"SUS"
"TX_US_RITA","4","RITA_US_TX_2005",2005-01-01,72,"SUS"
"US_FL_DELTA","4","DELTA_US_LA_2020",2005-01-01,88,"SUS"
"US_FL_DENNIS","4","DENNIS_US_FL_2005",2005-01-01,64,"SUS"
"VER_MX_KARL","5","KARL_MX_VER_2010",2005-01-01,25,"SG"
"YUC_DELTA","5","DELTA_YUCATAN_MX_2020",2005-01-01,19,"SG"
"YUC_MX_EMILY","5","EMILY_MX_YUC_2005",2005-01-01,14,"SG"
"YUC_MX_ISIDORE","5","ISIDORE_MX_YUC_2002",2005-01-01,3,"SG"
"AL_US_IVAN","4","IVAN_US_AL_2004",2005-02-01,134,"SUS"
"AL_US_SALLY","4","SALLY_US_AL_2020",2005-02-01,118,"SUS"
"ALEX","6","ALEX_2010",2005-02-01,66,"WG"
"BELICE_RICHARD","3","RICHARD_BELICE_2010",2005-02-01,13,"C"
"BELIZE_IRIS","2","IRIS_BELIZE_2001",2005-02-01,18,"CA"
"BETA","2","BETA_2005",2005-02-01,49,"CA"
"CR_OTTO","2","OTTO_CR_2016",2005-02-01,114,"CA"
"CUBA_DENNIS","3","DENNIS_CUBA_2005",2005-02-01,10,"C"
"CUBA_GUSTAV","3","GUSTAV_CUBA_2008",2005-02-01,29,"C"
"CUBA_IAN","3","IAN_CUBA_2022",2005-02-01,28,"C"
"CUBA_MICHELLE","3","MICHELLE_CUBA_2001",2005-02-01,10,"C"
"CUBA_PALOMA","3","PALOMA_CUBA_2008",2005-02-01,6,"C"
"CUBA_SANDY","3","SANDY_CUBA_2012",2005-02-01,4,"C"
"DEAN_QROO_MX","5","DEAN_QROO_MX_2007",2005-02-01,3,"SG"
"FL_US_CHARLEY","1","CHARLEY_2004",2005-02-01,62,"FP"
"FL_US_FRANCES","1","FRANCES_US_FL_2004",2005-02-01,55,"FP"
"FL_US_IAN","1","IAN_US_FL_2022",2005-02-01,61,"FP"
"FL_US_IRMA","1","IRMA_US_FL_2017",2005-02-01,44,"FP"
"FL_US_JEANNE","1","JEANNE_US_FL_2004",2005-02-01,52,"FP"
"FL_US_MICHAEL","4","MICHAEL_US_FL_2018",2005-02-01,102,"SUS"
"FL_US_WILMA","1","WILMA_US_FL_2005",2005-02-01,28,"FP"
"LA_US_GUSTAV","4","GUSTAV_US_LA_2008",2005-02-01,239,"SUS"
"LA_US_IDA","4","IDA_US_LA_2009",2005-02-01,259,"SUS"
"LA_US_KATRINA","4","KATRINA_US_LA_2005",2005-02-01,183,"SUS"
"LA_US_LAURA","4","LAURA_US_LA_2020",2005-02-01,178,"SUS"
"LA_US_ZETA","4","ZETA_US_LA_2020",2005-02-01,248,"SUS"
"MX_ERNESTO","5","ERNESTO_MX_2012",2005-02-01,2,"SG"
"MX_GRACE","3","GRACE_MX_2021",2005-02-01,87,"C"
"MX_TAMPS_EMILY","6","EMILY_TAMPS_MX_2005",2005-02-01,51,"WG"
"NC_US_ISABEL","4","ISABEL_US_NC_2003",2005-02-01,67,"SUS"
"NIC_ETA","2","ETA_NIC_2020",2005-02-01,28,"CA"
"NIC_FELIX","2","FELIX_NIC_2007",2005-02-01,16,"CA"
"NIC_IOTA","2","IOTA_NIC_2020",2005-02-01,31,"CA"
"PR_USA_MARIA","3","MARIA_US_PR_2017",2005-02-01,29,"C"
"QROO_WILMA","3","WILMA_QROO_2005",2005-02-01,10,"C"
"TX_US_HARVEY","6","HARVEY_US_TX_2017",2005-02-01,86,"WG"
"TX_US_IKE","4","IKE_US_TX_2008",2005-02-01,121,"SUS"
"TX_US_RITA","4","RITA_US_TX_2005",2005-02-01,158,"SUS"
"US_FL_DELTA","4","DELTA_US_LA_2020",2005-02-01,185,"SUS"
"US_FL_DENNIS","4","DENNIS_US_FL_2005",2005-02-01,121,"SUS"
"VER_MX_KARL","5","KARL_MX_VER_2010",2005-02-01,10,"SG"
"YUC_DELTA","5","DELTA_YUCATAN_MX_2020",2005-02-01,8,"SG"
"YUC_MX_EMILY","5","EMILY_MX_YUC_2005",2005-02-01,5,"SG"
"YUC_MX_ISIDORE","5","ISIDORE_MX_YUC_2002",2005-02-01,1,"SG"
"AL_US_IVAN","4","IVAN_US_AL_2004",2005-03-01,153,"SUS"
"AL_US_SALLY","4","SALLY_US_AL_2020",2005-03-01,158,"SUS"
"ALEX","6","ALEX_2010",2005-03-01,26,"WG"
"BELICE_RICHARD","3","RICHARD_BELICE_2010",2005-03-01,19,"C"
"BELIZE_IRIS","2","IRIS_BELIZE_2001",2005-03-01,65,"CA"
"BETA","2","BETA_2005",2005-03-01,109,"CA"
"CR_OTTO","2","OTTO_CR_2016",2005-03-01,224,"CA"
"CUBA_DENNIS","3","DENNIS_CUBA_2005",2005-03-01,63,"C"
"CUBA_GUSTAV","3","GUSTAV_CUBA_2008",2005-03-01,131,"C"
"CUBA_IAN","3","IAN_CUBA_2022",2005-03-01,129,"C"
"CUBA_MICHELLE","3","MICHELLE_CUBA_2001",2005-03-01,59,"C"
"CUBA_PALOMA","3","PALOMA_CUBA_2008",2005-03-01,16,"C"
"CUBA_SANDY","3","SANDY_CUBA_2012",2005-03-01,30,"C"
"DEAN_QROO_MX","5","DEAN_QROO_MX_2007",2005-03-01,5,"SG"
"FL_US_CHARLEY","1","CHARLEY_2004",2005-03-01,127,"FP"
"FL_US_FRANCES","1","FRANCES_US_FL_2004",2005-03-01,142,"FP"
"FL_US_IAN","1","IAN_US_FL_2022",2005-03-01,129,"FP"
"FL_US_IRMA","1","IRMA_US_FL_2017",2005-03-01,129,"FP"
"FL_US_JEANNE","1","JEANNE_US_FL_2004",2005-03-01,143,"FP"
"FL_US_MICHAEL","4","MICHAEL_US_FL_2018",2005-03-01,199,"SUS"
"FL_US_WILMA","1","WILMA_US_FL_2005",2005-03-01,105,"FP"
"LA_US_GUSTAV","4","GUSTAV_US_LA_2008",2005-03-01,91,"SUS"
"LA_US_IDA","4","IDA_US_LA_2009",2005-03-01,112,"SUS"
"LA_US_KATRINA","4","KATRINA_US_LA_2005",2005-03-01,95,"SUS"
"LA_US_LAURA","4","LAURA_US_LA_2020",2005-03-01,69,"SUS"
"LA_US_ZETA","4","ZETA_US_LA_2020",2005-03-01,105,"SUS"
"MX_ERNESTO","5","ERNESTO_MX_2012",2005-03-01,4,"SG"
"MX_GRACE","3","GRACE_MX_2021",2005-03-01,56,"C"
"MX_TAMPS_EMILY","6","EMILY_TAMPS_MX_2005",2005-03-01,24,"WG"
"NC_US_ISABEL","4","ISABEL_US_NC_2003",2005-03-01,86,"SUS"
"NIC_ETA","2","ETA_NIC_2020",2005-03-01,82,"CA"
"NIC_FELIX","2","FELIX_NIC_2007",2005-03-01,57,"CA"
"NIC_IOTA","2","IOTA_NIC_2020",2005-03-01,92,"CA"
"PR_USA_MARIA","3","MARIA_US_PR_2017",2005-03-01,2,"C"
"QROO_WILMA","3","WILMA_QROO_2005",2005-03-01,77,"C"
"TX_US_HARVEY","6","HARVEY_US_TX_2017",2005-03-01,49,"WG"
"TX_US_IKE","4","IKE_US_TX_2008",2005-03-01,73,"SUS"
"TX_US_RITA","4","RITA_US_TX_2005",2005-03-01,68,"SUS"
"US_FL_DELTA","4","DELTA_US_LA_2020",2005-03-01,65,"SUS"
"US_FL_DENNIS","4","DENNIS_US_FL_2005",2005-03-01,161,"SUS"
"VER_MX_KARL","5","KARL_MX_VER_2010",2005-03-01,19,"SG"
"YUC_DELTA","5","DELTA_YUCATAN_MX_2020",2005-03-01,73,"SG"
"YUC_MX_EMILY","5","EMILY_MX_YUC_2005",2005-03-01,43,"SG"
"YUC_MX_ISIDORE","5","ISIDORE_MX_YUC_2002",2005-03-01,17,"SG"
"AL_US_IVAN","4","IVAN_US_AL_2004",2005-04-01,261,"SUS"
"AL_US_SALLY","4","SALLY_US_AL_2020",2005-04-01,259,"SUS"
"ALEX","6","ALEX_2010",2005-04-01,8,"WG"
"BELICE_RICHARD","3","RICHARD_BELICE_2010",2005-04-01,65,"C"
"BELIZE_IRIS","2","IRIS_BELIZE_2001",2005-04-01,120,"CA"
"BETA","2","BETA_2005",2005-04-01,31,"CA"
"CR_OTTO","2","OTTO_CR_2016",2005-04-01,62,"CA"
"CUBA_DENNIS","3","DENNIS_CUBA_2005",2005-04-01,70,"C"
"CUBA_GUSTAV","3","GUSTAV_CUBA_2008",2005-04-01,88,"C"
"CUBA_IAN","3","IAN_CUBA_2022",2005-04-01,86,"C"
"CUBA_MICHELLE","3","MICHELLE_CUBA_2001",2005-04-01,76,"C"
"CUBA_PALOMA","3","PALOMA_CUBA_2008",2005-04-01,111,"C"
"CUBA_SANDY","3","SANDY_CUBA_2012",2005-04-01,156,"C"
"DEAN_QROO_MX","5","DEAN_QROO_MX_2007",2005-04-01,42,"SG"
"FL_US_CHARLEY","1","CHARLEY_2004",2005-04-01,75,"FP"
"FL_US_FRANCES","1","FRANCES_US_FL_2004",2005-04-01,67,"FP"
"FL_US_IAN","1","IAN_US_FL_2022",2005-04-01,72,"FP"
"FL_US_IRMA","1","IRMA_US_FL_2017",2005-04-01,63,"FP"
"FL_US_JEANNE","1","JEANNE_US_FL_2004",2005-04-01,68,"FP"
"FL_US_MICHAEL","4","MICHAEL_US_FL_2018",2005-04-01,217,"SUS"
"FL_US_WILMA","1","WILMA_US_FL_2005",2005-04-01,53,"FP"
"LA_US_GUSTAV","4","GUSTAV_US_LA_2008",2005-04-01,53,"SUS"
"LA_US_IDA","4","IDA_US_LA_2009",2005-04-01,73,"SUS"
"LA_US_KATRINA","4","KATRINA_US_LA_2005",2005-04-01,218,"SUS"
"LA_US_LAURA","4","LAURA_US_LA_2020",2005-04-01,34,"SUS"
"LA_US_ZETA","4","ZETA_US_LA_2020",2005-04-01,85,"SUS"
"MX_ERNESTO","5","ERNESTO_MX_2012",2005-04-01,42,"SG"
"MX_GRACE","3","GRACE_MX_2021",2005-04-01,39,"C"
"MX_TAMPS_EMILY","6","EMILY_TAMPS_MX_2005",2005-04-01,6,"WG"
"NC_US_ISABEL","4","ISABEL_US_NC_2003",2005-04-01,92,"SUS"
"NIC_ETA","2","ETA_NIC_2020",2005-04-01,24,"CA"
"NIC_FELIX","2","FELIX_NIC_2007",2005-04-01,15,"CA"
"NIC_IOTA","2","IOTA_NIC_2020",2005-04-01,27,"CA"
"PR_USA_MARIA","3","MARIA_US_PR_2017",2005-04-01,282.4286,"C"
"QROO_WILMA","3","WILMA_QROO_2005",2005-04-01,42,"C"
"TX_US_HARVEY","6","HARVEY_US_TX_2017",2005-04-01,16,"WG"
"TX_US_IKE","4","IKE_US_TX_2008",2005-04-01,33,"SUS"
"TX_US_RITA","4","RITA_US_TX_2005",2005-04-01,36,"SUS"
"US_FL_DELTA","4","DELTA_US_LA_2020",2005-04-01,34,"SUS"
"US_FL_DENNIS","4","DENNIS_US_FL_2005",2005-04-01,256,"SUS"
"VER_MX_KARL","5","KARL_MX_VER_2010",2005-04-01,13,"SG"
"YUC_DELTA","5","DELTA_YUCATAN_MX_2020",2005-04-01,40,"SG"
"YUC_MX_EMILY","5","EMILY_MX_YUC_2005",2005-04-01,40,"SG"
"YUC_MX_ISIDORE","5","ISIDORE_MX_YUC_2002",2005-04-01,25,"SG"
"AL_US_IVAN","4","IVAN_US_AL_2004",2005-05-01,95,"SUS"
"AL_US_SALLY","4","SALLY_US_AL_2020",2005-05-01,93,"SUS"
"ALEX","6","ALEX_2010",2005-05-01,130,"WG"
"BELICE_RICHARD","3","RICHARD_BELICE_2010",2005-05-01,52,"C"
"BELIZE_IRIS","2","IRIS_BELIZE_2001",2005-05-01,103,"CA"
"BETA","2","BETA_2005",2005-05-01,319,"CA"
"CR_OTTO","2","OTTO_CR_2016",2005-05-01,223,"CA"
"CUBA_DENNIS","3","DENNIS_CUBA_2005",2005-05-01,97,"C"
"CUBA_GUSTAV","3","GUSTAV_CUBA_2008",2005-05-01,117,"C"
"CUBA_IAN","3","IAN_CUBA_2022",2005-05-01,129,"C"
"CUBA_MICHELLE","3","MICHELLE_CUBA_2001",2005-05-01,100,"C"
"CUBA_PALOMA","3","PALOMA_CUBA_2008",2005-05-01,158,"C"
"CUBA_SANDY","3","SANDY_CUBA_2012",2005-05-01,245,"C"
"DEAN_QROO_MX","5","DEAN_QROO_MX_2007",2005-05-01,112,"SG"
"FL_US_CHARLEY","1","CHARLEY_2004",2005-05-01,114,"FP"
"FL_US_FRANCES","1","FRANCES_US_FL_2004",2005-05-01,102,"FP"
"FL_US_IAN","1","IAN_US_FL_2022",2005-05-01,109,"FP"
"FL_US_IRMA","1","IRMA_US_FL_2017",2005-05-01,95,"FP"
"FL_US_JEANNE","1","JEANNE_US_FL_2004",2005-05-01,102,"FP"
"FL_US_MICHAEL","4","MICHAEL_US_FL_2018",2005-05-01,95,"SUS"
"FL_US_WILMA","1","WILMA_US_FL_2005",2005-05-01,101,"FP"
"LA_US_GUSTAV","4","GUSTAV_US_LA_2008",2005-05-01,81,"SUS"
"LA_US_IDA","4","IDA_US_LA_2009",2005-05-01,85,"SUS"
"LA_US_KATRINA","4","KATRINA_US_LA_2005",2005-05-01,82,"SUS"
"LA_US_LAURA","4","LAURA_US_LA_2020",2005-05-01,78,"SUS"
"LA_US_ZETA","4","ZETA_US_LA_2020",2005-05-01,87,"SUS"
"MX_ERNESTO","5","ERNESTO_MX_2012",2005-05-01,108,"SG"
"MX_GRACE","3","GRACE_MX_2021",2005-05-01,140,"C"
"MX_TAMPS_EMILY","6","EMILY_TAMPS_MX_2005",2005-05-01,71,"WG"
"NC_US_ISABEL","4","ISABEL_US_NC_2003",2005-05-01,160,"SUS"
"NIC_ETA","2","ETA_NIC_2020",2005-05-01,428.25,"CA"
"NIC_FELIX","2","FELIX_NIC_2007",2005-05-01,539,"CA"
"NIC_IOTA","2","IOTA_NIC_2020",2005-05-01,381,"CA"
"PR_USA_MARIA","3","MARIA_US_PR_2017",2005-05-01,284.4286,"C"
"QROO_WILMA","3","WILMA_QROO_2005",2005-05-01,175,"C"
"TX_US_HARVEY","6","HARVEY_US_TX_2017",2005-05-01,59,"WG"
"TX_US_IKE","4","IKE_US_TX_2008",2005-05-01,141,"SUS"
"TX_US_RITA","4","RITA_US_TX_2005",2005-05-01,101,"SUS"
"US_FL_DELTA","4","DELTA_US_LA_2020",2005-05-01,64,"SUS"
"US_FL_DENNIS","4","DENNIS_US_FL_2005",2005-05-01,92,"SUS"
"VER_MX_KARL","5","KARL_MX_VER_2010",2005-05-01,58,"SG"
"YUC_DELTA","5","DELTA_YUCATAN_MX_2020",2005-05-01,179,"SG"
"YUC_MX_EMILY","5","EMILY_MX_YUC_2005",2005-05-01,193,"SG"
"YUC_MX_ISIDORE","5","ISIDORE_MX_YUC_2002",2005-05-01,175,"SG"
"AL_US_IVAN","4","IVAN_US_AL_2004",2005-06-01,174,"SUS"
"AL_US_SALLY","4","SALLY_US_AL_2020",2005-06-01,206,"SUS"
"ALEX","6","ALEX_2010",2005-06-01,27,"WG"
"BELICE_RICHARD","3","RICHARD_BELICE_2010",2005-06-01,427,"C"
"BELIZE_IRIS","2","IRIS_BELIZE_2001",2005-06-01,708,"CA"
"BETA","2","BETA_2005",2005-06-01,349,"CA"
"CR_OTTO","2","OTTO_CR_2016",2005-06-01,350,"CA"
"CUBA_DENNIS","3","DENNIS_CUBA_2005",2005-06-01,404.6775,"C"
"CUBA_GUSTAV","3","GUSTAV_CUBA_2008",2005-06-01,504,"C"
"CUBA_IAN","3","IAN_CUBA_2022",2005-06-01,490,"C"
"CUBA_MICHELLE","3","MICHELLE_CUBA_2001",2005-06-01,494,"C"
"CUBA_PALOMA","3","PALOMA_CUBA_2008",2005-06-01,406,"C"
"CUBA_SANDY","3","SANDY_CUBA_2012",2005-06-01,484.4425,"C"
"DEAN_QROO_MX","5","DEAN_QROO_MX_2007",2005-06-01,247,"SG"
"FL_US_CHARLEY","1","CHARLEY_2004",2005-06-01,412,"FP"
"FL_US_FRANCES","1","FRANCES_US_FL_2004",2005-06-01,344,"FP"
"FL_US_IAN","1","IAN_US_FL_2022",2005-06-01,416,"FP"
"FL_US_IRMA","1","IRMA_US_FL_2017",2005-06-01,451,"FP"
"FL_US_JEANNE","1","JEANNE_US_FL_2004",2005-06-01,334,"FP"
"FL_US_MICHAEL","4","MICHAEL_US_FL_2018",2005-06-01,220,"SUS"
"FL_US_WILMA","1","WILMA_US_FL_2005",2005-06-01,441,"FP"
"LA_US_GUSTAV","4","GUSTAV_US_LA_2008",2005-06-01,138,"SUS"
"LA_US_IDA","4","IDA_US_LA_2009",2005-06-01,138,"SUS"
"LA_US_KATRINA","4","KATRINA_US_LA_2005",2005-06-01,83,"SUS"
"LA_US_LAURA","4","LAURA_US_LA_2020",2005-06-01,73,"SUS"
"LA_US_ZETA","4","ZETA_US_LA_2020",2005-06-01,126,"SUS"
"MX_ERNESTO","5","ERNESTO_MX_2012",2005-06-01,253,"SG"
"MX_GRACE","3","GRACE_MX_2021",2005-06-01,117,"C"
"MX_TAMPS_EMILY","6","EMILY_TAMPS_MX_2005",2005-06-01,19,"WG"
"NC_US_ISABEL","4","ISABEL_US_NC_2003",2005-06-01,146,"SUS"
"NIC_ETA","2","ETA_NIC_2020",2005-06-01,348,"CA"
"NIC_FELIX","2","FELIX_NIC_2007",2005-06-01,336,"CA"
"NIC_IOTA","2","IOTA_NIC_2020",2005-06-01,342,"CA"
"PR_USA_MARIA","3","MARIA_US_PR_2017",2005-06-01,226,"C"
"QROO_WILMA","3","WILMA_QROO_2005",2005-06-01,257,"C"
"TX_US_HARVEY","6","HARVEY_US_TX_2017",2005-06-01,42,"WG"
"TX_US_IKE","4","IKE_US_TX_2008",2005-06-01,40,"SUS"
"TX_US_RITA","4","RITA_US_TX_2005",2005-06-01,67,"SUS"
"US_FL_DELTA","4","DELTA_US_LA_2020",2005-06-01,87,"SUS"
"US_FL_DENNIS","4","DENNIS_US_FL_2005",2005-06-01,200,"SUS"
"VER_MX_KARL","5","KARL_MX_VER_2010",2005-06-01,194,"SG"
"YUC_DELTA","5","DELTA_YUCATAN_MX_2020",2005-06-01,257,"SG"
"YUC_MX_EMILY","5","EMILY_MX_YUC_2005",2005-06-01,253,"SG"
"YUC_MX_ISIDORE","5","ISIDORE_MX_YUC_2002",2005-06-01,247,"SG"
"AL_US_IVAN","4","IVAN_US_AL_2004",2005-07-01,288,"SUS"
"AL_US_SALLY","4","SALLY_US_AL_2020",2005-07-01,289,"SUS"
"ALEX","6","ALEX_2010",2005-07-01,182,"WG"
"BELICE_RICHARD","3","RICHARD_BELICE_2010",2005-07-01,194,"C"
"BELIZE_IRIS","2","IRIS_BELIZE_2001",2005-07-01,556.5,"CA"
"BETA","2","BETA_2005",2005-07-01,442,"CA"
"CR_OTTO","2","OTTO_CR_2016",2005-07-01,398.2857,"CA"
"CUBA_DENNIS","3","DENNIS_CUBA_2005",2005-07-01,247,"C"
"CUBA_GUSTAV","3","GUSTAV_CUBA_2008",2005-07-01,245,"C"
"CUBA_IAN","3","IAN_CUBA_2022",2005-07-01,254,"C"
"CUBA_MICHELLE","3","MICHELLE_CUBA_2001",2005-07-01,239,"C"
"CUBA_PALOMA","3","PALOMA_CUBA_2008",2005-07-01,131,"C"
"CUBA_SANDY","3","SANDY_CUBA_2012",2005-07-01,111,"C"
"DEAN_QROO_MX","5","DEAN_QROO_MX_2007",2005-07-01,104,"SG"
"FL_US_CHARLEY","1","CHARLEY_2004",2005-07-01,208,"FP"
"FL_US_FRANCES","1","FRANCES_US_FL_2004",2005-07-01,154,"FP"
"FL_US_IAN","1","IAN_US_FL_2022",2005-07-01,205,"FP"
"FL_US_IRMA","1","IRMA_US_FL_2017",2005-07-01,224,"FP"
"FL_US_JEANNE","1","JEANNE_US_FL_2004",2005-07-01,156,"FP"
"FL_US_MICHAEL","4","MICHAEL_US_FL_2018",2005-07-01,252,"SUS"
"FL_US_WILMA","1","WILMA_US_FL_2005",2005-07-01,211,"FP"
"LA_US_GUSTAV","4","GUSTAV_US_LA_2008",2005-07-01,185,"SUS"
"LA_US_IDA","4","IDA_US_LA_2009",2005-07-01,202,"SUS"
"LA_US_KATRINA","4","KATRINA_US_LA_2005",2005-07-01,237,"SUS"
"LA_US_LAURA","4","LAURA_US_LA_2020",2005-07-01,143,"SUS"
"LA_US_ZETA","4","ZETA_US_LA_2020",2005-07-01,228,"SUS"
"MX_ERNESTO","5","ERNESTO_MX_2012",2005-07-01,102,"SG"
"MX_GRACE","3","GRACE_MX_2021",2005-07-01,196.6667,"C"
"MX_TAMPS_EMILY","6","EMILY_TAMPS_MX_2005",2005-07-01,181,"WG"
"NC_US_ISABEL","4","ISABEL_US_NC_2003",2005-07-01,209,"SUS"
"NIC_ETA","2","ETA_NIC_2020",2005-07-01,486,"CA"
"NIC_FELIX","2","FELIX_NIC_2007",2005-07-01,542,"CA"
"NIC_IOTA","2","IOTA_NIC_2020",2005-07-01,462,"CA"
"PR_USA_MARIA","3","MARIA_US_PR_2017",2005-07-01,296,"C"
"QROO_WILMA","3","WILMA_QROO_2005",2005-07-01,164,"C"
"TX_US_HARVEY","6","HARVEY_US_TX_2017",2005-07-01,117,"WG"
"TX_US_IKE","4","IKE_US_TX_2008",2005-07-01,182,"SUS"
"TX_US_RITA","4","RITA_US_TX_2005",2005-07-01,152,"SUS"
"US_FL_DELTA","4","DELTA_US_LA_2020",2005-07-01,131,"SUS"
"US_FL_DENNIS","4","DENNIS_US_FL_2005",2005-07-01,270,"SUS"
"VER_MX_KARL","5","KARL_MX_VER_2010",2005-07-01,228.6725,"SG"
"YUC_DELTA","5","DELTA_YUCATAN_MX_2020",2005-07-01,178,"SG"
"YUC_MX_EMILY","5","EMILY_MX_YUC_2005",2005-07-01,150,"SG"
"YUC_MX_ISIDORE","5","ISIDORE_MX_YUC_2002",2005-07-01,195,"SG"
"AL_US_IVAN","4","IVAN_US_AL_2004",2005-08-01,254,"SUS"
"AL_US_SALLY","4","SALLY_US_AL_2020",2005-08-01,250,"SUS"
"ALEX","6","ALEX_2010",2005-08-01,49,"WG"
"BELICE_RICHARD","3","RICHARD_BELICE_2010",2005-08-01,264,"C"
"BELIZE_IRIS","2","IRIS_BELIZE_2001",2005-08-01,638.6667,"CA"
"BETA","2","BETA_2005",2005-08-01,237,"CA"
"CR_OTTO","2","OTTO_CR_2016",2005-08-01,282,"CA"
"CUBA_DENNIS","3","DENNIS_CUBA_2005",2005-08-01,315,"C"
"CUBA_GUSTAV","3","GUSTAV_CUBA_2008",2005-08-01,243,"C"
"CUBA_IAN","3","IAN_CUBA_2022",2005-08-01,234,"C"
"CUBA_MICHELLE","3","MICHELLE_CUBA_2001",2005-08-01,303,"C"
"CUBA_PALOMA","3","PALOMA_CUBA_2008",2005-08-01,122,"C"
"CUBA_SANDY","3","SANDY_CUBA_2012",2005-08-01,126,"C"
"DEAN_QROO_MX","5","DEAN_QROO_MX_2007",2005-08-01,150,"SG"
"FL_US_CHARLEY","1","CHARLEY_2004",2005-08-01,177,"FP"
"FL_US_FRANCES","1","FRANCES_US_FL_2004",2005-08-01,149,"FP"
"FL_US_IAN","1","IAN_US_FL_2022",2005-08-01,169,"FP"
"FL_US_IRMA","1","IRMA_US_FL_2017",2005-08-01,226,"FP"
"FL_US_JEANNE","1","JEANNE_US_FL_2004",2005-08-01,150,"FP"
"FL_US_MICHAEL","4","MICHAEL_US_FL_2018",2005-08-01,243,"SUS"
"FL_US_WILMA","1","WILMA_US_FL_2005",2005-08-01,213,"FP"
"LA_US_GUSTAV","4","GUSTAV_US_LA_2008",2005-08-01,198,"SUS"
"LA_US_IDA","4","IDA_US_LA_2009",2005-08-01,199,"SUS"
"LA_US_KATRINA","4","KATRINA_US_LA_2005",2005-08-01,223,"SUS"
"LA_US_LAURA","4","LAURA_US_LA_2020",2005-08-01,89,"SUS"
"LA_US_ZETA","4","ZETA_US_LA_2020",2005-08-01,205,"SUS"
"MX_ERNESTO","5","ERNESTO_MX_2012",2005-08-01,149,"SG"
"MX_GRACE","3","GRACE_MX_2021",2005-08-01,270.3295,"C"
"MX_TAMPS_EMILY","6","EMILY_TAMPS_MX_2005",2005-08-01,35,"WG"
"NC_US_ISABEL","4","ISABEL_US_NC_2003",2005-08-01,89,"SUS"
"NIC_ETA","2","ETA_NIC_2020",2005-08-01,201,"CA"
"NIC_FELIX","2","FELIX_NIC_2007",2005-08-01,181,"CA"
"NIC_IOTA","2","IOTA_NIC_2020",2005-08-01,209,"CA"
"PR_USA_MARIA","3","MARIA_US_PR_2017",2005-08-01,302,"C"
"QROO_WILMA","3","WILMA_QROO_2005",2005-08-01,127,"C"
"TX_US_HARVEY","6","HARVEY_US_TX_2017",2005-08-01,36,"WG"
"TX_US_IKE","4","IKE_US_TX_2008",2005-08-01,71,"SUS"
"TX_US_RITA","4","RITA_US_TX_2005",2005-08-01,80,"SUS"
"US_FL_DELTA","4","DELTA_US_LA_2020",2005-08-01,103,"SUS"
"US_FL_DENNIS","4","DENNIS_US_FL_2005",2005-08-01,232,"SUS"
"VER_MX_KARL","5","KARL_MX_VER_2010",2005-08-01,294.2609,"SG"
"YUC_DELTA","5","DELTA_YUCATAN_MX_2020",2005-08-01,133,"SG"
"YUC_MX_EMILY","5","EMILY_MX_YUC_2005",2005-08-01,156,"SG"
"YUC_MX_ISIDORE","5","ISIDORE_MX_YUC_2002",2005-08-01,152,"SG"
"AL_US_IVAN","4","IVAN_US_AL_2004",2005-09-01,125,"SUS"
"AL_US_SALLY","4","SALLY_US_AL_2020",2005-09-01,145,"SUS"
"ALEX","6","ALEX_2010",2005-09-01,139,"WG"
"BELICE_RICHARD","3","RICHARD_BELICE_2010",2005-09-01,208,"C"
"BELIZE_IRIS","2","IRIS_BELIZE_2001",2005-09-01,419,"CA"
"BETA","2","BETA_2005",2005-09-01,276,"CA"
"CR_OTTO","2","OTTO_CR_2016",2005-09-01,331,"CA"
"CUBA_DENNIS","3","DENNIS_CUBA_2005",2005-09-01,309,"C"
"CUBA_GUSTAV","3","GUSTAV_CUBA_2008",2005-09-01,267,"C"
"CUBA_IAN","3","IAN_CUBA_2022",2005-09-01,257,"C"
"CUBA_MICHELLE","3","MICHELLE_CUBA_2001",2005-09-01,311,"C"
"CUBA_PALOMA","3","PALOMA_CUBA_2008",2005-09-01,213,"C"
"CUBA_SANDY","3","SANDY_CUBA_2012",2005-09-01,174,"C"
"DEAN_QROO_MX","5","DEAN_QROO_MX_2007",2005-09-01,148,"SG"
"FL_US_CHARLEY","1","CHARLEY_2004",2005-09-01,99,"FP"
"FL_US_FRANCES","1","FRANCES_US_FL_2004",2005-09-01,130,"FP"
"FL_US_IAN","1","IAN_US_FL_2022",2005-09-01,103,"FP"
"FL_US_IRMA","1","IRMA_US_FL_2017",2005-09-01,152,"FP"
"FL_US_JEANNE","1","JEANNE_US_FL_2004",2005-09-01,134,"FP"
"FL_US_MICHAEL","4","MICHAEL_US_FL_2018",2005-09-01,55,"SUS"
"FL_US_WILMA","1","WILMA_US_FL_2005",2005-09-01,175,"FP"
"LA_US_GUSTAV","4","GUSTAV_US_LA_2008",2005-09-01,182,"SUS"
"LA_US_IDA","4","IDA_US_LA_2009",2005-09-01,161,"SUS"
"LA_US_KATRINA","4","KATRINA_US_LA_2005",2005-09-01,61,"SUS"
"LA_US_LAURA","4","LAURA_US_LA_2020",2005-09-01,146,"SUS"
"LA_US_ZETA","4","ZETA_US_LA_2020",2005-09-01,144,"SUS"
"MX_ERNESTO","5","ERNESTO_MX_2012",2005-09-01,152,"SG"
"MX_GRACE","3","GRACE_MX_2021",2005-09-01,209,"C"
"MX_TAMPS_EMILY","6","EMILY_TAMPS_MX_2005",2005-09-01,112,"WG"
"NC_US_ISABEL","4","ISABEL_US_NC_2003",2005-09-01,59,"SUS"
"NIC_ETA","2","ETA_NIC_2020",2005-09-01,304,"CA"
"NIC_FELIX","2","FELIX_NIC_2007",2005-09-01,311,"CA"
"NIC_IOTA","2","IOTA_NIC_2020",2005-09-01,284,"CA"
"PR_USA_MARIA","3","MARIA_US_PR_2017",2005-09-01,141,"C"
"QROO_WILMA","3","WILMA_QROO_2005",2005-09-01,131,"C"
"TX_US_HARVEY","6","HARVEY_US_TX_2017",2005-09-01,72,"WG"
"TX_US_IKE","4","IKE_US_TX_2008",2005-09-01,49,"SUS"
"TX_US_RITA","4","RITA_US_TX_2005",2005-09-01,125,"SUS"
"US_FL_DELTA","4","DELTA_US_LA_2020",2005-09-01,184,"SUS"
"US_FL_DENNIS","4","DENNIS_US_FL_2005",2005-09-01,141,"SUS"
"VER_MX_KARL","5","KARL_MX_VER_2010",2005-09-01,204.2932,"SG"
"YUC_DELTA","5","DELTA_YUCATAN_MX_2020",2005-09-01,131,"SG"
"YUC_MX_EMILY","5","EMILY_MX_YUC_2005",2005-09-01,136,"SG"
"YUC_MX_ISIDORE","5","ISIDORE_MX_YUC_2002",2005-09-01,107,"SG"
"AL_US_IVAN","4","IVAN_US_AL_2004",2005-10-01,4,"SUS"
"AL_US_SALLY","4","SALLY_US_AL_2020",2005-10-01,5,"SUS"
"ALEX","6","ALEX_2010",2005-10-01,138,"WG"
"BELICE_RICHARD","3","RICHARD_BELICE_2010",2005-10-01,228,"C"
"BELIZE_IRIS","2","IRIS_BELIZE_2001",2005-10-01,386.2725,"CA"
"BETA","2","BETA_2005",2005-10-01,405,"CA"
"CR_OTTO","2","OTTO_CR_2016",2005-10-01,396,"CA"
"CUBA_DENNIS","3","DENNIS_CUBA_2005",2005-10-01,236,"C"
"CUBA_GUSTAV","3","GUSTAV_CUBA_2008",2005-10-01,277,"C"
"CUBA_IAN","3","IAN_CUBA_2022",2005-10-01,293,"C"
"CUBA_MICHELLE","3","MICHELLE_CUBA_2001",2005-10-01,275,"C"
"CUBA_PALOMA","3","PALOMA_CUBA_2008",2005-10-01,376,"C"
"CUBA_SANDY","3","SANDY_CUBA_2012",2005-10-01,449,"C"
"DEAN_QROO_MX","5","DEAN_QROO_MX_2007",2005-10-01,188,"SG"
"FL_US_CHARLEY","1","CHARLEY_2004",2005-10-01,131,"FP"
"FL_US_FRANCES","1","FRANCES_US_FL_2004",2005-10-01,161,"FP"
"FL_US_IAN","1","IAN_US_FL_2022",2005-10-01,136,"FP"
"FL_US_IRMA","1","IRMA_US_FL_2017",2005-10-01,150,"FP"
"FL_US_JEANNE","1","JEANNE_US_FL_2004",2005-10-01,165,"FP"
"FL_US_MICHAEL","4","MICHAEL_US_FL_2018",2005-10-01,20,"SUS"
"FL_US_WILMA","1","WILMA_US_FL_2005",2005-10-01,146,"FP"
"LA_US_GUSTAV","4","GUSTAV_US_LA_2008",2005-10-01,9,"SUS"
"LA_US_IDA","4","IDA_US_LA_2009",2005-10-01,6,"SUS"
"LA_US_KATRINA","4","KATRINA_US_LA_2005",2005-10-01,1,"SUS"
"LA_US_LAURA","4","LAURA_US_LA_2020",2005-10-01,17,"SUS"
"LA_US_ZETA","4","ZETA_US_LA_2020",2005-10-01,4,"SUS"
"MX_ERNESTO","5","ERNESTO_MX_2012",2005-10-01,185,"SG"
"MX_GRACE","3","GRACE_MX_2021",2005-10-01,304,"C"
"MX_TAMPS_EMILY","6","EMILY_TAMPS_MX_2005",2005-10-01,91,"WG"
"NC_US_ISABEL","4","ISABEL_US_NC_2003",2005-10-01,186,"SUS"
"NIC_ETA","2","ETA_NIC_2020",2005-10-01,377,"CA"
"NIC_FELIX","2","FELIX_NIC_2007",2005-10-01,381,"CA"
"NIC_IOTA","2","IOTA_NIC_2020",2005-10-01,379,"CA"
"PR_USA_MARIA","3","MARIA_US_PR_2017",2005-10-01,462.1542,"C"
"QROO_WILMA","3","WILMA_QROO_2005",2005-10-01,280,"C"
"TX_US_HARVEY","6","HARVEY_US_TX_2017",2005-10-01,57,"WG"
"TX_US_IKE","4","IKE_US_TX_2008",2005-10-01,53,"SUS"
"TX_US_RITA","4","RITA_US_TX_2005",2005-10-01,25,"SUS"
"US_FL_DELTA","4","DELTA_US_LA_2020",2005-10-01,11,"SUS"
"US_FL_DENNIS","4","DENNIS_US_FL_2005",2005-10-01,5,"SUS"
"VER_MX_KARL","5","KARL_MX_VER_2010",2005-10-01,150.3773,"SG"
"YUC_DELTA","5","DELTA_YUCATAN_MX_2020",2005-10-01,280,"SG"
"YUC_MX_EMILY","5","EMILY_MX_YUC_2005",2005-10-01,239,"SG"
"YUC_MX_ISIDORE","5","ISIDORE_MX_YUC_2002",2005-10-01,179,"SG"
"AL_US_IVAN","4","IVAN_US_AL_2004",2005-11-01,85,"SUS"
"AL_US_SALLY","4","SALLY_US_AL_2020",2005-11-01,101,"SUS"
"ALEX","6","ALEX_2010",2005-11-01,22,"WG"
"BELICE_RICHARD","3","RICHARD_BELICE_2010",2005-11-01,146,"C"
"BELIZE_IRIS","2","IRIS_BELIZE_2001",2005-11-01,149,"CA"
"BETA","2","BETA_2005",2005-11-01,239,"CA"
"CR_OTTO","2","OTTO_CR_2016",2005-11-01,396,"CA"
"CUBA_DENNIS","3","DENNIS_CUBA_2005",2005-11-01,41,"C"
"CUBA_GUSTAV","3","GUSTAV_CUBA_2008",2005-11-01,100,"C"
"CUBA_IAN","3","IAN_CUBA_2022",2005-11-01,98,"C"
"CUBA_MICHELLE","3","MICHELLE_CUBA_2001",2005-11-01,37,"C"
"CUBA_PALOMA","3","PALOMA_CUBA_2008",2005-11-01,31,"C"
"CUBA_SANDY","3","SANDY_CUBA_2012",2005-11-01,100,"C"
"DEAN_QROO_MX","5","DEAN_QROO_MX_2007",2005-11-01,76,"SG"
"FL_US_CHARLEY","1","CHARLEY_2004",2005-11-01,66,"FP"
"FL_US_FRANCES","1","FRANCES_US_FL_2004",2005-11-01,87,"FP"
"FL_US_IAN","1","IAN_US_FL_2022",2005-11-01,70,"FP"
"FL_US_IRMA","1","IRMA_US_FL_2017",2005-11-01,72,"FP"
"FL_US_JEANNE","1","JEANNE_US_FL_2004",2005-11-01,93,"FP"
"FL_US_MICHAEL","4","MICHAEL_US_FL_2018",2005-11-01,87,"SUS"
"FL_US_WILMA","1","WILMA_US_FL_2005",2005-11-01,75,"FP"
"LA_US_GUSTAV","4","GUSTAV_US_LA_2008",2005-11-01,60,"SUS"
"LA_US_IDA","4","IDA_US_LA_2009",2005-11-01,56,"SUS"
"LA_US_KATRINA","4","KATRINA_US_LA_2005",2005-11-01,68,"SUS"
"LA_US_LAURA","4","LAURA_US_LA_2020",2005-11-01,93,"SUS"
"LA_US_ZETA","4","ZETA_US_LA_2020",2005-11-01,54,"SUS"
"MX_ERNESTO","5","ERNESTO_MX_2012",2005-11-01,75,"SG"
"MX_GRACE","3","GRACE_MX_2021",2005-11-01,92,"C"
"MX_TAMPS_EMILY","6","EMILY_TAMPS_MX_2005",2005-11-01,22,"WG"
"NC_US_ISABEL","4","ISABEL_US_NC_2003",2005-11-01,70,"SUS"
"NIC_ETA","2","ETA_NIC_2020",2005-11-01,265,"CA"
"NIC_FELIX","2","FELIX_NIC_2007",2005-11-01,317,"CA"
"NIC_IOTA","2","IOTA_NIC_2020",2005-11-01,250,"CA"
"PR_USA_MARIA","3","MARIA_US_PR_2017",2005-11-01,232,"C"
"QROO_WILMA","3","WILMA_QROO_2005",2005-11-01,143,"C"
"TX_US_HARVEY","6","HARVEY_US_TX_2017",2005-11-01,56,"WG"
"TX_US_IKE","4","IKE_US_TX_2008",2005-11-01,77,"SUS"
"TX_US_RITA","4","RITA_US_TX_2005",2005-11-01,96,"SUS"
"US_FL_DELTA","4","DELTA_US_LA_2020",2005-11-01,87,"SUS"
"US_FL_DENNIS","4","DENNIS_US_FL_2005",2005-11-01,93,"SUS"
"VER_MX_KARL","5","KARL_MX_VER_2010",2005-11-01,48,"SG"
"YUC_DELTA","5","DELTA_YUCATAN_MX_2020",2005-11-01,130,"SG"
"YUC_MX_EMILY","5","EMILY_MX_YUC_2005",2005-11-01,93,"SG"
"YUC_MX_ISIDORE","5","ISIDORE_MX_YUC_2002",2005-11-01,55,"SG"
"AL_US_IVAN","4","IVAN_US_AL_2004",2005-12-01,119,"SUS"
"AL_US_SALLY","4","SALLY_US_AL_2020",2005-12-01,110,"SUS"
"ALEX","6","ALEX_2010",2005-12-01,20,"WG"
"BELICE_RICHARD","3","RICHARD_BELICE_2010",2005-12-01,134,"C"
"BELIZE_IRIS","2","IRIS_BELIZE_2001",2005-12-01,145,"CA"
"BETA","2","BETA_2005",2005-12-01,151,"CA"
"CR_OTTO","2","OTTO_CR_2016",2005-12-01,298.6083,"CA"
"CUBA_DENNIS","3","DENNIS_CUBA_2005",2005-12-01,6,"C"
"CUBA_GUSTAV","3","GUSTAV_CUBA_2008",2005-12-01,57,"C"
"CUBA_IAN","3","IAN_CUBA_2022",2005-12-01,66,"C"
"CUBA_MICHELLE","3","MICHELLE_CUBA_2001",2005-12-01,7,"C"
"CUBA_PALOMA","3","PALOMA_CUBA_2008",2005-12-01,15,"C"
"CUBA_SANDY","3","SANDY_CUBA_2012",2005-12-01,28,"C"
"DEAN_QROO_MX","5","DEAN_QROO_MX_2007",2005-12-01,36,"SG"
"FL_US_CHARLEY","1","CHARLEY_2004",2005-12-01,25,"FP"
"FL_US_FRANCES","1","FRANCES_US_FL_2004",2005-12-01,28,"FP"
"FL_US_IAN","1","IAN_US_FL_2022",2005-12-01,22,"FP"
"FL_US_IRMA","1","IRMA_US_FL_2017",2005-12-01,18,"FP"
"FL_US_JEANNE","1","JEANNE_US_FL_2004",2005-12-01,28,"FP"
"FL_US_MICHAEL","4","MICHAEL_US_FL_2018",2005-12-01,113,"SUS"
"FL_US_WILMA","1","WILMA_US_FL_2005",2005-12-01,23,"FP"
"LA_US_GUSTAV","4","GUSTAV_US_LA_2008",2005-12-01,91,"SUS"
"LA_US_IDA","4","IDA_US_LA_2009",2005-12-01,96,"SUS"
"LA_US_KATRINA","4","KATRINA_US_LA_2005",2005-12-01,116,"SUS"
"LA_US_LAURA","4","LAURA_US_LA_2020",2005-12-01,117,"SUS"
"LA_US_ZETA","4","ZETA_US_LA_2020",2005-12-01,93,"SUS"
"MX_ERNESTO","5","ERNESTO_MX_2012",2005-12-01,36,"SG"
"MX_GRACE","3","GRACE_MX_2021",2005-12-01,26,"C"
"MX_TAMPS_EMILY","6","EMILY_TAMPS_MX_2005",2005-12-01,18,"WG"
"NC_US_ISABEL","4","ISABEL_US_NC_2003",2005-12-01,107,"SUS"
"NIC_ETA","2","ETA_NIC_2020",2005-12-01,170,"CA"
"NIC_FELIX","2","FELIX_NIC_2007",2005-12-01,229,"CA"
"NIC_IOTA","2","IOTA_NIC_2020",2005-12-01,155,"CA"
"PR_USA_MARIA","3","MARIA_US_PR_2017",2005-12-01,102,"C"
"QROO_WILMA","3","WILMA_QROO_2005",2005-12-01,134,"C"
"TX_US_HARVEY","6","HARVEY_US_TX_2017",2005-12-01,13,"WG"
"TX_US_IKE","4","IKE_US_TX_2008",2005-12-01,61,"SUS"
"TX_US_RITA","4","RITA_US_TX_2005",2005-12-01,104,"SUS"
"US_FL_DELTA","4","DELTA_US_LA_2020",2005-12-01,117,"SUS"
"US_FL_DENNIS","4","DENNIS_US_FL_2005",2005-12-01,117,"SUS"
"VER_MX_KARL","5","KARL_MX_VER_2010",2005-12-01,11,"SG"
"YUC_DELTA","5","DELTA_YUCATAN_MX_2020",2005-12-01,103,"SG"
"YUC_MX_EMILY","5","EMILY_MX_YUC_2005",2005-12-01,55,"SG"
"YUC_MX_ISIDORE","5","ISIDORE_MX_YUC_2002",2005-12-01,28,"SG"
"AL_US_IVAN","4","IVAN_US_AL_2004",2006-01-01,83,"SUS"
"AL_US_SALLY","4","SALLY_US_AL_2020",2006-01-01,81,"SUS"
"ALEX","6","ALEX_2010",2006-01-01,7,"WG"
"BELICE_RICHARD","3","RICHARD_BELICE_2010",2006-01-01,238,"C"
"BELIZE_IRIS","2","IRIS_BELIZE_2001",2006-01-01,362,"CA"
"BETA","2","BETA_2005",2006-01-01,312,"CA"
"CR_OTTO","2","OTTO_CR_2016",2006-01-01,434.3636,"CA"
"CUBA_DENNIS","3","DENNIS_CUBA_2005",2006-01-01,6,"C"
"CUBA_GUSTAV","3","GUSTAV_CUBA_2008",2006-01-01,8,"C"
"CUBA_IAN","3","IAN_CUBA_2022",2006-01-01,9,"C"
"CUBA_MICHELLE","3","MICHELLE_CUBA_2001",2006-01-01,8,"C"
"CUBA_PALOMA","3","PALOMA_CUBA_2008",2006-01-01,13,"C"
"CUBA_SANDY","3","SANDY_CUBA_2012",2006-01-01,22,"C"
"DEAN_QROO_MX","5","DEAN_QROO_MX_2007",2006-01-01,79,"SG"
"FL_US_CHARLEY","1","CHARLEY_2004",2006-01-01,10,"FP"
"FL_US_FRANCES","1","FRANCES_US_FL_2004",2006-01-01,10,"FP"
"FL_US_IAN","1","IAN_US_FL_2022",2006-01-01,10,"FP"
"FL_US_IRMA","1","IRMA_US_FL_2017",2006-01-01,9,"FP"
"FL_US_JEANNE","1","JEANNE_US_FL_2004",2006-01-01,9,"FP"
"FL_US_MICHAEL","4","MICHAEL_US_FL_2018",2006-01-01,63,"SUS"
"FL_US_WILMA","1","WILMA_US_FL_2005",2006-01-01,9,"FP"
"LA_US_GUSTAV","4","GUSTAV_US_LA_2008",2006-01-01,67,"SUS"
"LA_US_IDA","4","IDA_US_LA_2009",2006-01-01,74,"SUS"
"LA_US_KATRINA","4","KATRINA_US_LA_2005",2006-01-01,81,"SUS"
"LA_US_LAURA","4","LAURA_US_LA_2020",2006-01-01,75,"SUS"
"LA_US_ZETA","4","ZETA_US_LA_2020",2006-01-01,73,"SUS"
"MX_ERNESTO","5","ERNESTO_MX_2012",2006-01-01,79,"SG"
"MX_GRACE","3","GRACE_MX_2021",2006-01-01,48,"C"
"MX_TAMPS_EMILY","6","EMILY_TAMPS_MX_2005",2006-01-01,6,"WG"
"NC_US_ISABEL","4","ISABEL_US_NC_2003",2006-01-01,79,"SUS"
"NIC_ETA","2","ETA_NIC_2020",2006-01-01,279,"CA"
"NIC_FELIX","2","FELIX_NIC_2007",2006-01-01,296,"CA"
"NIC_IOTA","2","IOTA_NIC_2020",2006-01-01,276,"CA"
"PR_USA_MARIA","3","MARIA_US_PR_2017",2006-01-01,226.8646,"C"
"QROO_WILMA","3","WILMA_QROO_2005",2006-01-01,95,"C"
"TX_US_HARVEY","6","HARVEY_US_TX_2017",2006-01-01,16,"WG"
"TX_US_IKE","4","IKE_US_TX_2008",2006-01-01,66,"SUS"
"TX_US_RITA","4","RITA_US_TX_2005",2006-01-01,77,"SUS"
"US_FL_DELTA","4","DELTA_US_LA_2020",2006-01-01,73,"SUS"
"US_FL_DENNIS","4","DENNIS_US_FL_2005",2006-01-01,85,"SUS"
"VER_MX_KARL","5","KARL_MX_VER_2010",2006-01-01,28,"SG"
"YUC_DELTA","5","DELTA_YUCATAN_MX_2020",2006-01-01,95,"SG"
"YUC_MX_EMILY","5","EMILY_MX_YUC_2005",2006-01-01,92,"SG"
"YUC_MX_ISIDORE","5","ISIDORE_MX_YUC_2002",2006-01-01,86,"SG"
"AL_US_IVAN","4","IVAN_US_AL_2004",2006-02-01,125,"SUS"
"AL_US_SALLY","4","SALLY_US_AL_2020",2006-02-01,105,"SUS"
"ALEX","6","ALEX_2010",2006-02-01,9,"WG"
"BELICE_RICHARD","3","RICHARD_BELICE_2010",2006-02-01,60,"C"
"BELIZE_IRIS","2","IRIS_BELIZE_2001",2006-02-01,85,"CA"
"BETA","2","BETA_2005",2006-02-01,113,"CA"
"CR_OTTO","2","OTTO_CR_2016",2006-02-01,218,"CA"
"CUBA_DENNIS","3","DENNIS_CUBA_2005",2006-02-01,33,"C"
"CUBA_GUSTAV","3","GUSTAV_CUBA_2008",2006-02-01,64,"C"
"CUBA_IAN","3","IAN_CUBA_2022",2006-02-01,62,"C"
"CUBA_MICHELLE","3","MICHELLE_CUBA_2001",2006-02-01,40,"C"
"CUBA_PALOMA","3","PALOMA_CUBA_2008",2006-02-01,39,"C"
"CUBA_SANDY","3","SANDY_CUBA_2012",2006-02-01,44,"C"
"DEAN_QROO_MX","5","DEAN_QROO_MX_2007",2006-02-01,20,"SG"
"FL_US_CHARLEY","1","CHARLEY_2004",2006-02-01,93,"FP"
"FL_US_FRANCES","1","FRANCES_US_FL_2004",2006-02-01,86,"FP"
"FL_US_IAN","1","IAN_US_FL_2022",2006-02-01,90,"FP"
"FL_US_IRMA","1","IRMA_US_FL_2017",2006-02-01,87,"FP"
"FL_US_JEANNE","1","JEANNE_US_FL_2004",2006-02-01,85,"FP"
"FL_US_MICHAEL","4","MICHAEL_US_FL_2018",2006-02-01,122,"SUS"
"FL_US_WILMA","1","WILMA_US_FL_2005",2006-02-01,93,"FP"
"LA_US_GUSTAV","4","GUSTAV_US_LA_2008",2006-02-01,97.5,"SUS"
"LA_US_IDA","4","IDA_US_LA_2009",2006-02-01,97,"SUS"
"LA_US_KATRINA","4","KATRINA_US_LA_2005",2006-02-01,136,"SUS"
"LA_US_LAURA","4","LAURA_US_LA_2020",2006-02-01,114,"SUS"
"LA_US_ZETA","4","ZETA_US_LA_2020",2006-02-01,92,"SUS"
"MX_ERNESTO","5","ERNESTO_MX_2012",2006-02-01,19,"SG"
"MX_GRACE","3","GRACE_MX_2021",2006-02-01,16,"C"
"MX_TAMPS_EMILY","6","EMILY_TAMPS_MX_2005",2006-02-01,7,"WG"
"NC_US_ISABEL","4","ISABEL_US_NC_2003",2006-02-01,39,"SUS"
"NIC_ETA","2","ETA_NIC_2020",2006-02-01,97,"CA"
"NIC_FELIX","2","FELIX_NIC_2007",2006-02-01,108,"CA"
"NIC_IOTA","2","IOTA_NIC_2020",2006-02-01,93,"CA"
"PR_USA_MARIA","3","MARIA_US_PR_2017",2006-02-01,53,"C"
"QROO_WILMA","3","WILMA_QROO_2005",2006-02-01,38,"C"
"TX_US_HARVEY","6","HARVEY_US_TX_2017",2006-02-01,17,"WG"
"TX_US_IKE","4","IKE_US_TX_2008",2006-02-01,51,"SUS"
"TX_US_RITA","4","RITA_US_TX_2005",2006-02-01,93,"SUS"
"US_FL_DELTA","4","DELTA_US_LA_2020",2006-02-01,132,"SUS"
"US_FL_DENNIS","4","DENNIS_US_FL_2005",2006-02-01,116,"SUS"
"VER_MX_KARL","5","KARL_MX_VER_2010",2006-02-01,18,"SG"
"YUC_DELTA","5","DELTA_YUCATAN_MX_2020",2006-02-01,32,"SG"
"YUC_MX_EMILY","5","EMILY_MX_YUC_2005",2006-02-01,27,"SG"
"YUC_MX_ISIDORE","5","ISIDORE_MX_YUC_2002",2006-02-01,7,"SG"
"AL_US_IVAN","4","IVAN_US_AL_2004",2006-03-01,28,"SUS"
"AL_US_SALLY","4","SALLY_US_AL_2020",2006-03-01,18,"SUS"
"ALEX","6","ALEX_2010",2006-03-01,9,"WG"
"BELICE_RICHARD","3","RICHARD_BELICE_2010",2006-03-01,18,"C"
"BELIZE_IRIS","2","IRIS_BELIZE_2001",2006-03-01,32,"CA"
"BETA","2","BETA_2005",2006-03-01,27,"CA"
"CR_OTTO","2","OTTO_CR_2016",2006-03-01,27,"CA"
"CUBA_DENNIS","3","DENNIS_CUBA_2005",2006-03-01,5,"C"
"CUBA_GUSTAV","3","GUSTAV_CUBA_2008",2006-03-01,28,"C"
"CUBA_IAN","3","IAN_CUBA_2022",2006-03-01,30,"C"
"CUBA_MICHELLE","3","MICHELLE_CUBA_2001",2006-03-01,5,"C"
"CUBA_PALOMA","3","PALOMA_CUBA_2008",2006-03-01,4,"C"
"CUBA_SANDY","3","SANDY_CUBA_2012",2006-03-01,3,"C"
"DEAN_QROO_MX","5","DEAN_QROO_MX_2007",2006-03-01,10,"SG"
"FL_US_CHARLEY","1","CHARLEY_2004",2006-03-01,8,"FP"
"FL_US_FRANCES","1","FRANCES_US_FL_2004",2006-03-01,8,"FP"
"FL_US_IAN","1","IAN_US_FL_2022",2006-03-01,9,"FP"
"FL_US_IRMA","1","IRMA_US_FL_2017",2006-03-01,10,"FP"
"FL_US_JEANNE","1","JEANNE_US_FL_2004",2006-03-01,9,"FP"
"FL_US_MICHAEL","4","MICHAEL_US_FL_2018",2006-03-01,14,"SUS"
"FL_US_WILMA","1","WILMA_US_FL_2005",2006-03-01,11,"FP"
"LA_US_GUSTAV","4","GUSTAV_US_LA_2008",2006-03-01,13,"SUS"
"LA_US_IDA","4","IDA_US_LA_2009",2006-03-01,15,"SUS"
"LA_US_KATRINA","4","KATRINA_US_LA_2005",2006-03-01,31,"SUS"
"LA_US_LAURA","4","LAURA_US_LA_2020",2006-03-01,26,"SUS"
"LA_US_ZETA","4","ZETA_US_LA_2020",2006-03-01,14,"SUS"
"MX_ERNESTO","5","ERNESTO_MX_2012",2006-03-01,8,"SG"
"MX_GRACE","3","GRACE_MX_2021",2006-03-01,30,"C"
"MX_TAMPS_EMILY","6","EMILY_TAMPS_MX_2005",2006-03-01,14,"WG"
"NC_US_ISABEL","4","ISABEL_US_NC_2003",2006-03-01,36,"SUS"
"NIC_ETA","2","ETA_NIC_2020",2006-03-01,35,"CA"
"NIC_FELIX","2","FELIX_NIC_2007",2006-03-01,40,"CA"
"NIC_IOTA","2","IOTA_NIC_2020",2006-03-01,33,"CA"
"PR_USA_MARIA","3","MARIA_US_PR_2017",2006-03-01,35,"C"
"QROO_WILMA","3","WILMA_QROO_2005",2006-03-01,57,"C"
"TX_US_HARVEY","6","HARVEY_US_TX_2017",2006-03-01,19,"WG"
"TX_US_IKE","4","IKE_US_TX_2008",2006-03-01,56,"SUS"
"TX_US_RITA","4","RITA_US_TX_2005",2006-03-01,31,"SUS"
"US_FL_DELTA","4","DELTA_US_LA_2020",2006-03-01,21,"SUS"
"US_FL_DENNIS","4","DENNIS_US_FL_2005",2006-03-01,28,"SUS"
"VER_MX_KARL","5","KARL_MX_VER_2010",2006-03-01,12,"SG"
"YUC_DELTA","5","DELTA_YUCATAN_MX_2020",2006-03-01,59,"SG"
"YUC_MX_EMILY","5","EMILY_MX_YUC_2005",2006-03-01,55,"SG"
"YUC_MX_ISIDORE","5","ISIDORE_MX_YUC_2002",2006-03-01,41,"SG"
"AL_US_IVAN","4","IVAN_US_AL_2004",2006-04-01,86,"SUS"
"AL_US_SALLY","4","SALLY_US_AL_2020",2006-04-01,84,"SUS"
"ALEX","6","ALEX_2010",2006-04-01,16,"WG"
"BELICE_RICHARD","3","RICHARD_BELICE_2010",2006-04-01,21,"C"
"BELIZE_IRIS","2","IRIS_BELIZE_2001",2006-04-01,49,"CA"
"BETA","2","BETA_2005",2006-04-01,31,"CA"
"CR_OTTO","2","OTTO_CR_2016",2006-04-01,55,"CA"
"CUBA_DENNIS","3","DENNIS_CUBA_2005",2006-04-01,40,"C"
"CUBA_GUSTAV","3","GUSTAV_CUBA_2008",2006-04-01,33,"C"
"CUBA_IAN","3","IAN_CUBA_2022",2006-04-01,29,"C"
"CUBA_MICHELLE","3","MICHELLE_CUBA_2001",2006-04-01,47,"C"
"CUBA_PALOMA","3","PALOMA_CUBA_2008",2006-04-01,110,"C"
"CUBA_SANDY","3","SANDY_CUBA_2012",2006-04-01,75,"C"
"DEAN_QROO_MX","5","DEAN_QROO_MX_2007",2006-04-01,8,"SG"
"FL_US_CHARLEY","1","CHARLEY_2004",2006-04-01,15,"FP"
"FL_US_FRANCES","1","FRANCES_US_FL_2004",2006-04-01,37,"FP"
"FL_US_IAN","1","IAN_US_FL_2022",2006-04-01,15,"FP"
"FL_US_IRMA","1","IRMA_US_FL_2017",2006-04-01,10,"FP"
"FL_US_JEANNE","1","JEANNE_US_FL_2004",2006-04-01,37,"FP"
"FL_US_MICHAEL","4","MICHAEL_US_FL_2018",2006-04-01,49,"SUS"
"FL_US_WILMA","1","WILMA_US_FL_2005",2006-04-01,15,"FP"
"LA_US_GUSTAV","4","GUSTAV_US_LA_2008",2006-04-01,82,"SUS"
"LA_US_IDA","4","IDA_US_LA_2009",2006-04-01,95,"SUS"
"LA_US_KATRINA","4","KATRINA_US_LA_2005",2006-04-01,100,"SUS"
"LA_US_LAURA","4","LAURA_US_LA_2020",2006-04-01,115,"SUS"
"LA_US_ZETA","4","ZETA_US_LA_2020",2006-04-01,89,"SUS"
"MX_ERNESTO","5","ERNESTO_MX_2012",2006-04-01,8,"SG"
"MX_GRACE","3","GRACE_MX_2021",2006-04-01,82,"C"
"MX_TAMPS_EMILY","6","EMILY_TAMPS_MX_2005",2006-04-01,9,"WG"
"NC_US_ISABEL","4","ISABEL_US_NC_2003",2006-04-01,81,"SUS"
"NIC_ETA","2","ETA_NIC_2020",2006-04-01,31,"CA"
"NIC_FELIX","2","FELIX_NIC_2007",2006-04-01,28,"CA"
"NIC_IOTA","2","IOTA_NIC_2020",2006-04-01,32,"CA"
"PR_USA_MARIA","3","MARIA_US_PR_2017",2006-04-01,393,"C"
"QROO_WILMA","3","WILMA_QROO_2005",2006-04-01,6,"C"
"TX_US_HARVEY","6","HARVEY_US_TX_2017",2006-04-01,12,"WG"
"TX_US_IKE","4","IKE_US_TX_2008",2006-04-01,95,"SUS"
"TX_US_RITA","4","RITA_US_TX_2005",2006-04-01,122,"SUS"
"US_FL_DELTA","4","DELTA_US_LA_2020",2006-04-01,110,"SUS"
"US_FL_DENNIS","4","DENNIS_US_FL_2005",2006-04-01,77,"SUS"
"VER_MX_KARL","5","KARL_MX_VER_2010",2006-04-01,30,"SG"
"YUC_DELTA","5","DELTA_YUCATAN_MX_2020",2006-04-01,5,"SG"
"YUC_MX_EMILY","5","EMILY_MX_YUC_2005",2006-04-01,6,"SG"
"YUC_MX_ISIDORE","5","ISIDORE_MX_YUC_2002",2006-04-01,1,"SG"
"AL_US_IVAN","4","IVAN_US_AL_2004",2006-05-01,94,"SUS"
"AL_US_SALLY","4","SALLY_US_AL_2020",2006-05-01,87,"SUS"
"ALEX","6","ALEX_2010",2006-05-01,57,"WG"
"BELICE_RICHARD","3","RICHARD_BELICE_2010",2006-05-01,248,"C"
"BELIZE_IRIS","2","IRIS_BELIZE_2001",2006-05-01,408,"CA"
"BETA","2","BETA_2005",2006-05-01,205,"CA"
"CR_OTTO","2","OTTO_CR_2016",2006-05-01,267,"CA"
"CUBA_DENNIS","3","DENNIS_CUBA_2005",2006-05-01,280,"C"
"CUBA_GUSTAV","3","GUSTAV_CUBA_2008",2006-05-01,240,"C"
"CUBA_IAN","3","IAN_CUBA_2022",2006-05-01,222,"C"
"CUBA_MICHELLE","3","MICHELLE_CUBA_2001",2006-05-01,265,"C"
"CUBA_PALOMA","3","PALOMA_CUBA_2008",2006-05-01,132,"C"
"CUBA_SANDY","3","SANDY_CUBA_2012",2006-05-01,128,"C"
"DEAN_QROO_MX","5","DEAN_QROO_MX_2007",2006-05-01,252,"SG"
"FL_US_CHARLEY","1","CHARLEY_2004",2006-05-01,61,"FP"
"FL_US_FRANCES","1","FRANCES_US_FL_2004",2006-05-01,69,"FP"
"FL_US_IAN","1","IAN_US_FL_2022",2006-05-01,62,"FP"
"FL_US_IRMA","1","IRMA_US_FL_2017",2006-05-01,86,"FP"
"FL_US_JEANNE","1","JEANNE_US_FL_2004",2006-05-01,70,"FP"
"FL_US_MICHAEL","4","MICHAEL_US_FL_2018",2006-05-01,102,"SUS"
"FL_US_WILMA","1","WILMA_US_FL_2005",2006-05-01,112,"FP"
"LA_US_GUSTAV","4","GUSTAV_US_LA_2008",2006-05-01,37,"SUS"
"LA_US_IDA","4","IDA_US_LA_2009",2006-05-01,29,"SUS"
"LA_US_KATRINA","4","KATRINA_US_LA_2005",2006-05-01,45,"SUS"
"LA_US_LAURA","4","LAURA_US_LA_2020",2006-05-01,72,"SUS"
"LA_US_ZETA","4","ZETA_US_LA_2020",2006-05-01,23,"SUS"
"MX_ERNESTO","5","ERNESTO_MX_2012",2006-05-01,254,"SG"
"MX_GRACE","3","GRACE_MX_2021",2006-05-01,147,"C"
"MX_TAMPS_EMILY","6","EMILY_TAMPS_MX_2005",2006-05-01,47,"WG"
"NC_US_ISABEL","4","ISABEL_US_NC_2003",2006-05-01,113,"SUS"
"NIC_ETA","2","ETA_NIC_2020",2006-05-01,206,"CA"
"NIC_FELIX","2","FELIX_NIC_2007",2006-05-01,195,"CA"
"NIC_IOTA","2","IOTA_NIC_2020",2006-05-01,203,"CA"
"PR_USA_MARIA","3","MARIA_US_PR_2017",2006-05-01,120,"C"
"QROO_WILMA","3","WILMA_QROO_2005",2006-05-01,170,"C"
"TX_US_HARVEY","6","HARVEY_US_TX_2017",2006-05-01,79,"WG"
"TX_US_IKE","4","IKE_US_TX_2008",2006-05-01,99,"SUS"
"TX_US_RITA","4","RITA_US_TX_2005",2006-05-01,88,"SUS"
"US_FL_DELTA","4","DELTA_US_LA_2020",2006-05-01,53,"SUS"
"US_FL_DENNIS","4","DENNIS_US_FL_2005",2006-05-01,100,"SUS"
"VER_MX_KARL","5","KARL_MX_VER_2010",2006-05-01,91,"SG"
"YUC_DELTA","5","DELTA_YUCATAN_MX_2020",2006-05-01,180,"SG"
"YUC_MX_EMILY","5","EMILY_MX_YUC_2005",2006-05-01,238,"SG"
"YUC_MX_ISIDORE","5","ISIDORE_MX_YUC_2002",2006-05-01,174,"SG"
"AL_US_IVAN","4","IVAN_US_AL_2004",2006-06-01,49,"SUS"
"AL_US_SALLY","4","SALLY_US_AL_2020",2006-06-01,60,"SUS"
"ALEX","6","ALEX_2010",2006-06-01,49,"WG"
"BELICE_RICHARD","3","RICHARD_BELICE_2010",2006-06-01,481,"C"
"BELIZE_IRIS","2","IRIS_BELIZE_2001",2006-06-01,822.5152,"CA"
"BETA","2","BETA_2005",2006-06-01,369,"CA"
"CR_OTTO","2","OTTO_CR_2016",2006-06-01,327,"CA"
"CUBA_DENNIS","3","DENNIS_CUBA_2005",2006-06-01,158,"C"
"CUBA_GUSTAV","3","GUSTAV_CUBA_2008",2006-06-01,273,"C"
"CUBA_IAN","3","IAN_CUBA_2022",2006-06-01,299,"C"
"CUBA_MICHELLE","3","MICHELLE_CUBA_2001",2006-06-01,203,"C"
"CUBA_PALOMA","3","PALOMA_CUBA_2008",2006-06-01,275,"C"
"CUBA_SANDY","3","SANDY_CUBA_2012",2006-06-01,263,"C"
"DEAN_QROO_MX","5","DEAN_QROO_MX_2007",2006-06-01,154,"SG"
"FL_US_CHARLEY","1","CHARLEY_2004",2006-06-01,206,"FP"
"FL_US_FRANCES","1","FRANCES_US_FL_2004",2006-06-01,158,"FP"
"FL_US_IAN","1","IAN_US_FL_2022",2006-06-01,206,"FP"
"FL_US_IRMA","1","IRMA_US_FL_2017",2006-06-01,217,"FP"
"FL_US_JEANNE","1","JEANNE_US_FL_2004",2006-06-01,153,"FP"
"FL_US_MICHAEL","4","MICHAEL_US_FL_2018",2006-06-01,145,"SUS"
"FL_US_WILMA","1","WILMA_US_FL_2005",2006-06-01,199,"FP"
"LA_US_GUSTAV","4","GUSTAV_US_LA_2008",2006-06-01,46,"SUS"
"LA_US_IDA","4","IDA_US_LA_2009",2006-06-01,52,"SUS"
"LA_US_KATRINA","4","KATRINA_US_LA_2005",2006-06-01,44,"SUS"
"LA_US_LAURA","4","LAURA_US_LA_2020",2006-06-01,109,"SUS"
"LA_US_ZETA","4","ZETA_US_LA_2020",2006-06-01,53,"SUS"
"MX_ERNESTO","5","ERNESTO_MX_2012",2006-06-01,163,"SG"
"MX_GRACE","3","GRACE_MX_2021",2006-06-01,156,"C"
"MX_TAMPS_EMILY","6","EMILY_TAMPS_MX_2005",2006-06-01,55,"WG"
"NC_US_ISABEL","4","ISABEL_US_NC_2003",2006-06-01,260,"SUS"
"NIC_ETA","2","ETA_NIC_2020",2006-06-01,414,"CA"
"NIC_FELIX","2","FELIX_NIC_2007",2006-06-01,388,"CA"
"NIC_IOTA","2","IOTA_NIC_2020",2006-06-01,400,"CA"
"PR_USA_MARIA","3","MARIA_US_PR_2017",2006-06-01,211,"C"
"QROO_WILMA","3","WILMA_QROO_2005",2006-06-01,196,"C"
"TX_US_HARVEY","6","HARVEY_US_TX_2017",2006-06-01,125,"WG"
"TX_US_IKE","4","IKE_US_TX_2008",2006-06-01,204,"SUS"
"TX_US_RITA","4","RITA_US_TX_2005",2006-06-01,165,"SUS"
"US_FL_DELTA","4","DELTA_US_LA_2020",2006-06-01,63,"SUS"
"US_FL_DENNIS","4","DENNIS_US_FL_2005",2006-06-01,59,"SUS"
"VER_MX_KARL","5","KARL_MX_VER_2010",2006-06-01,256.5203,"SG"
"YUC_DELTA","5","DELTA_YUCATAN_MX_2020",2006-06-01,180,"SG"
"YUC_MX_EMILY","5","EMILY_MX_YUC_2005",2006-06-01,138,"SG"
"YUC_MX_ISIDORE","5","ISIDORE_MX_YUC_2002",2006-06-01,65,"SG"
"AL_US_IVAN","4","IVAN_US_AL_2004",2006-07-01,136,"SUS"
"AL_US_SALLY","4","SALLY_US_AL_2020",2006-07-01,128,"SUS"
"ALEX","6","ALEX_2010",2006-07-01,84,"WG"
"BELICE_RICHARD","3","RICHARD_BELICE_2010",2006-07-01,392,"C"
"BELIZE_IRIS","2","IRIS_BELIZE_2001",2006-07-01,820.4,"CA"
"BETA","2","BETA_2005",2006-07-01,508.4286,"CA"
"CR_OTTO","2","OTTO_CR_2016",2006-07-01,606.7833,"CA"
"CUBA_DENNIS","3","DENNIS_CUBA_2005",2006-07-01,150,"C"
"CUBA_GUSTAV","3","GUSTAV_CUBA_2008",2006-07-01,102,"C"
"CUBA_IAN","3","IAN_CUBA_2022",2006-07-01,105,"C"
"CUBA_MICHELLE","3","MICHELLE_CUBA_2001",2006-07-01,176,"C"
"CUBA_PALOMA","3","PALOMA_CUBA_2008",2006-07-01,153,"C"
"CUBA_SANDY","3","SANDY_CUBA_2012",2006-07-01,102,"C"
"DEAN_QROO_MX","5","DEAN_QROO_MX_2007",2006-07-01,156,"SG"
"FL_US_CHARLEY","1","CHARLEY_2004",2006-07-01,215,"FP"
"FL_US_FRANCES","1","FRANCES_US_FL_2004",2006-07-01,165,"FP"
"FL_US_IAN","1","IAN_US_FL_2022",2006-07-01,208,"FP"
"FL_US_IRMA","1","IRMA_US_FL_2017",2006-07-01,253,"FP"
"FL_US_JEANNE","1","JEANNE_US_FL_2004",2006-07-01,167,"FP"
"FL_US_MICHAEL","4","MICHAEL_US_FL_2018",2006-07-01,78,"SUS"
"FL_US_WILMA","1","WILMA_US_FL_2005",2006-07-01,241,"FP"
"LA_US_GUSTAV","4","GUSTAV_US_LA_2008",2006-07-01,219,"SUS"
"LA_US_IDA","4","IDA_US_LA_2009",2006-07-01,193,"SUS"
"LA_US_KATRINA","4","KATRINA_US_LA_2005",2006-07-01,133,"SUS"
"LA_US_LAURA","4","LAURA_US_LA_2020",2006-07-01,238,"SUS"
"LA_US_ZETA","4","ZETA_US_LA_2020",2006-07-01,187,"SUS"
"MX_ERNESTO","5","ERNESTO_MX_2012",2006-07-01,160,"SG"
"MX_GRACE","3","GRACE_MX_2021",2006-07-01,212.9032,"C"
"MX_TAMPS_EMILY","6","EMILY_TAMPS_MX_2005",2006-07-01,115,"WG"
"NC_US_ISABEL","4","ISABEL_US_NC_2003",2006-07-01,151,"SUS"
"NIC_ETA","2","ETA_NIC_2020",2006-07-01,463,"CA"
"NIC_FELIX","2","FELIX_NIC_2007",2006-07-01,438,"CA"
"NIC_IOTA","2","IOTA_NIC_2020",2006-07-01,468,"CA"
"PR_USA_MARIA","3","MARIA_US_PR_2017",2006-07-01,307,"C"
"QROO_WILMA","3","WILMA_QROO_2005",2006-07-01,105,"C"
"TX_US_HARVEY","6","HARVEY_US_TX_2017",2006-07-01,192,"WG"
"TX_US_IKE","4","IKE_US_TX_2008",2006-07-01,226,"SUS"
"TX_US_RITA","4","RITA_US_TX_2005",2006-07-01,258,"SUS"
"US_FL_DELTA","4","DELTA_US_LA_2020",2006-07-01,195,"SUS"
"US_FL_DENNIS","4","DENNIS_US_FL_2005",2006-07-01,121,"SUS"
"VER_MX_KARL","5","KARL_MX_VER_2010",2006-07-01,364.3969,"SG"
"YUC_DELTA","5","DELTA_YUCATAN_MX_2020",2006-07-01,121,"SG"
"YUC_MX_EMILY","5","EMILY_MX_YUC_2005",2006-07-01,128,"SG"
"YUC_MX_ISIDORE","5","ISIDORE_MX_YUC_2002",2006-07-01,143,"SG"
"AL_US_IVAN","4","IVAN_US_AL_2004",2006-08-01,174,"SUS"
"AL_US_SALLY","4","SALLY_US_AL_2020",2006-08-01,185,"SUS"
"ALEX","6","ALEX_2010",2006-08-01,34,"WG"
"BELICE_RICHARD","3","RICHARD_BELICE_2010",2006-08-01,178,"C"
"BELIZE_IRIS","2","IRIS_BELIZE_2001",2006-08-01,447,"CA"
"BETA","2","BETA_2005",2006-08-01,271,"CA"
"CR_OTTO","2","OTTO_CR_2016",2006-08-01,262,"CA"
"CUBA_DENNIS","3","DENNIS_CUBA_2005",2006-08-01,263,"C"
"CUBA_GUSTAV","3","GUSTAV_CUBA_2008",2006-08-01,252,"C"
"CUBA_IAN","3","IAN_CUBA_2022",2006-08-01,264,"C"
"CUBA_MICHELLE","3","MICHELLE_CUBA_2001",2006-08-01,255,"C"
"CUBA_PALOMA","3","PALOMA_CUBA_2008",2006-08-01,191,"C"
"CUBA_SANDY","3","SANDY_CUBA_2012",2006-08-01,188,"C"
"DEAN_QROO_MX","5","DEAN_QROO_MX_2007",2006-08-01,162,"SG"
"FL_US_CHARLEY","1","CHARLEY_2004",2006-08-01,217,"FP"
"FL_US_FRANCES","1","FRANCES_US_FL_2004",2006-08-01,180,"FP"
"FL_US_IAN","1","IAN_US_FL_2022",2006-08-01,208,"FP"
"FL_US_IRMA","1","IRMA_US_FL_2017",2006-08-01,245,"FP"
"FL_US_JEANNE","1","JEANNE_US_FL_2004",2006-08-01,179,"FP"
"FL_US_MICHAEL","4","MICHAEL_US_FL_2018",2006-08-01,130,"SUS"
"FL_US_WILMA","1","WILMA_US_FL_2005",2006-08-01,230,"FP"
"LA_US_GUSTAV","4","GUSTAV_US_LA_2008",2006-08-01,221,"SUS"
"LA_US_IDA","4","IDA_US_LA_2009",2006-08-01,202,"SUS"
"LA_US_KATRINA","4","KATRINA_US_LA_2005",2006-08-01,182,"SUS"
"LA_US_LAURA","4","LAURA_US_LA_2020",2006-08-01,129,"SUS"
"LA_US_ZETA","4","ZETA_US_LA_2020",2006-08-01,195,"SUS"
"MX_ERNESTO","5","ERNESTO_MX_2012",2006-08-01,157,"SG"
"MX_GRACE","3","GRACE_MX_2021",2006-08-01,184.5,"C"
"MX_TAMPS_EMILY","6","EMILY_TAMPS_MX_2005",2006-08-01,39,"WG"
"NC_US_ISABEL","4","ISABEL_US_NC_2003",2006-08-01,109,"SUS"
"NIC_ETA","2","ETA_NIC_2020",2006-08-01,280,"CA"
"NIC_FELIX","2","FELIX_NIC_2007",2006-08-01,295,"CA"
"NIC_IOTA","2","IOTA_NIC_2020",2006-08-01,268,"CA"
"PR_USA_MARIA","3","MARIA_US_PR_2017",2006-08-01,188,"C"
"QROO_WILMA","3","WILMA_QROO_2005",2006-08-01,202,"C"
"TX_US_HARVEY","6","HARVEY_US_TX_2017",2006-08-01,17,"WG"
"TX_US_IKE","4","IKE_US_TX_2008",2006-08-01,63,"SUS"
"TX_US_RITA","4","RITA_US_TX_2005",2006-08-01,112,"SUS"
"US_FL_DELTA","4","DELTA_US_LA_2020",2006-08-01,145,"SUS"
"US_FL_DENNIS","4","DENNIS_US_FL_2005",2006-08-01,172,"SUS"
"VER_MX_KARL","5","KARL_MX_VER_2010",2006-08-01,270.2157,"SG"
"YUC_DELTA","5","DELTA_YUCATAN_MX_2020",2006-08-01,211,"SG"
"YUC_MX_EMILY","5","EMILY_MX_YUC_2005",2006-08-01,228,"SG"
"YUC_MX_ISIDORE","5","ISIDORE_MX_YUC_2002",2006-08-01,242,"SG"
"AL_US_IVAN","4","IVAN_US_AL_2004",2006-09-01,109,"SUS"
"AL_US_SALLY","4","SALLY_US_AL_2020",2006-09-01,129,"SUS"
"ALEX","6","ALEX_2010",2006-09-01,118,"WG"
"BELICE_RICHARD","3","RICHARD_BELICE_2010",2006-09-01,148,"C"
"BELIZE_IRIS","2","IRIS_BELIZE_2001",2006-09-01,291,"CA"
"BETA","2","BETA_2005",2006-09-01,183,"CA"
"CR_OTTO","2","OTTO_CR_2016",2006-09-01,248,"CA"
"CUBA_DENNIS","3","DENNIS_CUBA_2005",2006-09-01,196,"C"
"CUBA_GUSTAV","3","GUSTAV_CUBA_2008",2006-09-01,175,"C"
"CUBA_IAN","3","IAN_CUBA_2022",2006-09-01,183,"C"
"CUBA_MICHELLE","3","MICHELLE_CUBA_2001",2006-09-01,223,"C"
"CUBA_PALOMA","3","PALOMA_CUBA_2008",2006-09-01,187,"C"
"CUBA_SANDY","3","SANDY_CUBA_2012",2006-09-01,95,"C"
"DEAN_QROO_MX","5","DEAN_QROO_MX_2007",2006-09-01,76,"SG"
"FL_US_CHARLEY","1","CHARLEY_2004",2006-09-01,194,"FP"
"FL_US_FRANCES","1","FRANCES_US_FL_2004",2006-09-01,148,"FP"
"FL_US_IAN","1","IAN_US_FL_2022",2006-09-01,182,"FP"
"FL_US_IRMA","1","IRMA_US_FL_2017",2006-09-01,221,"FP"
"FL_US_JEANNE","1","JEANNE_US_FL_2004",2006-09-01,149,"FP"
"FL_US_MICHAEL","4","MICHAEL_US_FL_2018",2006-09-01,104,"SUS"
"FL_US_WILMA","1","WILMA_US_FL_2005",2006-09-01,236,"FP"
"LA_US_GUSTAV","4","GUSTAV_US_LA_2008",2006-09-01,150,"SUS"
"LA_US_IDA","4","IDA_US_LA_2009",2006-09-01,145,"SUS"
"LA_US_KATRINA","4","KATRINA_US_LA_2005",2006-09-01,121,"SUS"
"LA_US_LAURA","4","LAURA_US_LA_2020",2006-09-01,101,"SUS"
"LA_US_ZETA","4","ZETA_US_LA_2020",2006-09-01,143,"SUS"
"MX_ERNESTO","5","ERNESTO_MX_2012",2006-09-01,78,"SG"
"MX_GRACE","3","GRACE_MX_2021",2006-09-01,296.6667,"C"
"MX_TAMPS_EMILY","6","EMILY_TAMPS_MX_2005",2006-09-01,133,"WG"
"NC_US_ISABEL","4","ISABEL_US_NC_2003",2006-09-01,207,"SUS"
"NIC_ETA","2","ETA_NIC_2020",2006-09-01,173,"CA"
"NIC_FELIX","2","FELIX_NIC_2007",2006-09-01,158,"CA"
"NIC_IOTA","2","IOTA_NIC_2020",2006-09-01,171,"CA"
"PR_USA_MARIA","3","MARIA_US_PR_2017",2006-09-01,69,"C"
"QROO_WILMA","3","WILMA_QROO_2005",2006-09-01,147,"C"
"TX_US_HARVEY","6","HARVEY_US_TX_2017",2006-09-01,205,"WG"
"TX_US_IKE","4","IKE_US_TX_2008",2006-09-01,111,"SUS"
"TX_US_RITA","4","RITA_US_TX_2005",2006-09-01,106,"SUS"
"US_FL_DELTA","4","DELTA_US_LA_2020",2006-09-01,103,"SUS"
"US_FL_DENNIS","4","DENNIS_US_FL_2005",2006-09-01,106,"SUS"
"VER_MX_KARL","5","KARL_MX_VER_2010",2006-09-01,288,"SG"
"YUC_DELTA","5","DELTA_YUCATAN_MX_2020",2006-09-01,143,"SG"
"YUC_MX_EMILY","5","EMILY_MX_YUC_2005",2006-09-01,107,"SG"
"YUC_MX_ISIDORE","5","ISIDORE_MX_YUC_2002",2006-09-01,84,"SG"
"AL_US_IVAN","4","IVAN_US_AL_2004",2006-10-01,112,"SUS"
"AL_US_SALLY","4","SALLY_US_AL_2020",2006-10-01,118,"SUS"
"ALEX","6","ALEX_2010",2006-10-01,135,"WG"
"BELICE_RICHARD","3","RICHARD_BELICE_2010",2006-10-01,271,"C"
"BELIZE_IRIS","2","IRIS_BELIZE_2001",2006-10-01,379,"CA"
"BETA","2","BETA_2005",2006-10-01,180,"CA"
"CR_OTTO","2","OTTO_CR_2016",2006-10-01,171,"CA"
"CUBA_DENNIS","3","DENNIS_CUBA_2005",2006-10-01,49,"C"
"CUBA_GUSTAV","3","GUSTAV_CUBA_2008",2006-10-01,75,"C"
"CUBA_IAN","3","IAN_CUBA_2022",2006-10-01,88,"C"
"CUBA_MICHELLE","3","MICHELLE_CUBA_2001",2006-10-01,60,"C"
"CUBA_PALOMA","3","PALOMA_CUBA_2008",2006-10-01,73,"C"
"CUBA_SANDY","3","SANDY_CUBA_2012",2006-10-01,90,"C"
"DEAN_QROO_MX","5","DEAN_QROO_MX_2007",2006-10-01,162,"SG"
"FL_US_CHARLEY","1","CHARLEY_2004",2006-10-01,27,"FP"
"FL_US_FRANCES","1","FRANCES_US_FL_2004",2006-10-01,29,"FP"
"FL_US_IAN","1","IAN_US_FL_2022",2006-10-01,26,"FP"
"FL_US_IRMA","1","IRMA_US_FL_2017",2006-10-01,25,"FP"
"FL_US_JEANNE","1","JEANNE_US_FL_2004",2006-10-01,29,"FP"
"FL_US_MICHAEL","4","MICHAEL_US_FL_2018",2006-10-01,85,"SUS"
"FL_US_WILMA","1","WILMA_US_FL_2005",2006-10-01,28,"FP"
"LA_US_GUSTAV","4","GUSTAV_US_LA_2008",2006-10-01,143,"SUS"
"LA_US_IDA","4","IDA_US_LA_2009",2006-10-01,130,"SUS"
"LA_US_KATRINA","4","KATRINA_US_LA_2005",2006-10-01,139,"SUS"
"LA_US_LAURA","4","LAURA_US_LA_2020",2006-10-01,288,"SUS"
"LA_US_ZETA","4","ZETA_US_LA_2020",2006-10-01,126,"SUS"
"MX_ERNESTO","5","ERNESTO_MX_2012",2006-10-01,163,"SG"
"MX_GRACE","3","GRACE_MX_2021",2006-10-01,239,"C"
"MX_TAMPS_EMILY","6","EMILY_TAMPS_MX_2005",2006-10-01,107,"WG"
"NC_US_ISABEL","4","ISABEL_US_NC_2003",2006-10-01,86,"SUS"
"NIC_ETA","2","ETA_NIC_2020",2006-10-01,173,"CA"
"NIC_FELIX","2","FELIX_NIC_2007",2006-10-01,179,"CA"
"NIC_IOTA","2","IOTA_NIC_2020",2006-10-01,172,"CA"
"PR_USA_MARIA","3","MARIA_US_PR_2017",2006-10-01,436.8458,"C"
"QROO_WILMA","3","WILMA_QROO_2005",2006-10-01,188,"C"
"TX_US_HARVEY","6","HARVEY_US_TX_2017",2006-10-01,77,"WG"
"TX_US_IKE","4","IKE_US_TX_2008",2006-10-01,210,"SUS"
"TX_US_RITA","4","RITA_US_TX_2005",2006-10-01,295,"SUS"
"US_FL_DELTA","4","DELTA_US_LA_2020",2006-10-01,291,"SUS"
"US_FL_DENNIS","4","DENNIS_US_FL_2005",2006-10-01,113,"SUS"
"VER_MX_KARL","5","KARL_MX_VER_2010",2006-10-01,96.8378,"SG"
"YUC_DELTA","5","DELTA_YUCATAN_MX_2020",2006-10-01,193,"SG"
"YUC_MX_EMILY","5","EMILY_MX_YUC_2005",2006-10-01,187,"SG"
"YUC_MX_ISIDORE","5","ISIDORE_MX_YUC_2002",2006-10-01,142,"SG"
"AL_US_IVAN","4","IVAN_US_AL_2004",2006-11-01,118,"SUS"
"AL_US_SALLY","4","SALLY_US_AL_2020",2006-11-01,118,"SUS"
"ALEX","6","ALEX_2010",2006-11-01,50,"WG"
"BELICE_RICHARD","3","RICHARD_BELICE_2010",2006-11-01,175,"C"
"BELIZE_IRIS","2","IRIS_BELIZE_2001",2006-11-01,244,"CA"
"BETA","2","BETA_2005",2006-11-01,261,"CA"
"CR_OTTO","2","OTTO_CR_2016",2006-11-01,499,"CA"
"CUBA_DENNIS","3","DENNIS_CUBA_2005",2006-11-01,38,"C"
"CUBA_GUSTAV","3","GUSTAV_CUBA_2008",2006-11-01,107,"C"
"CUBA_IAN","3","IAN_CUBA_2022",2006-11-01,106,"C"
"CUBA_MICHELLE","3","MICHELLE_CUBA_2001",2006-11-01,35,"C"
"CUBA_PALOMA","3","PALOMA_CUBA_2008",2006-11-01,59,"C"
"CUBA_SANDY","3","SANDY_CUBA_2012",2006-11-01,171,"C"
"DEAN_QROO_MX","5","DEAN_QROO_MX_2007",2006-11-01,67,"SG"
"FL_US_CHARLEY","1","CHARLEY_2004",2006-11-01,32,"FP"
"FL_US_FRANCES","1","FRANCES_US_FL_2004",2006-11-01,35,"FP"
"FL_US_IAN","1","IAN_US_FL_2022",2006-11-01,31,"FP"
"FL_US_IRMA","1","IRMA_US_FL_2017",2006-11-01,27,"FP"
"FL_US_JEANNE","1","JEANNE_US_FL_2004",2006-11-01,34,"FP"
"FL_US_MICHAEL","4","MICHAEL_US_FL_2018",2006-11-01,67,"SUS"
"FL_US_WILMA","1","WILMA_US_FL_2005",2006-11-01,29,"FP"
"LA_US_GUSTAV","4","GUSTAV_US_LA_2008",2006-11-01,67,"SUS"
"LA_US_IDA","4","IDA_US_LA_2009",2006-11-01,82,"SUS"
"LA_US_KATRINA","4","KATRINA_US_LA_2005",2006-11-01,110,"SUS"
"LA_US_LAURA","4","LAURA_US_LA_2020",2006-11-01,36,"SUS"
"LA_US_ZETA","4","ZETA_US_LA_2020",2006-11-01,84,"SUS"
"MX_ERNESTO","5","ERNESTO_MX_2012",2006-11-01,67,"SG"
"MX_GRACE","3","GRACE_MX_2021",2006-11-01,148,"C"
"MX_TAMPS_EMILY","6","EMILY_TAMPS_MX_2005",2006-11-01,32,"WG"
"NC_US_ISABEL","4","ISABEL_US_NC_2003",2006-11-01,192,"SUS"
"NIC_ETA","2","ETA_NIC_2020",2006-11-01,276,"CA"
"NIC_FELIX","2","FELIX_NIC_2007",2006-11-01,317,"CA"
"NIC_IOTA","2","IOTA_NIC_2020",2006-11-01,265,"CA"
"PR_USA_MARIA","3","MARIA_US_PR_2017",2006-11-01,186,"C"
"QROO_WILMA","3","WILMA_QROO_2005",2006-11-01,152,"C"
"TX_US_HARVEY","6","HARVEY_US_TX_2017",2006-11-01,9,"WG"
"TX_US_IKE","4","IKE_US_TX_2008",2006-11-01,19,"SUS"
"TX_US_RITA","4","RITA_US_TX_2005",2006-11-01,30,"SUS"
"US_FL_DELTA","4","DELTA_US_LA_2020",2006-11-01,47,"SUS"
"US_FL_DENNIS","4","DENNIS_US_FL_2005",2006-11-01,116,"SUS"
"VER_MX_KARL","5","KARL_MX_VER_2010",2006-11-01,83,"SG"
"YUC_DELTA","5","DELTA_YUCATAN_MX_2020",2006-11-01,137,"SG"
"YUC_MX_EMILY","5","EMILY_MX_YUC_2005",2006-11-01,95,"SG"
"YUC_MX_ISIDORE","5","ISIDORE_MX_YUC_2002",2006-11-01,60,"SG"
"AL_US_IVAN","4","IVAN_US_AL_2004",2006-12-01,143,"SUS"
"AL_US_SALLY","4","SALLY_US_AL_2020",2006-12-01,124,"SUS"
"ALEX","6","ALEX_2010",2006-12-01,64,"WG"
"BELICE_RICHARD","3","RICHARD_BELICE_2010",2006-12-01,196,"C"
"BELIZE_IRIS","2","IRIS_BELIZE_2001",2006-12-01,242,"CA"
"BETA","2","BETA_2005",2006-12-01,244,"CA"
"CR_OTTO","2","OTTO_CR_2016",2006-12-01,476.1559,"CA"
"CUBA_DENNIS","3","DENNIS_CUBA_2005",2006-12-01,36,"C"
"CUBA_GUSTAV","3","GUSTAV_CUBA_2008",2006-12-01,133,"C"
"CUBA_IAN","3","IAN_CUBA_2022",2006-12-01,126,"C"
"CUBA_MICHELLE","3","MICHELLE_CUBA_2001",2006-12-01,46,"C"
"CUBA_PALOMA","3","PALOMA_CUBA_2008",2006-12-01,16,"C"
"CUBA_SANDY","3","SANDY_CUBA_2012",2006-12-01,30,"C"
"DEAN_QROO_MX","5","DEAN_QROO_MX_2007",2006-12-01,80,"SG"
"FL_US_CHARLEY","1","CHARLEY_2004",2006-12-01,66,"FP"
"FL_US_FRANCES","1","FRANCES_US_FL_2004",2006-12-01,72,"FP"
"FL_US_IAN","1","IAN_US_FL_2022",2006-12-01,61,"FP"
"FL_US_IRMA","1","IRMA_US_FL_2017",2006-12-01,50,"FP"
"FL_US_JEANNE","1","JEANNE_US_FL_2004",2006-12-01,72,"FP"
"FL_US_MICHAEL","4","MICHAEL_US_FL_2018",2006-12-01,114,"SUS"
"FL_US_WILMA","1","WILMA_US_FL_2005",2006-12-01,52,"FP"
"LA_US_GUSTAV","4","GUSTAV_US_LA_2008",2006-12-01,249,"SUS"
"LA_US_IDA","4","IDA_US_LA_2009",2006-12-01,275,"SUS"
"LA_US_KATRINA","4","KATRINA_US_LA_2005",2006-12-01,230,"SUS"
"LA_US_LAURA","4","LAURA_US_LA_2020",2006-12-01,172,"SUS"
"LA_US_ZETA","4","ZETA_US_LA_2020",2006-12-01,268,"SUS"
"MX_ERNESTO","5","ERNESTO_MX_2012",2006-12-01,78,"SG"
"MX_GRACE","3","GRACE_MX_2021",2006-12-01,85,"C"
"MX_TAMPS_EMILY","6","EMILY_TAMPS_MX_2005",2006-12-01,61,"WG"
"NC_US_ISABEL","4","ISABEL_US_NC_2003",2006-12-01,72,"SUS"
"NIC_ETA","2","ETA_NIC_2020",2006-12-01,299,"CA"
"NIC_FELIX","2","FELIX_NIC_2007",2006-12-01,372,"CA"
"NIC_IOTA","2","IOTA_NIC_2020",2006-12-01,274,"CA"
"PR_USA_MARIA","3","MARIA_US_PR_2017",2006-12-01,122,"C"
"QROO_WILMA","3","WILMA_QROO_2005",2006-12-01,161,"C"
"TX_US_HARVEY","6","HARVEY_US_TX_2017",2006-12-01,71,"WG"
"TX_US_IKE","4","IKE_US_TX_2008",2006-12-01,130,"SUS"
"TX_US_RITA","4","RITA_US_TX_2005",2006-12-01,157,"SUS"
"US_FL_DELTA","4","DELTA_US_LA_2020",2006-12-01,187,"SUS"
"US_FL_DENNIS","4","DENNIS_US_FL_2005",2006-12-01,125,"SUS"
"VER_MX_KARL","5","KARL_MX_VER_2010",2006-12-01,30,"SG"
"YUC_DELTA","5","DELTA_YUCATAN_MX_2020",2006-12-01,136,"SG"
"YUC_MX_EMILY","5","EMILY_MX_YUC_2005",2006-12-01,94,"SG"
"YUC_MX_ISIDORE","5","ISIDORE_MX_YUC_2002",2006-12-01,72,"SG"
"AL_US_IVAN","4","IVAN_US_AL_2004",2007-01-01,110,"SUS"
"AL_US_SALLY","4","SALLY_US_AL_2020",2007-01-01,112,"SUS"
"ALEX","6","ALEX_2010",2007-01-01,31,"WG"
"BELICE_RICHARD","3","RICHARD_BELICE_2010",2007-01-01,177,"C"
"BELIZE_IRIS","2","IRIS_BELIZE_2001",2007-01-01,294,"CA"
"BETA","2","BETA_2005",2007-01-01,51,"CA"
"CR_OTTO","2","OTTO_CR_2016",2007-01-01,51,"CA"
"CUBA_DENNIS","3","DENNIS_CUBA_2005",2007-01-01,13,"C"
"CUBA_GUSTAV","3","GUSTAV_CUBA_2008",2007-01-01,9,"C"
"CUBA_IAN","3","IAN_CUBA_2022",2007-01-01,10,"C"
"CUBA_MICHELLE","3","MICHELLE_CUBA_2001",2007-01-01,16,"C"
"CUBA_PALOMA","3","PALOMA_CUBA_2008",2007-01-01,27,"C"
"CUBA_SANDY","3","SANDY_CUBA_2012",2007-01-01,50,"C"
"DEAN_QROO_MX","5","DEAN_QROO_MX_2007",2007-01-01,72,"SG"
"FL_US_CHARLEY","1","CHARLEY_2004",2007-01-01,30,"FP"
"FL_US_FRANCES","1","FRANCES_US_FL_2004",2007-01-01,25,"FP"
"FL_US_IAN","1","IAN_US_FL_2022",2007-01-01,28,"FP"
"FL_US_IRMA","1","IRMA_US_FL_2017",2007-01-01,22,"FP"
"FL_US_JEANNE","1","JEANNE_US_FL_2004",2007-01-01,24,"FP"
"FL_US_MICHAEL","4","MICHAEL_US_FL_2018",2007-01-01,105,"SUS"
"FL_US_WILMA","1","WILMA_US_FL_2005",2007-01-01,19,"FP"
"LA_US_GUSTAV","4","GUSTAV_US_LA_2008",2007-01-01,170,"SUS"
"LA_US_IDA","4","IDA_US_LA_2009",2007-01-01,153,"SUS"
"LA_US_KATRINA","4","KATRINA_US_LA_2005",2007-01-01,122,"SUS"
"LA_US_LAURA","4","LAURA_US_LA_2020",2007-01-01,184,"SUS"
"LA_US_ZETA","4","ZETA_US_LA_2020",2007-01-01,140,"SUS"
"MX_ERNESTO","5","ERNESTO_MX_2012",2007-01-01,73,"SG"
"MX_GRACE","3","GRACE_MX_2021",2007-01-01,46,"C"
"MX_TAMPS_EMILY","6","EMILY_TAMPS_MX_2005",2007-01-01,34,"WG"
"NC_US_ISABEL","4","ISABEL_US_NC_2003",2007-01-01,90,"SUS"
"NIC_ETA","2","ETA_NIC_2020",2007-01-01,54,"CA"
"NIC_FELIX","2","FELIX_NIC_2007",2007-01-01,68,"CA"
"NIC_IOTA","2","IOTA_NIC_2020",2007-01-01,51,"CA"
"PR_USA_MARIA","3","MARIA_US_PR_2017",2007-01-01,89,"C"
"QROO_WILMA","3","WILMA_QROO_2005",2007-01-01,51,"C"
"TX_US_HARVEY","6","HARVEY_US_TX_2017",2007-01-01,159,"WG"
"TX_US_IKE","4","IKE_US_TX_2008",2007-01-01,193,"SUS"
"TX_US_RITA","4","RITA_US_TX_2005",2007-01-01,184,"SUS"
"US_FL_DELTA","4","DELTA_US_LA_2020",2007-01-01,195,"SUS"
"US_FL_DENNIS","4","DENNIS_US_FL_2005",2007-01-01,111,"SUS"
"VER_MX_KARL","5","KARL_MX_VER_2010",2007-01-01,21,"SG"
"YUC_DELTA","5","DELTA_YUCATAN_MX_2020",2007-01-01,50,"SG"
"YUC_MX_EMILY","5","EMILY_MX_YUC_2005",2007-01-01,52,"SG"
"YUC_MX_ISIDORE","5","ISIDORE_MX_YUC_2002",2007-01-01,41,"SG"
"AL_US_IVAN","4","IVAN_US_AL_2004",2007-02-01,72,"SUS"
"AL_US_SALLY","4","SALLY_US_AL_2020",2007-02-01,70,"SUS"
"ALEX","6","ALEX_2010",2007-02-01,36,"WG"
"BELICE_RICHARD","3","RICHARD_BELICE_2010",2007-02-01,36,"C"
"BELIZE_IRIS","2","IRIS_BELIZE_2001",2007-02-01,54,"CA"
"BETA","2","BETA_2005",2007-02-01,30,"CA"
"CR_OTTO","2","OTTO_CR_2016",2007-02-01,23,"CA"
"CUBA_DENNIS","3","DENNIS_CUBA_2005",2007-02-01,24,"C"
"CUBA_GUSTAV","3","GUSTAV_CUBA_2008",2007-02-01,83,"C"
"CUBA_IAN","3","IAN_CUBA_2022",2007-02-01,91,"C"
"CUBA_MICHELLE","3","MICHELLE_CUBA_2001",2007-02-01,29,"C"
"CUBA_PALOMA","3","PALOMA_CUBA_2008",2007-02-01,51,"C"
"CUBA_SANDY","3","SANDY_CUBA_2012",2007-02-01,58,"C"
"DEAN_QROO_MX","5","DEAN_QROO_MX_2007",2007-02-01,38,"SG"
"FL_US_CHARLEY","1","CHARLEY_2004",2007-02-01,42,"FP"
"FL_US_FRANCES","1","FRANCES_US_FL_2004",2007-02-01,39,"FP"
"FL_US_IAN","1","IAN_US_FL_2022",2007-02-01,40,"FP"
"FL_US_IRMA","1","IRMA_US_FL_2017",2007-02-01,42,"FP"
"FL_US_JEANNE","1","JEANNE_US_FL_2004",2007-02-01,39,"FP"
"FL_US_MICHAEL","4","MICHAEL_US_FL_2018",2007-02-01,75,"SUS"
"FL_US_WILMA","1","WILMA_US_FL_2005",2007-02-01,44,"FP"
"LA_US_GUSTAV","4","GUSTAV_US_LA_2008",2007-02-01,39,"SUS"
"LA_US_IDA","4","IDA_US_LA_2009",2007-02-01,48,"SUS"
"LA_US_KATRINA","4","KATRINA_US_LA_2005",2007-02-01,77,"SUS"
"LA_US_LAURA","4","LAURA_US_LA_2020",2007-02-01,45,"SUS"
"LA_US_ZETA","4","ZETA_US_LA_2020",2007-02-01,55,"SUS"
"MX_ERNESTO","5","ERNESTO_MX_2012",2007-02-01,34,"SG"
"MX_GRACE","3","GRACE_MX_2021",2007-02-01,163,"C"
"MX_TAMPS_EMILY","6","EMILY_TAMPS_MX_2005",2007-02-01,17,"WG"
"NC_US_ISABEL","4","ISABEL_US_NC_2003",2007-02-01,61,"SUS"
"NIC_ETA","2","ETA_NIC_2020",2007-02-01,39,"CA"
"NIC_FELIX","2","FELIX_NIC_2007",2007-02-01,53,"CA"
"NIC_IOTA","2","IOTA_NIC_2020",2007-02-01,35,"CA"
"PR_USA_MARIA","3","MARIA_US_PR_2017",2007-02-01,37,"C"
"QROO_WILMA","3","WILMA_QROO_2005",2007-02-01,119,"C"
"TX_US_HARVEY","6","HARVEY_US_TX_2017",2007-02-01,7,"WG"
"TX_US_IKE","4","IKE_US_TX_2008",2007-02-01,31,"SUS"
"TX_US_RITA","4","RITA_US_TX_2005",2007-02-01,46,"SUS"
"US_FL_DELTA","4","DELTA_US_LA_2020",2007-02-01,39,"SUS"
"US_FL_DENNIS","4","DENNIS_US_FL_2005",2007-02-01,74,"SUS"
"VER_MX_KARL","5","KARL_MX_VER_2010",2007-02-01,63,"SG"
"YUC_DELTA","5","DELTA_YUCATAN_MX_2020",2007-02-01,111,"SG"
"YUC_MX_EMILY","5","EMILY_MX_YUC_2005",2007-02-01,97,"SG"
"YUC_MX_ISIDORE","5","ISIDORE_MX_YUC_2002",2007-02-01,77,"SG"
"AL_US_IVAN","4","IVAN_US_AL_2004",2007-03-01,28,"SUS"
"AL_US_SALLY","4","SALLY_US_AL_2020",2007-03-01,31,"SUS"
"ALEX","6","ALEX_2010",2007-03-01,15,"WG"
"BELICE_RICHARD","3","RICHARD_BELICE_2010",2007-03-01,58,"C"
"BELIZE_IRIS","2","IRIS_BELIZE_2001",2007-03-01,107,"CA"
"BETA","2","BETA_2005",2007-03-01,88,"CA"
"CR_OTTO","2","OTTO_CR_2016",2007-03-01,136,"CA"
"CUBA_DENNIS","3","DENNIS_CUBA_2005",2007-03-01,22,"C"
"CUBA_GUSTAV","3","GUSTAV_CUBA_2008",2007-03-01,7,"C"
"CUBA_IAN","3","IAN_CUBA_2022",2007-03-01,5,"C"
"CUBA_MICHELLE","3","MICHELLE_CUBA_2001",2007-03-01,31,"C"
"CUBA_PALOMA","3","PALOMA_CUBA_2008",2007-03-01,81,"C"
"CUBA_SANDY","3","SANDY_CUBA_2012",2007-03-01,99,"C"
"DEAN_QROO_MX","5","DEAN_QROO_MX_2007",2007-03-01,18,"SG"
"FL_US_CHARLEY","1","CHARLEY_2004",2007-03-01,18,"FP"
"FL_US_FRANCES","1","FRANCES_US_FL_2004",2007-03-01,26,"FP"
"FL_US_IAN","1","IAN_US_FL_2022",2007-03-01,18,"FP"
"FL_US_IRMA","1","IRMA_US_FL_2017",2007-03-01,30,"FP"
"FL_US_JEANNE","1","JEANNE_US_FL_2004",2007-03-01,28,"FP"
"FL_US_MICHAEL","4","MICHAEL_US_FL_2018",2007-03-01,30,"SUS"
"FL_US_WILMA","1","WILMA_US_FL_2005",2007-03-01,36,"FP"
"LA_US_GUSTAV","4","GUSTAV_US_LA_2008",2007-03-01,47,"SUS"
"LA_US_IDA","4","IDA_US_LA_2009",2007-03-01,49,"SUS"
"LA_US_KATRINA","4","KATRINA_US_LA_2005",2007-03-01,37,"SUS"
"LA_US_LAURA","4","LAURA_US_LA_2020",2007-03-01,80,"SUS"
"LA_US_ZETA","4","ZETA_US_LA_2020",2007-03-01,45,"SUS"
"MX_ERNESTO","5","ERNESTO_MX_2012",2007-03-01,16,"SG"
"MX_GRACE","3","GRACE_MX_2021",2007-03-01,20,"C"
"MX_TAMPS_EMILY","6","EMILY_TAMPS_MX_2005",2007-03-01,20,"WG"
"NC_US_ISABEL","4","ISABEL_US_NC_2003",2007-03-01,36,"SUS"
"NIC_ETA","2","ETA_NIC_2020",2007-03-01,94,"CA"
"NIC_FELIX","2","FELIX_NIC_2007",2007-03-01,87,"CA"
"NIC_IOTA","2","IOTA_NIC_2020",2007-03-01,92,"CA"
"PR_USA_MARIA","3","MARIA_US_PR_2017",2007-03-01,87,"C"
"QROO_WILMA","3","WILMA_QROO_2005",2007-03-01,21,"C"
"TX_US_HARVEY","6","HARVEY_US_TX_2017",2007-03-01,64,"WG"
"TX_US_IKE","4","IKE_US_TX_2008",2007-03-01,161,"SUS"
"TX_US_RITA","4","RITA_US_TX_2005",2007-03-01,106,"SUS"
"US_FL_DELTA","4","DELTA_US_LA_2020",2007-03-01,50,"SUS"
"US_FL_DENNIS","4","DENNIS_US_FL_2005",2007-03-01,32,"SUS"
"VER_MX_KARL","5","KARL_MX_VER_2010",2007-03-01,6,"SG"
"YUC_DELTA","5","DELTA_YUCATAN_MX_2020",2007-03-01,24,"SG"
"YUC_MX_EMILY","5","EMILY_MX_YUC_2005",2007-03-01,34,"SG"
"YUC_MX_ISIDORE","5","ISIDORE_MX_YUC_2002",2007-03-01,18,"SG"
"AL_US_IVAN","4","IVAN_US_AL_2004",2007-04-01,147,"SUS"
"AL_US_SALLY","4","SALLY_US_AL_2020",2007-04-01,137,"SUS"
"ALEX","6","ALEX_2010",2007-04-01,64,"WG"
"BELICE_RICHARD","3","RICHARD_BELICE_2010",2007-04-01,24,"C"
"BELIZE_IRIS","2","IRIS_BELIZE_2001",2007-04-01,43,"CA"
"BETA","2","BETA_2005",2007-04-01,78,"CA"
"CR_OTTO","2","OTTO_CR_2016",2007-04-01,126,"CA"
"CUBA_DENNIS","3","DENNIS_CUBA_2005",2007-04-01,76,"C"
"CUBA_GUSTAV","3","GUSTAV_CUBA_2008",2007-04-01,74,"C"
"CUBA_IAN","3","IAN_CUBA_2022",2007-04-01,66,"C"
"CUBA_MICHELLE","3","MICHELLE_CUBA_2001",2007-04-01,82,"C"
"CUBA_PALOMA","3","PALOMA_CUBA_2008",2007-04-01,36,"C"
"CUBA_SANDY","3","SANDY_CUBA_2012",2007-04-01,121,"C"
"DEAN_QROO_MX","5","DEAN_QROO_MX_2007",2007-04-01,11,"SG"
"FL_US_CHARLEY","1","CHARLEY_2004",2007-04-01,55,"FP"
"FL_US_FRANCES","1","FRANCES_US_FL_2004",2007-04-01,63,"FP"
"FL_US_IAN","1","IAN_US_FL_2022",2007-04-01,57,"FP"
"FL_US_IRMA","1","IRMA_US_FL_2017",2007-04-01,61,"FP"
"FL_US_JEANNE","1","JEANNE_US_FL_2004",2007-04-01,66,"FP"
"FL_US_MICHAEL","4","MICHAEL_US_FL_2018",2007-04-01,53,"SUS"
"FL_US_WILMA","1","WILMA_US_FL_2005",2007-04-01,74,"FP"
"LA_US_GUSTAV","4","GUSTAV_US_LA_2008",2007-04-01,76,"SUS"
"LA_US_IDA","4","IDA_US_LA_2009",2007-04-01,80,"SUS"
"LA_US_KATRINA","4","KATRINA_US_LA_2005",2007-04-01,123,"SUS"
"LA_US_LAURA","4","LAURA_US_LA_2020",2007-04-01,112,"SUS"
"LA_US_ZETA","4","ZETA_US_LA_2020",2007-04-01,73,"SUS"
"MX_ERNESTO","5","ERNESTO_MX_2012",2007-04-01,11,"SG"
"MX_GRACE","3","GRACE_MX_2021",2007-04-01,104,"C"
"MX_TAMPS_EMILY","6","EMILY_TAMPS_MX_2005",2007-04-01,42,"WG"
"NC_US_ISABEL","4","ISABEL_US_NC_2003",2007-04-01,60,"SUS"
"NIC_ETA","2","ETA_NIC_2020",2007-04-01,83,"CA"
"NIC_FELIX","2","FELIX_NIC_2007",2007-04-01,77,"CA"
"NIC_IOTA","2","IOTA_NIC_2020",2007-04-01,82,"CA"
"PR_USA_MARIA","3","MARIA_US_PR_2017",2007-04-01,374.2,"C"
"QROO_WILMA","3","WILMA_QROO_2005",2007-04-01,16,"C"
"TX_US_HARVEY","6","HARVEY_US_TX_2017",2007-04-01,59,"WG"
"TX_US_IKE","4","IKE_US_TX_2008",2007-04-01,117,"SUS"
"TX_US_RITA","4","RITA_US_TX_2005",2007-04-01,125,"SUS"
"US_FL_DELTA","4","DELTA_US_LA_2020",2007-04-01,105,"SUS"
"US_FL_DENNIS","4","DENNIS_US_FL_2005",2007-04-01,146,"SUS"
"VER_MX_KARL","5","KARL_MX_VER_2010",2007-04-01,15,"SG"
"YUC_DELTA","5","DELTA_YUCATAN_MX_2020",2007-04-01,16,"SG"
"YUC_MX_EMILY","5","EMILY_MX_YUC_2005",2007-04-01,14,"SG"
"YUC_MX_ISIDORE","5","ISIDORE_MX_YUC_2002",2007-04-01,9,"SG"
"AL_US_IVAN","4","IVAN_US_AL_2004",2007-05-01,48,"SUS"
"AL_US_SALLY","4","SALLY_US_AL_2020",2007-05-01,42,"SUS"
"ALEX","6","ALEX_2010",2007-05-01,108,"WG"
"BELICE_RICHARD","3","RICHARD_BELICE_2010",2007-05-01,101,"C"
"BELIZE_IRIS","2","IRIS_BELIZE_2001",2007-05-01,165,"CA"
"BETA","2","BETA_2005",2007-05-01,199,"CA"
"CR_OTTO","2","OTTO_CR_2016",2007-05-01,338,"CA"
"CUBA_DENNIS","3","DENNIS_CUBA_2005",2007-05-01,179,"C"
"CUBA_GUSTAV","3","GUSTAV_CUBA_2008",2007-05-01,264,"C"
"CUBA_IAN","3","IAN_CUBA_2022",2007-05-01,310,"C"
"CUBA_MICHELLE","3","MICHELLE_CUBA_2001",2007-05-01,203,"C"
"CUBA_PALOMA","3","PALOMA_CUBA_2008",2007-05-01,499,"C"
"CUBA_SANDY","3","SANDY_CUBA_2012",2007-05-01,458,"C"
"DEAN_QROO_MX","5","DEAN_QROO_MX_2007",2007-05-01,90,"SG"
"FL_US_CHARLEY","1","CHARLEY_2004",2007-05-01,49,"FP"
"FL_US_FRANCES","1","FRANCES_US_FL_2004",2007-05-01,68,"FP"
"FL_US_IAN","1","IAN_US_FL_2022",2007-05-01,52,"FP"
"FL_US_IRMA","1","IRMA_US_FL_2017",2007-05-01,67,"FP"
"FL_US_JEANNE","1","JEANNE_US_FL_2004",2007-05-01,69,"FP"
"FL_US_MICHAEL","4","MICHAEL_US_FL_2018",2007-05-01,13,"SUS"
"FL_US_WILMA","1","WILMA_US_FL_2005",2007-05-01,89,"FP"
"LA_US_GUSTAV","4","GUSTAV_US_LA_2008",2007-05-01,146,"SUS"
"LA_US_IDA","4","IDA_US_LA_2009",2007-05-01,152,"SUS"
"LA_US_KATRINA","4","KATRINA_US_LA_2005",2007-05-01,102,"SUS"
"LA_US_LAURA","4","LAURA_US_LA_2020",2007-05-01,99,"SUS"
"LA_US_ZETA","4","ZETA_US_LA_2020",2007-05-01,149,"SUS"
"MX_ERNESTO","5","ERNESTO_MX_2012",2007-05-01,91,"SG"
"MX_GRACE","3","GRACE_MX_2021",2007-05-01,131,"C"
"MX_TAMPS_EMILY","6","EMILY_TAMPS_MX_2005",2007-05-01,80,"WG"
"NC_US_ISABEL","4","ISABEL_US_NC_2003",2007-05-01,69,"SUS"
"NIC_ETA","2","ETA_NIC_2020",2007-05-01,149,"CA"
"NIC_FELIX","2","FELIX_NIC_2007",2007-05-01,121,"CA"
"NIC_IOTA","2","IOTA_NIC_2020",2007-05-01,160,"CA"
"PR_USA_MARIA","3","MARIA_US_PR_2017",2007-05-01,66,"C"
"QROO_WILMA","3","WILMA_QROO_2005",2007-05-01,181,"C"
"TX_US_HARVEY","6","HARVEY_US_TX_2017",2007-05-01,136,"WG"
"TX_US_IKE","4","IKE_US_TX_2008",2007-05-01,141,"SUS"
"TX_US_RITA","4","RITA_US_TX_2005",2007-05-01,98,"SUS"
"US_FL_DELTA","4","DELTA_US_LA_2020",2007-05-01,114,"SUS"
"US_FL_DENNIS","4","DENNIS_US_FL_2005",2007-05-01,39,"SUS"
"VER_MX_KARL","5","KARL_MX_VER_2010",2007-05-01,71,"SG"
"YUC_DELTA","5","DELTA_YUCATAN_MX_2020",2007-05-01,169,"SG"
"YUC_MX_EMILY","5","EMILY_MX_YUC_2005",2007-05-01,121,"SG"
"YUC_MX_ISIDORE","5","ISIDORE_MX_YUC_2002",2007-05-01,45,"SG"
"AL_US_IVAN","4","IVAN_US_AL_2004",2007-06-01,118,"SUS"
"AL_US_SALLY","4","SALLY_US_AL_2020",2007-06-01,119,"SUS"
"ALEX","6","ALEX_2010",2007-06-01,113,"WG"
"BELICE_RICHARD","3","RICHARD_BELICE_2010",2007-06-01,146,"C"
"BELIZE_IRIS","2","IRIS_BELIZE_2001",2007-06-01,338,"CA"
"BETA","2","BETA_2005",2007-06-01,340,"CA"
"CR_OTTO","2","OTTO_CR_2016",2007-06-01,297,"CA"
"CUBA_DENNIS","3","DENNIS_CUBA_2005",2007-06-01,197,"C"
"CUBA_GUSTAV","3","GUSTAV_CUBA_2008",2007-06-01,217,"C"
"CUBA_IAN","3","IAN_CUBA_2022",2007-06-01,212,"C"
"CUBA_MICHELLE","3","MICHELLE_CUBA_2001",2007-06-01,263,"C"
"CUBA_PALOMA","3","PALOMA_CUBA_2008",2007-06-01,165,"C"
"CUBA_SANDY","3","SANDY_CUBA_2012",2007-06-01,94,"C"
"DEAN_QROO_MX","5","DEAN_QROO_MX_2007",2007-06-01,68,"SG"
"FL_US_CHARLEY","1","CHARLEY_2004",2007-06-01,196,"FP"
"FL_US_FRANCES","1","FRANCES_US_FL_2004",2007-06-01,173,"FP"
"FL_US_IAN","1","IAN_US_FL_2022",2007-06-01,195,"FP"
"FL_US_IRMA","1","IRMA_US_FL_2017",2007-06-01,213,"FP"
"FL_US_JEANNE","1","JEANNE_US_FL_2004",2007-06-01,173,"FP"
"FL_US_MICHAEL","4","MICHAEL_US_FL_2018",2007-06-01,89,"SUS"
"FL_US_WILMA","1","WILMA_US_FL_2005",2007-06-01,241,"FP"
"LA_US_GUSTAV","4","GUSTAV_US_LA_2008",2007-06-01,160,"SUS"
"LA_US_IDA","4","IDA_US_LA_2009",2007-06-01,139,"SUS"
"LA_US_KATRINA","4","KATRINA_US_LA_2005",2007-06-01,108,"SUS"
"LA_US_LAURA","4","LAURA_US_LA_2020",2007-06-01,123,"SUS"
"LA_US_ZETA","4","ZETA_US_LA_2020",2007-06-01,133,"SUS"
"MX_ERNESTO","5","ERNESTO_MX_2012",2007-06-01,71,"SG"
"MX_GRACE","3","GRACE_MX_2021",2007-06-01,160.5134,"C"
"MX_TAMPS_EMILY","6","EMILY_TAMPS_MX_2005",2007-06-01,138,"WG"
"NC_US_ISABEL","4","ISABEL_US_NC_2003",2007-06-01,116,"SUS"
"NIC_ETA","2","ETA_NIC_2020",2007-06-01,367,"CA"
"NIC_FELIX","2","FELIX_NIC_2007",2007-06-01,374,"CA"
"NIC_IOTA","2","IOTA_NIC_2020",2007-06-01,356,"CA"
"PR_USA_MARIA","3","MARIA_US_PR_2017",2007-06-01,170,"C"
"QROO_WILMA","3","WILMA_QROO_2005",2007-06-01,89,"C"
"TX_US_HARVEY","6","HARVEY_US_TX_2017",2007-06-01,110,"WG"
"TX_US_IKE","4","IKE_US_TX_2008",2007-06-01,148,"SUS"
"TX_US_RITA","4","RITA_US_TX_2005",2007-06-01,131,"SUS"
"US_FL_DELTA","4","DELTA_US_LA_2020",2007-06-01,133,"SUS"
"US_FL_DENNIS","4","DENNIS_US_FL_2005",2007-06-01,120,"SUS"
"VER_MX_KARL","5","KARL_MX_VER_2010",2007-06-01,214.4,"SG"
"YUC_DELTA","5","DELTA_YUCATAN_MX_2020",2007-06-01,86,"SG"
"YUC_MX_EMILY","5","EMILY_MX_YUC_2005",2007-06-01,73,"SG"
"YUC_MX_ISIDORE","5","ISIDORE_MX_YUC_2002",2007-06-01,61,"SG"
"AL_US_IVAN","4","IVAN_US_AL_2004",2007-07-01,211,"SUS"
"AL_US_SALLY","4","SALLY_US_AL_2020",2007-07-01,209,"SUS"
"ALEX","6","ALEX_2010",2007-07-01,133,"WG"
"BELICE_RICHARD","3","RICHARD_BELICE_2010",2007-07-01,117,"C"
"BELIZE_IRIS","2","IRIS_BELIZE_2001",2007-07-01,331,"CA"
"BETA","2","BETA_2005",2007-07-01,306,"CA"
"CR_OTTO","2","OTTO_CR_2016",2007-07-01,416.6667,"CA"
"CUBA_DENNIS","3","DENNIS_CUBA_2005",2007-07-01,228,"C"
"CUBA_GUSTAV","3","GUSTAV_CUBA_2008",2007-07-01,143,"C"
"CUBA_IAN","3","IAN_CUBA_2022",2007-07-01,139,"C"
"CUBA_MICHELLE","3","MICHELLE_CUBA_2001",2007-07-01,262,"C"
"CUBA_PALOMA","3","PALOMA_CUBA_2008",2007-07-01,318,"C"
"CUBA_SANDY","3","SANDY_CUBA_2012",2007-07-01,320,"C"
"DEAN_QROO_MX","5","DEAN_QROO_MX_2007",2007-07-01,47,"SG"
"FL_US_CHARLEY","1","CHARLEY_2004",2007-07-01,201,"FP"
"FL_US_FRANCES","1","FRANCES_US_FL_2004",2007-07-01,197,"FP"
"FL_US_IAN","1","IAN_US_FL_2022",2007-07-01,195,"FP"
"FL_US_IRMA","1","IRMA_US_FL_2017",2007-07-01,229,"FP"
"FL_US_JEANNE","1","JEANNE_US_FL_2004",2007-07-01,198,"FP"
"FL_US_MICHAEL","4","MICHAEL_US_FL_2018",2007-07-01,165,"SUS"
"FL_US_WILMA","1","WILMA_US_FL_2005",2007-07-01,236,"FP"
"LA_US_GUSTAV","4","GUSTAV_US_LA_2008",2007-07-01,225,"SUS"
"LA_US_IDA","4","IDA_US_LA_2009",2007-07-01,201,"SUS"
"LA_US_KATRINA","4","KATRINA_US_LA_2005",2007-07-01,190,"SUS"
"LA_US_LAURA","4","LAURA_US_LA_2020",2007-07-01,259,"SUS"
"LA_US_ZETA","4","ZETA_US_LA_2020",2007-07-01,190,"SUS"
"MX_ERNESTO","5","ERNESTO_MX_2012",2007-07-01,47,"SG"
"MX_GRACE","3","GRACE_MX_2021",2007-07-01,196,"C"
"MX_TAMPS_EMILY","6","EMILY_TAMPS_MX_2005",2007-07-01,165,"WG"
"NC_US_ISABEL","4","ISABEL_US_NC_2003",2007-07-01,97,"SUS"
"NIC_ETA","2","ETA_NIC_2020",2007-07-01,225,"CA"
"NIC_FELIX","2","FELIX_NIC_2007",2007-07-01,192,"CA"
"NIC_IOTA","2","IOTA_NIC_2020",2007-07-01,243,"CA"
"PR_USA_MARIA","3","MARIA_US_PR_2017",2007-07-01,165,"C"
"QROO_WILMA","3","WILMA_QROO_2005",2007-07-01,68,"C"
"TX_US_HARVEY","6","HARVEY_US_TX_2017",2007-07-01,290,"WG"
"TX_US_IKE","4","IKE_US_TX_2008",2007-07-01,301,"SUS"
"TX_US_RITA","4","RITA_US_TX_2005",2007-07-01,267,"SUS"
"US_FL_DELTA","4","DELTA_US_LA_2020",2007-07-01,241,"SUS"
"US_FL_DENNIS","4","DENNIS_US_FL_2005",2007-07-01,188,"SUS"
"VER_MX_KARL","5","KARL_MX_VER_2010",2007-07-01,190.6158,"SG"
"YUC_DELTA","5","DELTA_YUCATAN_MX_2020",2007-07-01,76,"SG"
"YUC_MX_EMILY","5","EMILY_MX_YUC_2005",2007-07-01,67,"SG"
"YUC_MX_ISIDORE","5","ISIDORE_MX_YUC_2002",2007-07-01,111,"SG"
"AL_US_IVAN","4","IVAN_US_AL_2004",2007-08-01,107,"SUS"
"AL_US_SALLY","4","SALLY_US_AL_2020",2007-08-01,114,"SUS"
"ALEX","6","ALEX_2010",2007-08-01,204,"WG"
"BELICE_RICHARD","3","RICHARD_BELICE_2010",2007-08-01,392,"C"
"BELIZE_IRIS","2","IRIS_BELIZE_2001",2007-08-01,766.3333,"CA"
"BETA","2","BETA_2005",2007-08-01,450,"CA"
"CR_OTTO","2","OTTO_CR_2016",2007-08-01,463,"CA"
"CUBA_DENNIS","3","DENNIS_CUBA_2005",2007-08-01,125,"C"
"CUBA_GUSTAV","3","GUSTAV_CUBA_2008",2007-08-01,151,"C"
"CUBA_IAN","3","IAN_CUBA_2022",2007-08-01,171,"C"
"CUBA_MICHELLE","3","MICHELLE_CUBA_2001",2007-08-01,128,"C"
"CUBA_PALOMA","3","PALOMA_CUBA_2008",2007-08-01,168,"C"
"CUBA_SANDY","3","SANDY_CUBA_2012",2007-08-01,163,"C"
"DEAN_QROO_MX","5","DEAN_QROO_MX_2007",2007-08-01,296,"SG"
"FL_US_CHARLEY","1","CHARLEY_2004",2007-08-01,155,"FP"
"FL_US_FRANCES","1","FRANCES_US_FL_2004",2007-08-01,102,"FP"
"FL_US_IAN","1","IAN_US_FL_2022",2007-08-01,144,"FP"
"FL_US_IRMA","1","IRMA_US_FL_2017",2007-08-01,138,"FP"
"FL_US_JEANNE","1","JEANNE_US_FL_2004",2007-08-01,101,"FP"
"FL_US_MICHAEL","4","MICHAEL_US_FL_2018",2007-08-01,132,"SUS"
"FL_US_WILMA","1","WILMA_US_FL_2005",2007-08-01,116,"FP"
"LA_US_GUSTAV","4","GUSTAV_US_LA_2008",2007-08-01,131,"SUS"
"LA_US_IDA","4","IDA_US_LA_2009",2007-08-01,113,"SUS"
"LA_US_KATRINA","4","KATRINA_US_LA_2005",2007-08-01,98,"SUS"
"LA_US_LAURA","4","LAURA_US_LA_2020",2007-08-01,108,"SUS"
"LA_US_ZETA","4","ZETA_US_LA_2020",2007-08-01,107,"SUS"
"MX_ERNESTO","5","ERNESTO_MX_2012",2007-08-01,290,"SG"
"MX_GRACE","3","GRACE_MX_2021",2007-08-01,307,"C"
"MX_TAMPS_EMILY","6","EMILY_TAMPS_MX_2005",2007-08-01,179,"WG"
"NC_US_ISABEL","4","ISABEL_US_NC_2003",2007-08-01,90,"SUS"
"NIC_ETA","2","ETA_NIC_2020",2007-08-01,447,"CA"
"NIC_FELIX","2","FELIX_NIC_2007",2007-08-01,441,"CA"
"NIC_IOTA","2","IOTA_NIC_2020",2007-08-01,440,"CA"
"PR_USA_MARIA","3","MARIA_US_PR_2017",2007-08-01,144,"C"
"QROO_WILMA","3","WILMA_QROO_2005",2007-08-01,262,"C"
"TX_US_HARVEY","6","HARVEY_US_TX_2017",2007-08-01,92,"WG"
"TX_US_IKE","4","IKE_US_TX_2008",2007-08-01,86,"SUS"
"TX_US_RITA","4","RITA_US_TX_2005",2007-08-01,92,"SUS"
"US_FL_DELTA","4","DELTA_US_LA_2020",2007-08-01,124,"SUS"
"US_FL_DENNIS","4","DENNIS_US_FL_2005",2007-08-01,102,"SUS"
"VER_MX_KARL","5","KARL_MX_VER_2010",2007-08-01,296.6421,"SG"
"YUC_DELTA","5","DELTA_YUCATAN_MX_2020",2007-08-01,281,"SG"
"YUC_MX_EMILY","5","EMILY_MX_YUC_2005",2007-08-01,334,"SG"
"YUC_MX_ISIDORE","5","ISIDORE_MX_YUC_2002",2007-08-01,348,"SG"
"AL_US_IVAN","4","IVAN_US_AL_2004",2007-09-01,148,"SUS"
"AL_US_SALLY","4","SALLY_US_AL_2020",2007-09-01,148,"SUS"
"ALEX","6","ALEX_2010",2007-09-01,180,"WG"
"BELICE_RICHARD","3","RICHARD_BELICE_2010",2007-09-01,206,"C"
"BELIZE_IRIS","2","IRIS_BELIZE_2001",2007-09-01,450,"CA"
"BETA","2","BETA_2005",2007-09-01,299,"CA"
"CR_OTTO","2","OTTO_CR_2016",2007-09-01,332,"CA"
"CUBA_DENNIS","3","DENNIS_CUBA_2005",2007-09-01,246,"C"
"CUBA_GUSTAV","3","GUSTAV_CUBA_2008",2007-09-01,210,"C"
"CUBA_IAN","3","IAN_CUBA_2022",2007-09-01,209,"C"
"CUBA_MICHELLE","3","MICHELLE_CUBA_2001",2007-09-01,266,"C"
"CUBA_PALOMA","3","PALOMA_CUBA_2008",2007-09-01,256,"C"
"CUBA_SANDY","3","SANDY_CUBA_2012",2007-09-01,149,"C"
"DEAN_QROO_MX","5","DEAN_QROO_MX_2007",2007-09-01,147,"SG"
"FL_US_CHARLEY","1","CHARLEY_2004",2007-09-01,137,"FP"
"FL_US_FRANCES","1","FRANCES_US_FL_2004",2007-09-01,162,"FP"
"FL_US_IAN","1","IAN_US_FL_2022",2007-09-01,140,"FP"
"FL_US_IRMA","1","IRMA_US_FL_2017",2007-09-01,185,"FP"
"FL_US_JEANNE","1","JEANNE_US_FL_2004",2007-09-01,166,"FP"
"FL_US_MICHAEL","4","MICHAEL_US_FL_2018",2007-09-01,108,"SUS"
"FL_US_WILMA","1","WILMA_US_FL_2005",2007-09-01,201,"FP"
"LA_US_GUSTAV","4","GUSTAV_US_LA_2008",2007-09-01,176,"SUS"
"LA_US_IDA","4","IDA_US_LA_2009",2007-09-01,151,"SUS"
"LA_US_KATRINA","4","KATRINA_US_LA_2005",2007-09-01,123,"SUS"
"LA_US_LAURA","4","LAURA_US_LA_2020",2007-09-01,186,"SUS"
"LA_US_ZETA","4","ZETA_US_LA_2020",2007-09-01,138,"SUS"
"MX_ERNESTO","5","ERNESTO_MX_2012",2007-09-01,147,"SG"
"MX_GRACE","3","GRACE_MX_2021",2007-09-01,350.5711,"C"
"MX_TAMPS_EMILY","6","EMILY_TAMPS_MX_2005",2007-09-01,142,"WG"
"NC_US_ISABEL","4","ISABEL_US_NC_2003",2007-09-01,73,"SUS"
"NIC_ETA","2","ETA_NIC_2020",2007-09-01,353,"CA"
"NIC_FELIX","2","FELIX_NIC_2007",2007-09-01,368,"CA"
"NIC_IOTA","2","IOTA_NIC_2020",2007-09-01,323,"CA"
"PR_USA_MARIA","3","MARIA_US_PR_2017",2007-09-01,247,"C"
"QROO_WILMA","3","WILMA_QROO_2005",2007-09-01,212,"C"
"TX_US_HARVEY","6","HARVEY_US_TX_2017",2007-09-01,80,"WG"
"TX_US_IKE","4","IKE_US_TX_2008",2007-09-01,97,"SUS"
"TX_US_RITA","4","RITA_US_TX_2005",2007-09-01,170,"SUS"
"US_FL_DELTA","4","DELTA_US_LA_2020",2007-09-01,197,"SUS"
"US_FL_DENNIS","4","DENNIS_US_FL_2005",2007-09-01,137,"SUS"
"VER_MX_KARL","5","KARL_MX_VER_2010",2007-09-01,244,"SG"
"YUC_DELTA","5","DELTA_YUCATAN_MX_2020",2007-09-01,218,"SG"
"YUC_MX_EMILY","5","EMILY_MX_YUC_2005",2007-09-01,216,"SG"
"YUC_MX_ISIDORE","5","ISIDORE_MX_YUC_2002",2007-09-01,264,"SG"
"AL_US_IVAN","4","IVAN_US_AL_2004",2007-10-01,151,"SUS"
"AL_US_SALLY","4","SALLY_US_AL_2020",2007-10-01,175,"SUS"
"ALEX","6","ALEX_2010",2007-10-01,33,"WG"
"BELICE_RICHARD","3","RICHARD_BELICE_2010",2007-10-01,224,"C"
"BELIZE_IRIS","2","IRIS_BELIZE_2001",2007-10-01,314.5717,"CA"
"BETA","2","BETA_2005",2007-10-01,288,"CA"
"CR_OTTO","2","OTTO_CR_2016",2007-10-01,348,"CA"
"CUBA_DENNIS","3","DENNIS_CUBA_2005",2007-10-01,217,"C"
"CUBA_GUSTAV","3","GUSTAV_CUBA_2008",2007-10-01,174,"C"
"CUBA_IAN","3","IAN_CUBA_2022",2007-10-01,173,"C"
"CUBA_MICHELLE","3","MICHELLE_CUBA_2001",2007-10-01,273,"C"
"CUBA_PALOMA","3","PALOMA_CUBA_2008",2007-10-01,473,"C"
"CUBA_SANDY","3","SANDY_CUBA_2012",2007-10-01,534,"C"
"DEAN_QROO_MX","5","DEAN_QROO_MX_2007",2007-10-01,187,"SG"
"FL_US_CHARLEY","1","CHARLEY_2004",2007-10-01,94,"FP"
"FL_US_FRANCES","1","FRANCES_US_FL_2004",2007-10-01,144,"FP"
"FL_US_IAN","1","IAN_US_FL_2022",2007-10-01,94,"FP"
"FL_US_IRMA","1","IRMA_US_FL_2017",2007-10-01,94,"FP"
"FL_US_JEANNE","1","JEANNE_US_FL_2004",2007-10-01,147,"FP"
"FL_US_MICHAEL","4","MICHAEL_US_FL_2018",2007-10-01,98,"SUS"
"FL_US_WILMA","1","WILMA_US_FL_2005",2007-10-01,121,"FP"
"LA_US_GUSTAV","4","GUSTAV_US_LA_2008",2007-10-01,153,"SUS"
"LA_US_IDA","4","IDA_US_LA_2009",2007-10-01,180,"SUS"
"LA_US_KATRINA","4","KATRINA_US_LA_2005",2007-10-01,166,"SUS"
"LA_US_LAURA","4","LAURA_US_LA_2020",2007-10-01,61,"SUS"
"LA_US_ZETA","4","ZETA_US_LA_2020",2007-10-01,192,"SUS"
"MX_ERNESTO","5","ERNESTO_MX_2012",2007-10-01,186,"SG"
"MX_GRACE","3","GRACE_MX_2021",2007-10-01,148,"C"
"MX_TAMPS_EMILY","6","EMILY_TAMPS_MX_2005",2007-10-01,28,"WG"
"NC_US_ISABEL","4","ISABEL_US_NC_2003",2007-10-01,96,"SUS"
"NIC_ETA","2","ETA_NIC_2020",2007-10-01,228,"CA"
"NIC_FELIX","2","FELIX_NIC_2007",2007-10-01,212,"CA"
"NIC_IOTA","2","IOTA_NIC_2020",2007-10-01,239,"CA"
"PR_USA_MARIA","3","MARIA_US_PR_2017",2007-10-01,192,"C"
"QROO_WILMA","3","WILMA_QROO_2005",2007-10-01,211,"C"
"TX_US_HARVEY","6","HARVEY_US_TX_2017",2007-10-01,27,"WG"
"TX_US_IKE","4","IKE_US_TX_2008",2007-10-01,61,"SUS"
"TX_US_RITA","4","RITA_US_TX_2005",2007-10-01,64,"SUS"
"US_FL_DELTA","4","DELTA_US_LA_2020",2007-10-01,62,"SUS"
"US_FL_DENNIS","4","DENNIS_US_FL_2005",2007-10-01,147,"SUS"
"VER_MX_KARL","5","KARL_MX_VER_2010",2007-10-01,93,"SG"
"YUC_DELTA","5","DELTA_YUCATAN_MX_2020",2007-10-01,218,"SG"
"YUC_MX_EMILY","5","EMILY_MX_YUC_2005",2007-10-01,219,"SG"
"YUC_MX_ISIDORE","5","ISIDORE_MX_YUC_2002",2007-10-01,161,"SG"
"AL_US_IVAN","4","IVAN_US_AL_2004",2007-11-01,77,"SUS"
"AL_US_SALLY","4","SALLY_US_AL_2020",2007-11-01,87,"SUS"
"ALEX","6","ALEX_2010",2007-11-01,16,"WG"
"BELICE_RICHARD","3","RICHARD_BELICE_2010",2007-11-01,156,"C"
"BELIZE_IRIS","2","IRIS_BELIZE_2001",2007-11-01,161,"CA"
"BETA","2","BETA_2005",2007-11-01,256,"CA"
"CR_OTTO","2","OTTO_CR_2016",2007-11-01,496.425,"CA"
"CUBA_DENNIS","3","DENNIS_CUBA_2005",2007-11-01,15,"C"
"CUBA_GUSTAV","3","GUSTAV_CUBA_2008",2007-11-01,18,"C"
"CUBA_IAN","3","IAN_CUBA_2022",2007-11-01,16,"C"
"CUBA_MICHELLE","3","MICHELLE_CUBA_2001",2007-11-01,14,"C"
"CUBA_PALOMA","3","PALOMA_CUBA_2008",2007-11-01,31,"C"
"CUBA_SANDY","3","SANDY_CUBA_2012",2007-11-01,127,"C"
"DEAN_QROO_MX","5","DEAN_QROO_MX_2007",2007-11-01,61,"SG"
"FL_US_CHARLEY","1","CHARLEY_2004",2007-11-01,9,"FP"
"FL_US_FRANCES","1","FRANCES_US_FL_2004",2007-11-01,24,"FP"
"FL_US_IAN","1","IAN_US_FL_2022",2007-11-01,10,"FP"
"FL_US_IRMA","1","IRMA_US_FL_2017",2007-11-01,14,"FP"
"FL_US_JEANNE","1","JEANNE_US_FL_2004",2007-11-01,26,"FP"
"FL_US_MICHAEL","4","MICHAEL_US_FL_2018",2007-11-01,48,"SUS"
"FL_US_WILMA","1","WILMA_US_FL_2005",2007-11-01,20,"FP"
"LA_US_GUSTAV","4","GUSTAV_US_LA_2008",2007-11-01,41,"SUS"
"LA_US_IDA","4","IDA_US_LA_2009",2007-11-01,30,"SUS"
"LA_US_KATRINA","4","KATRINA_US_LA_2005",2007-11-01,36,"SUS"
"LA_US_LAURA","4","LAURA_US_LA_2020",2007-11-01,108,"SUS"
"LA_US_ZETA","4","ZETA_US_LA_2020",2007-11-01,29,"SUS"
"MX_ERNESTO","5","ERNESTO_MX_2012",2007-11-01,62,"SG"
"MX_GRACE","3","GRACE_MX_2021",2007-11-01,71,"C"
"MX_TAMPS_EMILY","6","EMILY_TAMPS_MX_2005",2007-11-01,15,"WG"
"NC_US_ISABEL","4","ISABEL_US_NC_2003",2007-11-01,19,"SUS"
"NIC_ETA","2","ETA_NIC_2020",2007-11-01,246,"CA"
"NIC_FELIX","2","FELIX_NIC_2007",2007-11-01,278,"CA"
"NIC_IOTA","2","IOTA_NIC_2020",2007-11-01,240,"CA"
"PR_USA_MARIA","3","MARIA_US_PR_2017",2007-11-01,185,"C"
"QROO_WILMA","3","WILMA_QROO_2005",2007-11-01,38,"C"
"TX_US_HARVEY","6","HARVEY_US_TX_2017",2007-11-01,44,"WG"
"TX_US_IKE","4","IKE_US_TX_2008",2007-11-01,114,"SUS"
"TX_US_RITA","4","RITA_US_TX_2005",2007-11-01,112,"SUS"
"US_FL_DELTA","4","DELTA_US_LA_2020",2007-11-01,105,"SUS"
"US_FL_DENNIS","4","DENNIS_US_FL_2005",2007-11-01,81,"SUS"
"VER_MX_KARL","5","KARL_MX_VER_2010",2007-11-01,58,"SG"
"YUC_DELTA","5","DELTA_YUCATAN_MX_2020",2007-11-01,37,"SG"
"YUC_MX_EMILY","5","EMILY_MX_YUC_2005",2007-11-01,39,"SG"
"YUC_MX_ISIDORE","5","ISIDORE_MX_YUC_2002",2007-11-01,16,"SG"
"AL_US_IVAN","4","IVAN_US_AL_2004",2007-12-01,188,"SUS"
"AL_US_SALLY","4","SALLY_US_AL_2020",2007-12-01,194,"SUS"
"ALEX","6","ALEX_2010",2007-12-01,3,"WG"
"BELICE_RICHARD","3","RICHARD_BELICE_2010",2007-12-01,57,"C"
"BELIZE_IRIS","2","IRIS_BELIZE_2001",2007-12-01,52,"CA"
"BETA","2","BETA_2005",2007-12-01,96,"CA"
"CR_OTTO","2","OTTO_CR_2016",2007-12-01,246.323,"CA"
"CUBA_DENNIS","3","DENNIS_CUBA_2005",2007-12-01,13,"C"
"CUBA_GUSTAV","3","GUSTAV_CUBA_2008",2007-12-01,30,"C"
"CUBA_IAN","3","IAN_CUBA_2022",2007-12-01,30,"C"
"CUBA_MICHELLE","3","MICHELLE_CUBA_2001",2007-12-01,21,"C"
"CUBA_PALOMA","3","PALOMA_CUBA_2008",2007-12-01,85,"C"
"CUBA_SANDY","3","SANDY_CUBA_2012",2007-12-01,66,"C"
"DEAN_QROO_MX","5","DEAN_QROO_MX_2007",2007-12-01,12,"SG"
"FL_US_CHARLEY","1","CHARLEY_2004",2007-12-01,31,"FP"
"FL_US_FRANCES","1","FRANCES_US_FL_2004",2007-12-01,37,"FP"
"FL_US_IAN","1","IAN_US_FL_2022",2007-12-01,29,"FP"
"FL_US_IRMA","1","IRMA_US_FL_2017",2007-12-01,19,"FP"
"FL_US_JEANNE","1","JEANNE_US_FL_2004",2007-12-01,38,"FP"
"FL_US_MICHAEL","4","MICHAEL_US_FL_2018",2007-12-01,140,"SUS"
"FL_US_WILMA","1","WILMA_US_FL_2005",2007-12-01,20,"FP"
"LA_US_GUSTAV","4","GUSTAV_US_LA_2008",2007-12-01,107,"SUS"
"LA_US_IDA","4","IDA_US_LA_2009",2007-12-01,122,"SUS"
"LA_US_KATRINA","4","KATRINA_US_LA_2005",2007-12-01,128,"SUS"
"LA_US_LAURA","4","LAURA_US_LA_2020",2007-12-01,67,"SUS"
"LA_US_ZETA","4","ZETA_US_LA_2020",2007-12-01,117,"SUS"
"MX_ERNESTO","5","ERNESTO_MX_2012",2007-12-01,12,"SG"
"MX_GRACE","3","GRACE_MX_2021",2007-12-01,42,"C"
"MX_TAMPS_EMILY","6","EMILY_TAMPS_MX_2005",2007-12-01,2,"WG"
"NC_US_ISABEL","4","ISABEL_US_NC_2003",2007-12-01,109,"SUS"
"NIC_ETA","2","ETA_NIC_2020",2007-12-01,82,"CA"
"NIC_FELIX","2","FELIX_NIC_2007",2007-12-01,94,"CA"
"NIC_IOTA","2","IOTA_NIC_2020",2007-12-01,82,"CA"
"PR_USA_MARIA","3","MARIA_US_PR_2017",2007-12-01,215,"C"
"QROO_WILMA","3","WILMA_QROO_2005",2007-12-01,35,"C"
"TX_US_HARVEY","6","HARVEY_US_TX_2017",2007-12-01,11,"WG"
"TX_US_IKE","4","IKE_US_TX_2008",2007-12-01,45,"SUS"
"TX_US_RITA","4","RITA_US_TX_2005",2007-12-01,56,"SUS"
"US_FL_DELTA","4","DELTA_US_LA_2020",2007-12-01,80,"SUS"
"US_FL_DENNIS","4","DENNIS_US_FL_2005",2007-12-01,197,"SUS"
"VER_MX_KARL","5","KARL_MX_VER_2010",2007-12-01,26,"SG"
"YUC_DELTA","5","DELTA_YUCATAN_MX_2020",2007-12-01,26,"SG"
"YUC_MX_EMILY","5","EMILY_MX_YUC_2005",2007-12-01,14,"SG"
"YUC_MX_ISIDORE","5","ISIDORE_MX_YUC_2002",2007-12-01,3,"SG"
"AL_US_IVAN","4","IVAN_US_AL_2004",2008-01-01,135,"SUS"
"AL_US_SALLY","4","SALLY_US_AL_2020",2008-01-01,133,"SUS"
"ALEX","6","ALEX_2010",2008-01-01,22,"WG"
"BELICE_RICHARD","3","RICHARD_BELICE_2010",2008-01-01,105,"C"
"BELIZE_IRIS","2","IRIS_BELIZE_2001",2008-01-01,191,"CA"
"BETA","2","BETA_2005",2008-01-01,177,"CA"
"CR_OTTO","2","OTTO_CR_2016",2008-01-01,116,"CA"
"CUBA_DENNIS","3","DENNIS_CUBA_2005",2008-01-01,30,"C"
"CUBA_GUSTAV","3","GUSTAV_CUBA_2008",2008-01-01,43,"C"
"CUBA_IAN","3","IAN_CUBA_2022",2008-01-01,41,"C"
"CUBA_MICHELLE","3","MICHELLE_CUBA_2001",2008-01-01,29,"C"
"CUBA_PALOMA","3","PALOMA_CUBA_2008",2008-01-01,5,"C"
"CUBA_SANDY","3","SANDY_CUBA_2012",2008-01-01,20,"C"
"DEAN_QROO_MX","5","DEAN_QROO_MX_2007",2008-01-01,36,"SG"
"FL_US_CHARLEY","1","CHARLEY_2004",2008-01-01,59,"FP"
"FL_US_FRANCES","1","FRANCES_US_FL_2004",2008-01-01,51,"FP"
"FL_US_IAN","1","IAN_US_FL_2022",2008-01-01,55,"FP"
"FL_US_IRMA","1","IRMA_US_FL_2017",2008-01-01,41,"FP"
"FL_US_JEANNE","1","JEANNE_US_FL_2004",2008-01-01,50,"FP"
"FL_US_MICHAEL","4","MICHAEL_US_FL_2018",2008-01-01,80,"SUS"
"FL_US_WILMA","1","WILMA_US_FL_2005",2008-01-01,32,"FP"
"LA_US_GUSTAV","4","GUSTAV_US_LA_2008",2008-01-01,149,"SUS"
"LA_US_IDA","4","IDA_US_LA_2009",2008-01-01,152,"SUS"
"LA_US_KATRINA","4","KATRINA_US_LA_2005",2008-01-01,165,"SUS"
"LA_US_LAURA","4","LAURA_US_LA_2020",2008-01-01,148,"SUS"
"LA_US_ZETA","4","ZETA_US_LA_2020",2008-01-01,142,"SUS"
"MX_ERNESTO","5","ERNESTO_MX_2012",2008-01-01,37,"SG"
"MX_GRACE","3","GRACE_MX_2021",2008-01-01,16,"C"
"MX_TAMPS_EMILY","6","EMILY_TAMPS_MX_2005",2008-01-01,23,"WG"
"NC_US_ISABEL","4","ISABEL_US_NC_2003",2008-01-01,40,"SUS"
"NIC_ETA","2","ETA_NIC_2020",2008-01-01,228,"CA"
"NIC_FELIX","2","FELIX_NIC_2007",2008-01-01,305,"CA"
"NIC_IOTA","2","IOTA_NIC_2020",2008-01-01,208,"CA"
"PR_USA_MARIA","3","MARIA_US_PR_2017",2008-01-01,228.1577,"C"
"QROO_WILMA","3","WILMA_QROO_2005",2008-01-01,29,"C"
"TX_US_HARVEY","6","HARVEY_US_TX_2017",2008-01-01,57,"WG"
"TX_US_IKE","4","IKE_US_TX_2008",2008-01-01,95,"SUS"
"TX_US_RITA","4","RITA_US_TX_2005",2008-01-01,140,"SUS"
"US_FL_DELTA","4","DELTA_US_LA_2020",2008-01-01,164,"SUS"
"US_FL_DENNIS","4","DENNIS_US_FL_2005",2008-01-01,131,"SUS"
"VER_MX_KARL","5","KARL_MX_VER_2010",2008-01-01,15,"SG"
"YUC_DELTA","5","DELTA_YUCATAN_MX_2020",2008-01-01,27,"SG"
"YUC_MX_EMILY","5","EMILY_MX_YUC_2005",2008-01-01,26,"SG"
"YUC_MX_ISIDORE","5","ISIDORE_MX_YUC_2002",2008-01-01,15,"SG"
"AL_US_IVAN","4","IVAN_US_AL_2004",2008-02-01,148,"SUS"
"AL_US_SALLY","4","SALLY_US_AL_2020",2008-02-01,143,"SUS"
"ALEX","6","ALEX_2010",2008-02-01,15,"WG"
"BELICE_RICHARD","3","RICHARD_BELICE_2010",2008-02-01,105,"C"
"BELIZE_IRIS","2","IRIS_BELIZE_2001",2008-02-01,149,"CA"
"BETA","2","BETA_2005",2008-02-01,119,"CA"
"CR_OTTO","2","OTTO_CR_2016",2008-02-01,296.3061,"CA"
"CUBA_DENNIS","3","DENNIS_CUBA_2005",2008-02-01,43,"C"
"CUBA_GUSTAV","3","GUSTAV_CUBA_2008",2008-02-01,116,"C"
"CUBA_IAN","3","IAN_CUBA_2022",2008-02-01,116,"C"
"CUBA_MICHELLE","3","MICHELLE_CUBA_2001",2008-02-01,48,"C"
"CUBA_PALOMA","3","PALOMA_CUBA_2008",2008-02-01,23,"C"
"CUBA_SANDY","3","SANDY_CUBA_2012",2008-02-01,17,"C"
"DEAN_QROO_MX","5","DEAN_QROO_MX_2007",2008-02-01,39,"SG"
"FL_US_CHARLEY","1","CHARLEY_2004",2008-02-01,69,"FP"
"FL_US_FRANCES","1","FRANCES_US_FL_2004",2008-02-01,62,"FP"
"FL_US_IAN","1","IAN_US_FL_2022",2008-02-01,65,"FP"
"FL_US_IRMA","1","IRMA_US_FL_2017",2008-02-01,79,"FP"
"FL_US_JEANNE","1","JEANNE_US_FL_2004",2008-02-01,63,"FP"
"FL_US_MICHAEL","4","MICHAEL_US_FL_2018",2008-02-01,191,"SUS"
"FL_US_WILMA","1","WILMA_US_FL_2005",2008-02-01,87,"FP"
"LA_US_GUSTAV","4","GUSTAV_US_LA_2008",2008-02-01,92,"SUS"
"LA_US_IDA","4","IDA_US_LA_2009",2008-02-01,106,"SUS"
"LA_US_KATRINA","4","KATRINA_US_LA_2005",2008-02-01,135,"SUS"
"LA_US_LAURA","4","LAURA_US_LA_2020",2008-02-01,109,"SUS"
"LA_US_ZETA","4","ZETA_US_LA_2020",2008-02-01,104,"SUS"
"MX_ERNESTO","5","ERNESTO_MX_2012",2008-02-01,36,"SG"
"MX_GRACE","3","GRACE_MX_2021",2008-02-01,49,"C"
"MX_TAMPS_EMILY","6","EMILY_TAMPS_MX_2005",2008-02-01,7,"WG"
"NC_US_ISABEL","4","ISABEL_US_NC_2003",2008-02-01,122,"SUS"
"NIC_ETA","2","ETA_NIC_2020",2008-02-01,66,"CA"
"NIC_FELIX","2","FELIX_NIC_2007",2008-02-01,37,"CA"
"NIC_IOTA","2","IOTA_NIC_2020",2008-02-01,76,"CA"
"PR_USA_MARIA","3","MARIA_US_PR_2017",2008-02-01,66,"C"
"QROO_WILMA","3","WILMA_QROO_2005",2008-02-01,99,"C"
"TX_US_HARVEY","6","HARVEY_US_TX_2017",2008-02-01,28,"WG"
"TX_US_IKE","4","IKE_US_TX_2008",2008-02-01,79,"SUS"
"TX_US_RITA","4","RITA_US_TX_2005",2008-02-01,100,"SUS"
"US_FL_DELTA","4","DELTA_US_LA_2020",2008-02-01,109,"SUS"
"US_FL_DENNIS","4","DENNIS_US_FL_2005",2008-02-01,158,"SUS"
"VER_MX_KARL","5","KARL_MX_VER_2010",2008-02-01,11,"SG"
"YUC_DELTA","5","DELTA_YUCATAN_MX_2020",2008-02-01,90,"SG"
"YUC_MX_EMILY","5","EMILY_MX_YUC_2005",2008-02-01,80,"SG"
"YUC_MX_ISIDORE","5","ISIDORE_MX_YUC_2002",2008-02-01,40,"SG"
"AL_US_IVAN","4","IVAN_US_AL_2004",2008-03-01,84,"SUS"
"AL_US_SALLY","4","SALLY_US_AL_2020",2008-03-01,80,"SUS"
"ALEX","6","ALEX_2010",2008-03-01,14,"WG"
"BELICE_RICHARD","3","RICHARD_BELICE_2010",2008-03-01,92,"C"
"BELIZE_IRIS","2","IRIS_BELIZE_2001",2008-03-01,170,"CA"
"BETA","2","BETA_2005",2008-03-01,59,"CA"
"CR_OTTO","2","OTTO_CR_2016",2008-03-01,134,"CA"
"CUBA_DENNIS","3","DENNIS_CUBA_2005",2008-03-01,60,"C"
"CUBA_GUSTAV","3","GUSTAV_CUBA_2008",2008-03-01,56,"C"
"CUBA_IAN","3","IAN_CUBA_2022",2008-03-01,48,"C"
"CUBA_MICHELLE","3","MICHELLE_CUBA_2001",2008-03-01,66,"C"
"CUBA_PALOMA","3","PALOMA_CUBA_2008",2008-03-01,90,"C"
"CUBA_SANDY","3","SANDY_CUBA_2012",2008-03-01,89,"C"
"DEAN_QROO_MX","5","DEAN_QROO_MX_2007",2008-03-01,34,"SG"
"FL_US_CHARLEY","1","CHARLEY_2004",2008-03-01,81,"FP"
"FL_US_FRANCES","1","FRANCES_US_FL_2004",2008-03-01,91,"FP"
"FL_US_IAN","1","IAN_US_FL_2022",2008-03-01,81,"FP"
"FL_US_IRMA","1","IRMA_US_FL_2017",2008-03-01,78,"FP"
"FL_US_JEANNE","1","JEANNE_US_FL_2004",2008-03-01,94,"FP"
"FL_US_MICHAEL","4","MICHAEL_US_FL_2018",2008-03-01,67,"SUS"
"FL_US_WILMA","1","WILMA_US_FL_2005",2008-03-01,74,"FP"
"LA_US_GUSTAV","4","GUSTAV_US_LA_2008",2008-03-01,60,"SUS"
"LA_US_IDA","4","IDA_US_LA_2009",2008-03-01,75,"SUS"
"LA_US_KATRINA","4","KATRINA_US_LA_2005",2008-03-01,92,"SUS"
"LA_US_LAURA","4","LAURA_US_LA_2020",2008-03-01,68,"SUS"
"LA_US_ZETA","4","ZETA_US_LA_2020",2008-03-01,69,"SUS"
"MX_ERNESTO","5","ERNESTO_MX_2012",2008-03-01,31,"SG"
"MX_GRACE","3","GRACE_MX_2021",2008-03-01,74,"C"
"MX_TAMPS_EMILY","6","EMILY_TAMPS_MX_2005",2008-03-01,10,"WG"
"NC_US_ISABEL","4","ISABEL_US_NC_2003",2008-03-01,87,"SUS"
"NIC_ETA","2","ETA_NIC_2020",2008-03-01,44,"CA"
"NIC_FELIX","2","FELIX_NIC_2007",2008-03-01,35,"CA"
"NIC_IOTA","2","IOTA_NIC_2020",2008-03-01,47,"CA"
"PR_USA_MARIA","3","MARIA_US_PR_2017",2008-03-01,28,"C"
"QROO_WILMA","3","WILMA_QROO_2005",2008-03-01,44,"C"
"TX_US_HARVEY","6","HARVEY_US_TX_2017",2008-03-01,21,"WG"
"TX_US_IKE","4","IKE_US_TX_2008",2008-03-01,75,"SUS"
"TX_US_RITA","4","RITA_US_TX_2005",2008-03-01,68,"SUS"
"US_FL_DELTA","4","DELTA_US_LA_2020",2008-03-01,68,"SUS"
"US_FL_DENNIS","4","DENNIS_US_FL_2005",2008-03-01,82,"SUS"
"VER_MX_KARL","5","KARL_MX_VER_2010",2008-03-01,44,"SG"
"YUC_DELTA","5","DELTA_YUCATAN_MX_2020",2008-03-01,48,"SG"
"YUC_MX_EMILY","5","EMILY_MX_YUC_2005",2008-03-01,62,"SG"
"YUC_MX_ISIDORE","5","ISIDORE_MX_YUC_2002",2008-03-01,29,"SG"
"AL_US_IVAN","4","IVAN_US_AL_2004",2008-04-01,159,"SUS"
"AL_US_SALLY","4","SALLY_US_AL_2020",2008-04-01,152,"SUS"
"ALEX","6","ALEX_2010",2008-04-01,42,"WG"
"BELICE_RICHARD","3","RICHARD_BELICE_2010",2008-04-01,25,"C"
"BELIZE_IRIS","2","IRIS_BELIZE_2001",2008-04-01,48,"CA"
"BETA","2","BETA_2005",2008-04-01,68,"CA"
"CR_OTTO","2","OTTO_CR_2016",2008-04-01,149,"CA"
"CUBA_DENNIS","3","DENNIS_CUBA_2005",2008-04-01,131,"C"
"CUBA_GUSTAV","3","GUSTAV_CUBA_2008",2008-04-01,124,"C"
"CUBA_IAN","3","IAN_CUBA_2022",2008-04-01,109,"C"
"CUBA_MICHELLE","3","MICHELLE_CUBA_2001",2008-04-01,138,"C"
"CUBA_PALOMA","3","PALOMA_CUBA_2008",2008-04-01,92,"C"
"CUBA_SANDY","3","SANDY_CUBA_2012",2008-04-01,69,"C"
"DEAN_QROO_MX","5","DEAN_QROO_MX_2007",2008-04-01,29,"SG"
"FL_US_CHARLEY","1","CHARLEY_2004",2008-04-01,82,"FP"
"FL_US_FRANCES","1","FRANCES_US_FL_2004",2008-04-01,75,"FP"
"FL_US_IAN","1","IAN_US_FL_2022",2008-04-01,79,"FP"
"FL_US_IRMA","1","IRMA_US_FL_2017",2008-04-01,85,"FP"
"FL_US_JEANNE","1","JEANNE_US_FL_2004",2008-04-01,76,"FP"
"FL_US_MICHAEL","4","MICHAEL_US_FL_2018",2008-04-01,105,"SUS"
"FL_US_WILMA","1","WILMA_US_FL_2005",2008-04-01,96,"FP"
"LA_US_GUSTAV","4","GUSTAV_US_LA_2008",2008-04-01,64,"SUS"
"LA_US_IDA","4","IDA_US_LA_2009",2008-04-01,82,"SUS"
"LA_US_KATRINA","4","KATRINA_US_LA_2005",2008-04-01,127,"SUS"
"LA_US_LAURA","4","LAURA_US_LA_2020",2008-04-01,51,"SUS"
"LA_US_ZETA","4","ZETA_US_LA_2020",2008-04-01,95,"SUS"
"MX_ERNESTO","5","ERNESTO_MX_2012",2008-04-01,28,"SG"
"MX_GRACE","3","GRACE_MX_2021",2008-04-01,87,"C"
"MX_TAMPS_EMILY","6","EMILY_TAMPS_MX_2005",2008-04-01,42,"WG"
"NC_US_ISABEL","4","ISABEL_US_NC_2003",2008-04-01,165,"SUS"
"NIC_ETA","2","ETA_NIC_2020",2008-04-01,54,"CA"
"NIC_FELIX","2","FELIX_NIC_2007",2008-04-01,43,"CA"
"NIC_IOTA","2","IOTA_NIC_2020",2008-04-01,58,"CA"
"PR_USA_MARIA","3","MARIA_US_PR_2017",2008-04-01,190,"C"
"QROO_WILMA","3","WILMA_QROO_2005",2008-04-01,24,"C"
"TX_US_HARVEY","6","HARVEY_US_TX_2017",2008-04-01,31,"WG"
"TX_US_IKE","4","IKE_US_TX_2008",2008-04-01,58,"SUS"
"TX_US_RITA","4","RITA_US_TX_2005",2008-04-01,52,"SUS"
"US_FL_DELTA","4","DELTA_US_LA_2020",2008-04-01,54,"SUS"
"US_FL_DENNIS","4","DENNIS_US_FL_2005",2008-04-01,154,"SUS"
"VER_MX_KARL","5","KARL_MX_VER_2010",2008-04-01,40,"SG"
"YUC_DELTA","5","DELTA_YUCATAN_MX_2020",2008-04-01,24,"SG"
"YUC_MX_EMILY","5","EMILY_MX_YUC_2005",2008-04-01,27,"SG"
"YUC_MX_ISIDORE","5","ISIDORE_MX_YUC_2002",2008-04-01,15,"SG"
"AL_US_IVAN","4","IVAN_US_AL_2004",2008-05-01,126,"SUS"
"AL_US_SALLY","4","SALLY_US_AL_2020",2008-05-01,116,"SUS"
"ALEX","6","ALEX_2010",2008-05-01,42,"WG"
"BELICE_RICHARD","3","RICHARD_BELICE_2010",2008-05-01,126,"C"
"BELIZE_IRIS","2","IRIS_BELIZE_2001",2008-05-01,225,"CA"
"BETA","2","BETA_2005",2008-05-01,370,"CA"
"CR_OTTO","2","OTTO_CR_2016",2008-05-01,394.7267,"CA"
"CUBA_DENNIS","3","DENNIS_CUBA_2005",2008-05-01,94,"C"
"CUBA_GUSTAV","3","GUSTAV_CUBA_2008",2008-05-01,73,"C"
"CUBA_IAN","3","IAN_CUBA_2022",2008-05-01,72,"C"
"CUBA_MICHELLE","3","MICHELLE_CUBA_2001",2008-05-01,102,"C"
"CUBA_PALOMA","3","PALOMA_CUBA_2008",2008-05-01,191,"C"
"CUBA_SANDY","3","SANDY_CUBA_2012",2008-05-01,204,"C"
"DEAN_QROO_MX","5","DEAN_QROO_MX_2007",2008-05-01,121,"SG"
"FL_US_CHARLEY","1","CHARLEY_2004",2008-05-01,33,"FP"
"FL_US_FRANCES","1","FRANCES_US_FL_2004",2008-05-01,43,"FP"
"FL_US_IAN","1","IAN_US_FL_2022",2008-05-01,35,"FP"
"FL_US_IRMA","1","IRMA_US_FL_2017",2008-05-01,38,"FP"
"FL_US_JEANNE","1","JEANNE_US_FL_2004",2008-05-01,44,"FP"
"FL_US_MICHAEL","4","MICHAEL_US_FL_2018",2008-05-01,53,"SUS"
"FL_US_WILMA","1","WILMA_US_FL_2005",2008-05-01,45,"FP"
"LA_US_GUSTAV","4","GUSTAV_US_LA_2008",2008-05-01,135,"SUS"
"LA_US_IDA","4","IDA_US_LA_2009",2008-05-01,152,"SUS"
"LA_US_KATRINA","4","KATRINA_US_LA_2005",2008-05-01,164,"SUS"
"LA_US_LAURA","4","LAURA_US_LA_2020",2008-05-01,125,"SUS"
"LA_US_ZETA","4","ZETA_US_LA_2020",2008-05-01,159,"SUS"
"MX_ERNESTO","5","ERNESTO_MX_2012",2008-05-01,122,"SG"
"MX_GRACE","3","GRACE_MX_2021",2008-05-01,61,"C"
"MX_TAMPS_EMILY","6","EMILY_TAMPS_MX_2005",2008-05-01,34,"WG"
"NC_US_ISABEL","4","ISABEL_US_NC_2003",2008-05-01,76,"SUS"
"NIC_ETA","2","ETA_NIC_2020",2008-05-01,399,"CA"
"NIC_FELIX","2","FELIX_NIC_2007",2008-05-01,443,"CA"
"NIC_IOTA","2","IOTA_NIC_2020",2008-05-01,383,"CA"
"PR_USA_MARIA","3","MARIA_US_PR_2017",2008-05-01,180,"C"
"QROO_WILMA","3","WILMA_QROO_2005",2008-05-01,70,"C"
"TX_US_HARVEY","6","HARVEY_US_TX_2017",2008-05-01,19,"WG"
"TX_US_IKE","4","IKE_US_TX_2008",2008-05-01,74,"SUS"
"TX_US_RITA","4","RITA_US_TX_2005",2008-05-01,113,"SUS"
"US_FL_DELTA","4","DELTA_US_LA_2020",2008-05-01,142,"SUS"
"US_FL_DENNIS","4","DENNIS_US_FL_2005",2008-05-01,115,"SUS"
"VER_MX_KARL","5","KARL_MX_VER_2010",2008-05-01,46,"SG"
"YUC_DELTA","5","DELTA_YUCATAN_MX_2020",2008-05-01,72,"SG"
"YUC_MX_EMILY","5","EMILY_MX_YUC_2005",2008-05-01,94,"SG"
"YUC_MX_ISIDORE","5","ISIDORE_MX_YUC_2002",2008-05-01,50,"SG"
"AL_US_IVAN","4","IVAN_US_AL_2004",2008-06-01,114,"SUS"
"AL_US_SALLY","4","SALLY_US_AL_2020",2008-06-01,125,"SUS"
"ALEX","6","ALEX_2010",2008-06-01,24,"WG"
"BELICE_RICHARD","3","RICHARD_BELICE_2010",2008-06-01,421,"C"
"BELIZE_IRIS","2","IRIS_BELIZE_2001",2008-06-01,618,"CA"
"BETA","2","BETA_2005",2008-06-01,298,"CA"
"CR_OTTO","2","OTTO_CR_2016",2008-06-01,317,"CA"
"CUBA_DENNIS","3","DENNIS_CUBA_2005",2008-06-01,160,"C"
"CUBA_GUSTAV","3","GUSTAV_CUBA_2008",2008-06-01,167,"C"
"CUBA_IAN","3","IAN_CUBA_2022",2008-06-01,153,"C"
"CUBA_MICHELLE","3","MICHELLE_CUBA_2001",2008-06-01,204,"C"
"CUBA_PALOMA","3","PALOMA_CUBA_2008",2008-06-01,154,"C"
"CUBA_SANDY","3","SANDY_CUBA_2012",2008-06-01,149,"C"
"DEAN_QROO_MX","5","DEAN_QROO_MX_2007",2008-06-01,253,"SG"
"FL_US_CHARLEY","1","CHARLEY_2004",2008-06-01,240,"FP"
"FL_US_FRANCES","1","FRANCES_US_FL_2004",2008-06-01,188,"FP"
"FL_US_IAN","1","IAN_US_FL_2022",2008-06-01,243,"FP"
"FL_US_IRMA","1","IRMA_US_FL_2017",2008-06-01,265,"FP"
"FL_US_JEANNE","1","JEANNE_US_FL_2004",2008-06-01,187,"FP"
"FL_US_MICHAEL","4","MICHAEL_US_FL_2018",2008-06-01,129,"SUS"
"FL_US_WILMA","1","WILMA_US_FL_2005",2008-06-01,262,"FP"
"LA_US_GUSTAV","4","GUSTAV_US_LA_2008",2008-06-01,99,"SUS"
"LA_US_IDA","4","IDA_US_LA_2009",2008-06-01,87,"SUS"
"LA_US_KATRINA","4","KATRINA_US_LA_2005",2008-06-01,95,"SUS"
"LA_US_LAURA","4","LAURA_US_LA_2020",2008-06-01,87,"SUS"
"LA_US_ZETA","4","ZETA_US_LA_2020",2008-06-01,88,"SUS"
"MX_ERNESTO","5","ERNESTO_MX_2012",2008-06-01,261,"SG"
"MX_GRACE","3","GRACE_MX_2021",2008-06-01,201,"C"
"MX_TAMPS_EMILY","6","EMILY_TAMPS_MX_2005",2008-06-01,20,"WG"
"NC_US_ISABEL","4","ISABEL_US_NC_2003",2008-06-01,47,"SUS"
"NIC_ETA","2","ETA_NIC_2020",2008-06-01,276,"CA"
"NIC_FELIX","2","FELIX_NIC_2007",2008-06-01,255,"CA"
"NIC_IOTA","2","IOTA_NIC_2020",2008-06-01,279,"CA"
"PR_USA_MARIA","3","MARIA_US_PR_2017",2008-06-01,230,"C"
"QROO_WILMA","3","WILMA_QROO_2005",2008-06-01,193,"C"
"TX_US_HARVEY","6","HARVEY_US_TX_2017",2008-06-01,21,"WG"
"TX_US_IKE","4","IKE_US_TX_2008",2008-06-01,40,"SUS"
"TX_US_RITA","4","RITA_US_TX_2005",2008-06-01,84,"SUS"
"US_FL_DELTA","4","DELTA_US_LA_2020",2008-06-01,97,"SUS"
"US_FL_DENNIS","4","DENNIS_US_FL_2005",2008-06-01,118,"SUS"
"VER_MX_KARL","5","KARL_MX_VER_2010",2008-06-01,328.5813,"SG"
"YUC_DELTA","5","DELTA_YUCATAN_MX_2020",2008-06-01,209,"SG"
"YUC_MX_EMILY","5","EMILY_MX_YUC_2005",2008-06-01,246,"SG"
"YUC_MX_ISIDORE","5","ISIDORE_MX_YUC_2002",2008-06-01,266,"SG"
"AL_US_IVAN","4","IVAN_US_AL_2004",2008-07-01,138,"SUS"
"AL_US_SALLY","4","SALLY_US_AL_2020",2008-07-01,153,"SUS"
"ALEX","6","ALEX_2010",2008-07-01,229,"WG"
"BELICE_RICHARD","3","RICHARD_BELICE_2010",2008-07-01,196,"C"
"BELIZE_IRIS","2","IRIS_BELIZE_2001",2008-07-01,632.3333,"CA"
"BETA","2","BETA_2005",2008-07-01,605,"CA"
"CR_OTTO","2","OTTO_CR_2016",2008-07-01,490,"CA"
"CUBA_DENNIS","3","DENNIS_CUBA_2005",2008-07-01,297,"C"
"CUBA_GUSTAV","3","GUSTAV_CUBA_2008",2008-07-01,226,"C"
"CUBA_IAN","3","IAN_CUBA_2022",2008-07-01,211,"C"
"CUBA_MICHELLE","3","MICHELLE_CUBA_2001",2008-07-01,295,"C"
"CUBA_PALOMA","3","PALOMA_CUBA_2008",2008-07-01,188,"C"
"CUBA_SANDY","3","SANDY_CUBA_2012",2008-07-01,189,"C"
"DEAN_QROO_MX","5","DEAN_QROO_MX_2007",2008-07-01,63,"SG"
"FL_US_CHARLEY","1","CHARLEY_2004",2008-07-01,263,"FP"
"FL_US_FRANCES","1","FRANCES_US_FL_2004",2008-07-01,246,"FP"
"FL_US_IAN","1","IAN_US_FL_2022",2008-07-01,260,"FP"
"FL_US_IRMA","1","IRMA_US_FL_2017",2008-07-01,276,"FP"
"FL_US_JEANNE","1","JEANNE_US_FL_2004",2008-07-01,248,"FP"
"FL_US_MICHAEL","4","MICHAEL_US_FL_2018",2008-07-01,147,"SUS"
"FL_US_WILMA","1","WILMA_US_FL_2005",2008-07-01,273,"FP"
"LA_US_GUSTAV","4","GUSTAV_US_LA_2008",2008-07-01,117,"SUS"
"LA_US_IDA","4","IDA_US_LA_2009",2008-07-01,109,"SUS"
"LA_US_KATRINA","4","KATRINA_US_LA_2005",2008-07-01,90,"SUS"
"LA_US_LAURA","4","LAURA_US_LA_2020",2008-07-01,82,"SUS"
"LA_US_ZETA","4","ZETA_US_LA_2020",2008-07-01,104,"SUS"
"MX_ERNESTO","5","ERNESTO_MX_2012",2008-07-01,65,"SG"
"MX_GRACE","3","GRACE_MX_2021",2008-07-01,228.6667,"C"
"MX_TAMPS_EMILY","6","EMILY_TAMPS_MX_2005",2008-07-01,236,"WG"
"NC_US_ISABEL","4","ISABEL_US_NC_2003",2008-07-01,127,"SUS"
"NIC_ETA","2","ETA_NIC_2020",2008-07-01,698.5,"CA"
"NIC_FELIX","2","FELIX_NIC_2007",2008-07-01,746.5293,"CA"
"NIC_IOTA","2","IOTA_NIC_2020",2008-07-01,674.8893,"CA"
"PR_USA_MARIA","3","MARIA_US_PR_2017",2008-07-01,71,"C"
"QROO_WILMA","3","WILMA_QROO_2005",2008-07-01,60,"C"
"TX_US_HARVEY","6","HARVEY_US_TX_2017",2008-07-01,127,"WG"
"TX_US_IKE","4","IKE_US_TX_2008",2008-07-01,101,"SUS"
"TX_US_RITA","4","RITA_US_TX_2005",2008-07-01,92,"SUS"
"US_FL_DELTA","4","DELTA_US_LA_2020",2008-07-01,68,"SUS"
"US_FL_DENNIS","4","DENNIS_US_FL_2005",2008-07-01,151,"SUS"
"VER_MX_KARL","5","KARL_MX_VER_2010",2008-07-01,274.1313,"SG"
"YUC_DELTA","5","DELTA_YUCATAN_MX_2020",2008-07-01,69,"SG"
"YUC_MX_EMILY","5","EMILY_MX_YUC_2005",2008-07-01,66,"SG"
"YUC_MX_ISIDORE","5","ISIDORE_MX_YUC_2002",2008-07-01,86,"SG"
"AL_US_IVAN","4","IVAN_US_AL_2004",2008-08-01,284,"SUS"
"AL_US_SALLY","4","SALLY_US_AL_2020",2008-08-01,306,"SUS"
"ALEX","6","ALEX_2010",2008-08-01,143,"WG"
"BELICE_RICHARD","3","RICHARD_BELICE_2010",2008-08-01,117,"C"
"BELIZE_IRIS","2","IRIS_BELIZE_2001",2008-08-01,416,"CA"
"BETA","2","BETA_2005",2008-08-01,441,"CA"
"CR_OTTO","2","OTTO_CR_2016",2008-08-01,488.4112,"CA"
"CUBA_DENNIS","3","DENNIS_CUBA_2005",2008-08-01,256,"C"
"CUBA_GUSTAV","3","GUSTAV_CUBA_2008",2008-08-01,228,"C"
"CUBA_IAN","3","IAN_CUBA_2022",2008-08-01,234,"C"
"CUBA_MICHELLE","3","MICHELLE_CUBA_2001",2008-08-01,248,"C"
"CUBA_PALOMA","3","PALOMA_CUBA_2008",2008-08-01,104,"C"
"CUBA_SANDY","3","SANDY_CUBA_2012",2008-08-01,85,"C"
"DEAN_QROO_MX","5","DEAN_QROO_MX_2007",2008-08-01,65,"SG"
"FL_US_CHARLEY","1","CHARLEY_2004",2008-08-01,262,"FP"
"FL_US_FRANCES","1","FRANCES_US_FL_2004",2008-08-01,261,"FP"
"FL_US_IAN","1","IAN_US_FL_2022",2008-08-01,266,"FP"
"FL_US_IRMA","1","IRMA_US_FL_2017",2008-08-01,333,"FP"
"FL_US_JEANNE","1","JEANNE_US_FL_2004",2008-08-01,262,"FP"
"FL_US_MICHAEL","4","MICHAEL_US_FL_2018",2008-08-01,301,"SUS"
"FL_US_WILMA","1","WILMA_US_FL_2005",2008-08-01,316,"FP"
"LA_US_GUSTAV","4","GUSTAV_US_LA_2008",2008-08-01,295,"SUS"
"LA_US_IDA","4","IDA_US_LA_2009",2008-08-01,284,"SUS"
"LA_US_KATRINA","4","KATRINA_US_LA_2005",2008-08-01,245,"SUS"
"LA_US_LAURA","4","LAURA_US_LA_2020",2008-08-01,173,"SUS"
"LA_US_ZETA","4","ZETA_US_LA_2020",2008-08-01,277,"SUS"
"MX_ERNESTO","5","ERNESTO_MX_2012",2008-08-01,64,"SG"
"MX_GRACE","3","GRACE_MX_2021",2008-08-01,219,"C"
"MX_TAMPS_EMILY","6","EMILY_TAMPS_MX_2005",2008-08-01,170,"WG"
"NC_US_ISABEL","4","ISABEL_US_NC_2003",2008-08-01,105,"SUS"
"NIC_ETA","2","ETA_NIC_2020",2008-08-01,407,"CA"
"NIC_FELIX","2","FELIX_NIC_2007",2008-08-01,395,"CA"
"NIC_IOTA","2","IOTA_NIC_2020",2008-08-01,409,"CA"
"PR_USA_MARIA","3","MARIA_US_PR_2017",2008-08-01,185,"C"
"QROO_WILMA","3","WILMA_QROO_2005",2008-08-01,108,"C"
"TX_US_HARVEY","6","HARVEY_US_TX_2017",2008-08-01,133,"WG"
"TX_US_IKE","4","IKE_US_TX_2008",2008-08-01,169,"SUS"
"TX_US_RITA","4","RITA_US_TX_2005",2008-08-01,172,"SUS"
"US_FL_DELTA","4","DELTA_US_LA_2020",2008-08-01,171,"SUS"
"US_FL_DENNIS","4","DENNIS_US_FL_2005",2008-08-01,284,"SUS"
"VER_MX_KARL","5","KARL_MX_VER_2010",2008-08-01,196,"SG"
"YUC_DELTA","5","DELTA_YUCATAN_MX_2020",2008-08-01,106,"SG"
"YUC_MX_EMILY","5","EMILY_MX_YUC_2005",2008-08-01,89,"SG"
"YUC_MX_ISIDORE","5","ISIDORE_MX_YUC_2002",2008-08-01,70,"SG"
"AL_US_IVAN","4","IVAN_US_AL_2004",2008-09-01,138,"SUS"
"AL_US_SALLY","4","SALLY_US_AL_2020",2008-09-01,125,"SUS"
"ALEX","6","ALEX_2010",2008-09-01,263,"WG"
"BELICE_RICHARD","3","RICHARD_BELICE_2010",2008-09-01,195,"C"
"BELIZE_IRIS","2","IRIS_BELIZE_2001",2008-09-01,377,"CA"
"BETA","2","BETA_2005",2008-09-01,254,"CA"
"CR_OTTO","2","OTTO_CR_2016",2008-09-01,293,"CA"
"CUBA_DENNIS","3","DENNIS_CUBA_2005",2008-09-01,347,"C"
"CUBA_GUSTAV","3","GUSTAV_CUBA_2008",2008-09-01,316.5,"C"
"CUBA_IAN","3","IAN_CUBA_2022",2008-09-01,315,"C"
"CUBA_MICHELLE","3","MICHELLE_CUBA_2001",2008-09-01,366,"C"
"CUBA_PALOMA","3","PALOMA_CUBA_2008",2008-09-01,398,"C"
"CUBA_SANDY","3","SANDY_CUBA_2012",2008-09-01,275,"C"
"DEAN_QROO_MX","5","DEAN_QROO_MX_2007",2008-09-01,122,"SG"
"FL_US_CHARLEY","1","CHARLEY_2004",2008-09-01,79,"FP"
"FL_US_FRANCES","1","FRANCES_US_FL_2004",2008-09-01,98,"FP"
"FL_US_IAN","1","IAN_US_FL_2022",2008-09-01,89,"FP"
"FL_US_IRMA","1","IRMA_US_FL_2017",2008-09-01,158,"FP"
"FL_US_JEANNE","1","JEANNE_US_FL_2004",2008-09-01,103,"FP"
"FL_US_MICHAEL","4","MICHAEL_US_FL_2018",2008-09-01,39,"SUS"
"FL_US_WILMA","1","WILMA_US_FL_2005",2008-09-01,188,"FP"
"LA_US_GUSTAV","4","GUSTAV_US_LA_2008",2008-09-01,234,"SUS"
"LA_US_IDA","4","IDA_US_LA_2009",2008-09-01,241,"SUS"
"LA_US_KATRINA","4","KATRINA_US_LA_2005",2008-09-01,207,"SUS"
"LA_US_LAURA","4","LAURA_US_LA_2020",2008-09-01,270,"SUS"
"LA_US_ZETA","4","ZETA_US_LA_2020",2008-09-01,244,"SUS"
"MX_ERNESTO","5","ERNESTO_MX_2012",2008-09-01,123,"SG"
"MX_GRACE","3","GRACE_MX_2021",2008-09-01,376.3972,"C"
"MX_TAMPS_EMILY","6","EMILY_TAMPS_MX_2005",2008-09-01,229,"WG"
"NC_US_ISABEL","4","ISABEL_US_NC_2003",2008-09-01,124,"SUS"
"NIC_ETA","2","ETA_NIC_2020",2008-09-01,289,"CA"
"NIC_FELIX","2","FELIX_NIC_2007",2008-09-01,299,"CA"
"NIC_IOTA","2","IOTA_NIC_2020",2008-09-01,267,"CA"
"PR_USA_MARIA","3","MARIA_US_PR_2017",2008-09-01,368.5714,"C"
"QROO_WILMA","3","WILMA_QROO_2005",2008-09-01,209,"C"
"TX_US_HARVEY","6","HARVEY_US_TX_2017",2008-09-01,50,"WG"
"TX_US_IKE","4","IKE_US_TX_2008",2008-09-01,185,"SUS"
"TX_US_RITA","4","RITA_US_TX_2005",2008-09-01,290,"SUS"
"US_FL_DELTA","4","DELTA_US_LA_2020",2008-09-01,253,"SUS"
"US_FL_DENNIS","4","DENNIS_US_FL_2005",2008-09-01,110,"SUS"
"VER_MX_KARL","5","KARL_MX_VER_2010",2008-09-01,246.7301,"SG"
"YUC_DELTA","5","DELTA_YUCATAN_MX_2020",2008-09-01,209,"SG"
"YUC_MX_EMILY","5","EMILY_MX_YUC_2005",2008-09-01,187,"SG"
"YUC_MX_ISIDORE","5","ISIDORE_MX_YUC_2002",2008-09-01,204,"SG"
"AL_US_IVAN","4","IVAN_US_AL_2004",2008-10-01,66,"SUS"
"AL_US_SALLY","4","SALLY_US_AL_2020",2008-10-01,84,"SUS"
"ALEX","6","ALEX_2010",2008-10-01,76,"WG"
"BELICE_RICHARD","3","RICHARD_BELICE_2010",2008-10-01,408,"C"
"BELIZE_IRIS","2","IRIS_BELIZE_2001",2008-10-01,555,"CA"
"BETA","2","BETA_2005",2008-10-01,434,"CA"
"CR_OTTO","2","OTTO_CR_2016",2008-10-01,381,"CA"
"CUBA_DENNIS","3","DENNIS_CUBA_2005",2008-10-01,147,"C"
"CUBA_GUSTAV","3","GUSTAV_CUBA_2008",2008-10-01,179,"C"
"CUBA_IAN","3","IAN_CUBA_2022",2008-10-01,198,"C"
"CUBA_MICHELLE","3","MICHELLE_CUBA_2001",2008-10-01,171,"C"
"CUBA_PALOMA","3","PALOMA_CUBA_2008",2008-10-01,91,"C"
"CUBA_SANDY","3","SANDY_CUBA_2012",2008-10-01,137,"C"
"DEAN_QROO_MX","5","DEAN_QROO_MX_2007",2008-10-01,226,"SG"
"FL_US_CHARLEY","1","CHARLEY_2004",2008-10-01,65,"FP"
"FL_US_FRANCES","1","FRANCES_US_FL_2004",2008-10-01,106,"FP"
"FL_US_IAN","1","IAN_US_FL_2022",2008-10-01,66,"FP"
"FL_US_IRMA","1","IRMA_US_FL_2017",2008-10-01,78,"FP"
"FL_US_JEANNE","1","JEANNE_US_FL_2004",2008-10-01,111,"FP"
"FL_US_MICHAEL","4","MICHAEL_US_FL_2018",2008-10-01,114,"SUS"
"FL_US_WILMA","1","WILMA_US_FL_2005",2008-10-01,106,"FP"
"LA_US_GUSTAV","4","GUSTAV_US_LA_2008",2008-10-01,20,"SUS"
"LA_US_IDA","4","IDA_US_LA_2009",2008-10-01,25,"SUS"
"LA_US_KATRINA","4","KATRINA_US_LA_2005",2008-10-01,42,"SUS"
"LA_US_LAURA","4","LAURA_US_LA_2020",2008-10-01,35,"SUS"
"LA_US_ZETA","4","ZETA_US_LA_2020",2008-10-01,28,"SUS"
"MX_ERNESTO","5","ERNESTO_MX_2012",2008-10-01,227,"SG"
"MX_GRACE","3","GRACE_MX_2021",2008-10-01,199,"C"
"MX_TAMPS_EMILY","6","EMILY_TAMPS_MX_2005",2008-10-01,60,"WG"
"NC_US_ISABEL","4","ISABEL_US_NC_2003",2008-10-01,48,"SUS"
"NIC_ETA","2","ETA_NIC_2020",2008-10-01,450,"CA"
"NIC_FELIX","2","FELIX_NIC_2007",2008-10-01,455,"CA"
"NIC_IOTA","2","IOTA_NIC_2020",2008-10-01,443,"CA"
"PR_USA_MARIA","3","MARIA_US_PR_2017",2008-10-01,233,"C"
"QROO_WILMA","3","WILMA_QROO_2005",2008-10-01,214,"C"
"TX_US_HARVEY","6","HARVEY_US_TX_2017",2008-10-01,36,"WG"
"TX_US_IKE","4","IKE_US_TX_2008",2008-10-01,57,"SUS"
"TX_US_RITA","4","RITA_US_TX_2005",2008-10-01,43,"SUS"
"US_FL_DELTA","4","DELTA_US_LA_2020",2008-10-01,28,"SUS"
"US_FL_DENNIS","4","DENNIS_US_FL_2005",2008-10-01,75,"SUS"
"VER_MX_KARL","5","KARL_MX_VER_2010",2008-10-01,133,"SG"
"YUC_DELTA","5","DELTA_YUCATAN_MX_2020",2008-10-01,208,"SG"
"YUC_MX_EMILY","5","EMILY_MX_YUC_2005",2008-10-01,179,"SG"
"YUC_MX_ISIDORE","5","ISIDORE_MX_YUC_2002",2008-10-01,81,"SG"
"AL_US_IVAN","4","IVAN_US_AL_2004",2008-11-01,93,"SUS"
"AL_US_SALLY","4","SALLY_US_AL_2020",2008-11-01,89,"SUS"
"ALEX","6","ALEX_2010",2008-11-01,49,"WG"
"BELICE_RICHARD","3","RICHARD_BELICE_2010",2008-11-01,23,"C"
"BELIZE_IRIS","2","IRIS_BELIZE_2001",2008-11-01,54,"CA"
"BETA","2","BETA_2005",2008-11-01,229,"CA"
"CR_OTTO","2","OTTO_CR_2016",2008-11-01,441.5962,"CA"
"CUBA_DENNIS","3","DENNIS_CUBA_2005",2008-11-01,39,"C"
"CUBA_GUSTAV","3","GUSTAV_CUBA_2008",2008-11-01,46,"C"
"CUBA_IAN","3","IAN_CUBA_2022",2008-11-01,35,"C"
"CUBA_MICHELLE","3","MICHELLE_CUBA_2001",2008-11-01,40,"C"
"CUBA_PALOMA","3","PALOMA_CUBA_2008",2008-11-01,105,"C"
"CUBA_SANDY","3","SANDY_CUBA_2012",2008-11-01,143,"C"
"DEAN_QROO_MX","5","DEAN_QROO_MX_2007",2008-11-01,5,"SG"
"FL_US_CHARLEY","1","CHARLEY_2004",2008-11-01,11,"FP"
"FL_US_FRANCES","1","FRANCES_US_FL_2004",2008-11-01,18,"FP"
"FL_US_IAN","1","IAN_US_FL_2022",2008-11-01,11,"FP"
"FL_US_IRMA","1","IRMA_US_FL_2017",2008-11-01,11,"FP"
"FL_US_JEANNE","1","JEANNE_US_FL_2004",2008-11-01,19,"FP"
"FL_US_MICHAEL","4","MICHAEL_US_FL_2018",2008-11-01,80,"SUS"
"FL_US_WILMA","1","WILMA_US_FL_2005",2008-11-01,14,"FP"
"LA_US_GUSTAV","4","GUSTAV_US_LA_2008",2008-11-01,54,"SUS"
"LA_US_IDA","4","IDA_US_LA_2009",2008-11-01,48,"SUS"
"LA_US_KATRINA","4","KATRINA_US_LA_2005",2008-11-01,65,"SUS"
"LA_US_LAURA","4","LAURA_US_LA_2020",2008-11-01,103,"SUS"
"LA_US_ZETA","4","ZETA_US_LA_2020",2008-11-01,47,"SUS"
"MX_ERNESTO","5","ERNESTO_MX_2012",2008-11-01,5,"SG"
"MX_GRACE","3","GRACE_MX_2021",2008-11-01,59,"C"
"MX_TAMPS_EMILY","6","EMILY_TAMPS_MX_2005",2008-11-01,37,"WG"
"NC_US_ISABEL","4","ISABEL_US_NC_2003",2008-11-01,136,"SUS"
"NIC_ETA","2","ETA_NIC_2020",2008-11-01,188,"CA"
"NIC_FELIX","2","FELIX_NIC_2007",2008-11-01,140,"CA"
"NIC_IOTA","2","IOTA_NIC_2020",2008-11-01,204,"CA"
"PR_USA_MARIA","3","MARIA_US_PR_2017",2008-11-01,136,"C"
"QROO_WILMA","3","WILMA_QROO_2005",2008-11-01,4,"C"
"TX_US_HARVEY","6","HARVEY_US_TX_2017",2008-11-01,27,"WG"
"TX_US_IKE","4","IKE_US_TX_2008",2008-11-01,128,"SUS"
"TX_US_RITA","4","RITA_US_TX_2005",2008-11-01,129,"SUS"
"US_FL_DELTA","4","DELTA_US_LA_2020",2008-11-01,83,"SUS"
"US_FL_DENNIS","4","DENNIS_US_FL_2005",2008-11-01,89,"SUS"
"VER_MX_KARL","5","KARL_MX_VER_2010",2008-11-01,28,"SG"
"YUC_DELTA","5","DELTA_YUCATAN_MX_2020",2008-11-01,4,"SG"
"YUC_MX_EMILY","5","EMILY_MX_YUC_2005",2008-11-01,4,"SG"
"YUC_MX_ISIDORE","5","ISIDORE_MX_YUC_2002",2008-11-01,2,"SG"
"AL_US_IVAN","4","IVAN_US_AL_2004",2008-12-01,137,"SUS"
"AL_US_SALLY","4","SALLY_US_AL_2020",2008-12-01,126,"SUS"
"ALEX","6","ALEX_2010",2008-12-01,10,"WG"
"BELICE_RICHARD","3","RICHARD_BELICE_2010",2008-12-01,48,"C"
"BELIZE_IRIS","2","IRIS_BELIZE_2001",2008-12-01,58,"CA"
"BETA","2","BETA_2005",2008-12-01,147,"CA"
"CR_OTTO","2","OTTO_CR_2016",2008-12-01,350,"CA"
"CUBA_DENNIS","3","DENNIS_CUBA_2005",2008-12-01,9,"C"
"CUBA_GUSTAV","3","GUSTAV_CUBA_2008",2008-12-01,15,"C"
"CUBA_IAN","3","IAN_CUBA_2022",2008-12-01,14,"C"
"CUBA_MICHELLE","3","MICHELLE_CUBA_2001",2008-12-01,15,"C"
"CUBA_PALOMA","3","PALOMA_CUBA_2008",2008-12-01,51,"C"
"CUBA_SANDY","3","SANDY_CUBA_2012",2008-12-01,33,"C"
"DEAN_QROO_MX","5","DEAN_QROO_MX_2007",2008-12-01,11,"SG"
"FL_US_CHARLEY","1","CHARLEY_2004",2008-12-01,29,"FP"
"FL_US_FRANCES","1","FRANCES_US_FL_2004",2008-12-01,26,"FP"
"FL_US_IAN","1","IAN_US_FL_2022",2008-12-01,27,"FP"
"FL_US_IRMA","1","IRMA_US_FL_2017",2008-12-01,24,"FP"
"FL_US_JEANNE","1","JEANNE_US_FL_2004",2008-12-01,25,"FP"
"FL_US_MICHAEL","4","MICHAEL_US_FL_2018",2008-12-01,121,"SUS"
"FL_US_WILMA","1","WILMA_US_FL_2005",2008-12-01,21,"FP"
"LA_US_GUSTAV","4","GUSTAV_US_LA_2008",2008-12-01,87,"SUS"
"LA_US_IDA","4","IDA_US_LA_2009",2008-12-01,91,"SUS"
"LA_US_KATRINA","4","KATRINA_US_LA_2005",2008-12-01,121,"SUS"
"LA_US_LAURA","4","LAURA_US_LA_2020",2008-12-01,139,"SUS"
"LA_US_ZETA","4","ZETA_US_LA_2020",2008-12-01,82,"SUS"
"MX_ERNESTO","5","ERNESTO_MX_2012",2008-12-01,12,"SG"
"MX_GRACE","3","GRACE_MX_2021",2008-12-01,27,"C"
"MX_TAMPS_EMILY","6","EMILY_TAMPS_MX_2005",2008-12-01,9,"WG"
"NC_US_ISABEL","4","ISABEL_US_NC_2003",2008-12-01,76,"SUS"
"NIC_ETA","2","ETA_NIC_2020",2008-12-01,141,"CA"
"NIC_FELIX","2","FELIX_NIC_2007",2008-12-01,178,"CA"
"NIC_IOTA","2","IOTA_NIC_2020",2008-12-01,136,"CA"
"PR_USA_MARIA","3","MARIA_US_PR_2017",2008-12-01,124,"C"
"QROO_WILMA","3","WILMA_QROO_2005",2008-12-01,13,"C"
"TX_US_HARVEY","6","HARVEY_US_TX_2017",2008-12-01,13,"WG"
"TX_US_IKE","4","IKE_US_TX_2008",2008-12-01,70,"SUS"
"TX_US_RITA","4","RITA_US_TX_2005",2008-12-01,129,"SUS"
"US_FL_DELTA","4","DELTA_US_LA_2020",2008-12-01,131,"SUS"
"US_FL_DENNIS","4","DENNIS_US_FL_2005",2008-12-01,139,"SUS"
"VER_MX_KARL","5","KARL_MX_VER_2010",2008-12-01,14,"SG"
"YUC_DELTA","5","DELTA_YUCATAN_MX_2020",2008-12-01,11,"SG"
"YUC_MX_EMILY","5","EMILY_MX_YUC_2005",2008-12-01,9,"SG"
"YUC_MX_ISIDORE","5","ISIDORE_MX_YUC_2002",2008-12-01,4,"SG"
"AL_US_IVAN","4","IVAN_US_AL_2004",2009-01-01,83,"SUS"
"AL_US_SALLY","4","SALLY_US_AL_2020",2009-01-01,82,"SUS"
"ALEX","6","ALEX_2010",2009-01-01,29,"WG"
"BELICE_RICHARD","3","RICHARD_BELICE_2010",2009-01-01,141,"C"
"BELIZE_IRIS","2","IRIS_BELIZE_2001",2009-01-01,185,"CA"
"BETA","2","BETA_2005",2009-01-01,157,"CA"
"CR_OTTO","2","OTTO_CR_2016",2009-01-01,292.3264,"CA"
"CUBA_DENNIS","3","DENNIS_CUBA_2005",2009-01-01,6,"C"
"CUBA_GUSTAV","3","GUSTAV_CUBA_2008",2009-01-01,11,"C"
"CUBA_IAN","3","IAN_CUBA_2022",2009-01-01,12,"C"
"CUBA_MICHELLE","3","MICHELLE_CUBA_2001",2009-01-01,7,"C"
"CUBA_PALOMA","3","PALOMA_CUBA_2008",2009-01-01,8,"C"
"CUBA_SANDY","3","SANDY_CUBA_2012",2009-01-01,13,"C"
"DEAN_QROO_MX","5","DEAN_QROO_MX_2007",2009-01-01,42,"SG"
"FL_US_CHARLEY","1","CHARLEY_2004",2009-01-01,26,"FP"
"FL_US_FRANCES","1","FRANCES_US_FL_2004",2009-01-01,18,"FP"
"FL_US_IAN","1","IAN_US_FL_2022",2009-01-01,24,"FP"
"FL_US_IRMA","1","IRMA_US_FL_2017",2009-01-01,17,"FP"
"FL_US_JEANNE","1","JEANNE_US_FL_2004",2009-01-01,16,"FP"
"FL_US_MICHAEL","4","MICHAEL_US_FL_2018",2009-01-01,47,"SUS"
"FL_US_WILMA","1","WILMA_US_FL_2005",2009-01-01,11,"FP"
"LA_US_GUSTAV","4","GUSTAV_US_LA_2008",2009-01-01,74,"SUS"
"LA_US_IDA","4","IDA_US_LA_2009",2009-01-01,82,"SUS"
"LA_US_KATRINA","4","KATRINA_US_LA_2005",2009-01-01,70,"SUS"
"LA_US_LAURA","4","LAURA_US_LA_2020",2009-01-01,40,"SUS"
"LA_US_ZETA","4","ZETA_US_LA_2020",2009-01-01,80,"SUS"
"MX_ERNESTO","5","ERNESTO_MX_2012",2009-01-01,43,"SG"
"MX_GRACE","3","GRACE_MX_2021",2009-01-01,53,"C"
"MX_TAMPS_EMILY","6","EMILY_TAMPS_MX_2005",2009-01-01,17,"WG"
"NC_US_ISABEL","4","ISABEL_US_NC_2003",2009-01-01,62,"SUS"
"NIC_ETA","2","ETA_NIC_2020",2009-01-01,102,"CA"
"NIC_FELIX","2","FELIX_NIC_2007",2009-01-01,85,"CA"
"NIC_IOTA","2","IOTA_NIC_2020",2009-01-01,111,"CA"
"PR_USA_MARIA","3","MARIA_US_PR_2017",2009-01-01,84,"C"
"QROO_WILMA","3","WILMA_QROO_2005",2009-01-01,40,"C"
"TX_US_HARVEY","6","HARVEY_US_TX_2017",2009-01-01,5,"WG"
"TX_US_IKE","4","IKE_US_TX_2008",2009-01-01,16,"SUS"
"TX_US_RITA","4","RITA_US_TX_2005",2009-01-01,32,"SUS"
"US_FL_DELTA","4","DELTA_US_LA_2020",2009-01-01,55,"SUS"
"US_FL_DENNIS","4","DENNIS_US_FL_2005",2009-01-01,87,"SUS"
"VER_MX_KARL","5","KARL_MX_VER_2010",2009-01-01,34,"SG"
"YUC_DELTA","5","DELTA_YUCATAN_MX_2020",2009-01-01,37,"SG"
"YUC_MX_EMILY","5","EMILY_MX_YUC_2005",2009-01-01,35,"SG"
"YUC_MX_ISIDORE","5","ISIDORE_MX_YUC_2002",2009-01-01,22,"SG"
"AL_US_IVAN","4","IVAN_US_AL_2004",2009-02-01,101,"SUS"
"AL_US_SALLY","4","SALLY_US_AL_2020",2009-02-01,101,"SUS"
"ALEX","6","ALEX_2010",2009-02-01,12,"WG"
"BELICE_RICHARD","3","RICHARD_BELICE_2010",2009-02-01,79,"C"
"BELIZE_IRIS","2","IRIS_BELIZE_2001",2009-02-01,109,"CA"
"BETA","2","BETA_2005",2009-02-01,97,"CA"
"CR_OTTO","2","OTTO_CR_2016",2009-02-01,171,"CA"
"CUBA_DENNIS","3","DENNIS_CUBA_2005",2009-02-01,10,"C"
"CUBA_GUSTAV","3","GUSTAV_CUBA_2008",2009-02-01,25,"C"
"CUBA_IAN","3","IAN_CUBA_2022",2009-02-01,25,"C"
"CUBA_MICHELLE","3","MICHELLE_CUBA_2001",2009-02-01,11,"C"
"CUBA_PALOMA","3","PALOMA_CUBA_2008",2009-02-01,14,"C"
"CUBA_SANDY","3","SANDY_CUBA_2012",2009-02-01,20,"C"
"DEAN_QROO_MX","5","DEAN_QROO_MX_2007",2009-02-01,26,"SG"
"FL_US_CHARLEY","1","CHARLEY_2004",2009-02-01,14,"FP"
"FL_US_FRANCES","1","FRANCES_US_FL_2004",2009-02-01,15,"FP"
"FL_US_IAN","1","IAN_US_FL_2022",2009-02-01,14,"FP"
"FL_US_IRMA","1","IRMA_US_FL_2017",2009-02-01,11,"FP"
"FL_US_JEANNE","1","JEANNE_US_FL_2004",2009-02-01,14,"FP"
"FL_US_MICHAEL","4","MICHAEL_US_FL_2018",2009-02-01,54,"SUS"
"FL_US_WILMA","1","WILMA_US_FL_2005",2009-02-01,11,"FP"
"LA_US_GUSTAV","4","GUSTAV_US_LA_2008",2009-02-01,51,"SUS"
"LA_US_IDA","4","IDA_US_LA_2009",2009-02-01,65,"SUS"
"LA_US_KATRINA","4","KATRINA_US_LA_2005",2009-02-01,96,"SUS"
"LA_US_LAURA","4","LAURA_US_LA_2020",2009-02-01,55,"SUS"
"LA_US_ZETA","4","ZETA_US_LA_2020",2009-02-01,78,"SUS"
"MX_ERNESTO","5","ERNESTO_MX_2012",2009-02-01,24,"SG"
"MX_GRACE","3","GRACE_MX_2021",2009-02-01,35,"C"
"MX_TAMPS_EMILY","6","EMILY_TAMPS_MX_2005",2009-02-01,11,"WG"
"NC_US_ISABEL","4","ISABEL_US_NC_2003",2009-02-01,29,"SUS"
"NIC_ETA","2","ETA_NIC_2020",2009-02-01,89,"CA"
"NIC_FELIX","2","FELIX_NIC_2007",2009-02-01,105,"CA"
"NIC_IOTA","2","IOTA_NIC_2020",2009-02-01,83,"CA"
"PR_USA_MARIA","3","MARIA_US_PR_2017",2009-02-01,96,"C"
"QROO_WILMA","3","WILMA_QROO_2005",2009-02-01,24,"C"
"TX_US_HARVEY","6","HARVEY_US_TX_2017",2009-02-01,9,"WG"
"TX_US_IKE","4","IKE_US_TX_2008",2009-02-01,46,"SUS"
"TX_US_RITA","4","RITA_US_TX_2005",2009-02-01,57,"SUS"
"US_FL_DELTA","4","DELTA_US_LA_2020",2009-02-01,47,"SUS"
"US_FL_DENNIS","4","DENNIS_US_FL_2005",2009-02-01,97,"SUS"
"VER_MX_KARL","5","KARL_MX_VER_2010",2009-02-01,18,"SG"
"YUC_DELTA","5","DELTA_YUCATAN_MX_2020",2009-02-01,23,"SG"
"YUC_MX_EMILY","5","EMILY_MX_YUC_2005",2009-02-01,27,"SG"
"YUC_MX_ISIDORE","5","ISIDORE_MX_YUC_2002",2009-02-01,8,"SG"
"AL_US_IVAN","4","IVAN_US_AL_2004",2009-03-01,298,"SUS"
"AL_US_SALLY","4","SALLY_US_AL_2020",2009-03-01,294,"SUS"
"ALEX","6","ALEX_2010",2009-03-01,13,"WG"
"BELICE_RICHARD","3","RICHARD_BELICE_2010",2009-03-01,34,"C"
"BELIZE_IRIS","2","IRIS_BELIZE_2001",2009-03-01,58,"CA"
"BETA","2","BETA_2005",2009-03-01,81,"CA"
"CR_OTTO","2","OTTO_CR_2016",2009-03-01,95,"CA"
"CUBA_DENNIS","3","DENNIS_CUBA_2005",2009-03-01,34,"C"
"CUBA_GUSTAV","3","GUSTAV_CUBA_2008",2009-03-01,33,"C"
"CUBA_IAN","3","IAN_CUBA_2022",2009-03-01,27,"C"
"CUBA_MICHELLE","3","MICHELLE_CUBA_2001",2009-03-01,37,"C"
"CUBA_PALOMA","3","PALOMA_CUBA_2008",2009-03-01,18,"C"
"CUBA_SANDY","3","SANDY_CUBA_2012",2009-03-01,21,"C"
"DEAN_QROO_MX","5","DEAN_QROO_MX_2007",2009-03-01,15,"SG"
"FL_US_CHARLEY","1","CHARLEY_2004",2009-03-01,26,"FP"
"FL_US_FRANCES","1","FRANCES_US_FL_2004",2009-03-01,34,"FP"
"FL_US_IAN","1","IAN_US_FL_2022",2009-03-01,26,"FP"
"FL_US_IRMA","1","IRMA_US_FL_2017",2009-03-01,40,"FP"
"FL_US_JEANNE","1","JEANNE_US_FL_2004",2009-03-01,37,"FP"
"FL_US_MICHAEL","4","MICHAEL_US_FL_2018",2009-03-01,189,"SUS"
"FL_US_WILMA","1","WILMA_US_FL_2005",2009-03-01,47,"FP"
"LA_US_GUSTAV","4","GUSTAV_US_LA_2008",2009-03-01,129,"SUS"
"LA_US_IDA","4","IDA_US_LA_2009",2009-03-01,141,"SUS"
"LA_US_KATRINA","4","KATRINA_US_LA_2005",2009-03-01,238,"SUS"
"LA_US_LAURA","4","LAURA_US_LA_2020",2009-03-01,148,"SUS"
"LA_US_ZETA","4","ZETA_US_LA_2020",2009-03-01,136,"SUS"
"MX_ERNESTO","5","ERNESTO_MX_2012",2009-03-01,13,"SG"
"MX_GRACE","3","GRACE_MX_2021",2009-03-01,19,"C"
"MX_TAMPS_EMILY","6","EMILY_TAMPS_MX_2005",2009-03-01,18,"WG"
"NC_US_ISABEL","4","ISABEL_US_NC_2003",2009-03-01,136,"SUS"
"NIC_ETA","2","ETA_NIC_2020",2009-03-01,99,"CA"
"NIC_FELIX","2","FELIX_NIC_2007",2009-03-01,112,"CA"
"NIC_IOTA","2","IOTA_NIC_2020",2009-03-01,94,"CA"
"PR_USA_MARIA","3","MARIA_US_PR_2017",2009-03-01,121,"C"
"QROO_WILMA","3","WILMA_QROO_2005",2009-03-01,16,"C"
"TX_US_HARVEY","6","HARVEY_US_TX_2017",2009-03-01,29,"WG"
"TX_US_IKE","4","IKE_US_TX_2008",2009-03-01,101,"SUS"
"TX_US_RITA","4","RITA_US_TX_2005",2009-03-01,136,"SUS"
"US_FL_DELTA","4","DELTA_US_LA_2020",2009-03-01,155,"SUS"
"US_FL_DENNIS","4","DENNIS_US_FL_2005",2009-03-01,294,"SUS"
"VER_MX_KARL","5","KARL_MX_VER_2010",2009-03-01,3,"SG"
"YUC_DELTA","5","DELTA_YUCATAN_MX_2020",2009-03-01,17,"SG"
"YUC_MX_EMILY","5","EMILY_MX_YUC_2005",2009-03-01,23,"SG"
"YUC_MX_ISIDORE","5","ISIDORE_MX_YUC_2002",2009-03-01,6,"SG"
"AL_US_IVAN","4","IVAN_US_AL_2004",2009-04-01,92,"SUS"
"AL_US_SALLY","4","SALLY_US_AL_2020",2009-04-01,85,"SUS"
"ALEX","6","ALEX_2010",2009-04-01,13,"WG"
"BELICE_RICHARD","3","RICHARD_BELICE_2010",2009-04-01,28,"C"
"BELIZE_IRIS","2","IRIS_BELIZE_2001",2009-04-01,40,"CA"
"BETA","2","BETA_2005",2009-04-01,15,"CA"
"CR_OTTO","2","OTTO_CR_2016",2009-04-01,31,"CA"
"CUBA_DENNIS","3","DENNIS_CUBA_2005",2009-04-01,33,"C"
"CUBA_GUSTAV","3","GUSTAV_CUBA_2008",2009-04-01,33,"C"
"CUBA_IAN","3","IAN_CUBA_2022",2009-04-01,34,"C"
"CUBA_MICHELLE","3","MICHELLE_CUBA_2001",2009-04-01,40,"C"
"CUBA_PALOMA","3","PALOMA_CUBA_2008",2009-04-01,112,"C"
"CUBA_SANDY","3","SANDY_CUBA_2012",2009-04-01,102,"C"
"DEAN_QROO_MX","5","DEAN_QROO_MX_2007",2009-04-01,16,"SG"
"FL_US_CHARLEY","1","CHARLEY_2004",2009-04-01,23,"FP"
"FL_US_FRANCES","1","FRANCES_US_FL_2004",2009-04-01,23,"FP"
"FL_US_IAN","1","IAN_US_FL_2022",2009-04-01,22,"FP"
"FL_US_IRMA","1","IRMA_US_FL_2017",2009-04-01,19,"FP"
"FL_US_JEANNE","1","JEANNE_US_FL_2004",2009-04-01,23,"FP"
"FL_US_MICHAEL","4","MICHAEL_US_FL_2018",2009-04-01,189,"SUS"
"FL_US_WILMA","1","WILMA_US_FL_2005",2009-04-01,20,"FP"
"LA_US_GUSTAV","4","GUSTAV_US_LA_2008",2009-04-01,64,"SUS"
"LA_US_IDA","4","IDA_US_LA_2009",2009-04-01,53,"SUS"
"LA_US_KATRINA","4","KATRINA_US_LA_2005",2009-04-01,73,"SUS"
"LA_US_LAURA","4","LAURA_US_LA_2020",2009-04-01,152,"SUS"
"LA_US_ZETA","4","ZETA_US_LA_2020",2009-04-01,49,"SUS"
"MX_ERNESTO","5","ERNESTO_MX_2012",2009-04-01,16,"SG"
"MX_GRACE","3","GRACE_MX_2021",2009-04-01,63,"C"
"MX_TAMPS_EMILY","6","EMILY_TAMPS_MX_2005",2009-04-01,10,"WG"
"NC_US_ISABEL","4","ISABEL_US_NC_2003",2009-04-01,41,"SUS"
"NIC_ETA","2","ETA_NIC_2020",2009-04-01,11,"CA"
"NIC_FELIX","2","FELIX_NIC_2007",2009-04-01,9,"CA"
"NIC_IOTA","2","IOTA_NIC_2020",2009-04-01,12,"CA"
"PR_USA_MARIA","3","MARIA_US_PR_2017",2009-04-01,110,"C"
"QROO_WILMA","3","WILMA_QROO_2005",2009-04-01,17,"C"
"TX_US_HARVEY","6","HARVEY_US_TX_2017",2009-04-01,85,"WG"
"TX_US_IKE","4","IKE_US_TX_2008",2009-04-01,236,"SUS"
"TX_US_RITA","4","RITA_US_TX_2005",2009-04-01,180,"SUS"
"US_FL_DELTA","4","DELTA_US_LA_2020",2009-04-01,135,"SUS"
"US_FL_DENNIS","4","DENNIS_US_FL_2005",2009-04-01,98,"SUS"
"VER_MX_KARL","5","KARL_MX_VER_2010",2009-04-01,17,"SG"
"YUC_DELTA","5","DELTA_YUCATAN_MX_2020",2009-04-01,15,"SG"
"YUC_MX_EMILY","5","EMILY_MX_YUC_2005",2009-04-01,13,"SG"
"YUC_MX_ISIDORE","5","ISIDORE_MX_YUC_2002",2009-04-01,2,"SG"
"AL_US_IVAN","4","IVAN_US_AL_2004",2009-05-01,209,"SUS"
"AL_US_SALLY","4","SALLY_US_AL_2020",2009-05-01,198,"SUS"
"ALEX","6","ALEX_2010",2009-05-01,96,"WG"
"BELICE_RICHARD","3","RICHARD_BELICE_2010",2009-05-01,61,"C"
"BELIZE_IRIS","2","IRIS_BELIZE_2001",2009-05-01,122,"CA"
"BETA","2","BETA_2005",2009-05-01,171,"CA"
"CR_OTTO","2","OTTO_CR_2016",2009-05-01,300,"CA"
"CUBA_DENNIS","3","DENNIS_CUBA_2005",2009-05-01,369,"C"
"CUBA_GUSTAV","3","GUSTAV_CUBA_2008",2009-05-01,342,"C"
"CUBA_IAN","3","IAN_CUBA_2022",2009-05-01,331,"C"
"CUBA_MICHELLE","3","MICHELLE_CUBA_2001",2009-05-01,365,"C"
"CUBA_PALOMA","3","PALOMA_CUBA_2008",2009-05-01,328,"C"
"CUBA_SANDY","3","SANDY_CUBA_2012",2009-05-01,277,"C"
"DEAN_QROO_MX","5","DEAN_QROO_MX_2007",2009-05-01,74,"SG"
"FL_US_CHARLEY","1","CHARLEY_2004",2009-05-01,221,"FP"
"FL_US_FRANCES","1","FRANCES_US_FL_2004",2009-05-01,242,"FP"
"FL_US_IAN","1","IAN_US_FL_2022",2009-05-01,212,"FP"
"FL_US_IRMA","1","IRMA_US_FL_2017",2009-05-01,180,"FP"
"FL_US_JEANNE","1","JEANNE_US_FL_2004",2009-05-01,240,"FP"
"FL_US_MICHAEL","4","MICHAEL_US_FL_2018",2009-05-01,194,"SUS"
"FL_US_WILMA","1","WILMA_US_FL_2005",2009-05-01,196,"FP"
"LA_US_GUSTAV","4","GUSTAV_US_LA_2008",2009-05-01,77,"SUS"
"LA_US_IDA","4","IDA_US_LA_2009",2009-05-01,76,"SUS"
"LA_US_KATRINA","4","KATRINA_US_LA_2005",2009-05-01,134,"SUS"
"LA_US_LAURA","4","LAURA_US_LA_2020",2009-05-01,80,"SUS"
"LA_US_ZETA","4","ZETA_US_LA_2020",2009-05-01,83,"SUS"
"MX_ERNESTO","5","ERNESTO_MX_2012",2009-05-01,74,"SG"
"MX_GRACE","3","GRACE_MX_2021",2009-05-01,93,"C"
"MX_TAMPS_EMILY","6","EMILY_TAMPS_MX_2005",2009-05-01,73,"WG"
"NC_US_ISABEL","4","ISABEL_US_NC_2003",2009-05-01,117,"SUS"
"NIC_ETA","2","ETA_NIC_2020",2009-05-01,114,"CA"
"NIC_FELIX","2","FELIX_NIC_2007",2009-05-01,73,"CA"
"NIC_IOTA","2","IOTA_NIC_2020",2009-05-01,127,"CA"
"PR_USA_MARIA","3","MARIA_US_PR_2017",2009-05-01,193,"C"
"QROO_WILMA","3","WILMA_QROO_2005",2009-05-01,79,"C"
"TX_US_HARVEY","6","HARVEY_US_TX_2017",2009-05-01,39,"WG"
"TX_US_IKE","4","IKE_US_TX_2008",2009-05-01,39,"SUS"
"TX_US_RITA","4","RITA_US_TX_2005",2009-05-01,71,"SUS"
"US_FL_DELTA","4","DELTA_US_LA_2020",2009-05-01,94,"SUS"
"US_FL_DENNIS","4","DENNIS_US_FL_2005",2009-05-01,214,"SUS"
"VER_MX_KARL","5","KARL_MX_VER_2010",2009-05-01,64,"SG"
"YUC_DELTA","5","DELTA_YUCATAN_MX_2020",2009-05-01,76,"SG"
"YUC_MX_EMILY","5","EMILY_MX_YUC_2005",2009-05-01,67,"SG"
"YUC_MX_ISIDORE","5","ISIDORE_MX_YUC_2002",2009-05-01,16,"SG"
"AL_US_IVAN","4","IVAN_US_AL_2004",2009-06-01,56,"SUS"
"AL_US_SALLY","4","SALLY_US_AL_2020",2009-06-01,66,"SUS"
"ALEX","6","ALEX_2010",2009-06-01,27,"WG"
"BELICE_RICHARD","3","RICHARD_BELICE_2010",2009-06-01,221,"C"
"BELIZE_IRIS","2","IRIS_BELIZE_2001",2009-06-01,455,"CA"
"BETA","2","BETA_2005",2009-06-01,462,"CA"
"CR_OTTO","2","OTTO_CR_2016",2009-06-01,333,"CA"
"CUBA_DENNIS","3","DENNIS_CUBA_2005",2009-06-01,128,"C"
"CUBA_GUSTAV","3","GUSTAV_CUBA_2008",2009-06-01,137,"C"
"CUBA_IAN","3","IAN_CUBA_2022",2009-06-01,147,"C"
"CUBA_MICHELLE","3","MICHELLE_CUBA_2001",2009-06-01,193,"C"
"CUBA_PALOMA","3","PALOMA_CUBA_2008",2009-06-01,339,"C"
"CUBA_SANDY","3","SANDY_CUBA_2012",2009-06-01,179,"C"
"DEAN_QROO_MX","5","DEAN_QROO_MX_2007",2009-06-01,153,"SG"
"FL_US_CHARLEY","1","CHARLEY_2004",2009-06-01,166,"FP"
"FL_US_FRANCES","1","FRANCES_US_FL_2004",2009-06-01,123,"FP"
"FL_US_IAN","1","IAN_US_FL_2022",2009-06-01,164,"FP"
"FL_US_IRMA","1","IRMA_US_FL_2017",2009-06-01,197,"FP"
"FL_US_JEANNE","1","JEANNE_US_FL_2004",2009-06-01,124,"FP"
"FL_US_MICHAEL","4","MICHAEL_US_FL_2018",2009-06-01,101,"SUS"
"FL_US_WILMA","1","WILMA_US_FL_2005",2009-06-01,213,"FP"
"LA_US_GUSTAV","4","GUSTAV_US_LA_2008",2009-06-01,75,"SUS"
"LA_US_IDA","4","IDA_US_LA_2009",2009-06-01,75,"SUS"
"LA_US_KATRINA","4","KATRINA_US_LA_2005",2009-06-01,36,"SUS"
"LA_US_LAURA","4","LAURA_US_LA_2020",2009-06-01,40,"SUS"
"LA_US_ZETA","4","ZETA_US_LA_2020",2009-06-01,71,"SUS"
"MX_ERNESTO","5","ERNESTO_MX_2012",2009-06-01,157,"SG"
"MX_GRACE","3","GRACE_MX_2021",2009-06-01,124,"C"
"MX_TAMPS_EMILY","6","EMILY_TAMPS_MX_2005",2009-06-01,23,"WG"
"NC_US_ISABEL","4","ISABEL_US_NC_2003",2009-06-01,115,"SUS"
"NIC_ETA","2","ETA_NIC_2020",2009-06-01,549,"CA"
"NIC_FELIX","2","FELIX_NIC_2007",2009-06-01,575,"CA"
"NIC_IOTA","2","IOTA_NIC_2020",2009-06-01,522.5,"CA"
"PR_USA_MARIA","3","MARIA_US_PR_2017",2009-06-01,412.3333,"C"
"QROO_WILMA","3","WILMA_QROO_2005",2009-06-01,154,"C"
"TX_US_HARVEY","6","HARVEY_US_TX_2017",2009-06-01,16,"WG"
"TX_US_IKE","4","IKE_US_TX_2008",2009-06-01,22,"SUS"
"TX_US_RITA","4","RITA_US_TX_2005",2009-06-01,38,"SUS"
"US_FL_DELTA","4","DELTA_US_LA_2020",2009-06-01,45,"SUS"
"US_FL_DENNIS","4","DENNIS_US_FL_2005",2009-06-01,66,"SUS"
"VER_MX_KARL","5","KARL_MX_VER_2010",2009-06-01,181,"SG"
"YUC_DELTA","5","DELTA_YUCATAN_MX_2020",2009-06-01,153,"SG"
"YUC_MX_EMILY","5","EMILY_MX_YUC_2005",2009-06-01,148,"SG"
"YUC_MX_ISIDORE","5","ISIDORE_MX_YUC_2002",2009-06-01,115,"SG"
"AL_US_IVAN","4","IVAN_US_AL_2004",2009-07-01,139,"SUS"
"AL_US_SALLY","4","SALLY_US_AL_2020",2009-07-01,161,"SUS"
"ALEX","6","ALEX_2010",2009-07-01,11,"WG"
"BELICE_RICHARD","3","RICHARD_BELICE_2010",2009-07-01,181,"C"
"BELIZE_IRIS","2","IRIS_BELIZE_2001",2009-07-01,425,"CA"
"BETA","2","BETA_2005",2009-07-01,335,"CA"
"CR_OTTO","2","OTTO_CR_2016",2009-07-01,320,"CA"
"CUBA_DENNIS","3","DENNIS_CUBA_2005",2009-07-01,103,"C"
"CUBA_GUSTAV","3","GUSTAV_CUBA_2008",2009-07-01,82,"C"
"CUBA_IAN","3","IAN_CUBA_2022",2009-07-01,88,"C"
"CUBA_MICHELLE","3","MICHELLE_CUBA_2001",2009-07-01,117,"C"
"CUBA_PALOMA","3","PALOMA_CUBA_2008",2009-07-01,75,"C"
"CUBA_SANDY","3","SANDY_CUBA_2012",2009-07-01,69,"C"
"DEAN_QROO_MX","5","DEAN_QROO_MX_2007",2009-07-01,61,"SG"
"FL_US_CHARLEY","1","CHARLEY_2004",2009-07-01,261,"FP"
"FL_US_FRANCES","1","FRANCES_US_FL_2004",2009-07-01,207,"FP"
"FL_US_IAN","1","IAN_US_FL_2022",2009-07-01,248,"FP"
"FL_US_IRMA","1","IRMA_US_FL_2017",2009-07-01,237,"FP"
"FL_US_JEANNE","1","JEANNE_US_FL_2004",2009-07-01,207,"FP"
"FL_US_MICHAEL","4","MICHAEL_US_FL_2018",2009-07-01,165,"SUS"
"FL_US_WILMA","1","WILMA_US_FL_2005",2009-07-01,220,"FP"
"LA_US_GUSTAV","4","GUSTAV_US_LA_2008",2009-07-01,232,"SUS"
"LA_US_IDA","4","IDA_US_LA_2009",2009-07-01,212,"SUS"
"LA_US_KATRINA","4","KATRINA_US_LA_2005",2009-07-01,136,"SUS"
"LA_US_LAURA","4","LAURA_US_LA_2020",2009-07-01,173,"SUS"
"LA_US_ZETA","4","ZETA_US_LA_2020",2009-07-01,201,"SUS"
"MX_ERNESTO","5","ERNESTO_MX_2012",2009-07-01,62,"SG"
"MX_GRACE","3","GRACE_MX_2021",2009-07-01,134,"C"
"MX_TAMPS_EMILY","6","EMILY_TAMPS_MX_2005",2009-07-01,15,"WG"
"NC_US_ISABEL","4","ISABEL_US_NC_2003",2009-07-01,133,"SUS"
"NIC_ETA","2","ETA_NIC_2020",2009-07-01,338,"CA"
"NIC_FELIX","2","FELIX_NIC_2007",2009-07-01,345,"CA"
"NIC_IOTA","2","IOTA_NIC_2020",2009-07-01,329,"CA"
"PR_USA_MARIA","3","MARIA_US_PR_2017",2009-07-01,167,"C"
"QROO_WILMA","3","WILMA_QROO_2005",2009-07-01,76,"C"
"TX_US_HARVEY","6","HARVEY_US_TX_2017",2009-07-01,24,"WG"
"TX_US_IKE","4","IKE_US_TX_2008",2009-07-01,108,"SUS"
"TX_US_RITA","4","RITA_US_TX_2005",2009-07-01,158,"SUS"
"US_FL_DELTA","4","DELTA_US_LA_2020",2009-07-01,166,"SUS"
"US_FL_DENNIS","4","DENNIS_US_FL_2005",2009-07-01,153,"SUS"
"VER_MX_KARL","5","KARL_MX_VER_2010",2009-07-01,196,"SG"
"YUC_DELTA","5","DELTA_YUCATAN_MX_2020",2009-07-01,83,"SG"
"YUC_MX_EMILY","5","EMILY_MX_YUC_2005",2009-07-01,72,"SG"
"YUC_MX_ISIDORE","5","ISIDORE_MX_YUC_2002",2009-07-01,101,"SG"
"AL_US_IVAN","4","IVAN_US_AL_2004",2009-08-01,176,"SUS"
"AL_US_SALLY","4","SALLY_US_AL_2020",2009-08-01,194,"SUS"
"ALEX","6","ALEX_2010",2009-08-01,51,"WG"
"BELICE_RICHARD","3","RICHARD_BELICE_2010",2009-08-01,158,"C"
"BELIZE_IRIS","2","IRIS_BELIZE_2001",2009-08-01,397,"CA"
"BETA","2","BETA_2005",2009-08-01,213,"CA"
"CR_OTTO","2","OTTO_CR_2016",2009-08-01,270,"CA"
"CUBA_DENNIS","3","DENNIS_CUBA_2005",2009-08-01,176,"C"
"CUBA_GUSTAV","3","GUSTAV_CUBA_2008",2009-08-01,162,"C"
"CUBA_IAN","3","IAN_CUBA_2022",2009-08-01,171,"C"
"CUBA_MICHELLE","3","MICHELLE_CUBA_2001",2009-08-01,178,"C"
"CUBA_PALOMA","3","PALOMA_CUBA_2008",2009-08-01,144,"C"
"CUBA_SANDY","3","SANDY_CUBA_2012",2009-08-01,94,"C"
"DEAN_QROO_MX","5","DEAN_QROO_MX_2007",2009-08-01,92,"SG"
"FL_US_CHARLEY","1","CHARLEY_2004",2009-08-01,165,"FP"
"FL_US_FRANCES","1","FRANCES_US_FL_2004",2009-08-01,128,"FP"
"FL_US_IAN","1","IAN_US_FL_2022",2009-08-01,160,"FP"
"FL_US_IRMA","1","IRMA_US_FL_2017",2009-08-01,204,"FP"
"FL_US_JEANNE","1","JEANNE_US_FL_2004",2009-08-01,130,"FP"
"FL_US_MICHAEL","4","MICHAEL_US_FL_2018",2009-08-01,157,"SUS"
"FL_US_WILMA","1","WILMA_US_FL_2005",2009-08-01,190,"FP"
"LA_US_GUSTAV","4","GUSTAV_US_LA_2008",2009-08-01,170,"SUS"
"LA_US_IDA","4","IDA_US_LA_2009",2009-08-01,159,"SUS"
"LA_US_KATRINA","4","KATRINA_US_LA_2005",2009-08-01,142,"SUS"
"LA_US_LAURA","4","LAURA_US_LA_2020",2009-08-01,103,"SUS"
"LA_US_ZETA","4","ZETA_US_LA_2020",2009-08-01,164,"SUS"
"MX_ERNESTO","5","ERNESTO_MX_2012",2009-08-01,90,"SG"
"MX_GRACE","3","GRACE_MX_2021",2009-08-01,139,"C"
"MX_TAMPS_EMILY","6","EMILY_TAMPS_MX_2005",2009-08-01,41,"WG"
"NC_US_ISABEL","4","ISABEL_US_NC_2003",2009-08-01,165,"SUS"
"NIC_ETA","2","ETA_NIC_2020",2009-08-01,177,"CA"
"NIC_FELIX","2","FELIX_NIC_2007",2009-08-01,154,"CA"
"NIC_IOTA","2","IOTA_NIC_2020",2009-08-01,184,"CA"
"PR_USA_MARIA","3","MARIA_US_PR_2017",2009-08-01,334.875,"C"
"QROO_WILMA","3","WILMA_QROO_2005",2009-08-01,124,"C"
"TX_US_HARVEY","6","HARVEY_US_TX_2017",2009-08-01,30,"WG"
"TX_US_IKE","4","IKE_US_TX_2008",2009-08-01,75,"SUS"
"TX_US_RITA","4","RITA_US_TX_2005",2009-08-01,98,"SUS"
"US_FL_DELTA","4","DELTA_US_LA_2020",2009-08-01,111,"SUS"
"US_FL_DENNIS","4","DENNIS_US_FL_2005",2009-08-01,174,"SUS"
"VER_MX_KARL","5","KARL_MX_VER_2010",2009-08-01,188,"SG"
"YUC_DELTA","5","DELTA_YUCATAN_MX_2020",2009-08-01,127,"SG"
"YUC_MX_EMILY","5","EMILY_MX_YUC_2005",2009-08-01,127,"SG"
"YUC_MX_ISIDORE","5","ISIDORE_MX_YUC_2002",2009-08-01,130,"SG"
"AL_US_IVAN","4","IVAN_US_AL_2004",2009-09-01,187,"SUS"
"AL_US_SALLY","4","SALLY_US_AL_2020",2009-09-01,183,"SUS"
"ALEX","6","ALEX_2010",2009-09-01,199,"WG"
"BELICE_RICHARD","3","RICHARD_BELICE_2010",2009-09-01,201,"C"
"BELIZE_IRIS","2","IRIS_BELIZE_2001",2009-09-01,314,"CA"
"BETA","2","BETA_2005",2009-09-01,140,"CA"
"CR_OTTO","2","OTTO_CR_2016",2009-09-01,146,"CA"
"CUBA_DENNIS","3","DENNIS_CUBA_2005",2009-09-01,135,"C"
"CUBA_GUSTAV","3","GUSTAV_CUBA_2008",2009-09-01,101,"C"
"CUBA_IAN","3","IAN_CUBA_2022",2009-09-01,110,"C"
"CUBA_MICHELLE","3","MICHELLE_CUBA_2001",2009-09-01,167,"C"
"CUBA_PALOMA","3","PALOMA_CUBA_2008",2009-09-01,223,"C"
"CUBA_SANDY","3","SANDY_CUBA_2012",2009-09-01,126,"C"
"DEAN_QROO_MX","5","DEAN_QROO_MX_2007",2009-09-01,112,"SG"
"FL_US_CHARLEY","1","CHARLEY_2004",2009-09-01,190,"FP"
"FL_US_FRANCES","1","FRANCES_US_FL_2004",2009-09-01,152,"FP"
"FL_US_IAN","1","IAN_US_FL_2022",2009-09-01,186,"FP"
"FL_US_IRMA","1","IRMA_US_FL_2017",2009-09-01,211,"FP"
"FL_US_JEANNE","1","JEANNE_US_FL_2004",2009-09-01,153,"FP"
"FL_US_MICHAEL","4","MICHAEL_US_FL_2018",2009-09-01,118,"SUS"
"FL_US_WILMA","1","WILMA_US_FL_2005",2009-09-01,202,"FP"
"LA_US_GUSTAV","4","GUSTAV_US_LA_2008",2009-09-01,226,"SUS"
"LA_US_IDA","4","IDA_US_LA_2009",2009-09-01,217,"SUS"
"LA_US_KATRINA","4","KATRINA_US_LA_2005",2009-09-01,205,"SUS"
"LA_US_LAURA","4","LAURA_US_LA_2020",2009-09-01,125,"SUS"
"LA_US_ZETA","4","ZETA_US_LA_2020",2009-09-01,224,"SUS"
"MX_ERNESTO","5","ERNESTO_MX_2012",2009-09-01,116,"SG"
"MX_GRACE","3","GRACE_MX_2021",2009-09-01,436,"C"
"MX_TAMPS_EMILY","6","EMILY_TAMPS_MX_2005",2009-09-01,212,"WG"
"NC_US_ISABEL","4","ISABEL_US_NC_2003",2009-09-01,92,"SUS"
"NIC_ETA","2","ETA_NIC_2020",2009-09-01,156,"CA"
"NIC_FELIX","2","FELIX_NIC_2007",2009-09-01,169,"CA"
"NIC_IOTA","2","IOTA_NIC_2020",2009-09-01,146,"CA"
"PR_USA_MARIA","3","MARIA_US_PR_2017",2009-09-01,232,"C"
"QROO_WILMA","3","WILMA_QROO_2005",2009-09-01,152,"C"
"TX_US_HARVEY","6","HARVEY_US_TX_2017",2009-09-01,209,"WG"
"TX_US_IKE","4","IKE_US_TX_2008",2009-09-01,133,"SUS"
"TX_US_RITA","4","RITA_US_TX_2005",2009-09-01,119,"SUS"
"US_FL_DELTA","4","DELTA_US_LA_2020",2009-09-01,139,"SUS"
"US_FL_DENNIS","4","DENNIS_US_FL_2005",2009-09-01,178,"SUS"
"VER_MX_KARL","5","KARL_MX_VER_2010",2009-09-01,374.25,"SG"
"YUC_DELTA","5","DELTA_YUCATAN_MX_2020",2009-09-01,152,"SG"
"YUC_MX_EMILY","5","EMILY_MX_YUC_2005",2009-09-01,138,"SG"
"YUC_MX_ISIDORE","5","ISIDORE_MX_YUC_2002",2009-09-01,124,"SG"
"AL_US_IVAN","4","IVAN_US_AL_2004",2009-10-01,126,"SUS"
"AL_US_SALLY","4","SALLY_US_AL_2020",2009-10-01,150,"SUS"
"ALEX","6","ALEX_2010",2009-10-01,51,"WG"
"BELICE_RICHARD","3","RICHARD_BELICE_2010",2009-10-01,114,"C"
"BELIZE_IRIS","2","IRIS_BELIZE_2001",2009-10-01,202,"CA"
"BETA","2","BETA_2005",2009-10-01,295,"CA"
"CR_OTTO","2","OTTO_CR_2016",2009-10-01,321,"CA"
"CUBA_DENNIS","3","DENNIS_CUBA_2005",2009-10-01,45,"C"
"CUBA_GUSTAV","3","GUSTAV_CUBA_2008",2009-10-01,33,"C"
"CUBA_IAN","3","IAN_CUBA_2022",2009-10-01,32,"C"
"CUBA_MICHELLE","3","MICHELLE_CUBA_2001",2009-10-01,55,"C"
"CUBA_PALOMA","3","PALOMA_CUBA_2008",2009-10-01,77,"C"
"CUBA_SANDY","3","SANDY_CUBA_2012",2009-10-01,117,"C"
"DEAN_QROO_MX","5","DEAN_QROO_MX_2007",2009-10-01,80,"SG"
"FL_US_CHARLEY","1","CHARLEY_2004",2009-10-01,37,"FP"
"FL_US_FRANCES","1","FRANCES_US_FL_2004",2009-10-01,35,"FP"
"FL_US_IAN","1","IAN_US_FL_2022",2009-10-01,33,"FP"
"FL_US_IRMA","1","IRMA_US_FL_2017",2009-10-01,29,"FP"
"FL_US_JEANNE","1","JEANNE_US_FL_2004",2009-10-01,34,"FP"
"FL_US_MICHAEL","4","MICHAEL_US_FL_2018",2009-10-01,140,"SUS"
"FL_US_WILMA","1","WILMA_US_FL_2005",2009-10-01,34,"FP"
"LA_US_GUSTAV","4","GUSTAV_US_LA_2008",2009-10-01,224,"SUS"
"LA_US_IDA","4","IDA_US_LA_2009",2009-10-01,201,"SUS"
"LA_US_KATRINA","4","KATRINA_US_LA_2005",2009-10-01,167,"SUS"
"LA_US_LAURA","4","LAURA_US_LA_2020",2009-10-01,285,"SUS"
"LA_US_ZETA","4","ZETA_US_LA_2020",2009-10-01,191,"SUS"
"MX_ERNESTO","5","ERNESTO_MX_2012",2009-10-01,80,"SG"
"MX_GRACE","3","GRACE_MX_2021",2009-10-01,274.3261,"C"
"MX_TAMPS_EMILY","6","EMILY_TAMPS_MX_2005",2009-10-01,45,"WG"
"NC_US_ISABEL","4","ISABEL_US_NC_2003",2009-10-01,31,"SUS"
"NIC_ETA","2","ETA_NIC_2020",2009-10-01,244,"CA"
"NIC_FELIX","2","FELIX_NIC_2007",2009-10-01,232,"CA"
"NIC_IOTA","2","IOTA_NIC_2020",2009-10-01,251,"CA"
"PR_USA_MARIA","3","MARIA_US_PR_2017",2009-10-01,145,"C"
"QROO_WILMA","3","WILMA_QROO_2005",2009-10-01,55,"C"
"TX_US_HARVEY","6","HARVEY_US_TX_2017",2009-10-01,149,"WG"
"TX_US_IKE","4","IKE_US_TX_2008",2009-10-01,255,"SUS"
"TX_US_RITA","4","RITA_US_TX_2005",2009-10-01,282,"SUS"
"US_FL_DELTA","4","DELTA_US_LA_2020",2009-10-01,289,"SUS"
"US_FL_DENNIS","4","DENNIS_US_FL_2005",2009-10-01,132,"SUS"
"VER_MX_KARL","5","KARL_MX_VER_2010",2009-10-01,148,"SG"
"YUC_DELTA","5","DELTA_YUCATAN_MX_2020",2009-10-01,57,"SG"
"YUC_MX_EMILY","5","EMILY_MX_YUC_2005",2009-10-01,65,"SG"
"YUC_MX_ISIDORE","5","ISIDORE_MX_YUC_2002",2009-10-01,33,"SG"
"AL_US_IVAN","4","IVAN_US_AL_2004",2009-11-01,111,"SUS"
"AL_US_SALLY","4","SALLY_US_AL_2020",2009-11-01,126,"SUS"
"ALEX","6","ALEX_2010",2009-11-01,39,"WG"
"BELICE_RICHARD","3","RICHARD_BELICE_2010",2009-11-01,186,"C"
"BELIZE_IRIS","2","IRIS_BELIZE_2001",2009-11-01,263,"CA"
"BETA","2","BETA_2005",2009-11-01,192,"CA"
"CR_OTTO","2","OTTO_CR_2016",2009-11-01,294.6378,"CA"
"CUBA_DENNIS","3","DENNIS_CUBA_2005",2009-11-01,73,"C"
"CUBA_GUSTAV","3","GUSTAV_CUBA_2008",2009-11-01,147,"C"
"CUBA_IAN","3","IAN_CUBA_2022",2009-11-01,133,"C"
"CUBA_MICHELLE","3","MICHELLE_CUBA_2001",2009-11-01,63,"C"
"CUBA_PALOMA","3","PALOMA_CUBA_2008",2009-11-01,43,"C"
"CUBA_SANDY","3","SANDY_CUBA_2012",2009-11-01,72,"C"
"DEAN_QROO_MX","5","DEAN_QROO_MX_2007",2009-11-01,122,"SG"
"FL_US_CHARLEY","1","CHARLEY_2004",2009-11-01,37,"FP"
"FL_US_FRANCES","1","FRANCES_US_FL_2004",2009-11-01,31,"FP"
"FL_US_IAN","1","IAN_US_FL_2022",2009-11-01,35,"FP"
"FL_US_IRMA","1","IRMA_US_FL_2017",2009-11-01,38,"FP"
"FL_US_JEANNE","1","JEANNE_US_FL_2004",2009-11-01,32,"FP"
"FL_US_MICHAEL","4","MICHAEL_US_FL_2018",2009-11-01,95,"SUS"
"FL_US_WILMA","1","WILMA_US_FL_2005",2009-11-01,47,"FP"
"LA_US_GUSTAV","4","GUSTAV_US_LA_2008",2009-11-01,27,"SUS"
"LA_US_IDA","4","IDA_US_LA_2009",2009-11-01,27,"SUS"
"LA_US_KATRINA","4","KATRINA_US_LA_2005",2009-11-01,42,"SUS"
"LA_US_LAURA","4","LAURA_US_LA_2020",2009-11-01,50,"SUS"
"LA_US_ZETA","4","ZETA_US_LA_2020",2009-11-01,28,"SUS"
"MX_ERNESTO","5","ERNESTO_MX_2012",2009-11-01,119,"SG"
"MX_GRACE","3","GRACE_MX_2021",2009-11-01,21,"C"
"MX_TAMPS_EMILY","6","EMILY_TAMPS_MX_2005",2009-11-01,42,"WG"
"NC_US_ISABEL","4","ISABEL_US_NC_2003",2009-11-01,179,"SUS"
"NIC_ETA","2","ETA_NIC_2020",2009-11-01,226,"CA"
"NIC_FELIX","2","FELIX_NIC_2007",2009-11-01,269,"CA"
"NIC_IOTA","2","IOTA_NIC_2020",2009-11-01,210,"CA"
"PR_USA_MARIA","3","MARIA_US_PR_2017",2009-11-01,392,"C"
"QROO_WILMA","3","WILMA_QROO_2005",2009-11-01,200,"C"
"TX_US_HARVEY","6","HARVEY_US_TX_2017",2009-11-01,110,"WG"
"TX_US_IKE","4","IKE_US_TX_2008",2009-11-01,74,"SUS"
"TX_US_RITA","4","RITA_US_TX_2005",2009-11-01,52,"SUS"
"US_FL_DELTA","4","DELTA_US_LA_2020",2009-11-01,50,"SUS"
"US_FL_DENNIS","4","DENNIS_US_FL_2005",2009-11-01,123,"SUS"
"VER_MX_KARL","5","KARL_MX_VER_2010",2009-11-01,16,"SG"
"YUC_DELTA","5","DELTA_YUCATAN_MX_2020",2009-11-01,191,"SG"
"YUC_MX_EMILY","5","EMILY_MX_YUC_2005",2009-11-01,152,"SG"
"YUC_MX_ISIDORE","5","ISIDORE_MX_YUC_2002",2009-11-01,112,"SG"
"AL_US_IVAN","4","IVAN_US_AL_2004",2009-12-01,351,"SUS"
"AL_US_SALLY","4","SALLY_US_AL_2020",2009-12-01,326,"SUS"
"ALEX","6","ALEX_2010",2009-12-01,72,"WG"
"BELICE_RICHARD","3","RICHARD_BELICE_2010",2009-12-01,137,"C"
"BELIZE_IRIS","2","IRIS_BELIZE_2001",2009-12-01,221,"CA"
"BETA","2","BETA_2005",2009-12-01,210,"CA"
"CR_OTTO","2","OTTO_CR_2016",2009-12-01,167,"CA"
"CUBA_DENNIS","3","DENNIS_CUBA_2005",2009-12-01,15,"C"
"CUBA_GUSTAV","3","GUSTAV_CUBA_2008",2009-12-01,52,"C"
"CUBA_IAN","3","IAN_CUBA_2022",2009-12-01,52,"C"
"CUBA_MICHELLE","3","MICHELLE_CUBA_2001",2009-12-01,20,"C"
"CUBA_PALOMA","3","PALOMA_CUBA_2008",2009-12-01,25,"C"
"CUBA_SANDY","3","SANDY_CUBA_2012",2009-12-01,69,"C"
"DEAN_QROO_MX","5","DEAN_QROO_MX_2007",2009-12-01,49,"SG"
"FL_US_CHARLEY","1","CHARLEY_2004",2009-12-01,86,"FP"
"FL_US_FRANCES","1","FRANCES_US_FL_2004",2009-12-01,86,"FP"
"FL_US_IAN","1","IAN_US_FL_2022",2009-12-01,81,"FP"
"FL_US_IRMA","1","IRMA_US_FL_2017",2009-12-01,68,"FP"
"FL_US_JEANNE","1","JEANNE_US_FL_2004",2009-12-01,87,"FP"
"FL_US_MICHAEL","4","MICHAEL_US_FL_2018",2009-12-01,279,"SUS"
"FL_US_WILMA","1","WILMA_US_FL_2005",2009-12-01,68,"FP"
"LA_US_GUSTAV","4","GUSTAV_US_LA_2008",2009-12-01,300,"SUS"
"LA_US_IDA","4","IDA_US_LA_2009",2009-12-01,346,"SUS"
"LA_US_KATRINA","4","KATRINA_US_LA_2005",2009-12-01,393,"SUS"
"LA_US_LAURA","4","LAURA_US_LA_2020",2009-12-01,236,"SUS"
"LA_US_ZETA","4","ZETA_US_LA_2020",2009-12-01,350,"SUS"
"MX_ERNESTO","5","ERNESTO_MX_2012",2009-12-01,48,"SG"
"MX_GRACE","3","GRACE_MX_2021",2009-12-01,58,"C"
"MX_TAMPS_EMILY","6","EMILY_TAMPS_MX_2005",2009-12-01,65,"WG"
"NC_US_ISABEL","4","ISABEL_US_NC_2003",2009-12-01,181,"SUS"
"NIC_ETA","2","ETA_NIC_2020",2009-12-01,358,"CA"
"NIC_FELIX","2","FELIX_NIC_2007",2009-12-01,710,"CA"
"NIC_IOTA","2","IOTA_NIC_2020",2009-12-01,282.8333,"CA"
"PR_USA_MARIA","3","MARIA_US_PR_2017",2009-12-01,49,"C"
"QROO_WILMA","3","WILMA_QROO_2005",2009-12-01,95,"C"
"TX_US_HARVEY","6","HARVEY_US_TX_2017",2009-12-01,92,"WG"
"TX_US_IKE","4","IKE_US_TX_2008",2009-12-01,140,"SUS"
"TX_US_RITA","4","RITA_US_TX_2005",2009-12-01,210,"SUS"
"US_FL_DELTA","4","DELTA_US_LA_2020",2009-12-01,248,"SUS"
"US_FL_DENNIS","4","DENNIS_US_FL_2005",2009-12-01,345,"SUS"
"VER_MX_KARL","5","KARL_MX_VER_2010",2009-12-01,23,"SG"
"YUC_DELTA","5","DELTA_YUCATAN_MX_2020",2009-12-01,83,"SG"
"YUC_MX_EMILY","5","EMILY_MX_YUC_2005",2009-12-01,60,"SG"
"YUC_MX_ISIDORE","5","ISIDORE_MX_YUC_2002",2009-12-01,48,"SG"
"AL_US_IVAN","4","IVAN_US_AL_2004",2010-01-01,178,"SUS"
"AL_US_SALLY","4","SALLY_US_AL_2020",2010-01-01,188,"SUS"
"ALEX","6","ALEX_2010",2010-01-01,29,"WG"
"BELICE_RICHARD","3","RICHARD_BELICE_2010",2010-01-01,103,"C"
"BELIZE_IRIS","2","IRIS_BELIZE_2001",2010-01-01,150,"CA"
"BETA","2","BETA_2005",2010-01-01,289,"CA"
"CR_OTTO","2","OTTO_CR_2016",2010-01-01,454.25,"CA"
"CUBA_DENNIS","3","DENNIS_CUBA_2005",2010-01-01,15,"C"
"CUBA_GUSTAV","3","GUSTAV_CUBA_2008",2010-01-01,27,"C"
"CUBA_IAN","3","IAN_CUBA_2022",2010-01-01,28,"C"
"CUBA_MICHELLE","3","MICHELLE_CUBA_2001",2010-01-01,17,"C"
"CUBA_PALOMA","3","PALOMA_CUBA_2008",2010-01-01,11,"C"
"CUBA_SANDY","3","SANDY_CUBA_2012",2010-01-01,24,"C"
"DEAN_QROO_MX","5","DEAN_QROO_MX_2007",2010-01-01,39,"SG"
"FL_US_CHARLEY","1","CHARLEY_2004",2010-01-01,50,"FP"
"FL_US_FRANCES","1","FRANCES_US_FL_2004",2010-01-01,35,"FP"
"FL_US_IAN","1","IAN_US_FL_2022",2010-01-01,45,"FP"
"FL_US_IRMA","1","IRMA_US_FL_2017",2010-01-01,35,"FP"
"FL_US_JEANNE","1","JEANNE_US_FL_2004",2010-01-01,34,"FP"
"FL_US_MICHAEL","4","MICHAEL_US_FL_2018",2010-01-01,151,"SUS"
"FL_US_WILMA","1","WILMA_US_FL_2005",2010-01-01,32,"FP"
"LA_US_GUSTAV","4","GUSTAV_US_LA_2008",2010-01-01,62,"SUS"
"LA_US_IDA","4","IDA_US_LA_2009",2010-01-01,68,"SUS"
"LA_US_KATRINA","4","KATRINA_US_LA_2005",2010-01-01,91,"SUS"
"LA_US_LAURA","4","LAURA_US_LA_2020",2010-01-01,67,"SUS"
"LA_US_ZETA","4","ZETA_US_LA_2020",2010-01-01,65,"SUS"
"MX_ERNESTO","5","ERNESTO_MX_2012",2010-01-01,40,"SG"
"MX_GRACE","3","GRACE_MX_2021",2010-01-01,95,"C"
"MX_TAMPS_EMILY","6","EMILY_TAMPS_MX_2005",2010-01-01,22,"WG"
"NC_US_ISABEL","4","ISABEL_US_NC_2003",2010-01-01,122,"SUS"
"NIC_ETA","2","ETA_NIC_2020",2010-01-01,230,"CA"
"NIC_FELIX","2","FELIX_NIC_2007",2010-01-01,260,"CA"
"NIC_IOTA","2","IOTA_NIC_2020",2010-01-01,232,"CA"
"PR_USA_MARIA","3","MARIA_US_PR_2017",2010-01-01,189,"C"
"QROO_WILMA","3","WILMA_QROO_2005",2010-01-01,52,"C"
"TX_US_HARVEY","6","HARVEY_US_TX_2017",2010-01-01,70,"WG"
"TX_US_IKE","4","IKE_US_TX_2008",2010-01-01,87,"SUS"
"TX_US_RITA","4","RITA_US_TX_2005",2010-01-01,71,"SUS"
"US_FL_DELTA","4","DELTA_US_LA_2020",2010-01-01,67,"SUS"
"US_FL_DENNIS","4","DENNIS_US_FL_2005",2010-01-01,187,"SUS"
"VER_MX_KARL","5","KARL_MX_VER_2010",2010-01-01,26,"SG"
"YUC_DELTA","5","DELTA_YUCATAN_MX_2020",2010-01-01,46,"SG"
"YUC_MX_EMILY","5","EMILY_MX_YUC_2005",2010-01-01,36,"SG"
"YUC_MX_ISIDORE","5","ISIDORE_MX_YUC_2002",2010-01-01,21,"SG"
"AL_US_IVAN","4","IVAN_US_AL_2004",2010-02-01,155,"SUS"
"AL_US_SALLY","4","SALLY_US_AL_2020",2010-02-01,140,"SUS"
"ALEX","6","ALEX_2010",2010-02-01,47,"WG"
"BELICE_RICHARD","3","RICHARD_BELICE_2010",2010-02-01,38,"C"
"BELIZE_IRIS","2","IRIS_BELIZE_2001",2010-02-01,68,"CA"
"BETA","2","BETA_2005",2010-02-01,101,"CA"
"CR_OTTO","2","OTTO_CR_2016",2010-02-01,232,"CA"
"CUBA_DENNIS","3","DENNIS_CUBA_2005",2010-02-01,60,"C"
"CUBA_GUSTAV","3","GUSTAV_CUBA_2008",2010-02-01,129,"C"
"CUBA_IAN","3","IAN_CUBA_2022",2010-02-01,126,"C"
"CUBA_MICHELLE","3","MICHELLE_CUBA_2001",2010-02-01,70,"C"
"CUBA_PALOMA","3","PALOMA_CUBA_2008",2010-02-01,64,"C"
"CUBA_SANDY","3","SANDY_CUBA_2012",2010-02-01,60,"C"
"DEAN_QROO_MX","5","DEAN_QROO_MX_2007",2010-02-01,14,"SG"
"FL_US_CHARLEY","1","CHARLEY_2004",2010-02-01,66,"FP"
"FL_US_FRANCES","1","FRANCES_US_FL_2004",2010-02-01,83,"FP"
"FL_US_IAN","1","IAN_US_FL_2022",2010-02-01,66,"FP"
"FL_US_IRMA","1","IRMA_US_FL_2017",2010-02-01,72,"FP"
"FL_US_JEANNE","1","JEANNE_US_FL_2004",2010-02-01,83,"FP"
"FL_US_MICHAEL","4","MICHAEL_US_FL_2018",2010-02-01,95,"SUS"
"FL_US_WILMA","1","WILMA_US_FL_2005",2010-02-01,84,"FP"
"LA_US_GUSTAV","4","GUSTAV_US_LA_2008",2010-02-01,157,"SUS"
"LA_US_IDA","4","IDA_US_LA_2009",2010-02-01,173,"SUS"
"LA_US_KATRINA","4","KATRINA_US_LA_2005",2010-02-01,177,"SUS"
"LA_US_LAURA","4","LAURA_US_LA_2020",2010-02-01,152,"SUS"
"LA_US_ZETA","4","ZETA_US_LA_2020",2010-02-01,174,"SUS"
"MX_ERNESTO","5","ERNESTO_MX_2012",2010-02-01,13,"SG"
"MX_GRACE","3","GRACE_MX_2021",2010-02-01,167,"C"
"MX_TAMPS_EMILY","6","EMILY_TAMPS_MX_2005",2010-02-01,42,"WG"
"NC_US_ISABEL","4","ISABEL_US_NC_2003",2010-02-01,111,"SUS"
"NIC_ETA","2","ETA_NIC_2020",2010-02-01,71,"CA"
"NIC_FELIX","2","FELIX_NIC_2007",2010-02-01,65,"CA"
"NIC_IOTA","2","IOTA_NIC_2020",2010-02-01,72,"CA"
"PR_USA_MARIA","3","MARIA_US_PR_2017",2010-02-01,35,"C"
"QROO_WILMA","3","WILMA_QROO_2005",2010-02-01,56,"C"
"TX_US_HARVEY","6","HARVEY_US_TX_2017",2010-02-01,102,"WG"
"TX_US_IKE","4","IKE_US_TX_2008",2010-02-01,120,"SUS"
"TX_US_RITA","4","RITA_US_TX_2005",2010-02-01,147,"SUS"
"US_FL_DELTA","4","DELTA_US_LA_2020",2010-02-01,145,"SUS"
"US_FL_DENNIS","4","DENNIS_US_FL_2005",2010-02-01,147,"SUS"
"VER_MX_KARL","5","KARL_MX_VER_2010",2010-02-01,53,"SG"
"YUC_DELTA","5","DELTA_YUCATAN_MX_2020",2010-02-01,48,"SG"
"YUC_MX_EMILY","5","EMILY_MX_YUC_2005",2010-02-01,35,"SG"
"YUC_MX_ISIDORE","5","ISIDORE_MX_YUC_2002",2010-02-01,20,"SG"
"AL_US_IVAN","4","IVAN_US_AL_2004",2010-03-01,108,"SUS"
"AL_US_SALLY","4","SALLY_US_AL_2020",2010-03-01,107,"SUS"
"ALEX","6","ALEX_2010",2010-03-01,16,"WG"
"BELICE_RICHARD","3","RICHARD_BELICE_2010",2010-03-01,31,"C"
"BELIZE_IRIS","2","IRIS_BELIZE_2001",2010-03-01,60,"CA"
"BETA","2","BETA_2005",2010-03-01,56,"CA"
"CR_OTTO","2","OTTO_CR_2016",2010-03-01,136,"CA"
"CUBA_DENNIS","3","DENNIS_CUBA_2005",2010-03-01,51,"C"
"CUBA_GUSTAV","3","GUSTAV_CUBA_2008",2010-03-01,58,"C"
"CUBA_IAN","3","IAN_CUBA_2022",2010-03-01,50,"C"
"CUBA_MICHELLE","3","MICHELLE_CUBA_2001",2010-03-01,53,"C"
"CUBA_PALOMA","3","PALOMA_CUBA_2008",2010-03-01,33,"C"
"CUBA_SANDY","3","SANDY_CUBA_2012",2010-03-01,51,"C"
"DEAN_QROO_MX","5","DEAN_QROO_MX_2007",2010-03-01,6,"SG"
"FL_US_CHARLEY","1","CHARLEY_2004",2010-03-01,173,"FP"
"FL_US_FRANCES","1","FRANCES_US_FL_2004",2010-03-01,169,"FP"
"FL_US_IAN","1","IAN_US_FL_2022",2010-03-01,170,"FP"
"FL_US_IRMA","1","IRMA_US_FL_2017",2010-03-01,168,"FP"
"FL_US_JEANNE","1","JEANNE_US_FL_2004",2010-03-01,168,"FP"
"FL_US_MICHAEL","4","MICHAEL_US_FL_2018",2010-03-01,95,"SUS"
"FL_US_WILMA","1","WILMA_US_FL_2005",2010-03-01,131,"FP"
"LA_US_GUSTAV","4","GUSTAV_US_LA_2008",2010-03-01,49,"SUS"
"LA_US_IDA","4","IDA_US_LA_2009",2010-03-01,62,"SUS"
"LA_US_KATRINA","4","KATRINA_US_LA_2005",2010-03-01,88,"SUS"
"LA_US_LAURA","4","LAURA_US_LA_2020",2010-03-01,52,"SUS"
"LA_US_ZETA","4","ZETA_US_LA_2020",2010-03-01,61,"SUS"
"MX_ERNESTO","5","ERNESTO_MX_2012",2010-03-01,5,"SG"
"MX_GRACE","3","GRACE_MX_2021",2010-03-01,18,"C"
"MX_TAMPS_EMILY","6","EMILY_TAMPS_MX_2005",2010-03-01,22,"WG"
"NC_US_ISABEL","4","ISABEL_US_NC_2003",2010-03-01,123,"SUS"
"NIC_ETA","2","ETA_NIC_2020",2010-03-01,35,"CA"
"NIC_FELIX","2","FELIX_NIC_2007",2010-03-01,24,"CA"
"NIC_IOTA","2","IOTA_NIC_2020",2010-03-01,41,"CA"
"PR_USA_MARIA","3","MARIA_US_PR_2017",2010-03-01,113,"C"
"QROO_WILMA","3","WILMA_QROO_2005",2010-03-01,18,"C"
"TX_US_HARVEY","6","HARVEY_US_TX_2017",2010-03-01,27,"WG"
"TX_US_IKE","4","IKE_US_TX_2008",2010-03-01,59,"SUS"
"TX_US_RITA","4","RITA_US_TX_2005",2010-03-01,55,"SUS"
"US_FL_DELTA","4","DELTA_US_LA_2020",2010-03-01,46,"SUS"
"US_FL_DENNIS","4","DENNIS_US_FL_2005",2010-03-01,108,"SUS"
"VER_MX_KARL","5","KARL_MX_VER_2010",2010-03-01,7,"SG"
"YUC_DELTA","5","DELTA_YUCATAN_MX_2020",2010-03-01,18,"SG"
"YUC_MX_EMILY","5","EMILY_MX_YUC_2005",2010-03-01,15,"SG"
"YUC_MX_ISIDORE","5","ISIDORE_MX_YUC_2002",2010-03-01,6,"SG"
"AL_US_IVAN","4","IVAN_US_AL_2004",2010-04-01,59,"SUS"
"AL_US_SALLY","4","SALLY_US_AL_2020",2010-04-01,51,"SUS"
"ALEX","6","ALEX_2010",2010-04-01,115,"WG"
"BELICE_RICHARD","3","RICHARD_BELICE_2010",2010-04-01,49,"C"
"BELIZE_IRIS","2","IRIS_BELIZE_2001",2010-04-01,103,"CA"
"BETA","2","BETA_2005",2010-04-01,83,"CA"
"CR_OTTO","2","OTTO_CR_2016",2010-04-01,179,"CA"
"CUBA_DENNIS","3","DENNIS_CUBA_2005",2010-04-01,135,"C"
"CUBA_GUSTAV","3","GUSTAV_CUBA_2008",2010-04-01,134,"C"
"CUBA_IAN","3","IAN_CUBA_2022",2010-04-01,123,"C"
"CUBA_MICHELLE","3","MICHELLE_CUBA_2001",2010-04-01,146,"C"
"CUBA_PALOMA","3","PALOMA_CUBA_2008",2010-04-01,135,"C"
"CUBA_SANDY","3","SANDY_CUBA_2012",2010-04-01,172,"C"
"DEAN_QROO_MX","5","DEAN_QROO_MX_2007",2010-04-01,35,"SG"
"FL_US_CHARLEY","1","CHARLEY_2004",2010-04-01,70,"FP"
"FL_US_FRANCES","1","FRANCES_US_FL_2004",2010-04-01,68,"FP"
"FL_US_IAN","1","IAN_US_FL_2022",2010-04-01,66,"FP"
"FL_US_IRMA","1","IRMA_US_FL_2017",2010-04-01,73,"FP"
"FL_US_JEANNE","1","JEANNE_US_FL_2004",2010-04-01,73,"FP"
"FL_US_MICHAEL","4","MICHAEL_US_FL_2018",2010-04-01,48,"SUS"
"FL_US_WILMA","1","WILMA_US_FL_2005",2010-04-01,89,"FP"
"LA_US_GUSTAV","4","GUSTAV_US_LA_2008",2010-04-01,26,"SUS"
"LA_US_IDA","4","IDA_US_LA_2009",2010-04-01,37,"SUS"
"LA_US_KATRINA","4","KATRINA_US_LA_2005",2010-04-01,54,"SUS"
"LA_US_LAURA","4","LAURA_US_LA_2020",2010-04-01,16,"SUS"
"LA_US_ZETA","4","ZETA_US_LA_2020",2010-04-01,38,"SUS"
"MX_ERNESTO","5","ERNESTO_MX_2012",2010-04-01,34,"SG"
"MX_GRACE","3","GRACE_MX_2021",2010-04-01,142,"C"
"MX_TAMPS_EMILY","6","EMILY_TAMPS_MX_2005",2010-04-01,86,"WG"
"NC_US_ISABEL","4","ISABEL_US_NC_2003",2010-04-01,28,"SUS"
"NIC_ETA","2","ETA_NIC_2020",2010-04-01,56,"CA"
"NIC_FELIX","2","FELIX_NIC_2007",2010-04-01,30,"CA"
"NIC_IOTA","2","IOTA_NIC_2020",2010-04-01,66,"CA"
"PR_USA_MARIA","3","MARIA_US_PR_2017",2010-04-01,140,"C"
"QROO_WILMA","3","WILMA_QROO_2005",2010-04-01,53,"C"
"TX_US_HARVEY","6","HARVEY_US_TX_2017",2010-04-01,60,"WG"
"TX_US_IKE","4","IKE_US_TX_2008",2010-04-01,25,"SUS"
"TX_US_RITA","4","RITA_US_TX_2005",2010-04-01,19,"SUS"
"US_FL_DELTA","4","DELTA_US_LA_2020",2010-04-01,14,"SUS"
"US_FL_DENNIS","4","DENNIS_US_FL_2005",2010-04-01,57,"SUS"
"VER_MX_KARL","5","KARL_MX_VER_2010",2010-04-01,62,"SG"
"YUC_DELTA","5","DELTA_YUCATAN_MX_2020",2010-04-01,53,"SG"
"YUC_MX_EMILY","5","EMILY_MX_YUC_2005",2010-04-01,50,"SG"
"YUC_MX_ISIDORE","5","ISIDORE_MX_YUC_2002",2010-04-01,37,"SG"
"AL_US_IVAN","4","IVAN_US_AL_2004",2010-05-01,161,"SUS"
"AL_US_SALLY","4","SALLY_US_AL_2020",2010-05-01,157,"SUS"
"ALEX","6","ALEX_2010",2010-05-01,52,"WG"
"BELICE_RICHARD","3","RICHARD_BELICE_2010",2010-05-01,206,"C"
"BELIZE_IRIS","2","IRIS_BELIZE_2001",2010-05-01,345,"CA"
"BETA","2","BETA_2005",2010-05-01,176,"CA"
"CR_OTTO","2","OTTO_CR_2016",2010-05-01,219,"CA"
"CUBA_DENNIS","3","DENNIS_CUBA_2005",2010-05-01,79,"C"
"CUBA_GUSTAV","3","GUSTAV_CUBA_2008",2010-05-01,107,"C"
"CUBA_IAN","3","IAN_CUBA_2022",2010-05-01,122,"C"
"CUBA_MICHELLE","3","MICHELLE_CUBA_2001",2010-05-01,82,"C"
"CUBA_PALOMA","3","PALOMA_CUBA_2008",2010-05-01,189,"C"
"CUBA_SANDY","3","SANDY_CUBA_2012",2010-05-01,221,"C"
"DEAN_QROO_MX","5","DEAN_QROO_MX_2007",2010-05-01,217,"SG"
"FL_US_CHARLEY","1","CHARLEY_2004",2010-05-01,76,"FP"
"FL_US_FRANCES","1","FRANCES_US_FL_2004",2010-05-01,64,"FP"
"FL_US_IAN","1","IAN_US_FL_2022",2010-05-01,72,"FP"
"FL_US_IRMA","1","IRMA_US_FL_2017",2010-05-01,63,"FP"
"FL_US_JEANNE","1","JEANNE_US_FL_2004",2010-05-01,64,"FP"
"FL_US_MICHAEL","4","MICHAEL_US_FL_2018",2010-05-01,170,"SUS"
"FL_US_WILMA","1","WILMA_US_FL_2005",2010-05-01,64,"FP"
"LA_US_GUSTAV","4","GUSTAV_US_LA_2008",2010-05-01,89,"SUS"
"LA_US_IDA","4","IDA_US_LA_2009",2010-05-01,97,"SUS"
"LA_US_KATRINA","4","KATRINA_US_LA_2005",2010-05-01,101,"SUS"
"LA_US_LAURA","4","LAURA_US_LA_2020",2010-05-01,78,"SUS"
"LA_US_ZETA","4","ZETA_US_LA_2020",2010-05-01,101,"SUS"
"MX_ERNESTO","5","ERNESTO_MX_2012",2010-05-01,217,"SG"
"MX_GRACE","3","GRACE_MX_2021",2010-05-01,51,"C"
"MX_TAMPS_EMILY","6","EMILY_TAMPS_MX_2005",2010-05-01,55,"WG"
"NC_US_ISABEL","4","ISABEL_US_NC_2003",2010-05-01,128,"SUS"
"NIC_ETA","2","ETA_NIC_2020",2010-05-01,181,"CA"
"NIC_FELIX","2","FELIX_NIC_2007",2010-05-01,174,"CA"
"NIC_IOTA","2","IOTA_NIC_2020",2010-05-01,178,"CA"
"PR_USA_MARIA","3","MARIA_US_PR_2017",2010-05-01,452.7,"C"
"QROO_WILMA","3","WILMA_QROO_2005",2010-05-01,194,"C"
"TX_US_HARVEY","6","HARVEY_US_TX_2017",2010-05-01,80,"WG"
"TX_US_IKE","4","IKE_US_TX_2008",2010-05-01,88,"SUS"
"TX_US_RITA","4","RITA_US_TX_2005",2010-05-01,81,"SUS"
"US_FL_DELTA","4","DELTA_US_LA_2020",2010-05-01,81,"SUS"
"US_FL_DENNIS","4","DENNIS_US_FL_2005",2010-05-01,164,"SUS"
"VER_MX_KARL","5","KARL_MX_VER_2010",2010-05-01,32,"SG"
"YUC_DELTA","5","DELTA_YUCATAN_MX_2020",2010-05-01,200,"SG"
"YUC_MX_EMILY","5","EMILY_MX_YUC_2005",2010-05-01,232,"SG"
"YUC_MX_ISIDORE","5","ISIDORE_MX_YUC_2002",2010-05-01,185,"SG"
"AL_US_IVAN","4","IVAN_US_AL_2004",2010-06-01,91,"SUS"
"AL_US_SALLY","4","SALLY_US_AL_2020",2010-06-01,112,"SUS"
"ALEX","6","ALEX_2010",2010-06-01,126,"WG"
"BELICE_RICHARD","3","RICHARD_BELICE_2010",2010-06-01,200,"C"
"BELIZE_IRIS","2","IRIS_BELIZE_2001",2010-06-01,380,"CA"
"BETA","2","BETA_2005",2010-06-01,330,"CA"
"CR_OTTO","2","OTTO_CR_2016",2010-06-01,279,"CA"
"CUBA_DENNIS","3","DENNIS_CUBA_2005",2010-06-01,142,"C"
"CUBA_GUSTAV","3","GUSTAV_CUBA_2008",2010-06-01,235,"C"
"CUBA_IAN","3","IAN_CUBA_2022",2010-06-01,258,"C"
"CUBA_MICHELLE","3","MICHELLE_CUBA_2001",2010-06-01,186,"C"
"CUBA_PALOMA","3","PALOMA_CUBA_2008",2010-06-01,301,"C"
"CUBA_SANDY","3","SANDY_CUBA_2012",2010-06-01,145,"C"
"DEAN_QROO_MX","5","DEAN_QROO_MX_2007",2010-06-01,120,"SG"
"FL_US_CHARLEY","1","CHARLEY_2004",2010-06-01,192,"FP"
"FL_US_FRANCES","1","FRANCES_US_FL_2004",2010-06-01,155,"FP"
"FL_US_IAN","1","IAN_US_FL_2022",2010-06-01,200,"FP"
"FL_US_IRMA","1","IRMA_US_FL_2017",2010-06-01,210,"FP"
"FL_US_JEANNE","1","JEANNE_US_FL_2004",2010-06-01,154,"FP"
"FL_US_MICHAEL","4","MICHAEL_US_FL_2018",2010-06-01,122,"SUS"
"FL_US_WILMA","1","WILMA_US_FL_2005",2010-06-01,193,"FP"
"LA_US_GUSTAV","4","GUSTAV_US_LA_2008",2010-06-01,181,"SUS"
"LA_US_IDA","4","IDA_US_LA_2009",2010-06-01,166,"SUS"
"LA_US_KATRINA","4","KATRINA_US_LA_2005",2010-06-01,130,"SUS"
"LA_US_LAURA","4","LAURA_US_LA_2020",2010-06-01,144,"SUS"
"LA_US_ZETA","4","ZETA_US_LA_2020",2010-06-01,162,"SUS"
"MX_ERNESTO","5","ERNESTO_MX_2012",2010-06-01,120,"SG"
"MX_GRACE","3","GRACE_MX_2021",2010-06-01,94,"C"
"MX_TAMPS_EMILY","6","EMILY_TAMPS_MX_2005",2010-06-01,152,"WG"
"NC_US_ISABEL","4","ISABEL_US_NC_2003",2010-06-01,87,"SUS"
"NIC_ETA","2","ETA_NIC_2020",2010-06-01,357,"CA"
"NIC_FELIX","2","FELIX_NIC_2007",2010-06-01,367,"CA"
"NIC_IOTA","2","IOTA_NIC_2020",2010-06-01,345,"CA"
"PR_USA_MARIA","3","MARIA_US_PR_2017",2010-06-01,384.3636,"C"
"QROO_WILMA","3","WILMA_QROO_2005",2010-06-01,217,"C"
"TX_US_HARVEY","6","HARVEY_US_TX_2017",2010-06-01,101,"WG"
"TX_US_IKE","4","IKE_US_TX_2008",2010-06-01,112,"SUS"
"TX_US_RITA","4","RITA_US_TX_2005",2010-06-01,136,"SUS"
"US_FL_DELTA","4","DELTA_US_LA_2020",2010-06-01,163,"SUS"
"US_FL_DENNIS","4","DENNIS_US_FL_2005",2010-06-01,101,"SUS"
"VER_MX_KARL","5","KARL_MX_VER_2010",2010-06-01,107,"SG"
"YUC_DELTA","5","DELTA_YUCATAN_MX_2020",2010-06-01,213,"SG"
"YUC_MX_EMILY","5","EMILY_MX_YUC_2005",2010-06-01,179,"SG"
"YUC_MX_ISIDORE","5","ISIDORE_MX_YUC_2002",2010-06-01,195,"SG"
"AL_US_IVAN","4","IVAN_US_AL_2004",2010-07-01,124,"SUS"
"AL_US_SALLY","4","SALLY_US_AL_2020",2010-07-01,127,"SUS"
"ALEX","6","ALEX_2010",2010-07-01,326,"WG"
"BELICE_RICHARD","3","RICHARD_BELICE_2010",2010-07-01,453,"C"
"BELIZE_IRIS","2","IRIS_BELIZE_2001",2010-07-01,1076,"CA"
"BETA","2","BETA_2005",2010-07-01,706.8441,"CA"
"CR_OTTO","2","OTTO_CR_2016",2010-07-01,606.3333,"CA"
"CUBA_DENNIS","3","DENNIS_CUBA_2005",2010-07-01,270,"C"
"CUBA_GUSTAV","3","GUSTAV_CUBA_2008",2010-07-01,224,"C"
"CUBA_IAN","3","IAN_CUBA_2022",2010-07-01,222,"C"
"CUBA_MICHELLE","3","MICHELLE_CUBA_2001",2010-07-01,276,"C"
"CUBA_PALOMA","3","PALOMA_CUBA_2008",2010-07-01,308,"C"
"CUBA_SANDY","3","SANDY_CUBA_2012",2010-07-01,293,"C"
"DEAN_QROO_MX","5","DEAN_QROO_MX_2007",2010-07-01,179,"SG"
"FL_US_CHARLEY","1","CHARLEY_2004",2010-07-01,173,"FP"
"FL_US_FRANCES","1","FRANCES_US_FL_2004",2010-07-01,140,"FP"
"FL_US_IAN","1","IAN_US_FL_2022",2010-07-01,169,"FP"
"FL_US_IRMA","1","IRMA_US_FL_2017",2010-07-01,182,"FP"
"FL_US_JEANNE","1","JEANNE_US_FL_2004",2010-07-01,142,"FP"
"FL_US_MICHAEL","4","MICHAEL_US_FL_2018",2010-07-01,130,"SUS"
"FL_US_WILMA","1","WILMA_US_FL_2005",2010-07-01,175,"FP"
"LA_US_GUSTAV","4","GUSTAV_US_LA_2008",2010-07-01,241,"SUS"
"LA_US_IDA","4","IDA_US_LA_2009",2010-07-01,219,"SUS"
"LA_US_KATRINA","4","KATRINA_US_LA_2005",2010-07-01,167,"SUS"
"LA_US_LAURA","4","LAURA_US_LA_2020",2010-07-01,202,"SUS"
"LA_US_ZETA","4","ZETA_US_LA_2020",2010-07-01,207,"SUS"
"MX_ERNESTO","5","ERNESTO_MX_2012",2010-07-01,184,"SG"
"MX_GRACE","3","GRACE_MX_2021",2010-07-01,325.5,"C"
"MX_TAMPS_EMILY","6","EMILY_TAMPS_MX_2005",2010-07-01,295,"WG"
"NC_US_ISABEL","4","ISABEL_US_NC_2003",2010-07-01,119,"SUS"
"NIC_ETA","2","ETA_NIC_2020",2010-07-01,820.6667,"CA"
"NIC_FELIX","2","FELIX_NIC_2007",2010-07-01,948.8576,"CA"
"NIC_IOTA","2","IOTA_NIC_2020",2010-07-01,762.6255,"CA"
"PR_USA_MARIA","3","MARIA_US_PR_2017",2010-07-01,300.9091,"C"
"QROO_WILMA","3","WILMA_QROO_2005",2010-07-01,143,"C"
"TX_US_HARVEY","6","HARVEY_US_TX_2017",2010-07-01,225,"WG"
"TX_US_IKE","4","IKE_US_TX_2008",2010-07-01,219,"SUS"
"TX_US_RITA","4","RITA_US_TX_2005",2010-07-01,211,"SUS"
"US_FL_DELTA","4","DELTA_US_LA_2020",2010-07-01,183,"SUS"
"US_FL_DENNIS","4","DENNIS_US_FL_2005",2010-07-01,115,"SUS"
"VER_MX_KARL","5","KARL_MX_VER_2010",2010-07-01,368.3145,"SG"
"YUC_DELTA","5","DELTA_YUCATAN_MX_2020",2010-07-01,166,"SG"
"YUC_MX_EMILY","5","EMILY_MX_YUC_2005",2010-07-01,170,"SG"
"YUC_MX_ISIDORE","5","ISIDORE_MX_YUC_2002",2010-07-01,237,"SG"
"AL_US_IVAN","4","IVAN_US_AL_2004",2010-08-01,226,"SUS"
"AL_US_SALLY","4","SALLY_US_AL_2020",2010-08-01,234,"SUS"
"ALEX","6","ALEX_2010",2010-08-01,33,"WG"
"BELICE_RICHARD","3","RICHARD_BELICE_2010",2010-08-01,247,"C"
"BELIZE_IRIS","2","IRIS_BELIZE_2001",2010-08-01,726,"CA"
"BETA","2","BETA_2005",2010-08-01,477,"CA"
"CR_OTTO","2","OTTO_CR_2016",2010-08-01,422,"CA"
"CUBA_DENNIS","3","DENNIS_CUBA_2005",2010-08-01,222,"C"
"CUBA_GUSTAV","3","GUSTAV_CUBA_2008",2010-08-01,180,"C"
"CUBA_IAN","3","IAN_CUBA_2022",2010-08-01,182,"C"
"CUBA_MICHELLE","3","MICHELLE_CUBA_2001",2010-08-01,231,"C"
"CUBA_PALOMA","3","PALOMA_CUBA_2008",2010-08-01,235,"C"
"CUBA_SANDY","3","SANDY_CUBA_2012",2010-08-01,166,"C"
"DEAN_QROO_MX","5","DEAN_QROO_MX_2007",2010-08-01,160,"SG"
"FL_US_CHARLEY","1","CHARLEY_2004",2010-08-01,264,"FP"
"FL_US_FRANCES","1","FRANCES_US_FL_2004",2010-08-01,174,"FP"
"FL_US_IAN","1","IAN_US_FL_2022",2010-08-01,247,"FP"
"FL_US_IRMA","1","IRMA_US_FL_2017",2010-08-01,280,"FP"
"FL_US_JEANNE","1","JEANNE_US_FL_2004",2010-08-01,175,"FP"
"FL_US_MICHAEL","4","MICHAEL_US_FL_2018",2010-08-01,140,"SUS"
"FL_US_WILMA","1","WILMA_US_FL_2005",2010-08-01,255,"FP"
"LA_US_GUSTAV","4","GUSTAV_US_LA_2008",2010-08-01,290,"SUS"
"LA_US_IDA","4","IDA_US_LA_2009",2010-08-01,293,"SUS"
"LA_US_KATRINA","4","KATRINA_US_LA_2005",2010-08-01,243,"SUS"
"LA_US_LAURA","4","LAURA_US_LA_2020",2010-08-01,145,"SUS"
"LA_US_ZETA","4","ZETA_US_LA_2020",2010-08-01,305,"SUS"
"MX_ERNESTO","5","ERNESTO_MX_2012",2010-08-01,158,"SG"
"MX_GRACE","3","GRACE_MX_2021",2010-08-01,232,"C"
"MX_TAMPS_EMILY","6","EMILY_TAMPS_MX_2005",2010-08-01,24,"WG"
"NC_US_ISABEL","4","ISABEL_US_NC_2003",2010-08-01,126,"SUS"
"NIC_ETA","2","ETA_NIC_2020",2010-08-01,528,"CA"
"NIC_FELIX","2","FELIX_NIC_2007",2010-08-01,591,"CA"
"NIC_IOTA","2","IOTA_NIC_2020",2010-08-01,491,"CA"
"PR_USA_MARIA","3","MARIA_US_PR_2017",2010-08-01,342.625,"C"
"QROO_WILMA","3","WILMA_QROO_2005",2010-08-01,161,"C"
"TX_US_HARVEY","6","HARVEY_US_TX_2017",2010-08-01,27,"WG"
"TX_US_IKE","4","IKE_US_TX_2008",2010-08-01,30,"SUS"
"TX_US_RITA","4","RITA_US_TX_2005",2010-08-01,100,"SUS"
"US_FL_DELTA","4","DELTA_US_LA_2020",2010-08-01,194,"SUS"
"US_FL_DENNIS","4","DENNIS_US_FL_2005",2010-08-01,205,"SUS"
"VER_MX_KARL","5","KARL_MX_VER_2010",2010-08-01,294.5,"SG"
"YUC_DELTA","5","DELTA_YUCATAN_MX_2020",2010-08-01,173,"SG"
"YUC_MX_EMILY","5","EMILY_MX_YUC_2005",2010-08-01,198,"SG"
"YUC_MX_ISIDORE","5","ISIDORE_MX_YUC_2002",2010-08-01,218,"SG"
"AL_US_IVAN","4","IVAN_US_AL_2004",2010-09-01,50,"SUS"
"AL_US_SALLY","4","SALLY_US_AL_2020",2010-09-01,65,"SUS"
"ALEX","6","ALEX_2010",2010-09-01,269,"WG"
"BELICE_RICHARD","3","RICHARD_BELICE_2010",2010-09-01,278,"C"
"BELIZE_IRIS","2","IRIS_BELIZE_2001",2010-09-01,540.5,"CA"
"BETA","2","BETA_2005",2010-09-01,288,"CA"
"CR_OTTO","2","OTTO_CR_2016",2010-09-01,374,"CA"
"CUBA_DENNIS","3","DENNIS_CUBA_2005",2010-09-01,222,"C"
"CUBA_GUSTAV","3","GUSTAV_CUBA_2008",2010-09-01,186,"C"
"CUBA_IAN","3","IAN_CUBA_2022",2010-09-01,190,"C"
"CUBA_MICHELLE","3","MICHELLE_CUBA_2001",2010-09-01,246,"C"
"CUBA_PALOMA","3","PALOMA_CUBA_2008",2010-09-01,265,"C"
"CUBA_SANDY","3","SANDY_CUBA_2012",2010-09-01,394.2634,"C"
"DEAN_QROO_MX","5","DEAN_QROO_MX_2007",2010-09-01,234,"SG"
"FL_US_CHARLEY","1","CHARLEY_2004",2010-09-01,95,"FP"
"FL_US_FRANCES","1","FRANCES_US_FL_2004",2010-09-01,106,"FP"
"FL_US_IAN","1","IAN_US_FL_2022",2010-09-01,98,"FP"
"FL_US_IRMA","1","IRMA_US_FL_2017",2010-09-01,155,"FP"
"FL_US_JEANNE","1","JEANNE_US_FL_2004",2010-09-01,116,"FP"
"FL_US_MICHAEL","4","MICHAEL_US_FL_2018",2010-09-01,97,"SUS"
"FL_US_WILMA","1","WILMA_US_FL_2005",2010-09-01,201,"FP"
"LA_US_GUSTAV","4","GUSTAV_US_LA_2008",2010-09-01,65,"SUS"
"LA_US_IDA","4","IDA_US_LA_2009",2010-09-01,51,"SUS"
"LA_US_KATRINA","4","KATRINA_US_LA_2005",2010-09-01,14,"SUS"
"LA_US_LAURA","4","LAURA_US_LA_2020",2010-09-01,67,"SUS"
"LA_US_ZETA","4","ZETA_US_LA_2020",2010-09-01,44,"SUS"
"MX_ERNESTO","5","ERNESTO_MX_2012",2010-09-01,237,"SG"
"MX_GRACE","3","GRACE_MX_2021",2010-09-01,383,"C"
"MX_TAMPS_EMILY","6","EMILY_TAMPS_MX_2005",2010-09-01,292,"WG"
"NC_US_ISABEL","4","ISABEL_US_NC_2003",2010-09-01,265,"SUS"
"NIC_ETA","2","ETA_NIC_2020",2010-09-01,295,"CA"
"NIC_FELIX","2","FELIX_NIC_2007",2010-09-01,288,"CA"
"NIC_IOTA","2","IOTA_NIC_2020",2010-09-01,281,"CA"
"PR_USA_MARIA","3","MARIA_US_PR_2017",2010-09-01,318.5,"C"
"QROO_WILMA","3","WILMA_QROO_2005",2010-09-01,246,"C"
"TX_US_HARVEY","6","HARVEY_US_TX_2017",2010-09-01,304,"WG"
"TX_US_IKE","4","IKE_US_TX_2008",2010-09-01,136,"SUS"
"TX_US_RITA","4","RITA_US_TX_2005",2010-09-01,78,"SUS"
"US_FL_DELTA","4","DELTA_US_LA_2020",2010-09-01,62,"SUS"
"US_FL_DENNIS","4","DENNIS_US_FL_2005",2010-09-01,54,"SUS"
"VER_MX_KARL","5","KARL_MX_VER_2010",2010-09-01,382.4812,"SG"
"YUC_DELTA","5","DELTA_YUCATAN_MX_2020",2010-09-01,251,"SG"
"YUC_MX_EMILY","5","EMILY_MX_YUC_2005",2010-09-01,263,"SG"
"YUC_MX_ISIDORE","5","ISIDORE_MX_YUC_2002",2010-09-01,242,"SG"
"AL_US_IVAN","4","IVAN_US_AL_2004",2010-10-01,46,"SUS"
"AL_US_SALLY","4","SALLY_US_AL_2020",2010-10-01,51,"SUS"
"ALEX","6","ALEX_2010",2010-10-01,6,"WG"
"BELICE_RICHARD","3","RICHARD_BELICE_2010",2010-10-01,96,"C"
"BELIZE_IRIS","2","IRIS_BELIZE_2001",2010-10-01,119,"CA"
"BETA","2","BETA_2005",2010-10-01,414,"CA"
"CR_OTTO","2","OTTO_CR_2016",2010-10-01,292,"CA"
"CUBA_DENNIS","3","DENNIS_CUBA_2005",2010-10-01,77,"C"
"CUBA_GUSTAV","3","GUSTAV_CUBA_2008",2010-10-01,104,"C"
"CUBA_IAN","3","IAN_CUBA_2022",2010-10-01,116,"C"
"CUBA_MICHELLE","3","MICHELLE_CUBA_2001",2010-10-01,93,"C"
"CUBA_PALOMA","3","PALOMA_CUBA_2008",2010-10-01,183,"C"
"CUBA_SANDY","3","SANDY_CUBA_2012",2010-10-01,322,"C"
"DEAN_QROO_MX","5","DEAN_QROO_MX_2007",2010-10-01,49,"SG"
"FL_US_CHARLEY","1","CHARLEY_2004",2010-10-01,3,"FP"
"FL_US_FRANCES","1","FRANCES_US_FL_2004",2010-10-01,7,"FP"
"FL_US_IAN","1","IAN_US_FL_2022",2010-10-01,4,"FP"
"FL_US_IRMA","1","IRMA_US_FL_2017",2010-10-01,8,"FP"
"FL_US_JEANNE","1","JEANNE_US_FL_2004",2010-10-01,8,"FP"
"FL_US_MICHAEL","4","MICHAEL_US_FL_2018",2010-10-01,23,"SUS"
"FL_US_WILMA","1","WILMA_US_FL_2005",2010-10-01,14,"FP"
"LA_US_GUSTAV","4","GUSTAV_US_LA_2008",2010-10-01,32,"SUS"
"LA_US_IDA","4","IDA_US_LA_2009",2010-10-01,28,"SUS"
"LA_US_KATRINA","4","KATRINA_US_LA_2005",2010-10-01,25,"SUS"
"LA_US_LAURA","4","LAURA_US_LA_2020",2010-10-01,29,"SUS"
"LA_US_ZETA","4","ZETA_US_LA_2020",2010-10-01,26,"SUS"
"MX_ERNESTO","5","ERNESTO_MX_2012",2010-10-01,49,"SG"
"MX_GRACE","3","GRACE_MX_2021",2010-10-01,34,"C"
"MX_TAMPS_EMILY","6","EMILY_TAMPS_MX_2005",2010-10-01,5,"WG"
"NC_US_ISABEL","4","ISABEL_US_NC_2003",2010-10-01,81,"SUS"
"NIC_ETA","2","ETA_NIC_2020",2010-10-01,486,"CA"
"NIC_FELIX","2","FELIX_NIC_2007",2010-10-01,561,"CA"
"NIC_IOTA","2","IOTA_NIC_2020",2010-10-01,448,"CA"
"PR_USA_MARIA","3","MARIA_US_PR_2017",2010-10-01,290,"C"
"QROO_WILMA","3","WILMA_QROO_2005",2010-10-01,121,"C"
"TX_US_HARVEY","6","HARVEY_US_TX_2017",2010-10-01,1,"WG"
"TX_US_IKE","4","IKE_US_TX_2008",2010-10-01,8,"SUS"
"TX_US_RITA","4","RITA_US_TX_2005",2010-10-01,22,"SUS"
"US_FL_DELTA","4","DELTA_US_LA_2020",2010-10-01,37,"SUS"
"US_FL_DENNIS","4","DENNIS_US_FL_2005",2010-10-01,50,"SUS"
"VER_MX_KARL","5","KARL_MX_VER_2010",2010-10-01,25,"SG"
"YUC_DELTA","5","DELTA_YUCATAN_MX_2020",2010-10-01,119,"SG"
"YUC_MX_EMILY","5","EMILY_MX_YUC_2005",2010-10-01,85,"SG"
"YUC_MX_ISIDORE","5","ISIDORE_MX_YUC_2002",2010-10-01,58,"SG"
"AL_US_IVAN","4","IVAN_US_AL_2004",2010-11-01,107,"SUS"
"AL_US_SALLY","4","SALLY_US_AL_2020",2010-11-01,107,"SUS"
"ALEX","6","ALEX_2010",2010-11-01,1,"WG"
"BELICE_RICHARD","3","RICHARD_BELICE_2010",2010-11-01,193,"C"
"BELIZE_IRIS","2","IRIS_BELIZE_2001",2010-11-01,208,"CA"
"BETA","2","BETA_2005",2010-11-01,325,"CA"
"CR_OTTO","2","OTTO_CR_2016",2010-11-01,697.9614,"CA"
"CUBA_DENNIS","3","DENNIS_CUBA_2005",2010-11-01,38,"C"
"CUBA_GUSTAV","3","GUSTAV_CUBA_2008",2010-11-01,50,"C"
"CUBA_IAN","3","IAN_CUBA_2022",2010-11-01,39,"C"
"CUBA_MICHELLE","3","MICHELLE_CUBA_2001",2010-11-01,34,"C"
"CUBA_PALOMA","3","PALOMA_CUBA_2008",2010-11-01,24,"C"
"CUBA_SANDY","3","SANDY_CUBA_2012",2010-11-01,86,"C"
"DEAN_QROO_MX","5","DEAN_QROO_MX_2007",2010-11-01,71,"SG"
"FL_US_CHARLEY","1","CHARLEY_2004",2010-11-01,43,"FP"
"FL_US_FRANCES","1","FRANCES_US_FL_2004",2010-11-01,37,"FP"
"FL_US_IAN","1","IAN_US_FL_2022",2010-11-01,41,"FP"
"FL_US_IRMA","1","IRMA_US_FL_2017",2010-11-01,38,"FP"
"FL_US_JEANNE","1","JEANNE_US_FL_2004",2010-11-01,38,"FP"
"FL_US_MICHAEL","4","MICHAEL_US_FL_2018",2010-11-01,57,"SUS"
"FL_US_WILMA","1","WILMA_US_FL_2005",2010-11-01,41,"FP"
"LA_US_GUSTAV","4","GUSTAV_US_LA_2008",2010-11-01,109,"SUS"
"LA_US_IDA","4","IDA_US_LA_2009",2010-11-01,98,"SUS"
"LA_US_KATRINA","4","KATRINA_US_LA_2005",2010-11-01,88,"SUS"
"LA_US_LAURA","4","LAURA_US_LA_2020",2010-11-01,136,"SUS"
"LA_US_ZETA","4","ZETA_US_LA_2020",2010-11-01,92,"SUS"
"MX_ERNESTO","5","ERNESTO_MX_2012",2010-11-01,72,"SG"
"MX_GRACE","3","GRACE_MX_2021",2010-11-01,14,"C"
"MX_TAMPS_EMILY","6","EMILY_TAMPS_MX_2005",2010-11-01,2,"WG"
"NC_US_ISABEL","4","ISABEL_US_NC_2003",2010-11-01,27,"SUS"
"NIC_ETA","2","ETA_NIC_2020",2010-11-01,309,"CA"
"NIC_FELIX","2","FELIX_NIC_2007",2010-11-01,299,"CA"
"NIC_IOTA","2","IOTA_NIC_2020",2010-11-01,313,"CA"
"PR_USA_MARIA","3","MARIA_US_PR_2017",2010-11-01,260,"C"
"QROO_WILMA","3","WILMA_QROO_2005",2010-11-01,35,"C"
"TX_US_HARVEY","6","HARVEY_US_TX_2017",2010-11-01,39,"WG"
"TX_US_IKE","4","IKE_US_TX_2008",2010-11-01,96,"SUS"
"TX_US_RITA","4","RITA_US_TX_2005",2010-11-01,137,"SUS"
"US_FL_DELTA","4","DELTA_US_LA_2020",2010-11-01,137,"SUS"
"US_FL_DENNIS","4","DENNIS_US_FL_2005",2010-11-01,106,"SUS"
"VER_MX_KARL","5","KARL_MX_VER_2010",2010-11-01,12,"SG"
"YUC_DELTA","5","DELTA_YUCATAN_MX_2020",2010-11-01,34,"SG"
"YUC_MX_EMILY","5","EMILY_MX_YUC_2005",2010-11-01,40,"SG"
"YUC_MX_ISIDORE","5","ISIDORE_MX_YUC_2002",2010-11-01,13,"SG"
"AL_US_IVAN","4","IVAN_US_AL_2004",2010-12-01,54,"SUS"
"AL_US_SALLY","4","SALLY_US_AL_2020",2010-12-01,52,"SUS"
"ALEX","6","ALEX_2010",2010-12-01,1,"WG"
"BELICE_RICHARD","3","RICHARD_BELICE_2010",2010-12-01,47,"C"
"BELIZE_IRIS","2","IRIS_BELIZE_2001",2010-12-01,65,"CA"
"BETA","2","BETA_2005",2010-12-01,77,"CA"
"CR_OTTO","2","OTTO_CR_2016",2010-12-01,252.3164,"CA"
"CUBA_DENNIS","3","DENNIS_CUBA_2005",2010-12-01,7,"C"
"CUBA_GUSTAV","3","GUSTAV_CUBA_2008",2010-12-01,20,"C"
"CUBA_IAN","3","IAN_CUBA_2022",2010-12-01,18,"C"
"CUBA_MICHELLE","3","MICHELLE_CUBA_2001",2010-12-01,10,"C"
"CUBA_PALOMA","3","PALOMA_CUBA_2008",2010-12-01,8,"C"
"CUBA_SANDY","3","SANDY_CUBA_2012",2010-12-01,32,"C"
"DEAN_QROO_MX","5","DEAN_QROO_MX_2007",2010-12-01,15,"SG"
"FL_US_CHARLEY","1","CHARLEY_2004",2010-12-01,22,"FP"
"FL_US_FRANCES","1","FRANCES_US_FL_2004",2010-12-01,19,"FP"
"FL_US_IAN","1","IAN_US_FL_2022",2010-12-01,21,"FP"
"FL_US_IRMA","1","IRMA_US_FL_2017",2010-12-01,23,"FP"
"FL_US_JEANNE","1","JEANNE_US_FL_2004",2010-12-01,19,"FP"
"FL_US_MICHAEL","4","MICHAEL_US_FL_2018",2010-12-01,49,"SUS"
"FL_US_WILMA","1","WILMA_US_FL_2005",2010-12-01,26,"FP"
"LA_US_GUSTAV","4","GUSTAV_US_LA_2008",2010-12-01,57,"SUS"
"LA_US_IDA","4","IDA_US_LA_2009",2010-12-01,57,"SUS"
"LA_US_KATRINA","4","KATRINA_US_LA_2005",2010-12-01,49,"SUS"
"LA_US_LAURA","4","LAURA_US_LA_2020",2010-12-01,65,"SUS"
"LA_US_ZETA","4","ZETA_US_LA_2020",2010-12-01,52,"SUS"
"MX_ERNESTO","5","ERNESTO_MX_2012",2010-12-01,15,"SG"
"MX_GRACE","3","GRACE_MX_2021",2010-12-01,3,"C"
"MX_TAMPS_EMILY","6","EMILY_TAMPS_MX_2005",2010-12-01,1,"WG"
"NC_US_ISABEL","4","ISABEL_US_NC_2003",2010-12-01,69,"SUS"
"NIC_ETA","2","ETA_NIC_2020",2010-12-01,53,"CA"
"NIC_FELIX","2","FELIX_NIC_2007",2010-12-01,42,"CA"
"NIC_IOTA","2","IOTA_NIC_2020",2010-12-01,58,"CA"
"PR_USA_MARIA","3","MARIA_US_PR_2017",2010-12-01,196,"C"
"QROO_WILMA","3","WILMA_QROO_2005",2010-12-01,14,"C"
"TX_US_HARVEY","6","HARVEY_US_TX_2017",2010-12-01,22,"WG"
"TX_US_IKE","4","IKE_US_TX_2008",2010-12-01,62,"SUS"
"TX_US_RITA","4","RITA_US_TX_2005",2010-12-01,65,"SUS"
"US_FL_DELTA","4","DELTA_US_LA_2020",2010-12-01,60,"SUS"
"US_FL_DENNIS","4","DENNIS_US_FL_2005",2010-12-01,56,"SUS"
"VER_MX_KARL","5","KARL_MX_VER_2010",2010-12-01,2,"SG"
"YUC_DELTA","5","DELTA_YUCATAN_MX_2020",2010-12-01,13,"SG"
"YUC_MX_EMILY","5","EMILY_MX_YUC_2005",2010-12-01,11,"SG"
"YUC_MX_ISIDORE","5","ISIDORE_MX_YUC_2002",2010-12-01,11,"SG"
"AL_US_IVAN","4","IVAN_US_AL_2004",2011-01-01,97,"SUS"
"AL_US_SALLY","4","SALLY_US_AL_2020",2011-01-01,99,"SUS"
"ALEX","6","ALEX_2010",2011-01-01,20,"WG"
"BELICE_RICHARD","3","RICHARD_BELICE_2010",2011-01-01,67,"C"
"BELIZE_IRIS","2","IRIS_BELIZE_2001",2011-01-01,206,"CA"
"BETA","2","BETA_2005",2011-01-01,162,"CA"
"CR_OTTO","2","OTTO_CR_2016",2011-01-01,183,"CA"
"CUBA_DENNIS","3","DENNIS_CUBA_2005",2011-01-01,46,"C"
"CUBA_GUSTAV","3","GUSTAV_CUBA_2008",2011-01-01,54,"C"
"CUBA_IAN","3","IAN_CUBA_2022",2011-01-01,51,"C"
"CUBA_MICHELLE","3","MICHELLE_CUBA_2001",2011-01-01,48,"C"
"CUBA_PALOMA","3","PALOMA_CUBA_2008",2011-01-01,11,"C"
"CUBA_SANDY","3","SANDY_CUBA_2012",2011-01-01,21,"C"
"DEAN_QROO_MX","5","DEAN_QROO_MX_2007",2011-01-01,18,"SG"
"FL_US_CHARLEY","1","CHARLEY_2004",2011-01-01,123,"FP"
"FL_US_FRANCES","1","FRANCES_US_FL_2004",2011-01-01,98,"FP"
"FL_US_IAN","1","IAN_US_FL_2022",2011-01-01,115,"FP"
"FL_US_IRMA","1","IRMA_US_FL_2017",2011-01-01,90,"FP"
"FL_US_JEANNE","1","JEANNE_US_FL_2004",2011-01-01,96,"FP"
"FL_US_MICHAEL","4","MICHAEL_US_FL_2018",2011-01-01,125,"SUS"
"FL_US_WILMA","1","WILMA_US_FL_2005",2011-01-01,76,"FP"
"LA_US_GUSTAV","4","GUSTAV_US_LA_2008",2011-01-01,91,"SUS"
"LA_US_IDA","4","IDA_US_LA_2009",2011-01-01,99,"SUS"
"LA_US_KATRINA","4","KATRINA_US_LA_2005",2011-01-01,102,"SUS"
"LA_US_LAURA","4","LAURA_US_LA_2020",2011-01-01,108,"SUS"
"LA_US_ZETA","4","ZETA_US_LA_2020",2011-01-01,95,"SUS"
"MX_ERNESTO","5","ERNESTO_MX_2012",2011-01-01,18,"SG"
"MX_GRACE","3","GRACE_MX_2021",2011-01-01,27,"C"
"MX_TAMPS_EMILY","6","EMILY_TAMPS_MX_2005",2011-01-01,25,"WG"
"NC_US_ISABEL","4","ISABEL_US_NC_2003",2011-01-01,66,"SUS"
"NIC_ETA","2","ETA_NIC_2020",2011-01-01,183,"CA"
"NIC_FELIX","2","FELIX_NIC_2007",2011-01-01,224,"CA"
"NIC_IOTA","2","IOTA_NIC_2020",2011-01-01,170,"CA"
"PR_USA_MARIA","3","MARIA_US_PR_2017",2011-01-01,88,"C"
"QROO_WILMA","3","WILMA_QROO_2005",2011-01-01,27,"C"
"TX_US_HARVEY","6","HARVEY_US_TX_2017",2011-01-01,83,"WG"
"TX_US_IKE","4","IKE_US_TX_2008",2011-01-01,120,"SUS"
"TX_US_RITA","4","RITA_US_TX_2005",2011-01-01,112,"SUS"
"US_FL_DELTA","4","DELTA_US_LA_2020",2011-01-01,109,"SUS"
"US_FL_DENNIS","4","DENNIS_US_FL_2005",2011-01-01,98,"SUS"
"VER_MX_KARL","5","KARL_MX_VER_2010",2011-01-01,27,"SG"
"YUC_DELTA","5","DELTA_YUCATAN_MX_2020",2011-01-01,26,"SG"
"YUC_MX_EMILY","5","EMILY_MX_YUC_2005",2011-01-01,21,"SG"
"YUC_MX_ISIDORE","5","ISIDORE_MX_YUC_2002",2011-01-01,22,"SG"
"AL_US_IVAN","4","IVAN_US_AL_2004",2011-02-01,85,"SUS"
"AL_US_SALLY","4","SALLY_US_AL_2020",2011-02-01,82,"SUS"
"ALEX","6","ALEX_2010",2011-02-01,1,"WG"
"BELICE_RICHARD","3","RICHARD_BELICE_2010",2011-02-01,77,"C"
"BELIZE_IRIS","2","IRIS_BELIZE_2001",2011-02-01,136,"CA"
"BETA","2","BETA_2005",2011-02-01,142,"CA"
"CR_OTTO","2","OTTO_CR_2016",2011-02-01,292.75,"CA"
"CUBA_DENNIS","3","DENNIS_CUBA_2005",2011-02-01,2,"C"
"CUBA_GUSTAV","3","GUSTAV_CUBA_2008",2011-02-01,6,"C"
"CUBA_IAN","3","IAN_CUBA_2022",2011-02-01,6,"C"
"CUBA_MICHELLE","3","MICHELLE_CUBA_2001",2011-02-01,2,"C"
"CUBA_PALOMA","3","PALOMA_CUBA_2008",2011-02-01,5,"C"
"CUBA_SANDY","3","SANDY_CUBA_2012",2011-02-01,32,"C"
"DEAN_QROO_MX","5","DEAN_QROO_MX_2007",2011-02-01,23,"SG"
"FL_US_CHARLEY","1","CHARLEY_2004",2011-02-01,15,"FP"
"FL_US_FRANCES","1","FRANCES_US_FL_2004",2011-02-01,16,"FP"
"FL_US_IAN","1","IAN_US_FL_2022",2011-02-01,14,"FP"
"FL_US_IRMA","1","IRMA_US_FL_2017",2011-02-01,8,"FP"
"FL_US_JEANNE","1","JEANNE_US_FL_2004",2011-02-01,14,"FP"
"FL_US_MICHAEL","4","MICHAEL_US_FL_2018",2011-02-01,89,"SUS"
"FL_US_WILMA","1","WILMA_US_FL_2005",2011-02-01,5,"FP"
"LA_US_GUSTAV","4","GUSTAV_US_LA_2008",2011-02-01,43,"SUS"
"LA_US_IDA","4","IDA_US_LA_2009",2011-02-01,50,"SUS"
"LA_US_KATRINA","4","KATRINA_US_LA_2005",2011-02-01,69,"SUS"
"LA_US_LAURA","4","LAURA_US_LA_2020",2011-02-01,44,"SUS"
"LA_US_ZETA","4","ZETA_US_LA_2020",2011-02-01,50,"SUS"
"MX_ERNESTO","5","ERNESTO_MX_2012",2011-02-01,22,"SG"
"MX_GRACE","3","GRACE_MX_2021",2011-02-01,11,"C"
"MX_TAMPS_EMILY","6","EMILY_TAMPS_MX_2005",2011-02-01,1,"WG"
"NC_US_ISABEL","4","ISABEL_US_NC_2003",2011-02-01,97,"SUS"
"NIC_ETA","2","ETA_NIC_2020",2011-02-01,108,"CA"
"NIC_FELIX","2","FELIX_NIC_2007",2011-02-01,109,"CA"
"NIC_IOTA","2","IOTA_NIC_2020",2011-02-01,107,"CA"
"PR_USA_MARIA","3","MARIA_US_PR_2017",2011-02-01,67,"C"
"QROO_WILMA","3","WILMA_QROO_2005",2011-02-01,21,"C"
"TX_US_HARVEY","6","HARVEY_US_TX_2017",2011-02-01,12,"WG"
"TX_US_IKE","4","IKE_US_TX_2008",2011-02-01,31,"SUS"
"TX_US_RITA","4","RITA_US_TX_2005",2011-02-01,40,"SUS"
"US_FL_DELTA","4","DELTA_US_LA_2020",2011-02-01,42,"SUS"
"US_FL_DENNIS","4","DENNIS_US_FL_2005",2011-02-01,88,"SUS"
"VER_MX_KARL","5","KARL_MX_VER_2010",2011-02-01,5,"SG"
"YUC_DELTA","5","DELTA_YUCATAN_MX_2020",2011-02-01,21,"SG"
"YUC_MX_EMILY","5","EMILY_MX_YUC_2005",2011-02-01,27,"SG"
"YUC_MX_ISIDORE","5","ISIDORE_MX_YUC_2002",2011-02-01,12,"SG"
"AL_US_IVAN","4","IVAN_US_AL_2004",2011-03-01,178,"SUS"
"AL_US_SALLY","4","SALLY_US_AL_2020",2011-03-01,171,"SUS"
"ALEX","6","ALEX_2010",2011-03-01,2,"WG"
"BELICE_RICHARD","3","RICHARD_BELICE_2010",2011-03-01,91,"C"
"BELIZE_IRIS","2","IRIS_BELIZE_2001",2011-03-01,219,"CA"
"BETA","2","BETA_2005",2011-03-01,74,"CA"
"CR_OTTO","2","OTTO_CR_2016",2011-03-01,88,"CA"
"CUBA_DENNIS","3","DENNIS_CUBA_2005",2011-03-01,9,"C"
"CUBA_GUSTAV","3","GUSTAV_CUBA_2008",2011-03-01,3,"C"
"CUBA_IAN","3","IAN_CUBA_2022",2011-03-01,2,"C"
"CUBA_MICHELLE","3","MICHELLE_CUBA_2001",2011-03-01,13,"C"
"CUBA_PALOMA","3","PALOMA_CUBA_2008",2011-03-01,40,"C"
"CUBA_SANDY","3","SANDY_CUBA_2012",2011-03-01,48,"C"
"DEAN_QROO_MX","5","DEAN_QROO_MX_2007",2011-03-01,36,"SG"
"FL_US_CHARLEY","1","CHARLEY_2004",2011-03-01,168,"FP"
"FL_US_FRANCES","1","FRANCES_US_FL_2004",2011-03-01,114,"FP"
"FL_US_IAN","1","IAN_US_FL_2022",2011-03-01,150,"FP"
"FL_US_IRMA","1","IRMA_US_FL_2017",2011-03-01,98,"FP"
"FL_US_JEANNE","1","JEANNE_US_FL_2004",2011-03-01,110,"FP"
"FL_US_MICHAEL","4","MICHAEL_US_FL_2018",2011-03-01,160,"SUS"
"FL_US_WILMA","1","WILMA_US_FL_2005",2011-03-01,55,"FP"
"LA_US_GUSTAV","4","GUSTAV_US_LA_2008",2011-03-01,177,"SUS"
"LA_US_IDA","4","IDA_US_LA_2009",2011-03-01,212,"SUS"
"LA_US_KATRINA","4","KATRINA_US_LA_2005",2011-03-01,224,"SUS"
"LA_US_LAURA","4","LAURA_US_LA_2020",2011-03-01,108,"SUS"
"LA_US_ZETA","4","ZETA_US_LA_2020",2011-03-01,207,"SUS"
"MX_ERNESTO","5","ERNESTO_MX_2012",2011-03-01,32,"SG"
"MX_GRACE","3","GRACE_MX_2021",2011-03-01,7,"C"
"MX_TAMPS_EMILY","6","EMILY_TAMPS_MX_2005",2011-03-01,2,"WG"
"NC_US_ISABEL","4","ISABEL_US_NC_2003",2011-03-01,99,"SUS"
"NIC_ETA","2","ETA_NIC_2020",2011-03-01,93,"CA"
"NIC_FELIX","2","FELIX_NIC_2007",2011-03-01,107,"CA"
"NIC_IOTA","2","IOTA_NIC_2020",2011-03-01,87,"CA"
"PR_USA_MARIA","3","MARIA_US_PR_2017",2011-03-01,59,"C"
"QROO_WILMA","3","WILMA_QROO_2005",2011-03-01,47,"C"
"TX_US_HARVEY","6","HARVEY_US_TX_2017",2011-03-01,10,"WG"
"TX_US_IKE","4","IKE_US_TX_2008",2011-03-01,68,"SUS"
"TX_US_RITA","4","RITA_US_TX_2005",2011-03-01,92,"SUS"
"US_FL_DELTA","4","DELTA_US_LA_2020",2011-03-01,130,"SUS"
"US_FL_DENNIS","4","DENNIS_US_FL_2005",2011-03-01,185,"SUS"
"VER_MX_KARL","5","KARL_MX_VER_2010",2011-03-01,2,"SG"
"YUC_DELTA","5","DELTA_YUCATAN_MX_2020",2011-03-01,52,"SG"
"YUC_MX_EMILY","5","EMILY_MX_YUC_2005",2011-03-01,71,"SG"
"YUC_MX_ISIDORE","5","ISIDORE_MX_YUC_2002",2011-03-01,40,"SG"
"AL_US_IVAN","4","IVAN_US_AL_2004",2011-04-01,39,"SUS"
"AL_US_SALLY","4","SALLY_US_AL_2020",2011-04-01,30,"SUS"
"ALEX","6","ALEX_2010",2011-04-01,2,"WG"
"BELICE_RICHARD","3","RICHARD_BELICE_2010",2011-04-01,8,"C"
"BELIZE_IRIS","2","IRIS_BELIZE_2001",2011-04-01,45,"CA"
"BETA","2","BETA_2005",2011-04-01,45,"CA"
"CR_OTTO","2","OTTO_CR_2016",2011-04-01,83,"CA"
"CUBA_DENNIS","3","DENNIS_CUBA_2005",2011-04-01,31,"C"
"CUBA_GUSTAV","3","GUSTAV_CUBA_2008",2011-04-01,19,"C"
"CUBA_IAN","3","IAN_CUBA_2022",2011-04-01,16,"C"
"CUBA_MICHELLE","3","MICHELLE_CUBA_2001",2011-04-01,38,"C"
"CUBA_PALOMA","3","PALOMA_CUBA_2008",2011-04-01,51,"C"
"CUBA_SANDY","3","SANDY_CUBA_2012",2011-04-01,24,"C"
"DEAN_QROO_MX","5","DEAN_QROO_MX_2007",2011-04-01,1,"SG"
"FL_US_CHARLEY","1","CHARLEY_2004",2011-04-01,66,"FP"
"FL_US_FRANCES","1","FRANCES_US_FL_2004",2011-04-01,72,"FP"
"FL_US_IAN","1","IAN_US_FL_2022",2011-04-01,65,"FP"
"FL_US_IRMA","1","IRMA_US_FL_2017",2011-04-01,59,"FP"
"FL_US_JEANNE","1","JEANNE_US_FL_2004",2011-04-01,75,"FP"
"FL_US_MICHAEL","4","MICHAEL_US_FL_2018",2011-04-01,50,"SUS"
"FL_US_WILMA","1","WILMA_US_FL_2005",2011-04-01,69,"FP"
"LA_US_GUSTAV","4","GUSTAV_US_LA_2008",2011-04-01,15,"SUS"
"LA_US_IDA","4","IDA_US_LA_2009",2011-04-01,17,"SUS"
"LA_US_KATRINA","4","KATRINA_US_LA_2005",2011-04-01,30,"SUS"
"LA_US_LAURA","4","LAURA_US_LA_2020",2011-04-01,21,"SUS"
"LA_US_ZETA","4","ZETA_US_LA_2020",2011-04-01,14,"SUS"
"MX_ERNESTO","5","ERNESTO_MX_2012",2011-04-01,1,"SG"
"MX_GRACE","3","GRACE_MX_2021",2011-04-01,52,"C"
"MX_TAMPS_EMILY","6","EMILY_TAMPS_MX_2005",2011-04-01,1,"WG"
"NC_US_ISABEL","4","ISABEL_US_NC_2003",2011-04-01,62,"SUS"
"NIC_ETA","2","ETA_NIC_2020",2011-04-01,40,"CA"
"NIC_FELIX","2","FELIX_NIC_2007",2011-04-01,32,"CA"
"NIC_IOTA","2","IOTA_NIC_2020",2011-04-01,43,"CA"
"PR_USA_MARIA","3","MARIA_US_PR_2017",2011-04-01,114,"C"
"QROO_WILMA","3","WILMA_QROO_2005",2011-04-01,2,"C"
"TX_US_HARVEY","6","HARVEY_US_TX_2017",2011-04-01,2,"WG"
"TX_US_IKE","4","IKE_US_TX_2008",2011-04-01,14,"SUS"
"TX_US_RITA","4","RITA_US_TX_2005",2011-04-01,19,"SUS"
"US_FL_DELTA","4","DELTA_US_LA_2020",2011-04-01,21,"SUS"
"US_FL_DENNIS","4","DENNIS_US_FL_2005",2011-04-01,40,"SUS"
"VER_MX_KARL","5","KARL_MX_VER_2010",2011-04-01,9,"SG"
"YUC_DELTA","5","DELTA_YUCATAN_MX_2020",2011-04-01,2,"SG"
"YUC_MX_EMILY","5","EMILY_MX_YUC_2005",2011-04-01,1,"SG"
"YUC_MX_ISIDORE","5","ISIDORE_MX_YUC_2002",2011-04-01,0,"SG"
"AL_US_IVAN","4","IVAN_US_AL_2004",2011-05-01,40,"SUS"
"AL_US_SALLY","4","SALLY_US_AL_2020",2011-05-01,44,"SUS"
"ALEX","6","ALEX_2010",2011-05-01,27,"WG"
"BELICE_RICHARD","3","RICHARD_BELICE_2010",2011-05-01,25,"C"
"BELIZE_IRIS","2","IRIS_BELIZE_2001",2011-05-01,71,"CA"
"BETA","2","BETA_2005",2011-05-01,162,"CA"
"CR_OTTO","2","OTTO_CR_2016",2011-05-01,202,"CA"
"CUBA_DENNIS","3","DENNIS_CUBA_2005",2011-05-01,35,"C"
"CUBA_GUSTAV","3","GUSTAV_CUBA_2008",2011-05-01,73,"C"
"CUBA_IAN","3","IAN_CUBA_2022",2011-05-01,87,"C"
"CUBA_MICHELLE","3","MICHELLE_CUBA_2001",2011-05-01,34,"C"
"CUBA_PALOMA","3","PALOMA_CUBA_2008",2011-05-01,73,"C"
"CUBA_SANDY","3","SANDY_CUBA_2012",2011-05-01,117,"C"
"DEAN_QROO_MX","5","DEAN_QROO_MX_2007",2011-05-01,30,"SG"
"FL_US_CHARLEY","1","CHARLEY_2004",2011-05-01,31,"FP"
"FL_US_FRANCES","1","FRANCES_US_FL_2004",2011-05-01,39,"FP"
"FL_US_IAN","1","IAN_US_FL_2022",2011-05-01,31,"FP"
"FL_US_IRMA","1","IRMA_US_FL_2017",2011-05-01,29,"FP"
"FL_US_JEANNE","1","JEANNE_US_FL_2004",2011-05-01,40,"FP"
"FL_US_MICHAEL","4","MICHAEL_US_FL_2018",2011-05-01,44,"SUS"
"FL_US_WILMA","1","WILMA_US_FL_2005",2011-05-01,35,"FP"
"LA_US_GUSTAV","4","GUSTAV_US_LA_2008",2011-05-01,24,"SUS"
"LA_US_IDA","4","IDA_US_LA_2009",2011-05-01,25,"SUS"
"LA_US_KATRINA","4","KATRINA_US_LA_2005",2011-05-01,26,"SUS"
"LA_US_LAURA","4","LAURA_US_LA_2020",2011-05-01,30,"SUS"
"LA_US_ZETA","4","ZETA_US_LA_2020",2011-05-01,24,"SUS"
"MX_ERNESTO","5","ERNESTO_MX_2012",2011-05-01,30,"SG"
"MX_GRACE","3","GRACE_MX_2021",2011-05-01,47,"C"
"MX_TAMPS_EMILY","6","EMILY_TAMPS_MX_2005",2011-05-01,15,"WG"
"NC_US_ISABEL","4","ISABEL_US_NC_2003",2011-05-01,57,"SUS"
"NIC_ETA","2","ETA_NIC_2020",2011-05-01,165,"CA"
"NIC_FELIX","2","FELIX_NIC_2007",2011-05-01,157,"CA"
"NIC_IOTA","2","IOTA_NIC_2020",2011-05-01,163,"CA"
"PR_USA_MARIA","3","MARIA_US_PR_2017",2011-05-01,398,"C"
"QROO_WILMA","3","WILMA_QROO_2005",2011-05-01,51,"C"
"TX_US_HARVEY","6","HARVEY_US_TX_2017",2011-05-01,12,"WG"
"TX_US_IKE","4","IKE_US_TX_2008",2011-05-01,23,"SUS"
"TX_US_RITA","4","RITA_US_TX_2005",2011-05-01,27,"SUS"
"US_FL_DELTA","4","DELTA_US_LA_2020",2011-05-01,29,"SUS"
"US_FL_DENNIS","4","DENNIS_US_FL_2005",2011-05-01,45,"SUS"
"VER_MX_KARL","5","KARL_MX_VER_2010",2011-05-01,28,"SG"
"YUC_DELTA","5","DELTA_YUCATAN_MX_2020",2011-05-01,47,"SG"
"YUC_MX_EMILY","5","EMILY_MX_YUC_2005",2011-05-01,33,"SG"
"YUC_MX_ISIDORE","5","ISIDORE_MX_YUC_2002",2011-05-01,6,"SG"
"AL_US_IVAN","4","IVAN_US_AL_2004",2011-06-01,57,"SUS"
"AL_US_SALLY","4","SALLY_US_AL_2020",2011-06-01,56,"SUS"
"ALEX","6","ALEX_2010",2011-06-01,216,"WG"
"BELICE_RICHARD","3","RICHARD_BELICE_2010",2011-06-01,336,"C"
"BELIZE_IRIS","2","IRIS_BELIZE_2001",2011-06-01,567,"CA"
"BETA","2","BETA_2005",2011-06-01,374,"CA"
"CR_OTTO","2","OTTO_CR_2016",2011-06-01,320,"CA"
"CUBA_DENNIS","3","DENNIS_CUBA_2005",2011-06-01,118,"C"
"CUBA_GUSTAV","3","GUSTAV_CUBA_2008",2011-06-01,170,"C"
"CUBA_IAN","3","IAN_CUBA_2022",2011-06-01,176,"C"
"CUBA_MICHELLE","3","MICHELLE_CUBA_2001",2011-06-01,155,"C"
"CUBA_PALOMA","3","PALOMA_CUBA_2008",2011-06-01,284,"C"
"CUBA_SANDY","3","SANDY_CUBA_2012",2011-06-01,428.6364,"C"
"DEAN_QROO_MX","5","DEAN_QROO_MX_2007",2011-06-01,190,"SG"
"FL_US_CHARLEY","1","CHARLEY_2004",2011-06-01,201,"FP"
"FL_US_FRANCES","1","FRANCES_US_FL_2004",2011-06-01,188,"FP"
"FL_US_IAN","1","IAN_US_FL_2022",2011-06-01,206,"FP"
"FL_US_IRMA","1","IRMA_US_FL_2017",2011-06-01,220,"FP"
"FL_US_JEANNE","1","JEANNE_US_FL_2004",2011-06-01,188,"FP"
"FL_US_MICHAEL","4","MICHAEL_US_FL_2018",2011-06-01,90,"SUS"
"FL_US_WILMA","1","WILMA_US_FL_2005",2011-06-01,237,"FP"
"LA_US_GUSTAV","4","GUSTAV_US_LA_2008",2011-06-01,84,"SUS"
"LA_US_IDA","4","IDA_US_LA_2009",2011-06-01,84,"SUS"
"LA_US_KATRINA","4","KATRINA_US_LA_2005",2011-06-01,68,"SUS"
"LA_US_LAURA","4","LAURA_US_LA_2020",2011-06-01,45,"SUS"
"LA_US_ZETA","4","ZETA_US_LA_2020",2011-06-01,82,"SUS"
"MX_ERNESTO","5","ERNESTO_MX_2012",2011-06-01,195,"SG"
"MX_GRACE","3","GRACE_MX_2021",2011-06-01,268.3488,"C"
"MX_TAMPS_EMILY","6","EMILY_TAMPS_MX_2005",2011-06-01,220,"WG"
"NC_US_ISABEL","4","ISABEL_US_NC_2003",2011-06-01,58,"SUS"
"NIC_ETA","2","ETA_NIC_2020",2011-06-01,414,"CA"
"NIC_FELIX","2","FELIX_NIC_2007",2011-06-01,443,"CA"
"NIC_IOTA","2","IOTA_NIC_2020",2011-06-01,392,"CA"
"PR_USA_MARIA","3","MARIA_US_PR_2017",2011-06-01,566.4444,"C"
"QROO_WILMA","3","WILMA_QROO_2005",2011-06-01,191,"C"
"TX_US_HARVEY","6","HARVEY_US_TX_2017",2011-06-01,98,"WG"
"TX_US_IKE","4","IKE_US_TX_2008",2011-06-01,37,"SUS"
"TX_US_RITA","4","RITA_US_TX_2005",2011-06-01,42,"SUS"
"US_FL_DELTA","4","DELTA_US_LA_2020",2011-06-01,51,"SUS"
"US_FL_DENNIS","4","DENNIS_US_FL_2005",2011-06-01,61,"SUS"
"VER_MX_KARL","5","KARL_MX_VER_2010",2011-06-01,210.7528,"SG"
"YUC_DELTA","5","DELTA_YUCATAN_MX_2020",2011-06-01,193,"SG"
"YUC_MX_EMILY","5","EMILY_MX_YUC_2005",2011-06-01,197,"SG"
"YUC_MX_ISIDORE","5","ISIDORE_MX_YUC_2002",2011-06-01,192,"SG"
"AL_US_IVAN","4","IVAN_US_AL_2004",2011-07-01,257,"SUS"
"AL_US_SALLY","4","SALLY_US_AL_2020",2011-07-01,263,"SUS"
"ALEX","6","ALEX_2010",2011-07-01,85,"WG"
"BELICE_RICHARD","3","RICHARD_BELICE_2010",2011-07-01,357,"C"
"BELIZE_IRIS","2","IRIS_BELIZE_2001",2011-07-01,876.6667,"CA"
"BETA","2","BETA_2005",2011-07-01,460,"CA"
"CR_OTTO","2","OTTO_CR_2016",2011-07-01,478.6667,"CA"
"CUBA_DENNIS","3","DENNIS_CUBA_2005",2011-07-01,164,"C"
"CUBA_GUSTAV","3","GUSTAV_CUBA_2008",2011-07-01,142,"C"
"CUBA_IAN","3","IAN_CUBA_2022",2011-07-01,157,"C"
"CUBA_MICHELLE","3","MICHELLE_CUBA_2001",2011-07-01,200,"C"
"CUBA_PALOMA","3","PALOMA_CUBA_2008",2011-07-01,382,"C"
"CUBA_SANDY","3","SANDY_CUBA_2012",2011-07-01,321,"C"
"DEAN_QROO_MX","5","DEAN_QROO_MX_2007",2011-07-01,126,"SG"
"FL_US_CHARLEY","1","CHARLEY_2004",2011-07-01,202,"FP"
"FL_US_FRANCES","1","FRANCES_US_FL_2004",2011-07-01,170,"FP"
"FL_US_IAN","1","IAN_US_FL_2022",2011-07-01,192,"FP"
"FL_US_IRMA","1","IRMA_US_FL_2017",2011-07-01,189,"FP"
"FL_US_JEANNE","1","JEANNE_US_FL_2004",2011-07-01,169,"FP"
"FL_US_MICHAEL","4","MICHAEL_US_FL_2018",2011-07-01,226,"SUS"
"FL_US_WILMA","1","WILMA_US_FL_2005",2011-07-01,176,"FP"
"LA_US_GUSTAV","4","GUSTAV_US_LA_2008",2011-07-01,344,"SUS"
"LA_US_IDA","4","IDA_US_LA_2009",2011-07-01,334,"SUS"
"LA_US_KATRINA","4","KATRINA_US_LA_2005",2011-07-01,275,"SUS"
"LA_US_LAURA","4","LAURA_US_LA_2020",2011-07-01,102,"SUS"
"LA_US_ZETA","4","ZETA_US_LA_2020",2011-07-01,336,"SUS"
"MX_ERNESTO","5","ERNESTO_MX_2012",2011-07-01,128,"SG"
"MX_GRACE","3","GRACE_MX_2021",2011-07-01,256.5,"C"
"MX_TAMPS_EMILY","6","EMILY_TAMPS_MX_2005",2011-07-01,69,"WG"
"NC_US_ISABEL","4","ISABEL_US_NC_2003",2011-07-01,158,"SUS"
"NIC_ETA","2","ETA_NIC_2020",2011-07-01,463,"CA"
"NIC_FELIX","2","FELIX_NIC_2007",2011-07-01,472,"CA"
"NIC_IOTA","2","IOTA_NIC_2020",2011-07-01,457,"CA"
"PR_USA_MARIA","3","MARIA_US_PR_2017",2011-07-01,384.5,"C"
"QROO_WILMA","3","WILMA_QROO_2005",2011-07-01,144,"C"
"TX_US_HARVEY","6","HARVEY_US_TX_2017",2011-07-01,35,"WG"
"TX_US_IKE","4","IKE_US_TX_2008",2011-07-01,36,"SUS"
"TX_US_RITA","4","RITA_US_TX_2005",2011-07-01,66,"SUS"
"US_FL_DELTA","4","DELTA_US_LA_2020",2011-07-01,146,"SUS"
"US_FL_DENNIS","4","DENNIS_US_FL_2005",2011-07-01,253,"SUS"
"VER_MX_KARL","5","KARL_MX_VER_2010",2011-07-01,322.7079,"SG"
"YUC_DELTA","5","DELTA_YUCATAN_MX_2020",2011-07-01,156,"SG"
"YUC_MX_EMILY","5","EMILY_MX_YUC_2005",2011-07-01,139,"SG"
"YUC_MX_ISIDORE","5","ISIDORE_MX_YUC_2002",2011-07-01,174,"SG"
"AL_US_IVAN","4","IVAN_US_AL_2004",2011-08-01,88,"SUS"
"AL_US_SALLY","4","SALLY_US_AL_2020",2011-08-01,91,"SUS"
"ALEX","6","ALEX_2010",2011-08-01,45,"WG"
"BELICE_RICHARD","3","RICHARD_BELICE_2010",2011-08-01,169,"C"
"BELIZE_IRIS","2","IRIS_BELIZE_2001",2011-08-01,528.25,"CA"
"BETA","2","BETA_2005",2011-08-01,198,"CA"
"CR_OTTO","2","OTTO_CR_2016",2011-08-01,228,"CA"
"CUBA_DENNIS","3","DENNIS_CUBA_2005",2011-08-01,307,"C"
"CUBA_GUSTAV","3","GUSTAV_CUBA_2008",2011-08-01,261,"C"
"CUBA_IAN","3","IAN_CUBA_2022",2011-08-01,270,"C"
"CUBA_MICHELLE","3","MICHELLE_CUBA_2001",2011-08-01,304,"C"
"CUBA_PALOMA","3","PALOMA_CUBA_2008",2011-08-01,202,"C"
"CUBA_SANDY","3","SANDY_CUBA_2012",2011-08-01,140,"C"
"DEAN_QROO_MX","5","DEAN_QROO_MX_2007",2011-08-01,76,"SG"
"FL_US_CHARLEY","1","CHARLEY_2004",2011-08-01,297,"FP"
"FL_US_FRANCES","1","FRANCES_US_FL_2004",2011-08-01,244,"FP"
"FL_US_IAN","1","IAN_US_FL_2022",2011-08-01,290,"FP"
"FL_US_IRMA","1","IRMA_US_FL_2017",2011-08-01,354,"FP"
"FL_US_JEANNE","1","JEANNE_US_FL_2004",2011-08-01,245,"FP"
"FL_US_MICHAEL","4","MICHAEL_US_FL_2018",2011-08-01,86,"SUS"
"FL_US_WILMA","1","WILMA_US_FL_2005",2011-08-01,330,"FP"
"LA_US_GUSTAV","4","GUSTAV_US_LA_2008",2011-08-01,56,"SUS"
"LA_US_IDA","4","IDA_US_LA_2009",2011-08-01,54,"SUS"
"LA_US_KATRINA","4","KATRINA_US_LA_2005",2011-08-01,68,"SUS"
"LA_US_LAURA","4","LAURA_US_LA_2020",2011-08-01,16,"SUS"
"LA_US_ZETA","4","ZETA_US_LA_2020",2011-08-01,59,"SUS"
"MX_ERNESTO","5","ERNESTO_MX_2012",2011-08-01,76,"SG"
"MX_GRACE","3","GRACE_MX_2021",2011-08-01,219,"C"
"MX_TAMPS_EMILY","6","EMILY_TAMPS_MX_2005",2011-08-01,43,"WG"
"NC_US_ISABEL","4","ISABEL_US_NC_2003",2011-08-01,235,"SUS"
"NIC_ETA","2","ETA_NIC_2020",2011-08-01,177,"CA"
"NIC_FELIX","2","FELIX_NIC_2007",2011-08-01,167,"CA"
"NIC_IOTA","2","IOTA_NIC_2020",2011-08-01,180,"CA"
"PR_USA_MARIA","3","MARIA_US_PR_2017",2011-08-01,596.2857,"C"
"QROO_WILMA","3","WILMA_QROO_2005",2011-08-01,122,"C"
"TX_US_HARVEY","6","HARVEY_US_TX_2017",2011-08-01,10,"WG"
"TX_US_IKE","4","IKE_US_TX_2008",2011-08-01,6,"SUS"
"TX_US_RITA","4","RITA_US_TX_2005",2011-08-01,10,"SUS"
"US_FL_DELTA","4","DELTA_US_LA_2020",2011-08-01,25,"SUS"
"US_FL_DENNIS","4","DENNIS_US_FL_2005",2011-08-01,77,"SUS"
"VER_MX_KARL","5","KARL_MX_VER_2010",2011-08-01,276.2511,"SG"
"YUC_DELTA","5","DELTA_YUCATAN_MX_2020",2011-08-01,120,"SG"
"YUC_MX_EMILY","5","EMILY_MX_YUC_2005",2011-08-01,102,"SG"
"YUC_MX_ISIDORE","5","ISIDORE_MX_YUC_2002",2011-08-01,72,"SG"
"AL_US_IVAN","4","IVAN_US_AL_2004",2011-09-01,268,"SUS"
"AL_US_SALLY","4","SALLY_US_AL_2020",2011-09-01,275,"SUS"
"ALEX","6","ALEX_2010",2011-09-01,53,"WG"
"BELICE_RICHARD","3","RICHARD_BELICE_2010",2011-09-01,251,"C"
"BELIZE_IRIS","2","IRIS_BELIZE_2001",2011-09-01,416,"CA"
"BETA","2","BETA_2005",2011-09-01,147,"CA"
"CR_OTTO","2","OTTO_CR_2016",2011-09-01,177,"CA"
"CUBA_DENNIS","3","DENNIS_CUBA_2005",2011-09-01,206,"C"
"CUBA_GUSTAV","3","GUSTAV_CUBA_2008",2011-09-01,203,"C"
"CUBA_IAN","3","IAN_CUBA_2022",2011-09-01,210,"C"
"CUBA_MICHELLE","3","MICHELLE_CUBA_2001",2011-09-01,226,"C"
"CUBA_PALOMA","3","PALOMA_CUBA_2008",2011-09-01,174,"C"
"CUBA_SANDY","3","SANDY_CUBA_2012",2011-09-01,82,"C"
"DEAN_QROO_MX","5","DEAN_QROO_MX_2007",2011-09-01,179,"SG"
"FL_US_CHARLEY","1","CHARLEY_2004",2011-09-01,159,"FP"
"FL_US_FRANCES","1","FRANCES_US_FL_2004",2011-09-01,152,"FP"
"FL_US_IAN","1","IAN_US_FL_2022",2011-09-01,155,"FP"
"FL_US_IRMA","1","IRMA_US_FL_2017",2011-09-01,169,"FP"
"FL_US_JEANNE","1","JEANNE_US_FL_2004",2011-09-01,152,"FP"
"FL_US_MICHAEL","4","MICHAEL_US_FL_2018",2011-09-01,223,"SUS"
"FL_US_WILMA","1","WILMA_US_FL_2005",2011-09-01,160,"FP"
"LA_US_GUSTAV","4","GUSTAV_US_LA_2008",2011-09-01,325,"SUS"
"LA_US_IDA","4","IDA_US_LA_2009",2011-09-01,333,"SUS"
"LA_US_KATRINA","4","KATRINA_US_LA_2005",2011-09-01,285,"SUS"
"LA_US_LAURA","4","LAURA_US_LA_2020",2011-09-01,96,"SUS"
"LA_US_ZETA","4","ZETA_US_LA_2020",2011-09-01,347,"SUS"
"MX_ERNESTO","5","ERNESTO_MX_2012",2011-09-01,181,"SG"
"MX_GRACE","3","GRACE_MX_2021",2011-09-01,234.2633,"C"
"MX_TAMPS_EMILY","6","EMILY_TAMPS_MX_2005",2011-09-01,43,"WG"
"NC_US_ISABEL","4","ISABEL_US_NC_2003",2011-09-01,209,"SUS"
"NIC_ETA","2","ETA_NIC_2020",2011-09-01,164,"CA"
"NIC_FELIX","2","FELIX_NIC_2007",2011-09-01,168,"CA"
"NIC_IOTA","2","IOTA_NIC_2020",2011-09-01,152,"CA"
"PR_USA_MARIA","3","MARIA_US_PR_2017",2011-09-01,241,"C"
"QROO_WILMA","3","WILMA_QROO_2005",2011-09-01,255,"C"
"TX_US_HARVEY","6","HARVEY_US_TX_2017",2011-09-01,85,"WG"
"TX_US_IKE","4","IKE_US_TX_2008",2011-09-01,47,"SUS"
"TX_US_RITA","4","RITA_US_TX_2005",2011-09-01,68,"SUS"
"US_FL_DELTA","4","DELTA_US_LA_2020",2011-09-01,148,"SUS"
"US_FL_DENNIS","4","DENNIS_US_FL_2005",2011-09-01,253,"SUS"
"VER_MX_KARL","5","KARL_MX_VER_2010",2011-09-01,156,"SG"
"YUC_DELTA","5","DELTA_YUCATAN_MX_2020",2011-09-01,261,"SG"
"YUC_MX_EMILY","5","EMILY_MX_YUC_2005",2011-09-01,259,"SG"
"YUC_MX_ISIDORE","5","ISIDORE_MX_YUC_2002",2011-09-01,281,"SG"
"AL_US_IVAN","4","IVAN_US_AL_2004",2011-10-01,6,"SUS"
"AL_US_SALLY","4","SALLY_US_AL_2020",2011-10-01,7,"SUS"
"ALEX","6","ALEX_2010",2011-10-01,52,"WG"
"BELICE_RICHARD","3","RICHARD_BELICE_2010",2011-10-01,335,"C"
"BELIZE_IRIS","2","IRIS_BELIZE_2001",2011-10-01,467,"CA"
"BETA","2","BETA_2005",2011-10-01,417,"CA"
"CR_OTTO","2","OTTO_CR_2016",2011-10-01,368,"CA"
"CUBA_DENNIS","3","DENNIS_CUBA_2005",2011-10-01,244,"C"
"CUBA_GUSTAV","3","GUSTAV_CUBA_2008",2011-10-01,258,"C"
"CUBA_IAN","3","IAN_CUBA_2022",2011-10-01,274,"C"
"CUBA_MICHELLE","3","MICHELLE_CUBA_2001",2011-10-01,292,"C"
"CUBA_PALOMA","3","PALOMA_CUBA_2008",2011-10-01,312,"C"
"CUBA_SANDY","3","SANDY_CUBA_2012",2011-10-01,298,"C"
"DEAN_QROO_MX","5","DEAN_QROO_MX_2007",2011-10-01,256,"SG"
"FL_US_CHARLEY","1","CHARLEY_2004",2011-10-01,115,"FP"
"FL_US_FRANCES","1","FRANCES_US_FL_2004",2011-10-01,192,"FP"
"FL_US_IAN","1","IAN_US_FL_2022",2011-10-01,124,"FP"
"FL_US_IRMA","1","IRMA_US_FL_2017",2011-10-01,163,"FP"
"FL_US_JEANNE","1","JEANNE_US_FL_2004",2011-10-01,207,"FP"
"FL_US_MICHAEL","4","MICHAEL_US_FL_2018",2011-10-01,33,"SUS"
"FL_US_WILMA","1","WILMA_US_FL_2005",2011-10-01,211,"FP"
"LA_US_GUSTAV","4","GUSTAV_US_LA_2008",2011-10-01,22,"SUS"
"LA_US_IDA","4","IDA_US_LA_2009",2011-10-01,13,"SUS"
"LA_US_KATRINA","4","KATRINA_US_LA_2005",2011-10-01,6,"SUS"
"LA_US_LAURA","4","LAURA_US_LA_2020",2011-10-01,93,"SUS"
"LA_US_ZETA","4","ZETA_US_LA_2020",2011-10-01,9,"SUS"
"MX_ERNESTO","5","ERNESTO_MX_2012",2011-10-01,256,"SG"
"MX_GRACE","3","GRACE_MX_2021",2011-10-01,104,"C"
"MX_TAMPS_EMILY","6","EMILY_TAMPS_MX_2005",2011-10-01,48,"WG"
"NC_US_ISABEL","4","ISABEL_US_NC_2003",2011-10-01,87,"SUS"
"NIC_ETA","2","ETA_NIC_2020",2011-10-01,422,"CA"
"NIC_FELIX","2","FELIX_NIC_2007",2011-10-01,450,"CA"
"NIC_IOTA","2","IOTA_NIC_2020",2011-10-01,412,"CA"
"PR_USA_MARIA","3","MARIA_US_PR_2017",2011-10-01,203,"C"
"QROO_WILMA","3","WILMA_QROO_2005",2011-10-01,298,"C"
"TX_US_HARVEY","6","HARVEY_US_TX_2017",2011-10-01,92,"WG"
"TX_US_IKE","4","IKE_US_TX_2008",2011-10-01,126,"SUS"
"TX_US_RITA","4","RITA_US_TX_2005",2011-10-01,113,"SUS"
"US_FL_DELTA","4","DELTA_US_LA_2020",2011-10-01,79,"SUS"
"US_FL_DENNIS","4","DENNIS_US_FL_2005",2011-10-01,8,"SUS"
"VER_MX_KARL","5","KARL_MX_VER_2010",2011-10-01,40,"SG"
"YUC_DELTA","5","DELTA_YUCATAN_MX_2020",2011-10-01,298,"SG"
"YUC_MX_EMILY","5","EMILY_MX_YUC_2005",2011-10-01,267,"SG"
"YUC_MX_ISIDORE","5","ISIDORE_MX_YUC_2002",2011-10-01,149,"SG"
"AL_US_IVAN","4","IVAN_US_AL_2004",2011-11-01,66,"SUS"
"AL_US_SALLY","4","SALLY_US_AL_2020",2011-11-01,64,"SUS"
"ALEX","6","ALEX_2010",2011-11-01,20,"WG"
"BELICE_RICHARD","3","RICHARD_BELICE_2010",2011-11-01,56,"C"
"BELIZE_IRIS","2","IRIS_BELIZE_2001",2011-11-01,60,"CA"
"BETA","2","BETA_2005",2011-11-01,218,"CA"
"CR_OTTO","2","OTTO_CR_2016",2011-11-01,354,"CA"
"CUBA_DENNIS","3","DENNIS_CUBA_2005",2011-11-01,20,"C"
"CUBA_GUSTAV","3","GUSTAV_CUBA_2008",2011-11-01,29,"C"
"CUBA_IAN","3","IAN_CUBA_2022",2011-11-01,25,"C"
"CUBA_MICHELLE","3","MICHELLE_CUBA_2001",2011-11-01,21,"C"
"CUBA_PALOMA","3","PALOMA_CUBA_2008",2011-11-01,45,"C"
"CUBA_SANDY","3","SANDY_CUBA_2012",2011-11-01,55,"C"
"DEAN_QROO_MX","5","DEAN_QROO_MX_2007",2011-11-01,53,"SG"
"FL_US_CHARLEY","1","CHARLEY_2004",2011-11-01,31,"FP"
"FL_US_FRANCES","1","FRANCES_US_FL_2004",2011-11-01,33,"FP"
"FL_US_IAN","1","IAN_US_FL_2022",2011-11-01,30,"FP"
"FL_US_IRMA","1","IRMA_US_FL_2017",2011-11-01,24,"FP"
"FL_US_JEANNE","1","JEANNE_US_FL_2004",2011-11-01,33,"FP"
"FL_US_MICHAEL","4","MICHAEL_US_FL_2018",2011-11-01,58,"SUS"
"FL_US_WILMA","1","WILMA_US_FL_2005",2011-11-01,25,"FP"
"LA_US_GUSTAV","4","GUSTAV_US_LA_2008",2011-11-01,68,"SUS"
"LA_US_IDA","4","IDA_US_LA_2009",2011-11-01,73,"SUS"
"LA_US_KATRINA","4","KATRINA_US_LA_2005",2011-11-01,74,"SUS"
"LA_US_LAURA","4","LAURA_US_LA_2020",2011-11-01,81,"SUS"
"LA_US_ZETA","4","ZETA_US_LA_2020",2011-11-01,71,"SUS"
"MX_ERNESTO","5","ERNESTO_MX_2012",2011-11-01,51,"SG"
"MX_GRACE","3","GRACE_MX_2021",2011-11-01,134,"C"
"MX_TAMPS_EMILY","6","EMILY_TAMPS_MX_2005",2011-11-01,12,"WG"
"NC_US_ISABEL","4","ISABEL_US_NC_2003",2011-11-01,82,"SUS"
"NIC_ETA","2","ETA_NIC_2020",2011-11-01,248,"CA"
"NIC_FELIX","2","FELIX_NIC_2007",2011-11-01,307,"CA"
"NIC_IOTA","2","IOTA_NIC_2020",2011-11-01,231,"CA"
"PR_USA_MARIA","3","MARIA_US_PR_2017",2011-11-01,153,"C"
"QROO_WILMA","3","WILMA_QROO_2005",2011-11-01,68,"C"
"TX_US_HARVEY","6","HARVEY_US_TX_2017",2011-11-01,37,"WG"
"TX_US_IKE","4","IKE_US_TX_2008",2011-11-01,77,"SUS"
"TX_US_RITA","4","RITA_US_TX_2005",2011-11-01,84,"SUS"
"US_FL_DELTA","4","DELTA_US_LA_2020",2011-11-01,80,"SUS"
"US_FL_DENNIS","4","DENNIS_US_FL_2005",2011-11-01,66,"SUS"
"VER_MX_KARL","5","KARL_MX_VER_2010",2011-11-01,83,"SG"
"YUC_DELTA","5","DELTA_YUCATAN_MX_2020",2011-11-01,69,"SG"
"YUC_MX_EMILY","5","EMILY_MX_YUC_2005",2011-11-01,67,"SG"
"YUC_MX_ISIDORE","5","ISIDORE_MX_YUC_2002",2011-11-01,58,"SG"
"AL_US_IVAN","4","IVAN_US_AL_2004",2011-12-01,152,"SUS"
"AL_US_SALLY","4","SALLY_US_AL_2020",2011-12-01,154,"SUS"
"ALEX","6","ALEX_2010",2011-12-01,36,"WG"
"BELICE_RICHARD","3","RICHARD_BELICE_2010",2011-12-01,88,"C"
"BELIZE_IRIS","2","IRIS_BELIZE_2001",2011-12-01,113,"CA"
"BETA","2","BETA_2005",2011-12-01,187,"CA"
"CR_OTTO","2","OTTO_CR_2016",2011-12-01,418.3333,"CA"
"CUBA_DENNIS","3","DENNIS_CUBA_2005",2011-12-01,14,"C"
"CUBA_GUSTAV","3","GUSTAV_CUBA_2008",2011-12-01,27,"C"
"CUBA_IAN","3","IAN_CUBA_2022",2011-12-01,23,"C"
"CUBA_MICHELLE","3","MICHELLE_CUBA_2001",2011-12-01,22,"C"
"CUBA_PALOMA","3","PALOMA_CUBA_2008",2011-12-01,69,"C"
"CUBA_SANDY","3","SANDY_CUBA_2012",2011-12-01,47,"C"
"DEAN_QROO_MX","5","DEAN_QROO_MX_2007",2011-12-01,38,"SG"
"FL_US_CHARLEY","1","CHARLEY_2004",2011-12-01,12,"FP"
"FL_US_FRANCES","1","FRANCES_US_FL_2004",2011-12-01,17,"FP"
"FL_US_IAN","1","IAN_US_FL_2022",2011-12-01,13,"FP"
"FL_US_IRMA","1","IRMA_US_FL_2017",2011-12-01,14,"FP"
"FL_US_JEANNE","1","JEANNE_US_FL_2004",2011-12-01,18,"FP"
"FL_US_MICHAEL","4","MICHAEL_US_FL_2018",2011-12-01,135,"SUS"
"FL_US_WILMA","1","WILMA_US_FL_2005",2011-12-01,16,"FP"
"LA_US_GUSTAV","4","GUSTAV_US_LA_2008",2011-12-01,72,"SUS"
"LA_US_IDA","4","IDA_US_LA_2009",2011-12-01,68,"SUS"
"LA_US_KATRINA","4","KATRINA_US_LA_2005",2011-12-01,93,"SUS"
"LA_US_LAURA","4","LAURA_US_LA_2020",2011-12-01,183,"SUS"
"LA_US_ZETA","4","ZETA_US_LA_2020",2011-12-01,61,"SUS"
"MX_ERNESTO","5","ERNESTO_MX_2012",2011-12-01,38,"SG"
"MX_GRACE","3","GRACE_MX_2021",2011-12-01,42,"C"
"MX_TAMPS_EMILY","6","EMILY_TAMPS_MX_2005",2011-12-01,34,"WG"
"NC_US_ISABEL","4","ISABEL_US_NC_2003",2011-12-01,58,"SUS"
"NIC_ETA","2","ETA_NIC_2020",2011-12-01,185,"CA"
"NIC_FELIX","2","FELIX_NIC_2007",2011-12-01,248,"CA"
"NIC_IOTA","2","IOTA_NIC_2020",2011-12-01,176,"CA"
"PR_USA_MARIA","3","MARIA_US_PR_2017",2011-12-01,223,"C"
"QROO_WILMA","3","WILMA_QROO_2005",2011-12-01,34,"C"
"TX_US_HARVEY","6","HARVEY_US_TX_2017",2011-12-01,84,"WG"
"TX_US_IKE","4","IKE_US_TX_2008",2011-12-01,148,"SUS"
"TX_US_RITA","4","RITA_US_TX_2005",2011-12-01,183,"SUS"
"US_FL_DELTA","4","DELTA_US_LA_2020",2011-12-01,153,"SUS"
"US_FL_DENNIS","4","DENNIS_US_FL_2005",2011-12-01,162,"SUS"
"VER_MX_KARL","5","KARL_MX_VER_2010",2011-12-01,28,"SG"
"YUC_DELTA","5","DELTA_YUCATAN_MX_2020",2011-12-01,32,"SG"
"YUC_MX_EMILY","5","EMILY_MX_YUC_2005",2011-12-01,28,"SG"
"YUC_MX_ISIDORE","5","ISIDORE_MX_YUC_2002",2011-12-01,24,"SG"
"AL_US_IVAN","4","IVAN_US_AL_2004",2012-01-01,79,"SUS"
"AL_US_SALLY","4","SALLY_US_AL_2020",2012-01-01,73,"SUS"
"ALEX","6","ALEX_2010",2012-01-01,26,"WG"
"BELICE_RICHARD","3","RICHARD_BELICE_2010",2012-01-01,109,"C"
"BELIZE_IRIS","2","IRIS_BELIZE_2001",2012-01-01,168,"CA"
"BETA","2","BETA_2005",2012-01-01,56,"CA"
"CR_OTTO","2","OTTO_CR_2016",2012-01-01,56,"CA"
"CUBA_DENNIS","3","DENNIS_CUBA_2005",2012-01-01,17,"C"
"CUBA_GUSTAV","3","GUSTAV_CUBA_2008",2012-01-01,31,"C"
"CUBA_IAN","3","IAN_CUBA_2022",2012-01-01,31,"C"
"CUBA_MICHELLE","3","MICHELLE_CUBA_2001",2012-01-01,16,"C"
"CUBA_PALOMA","3","PALOMA_CUBA_2008",2012-01-01,2,"C"
"CUBA_SANDY","3","SANDY_CUBA_2012",2012-01-01,9,"C"
"DEAN_QROO_MX","5","DEAN_QROO_MX_2007",2012-01-01,37,"SG"
"FL_US_CHARLEY","1","CHARLEY_2004",2012-01-01,20,"FP"
"FL_US_FRANCES","1","FRANCES_US_FL_2004",2012-01-01,13,"FP"
"FL_US_IAN","1","IAN_US_FL_2022",2012-01-01,18,"FP"
"FL_US_IRMA","1","IRMA_US_FL_2017",2012-01-01,16,"FP"
"FL_US_JEANNE","1","JEANNE_US_FL_2004",2012-01-01,13,"FP"
"FL_US_MICHAEL","4","MICHAEL_US_FL_2018",2012-01-01,71,"SUS"
"FL_US_WILMA","1","WILMA_US_FL_2005",2012-01-01,13,"FP"
"LA_US_GUSTAV","4","GUSTAV_US_LA_2008",2012-01-01,57,"SUS"
"LA_US_IDA","4","IDA_US_LA_2009",2012-01-01,57,"SUS"
"LA_US_KATRINA","4","KATRINA_US_LA_2005",2012-01-01,71,"SUS"
"LA_US_LAURA","4","LAURA_US_LA_2020",2012-01-01,86,"SUS"
"LA_US_ZETA","4","ZETA_US_LA_2020",2012-01-01,52,"SUS"
"MX_ERNESTO","5","ERNESTO_MX_2012",2012-01-01,36,"SG"
"MX_GRACE","3","GRACE_MX_2021",2012-01-01,55,"C"
"MX_TAMPS_EMILY","6","EMILY_TAMPS_MX_2005",2012-01-01,17,"WG"
"NC_US_ISABEL","4","ISABEL_US_NC_2003",2012-01-01,71,"SUS"
"NIC_ETA","2","ETA_NIC_2020",2012-01-01,69,"CA"
"NIC_FELIX","2","FELIX_NIC_2007",2012-01-01,79,"CA"
"NIC_IOTA","2","IOTA_NIC_2020",2012-01-01,65,"CA"
"PR_USA_MARIA","3","MARIA_US_PR_2017",2012-01-01,124,"C"
"QROO_WILMA","3","WILMA_QROO_2005",2012-01-01,64,"C"
"TX_US_HARVEY","6","HARVEY_US_TX_2017",2012-01-01,100,"WG"
"TX_US_IKE","4","IKE_US_TX_2008",2012-01-01,92,"SUS"
"TX_US_RITA","4","RITA_US_TX_2005",2012-01-01,91,"SUS"
"US_FL_DELTA","4","DELTA_US_LA_2020",2012-01-01,84,"SUS"
"US_FL_DENNIS","4","DENNIS_US_FL_2005",2012-01-01,84,"SUS"
"VER_MX_KARL","5","KARL_MX_VER_2010",2012-01-01,25,"SG"
"YUC_DELTA","5","DELTA_YUCATAN_MX_2020",2012-01-01,61,"SG"
"YUC_MX_EMILY","5","EMILY_MX_YUC_2005",2012-01-01,52,"SG"
"YUC_MX_ISIDORE","5","ISIDORE_MX_YUC_2002",2012-01-01,50,"SG"
"AL_US_IVAN","4","IVAN_US_AL_2004",2012-02-01,176,"SUS"
"AL_US_SALLY","4","SALLY_US_AL_2020",2012-02-01,166,"SUS"
"ALEX","6","ALEX_2010",2012-02-01,76,"WG"
"BELICE_RICHARD","3","RICHARD_BELICE_2010",2012-02-01,45,"C"
"BELIZE_IRIS","2","IRIS_BELIZE_2001",2012-02-01,81,"CA"
"BETA","2","BETA_2005",2012-02-01,29,"CA"
"CR_OTTO","2","OTTO_CR_2016",2012-02-01,36,"CA"
"CUBA_DENNIS","3","DENNIS_CUBA_2005",2012-02-01,38,"C"
"CUBA_GUSTAV","3","GUSTAV_CUBA_2008",2012-02-01,73,"C"
"CUBA_IAN","3","IAN_CUBA_2022",2012-02-01,71,"C"
"CUBA_MICHELLE","3","MICHELLE_CUBA_2001",2012-02-01,45,"C"
"CUBA_PALOMA","3","PALOMA_CUBA_2008",2012-02-01,25,"C"
"CUBA_SANDY","3","SANDY_CUBA_2012",2012-02-01,12,"C"
"DEAN_QROO_MX","5","DEAN_QROO_MX_2007",2012-02-01,15,"SG"
"FL_US_CHARLEY","1","CHARLEY_2004",2012-02-01,79,"FP"
"FL_US_FRANCES","1","FRANCES_US_FL_2004",2012-02-01,76,"FP"
"FL_US_IAN","1","IAN_US_FL_2022",2012-02-01,78,"FP"
"FL_US_IRMA","1","IRMA_US_FL_2017",2012-02-01,78,"FP"
"FL_US_JEANNE","1","JEANNE_US_FL_2004",2012-02-01,76,"FP"
"FL_US_MICHAEL","4","MICHAEL_US_FL_2018",2012-02-01,110,"SUS"
"FL_US_WILMA","1","WILMA_US_FL_2005",2012-02-01,79,"FP"
"LA_US_GUSTAV","4","GUSTAV_US_LA_2008",2012-02-01,146,"SUS"
"LA_US_IDA","4","IDA_US_LA_2009",2012-02-01,149,"SUS"
"LA_US_KATRINA","4","KATRINA_US_LA_2005",2012-02-01,164,"SUS"
"LA_US_LAURA","4","LAURA_US_LA_2020",2012-02-01,214,"SUS"
"LA_US_ZETA","4","ZETA_US_LA_2020",2012-02-01,142,"SUS"
"MX_ERNESTO","5","ERNESTO_MX_2012",2012-02-01,14,"SG"
"MX_GRACE","3","GRACE_MX_2021",2012-02-01,208,"C"
"MX_TAMPS_EMILY","6","EMILY_TAMPS_MX_2005",2012-02-01,68,"WG"
"NC_US_ISABEL","4","ISABEL_US_NC_2003",2012-02-01,70,"SUS"
"NIC_ETA","2","ETA_NIC_2020",2012-02-01,31,"CA"
"NIC_FELIX","2","FELIX_NIC_2007",2012-02-01,40,"CA"
"NIC_IOTA","2","IOTA_NIC_2020",2012-02-01,28,"CA"
"PR_USA_MARIA","3","MARIA_US_PR_2017",2012-02-01,59,"C"
"QROO_WILMA","3","WILMA_QROO_2005",2012-02-01,34,"C"
"TX_US_HARVEY","6","HARVEY_US_TX_2017",2012-02-01,172,"WG"
"TX_US_IKE","4","IKE_US_TX_2008",2012-02-01,229,"SUS"
"TX_US_RITA","4","RITA_US_TX_2005",2012-02-01,234,"SUS"
"US_FL_DELTA","4","DELTA_US_LA_2020",2012-02-01,200,"SUS"
"US_FL_DENNIS","4","DENNIS_US_FL_2005",2012-02-01,169,"SUS"
"VER_MX_KARL","5","KARL_MX_VER_2010",2012-02-01,75,"SG"
"YUC_DELTA","5","DELTA_YUCATAN_MX_2020",2012-02-01,29,"SG"
"YUC_MX_EMILY","5","EMILY_MX_YUC_2005",2012-02-01,24,"SG"
"YUC_MX_ISIDORE","5","ISIDORE_MX_YUC_2002",2012-02-01,7,"SG"
"AL_US_IVAN","4","IVAN_US_AL_2004",2012-03-01,154,"SUS"
"AL_US_SALLY","4","SALLY_US_AL_2020",2012-03-01,139,"SUS"
"ALEX","6","ALEX_2010",2012-03-01,24,"WG"
"BELICE_RICHARD","3","RICHARD_BELICE_2010",2012-03-01,70,"C"
"BELIZE_IRIS","2","IRIS_BELIZE_2001",2012-03-01,114,"CA"
"BETA","2","BETA_2005",2012-03-01,36,"CA"
"CR_OTTO","2","OTTO_CR_2016",2012-03-01,48,"CA"
"CUBA_DENNIS","3","DENNIS_CUBA_2005",2012-03-01,22,"C"
"CUBA_GUSTAV","3","GUSTAV_CUBA_2008",2012-03-01,27,"C"
"CUBA_IAN","3","IAN_CUBA_2022",2012-03-01,25,"C"
"CUBA_MICHELLE","3","MICHELLE_CUBA_2001",2012-03-01,24,"C"
"CUBA_PALOMA","3","PALOMA_CUBA_2008",2012-03-01,19,"C"
"CUBA_SANDY","3","SANDY_CUBA_2012",2012-03-01,40,"C"
"DEAN_QROO_MX","5","DEAN_QROO_MX_2007",2012-03-01,17,"SG"
"FL_US_CHARLEY","1","CHARLEY_2004",2012-03-01,54,"FP"
"FL_US_FRANCES","1","FRANCES_US_FL_2004",2012-03-01,67,"FP"
"FL_US_IAN","1","IAN_US_FL_2022",2012-03-01,58,"FP"
"FL_US_IRMA","1","IRMA_US_FL_2017",2012-03-01,70,"FP"
"FL_US_JEANNE","1","JEANNE_US_FL_2004",2012-03-01,69,"FP"
"FL_US_MICHAEL","4","MICHAEL_US_FL_2018",2012-03-01,88,"SUS"
"FL_US_WILMA","1","WILMA_US_FL_2005",2012-03-01,74,"FP"
"LA_US_GUSTAV","4","GUSTAV_US_LA_2008",2012-03-01,164,"SUS"
"LA_US_IDA","4","IDA_US_LA_2009",2012-03-01,184,"SUS"
"LA_US_KATRINA","4","KATRINA_US_LA_2005",2012-03-01,196,"SUS"
"LA_US_LAURA","4","LAURA_US_LA_2020",2012-03-01,194,"SUS"
"LA_US_ZETA","4","ZETA_US_LA_2020",2012-03-01,172,"SUS"
"MX_ERNESTO","5","ERNESTO_MX_2012",2012-03-01,17,"SG"
"MX_GRACE","3","GRACE_MX_2021",2012-03-01,100,"C"
"MX_TAMPS_EMILY","6","EMILY_TAMPS_MX_2005",2012-03-01,24,"WG"
"NC_US_ISABEL","4","ISABEL_US_NC_2003",2012-03-01,103,"SUS"
"NIC_ETA","2","ETA_NIC_2020",2012-03-01,41,"CA"
"NIC_FELIX","2","FELIX_NIC_2007",2012-03-01,38,"CA"
"NIC_IOTA","2","IOTA_NIC_2020",2012-03-01,40,"CA"
"PR_USA_MARIA","3","MARIA_US_PR_2017",2012-03-01,159,"C"
"QROO_WILMA","3","WILMA_QROO_2005",2012-03-01,22,"C"
"TX_US_HARVEY","6","HARVEY_US_TX_2017",2012-03-01,52,"WG"
"TX_US_IKE","4","IKE_US_TX_2008",2012-03-01,151,"SUS"
"TX_US_RITA","4","RITA_US_TX_2005",2012-03-01,182,"SUS"
"US_FL_DELTA","4","DELTA_US_LA_2020",2012-03-01,196,"SUS"
"US_FL_DENNIS","4","DENNIS_US_FL_2005",2012-03-01,147,"SUS"
"VER_MX_KARL","5","KARL_MX_VER_2010",2012-03-01,22,"SG"
"YUC_DELTA","5","DELTA_YUCATAN_MX_2020",2012-03-01,23,"SG"
"YUC_MX_EMILY","5","EMILY_MX_YUC_2005",2012-03-01,27,"SG"
"YUC_MX_ISIDORE","5","ISIDORE_MX_YUC_2002",2012-03-01,6,"SG"
"AL_US_IVAN","4","IVAN_US_AL_2004",2012-04-01,59,"SUS"
"AL_US_SALLY","4","SALLY_US_AL_2020",2012-04-01,57,"SUS"
"ALEX","6","ALEX_2010",2012-04-01,60,"WG"
"BELICE_RICHARD","3","RICHARD_BELICE_2010",2012-04-01,84,"C"
"BELIZE_IRIS","2","IRIS_BELIZE_2001",2012-04-01,118,"CA"
"BETA","2","BETA_2005",2012-04-01,135,"CA"
"CR_OTTO","2","OTTO_CR_2016",2012-04-01,123,"CA"
"CUBA_DENNIS","3","DENNIS_CUBA_2005",2012-04-01,156,"C"
"CUBA_GUSTAV","3","GUSTAV_CUBA_2008",2012-04-01,142,"C"
"CUBA_IAN","3","IAN_CUBA_2022",2012-04-01,134,"C"
"CUBA_MICHELLE","3","MICHELLE_CUBA_2001",2012-04-01,177,"C"
"CUBA_PALOMA","3","PALOMA_CUBA_2008",2012-04-01,266,"C"
"CUBA_SANDY","3","SANDY_CUBA_2012",2012-04-01,300,"C"
"DEAN_QROO_MX","5","DEAN_QROO_MX_2007",2012-04-01,85,"SG"
"FL_US_CHARLEY","1","CHARLEY_2004",2012-04-01,76,"FP"
"FL_US_FRANCES","1","FRANCES_US_FL_2004",2012-04-01,85,"FP"
"FL_US_IAN","1","IAN_US_FL_2022",2012-04-01,77,"FP"
"FL_US_IRMA","1","IRMA_US_FL_2017",2012-04-01,94,"FP"
"FL_US_JEANNE","1","JEANNE_US_FL_2004",2012-04-01,90,"FP"
"FL_US_MICHAEL","4","MICHAEL_US_FL_2018",2012-04-01,54,"SUS"
"FL_US_WILMA","1","WILMA_US_FL_2005",2012-04-01,117,"FP"
"LA_US_GUSTAV","4","GUSTAV_US_LA_2008",2012-04-01,127,"SUS"
"LA_US_IDA","4","IDA_US_LA_2009",2012-04-01,145,"SUS"
"LA_US_KATRINA","4","KATRINA_US_LA_2005",2012-04-01,115,"SUS"
"LA_US_LAURA","4","LAURA_US_LA_2020",2012-04-01,82,"SUS"
"LA_US_ZETA","4","ZETA_US_LA_2020",2012-04-01,137,"SUS"
"MX_ERNESTO","5","ERNESTO_MX_2012",2012-04-01,82,"SG"
"MX_GRACE","3","GRACE_MX_2021",2012-04-01,107,"C"
"MX_TAMPS_EMILY","6","EMILY_TAMPS_MX_2005",2012-04-01,37,"WG"
"NC_US_ISABEL","4","ISABEL_US_NC_2003",2012-04-01,86,"SUS"
"NIC_ETA","2","ETA_NIC_2020",2012-04-01,195,"CA"
"NIC_FELIX","2","FELIX_NIC_2007",2012-04-01,226,"CA"
"NIC_IOTA","2","IOTA_NIC_2020",2012-04-01,179,"CA"
"PR_USA_MARIA","3","MARIA_US_PR_2017",2012-04-01,217,"C"
"QROO_WILMA","3","WILMA_QROO_2005",2012-04-01,119,"C"
"TX_US_HARVEY","6","HARVEY_US_TX_2017",2012-04-01,18,"WG"
"TX_US_IKE","4","IKE_US_TX_2008",2012-04-01,64,"SUS"
"TX_US_RITA","4","RITA_US_TX_2005",2012-04-01,77,"SUS"
"US_FL_DELTA","4","DELTA_US_LA_2020",2012-04-01,90,"SUS"
"US_FL_DENNIS","4","DENNIS_US_FL_2005",2012-04-01,57,"SUS"
"VER_MX_KARL","5","KARL_MX_VER_2010",2012-04-01,40,"SG"
"YUC_DELTA","5","DELTA_YUCATAN_MX_2020",2012-04-01,122,"SG"
"YUC_MX_EMILY","5","EMILY_MX_YUC_2005",2012-04-01,127,"SG"
"YUC_MX_ISIDORE","5","ISIDORE_MX_YUC_2002",2012-04-01,106,"SG"
"AL_US_IVAN","4","IVAN_US_AL_2004",2012-05-01,146,"SUS"
"AL_US_SALLY","4","SALLY_US_AL_2020",2012-05-01,133,"SUS"
"ALEX","6","ALEX_2010",2012-05-01,31,"WG"
"BELICE_RICHARD","3","RICHARD_BELICE_2010",2012-05-01,202,"C"
"BELIZE_IRIS","2","IRIS_BELIZE_2001",2012-05-01,306,"CA"
"BETA","2","BETA_2005",2012-05-01,302,"CA"
"CR_OTTO","2","OTTO_CR_2016",2012-05-01,251,"CA"
"CUBA_DENNIS","3","DENNIS_CUBA_2005",2012-05-01,236,"C"
"CUBA_GUSTAV","3","GUSTAV_CUBA_2008",2012-05-01,344,"C"
"CUBA_IAN","3","IAN_CUBA_2022",2012-05-01,383,"C"
"CUBA_MICHELLE","3","MICHELLE_CUBA_2001",2012-05-01,231,"C"
"CUBA_PALOMA","3","PALOMA_CUBA_2008",2012-05-01,126,"C"
"CUBA_SANDY","3","SANDY_CUBA_2012",2012-05-01,88,"C"
"DEAN_QROO_MX","5","DEAN_QROO_MX_2007",2012-05-01,208,"SG"
"FL_US_CHARLEY","1","CHARLEY_2004",2012-05-01,150,"FP"
"FL_US_FRANCES","1","FRANCES_US_FL_2004",2012-05-01,212,"FP"
"FL_US_IAN","1","IAN_US_FL_2022",2012-05-01,157,"FP"
"FL_US_IRMA","1","IRMA_US_FL_2017",2012-05-01,169,"FP"
"FL_US_JEANNE","1","JEANNE_US_FL_2004",2012-05-01,215,"FP"
"FL_US_MICHAEL","4","MICHAEL_US_FL_2018",2012-05-01,127,"SUS"
"FL_US_WILMA","1","WILMA_US_FL_2005",2012-05-01,223,"FP"
"LA_US_GUSTAV","4","GUSTAV_US_LA_2008",2012-05-01,70,"SUS"
"LA_US_IDA","4","IDA_US_LA_2009",2012-05-01,74,"SUS"
"LA_US_KATRINA","4","KATRINA_US_LA_2005",2012-05-01,106,"SUS"
"LA_US_LAURA","4","LAURA_US_LA_2020",2012-05-01,37,"SUS"
"LA_US_ZETA","4","ZETA_US_LA_2020",2012-05-01,74,"SUS"
"MX_ERNESTO","5","ERNESTO_MX_2012",2012-05-01,210,"SG"
"MX_GRACE","3","GRACE_MX_2021",2012-05-01,60,"C"
"MX_TAMPS_EMILY","6","EMILY_TAMPS_MX_2005",2012-05-01,27,"WG"
"NC_US_ISABEL","4","ISABEL_US_NC_2003",2012-05-01,143,"SUS"
"NIC_ETA","2","ETA_NIC_2020",2012-05-01,375,"CA"
"NIC_FELIX","2","FELIX_NIC_2007",2012-05-01,409,"CA"
"NIC_IOTA","2","IOTA_NIC_2020",2012-05-01,352,"CA"
"PR_USA_MARIA","3","MARIA_US_PR_2017",2012-05-01,198,"C"
"QROO_WILMA","3","WILMA_QROO_2005",2012-05-01,237,"C"
"TX_US_HARVEY","6","HARVEY_US_TX_2017",2012-05-01,156,"WG"
"TX_US_IKE","4","IKE_US_TX_2008",2012-05-01,134,"SUS"
"TX_US_RITA","4","RITA_US_TX_2005",2012-05-01,54,"SUS"
"US_FL_DELTA","4","DELTA_US_LA_2020",2012-05-01,53,"SUS"
"US_FL_DENNIS","4","DENNIS_US_FL_2005",2012-05-01,140,"SUS"
"VER_MX_KARL","5","KARL_MX_VER_2010",2012-05-01,59,"SG"
"YUC_DELTA","5","DELTA_YUCATAN_MX_2020",2012-05-01,229,"SG"
"YUC_MX_EMILY","5","EMILY_MX_YUC_2005",2012-05-01,202,"SG"
"YUC_MX_ISIDORE","5","ISIDORE_MX_YUC_2002",2012-05-01,79,"SG"
"AL_US_IVAN","4","IVAN_US_AL_2004",2012-06-01,285,"SUS"
"AL_US_SALLY","4","SALLY_US_AL_2020",2012-06-01,355,"SUS"
"ALEX","6","ALEX_2010",2012-06-01,60,"WG"
"BELICE_RICHARD","3","RICHARD_BELICE_2010",2012-06-01,375,"C"
"BELIZE_IRIS","2","IRIS_BELIZE_2001",2012-06-01,548,"CA"
"BETA","2","BETA_2005",2012-06-01,182,"CA"
"CR_OTTO","2","OTTO_CR_2016",2012-06-01,207,"CA"
"CUBA_DENNIS","3","DENNIS_CUBA_2005",2012-06-01,236,"C"
"CUBA_GUSTAV","3","GUSTAV_CUBA_2008",2012-06-01,402,"C"
"CUBA_IAN","3","IAN_CUBA_2022",2012-06-01,444,"C"
"CUBA_MICHELLE","3","MICHELLE_CUBA_2001",2012-06-01,299,"C"
"CUBA_PALOMA","3","PALOMA_CUBA_2008",2012-06-01,266,"C"
"CUBA_SANDY","3","SANDY_CUBA_2012",2012-06-01,146,"C"
"DEAN_QROO_MX","5","DEAN_QROO_MX_2007",2012-06-01,207,"SG"
"FL_US_CHARLEY","1","CHARLEY_2004",2012-06-01,363,"FP"
"FL_US_FRANCES","1","FRANCES_US_FL_2004",2012-06-01,275,"FP"
"FL_US_IAN","1","IAN_US_FL_2022",2012-06-01,355,"FP"
"FL_US_IRMA","1","IRMA_US_FL_2017",2012-06-01,351,"FP"
"FL_US_JEANNE","1","JEANNE_US_FL_2004",2012-06-01,265,"FP"
"FL_US_MICHAEL","4","MICHAEL_US_FL_2018",2012-06-01,314,"SUS"
"FL_US_WILMA","1","WILMA_US_FL_2005",2012-06-01,342,"FP"
"LA_US_GUSTAV","4","GUSTAV_US_LA_2008",2012-06-01,122,"SUS"
"LA_US_IDA","4","IDA_US_LA_2009",2012-06-01,119,"SUS"
"LA_US_KATRINA","4","KATRINA_US_LA_2005",2012-06-01,148,"SUS"
"LA_US_LAURA","4","LAURA_US_LA_2020",2012-06-01,115,"SUS"
"LA_US_ZETA","4","ZETA_US_LA_2020",2012-06-01,122,"SUS"
"MX_ERNESTO","5","ERNESTO_MX_2012",2012-06-01,210,"SG"
"MX_GRACE","3","GRACE_MX_2021",2012-06-01,194.5,"C"
"MX_TAMPS_EMILY","6","EMILY_TAMPS_MX_2005",2012-06-01,78,"WG"
"NC_US_ISABEL","4","ISABEL_US_NC_2003",2012-06-01,79,"SUS"
"NIC_ETA","2","ETA_NIC_2020",2012-06-01,159,"CA"
"NIC_FELIX","2","FELIX_NIC_2007",2012-06-01,138,"CA"
"NIC_IOTA","2","IOTA_NIC_2020",2012-06-01,163,"CA"
"PR_USA_MARIA","3","MARIA_US_PR_2017",2012-06-01,7,"C"
"QROO_WILMA","3","WILMA_QROO_2005",2012-06-01,332,"C"
"TX_US_HARVEY","6","HARVEY_US_TX_2017",2012-06-01,56,"WG"
"TX_US_IKE","4","IKE_US_TX_2008",2012-06-01,125,"SUS"
"TX_US_RITA","4","RITA_US_TX_2005",2012-06-01,132,"SUS"
"US_FL_DELTA","4","DELTA_US_LA_2020",2012-06-01,112,"SUS"
"US_FL_DENNIS","4","DENNIS_US_FL_2005",2012-06-01,309,"SUS"
"VER_MX_KARL","5","KARL_MX_VER_2010",2012-06-01,270,"SG"
"YUC_DELTA","5","DELTA_YUCATAN_MX_2020",2012-06-01,318,"SG"
"YUC_MX_EMILY","5","EMILY_MX_YUC_2005",2012-06-01,254,"SG"
"YUC_MX_ISIDORE","5","ISIDORE_MX_YUC_2002",2012-06-01,222,"SG"
"AL_US_IVAN","4","IVAN_US_AL_2004",2012-07-01,208,"SUS"
"AL_US_SALLY","4","SALLY_US_AL_2020",2012-07-01,223,"SUS"
"ALEX","6","ALEX_2010",2012-07-01,69,"WG"
"BELICE_RICHARD","3","RICHARD_BELICE_2010",2012-07-01,248,"C"
"BELIZE_IRIS","2","IRIS_BELIZE_2001",2012-07-01,598.3333,"CA"
"BETA","2","BETA_2005",2012-07-01,380,"CA"
"CR_OTTO","2","OTTO_CR_2016",2012-07-01,402.3693,"CA"
"CUBA_DENNIS","3","DENNIS_CUBA_2005",2012-07-01,209,"C"
"CUBA_GUSTAV","3","GUSTAV_CUBA_2008",2012-07-01,161,"C"
"CUBA_IAN","3","IAN_CUBA_2022",2012-07-01,172,"C"
"CUBA_MICHELLE","3","MICHELLE_CUBA_2001",2012-07-01,236,"C"
"CUBA_PALOMA","3","PALOMA_CUBA_2008",2012-07-01,177,"C"
"CUBA_SANDY","3","SANDY_CUBA_2012",2012-07-01,107,"C"
"DEAN_QROO_MX","5","DEAN_QROO_MX_2007",2012-07-01,111,"SG"
"FL_US_CHARLEY","1","CHARLEY_2004",2012-07-01,284,"FP"
"FL_US_FRANCES","1","FRANCES_US_FL_2004",2012-07-01,251,"FP"
"FL_US_IAN","1","IAN_US_FL_2022",2012-07-01,279,"FP"
"FL_US_IRMA","1","IRMA_US_FL_2017",2012-07-01,320,"FP"
"FL_US_JEANNE","1","JEANNE_US_FL_2004",2012-07-01,253,"FP"
"FL_US_MICHAEL","4","MICHAEL_US_FL_2018",2012-07-01,214,"SUS"
"FL_US_WILMA","1","WILMA_US_FL_2005",2012-07-01,318,"FP"
"LA_US_GUSTAV","4","GUSTAV_US_LA_2008",2012-07-01,334,"SUS"
"LA_US_IDA","4","IDA_US_LA_2009",2012-07-01,307,"SUS"
"LA_US_KATRINA","4","KATRINA_US_LA_2005",2012-07-01,229,"SUS"
"LA_US_LAURA","4","LAURA_US_LA_2020",2012-07-01,227,"SUS"
"LA_US_ZETA","4","ZETA_US_LA_2020",2012-07-01,300,"SUS"
"MX_ERNESTO","5","ERNESTO_MX_2012",2012-07-01,112,"SG"
"MX_GRACE","3","GRACE_MX_2021",2012-07-01,236,"C"
"MX_TAMPS_EMILY","6","EMILY_TAMPS_MX_2005",2012-07-01,71,"WG"
"NC_US_ISABEL","4","ISABEL_US_NC_2003",2012-07-01,136,"SUS"
"NIC_ETA","2","ETA_NIC_2020",2012-07-01,372,"CA"
"NIC_FELIX","2","FELIX_NIC_2007",2012-07-01,377,"CA"
"NIC_IOTA","2","IOTA_NIC_2020",2012-07-01,365,"CA"
"PR_USA_MARIA","3","MARIA_US_PR_2017",2012-07-01,241,"C"
"QROO_WILMA","3","WILMA_QROO_2005",2012-07-01,113,"C"
"TX_US_HARVEY","6","HARVEY_US_TX_2017",2012-07-01,125,"WG"
"TX_US_IKE","4","IKE_US_TX_2008",2012-07-01,154,"SUS"
"TX_US_RITA","4","RITA_US_TX_2005",2012-07-01,201,"SUS"
"US_FL_DELTA","4","DELTA_US_LA_2020",2012-07-01,240,"SUS"
"US_FL_DENNIS","4","DENNIS_US_FL_2005",2012-07-01,211,"SUS"
"VER_MX_KARL","5","KARL_MX_VER_2010",2012-07-01,162,"SG"
"YUC_DELTA","5","DELTA_YUCATAN_MX_2020",2012-07-01,119,"SG"
"YUC_MX_EMILY","5","EMILY_MX_YUC_2005",2012-07-01,107,"SG"
"YUC_MX_ISIDORE","5","ISIDORE_MX_YUC_2002",2012-07-01,113,"SG"
"AL_US_IVAN","4","IVAN_US_AL_2004",2012-08-01,307,"SUS"
"AL_US_SALLY","4","SALLY_US_AL_2020",2012-08-01,324,"SUS"
"ALEX","6","ALEX_2010",2012-08-01,68,"WG"
"BELICE_RICHARD","3","RICHARD_BELICE_2010",2012-08-01,183,"C"
"BELIZE_IRIS","2","IRIS_BELIZE_2001",2012-08-01,565,"CA"
"BETA","2","BETA_2005",2012-08-01,464,"CA"
"CR_OTTO","2","OTTO_CR_2016",2012-08-01,392,"CA"
"CUBA_DENNIS","3","DENNIS_CUBA_2005",2012-08-01,258,"C"
"CUBA_GUSTAV","3","GUSTAV_CUBA_2008",2012-08-01,224,"C"
"CUBA_IAN","3","IAN_CUBA_2022",2012-08-01,226,"C"
"CUBA_MICHELLE","3","MICHELLE_CUBA_2001",2012-08-01,253,"C"
"CUBA_PALOMA","3","PALOMA_CUBA_2008",2012-08-01,223,"C"
"CUBA_SANDY","3","SANDY_CUBA_2012",2012-08-01,374.2,"C"
"DEAN_QROO_MX","5","DEAN_QROO_MX_2007",2012-08-01,99,"SG"
"FL_US_CHARLEY","1","CHARLEY_2004",2012-08-01,276,"FP"
"FL_US_FRANCES","1","FRANCES_US_FL_2004",2012-08-01,238,"FP"
"FL_US_IAN","1","IAN_US_FL_2022",2012-08-01,272,"FP"
"FL_US_IRMA","1","IRMA_US_FL_2017",2012-08-01,316,"FP"
"FL_US_JEANNE","1","JEANNE_US_FL_2004",2012-08-01,239,"FP"
"FL_US_MICHAEL","4","MICHAEL_US_FL_2018",2012-08-01,230,"SUS"
"FL_US_WILMA","1","WILMA_US_FL_2005",2012-08-01,311,"FP"
"LA_US_GUSTAV","4","GUSTAV_US_LA_2008",2012-08-01,478,"SUS"
"LA_US_IDA","4","IDA_US_LA_2009",2012-08-01,442,"SUS"
"LA_US_KATRINA","4","KATRINA_US_LA_2005",2012-08-01,367,"SUS"
"LA_US_LAURA","4","LAURA_US_LA_2020",2012-08-01,214,"SUS"
"LA_US_ZETA","4","ZETA_US_LA_2020",2012-08-01,458,"SUS"
"MX_ERNESTO","5","ERNESTO_MX_2012",2012-08-01,99,"SG"
"MX_GRACE","3","GRACE_MX_2021",2012-08-01,301.6755,"C"
"MX_TAMPS_EMILY","6","EMILY_TAMPS_MX_2005",2012-08-01,82,"WG"
"NC_US_ISABEL","4","ISABEL_US_NC_2003",2012-08-01,158,"SUS"
"NIC_ETA","2","ETA_NIC_2020",2012-08-01,507,"CA"
"NIC_FELIX","2","FELIX_NIC_2007",2012-08-01,525,"CA"
"NIC_IOTA","2","IOTA_NIC_2020",2012-08-01,486,"CA"
"PR_USA_MARIA","3","MARIA_US_PR_2017",2012-08-01,293,"C"
"QROO_WILMA","3","WILMA_QROO_2005",2012-08-01,129,"C"
"TX_US_HARVEY","6","HARVEY_US_TX_2017",2012-08-01,77,"WG"
"TX_US_IKE","4","IKE_US_TX_2008",2012-08-01,122,"SUS"
"TX_US_RITA","4","RITA_US_TX_2005",2012-08-01,171,"SUS"
"US_FL_DELTA","4","DELTA_US_LA_2020",2012-08-01,268,"SUS"
"US_FL_DENNIS","4","DENNIS_US_FL_2005",2012-08-01,287,"SUS"
"VER_MX_KARL","5","KARL_MX_VER_2010",2012-08-01,450.6278,"SG"
"YUC_DELTA","5","DELTA_YUCATAN_MX_2020",2012-08-01,131,"SG"
"YUC_MX_EMILY","5","EMILY_MX_YUC_2005",2012-08-01,131,"SG"
"YUC_MX_ISIDORE","5","ISIDORE_MX_YUC_2002",2012-08-01,117,"SG"
"AL_US_IVAN","4","IVAN_US_AL_2004",2012-09-01,100,"SUS"
"AL_US_SALLY","4","SALLY_US_AL_2020",2012-09-01,101,"SUS"
"ALEX","6","ALEX_2010",2012-09-01,121,"WG"
"BELICE_RICHARD","3","RICHARD_BELICE_2010",2012-09-01,102,"C"
"BELIZE_IRIS","2","IRIS_BELIZE_2001",2012-09-01,180,"CA"
"BETA","2","BETA_2005",2012-09-01,178,"CA"
"CR_OTTO","2","OTTO_CR_2016",2012-09-01,214,"CA"
"CUBA_DENNIS","3","DENNIS_CUBA_2005",2012-09-01,251,"C"
"CUBA_GUSTAV","3","GUSTAV_CUBA_2008",2012-09-01,214,"C"
"CUBA_IAN","3","IAN_CUBA_2022",2012-09-01,207,"C"
"CUBA_MICHELLE","3","MICHELLE_CUBA_2001",2012-09-01,262,"C"
"CUBA_PALOMA","3","PALOMA_CUBA_2008",2012-09-01,181,"C"
"CUBA_SANDY","3","SANDY_CUBA_2012",2012-09-01,156,"C"
"DEAN_QROO_MX","5","DEAN_QROO_MX_2007",2012-09-01,109,"SG"
"FL_US_CHARLEY","1","CHARLEY_2004",2012-09-01,177,"FP"
"FL_US_FRANCES","1","FRANCES_US_FL_2004",2012-09-01,183,"FP"
"FL_US_IAN","1","IAN_US_FL_2022",2012-09-01,178,"FP"
"FL_US_IRMA","1","IRMA_US_FL_2017",2012-09-01,213,"FP"
"FL_US_JEANNE","1","JEANNE_US_FL_2004",2012-09-01,186,"FP"
"FL_US_MICHAEL","4","MICHAEL_US_FL_2018",2012-09-01,117,"SUS"
"FL_US_WILMA","1","WILMA_US_FL_2005",2012-09-01,225,"FP"
"LA_US_GUSTAV","4","GUSTAV_US_LA_2008",2012-09-01,115,"SUS"
"LA_US_IDA","4","IDA_US_LA_2009",2012-09-01,102,"SUS"
"LA_US_KATRINA","4","KATRINA_US_LA_2005",2012-09-01,89,"SUS"
"LA_US_LAURA","4","LAURA_US_LA_2020",2012-09-01,179,"SUS"
"LA_US_ZETA","4","ZETA_US_LA_2020",2012-09-01,94,"SUS"
"MX_ERNESTO","5","ERNESTO_MX_2012",2012-09-01,106,"SG"
"MX_GRACE","3","GRACE_MX_2021",2012-09-01,280.25,"C"
"MX_TAMPS_EMILY","6","EMILY_TAMPS_MX_2005",2012-09-01,116,"WG"
"NC_US_ISABEL","4","ISABEL_US_NC_2003",2012-09-01,125,"SUS"
"NIC_ETA","2","ETA_NIC_2020",2012-09-01,177,"CA"
"NIC_FELIX","2","FELIX_NIC_2007",2012-09-01,188,"CA"
"NIC_IOTA","2","IOTA_NIC_2020",2012-09-01,173,"CA"
"PR_USA_MARIA","3","MARIA_US_PR_2017",2012-09-01,77,"C"
"QROO_WILMA","3","WILMA_QROO_2005",2012-09-01,162,"C"
"TX_US_HARVEY","6","HARVEY_US_TX_2017",2012-09-01,217,"WG"
"TX_US_IKE","4","IKE_US_TX_2008",2012-09-01,172,"SUS"
"TX_US_RITA","4","RITA_US_TX_2005",2012-09-01,177,"SUS"
"US_FL_DELTA","4","DELTA_US_LA_2020",2012-09-01,164,"SUS"
"US_FL_DENNIS","4","DENNIS_US_FL_2005",2012-09-01,100,"SUS"
"VER_MX_KARL","5","KARL_MX_VER_2010",2012-09-01,270.7052,"SG"
"YUC_DELTA","5","DELTA_YUCATAN_MX_2020",2012-09-01,168,"SG"
"YUC_MX_EMILY","5","EMILY_MX_YUC_2005",2012-09-01,163,"SG"
"YUC_MX_ISIDORE","5","ISIDORE_MX_YUC_2002",2012-09-01,219,"SG"
"AL_US_IVAN","4","IVAN_US_AL_2004",2012-10-01,33,"SUS"
"AL_US_SALLY","4","SALLY_US_AL_2020",2012-10-01,37,"SUS"
"ALEX","6","ALEX_2010",2012-10-01,23,"WG"
"BELICE_RICHARD","3","RICHARD_BELICE_2010",2012-10-01,232,"C"
"BELIZE_IRIS","2","IRIS_BELIZE_2001",2012-10-01,319,"CA"
"BETA","2","BETA_2005",2012-10-01,239,"CA"
"CR_OTTO","2","OTTO_CR_2016",2012-10-01,161,"CA"
"CUBA_DENNIS","3","DENNIS_CUBA_2005",2012-10-01,134,"C"
"CUBA_GUSTAV","3","GUSTAV_CUBA_2008",2012-10-01,124,"C"
"CUBA_IAN","3","IAN_CUBA_2022",2012-10-01,125,"C"
"CUBA_MICHELLE","3","MICHELLE_CUBA_2001",2012-10-01,163,"C"
"CUBA_PALOMA","3","PALOMA_CUBA_2008",2012-10-01,224,"C"
"CUBA_SANDY","3","SANDY_CUBA_2012",2012-10-01,236,"C"
"DEAN_QROO_MX","5","DEAN_QROO_MX_2007",2012-10-01,134,"SG"
"FL_US_CHARLEY","1","CHARLEY_2004",2012-10-01,83,"FP"
"FL_US_FRANCES","1","FRANCES_US_FL_2004",2012-10-01,114,"FP"
"FL_US_IAN","1","IAN_US_FL_2022",2012-10-01,86,"FP"
"FL_US_IRMA","1","IRMA_US_FL_2017",2012-10-01,91,"FP"
"FL_US_JEANNE","1","JEANNE_US_FL_2004",2012-10-01,118,"FP"
"FL_US_MICHAEL","4","MICHAEL_US_FL_2018",2012-10-01,44,"SUS"
"FL_US_WILMA","1","WILMA_US_FL_2005",2012-10-01,100,"FP"
"LA_US_GUSTAV","4","GUSTAV_US_LA_2008",2012-10-01,18,"SUS"
"LA_US_IDA","4","IDA_US_LA_2009",2012-10-01,17,"SUS"
"LA_US_KATRINA","4","KATRINA_US_LA_2005",2012-10-01,21,"SUS"
"LA_US_LAURA","4","LAURA_US_LA_2020",2012-10-01,42,"SUS"
"LA_US_ZETA","4","ZETA_US_LA_2020",2012-10-01,14,"SUS"
"MX_ERNESTO","5","ERNESTO_MX_2012",2012-10-01,134,"SG"
"MX_GRACE","3","GRACE_MX_2021",2012-10-01,115,"C"
"MX_TAMPS_EMILY","6","EMILY_TAMPS_MX_2005",2012-10-01,22,"WG"
"NC_US_ISABEL","4","ISABEL_US_NC_2003",2012-10-01,106,"SUS"
"NIC_ETA","2","ETA_NIC_2020",2012-10-01,302,"CA"
"NIC_FELIX","2","FELIX_NIC_2007",2012-10-01,410,"CA"
"NIC_IOTA","2","IOTA_NIC_2020",2012-10-01,271,"CA"
"PR_USA_MARIA","3","MARIA_US_PR_2017",2012-10-01,197,"C"
"QROO_WILMA","3","WILMA_QROO_2005",2012-10-01,167,"C"
"TX_US_HARVEY","6","HARVEY_US_TX_2017",2012-10-01,38,"WG"
"TX_US_IKE","4","IKE_US_TX_2008",2012-10-01,36,"SUS"
"TX_US_RITA","4","RITA_US_TX_2005",2012-10-01,40,"SUS"
"US_FL_DELTA","4","DELTA_US_LA_2020",2012-10-01,37,"SUS"
"US_FL_DENNIS","4","DENNIS_US_FL_2005",2012-10-01,36,"SUS"
"VER_MX_KARL","5","KARL_MX_VER_2010",2012-10-01,123,"SG"
"YUC_DELTA","5","DELTA_YUCATAN_MX_2020",2012-10-01,173,"SG"
"YUC_MX_EMILY","5","EMILY_MX_YUC_2005",2012-10-01,171,"SG"
"YUC_MX_ISIDORE","5","ISIDORE_MX_YUC_2002",2012-10-01,129,"SG"
"AL_US_IVAN","4","IVAN_US_AL_2004",2012-11-01,36,"SUS"
"AL_US_SALLY","4","SALLY_US_AL_2020",2012-11-01,36,"SUS"
"ALEX","6","ALEX_2010",2012-11-01,51,"WG"
"BELICE_RICHARD","3","RICHARD_BELICE_2010",2012-11-01,63,"C"
"BELIZE_IRIS","2","IRIS_BELIZE_2001",2012-11-01,65,"CA"
"BETA","2","BETA_2005",2012-11-01,178,"CA"
"CR_OTTO","2","OTTO_CR_2016",2012-11-01,296.7521,"CA"
"CUBA_DENNIS","3","DENNIS_CUBA_2005",2012-11-01,9,"C"
"CUBA_GUSTAV","3","GUSTAV_CUBA_2008",2012-11-01,24,"C"
"CUBA_IAN","3","IAN_CUBA_2022",2012-11-01,23,"C"
"CUBA_MICHELLE","3","MICHELLE_CUBA_2001",2012-11-01,8,"C"
"CUBA_PALOMA","3","PALOMA_CUBA_2008",2012-11-01,11,"C"
"CUBA_SANDY","3","SANDY_CUBA_2012",2012-11-01,38,"C"
"DEAN_QROO_MX","5","DEAN_QROO_MX_2007",2012-11-01,30,"SG"
"FL_US_CHARLEY","1","CHARLEY_2004",2012-11-01,6,"FP"
"FL_US_FRANCES","1","FRANCES_US_FL_2004",2012-11-01,9,"FP"
"FL_US_IAN","1","IAN_US_FL_2022",2012-11-01,6,"FP"
"FL_US_IRMA","1","IRMA_US_FL_2017",2012-11-01,6,"FP"
"FL_US_JEANNE","1","JEANNE_US_FL_2004",2012-11-01,10,"FP"
"FL_US_MICHAEL","4","MICHAEL_US_FL_2018",2012-11-01,26,"SUS"
"FL_US_WILMA","1","WILMA_US_FL_2005",2012-11-01,8,"FP"
"LA_US_GUSTAV","4","GUSTAV_US_LA_2008",2012-11-01,45,"SUS"
"LA_US_IDA","4","IDA_US_LA_2009",2012-11-01,49,"SUS"
"LA_US_KATRINA","4","KATRINA_US_LA_2005",2012-11-01,47,"SUS"
"LA_US_LAURA","4","LAURA_US_LA_2020",2012-11-01,31,"SUS"
"LA_US_ZETA","4","ZETA_US_LA_2020",2012-11-01,50,"SUS"
"MX_ERNESTO","5","ERNESTO_MX_2012",2012-11-01,30,"SG"
"MX_GRACE","3","GRACE_MX_2021",2012-11-01,193,"C"
"MX_TAMPS_EMILY","6","EMILY_TAMPS_MX_2005",2012-11-01,32,"WG"
"NC_US_ISABEL","4","ISABEL_US_NC_2003",2012-11-01,42,"SUS"
"NIC_ETA","2","ETA_NIC_2020",2012-11-01,183,"CA"
"NIC_FELIX","2","FELIX_NIC_2007",2012-11-01,216,"CA"
"NIC_IOTA","2","IOTA_NIC_2020",2012-11-01,174,"CA"
"PR_USA_MARIA","3","MARIA_US_PR_2017",2012-11-01,100,"C"
"QROO_WILMA","3","WILMA_QROO_2005",2012-11-01,36,"C"
"TX_US_HARVEY","6","HARVEY_US_TX_2017",2012-11-01,10,"WG"
"TX_US_IKE","4","IKE_US_TX_2008",2012-11-01,24,"SUS"
"TX_US_RITA","4","RITA_US_TX_2005",2012-11-01,29,"SUS"
"US_FL_DELTA","4","DELTA_US_LA_2020",2012-11-01,35,"SUS"
"US_FL_DENNIS","4","DENNIS_US_FL_2005",2012-11-01,35,"SUS"
"VER_MX_KARL","5","KARL_MX_VER_2010",2012-11-01,89,"SG"
"YUC_DELTA","5","DELTA_YUCATAN_MX_2020",2012-11-01,34,"SG"
"YUC_MX_EMILY","5","EMILY_MX_YUC_2005",2012-11-01,28,"SG"
"YUC_MX_ISIDORE","5","ISIDORE_MX_YUC_2002",2012-11-01,16,"SG"
"AL_US_IVAN","4","IVAN_US_AL_2004",2012-12-01,125,"SUS"
"AL_US_SALLY","4","SALLY_US_AL_2020",2012-12-01,98,"SUS"
"ALEX","6","ALEX_2010",2012-12-01,2,"WG"
"BELICE_RICHARD","3","RICHARD_BELICE_2010",2012-12-01,74,"C"
"BELIZE_IRIS","2","IRIS_BELIZE_2001",2012-12-01,106,"CA"
"BETA","2","BETA_2005",2012-12-01,62,"CA"
"CR_OTTO","2","OTTO_CR_2016",2012-12-01,119,"CA"
"CUBA_DENNIS","3","DENNIS_CUBA_2005",2012-12-01,9,"C"
"CUBA_GUSTAV","3","GUSTAV_CUBA_2008",2012-12-01,20,"C"
"CUBA_IAN","3","IAN_CUBA_2022",2012-12-01,17,"C"
"CUBA_MICHELLE","3","MICHELLE_CUBA_2001",2012-12-01,13,"C"
"CUBA_PALOMA","3","PALOMA_CUBA_2008",2012-12-01,25,"C"
"CUBA_SANDY","3","SANDY_CUBA_2012",2012-12-01,33,"C"
"DEAN_QROO_MX","5","DEAN_QROO_MX_2007",2012-12-01,19,"SG"
"FL_US_CHARLEY","1","CHARLEY_2004",2012-12-01,39,"FP"
"FL_US_FRANCES","1","FRANCES_US_FL_2004",2012-12-01,35,"FP"
"FL_US_IAN","1","IAN_US_FL_2022",2012-12-01,35,"FP"
"FL_US_IRMA","1","IRMA_US_FL_2017",2012-12-01,24,"FP"
"FL_US_JEANNE","1","JEANNE_US_FL_2004",2012-12-01,34,"FP"
"FL_US_MICHAEL","4","MICHAEL_US_FL_2018",2012-12-01,108,"SUS"
"FL_US_WILMA","1","WILMA_US_FL_2005",2012-12-01,20,"FP"
"LA_US_GUSTAV","4","GUSTAV_US_LA_2008",2012-12-01,122,"SUS"
"LA_US_IDA","4","IDA_US_LA_2009",2012-12-01,137,"SUS"
"LA_US_KATRINA","4","KATRINA_US_LA_2005",2012-12-01,149,"SUS"
"LA_US_LAURA","4","LAURA_US_LA_2020",2012-12-01,145,"SUS"
"LA_US_ZETA","4","ZETA_US_LA_2020",2012-12-01,128,"SUS"
"MX_ERNESTO","5","ERNESTO_MX_2012",2012-12-01,20,"SG"
"MX_GRACE","3","GRACE_MX_2021",2012-12-01,13,"C"
"MX_TAMPS_EMILY","6","EMILY_TAMPS_MX_2005",2012-12-01,3,"WG"
"NC_US_ISABEL","4","ISABEL_US_NC_2003",2012-12-01,103,"SUS"
"NIC_ETA","2","ETA_NIC_2020",2012-12-01,74,"CA"
"NIC_FELIX","2","FELIX_NIC_2007",2012-12-01,92,"CA"
"NIC_IOTA","2","IOTA_NIC_2020",2012-12-01,67,"CA"
"PR_USA_MARIA","3","MARIA_US_PR_2017",2012-12-01,144,"C"
"QROO_WILMA","3","WILMA_QROO_2005",2012-12-01,15,"C"
"TX_US_HARVEY","6","HARVEY_US_TX_2017",2012-12-01,17,"WG"
"TX_US_IKE","4","IKE_US_TX_2008",2012-12-01,89,"SUS"
"TX_US_RITA","4","RITA_US_TX_2005",2012-12-01,131,"SUS"
"US_FL_DELTA","4","DELTA_US_LA_2020",2012-12-01,140,"SUS"
"US_FL_DENNIS","4","DENNIS_US_FL_2005",2012-12-01,120,"SUS"
"VER_MX_KARL","5","KARL_MX_VER_2010",2012-12-01,10,"SG"
"YUC_DELTA","5","DELTA_YUCATAN_MX_2020",2012-12-01,15,"SG"
"YUC_MX_EMILY","5","EMILY_MX_YUC_2005",2012-12-01,15,"SG"
"YUC_MX_ISIDORE","5","ISIDORE_MX_YUC_2002",2012-12-01,14,"SG"
"AL_US_IVAN","4","IVAN_US_AL_2004",2013-01-01,106,"SUS"
"AL_US_SALLY","4","SALLY_US_AL_2020",2013-01-01,92,"SUS"
"ALEX","6","ALEX_2010",2013-01-01,47,"WG"
"BELICE_RICHARD","3","RICHARD_BELICE_2010",2013-01-01,106,"C"
"BELIZE_IRIS","2","IRIS_BELIZE_2001",2013-01-01,154,"CA"
"BETA","2","BETA_2005",2013-01-01,61,"CA"
"CR_OTTO","2","OTTO_CR_2016",2013-01-01,29,"CA"
"CUBA_DENNIS","3","DENNIS_CUBA_2005",2013-01-01,4,"C"
"CUBA_GUSTAV","3","GUSTAV_CUBA_2008",2013-01-01,4,"C"
"CUBA_IAN","3","IAN_CUBA_2022",2013-01-01,4,"C"
"CUBA_MICHELLE","3","MICHELLE_CUBA_2001",2013-01-01,5,"C"
"CUBA_PALOMA","3","PALOMA_CUBA_2008",2013-01-01,3,"C"
"CUBA_SANDY","3","SANDY_CUBA_2012",2013-01-01,9,"C"
"DEAN_QROO_MX","5","DEAN_QROO_MX_2007",2013-01-01,60,"SG"
"FL_US_CHARLEY","1","CHARLEY_2004",2013-01-01,13,"FP"
"FL_US_FRANCES","1","FRANCES_US_FL_2004",2013-01-01,11,"FP"
"FL_US_IAN","1","IAN_US_FL_2022",2013-01-01,13,"FP"
"FL_US_IRMA","1","IRMA_US_FL_2017",2013-01-01,11,"FP"
"FL_US_JEANNE","1","JEANNE_US_FL_2004",2013-01-01,11,"FP"
"FL_US_MICHAEL","4","MICHAEL_US_FL_2018",2013-01-01,74,"SUS"
"FL_US_WILMA","1","WILMA_US_FL_2005",2013-01-01,10,"FP"
"LA_US_GUSTAV","4","GUSTAV_US_LA_2008",2013-01-01,150,"SUS"
"LA_US_IDA","4","IDA_US_LA_2009",2013-01-01,154,"SUS"
"LA_US_KATRINA","4","KATRINA_US_LA_2005",2013-01-01,143,"SUS"
"LA_US_LAURA","4","LAURA_US_LA_2020",2013-01-01,187,"SUS"
"LA_US_ZETA","4","ZETA_US_LA_2020",2013-01-01,143,"SUS"
"MX_ERNESTO","5","ERNESTO_MX_2012",2013-01-01,60,"SG"
"MX_GRACE","3","GRACE_MX_2021",2013-01-01,47,"C"
"MX_TAMPS_EMILY","6","EMILY_TAMPS_MX_2005",2013-01-01,37,"WG"
"NC_US_ISABEL","4","ISABEL_US_NC_2003",2013-01-01,71,"SUS"
"NIC_ETA","2","ETA_NIC_2020",2013-01-01,81,"CA"
"NIC_FELIX","2","FELIX_NIC_2007",2013-01-01,111,"CA"
"NIC_IOTA","2","IOTA_NIC_2020",2013-01-01,74,"CA"
"PR_USA_MARIA","3","MARIA_US_PR_2017",2013-01-01,59,"C"
"QROO_WILMA","3","WILMA_QROO_2005",2013-01-01,56,"C"
"TX_US_HARVEY","6","HARVEY_US_TX_2017",2013-01-01,97,"WG"
"TX_US_IKE","4","IKE_US_TX_2008",2013-01-01,171,"SUS"
"TX_US_RITA","4","RITA_US_TX_2005",2013-01-01,197,"SUS"
"US_FL_DELTA","4","DELTA_US_LA_2020",2013-01-01,188,"SUS"
"US_FL_DENNIS","4","DENNIS_US_FL_2005",2013-01-01,107,"SUS"
"VER_MX_KARL","5","KARL_MX_VER_2010",2013-01-01,25,"SG"
"YUC_DELTA","5","DELTA_YUCATAN_MX_2020",2013-01-01,57,"SG"
"YUC_MX_EMILY","5","EMILY_MX_YUC_2005",2013-01-01,59,"SG"
"YUC_MX_ISIDORE","5","ISIDORE_MX_YUC_2002",2013-01-01,55,"SG"
"AL_US_IVAN","4","IVAN_US_AL_2004",2013-02-01,309,"SUS"
"AL_US_SALLY","4","SALLY_US_AL_2020",2013-02-01,303,"SUS"
"ALEX","6","ALEX_2010",2013-02-01,8,"WG"
"BELICE_RICHARD","3","RICHARD_BELICE_2010",2013-02-01,63,"C"
"BELIZE_IRIS","2","IRIS_BELIZE_2001",2013-02-01,75,"CA"
"BETA","2","BETA_2005",2013-02-01,77,"CA"
"CR_OTTO","2","OTTO_CR_2016",2013-02-01,227,"CA"
"CUBA_DENNIS","3","DENNIS_CUBA_2005",2013-02-01,18,"C"
"CUBA_GUSTAV","3","GUSTAV_CUBA_2008",2013-02-01,37,"C"
"CUBA_IAN","3","IAN_CUBA_2022",2013-02-01,34,"C"
"CUBA_MICHELLE","3","MICHELLE_CUBA_2001",2013-02-01,20,"C"
"CUBA_PALOMA","3","PALOMA_CUBA_2008",2013-02-01,8,"C"
"CUBA_SANDY","3","SANDY_CUBA_2012",2013-02-01,30,"C"
"DEAN_QROO_MX","5","DEAN_QROO_MX_2007",2013-02-01,29,"SG"
"FL_US_CHARLEY","1","CHARLEY_2004",2013-02-01,40,"FP"
"FL_US_FRANCES","1","FRANCES_US_FL_2004",2013-02-01,47,"FP"
"FL_US_IAN","1","IAN_US_FL_2022",2013-02-01,39,"FP"
"FL_US_IRMA","1","IRMA_US_FL_2017",2013-02-01,35,"FP"
"FL_US_JEANNE","1","JEANNE_US_FL_2004",2013-02-01,46,"FP"
"FL_US_MICHAEL","4","MICHAEL_US_FL_2018",2013-02-01,254,"SUS"
"FL_US_WILMA","1","WILMA_US_FL_2005",2013-02-01,36,"FP"
"LA_US_GUSTAV","4","GUSTAV_US_LA_2008",2013-02-01,174,"SUS"
"LA_US_IDA","4","IDA_US_LA_2009",2013-02-01,208,"SUS"
"LA_US_KATRINA","4","KATRINA_US_LA_2005",2013-02-01,269,"SUS"
"LA_US_LAURA","4","LAURA_US_LA_2020",2013-02-01,102,"SUS"
"LA_US_ZETA","4","ZETA_US_LA_2020",2013-02-01,217,"SUS"
"MX_ERNESTO","5","ERNESTO_MX_2012",2013-02-01,27,"SG"
"MX_GRACE","3","GRACE_MX_2021",2013-02-01,34,"C"
"MX_TAMPS_EMILY","6","EMILY_TAMPS_MX_2005",2013-02-01,5,"WG"
"NC_US_ISABEL","4","ISABEL_US_NC_2003",2013-02-01,124,"SUS"
"NIC_ETA","2","ETA_NIC_2020",2013-02-01,39,"CA"
"NIC_FELIX","2","FELIX_NIC_2007",2013-02-01,27,"CA"
"NIC_IOTA","2","IOTA_NIC_2020",2013-02-01,43,"CA"
"PR_USA_MARIA","3","MARIA_US_PR_2017",2013-02-01,69,"C"
"QROO_WILMA","3","WILMA_QROO_2005",2013-02-01,25,"C"
"TX_US_HARVEY","6","HARVEY_US_TX_2017",2013-02-01,15,"WG"
"TX_US_IKE","4","IKE_US_TX_2008",2013-02-01,69,"SUS"
"TX_US_RITA","4","RITA_US_TX_2005",2013-02-01,89,"SUS"
"US_FL_DELTA","4","DELTA_US_LA_2020",2013-02-01,115,"SUS"
"US_FL_DENNIS","4","DENNIS_US_FL_2005",2013-02-01,309,"SUS"
"VER_MX_KARL","5","KARL_MX_VER_2010",2013-02-01,30,"SG"
"YUC_DELTA","5","DELTA_YUCATAN_MX_2020",2013-02-01,25,"SG"
"YUC_MX_EMILY","5","EMILY_MX_YUC_2005",2013-02-01,30,"SG"
"YUC_MX_ISIDORE","5","ISIDORE_MX_YUC_2002",2013-02-01,8,"SG"
"AL_US_IVAN","4","IVAN_US_AL_2004",2013-03-01,47,"SUS"
"AL_US_SALLY","4","SALLY_US_AL_2020",2013-03-01,44,"SUS"
"ALEX","6","ALEX_2010",2013-03-01,26,"WG"
"BELICE_RICHARD","3","RICHARD_BELICE_2010",2013-03-01,51,"C"
"BELIZE_IRIS","2","IRIS_BELIZE_2001",2013-03-01,168,"CA"
"BETA","2","BETA_2005",2013-03-01,95,"CA"
"CR_OTTO","2","OTTO_CR_2016",2013-03-01,98,"CA"
"CUBA_DENNIS","3","DENNIS_CUBA_2005",2013-03-01,50,"C"
"CUBA_GUSTAV","3","GUSTAV_CUBA_2008",2013-03-01,83,"C"
"CUBA_IAN","3","IAN_CUBA_2022",2013-03-01,78,"C"
"CUBA_MICHELLE","3","MICHELLE_CUBA_2001",2013-03-01,47,"C"
"CUBA_PALOMA","3","PALOMA_CUBA_2008",2013-03-01,26,"C"
"CUBA_SANDY","3","SANDY_CUBA_2012",2013-03-01,38,"C"
"DEAN_QROO_MX","5","DEAN_QROO_MX_2007",2013-03-01,11,"SG"
"FL_US_CHARLEY","1","CHARLEY_2004",2013-03-01,50,"FP"
"FL_US_FRANCES","1","FRANCES_US_FL_2004",2013-03-01,42,"FP"
"FL_US_IAN","1","IAN_US_FL_2022",2013-03-01,49,"FP"
"FL_US_IRMA","1","IRMA_US_FL_2017",2013-03-01,49,"FP"
"FL_US_JEANNE","1","JEANNE_US_FL_2004",2013-03-01,42,"FP"
"FL_US_MICHAEL","4","MICHAEL_US_FL_2018",2013-03-01,72,"SUS"
"FL_US_WILMA","1","WILMA_US_FL_2005",2013-03-01,39,"FP"
"LA_US_GUSTAV","4","GUSTAV_US_LA_2008",2013-03-01,29,"SUS"
"LA_US_IDA","4","IDA_US_LA_2009",2013-03-01,32,"SUS"
"LA_US_KATRINA","4","KATRINA_US_LA_2005",2013-03-01,42,"SUS"
"LA_US_LAURA","4","LAURA_US_LA_2020",2013-03-01,44,"SUS"
"LA_US_ZETA","4","ZETA_US_LA_2020",2013-03-01,28,"SUS"
"MX_ERNESTO","5","ERNESTO_MX_2012",2013-03-01,10,"SG"
"MX_GRACE","3","GRACE_MX_2021",2013-03-01,76,"C"
"MX_TAMPS_EMILY","6","EMILY_TAMPS_MX_2005",2013-03-01,18,"WG"
"NC_US_ISABEL","4","ISABEL_US_NC_2003",2013-03-01,58,"SUS"
"NIC_ETA","2","ETA_NIC_2020",2013-03-01,125,"CA"
"NIC_FELIX","2","FELIX_NIC_2007",2013-03-01,124,"CA"
"NIC_IOTA","2","IOTA_NIC_2020",2013-03-01,117,"CA"
"PR_USA_MARIA","3","MARIA_US_PR_2017",2013-03-01,68,"C"
"QROO_WILMA","3","WILMA_QROO_2005",2013-03-01,48,"C"
"TX_US_HARVEY","6","HARVEY_US_TX_2017",2013-03-01,13,"WG"
"TX_US_IKE","4","IKE_US_TX_2008",2013-03-01,32,"SUS"
"TX_US_RITA","4","RITA_US_TX_2005",2013-03-01,40,"SUS"
"US_FL_DELTA","4","DELTA_US_LA_2020",2013-03-01,43,"SUS"
"US_FL_DENNIS","4","DENNIS_US_FL_2005",2013-03-01,51,"SUS"
"VER_MX_KARL","5","KARL_MX_VER_2010",2013-03-01,28,"SG"
"YUC_DELTA","5","DELTA_YUCATAN_MX_2020",2013-03-01,49,"SG"
"YUC_MX_EMILY","5","EMILY_MX_YUC_2005",2013-03-01,39,"SG"
"YUC_MX_ISIDORE","5","ISIDORE_MX_YUC_2002",2013-03-01,21,"SG"
"AL_US_IVAN","4","IVAN_US_AL_2004",2013-04-01,158,"SUS"
"AL_US_SALLY","4","SALLY_US_AL_2020",2013-04-01,145,"SUS"
"ALEX","6","ALEX_2010",2013-04-01,31,"WG"
"BELICE_RICHARD","3","RICHARD_BELICE_2010",2013-04-01,19,"C"
"BELIZE_IRIS","2","IRIS_BELIZE_2001",2013-04-01,38,"CA"
"BETA","2","BETA_2005",2013-04-01,51,"CA"
"CR_OTTO","2","OTTO_CR_2016",2013-04-01,100,"CA"
"CUBA_DENNIS","3","DENNIS_CUBA_2005",2013-04-01,83,"C"
"CUBA_GUSTAV","3","GUSTAV_CUBA_2008",2013-04-01,72,"C"
"CUBA_IAN","3","IAN_CUBA_2022",2013-04-01,64,"C"
"CUBA_MICHELLE","3","MICHELLE_CUBA_2001",2013-04-01,93,"C"
"CUBA_PALOMA","3","PALOMA_CUBA_2008",2013-04-01,103,"C"
"CUBA_SANDY","3","SANDY_CUBA_2012",2013-04-01,78,"C"
"DEAN_QROO_MX","5","DEAN_QROO_MX_2007",2013-04-01,36,"SG"
"FL_US_CHARLEY","1","CHARLEY_2004",2013-04-01,92,"FP"
"FL_US_FRANCES","1","FRANCES_US_FL_2004",2013-04-01,95,"FP"
"FL_US_IAN","1","IAN_US_FL_2022",2013-04-01,88,"FP"
"FL_US_IRMA","1","IRMA_US_FL_2017",2013-04-01,82,"FP"
"FL_US_JEANNE","1","JEANNE_US_FL_2004",2013-04-01,99,"FP"
"FL_US_MICHAEL","4","MICHAEL_US_FL_2018",2013-04-01,136,"SUS"
"FL_US_WILMA","1","WILMA_US_FL_2005",2013-04-01,89,"FP"
"LA_US_GUSTAV","4","GUSTAV_US_LA_2008",2013-04-01,204,"SUS"
"LA_US_IDA","4","IDA_US_LA_2009",2013-04-01,236,"SUS"
"LA_US_KATRINA","4","KATRINA_US_LA_2005",2013-04-01,226,"SUS"
"LA_US_LAURA","4","LAURA_US_LA_2020",2013-04-01,122,"SUS"
"LA_US_ZETA","4","ZETA_US_LA_2020",2013-04-01,228,"SUS"
"MX_ERNESTO","5","ERNESTO_MX_2012",2013-04-01,34,"SG"
"MX_GRACE","3","GRACE_MX_2021",2013-04-01,37,"C"
"MX_TAMPS_EMILY","6","EMILY_TAMPS_MX_2005",2013-04-01,42,"WG"
"NC_US_ISABEL","4","ISABEL_US_NC_2003",2013-04-01,106,"SUS"
"NIC_ETA","2","ETA_NIC_2020",2013-04-01,42,"CA"
"NIC_FELIX","2","FELIX_NIC_2007",2013-04-01,30,"CA"
"NIC_IOTA","2","IOTA_NIC_2020",2013-04-01,46,"CA"
"PR_USA_MARIA","3","MARIA_US_PR_2017",2013-04-01,154,"C"
"QROO_WILMA","3","WILMA_QROO_2005",2013-04-01,54,"C"
"TX_US_HARVEY","6","HARVEY_US_TX_2017",2013-04-01,69,"WG"
"TX_US_IKE","4","IKE_US_TX_2008",2013-04-01,108,"SUS"
"TX_US_RITA","4","RITA_US_TX_2005",2013-04-01,118,"SUS"
"US_FL_DELTA","4","DELTA_US_LA_2020",2013-04-01,141,"SUS"
"US_FL_DENNIS","4","DENNIS_US_FL_2005",2013-04-01,153,"SUS"
"VER_MX_KARL","5","KARL_MX_VER_2010",2013-04-01,13,"SG"
"YUC_DELTA","5","DELTA_YUCATAN_MX_2020",2013-04-01,59,"SG"
"YUC_MX_EMILY","5","EMILY_MX_YUC_2005",2013-04-01,62,"SG"
"YUC_MX_ISIDORE","5","ISIDORE_MX_YUC_2002",2013-04-01,62,"SG"
"AL_US_IVAN","4","IVAN_US_AL_2004",2013-05-01,179,"SUS"
"AL_US_SALLY","4","SALLY_US_AL_2020",2013-05-01,170,"SUS"
"ALEX","6","ALEX_2010",2013-05-01,67,"WG"
"BELICE_RICHARD","3","RICHARD_BELICE_2010",2013-05-01,154,"C"
"BELIZE_IRIS","2","IRIS_BELIZE_2001",2013-05-01,276,"CA"
"BETA","2","BETA_2005",2013-05-01,171,"CA"
"CR_OTTO","2","OTTO_CR_2016",2013-05-01,182,"CA"
"CUBA_DENNIS","3","DENNIS_CUBA_2005",2013-05-01,232,"C"
"CUBA_GUSTAV","3","GUSTAV_CUBA_2008",2013-05-01,145,"C"
"CUBA_IAN","3","IAN_CUBA_2022",2013-05-01,136,"C"
"CUBA_MICHELLE","3","MICHELLE_CUBA_2001",2013-05-01,248,"C"
"CUBA_PALOMA","3","PALOMA_CUBA_2008",2013-05-01,236,"C"
"CUBA_SANDY","3","SANDY_CUBA_2012",2013-05-01,158,"C"
"DEAN_QROO_MX","5","DEAN_QROO_MX_2007",2013-05-01,155,"SG"
"FL_US_CHARLEY","1","CHARLEY_2004",2013-05-01,130,"FP"
"FL_US_FRANCES","1","FRANCES_US_FL_2004",2013-05-01,180,"FP"
"FL_US_IAN","1","IAN_US_FL_2022",2013-05-01,135,"FP"
"FL_US_IRMA","1","IRMA_US_FL_2017",2013-05-01,164,"FP"
"FL_US_JEANNE","1","JEANNE_US_FL_2004",2013-05-01,185,"FP"
"FL_US_MICHAEL","4","MICHAEL_US_FL_2018",2013-05-01,133,"SUS"
"FL_US_WILMA","1","WILMA_US_FL_2005",2013-05-01,212,"FP"
"LA_US_GUSTAV","4","GUSTAV_US_LA_2008",2013-05-01,183,"SUS"
"LA_US_IDA","4","IDA_US_LA_2009",2013-05-01,200,"SUS"
"LA_US_KATRINA","4","KATRINA_US_LA_2005",2013-05-01,183,"SUS"
"LA_US_LAURA","4","LAURA_US_LA_2020",2013-05-01,88,"SUS"
"LA_US_ZETA","4","ZETA_US_LA_2020",2013-05-01,200,"SUS"
"MX_ERNESTO","5","ERNESTO_MX_2012",2013-05-01,156,"SG"
"MX_GRACE","3","GRACE_MX_2021",2013-05-01,76,"C"
"MX_TAMPS_EMILY","6","EMILY_TAMPS_MX_2005",2013-05-01,46,"WG"
"NC_US_ISABEL","4","ISABEL_US_NC_2003",2013-05-01,84,"SUS"
"NIC_ETA","2","ETA_NIC_2020",2013-05-01,204,"CA"
"NIC_FELIX","2","FELIX_NIC_2007",2013-05-01,186,"CA"
"NIC_IOTA","2","IOTA_NIC_2020",2013-05-01,195,"CA"
"PR_USA_MARIA","3","MARIA_US_PR_2017",2013-05-01,508,"C"
"QROO_WILMA","3","WILMA_QROO_2005",2013-05-01,119,"C"
"TX_US_HARVEY","6","HARVEY_US_TX_2017",2013-05-01,157,"WG"
"TX_US_IKE","4","IKE_US_TX_2008",2013-05-01,79,"SUS"
"TX_US_RITA","4","RITA_US_TX_2005",2013-05-01,72,"SUS"
"US_FL_DELTA","4","DELTA_US_LA_2020",2013-05-01,120,"SUS"
"US_FL_DENNIS","4","DENNIS_US_FL_2005",2013-05-01,176,"SUS"
"VER_MX_KARL","5","KARL_MX_VER_2010",2013-05-01,49,"SG"
"YUC_DELTA","5","DELTA_YUCATAN_MX_2020",2013-05-01,126,"SG"
"YUC_MX_EMILY","5","EMILY_MX_YUC_2005",2013-05-01,159,"SG"
"YUC_MX_ISIDORE","5","ISIDORE_MX_YUC_2002",2013-05-01,128,"SG"
"AL_US_IVAN","4","IVAN_US_AL_2004",2013-06-01,166,"SUS"
"AL_US_SALLY","4","SALLY_US_AL_2020",2013-06-01,187,"SUS"
"ALEX","6","ALEX_2010",2013-06-01,88,"WG"
"BELICE_RICHARD","3","RICHARD_BELICE_2010",2013-06-01,334,"C"
"BELIZE_IRIS","2","IRIS_BELIZE_2001",2013-06-01,616,"CA"
"BETA","2","BETA_2005",2013-06-01,274,"CA"
"CR_OTTO","2","OTTO_CR_2016",2013-06-01,285,"CA"
"CUBA_DENNIS","3","DENNIS_CUBA_2005",2013-06-01,184,"C"
"CUBA_GUSTAV","3","GUSTAV_CUBA_2008",2013-06-01,351,"C"
"CUBA_IAN","3","IAN_CUBA_2022",2013-06-01,394,"C"
"CUBA_MICHELLE","3","MICHELLE_CUBA_2001",2013-06-01,224,"C"
"CUBA_PALOMA","3","PALOMA_CUBA_2008",2013-06-01,126,"C"
"CUBA_SANDY","3","SANDY_CUBA_2012",2013-06-01,54,"C"
"DEAN_QROO_MX","5","DEAN_QROO_MX_2007",2013-06-01,142,"SG"
"FL_US_CHARLEY","1","CHARLEY_2004",2013-06-01,346,"FP"
"FL_US_FRANCES","1","FRANCES_US_FL_2004",2013-06-01,247,"FP"
"FL_US_IAN","1","IAN_US_FL_2022",2013-06-01,343,"FP"
"FL_US_IRMA","1","IRMA_US_FL_2017",2013-06-01,333,"FP"
"FL_US_JEANNE","1","JEANNE_US_FL_2004",2013-06-01,240,"FP"
"FL_US_MICHAEL","4","MICHAEL_US_FL_2018",2013-06-01,227,"SUS"
"FL_US_WILMA","1","WILMA_US_FL_2005",2013-06-01,298,"FP"
"LA_US_GUSTAV","4","GUSTAV_US_LA_2008",2013-06-01,125,"SUS"
"LA_US_IDA","4","IDA_US_LA_2009",2013-06-01,116,"SUS"
"LA_US_KATRINA","4","KATRINA_US_LA_2005",2013-06-01,122,"SUS"
"LA_US_LAURA","4","LAURA_US_LA_2020",2013-06-01,131,"SUS"
"LA_US_ZETA","4","ZETA_US_LA_2020",2013-06-01,111,"SUS"
"MX_ERNESTO","5","ERNESTO_MX_2012",2013-06-01,147,"SG"
"MX_GRACE","3","GRACE_MX_2021",2013-06-01,203,"C"
"MX_TAMPS_EMILY","6","EMILY_TAMPS_MX_2005",2013-06-01,76,"WG"
"NC_US_ISABEL","4","ISABEL_US_NC_2003",2013-06-01,238,"SUS"
"NIC_ETA","2","ETA_NIC_2020",2013-06-01,271,"CA"
"NIC_FELIX","2","FELIX_NIC_2007",2013-06-01,239,"CA"
"NIC_IOTA","2","IOTA_NIC_2020",2013-06-01,268,"CA"
"PR_USA_MARIA","3","MARIA_US_PR_2017",2013-06-01,446.7143,"C"
"QROO_WILMA","3","WILMA_QROO_2005",2013-06-01,284,"C"
"TX_US_HARVEY","6","HARVEY_US_TX_2017",2013-06-01,63,"WG"
"TX_US_IKE","4","IKE_US_TX_2008",2013-06-01,128,"SUS"
"TX_US_RITA","4","RITA_US_TX_2005",2013-06-01,141,"SUS"
"US_FL_DELTA","4","DELTA_US_LA_2020",2013-06-01,122,"SUS"
"US_FL_DENNIS","4","DENNIS_US_FL_2005",2013-06-01,188,"SUS"
"VER_MX_KARL","5","KARL_MX_VER_2010",2013-06-01,319,"SG"
"YUC_DELTA","5","DELTA_YUCATAN_MX_2020",2013-06-01,270,"SG"
"YUC_MX_EMILY","5","EMILY_MX_YUC_2005",2013-06-01,205,"SG"
"YUC_MX_ISIDORE","5","ISIDORE_MX_YUC_2002",2013-06-01,174,"SG"
"AL_US_IVAN","4","IVAN_US_AL_2004",2013-07-01,262,"SUS"
"AL_US_SALLY","4","SALLY_US_AL_2020",2013-07-01,306,"SUS"
"ALEX","6","ALEX_2010",2013-07-01,86,"WG"
"BELICE_RICHARD","3","RICHARD_BELICE_2010",2013-07-01,411,"C"
"BELIZE_IRIS","2","IRIS_BELIZE_2001",2013-07-01,788.8154,"CA"
"BETA","2","BETA_2005",2013-07-01,250,"CA"
"CR_OTTO","2","OTTO_CR_2016",2013-07-01,300.5,"CA"
"CUBA_DENNIS","3","DENNIS_CUBA_2005",2013-07-01,390.569,"C"
"CUBA_GUSTAV","3","GUSTAV_CUBA_2008",2013-07-01,299,"C"
"CUBA_IAN","3","IAN_CUBA_2022",2013-07-01,281,"C"
"CUBA_MICHELLE","3","MICHELLE_CUBA_2001",2013-07-01,394.3333,"C"
"CUBA_PALOMA","3","PALOMA_CUBA_2008",2013-07-01,201,"C"
"CUBA_SANDY","3","SANDY_CUBA_2012",2013-07-01,122,"C"
"DEAN_QROO_MX","5","DEAN_QROO_MX_2007",2013-07-01,222,"SG"
"FL_US_CHARLEY","1","CHARLEY_2004",2013-07-01,355,"FP"
"FL_US_FRANCES","1","FRANCES_US_FL_2004",2013-07-01,327,"FP"
"FL_US_IAN","1","IAN_US_FL_2022",2013-07-01,349,"FP"
"FL_US_IRMA","1","IRMA_US_FL_2017",2013-07-01,402,"FP"
"FL_US_JEANNE","1","JEANNE_US_FL_2004",2013-07-01,329,"FP"
"FL_US_MICHAEL","4","MICHAEL_US_FL_2018",2013-07-01,340,"SUS"
"FL_US_WILMA","1","WILMA_US_FL_2005",2013-07-01,403,"FP"
"LA_US_GUSTAV","4","GUSTAV_US_LA_2008",2013-07-01,165,"SUS"
"LA_US_IDA","4","IDA_US_LA_2009",2013-07-01,151,"SUS"
"LA_US_KATRINA","4","KATRINA_US_LA_2005",2013-07-01,159,"SUS"
"LA_US_LAURA","4","LAURA_US_LA_2020",2013-07-01,94,"SUS"
"LA_US_ZETA","4","ZETA_US_LA_2020",2013-07-01,154,"SUS"
"MX_ERNESTO","5","ERNESTO_MX_2012",2013-07-01,222,"SG"
"MX_GRACE","3","GRACE_MX_2021",2013-07-01,170,"C"
"MX_TAMPS_EMILY","6","EMILY_TAMPS_MX_2005",2013-07-01,89,"WG"
"NC_US_ISABEL","4","ISABEL_US_NC_2003",2013-07-01,127,"SUS"
"NIC_ETA","2","ETA_NIC_2020",2013-07-01,219,"CA"
"NIC_FELIX","2","FELIX_NIC_2007",2013-07-01,177,"CA"
"NIC_IOTA","2","IOTA_NIC_2020",2013-07-01,226,"CA"
"PR_USA_MARIA","3","MARIA_US_PR_2017",2013-07-01,235,"C"
"QROO_WILMA","3","WILMA_QROO_2005",2013-07-01,141,"C"
"TX_US_HARVEY","6","HARVEY_US_TX_2017",2013-07-01,56,"WG"
"TX_US_IKE","4","IKE_US_TX_2008",2013-07-01,61,"SUS"
"TX_US_RITA","4","RITA_US_TX_2005",2013-07-01,83,"SUS"
"US_FL_DELTA","4","DELTA_US_LA_2020",2013-07-01,106,"SUS"
"US_FL_DENNIS","4","DENNIS_US_FL_2005",2013-07-01,283,"SUS"
"VER_MX_KARL","5","KARL_MX_VER_2010",2013-07-01,181,"SG"
"YUC_DELTA","5","DELTA_YUCATAN_MX_2020",2013-07-01,162,"SG"
"YUC_MX_EMILY","5","EMILY_MX_YUC_2005",2013-07-01,177,"SG"
"YUC_MX_ISIDORE","5","ISIDORE_MX_YUC_2002",2013-07-01,188,"SG"
"AL_US_IVAN","4","IVAN_US_AL_2004",2013-08-01,207,"SUS"
"AL_US_SALLY","4","SALLY_US_AL_2020",2013-08-01,234,"SUS"
"ALEX","6","ALEX_2010",2013-08-01,135,"WG"
"BELICE_RICHARD","3","RICHARD_BELICE_2010",2013-08-01,352,"C"
"BELIZE_IRIS","2","IRIS_BELIZE_2001",2013-08-01,865,"CA"
"BETA","2","BETA_2005",2013-08-01,285,"CA"
"CR_OTTO","2","OTTO_CR_2016",2013-08-01,244,"CA"
"CUBA_DENNIS","3","DENNIS_CUBA_2005",2013-08-01,363,"C"
"CUBA_GUSTAV","3","GUSTAV_CUBA_2008",2013-08-01,376,"C"
"CUBA_IAN","3","IAN_CUBA_2022",2013-08-01,387,"C"
"CUBA_MICHELLE","3","MICHELLE_CUBA_2001",2013-08-01,339,"C"
"CUBA_PALOMA","3","PALOMA_CUBA_2008",2013-08-01,204,"C"
"CUBA_SANDY","3","SANDY_CUBA_2012",2013-08-01,137,"C"
"DEAN_QROO_MX","5","DEAN_QROO_MX_2007",2013-08-01,240,"SG"
"FL_US_CHARLEY","1","CHARLEY_2004",2013-08-01,256,"FP"
"FL_US_FRANCES","1","FRANCES_US_FL_2004",2013-08-01,170,"FP"
"FL_US_IAN","1","IAN_US_FL_2022",2013-08-01,237,"FP"
"FL_US_IRMA","1","IRMA_US_FL_2017",2013-08-01,233,"FP"
"FL_US_JEANNE","1","JEANNE_US_FL_2004",2013-08-01,167,"FP"
"FL_US_MICHAEL","4","MICHAEL_US_FL_2018",2013-08-01,248,"SUS"
"FL_US_WILMA","1","WILMA_US_FL_2005",2013-08-01,187,"FP"
"LA_US_GUSTAV","4","GUSTAV_US_LA_2008",2013-08-01,203,"SUS"
"LA_US_IDA","4","IDA_US_LA_2009",2013-08-01,184,"SUS"
"LA_US_KATRINA","4","KATRINA_US_LA_2005",2013-08-01,167,"SUS"
"LA_US_LAURA","4","LAURA_US_LA_2020",2013-08-01,89,"SUS"
"LA_US_ZETA","4","ZETA_US_LA_2020",2013-08-01,195,"SUS"
"MX_ERNESTO","5","ERNESTO_MX_2012",2013-08-01,237,"SG"
"MX_GRACE","3","GRACE_MX_2021",2013-08-01,264.7765,"C"
"MX_TAMPS_EMILY","6","EMILY_TAMPS_MX_2005",2013-08-01,107,"WG"
"NC_US_ISABEL","4","ISABEL_US_NC_2003",2013-08-01,150,"SUS"
"NIC_ETA","2","ETA_NIC_2020",2013-08-01,318,"CA"
"NIC_FELIX","2","FELIX_NIC_2007",2013-08-01,360,"CA"
"NIC_IOTA","2","IOTA_NIC_2020",2013-08-01,295,"CA"
"PR_USA_MARIA","3","MARIA_US_PR_2017",2013-08-01,288,"C"
"QROO_WILMA","3","WILMA_QROO_2005",2013-08-01,240,"C"
"TX_US_HARVEY","6","HARVEY_US_TX_2017",2013-08-01,43,"WG"
"TX_US_IKE","4","IKE_US_TX_2008",2013-08-01,61,"SUS"
"TX_US_RITA","4","RITA_US_TX_2005",2013-08-01,79,"SUS"
"US_FL_DELTA","4","DELTA_US_LA_2020",2013-08-01,111,"SUS"
"US_FL_DENNIS","4","DENNIS_US_FL_2005",2013-08-01,207,"SUS"
"VER_MX_KARL","5","KARL_MX_VER_2010",2013-08-01,294.5478,"SG"
"YUC_DELTA","5","DELTA_YUCATAN_MX_2020",2013-08-01,244,"SG"
"YUC_MX_EMILY","5","EMILY_MX_YUC_2005",2013-08-01,256,"SG"
"YUC_MX_ISIDORE","5","ISIDORE_MX_YUC_2002",2013-08-01,206,"SG"
"AL_US_IVAN","4","IVAN_US_AL_2004",2013-09-01,138,"SUS"
"AL_US_SALLY","4","SALLY_US_AL_2020",2013-09-01,156,"SUS"
"ALEX","6","ALEX_2010",2013-09-01,366,"WG"
"BELICE_RICHARD","3","RICHARD_BELICE_2010",2013-09-01,277,"C"
"BELIZE_IRIS","2","IRIS_BELIZE_2001",2013-09-01,538,"CA"
"BETA","2","BETA_2005",2013-09-01,353,"CA"
"CR_OTTO","2","OTTO_CR_2016",2013-09-01,342,"CA"
"CUBA_DENNIS","3","DENNIS_CUBA_2005",2013-09-01,250,"C"
"CUBA_GUSTAV","3","GUSTAV_CUBA_2008",2013-09-01,279,"C"
"CUBA_IAN","3","IAN_CUBA_2022",2013-09-01,289,"C"
"CUBA_MICHELLE","3","MICHELLE_CUBA_2001",2013-09-01,250,"C"
"CUBA_PALOMA","3","PALOMA_CUBA_2008",2013-09-01,161,"C"
"CUBA_SANDY","3","SANDY_CUBA_2012",2013-09-01,116,"C"
"DEAN_QROO_MX","5","DEAN_QROO_MX_2007",2013-09-01,219,"SG"
"FL_US_CHARLEY","1","CHARLEY_2004",2013-09-01,196,"FP"
"FL_US_FRANCES","1","FRANCES_US_FL_2004",2013-09-01,178,"FP"
"FL_US_IAN","1","IAN_US_FL_2022",2013-09-01,192,"FP"
"FL_US_IRMA","1","IRMA_US_FL_2017",2013-09-01,214,"FP"
"FL_US_JEANNE","1","JEANNE_US_FL_2004",2013-09-01,179,"FP"
"FL_US_MICHAEL","4","MICHAEL_US_FL_2018",2013-09-01,137,"SUS"
"FL_US_WILMA","1","WILMA_US_FL_2005",2013-09-01,217,"FP"
"LA_US_GUSTAV","4","GUSTAV_US_LA_2008",2013-09-01,228,"SUS"
"LA_US_IDA","4","IDA_US_LA_2009",2013-09-01,220,"SUS"
"LA_US_KATRINA","4","KATRINA_US_LA_2005",2013-09-01,164,"SUS"
"LA_US_LAURA","4","LAURA_US_LA_2020",2013-09-01,220,"SUS"
"LA_US_ZETA","4","ZETA_US_LA_2020",2013-09-01,217,"SUS"
"MX_ERNESTO","5","ERNESTO_MX_2012",2013-09-01,224,"SG"
"MX_GRACE","3","GRACE_MX_2021",2013-09-01,557.8,"C"
"MX_TAMPS_EMILY","6","EMILY_TAMPS_MX_2005",2013-09-01,341,"WG"
"NC_US_ISABEL","4","ISABEL_US_NC_2003",2013-09-01,50,"SUS"
"NIC_ETA","2","ETA_NIC_2020",2013-09-01,432,"CA"
"NIC_FELIX","2","FELIX_NIC_2007",2013-09-01,461,"CA"
"NIC_IOTA","2","IOTA_NIC_2020",2013-09-01,391,"CA"
"PR_USA_MARIA","3","MARIA_US_PR_2017",2013-09-01,268,"C"
"QROO_WILMA","3","WILMA_QROO_2005",2013-09-01,229,"C"
"TX_US_HARVEY","6","HARVEY_US_TX_2017",2013-09-01,198,"WG"
"TX_US_IKE","4","IKE_US_TX_2008",2013-09-01,166,"SUS"
"TX_US_RITA","4","RITA_US_TX_2005",2013-09-01,197,"SUS"
"US_FL_DELTA","4","DELTA_US_LA_2020",2013-09-01,218,"SUS"
"US_FL_DENNIS","4","DENNIS_US_FL_2005",2013-09-01,136,"SUS"
"VER_MX_KARL","5","KARL_MX_VER_2010",2013-09-01,416.8993,"SG"
"YUC_DELTA","5","DELTA_YUCATAN_MX_2020",2013-09-01,226,"SG"
"YUC_MX_EMILY","5","EMILY_MX_YUC_2005",2013-09-01,211,"SG"
"YUC_MX_ISIDORE","5","ISIDORE_MX_YUC_2002",2013-09-01,158,"SG"
"AL_US_IVAN","4","IVAN_US_AL_2004",2013-10-01,48,"SUS"
"AL_US_SALLY","4","SALLY_US_AL_2020",2013-10-01,51,"SUS"
"ALEX","6","ALEX_2010",2013-10-01,51,"WG"
"BELICE_RICHARD","3","RICHARD_BELICE_2010",2013-10-01,284,"C"
"BELIZE_IRIS","2","IRIS_BELIZE_2001",2013-10-01,386.1998,"CA"
"BETA","2","BETA_2005",2013-10-01,282,"CA"
"CR_OTTO","2","OTTO_CR_2016",2013-10-01,265,"CA"
"CUBA_DENNIS","3","DENNIS_CUBA_2005",2013-10-01,84,"C"
"CUBA_GUSTAV","3","GUSTAV_CUBA_2008",2013-10-01,114,"C"
"CUBA_IAN","3","IAN_CUBA_2022",2013-10-01,122,"C"
"CUBA_MICHELLE","3","MICHELLE_CUBA_2001",2013-10-01,94,"C"
"CUBA_PALOMA","3","PALOMA_CUBA_2008",2013-10-01,24,"C"
"CUBA_SANDY","3","SANDY_CUBA_2012",2013-10-01,42,"C"
"DEAN_QROO_MX","5","DEAN_QROO_MX_2007",2013-10-01,169,"SG"
"FL_US_CHARLEY","1","CHARLEY_2004",2013-10-01,35,"FP"
"FL_US_FRANCES","1","FRANCES_US_FL_2004",2013-10-01,64,"FP"
"FL_US_IAN","1","IAN_US_FL_2022",2013-10-01,38,"FP"
"FL_US_IRMA","1","IRMA_US_FL_2017",2013-10-01,52,"FP"
"FL_US_JEANNE","1","JEANNE_US_FL_2004",2013-10-01,68,"FP"
"FL_US_MICHAEL","4","MICHAEL_US_FL_2018",2013-10-01,38,"SUS"
"FL_US_WILMA","1","WILMA_US_FL_2005",2013-10-01,70,"FP"
"LA_US_GUSTAV","4","GUSTAV_US_LA_2008",2013-10-01,75,"SUS"
"LA_US_IDA","4","IDA_US_LA_2009",2013-10-01,63,"SUS"
"LA_US_KATRINA","4","KATRINA_US_LA_2005",2013-10-01,47,"SUS"
"LA_US_LAURA","4","LAURA_US_LA_2020",2013-10-01,175,"SUS"
"LA_US_ZETA","4","ZETA_US_LA_2020",2013-10-01,57,"SUS"
"MX_ERNESTO","5","ERNESTO_MX_2012",2013-10-01,168,"SG"
"MX_GRACE","3","GRACE_MX_2021",2013-10-01,253,"C"
"MX_TAMPS_EMILY","6","EMILY_TAMPS_MX_2005",2013-10-01,40,"WG"
"NC_US_ISABEL","4","ISABEL_US_NC_2003",2013-10-01,100,"SUS"
"NIC_ETA","2","ETA_NIC_2020",2013-10-01,269,"CA"
"NIC_FELIX","2","FELIX_NIC_2007",2013-10-01,279,"CA"
"NIC_IOTA","2","IOTA_NIC_2020",2013-10-01,270,"CA"
"PR_USA_MARIA","3","MARIA_US_PR_2017",2013-10-01,128,"C"
"QROO_WILMA","3","WILMA_QROO_2005",2013-10-01,208,"C"
"TX_US_HARVEY","6","HARVEY_US_TX_2017",2013-10-01,98,"WG"
"TX_US_IKE","4","IKE_US_TX_2008",2013-10-01,199,"SUS"
"TX_US_RITA","4","RITA_US_TX_2005",2013-10-01,197,"SUS"
"US_FL_DELTA","4","DELTA_US_LA_2020",2013-10-01,160,"SUS"
"US_FL_DENNIS","4","DENNIS_US_FL_2005",2013-10-01,48,"SUS"
"VER_MX_KARL","5","KARL_MX_VER_2010",2013-10-01,145,"SG"
"YUC_DELTA","5","DELTA_YUCATAN_MX_2020",2013-10-01,214,"SG"
"YUC_MX_EMILY","5","EMILY_MX_YUC_2005",2013-10-01,212,"SG"
"YUC_MX_ISIDORE","5","ISIDORE_MX_YUC_2002",2013-10-01,160,"SG"
"AL_US_IVAN","4","IVAN_US_AL_2004",2013-11-01,102,"SUS"
"AL_US_SALLY","4","SALLY_US_AL_2020",2013-11-01,111,"SUS"
"ALEX","6","ALEX_2010",2013-11-01,87,"WG"
"BELICE_RICHARD","3","RICHARD_BELICE_2010",2013-11-01,263,"C"
"BELIZE_IRIS","2","IRIS_BELIZE_2001",2013-11-01,345,"CA"
"BETA","2","BETA_2005",2013-11-01,181,"CA"
"CR_OTTO","2","OTTO_CR_2016",2013-11-01,366,"CA"
"CUBA_DENNIS","3","DENNIS_CUBA_2005",2013-11-01,77,"C"
"CUBA_GUSTAV","3","GUSTAV_CUBA_2008",2013-11-01,159,"C"
"CUBA_IAN","3","IAN_CUBA_2022",2013-11-01,144,"C"
"CUBA_MICHELLE","3","MICHELLE_CUBA_2001",2013-11-01,68,"C"
"CUBA_PALOMA","3","PALOMA_CUBA_2008",2013-11-01,46,"C"
"CUBA_SANDY","3","SANDY_CUBA_2012",2013-11-01,62,"C"
"DEAN_QROO_MX","5","DEAN_QROO_MX_2007",2013-11-01,148,"SG"
"FL_US_CHARLEY","1","CHARLEY_2004",2013-11-01,53,"FP"
"FL_US_FRANCES","1","FRANCES_US_FL_2004",2013-11-01,71,"FP"
"FL_US_IAN","1","IAN_US_FL_2022",2013-11-01,54,"FP"
"FL_US_IRMA","1","IRMA_US_FL_2017",2013-11-01,65,"FP"
"FL_US_JEANNE","1","JEANNE_US_FL_2004",2013-11-01,77,"FP"
"FL_US_MICHAEL","4","MICHAEL_US_FL_2018",2013-11-01,90,"SUS"
"FL_US_WILMA","1","WILMA_US_FL_2005",2013-11-01,82,"FP"
"LA_US_GUSTAV","4","GUSTAV_US_LA_2008",2013-11-01,61,"SUS"
"LA_US_IDA","4","IDA_US_LA_2009",2013-11-01,63,"SUS"
"LA_US_KATRINA","4","KATRINA_US_LA_2005",2013-11-01,78,"SUS"
"LA_US_LAURA","4","LAURA_US_LA_2020",2013-11-01,83,"SUS"
"LA_US_ZETA","4","ZETA_US_LA_2020",2013-11-01,60,"SUS"
"MX_ERNESTO","5","ERNESTO_MX_2012",2013-11-01,147,"SG"
"MX_GRACE","3","GRACE_MX_2021",2013-11-01,158,"C"
"MX_TAMPS_EMILY","6","EMILY_TAMPS_MX_2005",2013-11-01,72,"WG"
"NC_US_ISABEL","4","ISABEL_US_NC_2003",2013-11-01,75,"SUS"
"NIC_ETA","2","ETA_NIC_2020",2013-11-01,183,"CA"
"NIC_FELIX","2","FELIX_NIC_2007",2013-11-01,198,"CA"
"NIC_IOTA","2","IOTA_NIC_2020",2013-11-01,178,"CA"
"PR_USA_MARIA","3","MARIA_US_PR_2017",2013-11-01,292,"C"
"QROO_WILMA","3","WILMA_QROO_2005",2013-11-01,173,"C"
"TX_US_HARVEY","6","HARVEY_US_TX_2017",2013-11-01,57,"WG"
"TX_US_IKE","4","IKE_US_TX_2008",2013-11-01,81,"SUS"
"TX_US_RITA","4","RITA_US_TX_2005",2013-11-01,88,"SUS"
"US_FL_DELTA","4","DELTA_US_LA_2020",2013-11-01,79,"SUS"
"US_FL_DENNIS","4","DENNIS_US_FL_2005",2013-11-01,105,"SUS"
"VER_MX_KARL","5","KARL_MX_VER_2010",2013-11-01,78,"SG"
"YUC_DELTA","5","DELTA_YUCATAN_MX_2020",2013-11-01,162,"SG"
"YUC_MX_EMILY","5","EMILY_MX_YUC_2005",2013-11-01,134,"SG"
"YUC_MX_ISIDORE","5","ISIDORE_MX_YUC_2002",2013-11-01,79,"SG"
"AL_US_IVAN","4","IVAN_US_AL_2004",2013-12-01,171,"SUS"
"AL_US_SALLY","4","SALLY_US_AL_2020",2013-12-01,147,"SUS"
"ALEX","6","ALEX_2010",2013-12-01,90,"WG"
"BELICE_RICHARD","3","RICHARD_BELICE_2010",2013-12-01,215,"C"
"BELIZE_IRIS","2","IRIS_BELIZE_2001",2013-12-01,184,"CA"
"BETA","2","BETA_2005",2013-12-01,66,"CA"
"CR_OTTO","2","OTTO_CR_2016",2013-12-01,73,"CA"
"CUBA_DENNIS","3","DENNIS_CUBA_2005",2013-12-01,25,"C"
"CUBA_GUSTAV","3","GUSTAV_CUBA_2008",2013-12-01,83,"C"
"CUBA_IAN","3","IAN_CUBA_2022",2013-12-01,73,"C"
"CUBA_MICHELLE","3","MICHELLE_CUBA_2001",2013-12-01,31,"C"
"CUBA_PALOMA","3","PALOMA_CUBA_2008",2013-12-01,15,"C"
"CUBA_SANDY","3","SANDY_CUBA_2012",2013-12-01,18,"C"
"DEAN_QROO_MX","5","DEAN_QROO_MX_2007",2013-12-01,89,"SG"
"FL_US_CHARLEY","1","CHARLEY_2004",2013-12-01,45,"FP"
"FL_US_FRANCES","1","FRANCES_US_FL_2004",2013-12-01,52,"FP"
"FL_US_IAN","1","IAN_US_FL_2022",2013-12-01,45,"FP"
"FL_US_IRMA","1","IRMA_US_FL_2017",2013-12-01,52,"FP"
"FL_US_JEANNE","1","JEANNE_US_FL_2004",2013-12-01,55,"FP"
"FL_US_MICHAEL","4","MICHAEL_US_FL_2018",2013-12-01,144,"SUS"
"FL_US_WILMA","1","WILMA_US_FL_2005",2013-12-01,62,"FP"
"LA_US_GUSTAV","4","GUSTAV_US_LA_2008",2013-12-01,91,"SUS"
"LA_US_IDA","4","IDA_US_LA_2009",2013-12-01,105,"SUS"
"LA_US_KATRINA","4","KATRINA_US_LA_2005",2013-12-01,139,"SUS"
"LA_US_LAURA","4","LAURA_US_LA_2020",2013-12-01,81,"SUS"
"LA_US_ZETA","4","ZETA_US_LA_2020",2013-12-01,103,"SUS"
"MX_ERNESTO","5","ERNESTO_MX_2012",2013-12-01,87,"SG"
"MX_GRACE","3","GRACE_MX_2021",2013-12-01,81,"C"
"MX_TAMPS_EMILY","6","EMILY_TAMPS_MX_2005",2013-12-01,81,"WG"
"NC_US_ISABEL","4","ISABEL_US_NC_2003",2013-12-01,112,"SUS"
"NIC_ETA","2","ETA_NIC_2020",2013-12-01,95,"CA"
"NIC_FELIX","2","FELIX_NIC_2007",2013-12-01,132,"CA"
"NIC_IOTA","2","IOTA_NIC_2020",2013-12-01,83,"CA"
"PR_USA_MARIA","3","MARIA_US_PR_2017",2013-12-01,207,"C"
"QROO_WILMA","3","WILMA_QROO_2005",2013-12-01,90,"C"
"TX_US_HARVEY","6","HARVEY_US_TX_2017",2013-12-01,47,"WG"
"TX_US_IKE","4","IKE_US_TX_2008",2013-12-01,40,"SUS"
"TX_US_RITA","4","RITA_US_TX_2005",2013-12-01,65,"SUS"
"US_FL_DELTA","4","DELTA_US_LA_2020",2013-12-01,86,"SUS"
"US_FL_DENNIS","4","DENNIS_US_FL_2005",2013-12-01,166,"SUS"
"VER_MX_KARL","5","KARL_MX_VER_2010",2013-12-01,13,"SG"
"YUC_DELTA","5","DELTA_YUCATAN_MX_2020",2013-12-01,84,"SG"
"YUC_MX_EMILY","5","EMILY_MX_YUC_2005",2013-12-01,76,"SG"
"YUC_MX_ISIDORE","5","ISIDORE_MX_YUC_2002",2013-12-01,78,"SG"
"AL_US_IVAN","4","IVAN_US_AL_2004",2014-01-01,73,"SUS"
"AL_US_SALLY","4","SALLY_US_AL_2020",2014-01-01,78,"SUS"
"ALEX","6","ALEX_2010",2014-01-01,15,"WG"
"BELICE_RICHARD","3","RICHARD_BELICE_2010",2014-01-01,110,"C"
"BELIZE_IRIS","2","IRIS_BELIZE_2001",2014-01-01,217,"CA"
"BETA","2","BETA_2005",2014-01-01,148,"CA"
"CR_OTTO","2","OTTO_CR_2016",2014-01-01,78,"CA"
"CUBA_DENNIS","3","DENNIS_CUBA_2005",2014-01-01,73,"C"
"CUBA_GUSTAV","3","GUSTAV_CUBA_2008",2014-01-01,113,"C"
"CUBA_IAN","3","IAN_CUBA_2022",2014-01-01,113,"C"
"CUBA_MICHELLE","3","MICHELLE_CUBA_2001",2014-01-01,79,"C"
"CUBA_PALOMA","3","PALOMA_CUBA_2008",2014-01-01,39,"C"
"CUBA_SANDY","3","SANDY_CUBA_2012",2014-01-01,47,"C"
"DEAN_QROO_MX","5","DEAN_QROO_MX_2007",2014-01-01,43,"SG"
"FL_US_CHARLEY","1","CHARLEY_2004",2014-01-01,83,"FP"
"FL_US_FRANCES","1","FRANCES_US_FL_2004",2014-01-01,66,"FP"
"FL_US_IAN","1","IAN_US_FL_2022",2014-01-01,80,"FP"
"FL_US_IRMA","1","IRMA_US_FL_2017",2014-01-01,84,"FP"
"FL_US_JEANNE","1","JEANNE_US_FL_2004",2014-01-01,65,"FP"
"FL_US_MICHAEL","4","MICHAEL_US_FL_2018",2014-01-01,105,"SUS"
"FL_US_WILMA","1","WILMA_US_FL_2005",2014-01-01,78,"FP"
"LA_US_GUSTAV","4","GUSTAV_US_LA_2008",2014-01-01,58,"SUS"
"LA_US_IDA","4","IDA_US_LA_2009",2014-01-01,64,"SUS"
"LA_US_KATRINA","4","KATRINA_US_LA_2005",2014-01-01,68,"SUS"
"LA_US_LAURA","4","LAURA_US_LA_2020",2014-01-01,42,"SUS"
"LA_US_ZETA","4","ZETA_US_LA_2020",2014-01-01,64,"SUS"
"MX_ERNESTO","5","ERNESTO_MX_2012",2014-01-01,43,"SG"
"MX_GRACE","3","GRACE_MX_2021",2014-01-01,29,"C"
"MX_TAMPS_EMILY","6","EMILY_TAMPS_MX_2005",2014-01-01,12,"WG"
"NC_US_ISABEL","4","ISABEL_US_NC_2003",2014-01-01,72,"SUS"
"NIC_ETA","2","ETA_NIC_2020",2014-01-01,196.125,"CA"
"NIC_FELIX","2","FELIX_NIC_2007",2014-01-01,247,"CA"
"NIC_IOTA","2","IOTA_NIC_2020",2014-01-01,185,"CA"
"PR_USA_MARIA","3","MARIA_US_PR_2017",2014-01-01,82,"C"
"QROO_WILMA","3","WILMA_QROO_2005",2014-01-01,125,"C"
"TX_US_HARVEY","6","HARVEY_US_TX_2017",2014-01-01,14,"WG"
"TX_US_IKE","4","IKE_US_TX_2008",2014-01-01,31,"SUS"
"TX_US_RITA","4","RITA_US_TX_2005",2014-01-01,39,"SUS"
"US_FL_DELTA","4","DELTA_US_LA_2020",2014-01-01,48,"SUS"
"US_FL_DENNIS","4","DENNIS_US_FL_2005",2014-01-01,76,"SUS"
"VER_MX_KARL","5","KARL_MX_VER_2010",2014-01-01,9,"SG"
"YUC_DELTA","5","DELTA_YUCATAN_MX_2020",2014-01-01,110,"SG"
"YUC_MX_EMILY","5","EMILY_MX_YUC_2005",2014-01-01,72,"SG"
"YUC_MX_ISIDORE","5","ISIDORE_MX_YUC_2002",2014-01-01,59,"SG"
"AL_US_IVAN","4","IVAN_US_AL_2004",2014-02-01,183,"SUS"
"AL_US_SALLY","4","SALLY_US_AL_2020",2014-02-01,178,"SUS"
"ALEX","6","ALEX_2010",2014-02-01,9,"WG"
"BELICE_RICHARD","3","RICHARD_BELICE_2010",2014-02-01,53,"C"
"BELIZE_IRIS","2","IRIS_BELIZE_2001",2014-02-01,67,"CA"
"BETA","2","BETA_2005",2014-02-01,55,"CA"
"CR_OTTO","2","OTTO_CR_2016",2014-02-01,135,"CA"
"CUBA_DENNIS","3","DENNIS_CUBA_2005",2014-02-01,28,"C"
"CUBA_GUSTAV","3","GUSTAV_CUBA_2008",2014-02-01,56,"C"
"CUBA_IAN","3","IAN_CUBA_2022",2014-02-01,49,"C"
"CUBA_MICHELLE","3","MICHELLE_CUBA_2001",2014-02-01,30,"C"
"CUBA_PALOMA","3","PALOMA_CUBA_2008",2014-02-01,9,"C"
"CUBA_SANDY","3","SANDY_CUBA_2012",2014-02-01,10,"C"
"DEAN_QROO_MX","5","DEAN_QROO_MX_2007",2014-02-01,32,"SG"
"FL_US_CHARLEY","1","CHARLEY_2004",2014-02-01,45,"FP"
"FL_US_FRANCES","1","FRANCES_US_FL_2004",2014-02-01,44,"FP"
"FL_US_IAN","1","IAN_US_FL_2022",2014-02-01,43,"FP"
"FL_US_IRMA","1","IRMA_US_FL_2017",2014-02-01,34,"FP"
"FL_US_JEANNE","1","JEANNE_US_FL_2004",2014-02-01,43,"FP"
"FL_US_MICHAEL","4","MICHAEL_US_FL_2018",2014-02-01,143,"SUS"
"FL_US_WILMA","1","WILMA_US_FL_2005",2014-02-01,31,"FP"
"LA_US_GUSTAV","4","GUSTAV_US_LA_2008",2014-02-01,131,"SUS"
"LA_US_IDA","4","IDA_US_LA_2009",2014-02-01,156,"SUS"
"LA_US_KATRINA","4","KATRINA_US_LA_2005",2014-02-01,181,"SUS"
"LA_US_LAURA","4","LAURA_US_LA_2020",2014-02-01,83,"SUS"
"LA_US_ZETA","4","ZETA_US_LA_2020",2014-02-01,162,"SUS"
"MX_ERNESTO","5","ERNESTO_MX_2012",2014-02-01,28,"SG"
"MX_GRACE","3","GRACE_MX_2021",2014-02-01,15,"C"
"MX_TAMPS_EMILY","6","EMILY_TAMPS_MX_2005",2014-02-01,8,"WG"
"NC_US_ISABEL","4","ISABEL_US_NC_2003",2014-02-01,84,"SUS"
"NIC_ETA","2","ETA_NIC_2020",2014-02-01,38,"CA"
"NIC_FELIX","2","FELIX_NIC_2007",2014-02-01,38,"CA"
"NIC_IOTA","2","IOTA_NIC_2020",2014-02-01,39,"CA"
"PR_USA_MARIA","3","MARIA_US_PR_2017",2014-02-01,107,"C"
"QROO_WILMA","3","WILMA_QROO_2005",2014-02-01,52,"C"
"TX_US_HARVEY","6","HARVEY_US_TX_2017",2014-02-01,22,"WG"
"TX_US_IKE","4","IKE_US_TX_2008",2014-02-01,56,"SUS"
"TX_US_RITA","4","RITA_US_TX_2005",2014-02-01,73,"SUS"
"US_FL_DELTA","4","DELTA_US_LA_2020",2014-02-01,90,"SUS"
"US_FL_DENNIS","4","DENNIS_US_FL_2005",2014-02-01,187,"SUS"
"VER_MX_KARL","5","KARL_MX_VER_2010",2014-02-01,5,"SG"
"YUC_DELTA","5","DELTA_YUCATAN_MX_2020",2014-02-01,57,"SG"
"YUC_MX_EMILY","5","EMILY_MX_YUC_2005",2014-02-01,66,"SG"
"YUC_MX_ISIDORE","5","ISIDORE_MX_YUC_2002",2014-02-01,56,"SG"
"AL_US_IVAN","4","IVAN_US_AL_2004",2014-03-01,186,"SUS"
"AL_US_SALLY","4","SALLY_US_AL_2020",2014-03-01,196,"SUS"
"ALEX","6","ALEX_2010",2014-03-01,42,"WG"
"BELICE_RICHARD","3","RICHARD_BELICE_2010",2014-03-01,86,"C"
"BELIZE_IRIS","2","IRIS_BELIZE_2001",2014-03-01,184,"CA"
"BETA","2","BETA_2005",2014-03-01,43,"CA"
"CR_OTTO","2","OTTO_CR_2016",2014-03-01,89,"CA"
"CUBA_DENNIS","3","DENNIS_CUBA_2005",2014-03-01,58,"C"
"CUBA_GUSTAV","3","GUSTAV_CUBA_2008",2014-03-01,113,"C"
"CUBA_IAN","3","IAN_CUBA_2022",2014-03-01,113,"C"
"CUBA_MICHELLE","3","MICHELLE_CUBA_2001",2014-03-01,59,"C"
"CUBA_PALOMA","3","PALOMA_CUBA_2008",2014-03-01,67,"C"
"CUBA_SANDY","3","SANDY_CUBA_2012",2014-03-01,68,"C"
"DEAN_QROO_MX","5","DEAN_QROO_MX_2007",2014-03-01,35,"SG"
"FL_US_CHARLEY","1","CHARLEY_2004",2014-03-01,114,"FP"
"FL_US_FRANCES","1","FRANCES_US_FL_2004",2014-03-01,93,"FP"
"FL_US_IAN","1","IAN_US_FL_2022",2014-03-01,108,"FP"
"FL_US_IRMA","1","IRMA_US_FL_2017",2014-03-01,102,"FP"
"FL_US_JEANNE","1","JEANNE_US_FL_2004",2014-03-01,92,"FP"
"FL_US_MICHAEL","4","MICHAEL_US_FL_2018",2014-03-01,158,"SUS"
"FL_US_WILMA","1","WILMA_US_FL_2005",2014-03-01,80,"FP"
"LA_US_GUSTAV","4","GUSTAV_US_LA_2008",2014-03-01,106,"SUS"
"LA_US_IDA","4","IDA_US_LA_2009",2014-03-01,125,"SUS"
"LA_US_KATRINA","4","KATRINA_US_LA_2005",2014-03-01,158,"SUS"
"LA_US_LAURA","4","LAURA_US_LA_2020",2014-03-01,88,"SUS"
"LA_US_ZETA","4","ZETA_US_LA_2020",2014-03-01,122,"SUS"
"MX_ERNESTO","5","ERNESTO_MX_2012",2014-03-01,32,"SG"
"MX_GRACE","3","GRACE_MX_2021",2014-03-01,71,"C"
"MX_TAMPS_EMILY","6","EMILY_TAMPS_MX_2005",2014-03-01,49,"WG"
"NC_US_ISABEL","4","ISABEL_US_NC_2003",2014-03-01,96,"SUS"
"NIC_ETA","2","ETA_NIC_2020",2014-03-01,36,"CA"
"NIC_FELIX","2","FELIX_NIC_2007",2014-03-01,28,"CA"
"NIC_IOTA","2","IOTA_NIC_2020",2014-03-01,38,"CA"
"PR_USA_MARIA","3","MARIA_US_PR_2017",2014-03-01,20,"C"
"QROO_WILMA","3","WILMA_QROO_2005",2014-03-01,79,"C"
"TX_US_HARVEY","6","HARVEY_US_TX_2017",2014-03-01,32,"WG"
"TX_US_IKE","4","IKE_US_TX_2008",2014-03-01,59,"SUS"
"TX_US_RITA","4","RITA_US_TX_2005",2014-03-01,76,"SUS"
"US_FL_DELTA","4","DELTA_US_LA_2020",2014-03-01,95,"SUS"
"US_FL_DENNIS","4","DENNIS_US_FL_2005",2014-03-01,192,"SUS"
"VER_MX_KARL","5","KARL_MX_VER_2010",2014-03-01,22,"SG"
"YUC_DELTA","5","DELTA_YUCATAN_MX_2020",2014-03-01,75,"SG"
"YUC_MX_EMILY","5","EMILY_MX_YUC_2005",2014-03-01,63,"SG"
"YUC_MX_ISIDORE","5","ISIDORE_MX_YUC_2002",2014-03-01,9,"SG"
"AL_US_IVAN","4","IVAN_US_AL_2004",2014-04-01,307,"SUS"
"AL_US_SALLY","4","SALLY_US_AL_2020",2014-04-01,284,"SUS"
"ALEX","6","ALEX_2010",2014-04-01,20,"WG"
"BELICE_RICHARD","3","RICHARD_BELICE_2010",2014-04-01,20,"C"
"BELIZE_IRIS","2","IRIS_BELIZE_2001",2014-04-01,38,"CA"
"BETA","2","BETA_2005",2014-04-01,47,"CA"
"CR_OTTO","2","OTTO_CR_2016",2014-04-01,116,"CA"
"CUBA_DENNIS","3","DENNIS_CUBA_2005",2014-04-01,27,"C"
"CUBA_GUSTAV","3","GUSTAV_CUBA_2008",2014-04-01,38,"C"
"CUBA_IAN","3","IAN_CUBA_2022",2014-04-01,42,"C"
"CUBA_MICHELLE","3","MICHELLE_CUBA_2001",2014-04-01,36,"C"
"CUBA_PALOMA","3","PALOMA_CUBA_2008",2014-04-01,104,"C"
"CUBA_SANDY","3","SANDY_CUBA_2012",2014-04-01,131,"C"
"DEAN_QROO_MX","5","DEAN_QROO_MX_2007",2014-04-01,33,"SG"
"FL_US_CHARLEY","1","CHARLEY_2004",2014-04-01,29,"FP"
"FL_US_FRANCES","1","FRANCES_US_FL_2004",2014-04-01,48,"FP"
"FL_US_IAN","1","IAN_US_FL_2022",2014-04-01,31,"FP"
"FL_US_IRMA","1","IRMA_US_FL_2017",2014-04-01,27,"FP"
"FL_US_JEANNE","1","JEANNE_US_FL_2004",2014-04-01,50,"FP"
"FL_US_MICHAEL","4","MICHAEL_US_FL_2018",2014-04-01,213,"SUS"
"FL_US_WILMA","1","WILMA_US_FL_2005",2014-04-01,32,"FP"
"LA_US_GUSTAV","4","GUSTAV_US_LA_2008",2014-04-01,96,"SUS"
"LA_US_IDA","4","IDA_US_LA_2009",2014-04-01,114,"SUS"
"LA_US_KATRINA","4","KATRINA_US_LA_2005",2014-04-01,201,"SUS"
"LA_US_LAURA","4","LAURA_US_LA_2020",2014-04-01,41,"SUS"
"LA_US_ZETA","4","ZETA_US_LA_2020",2014-04-01,112,"SUS"
"MX_ERNESTO","5","ERNESTO_MX_2012",2014-04-01,32,"SG"
"MX_GRACE","3","GRACE_MX_2021",2014-04-01,52,"C"
"MX_TAMPS_EMILY","6","EMILY_TAMPS_MX_2005",2014-04-01,16,"WG"
"NC_US_ISABEL","4","ISABEL_US_NC_2003",2014-04-01,154,"SUS"
"NIC_ETA","2","ETA_NIC_2020",2014-04-01,30,"CA"
"NIC_FELIX","2","FELIX_NIC_2007",2014-04-01,20,"CA"
"NIC_IOTA","2","IOTA_NIC_2020",2014-04-01,35,"CA"
"PR_USA_MARIA","3","MARIA_US_PR_2017",2014-04-01,123,"C"
"QROO_WILMA","3","WILMA_QROO_2005",2014-04-01,54,"C"
"TX_US_HARVEY","6","HARVEY_US_TX_2017",2014-04-01,10,"WG"
"TX_US_IKE","4","IKE_US_TX_2008",2014-04-01,21,"SUS"
"TX_US_RITA","4","RITA_US_TX_2005",2014-04-01,30,"SUS"
"US_FL_DELTA","4","DELTA_US_LA_2020",2014-04-01,57,"SUS"
"US_FL_DENNIS","4","DENNIS_US_FL_2005",2014-04-01,300,"SUS"
"VER_MX_KARL","5","KARL_MX_VER_2010",2014-04-01,15,"SG"
"YUC_DELTA","5","DELTA_YUCATAN_MX_2020",2014-04-01,54,"SG"
"YUC_MX_EMILY","5","EMILY_MX_YUC_2005",2014-04-01,51,"SG"
"YUC_MX_ISIDORE","5","ISIDORE_MX_YUC_2002",2014-04-01,48,"SG"
"AL_US_IVAN","4","IVAN_US_AL_2004",2014-05-01,166,"SUS"
"AL_US_SALLY","4","SALLY_US_AL_2020",2014-05-01,162,"SUS"
"ALEX","6","ALEX_2010",2014-05-01,57,"WG"
"BELICE_RICHARD","3","RICHARD_BELICE_2010",2014-05-01,212,"C"
"BELIZE_IRIS","2","IRIS_BELIZE_2001",2014-05-01,306,"CA"
"BETA","2","BETA_2005",2014-05-01,122,"CA"
"CR_OTTO","2","OTTO_CR_2016",2014-05-01,208,"CA"
"CUBA_DENNIS","3","DENNIS_CUBA_2005",2014-05-01,192,"C"
"CUBA_GUSTAV","3","GUSTAV_CUBA_2008",2014-05-01,254,"C"
"CUBA_IAN","3","IAN_CUBA_2022",2014-05-01,266,"C"
"CUBA_MICHELLE","3","MICHELLE_CUBA_2001",2014-05-01,173,"C"
"CUBA_PALOMA","3","PALOMA_CUBA_2008",2014-05-01,182,"C"
"CUBA_SANDY","3","SANDY_CUBA_2012",2014-05-01,320,"C"
"DEAN_QROO_MX","5","DEAN_QROO_MX_2007",2014-05-01,220,"SG"
"FL_US_CHARLEY","1","CHARLEY_2004",2014-05-01,236,"FP"
"FL_US_FRANCES","1","FRANCES_US_FL_2004",2014-05-01,190,"FP"
"FL_US_IAN","1","IAN_US_FL_2022",2014-05-01,213,"FP"
"FL_US_IRMA","1","IRMA_US_FL_2017",2014-05-01,153,"FP"
"FL_US_JEANNE","1","JEANNE_US_FL_2004",2014-05-01,184,"FP"
"FL_US_MICHAEL","4","MICHAEL_US_FL_2018",2014-05-01,140,"SUS"
"FL_US_WILMA","1","WILMA_US_FL_2005",2014-05-01,126,"FP"
"LA_US_GUSTAV","4","GUSTAV_US_LA_2008",2014-05-01,194,"SUS"
"LA_US_IDA","4","IDA_US_LA_2009",2014-05-01,205,"SUS"
"LA_US_KATRINA","4","KATRINA_US_LA_2005",2014-05-01,177,"SUS"
"LA_US_LAURA","4","LAURA_US_LA_2020",2014-05-01,162,"SUS"
"LA_US_ZETA","4","ZETA_US_LA_2020",2014-05-01,203,"SUS"
"MX_ERNESTO","5","ERNESTO_MX_2012",2014-05-01,222,"SG"
"MX_GRACE","3","GRACE_MX_2021",2014-05-01,178,"C"
"MX_TAMPS_EMILY","6","EMILY_TAMPS_MX_2005",2014-05-01,51,"WG"
"NC_US_ISABEL","4","ISABEL_US_NC_2003",2014-05-01,81,"SUS"
"NIC_ETA","2","ETA_NIC_2020",2014-05-01,94,"CA"
"NIC_FELIX","2","FELIX_NIC_2007",2014-05-01,64,"CA"
"NIC_IOTA","2","IOTA_NIC_2020",2014-05-01,101,"CA"
"PR_USA_MARIA","3","MARIA_US_PR_2017",2014-05-01,332.6667,"C"
"QROO_WILMA","3","WILMA_QROO_2005",2014-05-01,224,"C"
"TX_US_HARVEY","6","HARVEY_US_TX_2017",2014-05-01,99,"WG"
"TX_US_IKE","4","IKE_US_TX_2008",2014-05-01,140,"SUS"
"TX_US_RITA","4","RITA_US_TX_2005",2014-05-01,154,"SUS"
"US_FL_DELTA","4","DELTA_US_LA_2020",2014-05-01,181,"SUS"
"US_FL_DENNIS","4","DENNIS_US_FL_2005",2014-05-01,156,"SUS"
"VER_MX_KARL","5","KARL_MX_VER_2010",2014-05-01,123,"SG"
"YUC_DELTA","5","DELTA_YUCATAN_MX_2020",2014-05-01,226,"SG"
"YUC_MX_EMILY","5","EMILY_MX_YUC_2005",2014-05-01,242,"SG"
"YUC_MX_ISIDORE","5","ISIDORE_MX_YUC_2002",2014-05-01,181,"SG"
"AL_US_IVAN","4","IVAN_US_AL_2004",2014-06-01,118,"SUS"
"AL_US_SALLY","4","SALLY_US_AL_2020",2014-06-01,125,"SUS"
"ALEX","6","ALEX_2010",2014-06-01,42,"WG"
"BELICE_RICHARD","3","RICHARD_BELICE_2010",2014-06-01,123,"C"
"BELIZE_IRIS","2","IRIS_BELIZE_2001",2014-06-01,384,"CA"
"BETA","2","BETA_2005",2014-06-01,327,"CA"
"CR_OTTO","2","OTTO_CR_2016",2014-06-01,323,"CA"
"CUBA_DENNIS","3","DENNIS_CUBA_2005",2014-06-01,121,"C"
"CUBA_GUSTAV","3","GUSTAV_CUBA_2008",2014-06-01,153,"C"
"CUBA_IAN","3","IAN_CUBA_2022",2014-06-01,163,"C"
"CUBA_MICHELLE","3","MICHELLE_CUBA_2001",2014-06-01,173,"C"
"CUBA_PALOMA","3","PALOMA_CUBA_2008",2014-06-01,220,"C"
"CUBA_SANDY","3","SANDY_CUBA_2012",2014-06-01,422.5556,"C"
"DEAN_QROO_MX","5","DEAN_QROO_MX_2007",2014-06-01,71,"SG"
"FL_US_CHARLEY","1","CHARLEY_2004",2014-06-01,160,"FP"
"FL_US_FRANCES","1","FRANCES_US_FL_2004",2014-06-01,195,"FP"
"FL_US_IAN","1","IAN_US_FL_2022",2014-06-01,179,"FP"
"FL_US_IRMA","1","IRMA_US_FL_2017",2014-06-01,253,"FP"
"FL_US_JEANNE","1","JEANNE_US_FL_2004",2014-06-01,200,"FP"
"FL_US_MICHAEL","4","MICHAEL_US_FL_2018",2014-06-01,145,"SUS"
"FL_US_WILMA","1","WILMA_US_FL_2005",2014-06-01,315,"FP"
"LA_US_GUSTAV","4","GUSTAV_US_LA_2008",2014-06-01,147,"SUS"
"LA_US_IDA","4","IDA_US_LA_2009",2014-06-01,148,"SUS"
"LA_US_KATRINA","4","KATRINA_US_LA_2005",2014-06-01,125,"SUS"
"LA_US_LAURA","4","LAURA_US_LA_2020",2014-06-01,81,"SUS"
"LA_US_ZETA","4","ZETA_US_LA_2020",2014-06-01,147,"SUS"
"MX_ERNESTO","5","ERNESTO_MX_2012",2014-06-01,72,"SG"
"MX_GRACE","3","GRACE_MX_2021",2014-06-01,220.4682,"C"
"MX_TAMPS_EMILY","6","EMILY_TAMPS_MX_2005",2014-06-01,43,"WG"
"NC_US_ISABEL","4","ISABEL_US_NC_2003",2014-06-01,89,"SUS"
"NIC_ETA","2","ETA_NIC_2020",2014-06-01,322,"CA"
"NIC_FELIX","2","FELIX_NIC_2007",2014-06-01,304,"CA"
"NIC_IOTA","2","IOTA_NIC_2020",2014-06-01,320,"CA"
"PR_USA_MARIA","3","MARIA_US_PR_2017",2014-06-01,33,"C"
"QROO_WILMA","3","WILMA_QROO_2005",2014-06-01,118,"C"
"TX_US_HARVEY","6","HARVEY_US_TX_2017",2014-06-01,95,"WG"
"TX_US_IKE","4","IKE_US_TX_2008",2014-06-01,73,"SUS"
"TX_US_RITA","4","RITA_US_TX_2005",2014-06-01,77,"SUS"
"US_FL_DELTA","4","DELTA_US_LA_2020",2014-06-01,92,"SUS"
"US_FL_DENNIS","4","DENNIS_US_FL_2005",2014-06-01,124,"SUS"
"VER_MX_KARL","5","KARL_MX_VER_2010",2014-06-01,338.829,"SG"
"YUC_DELTA","5","DELTA_YUCATAN_MX_2020",2014-06-01,115,"SG"
"YUC_MX_EMILY","5","EMILY_MX_YUC_2005",2014-06-01,95,"SG"
"YUC_MX_ISIDORE","5","ISIDORE_MX_YUC_2002",2014-06-01,94,"SG"
"AL_US_IVAN","4","IVAN_US_AL_2004",2014-07-01,152,"SUS"
"AL_US_SALLY","4","SALLY_US_AL_2020",2014-07-01,172,"SUS"
"ALEX","6","ALEX_2010",2014-07-01,67,"WG"
"BELICE_RICHARD","3","RICHARD_BELICE_2010",2014-07-01,150,"C"
"BELIZE_IRIS","2","IRIS_BELIZE_2001",2014-07-01,301,"CA"
"BETA","2","BETA_2005",2014-07-01,225,"CA"
"CR_OTTO","2","OTTO_CR_2016",2014-07-01,316.8,"CA"
"CUBA_DENNIS","3","DENNIS_CUBA_2005",2014-07-01,124,"C"
"CUBA_GUSTAV","3","GUSTAV_CUBA_2008",2014-07-01,81,"C"
"CUBA_IAN","3","IAN_CUBA_2022",2014-07-01,77,"C"
"CUBA_MICHELLE","3","MICHELLE_CUBA_2001",2014-07-01,142,"C"
"CUBA_PALOMA","3","PALOMA_CUBA_2008",2014-07-01,85,"C"
"CUBA_SANDY","3","SANDY_CUBA_2012",2014-07-01,56,"C"
"DEAN_QROO_MX","5","DEAN_QROO_MX_2007",2014-07-01,63,"SG"
"FL_US_CHARLEY","1","CHARLEY_2004",2014-07-01,339,"FP"
"FL_US_FRANCES","1","FRANCES_US_FL_2004",2014-07-01,284,"FP"
"FL_US_IAN","1","IAN_US_FL_2022",2014-07-01,324,"FP"
"FL_US_IRMA","1","IRMA_US_FL_2017",2014-07-01,321,"FP"
"FL_US_JEANNE","1","JEANNE_US_FL_2004",2014-07-01,284,"FP"
"FL_US_MICHAEL","4","MICHAEL_US_FL_2018",2014-07-01,187,"SUS"
"FL_US_WILMA","1","WILMA_US_FL_2005",2014-07-01,304,"FP"
"LA_US_GUSTAV","4","GUSTAV_US_LA_2008",2014-07-01,138,"SUS"
"LA_US_IDA","4","IDA_US_LA_2009",2014-07-01,129,"SUS"
"LA_US_KATRINA","4","KATRINA_US_LA_2005",2014-07-01,108,"SUS"
"LA_US_LAURA","4","LAURA_US_LA_2020",2014-07-01,87,"SUS"
"LA_US_ZETA","4","ZETA_US_LA_2020",2014-07-01,129,"SUS"
"MX_ERNESTO","5","ERNESTO_MX_2012",2014-07-01,62,"SG"
"MX_GRACE","3","GRACE_MX_2021",2014-07-01,148.4746,"C"
"MX_TAMPS_EMILY","6","EMILY_TAMPS_MX_2005",2014-07-01,69,"WG"
"NC_US_ISABEL","4","ISABEL_US_NC_2003",2014-07-01,203,"SUS"
"NIC_ETA","2","ETA_NIC_2020",2014-07-01,146,"CA"
"NIC_FELIX","2","FELIX_NIC_2007",2014-07-01,95,"CA"
"NIC_IOTA","2","IOTA_NIC_2020",2014-07-01,167,"CA"
"PR_USA_MARIA","3","MARIA_US_PR_2017",2014-07-01,123,"C"
"QROO_WILMA","3","WILMA_QROO_2005",2014-07-01,66,"C"
"TX_US_HARVEY","6","HARVEY_US_TX_2017",2014-07-01,84,"WG"
"TX_US_IKE","4","IKE_US_TX_2008",2014-07-01,55,"SUS"
"TX_US_RITA","4","RITA_US_TX_2005",2014-07-01,72,"SUS"
"US_FL_DELTA","4","DELTA_US_LA_2020",2014-07-01,95,"SUS"
"US_FL_DENNIS","4","DENNIS_US_FL_2005",2014-07-01,152,"SUS"
"VER_MX_KARL","5","KARL_MX_VER_2010",2014-07-01,180,"SG"
"YUC_DELTA","5","DELTA_YUCATAN_MX_2020",2014-07-01,78,"SG"
"YUC_MX_EMILY","5","EMILY_MX_YUC_2005",2014-07-01,77,"SG"
"YUC_MX_ISIDORE","5","ISIDORE_MX_YUC_2002",2014-07-01,118,"SG"
"AL_US_IVAN","4","IVAN_US_AL_2004",2014-08-01,81,"SUS"
"AL_US_SALLY","4","SALLY_US_AL_2020",2014-08-01,90,"SUS"
"ALEX","6","ALEX_2010",2014-08-01,48,"WG"
"BELICE_RICHARD","3","RICHARD_BELICE_2010",2014-08-01,129,"C"
"BELIZE_IRIS","2","IRIS_BELIZE_2001",2014-08-01,410,"CA"
"BETA","2","BETA_2005",2014-08-01,286,"CA"
"CR_OTTO","2","OTTO_CR_2016",2014-08-01,316,"CA"
"CUBA_DENNIS","3","DENNIS_CUBA_2005",2014-08-01,236,"C"
"CUBA_GUSTAV","3","GUSTAV_CUBA_2008",2014-08-01,212,"C"
"CUBA_IAN","3","IAN_CUBA_2022",2014-08-01,217,"C"
"CUBA_MICHELLE","3","MICHELLE_CUBA_2001",2014-08-01,233,"C"
"CUBA_PALOMA","3","PALOMA_CUBA_2008",2014-08-01,197,"C"
"CUBA_SANDY","3","SANDY_CUBA_2012",2014-08-01,227,"C"
"DEAN_QROO_MX","5","DEAN_QROO_MX_2007",2014-08-01,98,"SG"
"FL_US_CHARLEY","1","CHARLEY_2004",2014-08-01,179,"FP"
"FL_US_FRANCES","1","FRANCES_US_FL_2004",2014-08-01,144,"FP"
"FL_US_IAN","1","IAN_US_FL_2022",2014-08-01,175,"FP"
"FL_US_IRMA","1","IRMA_US_FL_2017",2014-08-01,213,"FP"
"FL_US_JEANNE","1","JEANNE_US_FL_2004",2014-08-01,145,"FP"
"FL_US_MICHAEL","4","MICHAEL_US_FL_2018",2014-08-01,92,"SUS"
"FL_US_WILMA","1","WILMA_US_FL_2005",2014-08-01,204,"FP"
"LA_US_GUSTAV","4","GUSTAV_US_LA_2008",2014-08-01,143,"SUS"
"LA_US_IDA","4","IDA_US_LA_2009",2014-08-01,125,"SUS"
"LA_US_KATRINA","4","KATRINA_US_LA_2005",2014-08-01,87,"SUS"
"LA_US_LAURA","4","LAURA_US_LA_2020",2014-08-01,99,"SUS"
"LA_US_ZETA","4","ZETA_US_LA_2020",2014-08-01,128,"SUS"
"MX_ERNESTO","5","ERNESTO_MX_2012",2014-08-01,95,"SG"
"MX_GRACE","3","GRACE_MX_2021",2014-08-01,187,"C"
"MX_TAMPS_EMILY","6","EMILY_TAMPS_MX_2005",2014-08-01,56,"WG"
"NC_US_ISABEL","4","ISABEL_US_NC_2003",2014-08-01,177,"SUS"
"NIC_ETA","2","ETA_NIC_2020",2014-08-01,271,"CA"
"NIC_FELIX","2","FELIX_NIC_2007",2014-08-01,247,"CA"
"NIC_IOTA","2","IOTA_NIC_2020",2014-08-01,275,"CA"
"PR_USA_MARIA","3","MARIA_US_PR_2017",2014-08-01,396.625,"C"
"QROO_WILMA","3","WILMA_QROO_2005",2014-08-01,136,"C"
"TX_US_HARVEY","6","HARVEY_US_TX_2017",2014-08-01,36,"WG"
"TX_US_IKE","4","IKE_US_TX_2008",2014-08-01,77,"SUS"
"TX_US_RITA","4","RITA_US_TX_2005",2014-08-01,97,"SUS"
"US_FL_DELTA","4","DELTA_US_LA_2020",2014-08-01,108,"SUS"
"US_FL_DENNIS","4","DENNIS_US_FL_2005",2014-08-01,83,"SUS"
"VER_MX_KARL","5","KARL_MX_VER_2010",2014-08-01,216.573,"SG"
"YUC_DELTA","5","DELTA_YUCATAN_MX_2020",2014-08-01,141,"SG"
"YUC_MX_EMILY","5","EMILY_MX_YUC_2005",2014-08-01,144,"SG"
"YUC_MX_ISIDORE","5","ISIDORE_MX_YUC_2002",2014-08-01,161,"SG"
"AL_US_IVAN","4","IVAN_US_AL_2004",2014-09-01,120,"SUS"
"AL_US_SALLY","4","SALLY_US_AL_2020",2014-09-01,130,"SUS"
"ALEX","6","ALEX_2010",2014-09-01,253,"WG"
"BELICE_RICHARD","3","RICHARD_BELICE_2010",2014-09-01,275,"C"
"BELIZE_IRIS","2","IRIS_BELIZE_2001",2014-09-01,408,"CA"
"BETA","2","BETA_2005",2014-09-01,321,"CA"
"CR_OTTO","2","OTTO_CR_2016",2014-09-01,357,"CA"
"CUBA_DENNIS","3","DENNIS_CUBA_2005",2014-09-01,171,"C"
"CUBA_GUSTAV","3","GUSTAV_CUBA_2008",2014-09-01,135,"C"
"CUBA_IAN","3","IAN_CUBA_2022",2014-09-01,132,"C"
"CUBA_MICHELLE","3","MICHELLE_CUBA_2001",2014-09-01,188,"C"
"CUBA_PALOMA","3","PALOMA_CUBA_2008",2014-09-01,160,"C"
"CUBA_SANDY","3","SANDY_CUBA_2012",2014-09-01,78,"C"
"DEAN_QROO_MX","5","DEAN_QROO_MX_2007",2014-09-01,195,"SG"
"FL_US_CHARLEY","1","CHARLEY_2004",2014-09-01,229,"FP"
"FL_US_FRANCES","1","FRANCES_US_FL_2004",2014-09-01,210,"FP"
"FL_US_IAN","1","IAN_US_FL_2022",2014-09-01,223,"FP"
"FL_US_IRMA","1","IRMA_US_FL_2017",2014-09-01,212,"FP"
"FL_US_JEANNE","1","JEANNE_US_FL_2004",2014-09-01,209,"FP"
"FL_US_MICHAEL","4","MICHAEL_US_FL_2018",2014-09-01,150,"SUS"
"FL_US_WILMA","1","WILMA_US_FL_2005",2014-09-01,197,"FP"
"LA_US_GUSTAV","4","GUSTAV_US_LA_2008",2014-09-01,136,"SUS"
"LA_US_IDA","4","IDA_US_LA_2009",2014-09-01,128,"SUS"
"LA_US_KATRINA","4","KATRINA_US_LA_2005",2014-09-01,126,"SUS"
"LA_US_LAURA","4","LAURA_US_LA_2020",2014-09-01,120,"SUS"
"LA_US_ZETA","4","ZETA_US_LA_2020",2014-09-01,128,"SUS"
"MX_ERNESTO","5","ERNESTO_MX_2012",2014-09-01,200,"SG"
"MX_GRACE","3","GRACE_MX_2021",2014-09-01,364.267,"C"
"MX_TAMPS_EMILY","6","EMILY_TAMPS_MX_2005",2014-09-01,261,"WG"
"NC_US_ISABEL","4","ISABEL_US_NC_2003",2014-09-01,164,"SUS"
"NIC_ETA","2","ETA_NIC_2020",2014-09-01,333,"CA"
"NIC_FELIX","2","FELIX_NIC_2007",2014-09-01,368,"CA"
"NIC_IOTA","2","IOTA_NIC_2020",2014-09-01,320,"CA"
"PR_USA_MARIA","3","MARIA_US_PR_2017",2014-09-01,240,"C"
"QROO_WILMA","3","WILMA_QROO_2005",2014-09-01,171,"C"
"TX_US_HARVEY","6","HARVEY_US_TX_2017",2014-09-01,146,"WG"
"TX_US_IKE","4","IKE_US_TX_2008",2014-09-01,113,"SUS"
"TX_US_RITA","4","RITA_US_TX_2005",2014-09-01,123,"SUS"
"US_FL_DELTA","4","DELTA_US_LA_2020",2014-09-01,123,"SUS"
"US_FL_DENNIS","4","DENNIS_US_FL_2005",2014-09-01,116,"SUS"
"VER_MX_KARL","5","KARL_MX_VER_2010",2014-09-01,336.4513,"SG"
"YUC_DELTA","5","DELTA_YUCATAN_MX_2020",2014-09-01,177,"SG"
"YUC_MX_EMILY","5","EMILY_MX_YUC_2005",2014-09-01,198,"SG"
"YUC_MX_ISIDORE","5","ISIDORE_MX_YUC_2002",2014-09-01,181,"SG"
"AL_US_IVAN","4","IVAN_US_AL_2004",2014-10-01,63,"SUS"
"AL_US_SALLY","4","SALLY_US_AL_2020",2014-10-01,73,"SUS"
"ALEX","6","ALEX_2010",2014-10-01,151,"WG"
"BELICE_RICHARD","3","RICHARD_BELICE_2010",2014-10-01,316,"C"
"BELIZE_IRIS","2","IRIS_BELIZE_2001",2014-10-01,403,"CA"
"BETA","2","BETA_2005",2014-10-01,292,"CA"
"CR_OTTO","2","OTTO_CR_2016",2014-10-01,293,"CA"
"CUBA_DENNIS","3","DENNIS_CUBA_2005",2014-10-01,146,"C"
"CUBA_GUSTAV","3","GUSTAV_CUBA_2008",2014-10-01,217,"C"
"CUBA_IAN","3","IAN_CUBA_2022",2014-10-01,245,"C"
"CUBA_MICHELLE","3","MICHELLE_CUBA_2001",2014-10-01,169,"C"
"CUBA_PALOMA","3","PALOMA_CUBA_2008",2014-10-01,129,"C"
"CUBA_SANDY","3","SANDY_CUBA_2012",2014-10-01,106,"C"
"DEAN_QROO_MX","5","DEAN_QROO_MX_2007",2014-10-01,248,"SG"
"FL_US_CHARLEY","1","CHARLEY_2004",2014-10-01,49,"FP"
"FL_US_FRANCES","1","FRANCES_US_FL_2004",2014-10-01,70,"FP"
"FL_US_IAN","1","IAN_US_FL_2022",2014-10-01,52,"FP"
"FL_US_IRMA","1","IRMA_US_FL_2017",2014-10-01,64,"FP"
"FL_US_JEANNE","1","JEANNE_US_FL_2004",2014-10-01,73,"FP"
"FL_US_MICHAEL","4","MICHAEL_US_FL_2018",2014-10-01,59,"SUS"
"FL_US_WILMA","1","WILMA_US_FL_2005",2014-10-01,78,"FP"
"LA_US_GUSTAV","4","GUSTAV_US_LA_2008",2014-10-01,54,"SUS"
"LA_US_IDA","4","IDA_US_LA_2009",2014-10-01,51,"SUS"
"LA_US_KATRINA","4","KATRINA_US_LA_2005",2014-10-01,48,"SUS"
"LA_US_LAURA","4","LAURA_US_LA_2020",2014-10-01,83,"SUS"
"LA_US_ZETA","4","ZETA_US_LA_2020",2014-10-01,49,"SUS"
"MX_ERNESTO","5","ERNESTO_MX_2012",2014-10-01,246,"SG"
"MX_GRACE","3","GRACE_MX_2021",2014-10-01,354.2023,"C"
"MX_TAMPS_EMILY","6","EMILY_TAMPS_MX_2005",2014-10-01,109,"WG"
"NC_US_ISABEL","4","ISABEL_US_NC_2003",2014-10-01,42,"SUS"
"NIC_ETA","2","ETA_NIC_2020",2014-10-01,272,"CA"
"NIC_FELIX","2","FELIX_NIC_2007",2014-10-01,264,"CA"
"NIC_IOTA","2","IOTA_NIC_2020",2014-10-01,275,"CA"
"PR_USA_MARIA","3","MARIA_US_PR_2017",2014-10-01,147,"C"
"QROO_WILMA","3","WILMA_QROO_2005",2014-10-01,404,"C"
"TX_US_HARVEY","6","HARVEY_US_TX_2017",2014-10-01,59,"WG"
"TX_US_IKE","4","IKE_US_TX_2008",2014-10-01,70,"SUS"
"TX_US_RITA","4","RITA_US_TX_2005",2014-10-01,80,"SUS"
"US_FL_DELTA","4","DELTA_US_LA_2020",2014-10-01,79,"SUS"
"US_FL_DENNIS","4","DENNIS_US_FL_2005",2014-10-01,66,"SUS"
"VER_MX_KARL","5","KARL_MX_VER_2010",2014-10-01,148.7123,"SG"
"YUC_DELTA","5","DELTA_YUCATAN_MX_2020",2014-10-01,411,"SG"
"YUC_MX_EMILY","5","EMILY_MX_YUC_2005",2014-10-01,362,"SG"
"YUC_MX_ISIDORE","5","ISIDORE_MX_YUC_2002",2014-10-01,260,"SG"
"AL_US_IVAN","4","IVAN_US_AL_2004",2014-11-01,48,"SUS"
"AL_US_SALLY","4","SALLY_US_AL_2020",2014-11-01,49,"SUS"
"ALEX","6","ALEX_2010",2014-11-01,83,"WG"
"BELICE_RICHARD","3","RICHARD_BELICE_2010",2014-11-01,237,"C"
"BELIZE_IRIS","2","IRIS_BELIZE_2001",2014-11-01,314,"CA"
"BETA","2","BETA_2005",2014-11-01,200,"CA"
"CR_OTTO","2","OTTO_CR_2016",2014-11-01,276,"CA"
"CUBA_DENNIS","3","DENNIS_CUBA_2005",2014-11-01,60,"C"
"CUBA_GUSTAV","3","GUSTAV_CUBA_2008",2014-11-01,161,"C"
"CUBA_IAN","3","IAN_CUBA_2022",2014-11-01,151,"C"
"CUBA_MICHELLE","3","MICHELLE_CUBA_2001",2014-11-01,52,"C"
"CUBA_PALOMA","3","PALOMA_CUBA_2008",2014-11-01,46,"C"
"CUBA_SANDY","3","SANDY_CUBA_2012",2014-11-01,90,"C"
"DEAN_QROO_MX","5","DEAN_QROO_MX_2007",2014-11-01,95,"SG"
"FL_US_CHARLEY","1","CHARLEY_2004",2014-11-01,108,"FP"
"FL_US_FRANCES","1","FRANCES_US_FL_2004",2014-11-01,97,"FP"
"FL_US_IAN","1","IAN_US_FL_2022",2014-11-01,99,"FP"
"FL_US_IRMA","1","IRMA_US_FL_2017",2014-11-01,69,"FP"
"FL_US_JEANNE","1","JEANNE_US_FL_2004",2014-11-01,95,"FP"
"FL_US_MICHAEL","4","MICHAEL_US_FL_2018",2014-11-01,100,"SUS"
"FL_US_WILMA","1","WILMA_US_FL_2005",2014-11-01,61,"FP"
"LA_US_GUSTAV","4","GUSTAV_US_LA_2008",2014-11-01,55,"SUS"
"LA_US_IDA","4","IDA_US_LA_2009",2014-11-01,51,"SUS"
"LA_US_KATRINA","4","KATRINA_US_LA_2005",2014-11-01,46,"SUS"
"LA_US_LAURA","4","LAURA_US_LA_2020",2014-11-01,100,"SUS"
"LA_US_ZETA","4","ZETA_US_LA_2020",2014-11-01,48,"SUS"
"MX_ERNESTO","5","ERNESTO_MX_2012",2014-11-01,95,"SG"
"MX_GRACE","3","GRACE_MX_2021",2014-11-01,98,"C"
"MX_TAMPS_EMILY","6","EMILY_TAMPS_MX_2005",2014-11-01,77,"WG"
"NC_US_ISABEL","4","ISABEL_US_NC_2003",2014-11-01,80,"SUS"
"NIC_ETA","2","ETA_NIC_2020",2014-11-01,252,"CA"
"NIC_FELIX","2","FELIX_NIC_2007",2014-11-01,311,"CA"
"NIC_IOTA","2","IOTA_NIC_2020",2014-11-01,231,"CA"
"PR_USA_MARIA","3","MARIA_US_PR_2017",2014-11-01,357,"C"
"QROO_WILMA","3","WILMA_QROO_2005",2014-11-01,194,"C"
"TX_US_HARVEY","6","HARVEY_US_TX_2017",2014-11-01,135,"WG"
"TX_US_IKE","4","IKE_US_TX_2008",2014-11-01,131,"SUS"
"TX_US_RITA","4","RITA_US_TX_2005",2014-11-01,116,"SUS"
"US_FL_DELTA","4","DELTA_US_LA_2020",2014-11-01,90,"SUS"
"US_FL_DENNIS","4","DENNIS_US_FL_2005",2014-11-01,51,"SUS"
"VER_MX_KARL","5","KARL_MX_VER_2010",2014-11-01,58,"SG"
"YUC_DELTA","5","DELTA_YUCATAN_MX_2020",2014-11-01,177,"SG"
"YUC_MX_EMILY","5","EMILY_MX_YUC_2005",2014-11-01,126,"SG"
"YUC_MX_ISIDORE","5","ISIDORE_MX_YUC_2002",2014-11-01,73,"SG"
"AL_US_IVAN","4","IVAN_US_AL_2004",2014-12-01,160,"SUS"
"AL_US_SALLY","4","SALLY_US_AL_2020",2014-12-01,134,"SUS"
"ALEX","6","ALEX_2010",2014-12-01,72,"WG"
"BELICE_RICHARD","3","RICHARD_BELICE_2010",2014-12-01,75,"C"
"BELIZE_IRIS","2","IRIS_BELIZE_2001",2014-12-01,81,"CA"
"BETA","2","BETA_2005",2014-12-01,195,"CA"
"CR_OTTO","2","OTTO_CR_2016",2014-12-01,282.6,"CA"
"CUBA_DENNIS","3","DENNIS_CUBA_2005",2014-12-01,13,"C"
"CUBA_GUSTAV","3","GUSTAV_CUBA_2008",2014-12-01,26,"C"
"CUBA_IAN","3","IAN_CUBA_2022",2014-12-01,22,"C"
"CUBA_MICHELLE","3","MICHELLE_CUBA_2001",2014-12-01,18,"C"
"CUBA_PALOMA","3","PALOMA_CUBA_2008",2014-12-01,37,"C"
"CUBA_SANDY","3","SANDY_CUBA_2012",2014-12-01,49,"C"
"DEAN_QROO_MX","5","DEAN_QROO_MX_2007",2014-12-01,42,"SG"
"FL_US_CHARLEY","1","CHARLEY_2004",2014-12-01,41,"FP"
"FL_US_FRANCES","1","FRANCES_US_FL_2004",2014-12-01,38,"FP"
"FL_US_IAN","1","IAN_US_FL_2022",2014-12-01,38,"FP"
"FL_US_IRMA","1","IRMA_US_FL_2017",2014-12-01,34,"FP"
"FL_US_JEANNE","1","JEANNE_US_FL_2004",2014-12-01,38,"FP"
"FL_US_MICHAEL","4","MICHAEL_US_FL_2018",2014-12-01,138,"SUS"
"FL_US_WILMA","1","WILMA_US_FL_2005",2014-12-01,32,"FP"
"LA_US_GUSTAV","4","GUSTAV_US_LA_2008",2014-12-01,115,"SUS"
"LA_US_IDA","4","IDA_US_LA_2009",2014-12-01,126,"SUS"
"LA_US_KATRINA","4","KATRINA_US_LA_2005",2014-12-01,155,"SUS"
"LA_US_LAURA","4","LAURA_US_LA_2020",2014-12-01,143,"SUS"
"LA_US_ZETA","4","ZETA_US_LA_2020",2014-12-01,119,"SUS"
"MX_ERNESTO","5","ERNESTO_MX_2012",2014-12-01,40,"SG"
"MX_GRACE","3","GRACE_MX_2021",2014-12-01,53,"C"
"MX_TAMPS_EMILY","6","EMILY_TAMPS_MX_2005",2014-12-01,58,"WG"
"NC_US_ISABEL","4","ISABEL_US_NC_2003",2014-12-01,84,"SUS"
"NIC_ETA","2","ETA_NIC_2020",2014-12-01,232.5239,"CA"
"NIC_FELIX","2","FELIX_NIC_2007",2014-12-01,339,"CA"
"NIC_IOTA","2","IOTA_NIC_2020",2014-12-01,207,"CA"
"PR_USA_MARIA","3","MARIA_US_PR_2017",2014-12-01,138,"C"
"QROO_WILMA","3","WILMA_QROO_2005",2014-12-01,54,"C"
"TX_US_HARVEY","6","HARVEY_US_TX_2017",2014-12-01,50,"WG"
"TX_US_IKE","4","IKE_US_TX_2008",2014-12-01,108,"SUS"
"TX_US_RITA","4","RITA_US_TX_2005",2014-12-01,139,"SUS"
"US_FL_DELTA","4","DELTA_US_LA_2020",2014-12-01,138,"SUS"
"US_FL_DENNIS","4","DENNIS_US_FL_2005",2014-12-01,154,"SUS"
"VER_MX_KARL","5","KARL_MX_VER_2010",2014-12-01,28,"SG"
"YUC_DELTA","5","DELTA_YUCATAN_MX_2020",2014-12-01,53,"SG"
"YUC_MX_EMILY","5","EMILY_MX_YUC_2005",2014-12-01,48,"SG"
"YUC_MX_ISIDORE","5","ISIDORE_MX_YUC_2002",2014-12-01,45,"SG"
"AL_US_IVAN","4","IVAN_US_AL_2004",2015-01-01,133,"SUS"
"AL_US_SALLY","4","SALLY_US_AL_2020",2015-01-01,139,"SUS"
"ALEX","6","ALEX_2010",2015-01-01,70,"WG"
"BELICE_RICHARD","3","RICHARD_BELICE_2010",2015-01-01,135,"C"
"BELIZE_IRIS","2","IRIS_BELIZE_2001",2015-01-01,199,"CA"
"BETA","2","BETA_2005",2015-01-01,167,"CA"
"CR_OTTO","2","OTTO_CR_2016",2015-01-01,330.373,"CA"
"CUBA_DENNIS","3","DENNIS_CUBA_2005",2015-01-01,42,"C"
"CUBA_GUSTAV","3","GUSTAV_CUBA_2008",2015-01-01,59,"C"
"CUBA_IAN","3","IAN_CUBA_2022",2015-01-01,57,"C"
"CUBA_MICHELLE","3","MICHELLE_CUBA_2001",2015-01-01,40,"C"
"CUBA_PALOMA","3","PALOMA_CUBA_2008",2015-01-01,6,"C"
"CUBA_SANDY","3","SANDY_CUBA_2012",2015-01-01,9,"C"
"DEAN_QROO_MX","5","DEAN_QROO_MX_2007",2015-01-01,65,"SG"
"FL_US_CHARLEY","1","CHARLEY_2004",2015-01-01,38,"FP"
"FL_US_FRANCES","1","FRANCES_US_FL_2004",2015-01-01,32,"FP"
"FL_US_IAN","1","IAN_US_FL_2022",2015-01-01,36,"FP"
"FL_US_IRMA","1","IRMA_US_FL_2017",2015-01-01,32,"FP"
"FL_US_JEANNE","1","JEANNE_US_FL_2004",2015-01-01,31,"FP"
"FL_US_MICHAEL","4","MICHAEL_US_FL_2018",2015-01-01,122,"SUS"
"FL_US_WILMA","1","WILMA_US_FL_2005",2015-01-01,29,"FP"
"LA_US_GUSTAV","4","GUSTAV_US_LA_2008",2015-01-01,133,"SUS"
"LA_US_IDA","4","IDA_US_LA_2009",2015-01-01,138,"SUS"
"LA_US_KATRINA","4","KATRINA_US_LA_2005",2015-01-01,134,"SUS"
"LA_US_LAURA","4","LAURA_US_LA_2020",2015-01-01,173,"SUS"
"LA_US_ZETA","4","ZETA_US_LA_2020",2015-01-01,130,"SUS"
"MX_ERNESTO","5","ERNESTO_MX_2012",2015-01-01,65,"SG"
"MX_GRACE","3","GRACE_MX_2021",2015-01-01,48,"C"
"MX_TAMPS_EMILY","6","EMILY_TAMPS_MX_2005",2015-01-01,60,"WG"
"NC_US_ISABEL","4","ISABEL_US_NC_2003",2015-01-01,92,"SUS"
"NIC_ETA","2","ETA_NIC_2020",2015-01-01,140,"CA"
"NIC_FELIX","2","FELIX_NIC_2007",2015-01-01,152,"CA"
"NIC_IOTA","2","IOTA_NIC_2020",2015-01-01,139,"CA"
"PR_USA_MARIA","3","MARIA_US_PR_2017",2015-01-01,222.3597,"C"
"QROO_WILMA","3","WILMA_QROO_2005",2015-01-01,54,"C"
"TX_US_HARVEY","6","HARVEY_US_TX_2017",2015-01-01,119,"WG"
"TX_US_IKE","4","IKE_US_TX_2008",2015-01-01,153,"SUS"
"TX_US_RITA","4","RITA_US_TX_2005",2015-01-01,173,"SUS"
"US_FL_DELTA","4","DELTA_US_LA_2020",2015-01-01,171,"SUS"
"US_FL_DENNIS","4","DENNIS_US_FL_2005",2015-01-01,137,"SUS"
"VER_MX_KARL","5","KARL_MX_VER_2010",2015-01-01,28,"SG"
"YUC_DELTA","5","DELTA_YUCATAN_MX_2020",2015-01-01,51,"SG"
"YUC_MX_EMILY","5","EMILY_MX_YUC_2005",2015-01-01,50,"SG"
"YUC_MX_ISIDORE","5","ISIDORE_MX_YUC_2002",2015-01-01,30,"SG"
"AL_US_IVAN","4","IVAN_US_AL_2004",2015-02-01,93,"SUS"
"AL_US_SALLY","4","SALLY_US_AL_2020",2015-02-01,90,"SUS"
"ALEX","6","ALEX_2010",2015-02-01,43,"WG"
"BELICE_RICHARD","3","RICHARD_BELICE_2010",2015-02-01,19,"C"
"BELIZE_IRIS","2","IRIS_BELIZE_2001",2015-02-01,36,"CA"
"BETA","2","BETA_2005",2015-02-01,56,"CA"
"CR_OTTO","2","OTTO_CR_2016",2015-02-01,163,"CA"
"CUBA_DENNIS","3","DENNIS_CUBA_2005",2015-02-01,24,"C"
"CUBA_GUSTAV","3","GUSTAV_CUBA_2008",2015-02-01,59,"C"
"CUBA_IAN","3","IAN_CUBA_2022",2015-02-01,58,"C"
"CUBA_MICHELLE","3","MICHELLE_CUBA_2001",2015-02-01,27,"C"
"CUBA_PALOMA","3","PALOMA_CUBA_2008",2015-02-01,16,"C"
"CUBA_SANDY","3","SANDY_CUBA_2012",2015-02-01,31,"C"
"DEAN_QROO_MX","5","DEAN_QROO_MX_2007",2015-02-01,7,"SG"
"FL_US_CHARLEY","1","CHARLEY_2004",2015-02-01,138,"FP"
"FL_US_FRANCES","1","FRANCES_US_FL_2004",2015-02-01,112,"FP"
"FL_US_IAN","1","IAN_US_FL_2022",2015-02-01,126,"FP"
"FL_US_IRMA","1","IRMA_US_FL_2017",2015-02-01,85,"FP"
"FL_US_JEANNE","1","JEANNE_US_FL_2004",2015-02-01,108,"FP"
"FL_US_MICHAEL","4","MICHAEL_US_FL_2018",2015-02-01,109,"SUS"
"FL_US_WILMA","1","WILMA_US_FL_2005",2015-02-01,71,"FP"
"LA_US_GUSTAV","4","GUSTAV_US_LA_2008",2015-02-01,53,"SUS"
"LA_US_IDA","4","IDA_US_LA_2009",2015-02-01,62,"SUS"
"LA_US_KATRINA","4","KATRINA_US_LA_2005",2015-02-01,76,"SUS"
"LA_US_LAURA","4","LAURA_US_LA_2020",2015-02-01,55,"SUS"
"LA_US_ZETA","4","ZETA_US_LA_2020",2015-02-01,60,"SUS"
"MX_ERNESTO","5","ERNESTO_MX_2012",2015-02-01,7,"SG"
"MX_GRACE","3","GRACE_MX_2021",2015-02-01,21,"C"
"MX_TAMPS_EMILY","6","EMILY_TAMPS_MX_2005",2015-02-01,35,"WG"
"NC_US_ISABEL","4","ISABEL_US_NC_2003",2015-02-01,107,"SUS"
"NIC_ETA","2","ETA_NIC_2020",2015-02-01,42,"CA"
"NIC_FELIX","2","FELIX_NIC_2007",2015-02-01,46,"CA"
"NIC_IOTA","2","IOTA_NIC_2020",2015-02-01,40,"CA"
"PR_USA_MARIA","3","MARIA_US_PR_2017",2015-02-01,95,"C"
"QROO_WILMA","3","WILMA_QROO_2005",2015-02-01,28,"C"
"TX_US_HARVEY","6","HARVEY_US_TX_2017",2015-02-01,23,"WG"
"TX_US_IKE","4","IKE_US_TX_2008",2015-02-01,37,"SUS"
"TX_US_RITA","4","RITA_US_TX_2005",2015-02-01,49,"SUS"
"US_FL_DELTA","4","DELTA_US_LA_2020",2015-02-01,52,"SUS"
"US_FL_DENNIS","4","DENNIS_US_FL_2005",2015-02-01,99,"SUS"
"VER_MX_KARL","5","KARL_MX_VER_2010",2015-02-01,6,"SG"
"YUC_DELTA","5","DELTA_YUCATAN_MX_2020",2015-02-01,24,"SG"
"YUC_MX_EMILY","5","EMILY_MX_YUC_2005",2015-02-01,18,"SG"
"YUC_MX_ISIDORE","5","ISIDORE_MX_YUC_2002",2015-02-01,9,"SG"
"AL_US_IVAN","4","IVAN_US_AL_2004",2015-03-01,101,"SUS"
"AL_US_SALLY","4","SALLY_US_AL_2020",2015-03-01,91,"SUS"
"ALEX","6","ALEX_2010",2015-03-01,45,"WG"
"BELICE_RICHARD","3","RICHARD_BELICE_2010",2015-03-01,81,"C"
"BELIZE_IRIS","2","IRIS_BELIZE_2001",2015-03-01,166,"CA"
"BETA","2","BETA_2005",2015-03-01,41,"CA"
"CR_OTTO","2","OTTO_CR_2016",2015-03-01,64,"CA"
"CUBA_DENNIS","3","DENNIS_CUBA_2005",2015-03-01,21,"C"
"CUBA_GUSTAV","3","GUSTAV_CUBA_2008",2015-03-01,17,"C"
"CUBA_IAN","3","IAN_CUBA_2022",2015-03-01,16,"C"
"CUBA_MICHELLE","3","MICHELLE_CUBA_2001",2015-03-01,27,"C"
"CUBA_PALOMA","3","PALOMA_CUBA_2008",2015-03-01,61,"C"
"CUBA_SANDY","3","SANDY_CUBA_2012",2015-03-01,119,"C"
"DEAN_QROO_MX","5","DEAN_QROO_MX_2007",2015-03-01,21,"SG"
"FL_US_CHARLEY","1","CHARLEY_2004",2015-03-01,35,"FP"
"FL_US_FRANCES","1","FRANCES_US_FL_2004",2015-03-01,42,"FP"
"FL_US_IAN","1","IAN_US_FL_2022",2015-03-01,36,"FP"
"FL_US_IRMA","1","IRMA_US_FL_2017",2015-03-01,39,"FP"
"FL_US_JEANNE","1","JEANNE_US_FL_2004",2015-03-01,43,"FP"
"FL_US_MICHAEL","4","MICHAEL_US_FL_2018",2015-03-01,68,"SUS"
"FL_US_WILMA","1","WILMA_US_FL_2005",2015-03-01,37,"FP"
"LA_US_GUSTAV","4","GUSTAV_US_LA_2008",2015-03-01,144,"SUS"
"LA_US_IDA","4","IDA_US_LA_2009",2015-03-01,147,"SUS"
"LA_US_KATRINA","4","KATRINA_US_LA_2005",2015-03-01,139,"SUS"
"LA_US_LAURA","4","LAURA_US_LA_2020",2015-03-01,240,"SUS"
"LA_US_ZETA","4","ZETA_US_LA_2020",2015-03-01,132,"SUS"
"MX_ERNESTO","5","ERNESTO_MX_2012",2015-03-01,20,"SG"
"MX_GRACE","3","GRACE_MX_2021",2015-03-01,194,"C"
"MX_TAMPS_EMILY","6","EMILY_TAMPS_MX_2005",2015-03-01,58,"WG"
"NC_US_ISABEL","4","ISABEL_US_NC_2003",2015-03-01,71,"SUS"
"NIC_ETA","2","ETA_NIC_2020",2015-03-01,65,"CA"
"NIC_FELIX","2","FELIX_NIC_2007",2015-03-01,53,"CA"
"NIC_IOTA","2","IOTA_NIC_2020",2015-03-01,57,"CA"
"PR_USA_MARIA","3","MARIA_US_PR_2017",2015-03-01,55,"C"
"QROO_WILMA","3","WILMA_QROO_2005",2015-03-01,26,"C"
"TX_US_HARVEY","6","HARVEY_US_TX_2017",2015-03-01,71,"WG"
"TX_US_IKE","4","IKE_US_TX_2008",2015-03-01,211,"SUS"
"TX_US_RITA","4","RITA_US_TX_2005",2015-03-01,243,"SUS"
"US_FL_DELTA","4","DELTA_US_LA_2020",2015-03-01,224,"SUS"
"US_FL_DENNIS","4","DENNIS_US_FL_2005",2015-03-01,97,"SUS"
"VER_MX_KARL","5","KARL_MX_VER_2010",2015-03-01,100,"SG"
"YUC_DELTA","5","DELTA_YUCATAN_MX_2020",2015-03-01,28,"SG"
"YUC_MX_EMILY","5","EMILY_MX_YUC_2005",2015-03-01,36,"SG"
"YUC_MX_ISIDORE","5","ISIDORE_MX_YUC_2002",2015-03-01,20,"SG"
"AL_US_IVAN","4","IVAN_US_AL_2004",2015-04-01,230,"SUS"
"AL_US_SALLY","4","SALLY_US_AL_2020",2015-04-01,223,"SUS"
"ALEX","6","ALEX_2010",2015-04-01,48,"WG"
"BELICE_RICHARD","3","RICHARD_BELICE_2010",2015-04-01,50,"C"
"BELIZE_IRIS","2","IRIS_BELIZE_2001",2015-04-01,80,"CA"
"BETA","2","BETA_2005",2015-04-01,52,"CA"
"CR_OTTO","2","OTTO_CR_2016",2015-04-01,104,"CA"
"CUBA_DENNIS","3","DENNIS_CUBA_2005",2015-04-01,194,"C"
"CUBA_GUSTAV","3","GUSTAV_CUBA_2008",2015-04-01,197,"C"
"CUBA_IAN","3","IAN_CUBA_2022",2015-04-01,175,"C"
"CUBA_MICHELLE","3","MICHELLE_CUBA_2001",2015-04-01,201,"C"
"CUBA_PALOMA","3","PALOMA_CUBA_2008",2015-04-01,85,"C"
"CUBA_SANDY","3","SANDY_CUBA_2012",2015-04-01,43,"C"
"DEAN_QROO_MX","5","DEAN_QROO_MX_2007",2015-04-01,37,"SG"
"FL_US_CHARLEY","1","CHARLEY_2004",2015-04-01,119,"FP"
"FL_US_FRANCES","1","FRANCES_US_FL_2004",2015-04-01,109,"FP"
"FL_US_IAN","1","IAN_US_FL_2022",2015-04-01,113,"FP"
"FL_US_IRMA","1","IRMA_US_FL_2017",2015-04-01,114,"FP"
"FL_US_JEANNE","1","JEANNE_US_FL_2004",2015-04-01,113,"FP"
"FL_US_MICHAEL","4","MICHAEL_US_FL_2018",2015-04-01,195,"SUS"
"FL_US_WILMA","1","WILMA_US_FL_2005",2015-04-01,117,"FP"
"LA_US_GUSTAV","4","GUSTAV_US_LA_2008",2015-04-01,222,"SUS"
"LA_US_IDA","4","IDA_US_LA_2009",2015-04-01,246,"SUS"
"LA_US_KATRINA","4","KATRINA_US_LA_2005",2015-04-01,221,"SUS"
"LA_US_LAURA","4","LAURA_US_LA_2020",2015-04-01,163,"SUS"
"LA_US_ZETA","4","ZETA_US_LA_2020",2015-04-01,243,"SUS"
"MX_ERNESTO","5","ERNESTO_MX_2012",2015-04-01,37,"SG"
"MX_GRACE","3","GRACE_MX_2021",2015-04-01,91,"C"
"MX_TAMPS_EMILY","6","EMILY_TAMPS_MX_2005",2015-04-01,47,"WG"
"NC_US_ISABEL","4","ISABEL_US_NC_2003",2015-04-01,106,"SUS"
"NIC_ETA","2","ETA_NIC_2020",2015-04-01,52,"CA"
"NIC_FELIX","2","FELIX_NIC_2007",2015-04-01,47,"CA"
"NIC_IOTA","2","IOTA_NIC_2020",2015-04-01,51,"CA"
"PR_USA_MARIA","3","MARIA_US_PR_2017",2015-04-01,57,"C"
"QROO_WILMA","3","WILMA_QROO_2005",2015-04-01,26,"C"
"TX_US_HARVEY","6","HARVEY_US_TX_2017",2015-04-01,125,"WG"
"TX_US_IKE","4","IKE_US_TX_2008",2015-04-01,179,"SUS"
"TX_US_RITA","4","RITA_US_TX_2005",2015-04-01,172,"SUS"
"US_FL_DELTA","4","DELTA_US_LA_2020",2015-04-01,175,"SUS"
"US_FL_DENNIS","4","DENNIS_US_FL_2005",2015-04-01,222,"SUS"
"VER_MX_KARL","5","KARL_MX_VER_2010",2015-04-01,39,"SG"
"YUC_DELTA","5","DELTA_YUCATAN_MX_2020",2015-04-01,24,"SG"
"YUC_MX_EMILY","5","EMILY_MX_YUC_2005",2015-04-01,26,"SG"
"YUC_MX_ISIDORE","5","ISIDORE_MX_YUC_2002",2015-04-01,20,"SG"
"AL_US_IVAN","4","IVAN_US_AL_2004",2015-05-01,151,"SUS"
"AL_US_SALLY","4","SALLY_US_AL_2020",2015-05-01,146,"SUS"
"ALEX","6","ALEX_2010",2015-05-01,107,"WG"
"BELICE_RICHARD","3","RICHARD_BELICE_2010",2015-05-01,51,"C"
"BELIZE_IRIS","2","IRIS_BELIZE_2001",2015-05-01,84,"CA"
"BETA","2","BETA_2005",2015-05-01,83,"CA"
"CR_OTTO","2","OTTO_CR_2016",2015-05-01,101,"CA"
"CUBA_DENNIS","3","DENNIS_CUBA_2005",2015-05-01,53,"C"
"CUBA_GUSTAV","3","GUSTAV_CUBA_2008",2015-05-01,104,"C"
"CUBA_IAN","3","IAN_CUBA_2022",2015-05-01,127,"C"
"CUBA_MICHELLE","3","MICHELLE_CUBA_2001",2015-05-01,61,"C"
"CUBA_PALOMA","3","PALOMA_CUBA_2008",2015-05-01,97,"C"
"CUBA_SANDY","3","SANDY_CUBA_2012",2015-05-01,66,"C"
"DEAN_QROO_MX","5","DEAN_QROO_MX_2007",2015-05-01,29,"SG"
"FL_US_CHARLEY","1","CHARLEY_2004",2015-05-01,188,"FP"
"FL_US_FRANCES","1","FRANCES_US_FL_2004",2015-05-01,149,"FP"
"FL_US_IAN","1","IAN_US_FL_2022",2015-05-01,169,"FP"
"FL_US_IRMA","1","IRMA_US_FL_2017",2015-05-01,118,"FP"
"FL_US_JEANNE","1","JEANNE_US_FL_2004",2015-05-01,145,"FP"
"FL_US_MICHAEL","4","MICHAEL_US_FL_2018",2015-05-01,108,"SUS"
"FL_US_WILMA","1","WILMA_US_FL_2005",2015-05-01,96,"FP"
"LA_US_GUSTAV","4","GUSTAV_US_LA_2008",2015-05-01,206,"SUS"
"LA_US_IDA","4","IDA_US_LA_2009",2015-05-01,217,"SUS"
"LA_US_KATRINA","4","KATRINA_US_LA_2005",2015-05-01,183,"SUS"
"LA_US_LAURA","4","LAURA_US_LA_2020",2015-05-01,189,"SUS"
"LA_US_ZETA","4","ZETA_US_LA_2020",2015-05-01,213,"SUS"
"MX_ERNESTO","5","ERNESTO_MX_2012",2015-05-01,30,"SG"
"MX_GRACE","3","GRACE_MX_2021",2015-05-01,111,"C"
"MX_TAMPS_EMILY","6","EMILY_TAMPS_MX_2005",2015-05-01,131,"WG"
"NC_US_ISABEL","4","ISABEL_US_NC_2003",2015-05-01,85,"SUS"
"NIC_ETA","2","ETA_NIC_2020",2015-05-01,81,"CA"
"NIC_FELIX","2","FELIX_NIC_2007",2015-05-01,80,"CA"
"NIC_IOTA","2","IOTA_NIC_2020",2015-05-01,81,"CA"
"PR_USA_MARIA","3","MARIA_US_PR_2017",2015-05-01,84,"C"
"QROO_WILMA","3","WILMA_QROO_2005",2015-05-01,65,"C"
"TX_US_HARVEY","6","HARVEY_US_TX_2017",2015-05-01,197,"WG"
"TX_US_IKE","4","IKE_US_TX_2008",2015-05-01,152,"SUS"
"TX_US_RITA","4","RITA_US_TX_2005",2015-05-01,168,"SUS"
"US_FL_DELTA","4","DELTA_US_LA_2020",2015-05-01,201,"SUS"
"US_FL_DENNIS","4","DENNIS_US_FL_2005",2015-05-01,142,"SUS"
"VER_MX_KARL","5","KARL_MX_VER_2010",2015-05-01,75,"SG"
"YUC_DELTA","5","DELTA_YUCATAN_MX_2020",2015-05-01,59,"SG"
"YUC_MX_EMILY","5","EMILY_MX_YUC_2005",2015-05-01,39,"SG"
"YUC_MX_ISIDORE","5","ISIDORE_MX_YUC_2002",2015-05-01,16,"SG"
"AL_US_IVAN","4","IVAN_US_AL_2004",2015-06-01,123,"SUS"
"AL_US_SALLY","4","SALLY_US_AL_2020",2015-06-01,131,"SUS"
"ALEX","6","ALEX_2010",2015-06-01,87,"WG"
"BELICE_RICHARD","3","RICHARD_BELICE_2010",2015-06-01,326,"C"
"BELIZE_IRIS","2","IRIS_BELIZE_2001",2015-06-01,534.2424,"CA"
"BETA","2","BETA_2005",2015-06-01,228,"CA"
"CR_OTTO","2","OTTO_CR_2016",2015-06-01,92,"CA"
"CUBA_DENNIS","3","DENNIS_CUBA_2005",2015-06-01,153,"C"
"CUBA_GUSTAV","3","GUSTAV_CUBA_2008",2015-06-01,181,"C"
"CUBA_IAN","3","IAN_CUBA_2022",2015-06-01,176,"C"
"CUBA_MICHELLE","3","MICHELLE_CUBA_2001",2015-06-01,196,"C"
"CUBA_PALOMA","3","PALOMA_CUBA_2008",2015-06-01,161,"C"
"CUBA_SANDY","3","SANDY_CUBA_2012",2015-06-01,50,"C"
"DEAN_QROO_MX","5","DEAN_QROO_MX_2007",2015-06-01,138,"SG"
"FL_US_CHARLEY","1","CHARLEY_2004",2015-06-01,192,"FP"
"FL_US_FRANCES","1","FRANCES_US_FL_2004",2015-06-01,144,"FP"
"FL_US_IAN","1","IAN_US_FL_2022",2015-06-01,188,"FP"
"FL_US_IRMA","1","IRMA_US_FL_2017",2015-06-01,179,"FP"
"FL_US_JEANNE","1","JEANNE_US_FL_2004",2015-06-01,138,"FP"
"FL_US_MICHAEL","4","MICHAEL_US_FL_2018",2015-06-01,149,"SUS"
"FL_US_WILMA","1","WILMA_US_FL_2005",2015-06-01,152,"FP"
"LA_US_GUSTAV","4","GUSTAV_US_LA_2008",2015-06-01,107,"SUS"
"LA_US_IDA","4","IDA_US_LA_2009",2015-06-01,100,"SUS"
"LA_US_KATRINA","4","KATRINA_US_LA_2005",2015-06-01,106,"SUS"
"LA_US_LAURA","4","LAURA_US_LA_2020",2015-06-01,107,"SUS"
"LA_US_ZETA","4","ZETA_US_LA_2020",2015-06-01,95,"SUS"
"MX_ERNESTO","5","ERNESTO_MX_2012",2015-06-01,143,"SG"
"MX_GRACE","3","GRACE_MX_2021",2015-06-01,178.1671,"C"
"MX_TAMPS_EMILY","6","EMILY_TAMPS_MX_2005",2015-06-01,73,"WG"
"NC_US_ISABEL","4","ISABEL_US_NC_2003",2015-06-01,185,"SUS"
"NIC_ETA","2","ETA_NIC_2020",2015-06-01,273,"CA"
"NIC_FELIX","2","FELIX_NIC_2007",2015-06-01,250.49,"CA"
"NIC_IOTA","2","IOTA_NIC_2020",2015-06-01,262.5,"CA"
"PR_USA_MARIA","3","MARIA_US_PR_2017",2015-06-01,86,"C"
"QROO_WILMA","3","WILMA_QROO_2005",2015-06-01,109,"C"
"TX_US_HARVEY","6","HARVEY_US_TX_2017",2015-06-01,116,"WG"
"TX_US_IKE","4","IKE_US_TX_2008",2015-06-01,120,"SUS"
"TX_US_RITA","4","RITA_US_TX_2005",2015-06-01,117,"SUS"
"US_FL_DELTA","4","DELTA_US_LA_2020",2015-06-01,102,"SUS"
"US_FL_DENNIS","4","DENNIS_US_FL_2005",2015-06-01,130,"SUS"
"VER_MX_KARL","5","KARL_MX_VER_2010",2015-06-01,226.7562,"SG"
"YUC_DELTA","5","DELTA_YUCATAN_MX_2020",2015-06-01,109,"SG"
"YUC_MX_EMILY","5","EMILY_MX_YUC_2005",2015-06-01,115,"SG"
"YUC_MX_ISIDORE","5","ISIDORE_MX_YUC_2002",2015-06-01,96,"SG"
"AL_US_IVAN","4","IVAN_US_AL_2004",2015-07-01,172,"SUS"
"AL_US_SALLY","4","SALLY_US_AL_2020",2015-07-01,181,"SUS"
"ALEX","6","ALEX_2010",2015-07-01,37,"WG"
"BELICE_RICHARD","3","RICHARD_BELICE_2010",2015-07-01,69,"C"
"BELIZE_IRIS","2","IRIS_BELIZE_2001",2015-07-01,242,"CA"
"BETA","2","BETA_2005",2015-07-01,147,"CA"
"CR_OTTO","2","OTTO_CR_2016",2015-07-01,158,"CA"
"CUBA_DENNIS","3","DENNIS_CUBA_2005",2015-07-01,102,"C"
"CUBA_GUSTAV","3","GUSTAV_CUBA_2008",2015-07-01,108,"C"
"CUBA_IAN","3","IAN_CUBA_2022",2015-07-01,116,"C"
"CUBA_MICHELLE","3","MICHELLE_CUBA_2001",2015-07-01,102,"C"
"CUBA_PALOMA","3","PALOMA_CUBA_2008",2015-07-01,87,"C"
"CUBA_SANDY","3","SANDY_CUBA_2012",2015-07-01,139,"C"
"DEAN_QROO_MX","5","DEAN_QROO_MX_2007",2015-07-01,21,"SG"
"FL_US_CHARLEY","1","CHARLEY_2004",2015-07-01,280,"FP"
"FL_US_FRANCES","1","FRANCES_US_FL_2004",2015-07-01,207,"FP"
"FL_US_IAN","1","IAN_US_FL_2022",2015-07-01,257,"FP"
"FL_US_IRMA","1","IRMA_US_FL_2017",2015-07-01,227,"FP"
"FL_US_JEANNE","1","JEANNE_US_FL_2004",2015-07-01,202,"FP"
"FL_US_MICHAEL","4","MICHAEL_US_FL_2018",2015-07-01,177,"SUS"
"FL_US_WILMA","1","WILMA_US_FL_2005",2015-07-01,188,"FP"
"LA_US_GUSTAV","4","GUSTAV_US_LA_2008",2015-07-01,137,"SUS"
"LA_US_IDA","4","IDA_US_LA_2009",2015-07-01,133,"SUS"
"LA_US_KATRINA","4","KATRINA_US_LA_2005",2015-07-01,138,"SUS"
"LA_US_LAURA","4","LAURA_US_LA_2020",2015-07-01,38,"SUS"
"LA_US_ZETA","4","ZETA_US_LA_2020",2015-07-01,136,"SUS"
"MX_ERNESTO","5","ERNESTO_MX_2012",2015-07-01,21,"SG"
"MX_GRACE","3","GRACE_MX_2021",2015-07-01,128,"C"
"MX_TAMPS_EMILY","6","EMILY_TAMPS_MX_2005",2015-07-01,54,"WG"
"NC_US_ISABEL","4","ISABEL_US_NC_2003",2015-07-01,165,"SUS"
"NIC_ETA","2","ETA_NIC_2020",2015-07-01,146,"CA"
"NIC_FELIX","2","FELIX_NIC_2007",2015-07-01,146,"CA"
"NIC_IOTA","2","IOTA_NIC_2020",2015-07-01,144,"CA"
"PR_USA_MARIA","3","MARIA_US_PR_2017",2015-07-01,53,"C"
"QROO_WILMA","3","WILMA_QROO_2005",2015-07-01,57,"C"
"TX_US_HARVEY","6","HARVEY_US_TX_2017",2015-07-01,26,"WG"
"TX_US_IKE","4","IKE_US_TX_2008",2015-07-01,9,"SUS"
"TX_US_RITA","4","RITA_US_TX_2005",2015-07-01,20,"SUS"
"US_FL_DELTA","4","DELTA_US_LA_2020",2015-07-01,58,"SUS"
"US_FL_DENNIS","4","DENNIS_US_FL_2005",2015-07-01,172,"SUS"
"VER_MX_KARL","5","KARL_MX_VER_2010",2015-07-01,162,"SG"
"YUC_DELTA","5","DELTA_YUCATAN_MX_2020",2015-07-01,56,"SG"
"YUC_MX_EMILY","5","EMILY_MX_YUC_2005",2015-07-01,39,"SG"
"YUC_MX_ISIDORE","5","ISIDORE_MX_YUC_2002",2015-07-01,44,"SG"
"AL_US_IVAN","4","IVAN_US_AL_2004",2015-08-01,127,"SUS"
"AL_US_SALLY","4","SALLY_US_AL_2020",2015-08-01,141,"SUS"
"ALEX","6","ALEX_2010",2015-08-01,51,"WG"
"BELICE_RICHARD","3","RICHARD_BELICE_2010",2015-08-01,115,"C"
"BELIZE_IRIS","2","IRIS_BELIZE_2001",2015-08-01,275,"CA"
"BETA","2","BETA_2005",2015-08-01,254,"CA"
"CR_OTTO","2","OTTO_CR_2016",2015-08-01,395,"CA"
"CUBA_DENNIS","3","DENNIS_CUBA_2005",2015-08-01,163,"C"
"CUBA_GUSTAV","3","GUSTAV_CUBA_2008",2015-08-01,153,"C"
"CUBA_IAN","3","IAN_CUBA_2022",2015-08-01,173,"C"
"CUBA_MICHELLE","3","MICHELLE_CUBA_2001",2015-08-01,181,"C"
"CUBA_PALOMA","3","PALOMA_CUBA_2008",2015-08-01,193,"C"
"CUBA_SANDY","3","SANDY_CUBA_2012",2015-08-01,134,"C"
"DEAN_QROO_MX","5","DEAN_QROO_MX_2007",2015-08-01,96,"SG"
"FL_US_CHARLEY","1","CHARLEY_2004",2015-08-01,375,"FP"
"FL_US_FRANCES","1","FRANCES_US_FL_2004",2015-08-01,270,"FP"
"FL_US_IAN","1","IAN_US_FL_2022",2015-08-01,353,"FP"
"FL_US_IRMA","1","IRMA_US_FL_2017",2015-08-01,339,"FP"
"FL_US_JEANNE","1","JEANNE_US_FL_2004",2015-08-01,266,"FP"
"FL_US_MICHAEL","4","MICHAEL_US_FL_2018",2015-08-01,188,"SUS"
"FL_US_WILMA","1","WILMA_US_FL_2005",2015-08-01,280,"FP"
"LA_US_GUSTAV","4","GUSTAV_US_LA_2008",2015-08-01,127,"SUS"
"LA_US_IDA","4","IDA_US_LA_2009",2015-08-01,103,"SUS"
"LA_US_KATRINA","4","KATRINA_US_LA_2005",2015-08-01,92,"SUS"
"LA_US_LAURA","4","LAURA_US_LA_2020",2015-08-01,137,"SUS"
"LA_US_ZETA","4","ZETA_US_LA_2020",2015-08-01,100,"SUS"
"MX_ERNESTO","5","ERNESTO_MX_2012",2015-08-01,93,"SG"
"MX_GRACE","3","GRACE_MX_2021",2015-08-01,98,"C"
"MX_TAMPS_EMILY","6","EMILY_TAMPS_MX_2005",2015-08-01,63,"WG"
"NC_US_ISABEL","4","ISABEL_US_NC_2003",2015-08-01,120,"SUS"
"NIC_ETA","2","ETA_NIC_2020",2015-08-01,180,"CA"
"NIC_FELIX","2","FELIX_NIC_2007",2015-08-01,148,"CA"
"NIC_IOTA","2","IOTA_NIC_2020",2015-08-01,195,"CA"
"PR_USA_MARIA","3","MARIA_US_PR_2017",2015-08-01,226,"C"
"QROO_WILMA","3","WILMA_QROO_2005",2015-08-01,156,"C"
"TX_US_HARVEY","6","HARVEY_US_TX_2017",2015-08-01,45,"WG"
"TX_US_IKE","4","IKE_US_TX_2008",2015-08-01,108,"SUS"
"TX_US_RITA","4","RITA_US_TX_2005",2015-08-01,136,"SUS"
"US_FL_DELTA","4","DELTA_US_LA_2020",2015-08-01,137,"SUS"
"US_FL_DENNIS","4","DENNIS_US_FL_2005",2015-08-01,138,"SUS"
"VER_MX_KARL","5","KARL_MX_VER_2010",2015-08-01,122,"SG"
"YUC_DELTA","5","DELTA_YUCATAN_MX_2020",2015-08-01,160,"SG"
"YUC_MX_EMILY","5","EMILY_MX_YUC_2005",2015-08-01,156,"SG"
"YUC_MX_ISIDORE","5","ISIDORE_MX_YUC_2002",2015-08-01,164,"SG"
"AL_US_IVAN","4","IVAN_US_AL_2004",2015-09-01,148,"SUS"
"AL_US_SALLY","4","SALLY_US_AL_2020",2015-09-01,164,"SUS"
"ALEX","6","ALEX_2010",2015-09-01,80,"WG"
"BELICE_RICHARD","3","RICHARD_BELICE_2010",2015-09-01,185,"C"
"BELIZE_IRIS","2","IRIS_BELIZE_2001",2015-09-01,362,"CA"
"BETA","2","BETA_2005",2015-09-01,206,"CA"
"CR_OTTO","2","OTTO_CR_2016",2015-09-01,260,"CA"
"CUBA_DENNIS","3","DENNIS_CUBA_2005",2015-09-01,153,"C"
"CUBA_GUSTAV","3","GUSTAV_CUBA_2008",2015-09-01,169,"C"
"CUBA_IAN","3","IAN_CUBA_2022",2015-09-01,189,"C"
"CUBA_MICHELLE","3","MICHELLE_CUBA_2001",2015-09-01,172,"C"
"CUBA_PALOMA","3","PALOMA_CUBA_2008",2015-09-01,155,"C"
"CUBA_SANDY","3","SANDY_CUBA_2012",2015-09-01,98,"C"
"DEAN_QROO_MX","5","DEAN_QROO_MX_2007",2015-09-01,140,"SG"
"FL_US_CHARLEY","1","CHARLEY_2004",2015-09-01,176,"FP"
"FL_US_FRANCES","1","FRANCES_US_FL_2004",2015-09-01,183,"FP"
"FL_US_IAN","1","IAN_US_FL_2022",2015-09-01,175,"FP"
"FL_US_IRMA","1","IRMA_US_FL_2017",2015-09-01,200,"FP"
"FL_US_JEANNE","1","JEANNE_US_FL_2004",2015-09-01,186,"FP"
"FL_US_MICHAEL","4","MICHAEL_US_FL_2018",2015-09-01,155,"SUS"
"FL_US_WILMA","1","WILMA_US_FL_2005",2015-09-01,211,"FP"
"LA_US_GUSTAV","4","GUSTAV_US_LA_2008",2015-09-01,126,"SUS"
"LA_US_IDA","4","IDA_US_LA_2009",2015-09-01,109,"SUS"
"LA_US_KATRINA","4","KATRINA_US_LA_2005",2015-09-01,101,"SUS"
"LA_US_LAURA","4","LAURA_US_LA_2020",2015-09-01,154,"SUS"
"LA_US_ZETA","4","ZETA_US_LA_2020",2015-09-01,110,"SUS"
"MX_ERNESTO","5","ERNESTO_MX_2012",2015-09-01,143,"SG"
"MX_GRACE","3","GRACE_MX_2021",2015-09-01,294.5737,"C"
"MX_TAMPS_EMILY","6","EMILY_TAMPS_MX_2005",2015-09-01,80,"WG"
"NC_US_ISABEL","4","ISABEL_US_NC_2003",2015-09-01,154,"SUS"
"NIC_ETA","2","ETA_NIC_2020",2015-09-01,219,"CA"
"NIC_FELIX","2","FELIX_NIC_2007",2015-09-01,216,"CA"
"NIC_IOTA","2","IOTA_NIC_2020",2015-09-01,207,"CA"
"PR_USA_MARIA","3","MARIA_US_PR_2017",2015-09-01,150,"C"
"QROO_WILMA","3","WILMA_QROO_2005",2015-09-01,214,"C"
"TX_US_HARVEY","6","HARVEY_US_TX_2017",2015-09-01,150,"WG"
"TX_US_IKE","4","IKE_US_TX_2008",2015-09-01,187,"SUS"
"TX_US_RITA","4","RITA_US_TX_2005",2015-09-01,183,"SUS"
"US_FL_DELTA","4","DELTA_US_LA_2020",2015-09-01,149,"SUS"
"US_FL_DENNIS","4","DENNIS_US_FL_2005",2015-09-01,143,"SUS"
"VER_MX_KARL","5","KARL_MX_VER_2010",2015-09-01,174.2365,"SG"
"YUC_DELTA","5","DELTA_YUCATAN_MX_2020",2015-09-01,214,"SG"
"YUC_MX_EMILY","5","EMILY_MX_YUC_2005",2015-09-01,180,"SG"
"YUC_MX_ISIDORE","5","ISIDORE_MX_YUC_2002",2015-09-01,157,"SG"
"AL_US_IVAN","4","IVAN_US_AL_2004",2015-10-01,156,"SUS"
"AL_US_SALLY","4","SALLY_US_AL_2020",2015-10-01,177,"SUS"
"ALEX","6","ALEX_2010",2015-10-01,131,"WG"
"BELICE_RICHARD","3","RICHARD_BELICE_2010",2015-10-01,249,"C"
"BELIZE_IRIS","2","IRIS_BELIZE_2001",2015-10-01,376,"CA"
"BETA","2","BETA_2005",2015-10-01,214,"CA"
"CR_OTTO","2","OTTO_CR_2016",2015-10-01,188,"CA"
"CUBA_DENNIS","3","DENNIS_CUBA_2005",2015-10-01,91,"C"
"CUBA_GUSTAV","3","GUSTAV_CUBA_2008",2015-10-01,92,"C"
"CUBA_IAN","3","IAN_CUBA_2022",2015-10-01,98,"C"
"CUBA_MICHELLE","3","MICHELLE_CUBA_2001",2015-10-01,115,"C"
"CUBA_PALOMA","3","PALOMA_CUBA_2008",2015-10-01,201,"C"
"CUBA_SANDY","3","SANDY_CUBA_2012",2015-10-01,218,"C"
"DEAN_QROO_MX","5","DEAN_QROO_MX_2007",2015-10-01,139,"SG"
"FL_US_CHARLEY","1","CHARLEY_2004",2015-10-01,36,"FP"
"FL_US_FRANCES","1","FRANCES_US_FL_2004",2015-10-01,57,"FP"
"FL_US_IAN","1","IAN_US_FL_2022",2015-10-01,38,"FP"
"FL_US_IRMA","1","IRMA_US_FL_2017",2015-10-01,46,"FP"
"FL_US_JEANNE","1","JEANNE_US_FL_2004",2015-10-01,62,"FP"
"FL_US_MICHAEL","4","MICHAEL_US_FL_2018",2015-10-01,100,"SUS"
"FL_US_WILMA","1","WILMA_US_FL_2005",2015-10-01,57,"FP"
"LA_US_GUSTAV","4","GUSTAV_US_LA_2008",2015-10-01,227,"SUS"
"LA_US_IDA","4","IDA_US_LA_2009",2015-10-01,217,"SUS"
"LA_US_KATRINA","4","KATRINA_US_LA_2005",2015-10-01,178,"SUS"
"LA_US_LAURA","4","LAURA_US_LA_2020",2015-10-01,276,"SUS"
"LA_US_ZETA","4","ZETA_US_LA_2020",2015-10-01,212,"SUS"
"MX_ERNESTO","5","ERNESTO_MX_2012",2015-10-01,139,"SG"
"MX_GRACE","3","GRACE_MX_2021",2015-10-01,132,"C"
"MX_TAMPS_EMILY","6","EMILY_TAMPS_MX_2005",2015-10-01,112,"WG"
"NC_US_ISABEL","4","ISABEL_US_NC_2003",2015-10-01,106,"SUS"
"NIC_ETA","2","ETA_NIC_2020",2015-10-01,206,"CA"
"NIC_FELIX","2","FELIX_NIC_2007",2015-10-01,209,"CA"
"NIC_IOTA","2","IOTA_NIC_2020",2015-10-01,207,"CA"
"PR_USA_MARIA","3","MARIA_US_PR_2017",2015-10-01,81,"C"
"QROO_WILMA","3","WILMA_QROO_2005",2015-10-01,143,"C"
"TX_US_HARVEY","6","HARVEY_US_TX_2017",2015-10-01,203,"WG"
"TX_US_IKE","4","IKE_US_TX_2008",2015-10-01,285,"SUS"
"TX_US_RITA","4","RITA_US_TX_2005",2015-10-01,290,"SUS"
"US_FL_DELTA","4","DELTA_US_LA_2020",2015-10-01,278,"SUS"
"US_FL_DENNIS","4","DENNIS_US_FL_2005",2015-10-01,156,"SUS"
"VER_MX_KARL","5","KARL_MX_VER_2010",2015-10-01,98,"SG"
"YUC_DELTA","5","DELTA_YUCATAN_MX_2020",2015-10-01,147,"SG"
"YUC_MX_EMILY","5","EMILY_MX_YUC_2005",2015-10-01,144,"SG"
"YUC_MX_ISIDORE","5","ISIDORE_MX_YUC_2002",2015-10-01,100,"SG"
"AL_US_IVAN","4","IVAN_US_AL_2004",2015-11-01,153,"SUS"
"AL_US_SALLY","4","SALLY_US_AL_2020",2015-11-01,163,"SUS"
"ALEX","6","ALEX_2010",2015-11-01,51,"WG"
"BELICE_RICHARD","3","RICHARD_BELICE_2010",2015-11-01,231,"C"
"BELIZE_IRIS","2","IRIS_BELIZE_2001",2015-11-01,304,"CA"
"BETA","2","BETA_2005",2015-11-01,195,"CA"
"CR_OTTO","2","OTTO_CR_2016",2015-11-01,334.8586,"CA"
"CUBA_DENNIS","3","DENNIS_CUBA_2005",2015-11-01,57,"C"
"CUBA_GUSTAV","3","GUSTAV_CUBA_2008",2015-11-01,105,"C"
"CUBA_IAN","3","IAN_CUBA_2022",2015-11-01,98,"C"
"CUBA_MICHELLE","3","MICHELLE_CUBA_2001",2015-11-01,58,"C"
"CUBA_PALOMA","3","PALOMA_CUBA_2008",2015-11-01,94,"C"
"CUBA_SANDY","3","SANDY_CUBA_2012",2015-11-01,90,"C"
"DEAN_QROO_MX","5","DEAN_QROO_MX_2007",2015-11-01,91,"SG"
"FL_US_CHARLEY","1","CHARLEY_2004",2015-11-01,53,"FP"
"FL_US_FRANCES","1","FRANCES_US_FL_2004",2015-11-01,80,"FP"
"FL_US_IAN","1","IAN_US_FL_2022",2015-11-01,56,"FP"
"FL_US_IRMA","1","IRMA_US_FL_2017",2015-11-01,65,"FP"
"FL_US_JEANNE","1","JEANNE_US_FL_2004",2015-11-01,87,"FP"
"FL_US_MICHAEL","4","MICHAEL_US_FL_2018",2015-11-01,143,"SUS"
"FL_US_WILMA","1","WILMA_US_FL_2005",2015-11-01,85,"FP"
"LA_US_GUSTAV","4","GUSTAV_US_LA_2008",2015-11-01,142,"SUS"
"LA_US_IDA","4","IDA_US_LA_2009",2015-11-01,148,"SUS"
"LA_US_KATRINA","4","KATRINA_US_LA_2005",2015-11-01,147,"SUS"
"LA_US_LAURA","4","LAURA_US_LA_2020",2015-11-01,183,"SUS"
"LA_US_ZETA","4","ZETA_US_LA_2020",2015-11-01,144,"SUS"
"MX_ERNESTO","5","ERNESTO_MX_2012",2015-11-01,89,"SG"
"MX_GRACE","3","GRACE_MX_2021",2015-11-01,181,"C"
"MX_TAMPS_EMILY","6","EMILY_TAMPS_MX_2005",2015-11-01,43,"WG"
"NC_US_ISABEL","4","ISABEL_US_NC_2003",2015-11-01,131,"SUS"
"NIC_ETA","2","ETA_NIC_2020",2015-11-01,214,"CA"
"NIC_FELIX","2","FELIX_NIC_2007",2015-11-01,249,"CA"
"NIC_IOTA","2","IOTA_NIC_2020",2015-11-01,205,"CA"
"PR_USA_MARIA","3","MARIA_US_PR_2017",2015-11-01,296,"C"
"QROO_WILMA","3","WILMA_QROO_2005",2015-11-01,193,"C"
"TX_US_HARVEY","6","HARVEY_US_TX_2017",2015-11-01,71,"WG"
"TX_US_IKE","4","IKE_US_TX_2008",2015-11-01,176,"SUS"
"TX_US_RITA","4","RITA_US_TX_2005",2015-11-01,195,"SUS"
"US_FL_DELTA","4","DELTA_US_LA_2020",2015-11-01,176,"SUS"
"US_FL_DENNIS","4","DENNIS_US_FL_2005",2015-11-01,156,"SUS"
"VER_MX_KARL","5","KARL_MX_VER_2010",2015-11-01,122.1919,"SG"
"YUC_DELTA","5","DELTA_YUCATAN_MX_2020",2015-11-01,186,"SG"
"YUC_MX_EMILY","5","EMILY_MX_YUC_2005",2015-11-01,147,"SG"
"YUC_MX_ISIDORE","5","ISIDORE_MX_YUC_2002",2015-11-01,112,"SG"
"AL_US_IVAN","4","IVAN_US_AL_2004",2015-12-01,299,"SUS"
"AL_US_SALLY","4","SALLY_US_AL_2020",2015-12-01,271,"SUS"
"ALEX","6","ALEX_2010",2015-12-01,3,"WG"
"BELICE_RICHARD","3","RICHARD_BELICE_2010",2015-12-01,190,"C"
"BELIZE_IRIS","2","IRIS_BELIZE_2001",2015-12-01,227,"CA"
"BETA","2","BETA_2005",2015-12-01,78,"CA"
"CR_OTTO","2","OTTO_CR_2016",2015-12-01,268.5867,"CA"
"CUBA_DENNIS","3","DENNIS_CUBA_2005",2015-12-01,32,"C"
"CUBA_GUSTAV","3","GUSTAV_CUBA_2008",2015-12-01,92,"C"
"CUBA_IAN","3","IAN_CUBA_2022",2015-12-01,83,"C"
"CUBA_MICHELLE","3","MICHELLE_CUBA_2001",2015-12-01,42,"C"
"CUBA_PALOMA","3","PALOMA_CUBA_2008",2015-12-01,25,"C"
"CUBA_SANDY","3","SANDY_CUBA_2012",2015-12-01,26,"C"
"DEAN_QROO_MX","5","DEAN_QROO_MX_2007",2015-12-01,90,"SG"
"FL_US_CHARLEY","1","CHARLEY_2004",2015-12-01,33,"FP"
"FL_US_FRANCES","1","FRANCES_US_FL_2004",2015-12-01,39,"FP"
"FL_US_IAN","1","IAN_US_FL_2022",2015-12-01,34,"FP"
"FL_US_IRMA","1","IRMA_US_FL_2017",2015-12-01,51,"FP"
"FL_US_JEANNE","1","JEANNE_US_FL_2004",2015-12-01,41,"FP"
"FL_US_MICHAEL","4","MICHAEL_US_FL_2018",2015-12-01,243,"SUS"
"FL_US_WILMA","1","WILMA_US_FL_2005",2015-12-01,65,"FP"
"LA_US_GUSTAV","4","GUSTAV_US_LA_2008",2015-12-01,178,"SUS"
"LA_US_IDA","4","IDA_US_LA_2009",2015-12-01,200,"SUS"
"LA_US_KATRINA","4","KATRINA_US_LA_2005",2015-12-01,257,"SUS"
"LA_US_LAURA","4","LAURA_US_LA_2020",2015-12-01,143,"SUS"
"LA_US_ZETA","4","ZETA_US_LA_2020",2015-12-01,199,"SUS"
"MX_ERNESTO","5","ERNESTO_MX_2012",2015-12-01,89,"SG"
"MX_GRACE","3","GRACE_MX_2021",2015-12-01,22,"C"
"MX_TAMPS_EMILY","6","EMILY_TAMPS_MX_2005",2015-12-01,3,"WG"
"NC_US_ISABEL","4","ISABEL_US_NC_2003",2015-12-01,125,"SUS"
"NIC_ETA","2","ETA_NIC_2020",2015-12-01,72,"CA"
"NIC_FELIX","2","FELIX_NIC_2007",2015-12-01,66,"CA"
"NIC_IOTA","2","IOTA_NIC_2020",2015-12-01,72,"CA"
"PR_USA_MARIA","3","MARIA_US_PR_2017",2015-12-01,89,"C"
"QROO_WILMA","3","WILMA_QROO_2005",2015-12-01,105,"C"
"TX_US_HARVEY","6","HARVEY_US_TX_2017",2015-12-01,34,"WG"
"TX_US_IKE","4","IKE_US_TX_2008",2015-12-01,98,"SUS"
"TX_US_RITA","4","RITA_US_TX_2005",2015-12-01,128,"SUS"
"US_FL_DELTA","4","DELTA_US_LA_2020",2015-12-01,155,"SUS"
"US_FL_DENNIS","4","DENNIS_US_FL_2005",2015-12-01,292,"SUS"
"VER_MX_KARL","5","KARL_MX_VER_2010",2015-12-01,5,"SG"
"YUC_DELTA","5","DELTA_YUCATAN_MX_2020",2015-12-01,94,"SG"
"YUC_MX_EMILY","5","EMILY_MX_YUC_2005",2015-12-01,77,"SG"
"YUC_MX_ISIDORE","5","ISIDORE_MX_YUC_2002",2015-12-01,54,"SG"
"AL_US_IVAN","4","IVAN_US_AL_2004",2016-01-01,105,"SUS"
"AL_US_SALLY","4","SALLY_US_AL_2020",2016-01-01,108,"SUS"
"ALEX","6","ALEX_2010",2016-01-01,36,"WG"
"BELICE_RICHARD","3","RICHARD_BELICE_2010",2016-01-01,59,"C"
"BELIZE_IRIS","2","IRIS_BELIZE_2001",2016-01-01,122,"CA"
"BETA","2","BETA_2005",2016-01-01,105,"CA"
"CR_OTTO","2","OTTO_CR_2016",2016-01-01,113,"CA"
"CUBA_DENNIS","3","DENNIS_CUBA_2005",2016-01-01,61,"C"
"CUBA_GUSTAV","3","GUSTAV_CUBA_2008",2016-01-01,137,"C"
"CUBA_IAN","3","IAN_CUBA_2022",2016-01-01,140,"C"
"CUBA_MICHELLE","3","MICHELLE_CUBA_2001",2016-01-01,59,"C"
"CUBA_PALOMA","3","PALOMA_CUBA_2008",2016-01-01,25,"C"
"CUBA_SANDY","3","SANDY_CUBA_2012",2016-01-01,35,"C"
"DEAN_QROO_MX","5","DEAN_QROO_MX_2007",2016-01-01,24,"SG"
"FL_US_CHARLEY","1","CHARLEY_2004",2016-01-01,142,"FP"
"FL_US_FRANCES","1","FRANCES_US_FL_2004",2016-01-01,127,"FP"
"FL_US_IAN","1","IAN_US_FL_2022",2016-01-01,138,"FP"
"FL_US_IRMA","1","IRMA_US_FL_2017",2016-01-01,133,"FP"
"FL_US_JEANNE","1","JEANNE_US_FL_2004",2016-01-01,131,"FP"
"FL_US_MICHAEL","4","MICHAEL_US_FL_2018",2016-01-01,115,"SUS"
"FL_US_WILMA","1","WILMA_US_FL_2005",2016-01-01,130,"FP"
"LA_US_GUSTAV","4","GUSTAV_US_LA_2008",2016-01-01,103,"SUS"
"LA_US_IDA","4","IDA_US_LA_2009",2016-01-01,112,"SUS"
"LA_US_KATRINA","4","KATRINA_US_LA_2005",2016-01-01,115,"SUS"
"LA_US_LAURA","4","LAURA_US_LA_2020",2016-01-01,94,"SUS"
"LA_US_ZETA","4","ZETA_US_LA_2020",2016-01-01,111,"SUS"
"MX_ERNESTO","5","ERNESTO_MX_2012",2016-01-01,24,"SG"
"MX_GRACE","3","GRACE_MX_2021",2016-01-01,84,"C"
"MX_TAMPS_EMILY","6","EMILY_TAMPS_MX_2005",2016-01-01,34,"WG"
"NC_US_ISABEL","4","ISABEL_US_NC_2003",2016-01-01,76,"SUS"
"NIC_ETA","2","ETA_NIC_2020",2016-01-01,103,"CA"
"NIC_FELIX","2","FELIX_NIC_2007",2016-01-01,129,"CA"
"NIC_IOTA","2","IOTA_NIC_2020",2016-01-01,98,"CA"
"PR_USA_MARIA","3","MARIA_US_PR_2017",2016-01-01,55,"C"
"QROO_WILMA","3","WILMA_QROO_2005",2016-01-01,105,"C"
"TX_US_HARVEY","6","HARVEY_US_TX_2017",2016-01-01,57,"WG"
"TX_US_IKE","4","IKE_US_TX_2008",2016-01-01,78,"SUS"
"TX_US_RITA","4","RITA_US_TX_2005",2016-01-01,91,"SUS"
"US_FL_DELTA","4","DELTA_US_LA_2020",2016-01-01,102,"SUS"
"US_FL_DENNIS","4","DENNIS_US_FL_2005",2016-01-01,106,"SUS"
"VER_MX_KARL","5","KARL_MX_VER_2010",2016-01-01,53,"SG"
"YUC_DELTA","5","DELTA_YUCATAN_MX_2020",2016-01-01,85,"SG"
"YUC_MX_EMILY","5","EMILY_MX_YUC_2005",2016-01-01,46,"SG"
"YUC_MX_ISIDORE","5","ISIDORE_MX_YUC_2002",2016-01-01,18,"SG"
"AL_US_IVAN","4","IVAN_US_AL_2004",2016-02-01,135,"SUS"
"AL_US_SALLY","4","SALLY_US_AL_2020",2016-02-01,125,"SUS"
"ALEX","6","ALEX_2010",2016-02-01,2,"WG"
"BELICE_RICHARD","3","RICHARD_BELICE_2010",2016-02-01,101,"C"
"BELIZE_IRIS","2","IRIS_BELIZE_2001",2016-02-01,114,"CA"
"BETA","2","BETA_2005",2016-02-01,77,"CA"
"CR_OTTO","2","OTTO_CR_2016",2016-02-01,189,"CA"
"CUBA_DENNIS","3","DENNIS_CUBA_2005",2016-02-01,28,"C"
"CUBA_GUSTAV","3","GUSTAV_CUBA_2008",2016-02-01,51,"C"
"CUBA_IAN","3","IAN_CUBA_2022",2016-02-01,47,"C"
"CUBA_MICHELLE","3","MICHELLE_CUBA_2001",2016-02-01,32,"C"
"CUBA_PALOMA","3","PALOMA_CUBA_2008",2016-02-01,40,"C"
"CUBA_SANDY","3","SANDY_CUBA_2012",2016-02-01,54,"C"
"DEAN_QROO_MX","5","DEAN_QROO_MX_2007",2016-02-01,33,"SG"
"FL_US_CHARLEY","1","CHARLEY_2004",2016-02-01,94,"FP"
"FL_US_FRANCES","1","FRANCES_US_FL_2004",2016-02-01,86,"FP"
"FL_US_IAN","1","IAN_US_FL_2022",2016-02-01,89,"FP"
"FL_US_IRMA","1","IRMA_US_FL_2017",2016-02-01,71,"FP"
"FL_US_JEANNE","1","JEANNE_US_FL_2004",2016-02-01,84,"FP"
"FL_US_MICHAEL","4","MICHAEL_US_FL_2018",2016-02-01,121,"SUS"
"FL_US_WILMA","1","WILMA_US_FL_2005",2016-02-01,66,"FP"
"LA_US_GUSTAV","4","GUSTAV_US_LA_2008",2016-02-01,84,"SUS"
"LA_US_IDA","4","IDA_US_LA_2009",2016-02-01,103,"SUS"
"LA_US_KATRINA","4","KATRINA_US_LA_2005",2016-02-01,119,"SUS"
"LA_US_LAURA","4","LAURA_US_LA_2020",2016-02-01,58,"SUS"
"LA_US_ZETA","4","ZETA_US_LA_2020",2016-02-01,108,"SUS"
"MX_ERNESTO","5","ERNESTO_MX_2012",2016-02-01,30,"SG"
"MX_GRACE","3","GRACE_MX_2021",2016-02-01,22,"C"
"MX_TAMPS_EMILY","6","EMILY_TAMPS_MX_2005",2016-02-01,1,"WG"
"NC_US_ISABEL","4","ISABEL_US_NC_2003",2016-02-01,149,"SUS"
"NIC_ETA","2","ETA_NIC_2020",2016-02-01,60,"CA"
"NIC_FELIX","2","FELIX_NIC_2007",2016-02-01,72,"CA"
"NIC_IOTA","2","IOTA_NIC_2020",2016-02-01,57,"CA"
"PR_USA_MARIA","3","MARIA_US_PR_2017",2016-02-01,107,"C"
"QROO_WILMA","3","WILMA_QROO_2005",2016-02-01,33,"C"
"TX_US_HARVEY","6","HARVEY_US_TX_2017",2016-02-01,28,"WG"
"TX_US_IKE","4","IKE_US_TX_2008",2016-02-01,44,"SUS"
"TX_US_RITA","4","RITA_US_TX_2005",2016-02-01,49,"SUS"
"US_FL_DELTA","4","DELTA_US_LA_2020",2016-02-01,66,"SUS"
"US_FL_DENNIS","4","DENNIS_US_FL_2005",2016-02-01,140,"SUS"
"VER_MX_KARL","5","KARL_MX_VER_2010",2016-02-01,12,"SG"
"YUC_DELTA","5","DELTA_YUCATAN_MX_2020",2016-02-01,33,"SG"
"YUC_MX_EMILY","5","EMILY_MX_YUC_2005",2016-02-01,39,"SG"
"YUC_MX_ISIDORE","5","ISIDORE_MX_YUC_2002",2016-02-01,20,"SG"
"AL_US_IVAN","4","IVAN_US_AL_2004",2016-03-01,244,"SUS"
"AL_US_SALLY","4","SALLY_US_AL_2020",2016-03-01,236,"SUS"
"ALEX","6","ALEX_2010",2016-03-01,36,"WG"
"BELICE_RICHARD","3","RICHARD_BELICE_2010",2016-03-01,96,"C"
"BELIZE_IRIS","2","IRIS_BELIZE_2001",2016-03-01,175,"CA"
"BETA","2","BETA_2005",2016-03-01,42,"CA"
"CR_OTTO","2","OTTO_CR_2016",2016-03-01,63,"CA"
"CUBA_DENNIS","3","DENNIS_CUBA_2005",2016-03-01,17,"C"
"CUBA_GUSTAV","3","GUSTAV_CUBA_2008",2016-03-01,25,"C"
"CUBA_IAN","3","IAN_CUBA_2022",2016-03-01,24,"C"
"CUBA_MICHELLE","3","MICHELLE_CUBA_2001",2016-03-01,20,"C"
"CUBA_PALOMA","3","PALOMA_CUBA_2008",2016-03-01,25,"C"
"CUBA_SANDY","3","SANDY_CUBA_2012",2016-03-01,68,"C"
"DEAN_QROO_MX","5","DEAN_QROO_MX_2007",2016-03-01,36,"SG"
"FL_US_CHARLEY","1","CHARLEY_2004",2016-03-01,33,"FP"
"FL_US_FRANCES","1","FRANCES_US_FL_2004",2016-03-01,35,"FP"
"FL_US_IAN","1","IAN_US_FL_2022",2016-03-01,33,"FP"
"FL_US_IRMA","1","IRMA_US_FL_2017",2016-03-01,30,"FP"
"FL_US_JEANNE","1","JEANNE_US_FL_2004",2016-03-01,34,"FP"
"FL_US_MICHAEL","4","MICHAEL_US_FL_2018",2016-03-01,133,"SUS"
"FL_US_WILMA","1","WILMA_US_FL_2005",2016-03-01,22,"FP"
"LA_US_GUSTAV","4","GUSTAV_US_LA_2008",2016-03-01,159,"SUS"
"LA_US_IDA","4","IDA_US_LA_2009",2016-03-01,190,"SUS"
"LA_US_KATRINA","4","KATRINA_US_LA_2005",2016-03-01,239,"SUS"
"LA_US_LAURA","4","LAURA_US_LA_2020",2016-03-01,124,"SUS"
"LA_US_ZETA","4","ZETA_US_LA_2020",2016-03-01,182,"SUS"
"MX_ERNESTO","5","ERNESTO_MX_2012",2016-03-01,33,"SG"
"MX_GRACE","3","GRACE_MX_2021",2016-03-01,48,"C"
"MX_TAMPS_EMILY","6","EMILY_TAMPS_MX_2005",2016-03-01,41,"WG"
"NC_US_ISABEL","4","ISABEL_US_NC_2003",2016-03-01,88,"SUS"
"NIC_ETA","2","ETA_NIC_2020",2016-03-01,46,"CA"
"NIC_FELIX","2","FELIX_NIC_2007",2016-03-01,45,"CA"
"NIC_IOTA","2","IOTA_NIC_2020",2016-03-01,44,"CA"
"PR_USA_MARIA","3","MARIA_US_PR_2017",2016-03-01,93,"C"
"QROO_WILMA","3","WILMA_QROO_2005",2016-03-01,56,"C"
"TX_US_HARVEY","6","HARVEY_US_TX_2017",2016-03-01,54,"WG"
"TX_US_IKE","4","IKE_US_TX_2008",2016-03-01,112,"SUS"
"TX_US_RITA","4","RITA_US_TX_2005",2016-03-01,117,"SUS"
"US_FL_DELTA","4","DELTA_US_LA_2020",2016-03-01,132,"SUS"
"US_FL_DENNIS","4","DENNIS_US_FL_2005",2016-03-01,239,"SUS"
"VER_MX_KARL","5","KARL_MX_VER_2010",2016-03-01,19,"SG"
"YUC_DELTA","5","DELTA_YUCATAN_MX_2020",2016-03-01,60,"SG"
"YUC_MX_EMILY","5","EMILY_MX_YUC_2005",2016-03-01,73,"SG"
"YUC_MX_ISIDORE","5","ISIDORE_MX_YUC_2002",2016-03-01,49,"SG"
"AL_US_IVAN","4","IVAN_US_AL_2004",2016-04-01,149,"SUS"
"AL_US_SALLY","4","SALLY_US_AL_2020",2016-04-01,143,"SUS"
"ALEX","6","ALEX_2010",2016-04-01,76,"WG"
"BELICE_RICHARD","3","RICHARD_BELICE_2010",2016-04-01,44,"C"
"BELIZE_IRIS","2","IRIS_BELIZE_2001",2016-04-01,72,"CA"
"BETA","2","BETA_2005",2016-04-01,40,"CA"
"CR_OTTO","2","OTTO_CR_2016",2016-04-01,50,"CA"
"CUBA_DENNIS","3","DENNIS_CUBA_2005",2016-04-01,42,"C"
"CUBA_GUSTAV","3","GUSTAV_CUBA_2008",2016-04-01,23,"C"
"CUBA_IAN","3","IAN_CUBA_2022",2016-04-01,21,"C"
"CUBA_MICHELLE","3","MICHELLE_CUBA_2001",2016-04-01,51,"C"
"CUBA_PALOMA","3","PALOMA_CUBA_2008",2016-04-01,100,"C"
"CUBA_SANDY","3","SANDY_CUBA_2012",2016-04-01,140,"C"
"DEAN_QROO_MX","5","DEAN_QROO_MX_2007",2016-04-01,24,"SG"
"FL_US_CHARLEY","1","CHARLEY_2004",2016-04-01,35,"FP"
"FL_US_FRANCES","1","FRANCES_US_FL_2004",2016-04-01,37,"FP"
"FL_US_IAN","1","IAN_US_FL_2022",2016-04-01,34,"FP"
"FL_US_IRMA","1","IRMA_US_FL_2017",2016-04-01,34,"FP"
"FL_US_JEANNE","1","JEANNE_US_FL_2004",2016-04-01,38,"FP"
"FL_US_MICHAEL","4","MICHAEL_US_FL_2018",2016-04-01,134,"SUS"
"FL_US_WILMA","1","WILMA_US_FL_2005",2016-04-01,36,"FP"
"LA_US_GUSTAV","4","GUSTAV_US_LA_2008",2016-04-01,174,"SUS"
"LA_US_IDA","4","IDA_US_LA_2009",2016-04-01,175,"SUS"
"LA_US_KATRINA","4","KATRINA_US_LA_2005",2016-04-01,178,"SUS"
"LA_US_LAURA","4","LAURA_US_LA_2020",2016-04-01,170,"SUS"
"LA_US_ZETA","4","ZETA_US_LA_2020",2016-04-01,168,"SUS"
"MX_ERNESTO","5","ERNESTO_MX_2012",2016-04-01,24,"SG"
"MX_GRACE","3","GRACE_MX_2021",2016-04-01,103,"C"
"MX_TAMPS_EMILY","6","EMILY_TAMPS_MX_2005",2016-04-01,71,"WG"
"NC_US_ISABEL","4","ISABEL_US_NC_2003",2016-04-01,80,"SUS"
"NIC_ETA","2","ETA_NIC_2020",2016-04-01,48,"CA"
"NIC_FELIX","2","FELIX_NIC_2007",2016-04-01,46,"CA"
"NIC_IOTA","2","IOTA_NIC_2020",2016-04-01,45,"CA"
"PR_USA_MARIA","3","MARIA_US_PR_2017",2016-04-01,336,"C"
"QROO_WILMA","3","WILMA_QROO_2005",2016-04-01,23,"C"
"TX_US_HARVEY","6","HARVEY_US_TX_2017",2016-04-01,115,"WG"
"TX_US_IKE","4","IKE_US_TX_2008",2016-04-01,202,"SUS"
"TX_US_RITA","4","RITA_US_TX_2005",2016-04-01,193,"SUS"
"US_FL_DELTA","4","DELTA_US_LA_2020",2016-04-01,167,"SUS"
"US_FL_DENNIS","4","DENNIS_US_FL_2005",2016-04-01,147,"SUS"
"VER_MX_KARL","5","KARL_MX_VER_2010",2016-04-01,23,"SG"
"YUC_DELTA","5","DELTA_YUCATAN_MX_2020",2016-04-01,22,"SG"
"YUC_MX_EMILY","5","EMILY_MX_YUC_2005",2016-04-01,24,"SG"
"YUC_MX_ISIDORE","5","ISIDORE_MX_YUC_2002",2016-04-01,11,"SG"
"AL_US_IVAN","4","IVAN_US_AL_2004",2016-05-01,61,"SUS"
"AL_US_SALLY","4","SALLY_US_AL_2020",2016-05-01,59,"SUS"
"ALEX","6","ALEX_2010",2016-05-01,81,"WG"
"BELICE_RICHARD","3","RICHARD_BELICE_2010",2016-05-01,25,"C"
"BELIZE_IRIS","2","IRIS_BELIZE_2001",2016-05-01,117,"CA"
"BETA","2","BETA_2005",2016-05-01,153,"CA"
"CR_OTTO","2","OTTO_CR_2016",2016-05-01,165,"CA"
"CUBA_DENNIS","3","DENNIS_CUBA_2005",2016-05-01,134,"C"
"CUBA_GUSTAV","3","GUSTAV_CUBA_2008",2016-05-01,115,"C"
"CUBA_IAN","3","IAN_CUBA_2022",2016-05-01,118,"C"
"CUBA_MICHELLE","3","MICHELLE_CUBA_2001",2016-05-01,152,"C"
"CUBA_PALOMA","3","PALOMA_CUBA_2008",2016-05-01,230,"C"
"CUBA_SANDY","3","SANDY_CUBA_2012",2016-05-01,200,"C"
"DEAN_QROO_MX","5","DEAN_QROO_MX_2007",2016-05-01,18,"SG"
"FL_US_CHARLEY","1","CHARLEY_2004",2016-05-01,132,"FP"
"FL_US_FRANCES","1","FRANCES_US_FL_2004",2016-05-01,147,"FP"
"FL_US_IAN","1","IAN_US_FL_2022",2016-05-01,132,"FP"
"FL_US_IRMA","1","IRMA_US_FL_2017",2016-05-01,122,"FP"
"FL_US_JEANNE","1","JEANNE_US_FL_2004",2016-05-01,149,"FP"
"FL_US_MICHAEL","4","MICHAEL_US_FL_2018",2016-05-01,64,"SUS"
"FL_US_WILMA","1","WILMA_US_FL_2005",2016-05-01,143,"FP"
"LA_US_GUSTAV","4","GUSTAV_US_LA_2008",2016-05-01,115,"SUS"
"LA_US_IDA","4","IDA_US_LA_2009",2016-05-01,93,"SUS"
"LA_US_KATRINA","4","KATRINA_US_LA_2005",2016-05-01,76,"SUS"
"LA_US_LAURA","4","LAURA_US_LA_2020",2016-05-01,181,"SUS"
"LA_US_ZETA","4","ZETA_US_LA_2020",2016-05-01,84,"SUS"
"MX_ERNESTO","5","ERNESTO_MX_2012",2016-05-01,18,"SG"
"MX_GRACE","3","GRACE_MX_2021",2016-05-01,72,"C"
"MX_TAMPS_EMILY","6","EMILY_TAMPS_MX_2005",2016-05-01,73,"WG"
"NC_US_ISABEL","4","ISABEL_US_NC_2003",2016-05-01,224,"SUS"
"NIC_ETA","2","ETA_NIC_2020",2016-05-01,161,"CA"
"NIC_FELIX","2","FELIX_NIC_2007",2016-05-01,157,"CA"
"NIC_IOTA","2","IOTA_NIC_2020",2016-05-01,155,"CA"
"PR_USA_MARIA","3","MARIA_US_PR_2017",2016-05-01,248,"C"
"QROO_WILMA","3","WILMA_QROO_2005",2016-05-01,65,"C"
"TX_US_HARVEY","6","HARVEY_US_TX_2017",2016-05-01,151,"WG"
"TX_US_IKE","4","IKE_US_TX_2008",2016-05-01,213,"SUS"
"TX_US_RITA","4","RITA_US_TX_2005",2016-05-01,196,"SUS"
"US_FL_DELTA","4","DELTA_US_LA_2020",2016-05-01,175,"SUS"
"US_FL_DENNIS","4","DENNIS_US_FL_2005",2016-05-01,58,"SUS"
"VER_MX_KARL","5","KARL_MX_VER_2010",2016-05-01,58,"SG"
"YUC_DELTA","5","DELTA_YUCATAN_MX_2020",2016-05-01,64,"SG"
"YUC_MX_EMILY","5","EMILY_MX_YUC_2005",2016-05-01,41,"SG"
"YUC_MX_ISIDORE","5","ISIDORE_MX_YUC_2002",2016-05-01,18,"SG"
"AL_US_IVAN","4","IVAN_US_AL_2004",2016-06-01,188,"SUS"
"AL_US_SALLY","4","SALLY_US_AL_2020",2016-06-01,214,"SUS"
"ALEX","6","ALEX_2010",2016-06-01,122,"WG"
"BELICE_RICHARD","3","RICHARD_BELICE_2010",2016-06-01,418,"C"
"BELIZE_IRIS","2","IRIS_BELIZE_2001",2016-06-01,654.4444,"CA"
"BETA","2","BETA_2005",2016-06-01,234,"CA"
"CR_OTTO","2","OTTO_CR_2016",2016-06-01,243,"CA"
"CUBA_DENNIS","3","DENNIS_CUBA_2005",2016-06-01,149,"C"
"CUBA_GUSTAV","3","GUSTAV_CUBA_2008",2016-06-01,207,"C"
"CUBA_IAN","3","IAN_CUBA_2022",2016-06-01,214,"C"
"CUBA_MICHELLE","3","MICHELLE_CUBA_2001",2016-06-01,210,"C"
"CUBA_PALOMA","3","PALOMA_CUBA_2008",2016-06-01,209,"C"
"CUBA_SANDY","3","SANDY_CUBA_2012",2016-06-01,112,"C"
"DEAN_QROO_MX","5","DEAN_QROO_MX_2007",2016-06-01,220,"SG"
"FL_US_CHARLEY","1","CHARLEY_2004",2016-06-01,278,"FP"
"FL_US_FRANCES","1","FRANCES_US_FL_2004",2016-06-01,230,"FP"
"FL_US_IAN","1","IAN_US_FL_2022",2016-06-01,279,"FP"
"FL_US_IRMA","1","IRMA_US_FL_2017",2016-06-01,289,"FP"
"FL_US_JEANNE","1","JEANNE_US_FL_2004",2016-06-01,228,"FP"
"FL_US_MICHAEL","4","MICHAEL_US_FL_2018",2016-06-01,165,"SUS"
"FL_US_WILMA","1","WILMA_US_FL_2005",2016-06-01,267,"FP"
"LA_US_GUSTAV","4","GUSTAV_US_LA_2008",2016-06-01,223,"SUS"
"LA_US_IDA","4","IDA_US_LA_2009",2016-06-01,207,"SUS"
"LA_US_KATRINA","4","KATRINA_US_LA_2005",2016-06-01,174,"SUS"
"LA_US_LAURA","4","LAURA_US_LA_2020",2016-06-01,180,"SUS"
"LA_US_ZETA","4","ZETA_US_LA_2020",2016-06-01,202,"SUS"
"MX_ERNESTO","5","ERNESTO_MX_2012",2016-06-01,227,"SG"
"MX_GRACE","3","GRACE_MX_2021",2016-06-01,202.4013,"C"
"MX_TAMPS_EMILY","6","EMILY_TAMPS_MX_2005",2016-06-01,110,"WG"
"NC_US_ISABEL","4","ISABEL_US_NC_2003",2016-06-01,205,"SUS"
"NIC_ETA","2","ETA_NIC_2020",2016-06-01,218,"CA"
"NIC_FELIX","2","FELIX_NIC_2007",2016-06-01,223,"CA"
"NIC_IOTA","2","IOTA_NIC_2020",2016-06-01,209,"CA"
"PR_USA_MARIA","3","MARIA_US_PR_2017",2016-06-01,109,"C"
"QROO_WILMA","3","WILMA_QROO_2005",2016-06-01,195,"C"
"TX_US_HARVEY","6","HARVEY_US_TX_2017",2016-06-01,107,"WG"
"TX_US_IKE","4","IKE_US_TX_2008",2016-06-01,193,"SUS"
"TX_US_RITA","4","RITA_US_TX_2005",2016-06-01,210,"SUS"
"US_FL_DELTA","4","DELTA_US_LA_2020",2016-06-01,175,"SUS"
"US_FL_DENNIS","4","DENNIS_US_FL_2005",2016-06-01,199,"SUS"
"VER_MX_KARL","5","KARL_MX_VER_2010",2016-06-01,226.5963,"SG"
"YUC_DELTA","5","DELTA_YUCATAN_MX_2020",2016-06-01,195,"SG"
"YUC_MX_EMILY","5","EMILY_MX_YUC_2005",2016-06-01,204,"SG"
"YUC_MX_ISIDORE","5","ISIDORE_MX_YUC_2002",2016-06-01,193,"SG"
"AL_US_IVAN","4","IVAN_US_AL_2004",2016-07-01,161,"SUS"
"AL_US_SALLY","4","SALLY_US_AL_2020",2016-07-01,172,"SUS"
"ALEX","6","ALEX_2010",2016-07-01,38,"WG"
"BELICE_RICHARD","3","RICHARD_BELICE_2010",2016-07-01,192,"C"
"BELIZE_IRIS","2","IRIS_BELIZE_2001",2016-07-01,441,"CA"
"BETA","2","BETA_2005",2016-07-01,380,"CA"
"CR_OTTO","2","OTTO_CR_2016",2016-07-01,512,"CA"
"CUBA_DENNIS","3","DENNIS_CUBA_2005",2016-07-01,157,"C"
"CUBA_GUSTAV","3","GUSTAV_CUBA_2008",2016-07-01,117,"C"
"CUBA_IAN","3","IAN_CUBA_2022",2016-07-01,118,"C"
"CUBA_MICHELLE","3","MICHELLE_CUBA_2001",2016-07-01,165,"C"
"CUBA_PALOMA","3","PALOMA_CUBA_2008",2016-07-01,153,"C"
"CUBA_SANDY","3","SANDY_CUBA_2012",2016-07-01,133,"C"
"DEAN_QROO_MX","5","DEAN_QROO_MX_2007",2016-07-01,87,"SG"
"FL_US_CHARLEY","1","CHARLEY_2004",2016-07-01,175,"FP"
"FL_US_FRANCES","1","FRANCES_US_FL_2004",2016-07-01,145,"FP"
"FL_US_IAN","1","IAN_US_FL_2022",2016-07-01,171,"FP"
"FL_US_IRMA","1","IRMA_US_FL_2017",2016-07-01,181,"FP"
"FL_US_JEANNE","1","JEANNE_US_FL_2004",2016-07-01,146,"FP"
"FL_US_MICHAEL","4","MICHAEL_US_FL_2018",2016-07-01,160,"SUS"
"FL_US_WILMA","1","WILMA_US_FL_2005",2016-07-01,167,"FP"
"LA_US_GUSTAV","4","GUSTAV_US_LA_2008",2016-07-01,177,"SUS"
"LA_US_IDA","4","IDA_US_LA_2009",2016-07-01,160,"SUS"
"LA_US_KATRINA","4","KATRINA_US_LA_2005",2016-07-01,132,"SUS"
"LA_US_LAURA","4","LAURA_US_LA_2020",2016-07-01,133,"SUS"
"LA_US_ZETA","4","ZETA_US_LA_2020",2016-07-01,156,"SUS"
"MX_ERNESTO","5","ERNESTO_MX_2012",2016-07-01,90,"SG"
"MX_GRACE","3","GRACE_MX_2021",2016-07-01,133,"C"
"MX_TAMPS_EMILY","6","EMILY_TAMPS_MX_2005",2016-07-01,39,"WG"
"NC_US_ISABEL","4","ISABEL_US_NC_2003",2016-07-01,156,"SUS"
"NIC_ETA","2","ETA_NIC_2020",2016-07-01,317,"CA"
"NIC_FELIX","2","FELIX_NIC_2007",2016-07-01,320,"CA"
"NIC_IOTA","2","IOTA_NIC_2020",2016-07-01,313,"CA"
"PR_USA_MARIA","3","MARIA_US_PR_2017",2016-07-01,180,"C"
"QROO_WILMA","3","WILMA_QROO_2005",2016-07-01,79,"C"
"TX_US_HARVEY","6","HARVEY_US_TX_2017",2016-07-01,36,"WG"
"TX_US_IKE","4","IKE_US_TX_2008",2016-07-01,85,"SUS"
"TX_US_RITA","4","RITA_US_TX_2005",2016-07-01,124,"SUS"
"US_FL_DELTA","4","DELTA_US_LA_2020",2016-07-01,139,"SUS"
"US_FL_DENNIS","4","DENNIS_US_FL_2005",2016-07-01,164,"SUS"
"VER_MX_KARL","5","KARL_MX_VER_2010",2016-07-01,232.7591,"SG"
"YUC_DELTA","5","DELTA_YUCATAN_MX_2020",2016-07-01,90,"SG"
"YUC_MX_EMILY","5","EMILY_MX_YUC_2005",2016-07-01,85,"SG"
"YUC_MX_ISIDORE","5","ISIDORE_MX_YUC_2002",2016-07-01,124,"SG"
"AL_US_IVAN","4","IVAN_US_AL_2004",2016-08-01,206,"SUS"
"AL_US_SALLY","4","SALLY_US_AL_2020",2016-08-01,228,"SUS"
"ALEX","6","ALEX_2010",2016-08-01,133,"WG"
"BELICE_RICHARD","3","RICHARD_BELICE_2010",2016-08-01,258,"C"
"BELIZE_IRIS","2","IRIS_BELIZE_2001",2016-08-01,584.4286,"CA"
"BETA","2","BETA_2005",2016-08-01,242,"CA"
"CR_OTTO","2","OTTO_CR_2016",2016-08-01,242,"CA"
"CUBA_DENNIS","3","DENNIS_CUBA_2005",2016-08-01,348,"C"
"CUBA_GUSTAV","3","GUSTAV_CUBA_2008",2016-08-01,294,"C"
"CUBA_IAN","3","IAN_CUBA_2022",2016-08-01,306,"C"
"CUBA_MICHELLE","3","MICHELLE_CUBA_2001",2016-08-01,319,"C"
"CUBA_PALOMA","3","PALOMA_CUBA_2008",2016-08-01,136,"C"
"CUBA_SANDY","3","SANDY_CUBA_2012",2016-08-01,148,"C"
"DEAN_QROO_MX","5","DEAN_QROO_MX_2007",2016-08-01,167,"SG"
"FL_US_CHARLEY","1","CHARLEY_2004",2016-08-01,344,"FP"
"FL_US_FRANCES","1","FRANCES_US_FL_2004",2016-08-01,273,"FP"
"FL_US_IAN","1","IAN_US_FL_2022",2016-08-01,333,"FP"
"FL_US_IRMA","1","IRMA_US_FL_2017",2016-08-01,386,"FP"
"FL_US_JEANNE","1","JEANNE_US_FL_2004",2016-08-01,274,"FP"
"FL_US_MICHAEL","4","MICHAEL_US_FL_2018",2016-08-01,166,"SUS"
"FL_US_WILMA","1","WILMA_US_FL_2005",2016-08-01,358,"FP"
"LA_US_GUSTAV","4","GUSTAV_US_LA_2008",2016-08-01,283,"SUS"
"LA_US_IDA","4","IDA_US_LA_2009",2016-08-01,240,"SUS"
"LA_US_KATRINA","4","KATRINA_US_LA_2005",2016-08-01,212,"SUS"
"LA_US_LAURA","4","LAURA_US_LA_2020",2016-08-01,228,"SUS"
"LA_US_ZETA","4","ZETA_US_LA_2020",2016-08-01,243,"SUS"
"MX_ERNESTO","5","ERNESTO_MX_2012",2016-08-01,164,"SG"
"MX_GRACE","3","GRACE_MX_2021",2016-08-01,324.5756,"C"
"MX_TAMPS_EMILY","6","EMILY_TAMPS_MX_2005",2016-08-01,145,"WG"
"NC_US_ISABEL","4","ISABEL_US_NC_2003",2016-08-01,102,"SUS"
"NIC_ETA","2","ETA_NIC_2020",2016-08-01,225,"CA"
"NIC_FELIX","2","FELIX_NIC_2007",2016-08-01,228,"CA"
"NIC_IOTA","2","IOTA_NIC_2020",2016-08-01,216,"CA"
"PR_USA_MARIA","3","MARIA_US_PR_2017",2016-08-01,219,"C"
"QROO_WILMA","3","WILMA_QROO_2005",2016-08-01,155,"C"
"TX_US_HARVEY","6","HARVEY_US_TX_2017",2016-08-01,121,"WG"
"TX_US_IKE","4","IKE_US_TX_2008",2016-08-01,175,"SUS"
"TX_US_RITA","4","RITA_US_TX_2005",2016-08-01,217,"SUS"
"US_FL_DELTA","4","DELTA_US_LA_2020",2016-08-01,237,"SUS"
"US_FL_DENNIS","4","DENNIS_US_FL_2005",2016-08-01,194,"SUS"
"VER_MX_KARL","5","KARL_MX_VER_2010",2016-08-01,322.3616,"SG"
"YUC_DELTA","5","DELTA_YUCATAN_MX_2020",2016-08-01,162,"SG"
"YUC_MX_EMILY","5","EMILY_MX_YUC_2005",2016-08-01,187,"SG"
"YUC_MX_ISIDORE","5","ISIDORE_MX_YUC_2002",2016-08-01,191,"SG"
"AL_US_IVAN","4","IVAN_US_AL_2004",2016-09-01,85,"SUS"
"AL_US_SALLY","4","SALLY_US_AL_2020",2016-09-01,95,"SUS"
"ALEX","6","ALEX_2010",2016-09-01,92,"WG"
"BELICE_RICHARD","3","RICHARD_BELICE_2010",2016-09-01,171,"C"
"BELIZE_IRIS","2","IRIS_BELIZE_2001",2016-09-01,336,"CA"
"BETA","2","BETA_2005",2016-09-01,320,"CA"
"CR_OTTO","2","OTTO_CR_2016",2016-09-01,413,"CA"
"CUBA_DENNIS","3","DENNIS_CUBA_2005",2016-09-01,212,"C"
"CUBA_GUSTAV","3","GUSTAV_CUBA_2008",2016-09-01,188,"C"
"CUBA_IAN","3","IAN_CUBA_2022",2016-09-01,188,"C"
"CUBA_MICHELLE","3","MICHELLE_CUBA_2001",2016-09-01,223,"C"
"CUBA_PALOMA","3","PALOMA_CUBA_2008",2016-09-01,172,"C"
"CUBA_SANDY","3","SANDY_CUBA_2012",2016-09-01,157,"C"
"DEAN_QROO_MX","5","DEAN_QROO_MX_2007",2016-09-01,117,"SG"
"FL_US_CHARLEY","1","CHARLEY_2004",2016-09-01,143,"FP"
"FL_US_FRANCES","1","FRANCES_US_FL_2004",2016-09-01,136,"FP"
"FL_US_IAN","1","IAN_US_FL_2022",2016-09-01,142,"FP"
"FL_US_IRMA","1","IRMA_US_FL_2017",2016-09-01,167,"FP"
"FL_US_JEANNE","1","JEANNE_US_FL_2004",2016-09-01,138,"FP"
"FL_US_MICHAEL","4","MICHAEL_US_FL_2018",2016-09-01,108,"SUS"
"FL_US_WILMA","1","WILMA_US_FL_2005",2016-09-01,173,"FP"
"LA_US_GUSTAV","4","GUSTAV_US_LA_2008",2016-09-01,129,"SUS"
"LA_US_IDA","4","IDA_US_LA_2009",2016-09-01,127,"SUS"
"LA_US_KATRINA","4","KATRINA_US_LA_2005",2016-09-01,96,"SUS"
"LA_US_LAURA","4","LAURA_US_LA_2020",2016-09-01,62,"SUS"
"LA_US_ZETA","4","ZETA_US_LA_2020",2016-09-01,129,"SUS"
"MX_ERNESTO","5","ERNESTO_MX_2012",2016-09-01,119,"SG"
"MX_GRACE","3","GRACE_MX_2021",2016-09-01,244.4959,"C"
"MX_TAMPS_EMILY","6","EMILY_TAMPS_MX_2005",2016-09-01,82,"WG"
"NC_US_ISABEL","4","ISABEL_US_NC_2003",2016-09-01,178,"SUS"
"NIC_ETA","2","ETA_NIC_2020",2016-09-01,333,"CA"
"NIC_FELIX","2","FELIX_NIC_2007",2016-09-01,328,"CA"
"NIC_IOTA","2","IOTA_NIC_2020",2016-09-01,320,"CA"
"PR_USA_MARIA","3","MARIA_US_PR_2017",2016-09-01,185,"C"
"QROO_WILMA","3","WILMA_QROO_2005",2016-09-01,168,"C"
"TX_US_HARVEY","6","HARVEY_US_TX_2017",2016-09-01,160,"WG"
"TX_US_IKE","4","IKE_US_TX_2008",2016-09-01,68,"SUS"
"TX_US_RITA","4","RITA_US_TX_2005",2016-09-01,46,"SUS"
"US_FL_DELTA","4","DELTA_US_LA_2020",2016-09-01,83,"SUS"
"US_FL_DENNIS","4","DENNIS_US_FL_2005",2016-09-01,83,"SUS"
"VER_MX_KARL","5","KARL_MX_VER_2010",2016-09-01,202,"SG"
"YUC_DELTA","5","DELTA_YUCATAN_MX_2020",2016-09-01,169,"SG"
"YUC_MX_EMILY","5","EMILY_MX_YUC_2005",2016-09-01,153,"SG"
"YUC_MX_ISIDORE","5","ISIDORE_MX_YUC_2002",2016-09-01,136,"SG"
"AL_US_IVAN","4","IVAN_US_AL_2004",2016-10-01,1,"SUS"
"AL_US_SALLY","4","SALLY_US_AL_2020",2016-10-01,1,"SUS"
"ALEX","6","ALEX_2010",2016-10-01,58,"WG"
"BELICE_RICHARD","3","RICHARD_BELICE_2010",2016-10-01,161,"C"
"BELIZE_IRIS","2","IRIS_BELIZE_2001",2016-10-01,211,"CA"
"BETA","2","BETA_2005",2016-10-01,222,"CA"
"CR_OTTO","2","OTTO_CR_2016",2016-10-01,192,"CA"
"CUBA_DENNIS","3","DENNIS_CUBA_2005",2016-10-01,119,"C"
"CUBA_GUSTAV","3","GUSTAV_CUBA_2008",2016-10-01,90,"C"
"CUBA_IAN","3","IAN_CUBA_2022",2016-10-01,95,"C"
"CUBA_MICHELLE","3","MICHELLE_CUBA_2001",2016-10-01,152,"C"
"CUBA_PALOMA","3","PALOMA_CUBA_2008",2016-10-01,183,"C"
"CUBA_SANDY","3","SANDY_CUBA_2012",2016-10-01,169,"C"
"DEAN_QROO_MX","5","DEAN_QROO_MX_2007",2016-10-01,107,"SG"
"FL_US_CHARLEY","1","CHARLEY_2004",2016-10-01,72,"FP"
"FL_US_FRANCES","1","FRANCES_US_FL_2004",2016-10-01,128,"FP"
"FL_US_IAN","1","IAN_US_FL_2022",2016-10-01,73,"FP"
"FL_US_IRMA","1","IRMA_US_FL_2017",2016-10-01,78,"FP"
"FL_US_JEANNE","1","JEANNE_US_FL_2004",2016-10-01,131,"FP"
"FL_US_MICHAEL","4","MICHAEL_US_FL_2018",2016-10-01,40,"SUS"
"FL_US_WILMA","1","WILMA_US_FL_2005",2016-10-01,97,"FP"
"LA_US_GUSTAV","4","GUSTAV_US_LA_2008",2016-10-01,9,"SUS"
"LA_US_IDA","4","IDA_US_LA_2009",2016-10-01,3,"SUS"
"LA_US_KATRINA","4","KATRINA_US_LA_2005",2016-10-01,1,"SUS"
"LA_US_LAURA","4","LAURA_US_LA_2020",2016-10-01,39,"SUS"
"LA_US_ZETA","4","ZETA_US_LA_2020",2016-10-01,1,"SUS"
"MX_ERNESTO","5","ERNESTO_MX_2012",2016-10-01,106,"SG"
"MX_GRACE","3","GRACE_MX_2021",2016-10-01,170,"C"
"MX_TAMPS_EMILY","6","EMILY_TAMPS_MX_2005",2016-10-01,48,"WG"
"NC_US_ISABEL","4","ISABEL_US_NC_2003",2016-10-01,132,"SUS"
"NIC_ETA","2","ETA_NIC_2020",2016-10-01,217,"CA"
"NIC_FELIX","2","FELIX_NIC_2007",2016-10-01,221,"CA"
"NIC_IOTA","2","IOTA_NIC_2020",2016-10-01,215,"CA"
"PR_USA_MARIA","3","MARIA_US_PR_2017",2016-10-01,207,"C"
"QROO_WILMA","3","WILMA_QROO_2005",2016-10-01,128,"C"
"TX_US_HARVEY","6","HARVEY_US_TX_2017",2016-10-01,27,"WG"
"TX_US_IKE","4","IKE_US_TX_2008",2016-10-01,36,"SUS"
"TX_US_RITA","4","RITA_US_TX_2005",2016-10-01,40,"SUS"
"US_FL_DELTA","4","DELTA_US_LA_2020",2016-10-01,40,"SUS"
"US_FL_DENNIS","4","DENNIS_US_FL_2005",2016-10-01,1,"SUS"
"VER_MX_KARL","5","KARL_MX_VER_2010",2016-10-01,109,"SG"
"YUC_DELTA","5","DELTA_YUCATAN_MX_2020",2016-10-01,131,"SG"
"YUC_MX_EMILY","5","EMILY_MX_YUC_2005",2016-10-01,127,"SG"
"YUC_MX_ISIDORE","5","ISIDORE_MX_YUC_2002",2016-10-01,86,"SG"
"AL_US_IVAN","4","IVAN_US_AL_2004",2016-11-01,48,"SUS"
"AL_US_SALLY","4","SALLY_US_AL_2020",2016-11-01,47,"SUS"
"ALEX","6","ALEX_2010",2016-11-01,89,"WG"
"BELICE_RICHARD","3","RICHARD_BELICE_2010",2016-11-01,137,"C"
"BELIZE_IRIS","2","IRIS_BELIZE_2001",2016-11-01,249,"CA"
"BETA","2","BETA_2005",2016-11-01,149,"CA"
"CR_OTTO","2","OTTO_CR_2016",2016-11-01,332.3077,"CA"
"CUBA_DENNIS","3","DENNIS_CUBA_2005",2016-11-01,16,"C"
"CUBA_GUSTAV","3","GUSTAV_CUBA_2008",2016-11-01,16,"C"
"CUBA_IAN","3","IAN_CUBA_2022",2016-11-01,15,"C"
"CUBA_MICHELLE","3","MICHELLE_CUBA_2001",2016-11-01,19,"C"
"CUBA_PALOMA","3","PALOMA_CUBA_2008",2016-11-01,46,"C"
"CUBA_SANDY","3","SANDY_CUBA_2012",2016-11-01,95,"C"
"DEAN_QROO_MX","5","DEAN_QROO_MX_2007",2016-11-01,39,"SG"
"FL_US_CHARLEY","1","CHARLEY_2004",2016-11-01,6,"FP"
"FL_US_FRANCES","1","FRANCES_US_FL_2004",2016-11-01,13,"FP"
"FL_US_IAN","1","IAN_US_FL_2022",2016-11-01,7,"FP"
"FL_US_IRMA","1","IRMA_US_FL_2017",2016-11-01,8,"FP"
"FL_US_JEANNE","1","JEANNE_US_FL_2004",2016-11-01,13,"FP"
"FL_US_MICHAEL","4","MICHAEL_US_FL_2018",2016-11-01,35,"SUS"
"FL_US_WILMA","1","WILMA_US_FL_2005",2016-11-01,9,"FP"
"LA_US_GUSTAV","4","GUSTAV_US_LA_2008",2016-11-01,50,"SUS"
"LA_US_IDA","4","IDA_US_LA_2009",2016-11-01,54,"SUS"
"LA_US_KATRINA","4","KATRINA_US_LA_2005",2016-11-01,56,"SUS"
"LA_US_LAURA","4","LAURA_US_LA_2020",2016-11-01,70,"SUS"
"LA_US_ZETA","4","ZETA_US_LA_2020",2016-11-01,52,"SUS"
"MX_ERNESTO","5","ERNESTO_MX_2012",2016-11-01,40,"SG"
"MX_GRACE","3","GRACE_MX_2021",2016-11-01,125,"C"
"MX_TAMPS_EMILY","6","EMILY_TAMPS_MX_2005",2016-11-01,84,"WG"
"NC_US_ISABEL","4","ISABEL_US_NC_2003",2016-11-01,29,"SUS"
"NIC_ETA","2","ETA_NIC_2020",2016-11-01,124,"CA"
"NIC_FELIX","2","FELIX_NIC_2007",2016-11-01,144,"CA"
"NIC_IOTA","2","IOTA_NIC_2020",2016-11-01,120,"CA"
"PR_USA_MARIA","3","MARIA_US_PR_2017",2016-11-01,484.37,"C"
"QROO_WILMA","3","WILMA_QROO_2005",2016-11-01,38,"C"
"TX_US_HARVEY","6","HARVEY_US_TX_2017",2016-11-01,80,"WG"
"TX_US_IKE","4","IKE_US_TX_2008",2016-11-01,65,"SUS"
"TX_US_RITA","4","RITA_US_TX_2005",2016-11-01,70,"SUS"
"US_FL_DELTA","4","DELTA_US_LA_2020",2016-11-01,71,"SUS"
"US_FL_DENNIS","4","DENNIS_US_FL_2005",2016-11-01,47,"SUS"
"VER_MX_KARL","5","KARL_MX_VER_2010",2016-11-01,62,"SG"
"YUC_DELTA","5","DELTA_YUCATAN_MX_2020",2016-11-01,37,"SG"
"YUC_MX_EMILY","5","EMILY_MX_YUC_2005",2016-11-01,30,"SG"
"YUC_MX_ISIDORE","5","ISIDORE_MX_YUC_2002",2016-11-01,14,"SG"
"AL_US_IVAN","4","IVAN_US_AL_2004",2016-12-01,192,"SUS"
"AL_US_SALLY","4","SALLY_US_AL_2020",2016-12-01,180,"SUS"
"ALEX","6","ALEX_2010",2016-12-01,29,"WG"
"BELICE_RICHARD","3","RICHARD_BELICE_2010",2016-12-01,173,"C"
"BELIZE_IRIS","2","IRIS_BELIZE_2001",2016-12-01,184,"CA"
"BETA","2","BETA_2005",2016-12-01,99,"CA"
"CR_OTTO","2","OTTO_CR_2016",2016-12-01,213,"CA"
"CUBA_DENNIS","3","DENNIS_CUBA_2005",2016-12-01,27,"C"
"CUBA_GUSTAV","3","GUSTAV_CUBA_2008",2016-12-01,86,"C"
"CUBA_IAN","3","IAN_CUBA_2022",2016-12-01,80,"C"
"CUBA_MICHELLE","3","MICHELLE_CUBA_2001",2016-12-01,33,"C"
"CUBA_PALOMA","3","PALOMA_CUBA_2008",2016-12-01,5,"C"
"CUBA_SANDY","3","SANDY_CUBA_2012",2016-12-01,11,"C"
"DEAN_QROO_MX","5","DEAN_QROO_MX_2007",2016-12-01,99,"SG"
"FL_US_CHARLEY","1","CHARLEY_2004",2016-12-01,38,"FP"
"FL_US_FRANCES","1","FRANCES_US_FL_2004",2016-12-01,39,"FP"
"FL_US_IAN","1","IAN_US_FL_2022",2016-12-01,36,"FP"
"FL_US_IRMA","1","IRMA_US_FL_2017",2016-12-01,36,"FP"
"FL_US_JEANNE","1","JEANNE_US_FL_2004",2016-12-01,39,"FP"
"FL_US_MICHAEL","4","MICHAEL_US_FL_2018",2016-12-01,172,"SUS"
"FL_US_WILMA","1","WILMA_US_FL_2005",2016-12-01,40,"FP"
"LA_US_GUSTAV","4","GUSTAV_US_LA_2008",2016-12-01,185,"SUS"
"LA_US_IDA","4","IDA_US_LA_2009",2016-12-01,180,"SUS"
"LA_US_KATRINA","4","KATRINA_US_LA_2005",2016-12-01,187,"SUS"
"LA_US_LAURA","4","LAURA_US_LA_2020",2016-12-01,260,"SUS"
"LA_US_ZETA","4","ZETA_US_LA_2020",2016-12-01,174,"SUS"
"MX_ERNESTO","5","ERNESTO_MX_2012",2016-12-01,96,"SG"
"MX_GRACE","3","GRACE_MX_2021",2016-12-01,84,"C"
"MX_TAMPS_EMILY","6","EMILY_TAMPS_MX_2005",2016-12-01,29,"WG"
"NC_US_ISABEL","4","ISABEL_US_NC_2003",2016-12-01,78,"SUS"
"NIC_ETA","2","ETA_NIC_2020",2016-12-01,106,"CA"
"NIC_FELIX","2","FELIX_NIC_2007",2016-12-01,135,"CA"
"NIC_IOTA","2","IOTA_NIC_2020",2016-12-01,98,"CA"
"PR_USA_MARIA","3","MARIA_US_PR_2017",2016-12-01,148,"C"
"QROO_WILMA","3","WILMA_QROO_2005",2016-12-01,113,"C"
"TX_US_HARVEY","6","HARVEY_US_TX_2017",2016-12-01,139,"WG"
"TX_US_IKE","4","IKE_US_TX_2008",2016-12-01,264,"SUS"
"TX_US_RITA","4","RITA_US_TX_2005",2016-12-01,278,"SUS"
"US_FL_DELTA","4","DELTA_US_LA_2020",2016-12-01,237,"SUS"
"US_FL_DENNIS","4","DENNIS_US_FL_2005",2016-12-01,184,"SUS"
"VER_MX_KARL","5","KARL_MX_VER_2010",2016-12-01,48,"SG"
"YUC_DELTA","5","DELTA_YUCATAN_MX_2020",2016-12-01,105,"SG"
"YUC_MX_EMILY","5","EMILY_MX_YUC_2005",2016-12-01,91,"SG"
"YUC_MX_ISIDORE","5","ISIDORE_MX_YUC_2002",2016-12-01,86,"SG"
"AL_US_IVAN","4","IVAN_US_AL_2004",2017-01-01,223,"SUS"
"AL_US_SALLY","4","SALLY_US_AL_2020",2017-01-01,232,"SUS"
"ALEX","6","ALEX_2010",2017-01-01,10,"WG"
"BELICE_RICHARD","3","RICHARD_BELICE_2010",2017-01-01,66,"C"
"BELIZE_IRIS","2","IRIS_BELIZE_2001",2017-01-01,133,"CA"
"BETA","2","BETA_2005",2017-01-01,113,"CA"
"CR_OTTO","2","OTTO_CR_2016",2017-01-01,169,"CA"
"CUBA_DENNIS","3","DENNIS_CUBA_2005",2017-01-01,23,"C"
"CUBA_GUSTAV","3","GUSTAV_CUBA_2008",2017-01-01,42,"C"
"CUBA_IAN","3","IAN_CUBA_2022",2017-01-01,42,"C"
"CUBA_MICHELLE","3","MICHELLE_CUBA_2001",2017-01-01,25,"C"
"CUBA_PALOMA","3","PALOMA_CUBA_2008",2017-01-01,6,"C"
"CUBA_SANDY","3","SANDY_CUBA_2012",2017-01-01,15,"C"
"DEAN_QROO_MX","5","DEAN_QROO_MX_2007",2017-01-01,26,"SG"
"FL_US_CHARLEY","1","CHARLEY_2004",2017-01-01,45,"FP"
"FL_US_FRANCES","1","FRANCES_US_FL_2004",2017-01-01,47,"FP"
"FL_US_IAN","1","IAN_US_FL_2022",2017-01-01,44,"FP"
"FL_US_IRMA","1","IRMA_US_FL_2017",2017-01-01,42,"FP"
"FL_US_JEANNE","1","JEANNE_US_FL_2004",2017-01-01,47,"FP"
"FL_US_MICHAEL","4","MICHAEL_US_FL_2018",2017-01-01,229,"SUS"
"FL_US_WILMA","1","WILMA_US_FL_2005",2017-01-01,41,"FP"
"LA_US_GUSTAV","4","GUSTAV_US_LA_2008",2017-01-01,145,"SUS"
"LA_US_IDA","4","IDA_US_LA_2009",2017-01-01,186,"SUS"
"LA_US_KATRINA","4","KATRINA_US_LA_2005",2017-01-01,211,"SUS"
"LA_US_LAURA","4","LAURA_US_LA_2020",2017-01-01,66,"SUS"
"LA_US_ZETA","4","ZETA_US_LA_2020",2017-01-01,190,"SUS"
"MX_ERNESTO","5","ERNESTO_MX_2012",2017-01-01,26,"SG"
"MX_GRACE","3","GRACE_MX_2021",2017-01-01,8,"C"
"MX_TAMPS_EMILY","6","EMILY_TAMPS_MX_2005",2017-01-01,10,"WG"
"NC_US_ISABEL","4","ISABEL_US_NC_2003",2017-01-01,102,"SUS"
"NIC_ETA","2","ETA_NIC_2020",2017-01-01,93,"CA"
"NIC_FELIX","2","FELIX_NIC_2007",2017-01-01,117,"CA"
"NIC_IOTA","2","IOTA_NIC_2020",2017-01-01,89,"CA"
"PR_USA_MARIA","3","MARIA_US_PR_2017",2017-01-01,65,"C"
"QROO_WILMA","3","WILMA_QROO_2005",2017-01-01,57,"C"
"TX_US_HARVEY","6","HARVEY_US_TX_2017",2017-01-01,46,"WG"
"TX_US_IKE","4","IKE_US_TX_2008",2017-01-01,58,"SUS"
"TX_US_RITA","4","RITA_US_TX_2005",2017-01-01,53,"SUS"
"US_FL_DELTA","4","DELTA_US_LA_2020",2017-01-01,84,"SUS"
"US_FL_DENNIS","4","DENNIS_US_FL_2005",2017-01-01,228,"SUS"
"VER_MX_KARL","5","KARL_MX_VER_2010",2017-01-01,4,"SG"
"YUC_DELTA","5","DELTA_YUCATAN_MX_2020",2017-01-01,50,"SG"
"YUC_MX_EMILY","5","EMILY_MX_YUC_2005",2017-01-01,34,"SG"
"YUC_MX_ISIDORE","5","ISIDORE_MX_YUC_2002",2017-01-01,18,"SG"
"AL_US_IVAN","4","IVAN_US_AL_2004",2017-02-01,76,"SUS"
"AL_US_SALLY","4","SALLY_US_AL_2020",2017-02-01,72,"SUS"
"ALEX","6","ALEX_2010",2017-02-01,17,"WG"
"BELICE_RICHARD","3","RICHARD_BELICE_2010",2017-02-01,25,"C"
"BELIZE_IRIS","2","IRIS_BELIZE_2001",2017-02-01,32,"CA"
"BETA","2","BETA_2005",2017-02-01,43,"CA"
"CR_OTTO","2","OTTO_CR_2016",2017-02-01,63,"CA"
"CUBA_DENNIS","3","DENNIS_CUBA_2005",2017-02-01,24,"C"
"CUBA_GUSTAV","3","GUSTAV_CUBA_2008",2017-02-01,44,"C"
"CUBA_IAN","3","IAN_CUBA_2022",2017-02-01,41,"C"
"CUBA_MICHELLE","3","MICHELLE_CUBA_2001",2017-02-01,28,"C"
"CUBA_PALOMA","3","PALOMA_CUBA_2008",2017-02-01,17,"C"
"CUBA_SANDY","3","SANDY_CUBA_2012",2017-02-01,21,"C"
"DEAN_QROO_MX","5","DEAN_QROO_MX_2007",2017-02-01,15,"SG"
"FL_US_CHARLEY","1","CHARLEY_2004",2017-02-01,54,"FP"
"FL_US_FRANCES","1","FRANCES_US_FL_2004",2017-02-01,49,"FP"
"FL_US_IAN","1","IAN_US_FL_2022",2017-02-01,52,"FP"
"FL_US_IRMA","1","IRMA_US_FL_2017",2017-02-01,43,"FP"
"FL_US_JEANNE","1","JEANNE_US_FL_2004",2017-02-01,48,"FP"
"FL_US_MICHAEL","4","MICHAEL_US_FL_2018",2017-02-01,74,"SUS"
"FL_US_WILMA","1","WILMA_US_FL_2005",2017-02-01,38,"FP"
"LA_US_GUSTAV","4","GUSTAV_US_LA_2008",2017-02-01,74,"SUS"
"LA_US_IDA","4","IDA_US_LA_2009",2017-02-01,70,"SUS"
"LA_US_KATRINA","4","KATRINA_US_LA_2005",2017-02-01,71,"SUS"
"LA_US_LAURA","4","LAURA_US_LA_2020",2017-02-01,95,"SUS"
"LA_US_ZETA","4","ZETA_US_LA_2020",2017-02-01,66,"SUS"
"MX_ERNESTO","5","ERNESTO_MX_2012",2017-02-01,14,"SG"
"MX_GRACE","3","GRACE_MX_2021",2017-02-01,49,"C"
"MX_TAMPS_EMILY","6","EMILY_TAMPS_MX_2005",2017-02-01,14,"WG"
"NC_US_ISABEL","4","ISABEL_US_NC_2003",2017-02-01,27,"SUS"
"NIC_ETA","2","ETA_NIC_2020",2017-02-01,40,"CA"
"NIC_FELIX","2","FELIX_NIC_2007",2017-02-01,49,"CA"
"NIC_IOTA","2","IOTA_NIC_2020",2017-02-01,37,"CA"
"PR_USA_MARIA","3","MARIA_US_PR_2017",2017-02-01,59,"C"
"QROO_WILMA","3","WILMA_QROO_2005",2017-02-01,23,"C"
"TX_US_HARVEY","6","HARVEY_US_TX_2017",2017-02-01,82,"WG"
"TX_US_IKE","4","IKE_US_TX_2008",2017-02-01,103,"SUS"
"TX_US_RITA","4","RITA_US_TX_2005",2017-02-01,99,"SUS"
"US_FL_DELTA","4","DELTA_US_LA_2020",2017-02-01,91,"SUS"
"US_FL_DENNIS","4","DENNIS_US_FL_2005",2017-02-01,77,"SUS"
"VER_MX_KARL","5","KARL_MX_VER_2010",2017-02-01,19,"SG"
"YUC_DELTA","5","DELTA_YUCATAN_MX_2020",2017-02-01,23,"SG"
"YUC_MX_EMILY","5","EMILY_MX_YUC_2005",2017-02-01,22,"SG"
"YUC_MX_ISIDORE","5","ISIDORE_MX_YUC_2002",2017-02-01,18,"SG"
"AL_US_IVAN","4","IVAN_US_AL_2004",2017-03-01,92,"SUS"
"AL_US_SALLY","4","SALLY_US_AL_2020",2017-03-01,86,"SUS"
"ALEX","6","ALEX_2010",2017-03-01,67,"WG"
"BELICE_RICHARD","3","RICHARD_BELICE_2010",2017-03-01,24,"C"
"BELIZE_IRIS","2","IRIS_BELIZE_2001",2017-03-01,75,"CA"
"BETA","2","BETA_2005",2017-03-01,77,"CA"
"CR_OTTO","2","OTTO_CR_2016",2017-03-01,106,"CA"
"CUBA_DENNIS","3","DENNIS_CUBA_2005",2017-03-01,20,"C"
"CUBA_GUSTAV","3","GUSTAV_CUBA_2008",2017-03-01,32,"C"
"CUBA_IAN","3","IAN_CUBA_2022",2017-03-01,30,"C"
"CUBA_MICHELLE","3","MICHELLE_CUBA_2001",2017-03-01,22,"C"
"CUBA_PALOMA","3","PALOMA_CUBA_2008",2017-03-01,43,"C"
"CUBA_SANDY","3","SANDY_CUBA_2012",2017-03-01,79,"C"
"DEAN_QROO_MX","5","DEAN_QROO_MX_2007",2017-03-01,7,"SG"
"FL_US_CHARLEY","1","CHARLEY_2004",2017-03-01,63,"FP"
"FL_US_FRANCES","1","FRANCES_US_FL_2004",2017-03-01,69,"FP"
"FL_US_IAN","1","IAN_US_FL_2022",2017-03-01,64,"FP"
"FL_US_IRMA","1","IRMA_US_FL_2017",2017-03-01,62,"FP"
"FL_US_JEANNE","1","JEANNE_US_FL_2004",2017-03-01,70,"FP"
"FL_US_MICHAEL","4","MICHAEL_US_FL_2018",2017-03-01,65,"SUS"
"FL_US_WILMA","1","WILMA_US_FL_2005",2017-03-01,54,"FP"
"LA_US_GUSTAV","4","GUSTAV_US_LA_2008",2017-03-01,57,"SUS"
"LA_US_IDA","4","IDA_US_LA_2009",2017-03-01,65,"SUS"
"LA_US_KATRINA","4","KATRINA_US_LA_2005",2017-03-01,85,"SUS"
"LA_US_LAURA","4","LAURA_US_LA_2020",2017-03-01,53,"SUS"
"LA_US_ZETA","4","ZETA_US_LA_2020",2017-03-01,63,"SUS"
"MX_ERNESTO","5","ERNESTO_MX_2012",2017-03-01,6,"SG"
"MX_GRACE","3","GRACE_MX_2021",2017-03-01,157,"C"
"MX_TAMPS_EMILY","6","EMILY_TAMPS_MX_2005",2017-03-01,76,"WG"
"NC_US_ISABEL","4","ISABEL_US_NC_2003",2017-03-01,93,"SUS"
"NIC_ETA","2","ETA_NIC_2020",2017-03-01,79,"CA"
"NIC_FELIX","2","FELIX_NIC_2007",2017-03-01,75,"CA"
"NIC_IOTA","2","IOTA_NIC_2020",2017-03-01,78,"CA"
"PR_USA_MARIA","3","MARIA_US_PR_2017",2017-03-01,198,"C"
"QROO_WILMA","3","WILMA_QROO_2005",2017-03-01,29,"C"
"TX_US_HARVEY","6","HARVEY_US_TX_2017",2017-03-01,43,"WG"
"TX_US_IKE","4","IKE_US_TX_2008",2017-03-01,46,"SUS"
"TX_US_RITA","4","RITA_US_TX_2005",2017-03-01,46,"SUS"
"US_FL_DELTA","4","DELTA_US_LA_2020",2017-03-01,61,"SUS"
"US_FL_DENNIS","4","DENNIS_US_FL_2005",2017-03-01,93,"SUS"
"VER_MX_KARL","5","KARL_MX_VER_2010",2017-03-01,63,"SG"
"YUC_DELTA","5","DELTA_YUCATAN_MX_2020",2017-03-01,29,"SG"
"YUC_MX_EMILY","5","EMILY_MX_YUC_2005",2017-03-01,23,"SG"
"YUC_MX_ISIDORE","5","ISIDORE_MX_YUC_2002",2017-03-01,6,"SG"
"AL_US_IVAN","4","IVAN_US_AL_2004",2017-04-01,158,"SUS"
"AL_US_SALLY","4","SALLY_US_AL_2020",2017-04-01,143,"SUS"
"ALEX","6","ALEX_2010",2017-04-01,28,"WG"
"BELICE_RICHARD","3","RICHARD_BELICE_2010",2017-04-01,109,"C"
"BELIZE_IRIS","2","IRIS_BELIZE_2001",2017-04-01,142,"CA"
"BETA","2","BETA_2005",2017-04-01,92,"CA"
"CR_OTTO","2","OTTO_CR_2016",2017-04-01,89,"CA"
"CUBA_DENNIS","3","DENNIS_CUBA_2005",2017-04-01,109,"C"
"CUBA_GUSTAV","3","GUSTAV_CUBA_2008",2017-04-01,122,"C"
"CUBA_IAN","3","IAN_CUBA_2022",2017-04-01,117,"C"
"CUBA_MICHELLE","3","MICHELLE_CUBA_2001",2017-04-01,111,"C"
"CUBA_PALOMA","3","PALOMA_CUBA_2008",2017-04-01,163,"C"
"CUBA_SANDY","3","SANDY_CUBA_2012",2017-04-01,178,"C"
"DEAN_QROO_MX","5","DEAN_QROO_MX_2007",2017-04-01,87,"SG"
"FL_US_CHARLEY","1","CHARLEY_2004",2017-04-01,33,"FP"
"FL_US_FRANCES","1","FRANCES_US_FL_2004",2017-04-01,34,"FP"
"FL_US_IAN","1","IAN_US_FL_2022",2017-04-01,33,"FP"
"FL_US_IRMA","1","IRMA_US_FL_2017",2017-04-01,43,"FP"
"FL_US_JEANNE","1","JEANNE_US_FL_2004",2017-04-01,36,"FP"
"FL_US_MICHAEL","4","MICHAEL_US_FL_2018",2017-04-01,94,"SUS"
"FL_US_WILMA","1","WILMA_US_FL_2005",2017-04-01,53,"FP"
"LA_US_GUSTAV","4","GUSTAV_US_LA_2008",2017-04-01,127,"SUS"
"LA_US_IDA","4","IDA_US_LA_2009",2017-04-01,154,"SUS"
"LA_US_KATRINA","4","KATRINA_US_LA_2005",2017-04-01,168,"SUS"
"LA_US_LAURA","4","LAURA_US_LA_2020",2017-04-01,75,"SUS"
"LA_US_ZETA","4","ZETA_US_LA_2020",2017-04-01,145,"SUS"
"MX_ERNESTO","5","ERNESTO_MX_2012",2017-04-01,85,"SG"
"MX_GRACE","3","GRACE_MX_2021",2017-04-01,67,"C"
"MX_TAMPS_EMILY","6","EMILY_TAMPS_MX_2005",2017-04-01,28,"WG"
"NC_US_ISABEL","4","ISABEL_US_NC_2003",2017-04-01,124,"SUS"
"NIC_ETA","2","ETA_NIC_2020",2017-04-01,123,"CA"
"NIC_FELIX","2","FELIX_NIC_2007",2017-04-01,115,"CA"
"NIC_IOTA","2","IOTA_NIC_2020",2017-04-01,121,"CA"
"PR_USA_MARIA","3","MARIA_US_PR_2017",2017-04-01,254.1667,"C"
"QROO_WILMA","3","WILMA_QROO_2005",2017-04-01,98,"C"
"TX_US_HARVEY","6","HARVEY_US_TX_2017",2017-04-01,41,"WG"
"TX_US_IKE","4","IKE_US_TX_2008",2017-04-01,72,"SUS"
"TX_US_RITA","4","RITA_US_TX_2005",2017-04-01,71,"SUS"
"US_FL_DELTA","4","DELTA_US_LA_2020",2017-04-01,84,"SUS"
"US_FL_DENNIS","4","DENNIS_US_FL_2005",2017-04-01,155,"SUS"
"VER_MX_KARL","5","KARL_MX_VER_2010",2017-04-01,29,"SG"
"YUC_DELTA","5","DELTA_YUCATAN_MX_2020",2017-04-01,97,"SG"
"YUC_MX_EMILY","5","EMILY_MX_YUC_2005",2017-04-01,103,"SG"
"YUC_MX_ISIDORE","5","ISIDORE_MX_YUC_2002",2017-04-01,66,"SG"
"AL_US_IVAN","4","IVAN_US_AL_2004",2017-05-01,194,"SUS"
"AL_US_SALLY","4","SALLY_US_AL_2020",2017-05-01,188,"SUS"
"ALEX","6","ALEX_2010",2017-05-01,80,"WG"
"BELICE_RICHARD","3","RICHARD_BELICE_2010",2017-05-01,67,"C"
"BELIZE_IRIS","2","IRIS_BELIZE_2001",2017-05-01,158,"CA"
"BETA","2","BETA_2005",2017-05-01,103,"CA"
"CR_OTTO","2","OTTO_CR_2016",2017-05-01,179,"CA"
"CUBA_DENNIS","3","DENNIS_CUBA_2005",2017-05-01,158,"C"
"CUBA_GUSTAV","3","GUSTAV_CUBA_2008",2017-05-01,136,"C"
"CUBA_IAN","3","IAN_CUBA_2022",2017-05-01,141,"C"
"CUBA_MICHELLE","3","MICHELLE_CUBA_2001",2017-05-01,160,"C"
"CUBA_PALOMA","3","PALOMA_CUBA_2008",2017-05-01,285,"C"
"CUBA_SANDY","3","SANDY_CUBA_2012",2017-05-01,310,"C"
"DEAN_QROO_MX","5","DEAN_QROO_MX_2007",2017-05-01,52,"SG"
"FL_US_CHARLEY","1","CHARLEY_2004",2017-05-01,67,"FP"
"FL_US_FRANCES","1","FRANCES_US_FL_2004",2017-05-01,85,"FP"
"FL_US_IAN","1","IAN_US_FL_2022",2017-05-01,65,"FP"
"FL_US_IRMA","1","IRMA_US_FL_2017",2017-05-01,55,"FP"
"FL_US_JEANNE","1","JEANNE_US_FL_2004",2017-05-01,82,"FP"
"FL_US_MICHAEL","4","MICHAEL_US_FL_2018",2017-05-01,171,"SUS"
"FL_US_WILMA","1","WILMA_US_FL_2005",2017-05-01,63,"FP"
"LA_US_GUSTAV","4","GUSTAV_US_LA_2008",2017-05-01,210,"SUS"
"LA_US_IDA","4","IDA_US_LA_2009",2017-05-01,219,"SUS"
"LA_US_KATRINA","4","KATRINA_US_LA_2005",2017-05-01,203,"SUS"
"LA_US_LAURA","4","LAURA_US_LA_2020",2017-05-01,184,"SUS"
"LA_US_ZETA","4","ZETA_US_LA_2020",2017-05-01,215,"SUS"
"MX_ERNESTO","5","ERNESTO_MX_2012",2017-05-01,52,"SG"
"MX_GRACE","3","GRACE_MX_2021",2017-05-01,168,"C"
"MX_TAMPS_EMILY","6","EMILY_TAMPS_MX_2005",2017-05-01,59,"WG"
"NC_US_ISABEL","4","ISABEL_US_NC_2003",2017-05-01,182,"SUS"
"NIC_ETA","2","ETA_NIC_2020",2017-05-01,120,"CA"
"NIC_FELIX","2","FELIX_NIC_2007",2017-05-01,121,"CA"
"NIC_IOTA","2","IOTA_NIC_2020",2017-05-01,112,"CA"
"PR_USA_MARIA","3","MARIA_US_PR_2017",2017-05-01,181,"C"
"QROO_WILMA","3","WILMA_QROO_2005",2017-05-01,67,"C"
"TX_US_HARVEY","6","HARVEY_US_TX_2017",2017-05-01,66,"WG"
"TX_US_IKE","4","IKE_US_TX_2008",2017-05-01,140,"SUS"
"TX_US_RITA","4","RITA_US_TX_2005",2017-05-01,176,"SUS"
"US_FL_DELTA","4","DELTA_US_LA_2020",2017-05-01,198,"SUS"
"US_FL_DENNIS","4","DENNIS_US_FL_2005",2017-05-01,187,"SUS"
"VER_MX_KARL","5","KARL_MX_VER_2010",2017-05-01,116,"SG"
"YUC_DELTA","5","DELTA_YUCATAN_MX_2020",2017-05-01,67,"SG"
"YUC_MX_EMILY","5","EMILY_MX_YUC_2005",2017-05-01,66,"SG"
"YUC_MX_ISIDORE","5","ISIDORE_MX_YUC_2002",2017-05-01,35,"SG"
"AL_US_IVAN","4","IVAN_US_AL_2004",2017-06-01,293,"SUS"
"AL_US_SALLY","4","SALLY_US_AL_2020",2017-06-01,342,"SUS"
"ALEX","6","ALEX_2010",2017-06-01,67,"WG"
"BELICE_RICHARD","3","RICHARD_BELICE_2010",2017-06-01,289,"C"
"BELIZE_IRIS","2","IRIS_BELIZE_2001",2017-06-01,562,"CA"
"BETA","2","BETA_2005",2017-06-01,204,"CA"
"CR_OTTO","2","OTTO_CR_2016",2017-06-01,174,"CA"
"CUBA_DENNIS","3","DENNIS_CUBA_2005",2017-06-01,200,"C"
"CUBA_GUSTAV","3","GUSTAV_CUBA_2008",2017-06-01,302,"C"
"CUBA_IAN","3","IAN_CUBA_2022",2017-06-01,304,"C"
"CUBA_MICHELLE","3","MICHELLE_CUBA_2001",2017-06-01,254,"C"
"CUBA_PALOMA","3","PALOMA_CUBA_2008",2017-06-01,252,"C"
"CUBA_SANDY","3","SANDY_CUBA_2012",2017-06-01,156,"C"
"DEAN_QROO_MX","5","DEAN_QROO_MX_2007",2017-06-01,203,"SG"
"FL_US_CHARLEY","1","CHARLEY_2004",2017-06-01,111,"FP"
"FL_US_FRANCES","1","FRANCES_US_FL_2004",2017-06-01,99,"FP"
"FL_US_IAN","1","IAN_US_FL_2022",2017-06-01,111,"FP"
"FL_US_IRMA","1","IRMA_US_FL_2017",2017-06-01,138,"FP"
"FL_US_JEANNE","1","JEANNE_US_FL_2004",2017-06-01,96,"FP"
"FL_US_MICHAEL","4","MICHAEL_US_FL_2018",2017-06-01,315,"SUS"
"FL_US_WILMA","1","WILMA_US_FL_2005",2017-06-01,146,"FP"
"LA_US_GUSTAV","4","GUSTAV_US_LA_2008",2017-06-01,290,"SUS"
"LA_US_IDA","4","IDA_US_LA_2009",2017-06-01,278,"SUS"
"LA_US_KATRINA","4","KATRINA_US_LA_2005",2017-06-01,236,"SUS"
"LA_US_LAURA","4","LAURA_US_LA_2020",2017-06-01,216,"SUS"
"LA_US_ZETA","4","ZETA_US_LA_2020",2017-06-01,277,"SUS"
"MX_ERNESTO","5","ERNESTO_MX_2012",2017-06-01,206,"SG"
"MX_GRACE","3","GRACE_MX_2021",2017-06-01,172,"C"
"MX_TAMPS_EMILY","6","EMILY_TAMPS_MX_2005",2017-06-01,70,"WG"
"NC_US_ISABEL","4","ISABEL_US_NC_2003",2017-06-01,182,"SUS"
"NIC_ETA","2","ETA_NIC_2020",2017-06-01,206,"CA"
"NIC_FELIX","2","FELIX_NIC_2007",2017-06-01,213,"CA"
"NIC_IOTA","2","IOTA_NIC_2020",2017-06-01,196,"CA"
"PR_USA_MARIA","3","MARIA_US_PR_2017",2017-06-01,178,"C"
"QROO_WILMA","3","WILMA_QROO_2005",2017-06-01,235,"C"
"TX_US_HARVEY","6","HARVEY_US_TX_2017",2017-06-01,108,"WG"
"TX_US_IKE","4","IKE_US_TX_2008",2017-06-01,207,"SUS"
"TX_US_RITA","4","RITA_US_TX_2005",2017-06-01,245,"SUS"
"US_FL_DELTA","4","DELTA_US_LA_2020",2017-06-01,212,"SUS"
"US_FL_DENNIS","4","DENNIS_US_FL_2005",2017-06-01,318,"SUS"
"VER_MX_KARL","5","KARL_MX_VER_2010",2017-06-01,312.4829,"SG"
"YUC_DELTA","5","DELTA_YUCATAN_MX_2020",2017-06-01,234,"SG"
"YUC_MX_EMILY","5","EMILY_MX_YUC_2005",2017-06-01,220,"SG"
"YUC_MX_ISIDORE","5","ISIDORE_MX_YUC_2002",2017-06-01,227,"SG"
"AL_US_IVAN","4","IVAN_US_AL_2004",2017-07-01,160,"SUS"
"AL_US_SALLY","4","SALLY_US_AL_2020",2017-07-01,168,"SUS"
"ALEX","6","ALEX_2010",2017-07-01,85,"WG"
"BELICE_RICHARD","3","RICHARD_BELICE_2010",2017-07-01,246,"C"
"BELIZE_IRIS","2","IRIS_BELIZE_2001",2017-07-01,542,"CA"
"BETA","2","BETA_2005",2017-07-01,583,"CA"
"CR_OTTO","2","OTTO_CR_2016",2017-07-01,562.6667,"CA"
"CUBA_DENNIS","3","DENNIS_CUBA_2005",2017-07-01,196,"C"
"CUBA_GUSTAV","3","GUSTAV_CUBA_2008",2017-07-01,190,"C"
"CUBA_IAN","3","IAN_CUBA_2022",2017-07-01,196,"C"
"CUBA_MICHELLE","3","MICHELLE_CUBA_2001",2017-07-01,206,"C"
"CUBA_PALOMA","3","PALOMA_CUBA_2008",2017-07-01,169,"C"
"CUBA_SANDY","3","SANDY_CUBA_2012",2017-07-01,111,"C"
"DEAN_QROO_MX","5","DEAN_QROO_MX_2007",2017-07-01,123,"SG"
"FL_US_CHARLEY","1","CHARLEY_2004",2017-07-01,320,"FP"
"FL_US_FRANCES","1","FRANCES_US_FL_2004",2017-07-01,284,"FP"
"FL_US_IAN","1","IAN_US_FL_2022",2017-07-01,305,"FP"
"FL_US_IRMA","1","IRMA_US_FL_2017",2017-07-01,304,"FP"
"FL_US_JEANNE","1","JEANNE_US_FL_2004",2017-07-01,280,"FP"
"FL_US_MICHAEL","4","MICHAEL_US_FL_2018",2017-07-01,184,"SUS"
"FL_US_WILMA","1","WILMA_US_FL_2005",2017-07-01,288,"FP"
"LA_US_GUSTAV","4","GUSTAV_US_LA_2008",2017-07-01,176,"SUS"
"LA_US_IDA","4","IDA_US_LA_2009",2017-07-01,159,"SUS"
"LA_US_KATRINA","4","KATRINA_US_LA_2005",2017-07-01,138,"SUS"
"LA_US_LAURA","4","LAURA_US_LA_2020",2017-07-01,110,"SUS"
"LA_US_ZETA","4","ZETA_US_LA_2020",2017-07-01,155,"SUS"
"MX_ERNESTO","5","ERNESTO_MX_2012",2017-07-01,125,"SG"
"MX_GRACE","3","GRACE_MX_2021",2017-07-01,210.3333,"C"
"MX_TAMPS_EMILY","6","EMILY_TAMPS_MX_2005",2017-07-01,84,"WG"
"NC_US_ISABEL","4","ISABEL_US_NC_2003",2017-07-01,173,"SUS"
"NIC_ETA","2","ETA_NIC_2020",2017-07-01,594,"CA"
"NIC_FELIX","2","FELIX_NIC_2007",2017-07-01,583,"CA"
"NIC_IOTA","2","IOTA_NIC_2020",2017-07-01,592,"CA"
"PR_USA_MARIA","3","MARIA_US_PR_2017",2017-07-01,216,"C"
"QROO_WILMA","3","WILMA_QROO_2005",2017-07-01,135,"C"
"TX_US_HARVEY","6","HARVEY_US_TX_2017",2017-07-01,52,"WG"
"TX_US_IKE","4","IKE_US_TX_2008",2017-07-01,57,"SUS"
"TX_US_RITA","4","RITA_US_TX_2005",2017-07-01,90,"SUS"
"US_FL_DELTA","4","DELTA_US_LA_2020",2017-07-01,125,"SUS"
"US_FL_DENNIS","4","DENNIS_US_FL_2005",2017-07-01,165,"SUS"
"VER_MX_KARL","5","KARL_MX_VER_2010",2017-07-01,276.2004,"SG"
"YUC_DELTA","5","DELTA_YUCATAN_MX_2020",2017-07-01,146,"SG"
"YUC_MX_EMILY","5","EMILY_MX_YUC_2005",2017-07-01,130,"SG"
"YUC_MX_ISIDORE","5","ISIDORE_MX_YUC_2002",2017-07-01,185,"SG"
"AL_US_IVAN","4","IVAN_US_AL_2004",2017-08-01,366,"SUS"
"AL_US_SALLY","4","SALLY_US_AL_2020",2017-08-01,407,"SUS"
"ALEX","6","ALEX_2010",2017-08-01,51,"WG"
"BELICE_RICHARD","3","RICHARD_BELICE_2010",2017-08-01,189,"C"
"BELIZE_IRIS","2","IRIS_BELIZE_2001",2017-08-01,444.6881,"CA"
"BETA","2","BETA_2005",2017-08-01,290,"CA"
"CR_OTTO","2","OTTO_CR_2016",2017-08-01,214,"CA"
"CUBA_DENNIS","3","DENNIS_CUBA_2005",2017-08-01,153,"C"
"CUBA_GUSTAV","3","GUSTAV_CUBA_2008",2017-08-01,173,"C"
"CUBA_IAN","3","IAN_CUBA_2022",2017-08-01,186,"C"
"CUBA_MICHELLE","3","MICHELLE_CUBA_2001",2017-08-01,164,"C"
"CUBA_PALOMA","3","PALOMA_CUBA_2008",2017-08-01,166,"C"
"CUBA_SANDY","3","SANDY_CUBA_2012",2017-08-01,163,"C"
"DEAN_QROO_MX","5","DEAN_QROO_MX_2007",2017-08-01,128,"SG"
"FL_US_CHARLEY","1","CHARLEY_2004",2017-08-01,241,"FP"
"FL_US_FRANCES","1","FRANCES_US_FL_2004",2017-08-01,201,"FP"
"FL_US_IAN","1","IAN_US_FL_2022",2017-08-01,229,"FP"
"FL_US_IRMA","1","IRMA_US_FL_2017",2017-08-01,232,"FP"
"FL_US_JEANNE","1","JEANNE_US_FL_2004",2017-08-01,199,"FP"
"FL_US_MICHAEL","4","MICHAEL_US_FL_2018",2017-08-01,298,"SUS"
"FL_US_WILMA","1","WILMA_US_FL_2005",2017-08-01,203,"FP"
"LA_US_GUSTAV","4","GUSTAV_US_LA_2008",2017-08-01,423,"SUS"
"LA_US_IDA","4","IDA_US_LA_2009",2017-08-01,382,"SUS"
"LA_US_KATRINA","4","KATRINA_US_LA_2005",2017-08-01,343,"SUS"
"LA_US_LAURA","4","LAURA_US_LA_2020",2017-08-01,288,"SUS"
"LA_US_ZETA","4","ZETA_US_LA_2020",2017-08-01,391,"SUS"
"MX_ERNESTO","5","ERNESTO_MX_2012",2017-08-01,125,"SG"
"MX_GRACE","3","GRACE_MX_2021",2017-08-01,298,"C"
"MX_TAMPS_EMILY","6","EMILY_TAMPS_MX_2005",2017-08-01,51,"WG"
"NC_US_ISABEL","4","ISABEL_US_NC_2003",2017-08-01,190,"SUS"
"NIC_ETA","2","ETA_NIC_2020",2017-08-01,302,"CA"
"NIC_FELIX","2","FELIX_NIC_2007",2017-08-01,300,"CA"
"NIC_IOTA","2","IOTA_NIC_2020",2017-08-01,296,"CA"
"PR_USA_MARIA","3","MARIA_US_PR_2017",2017-08-01,286,"C"
"QROO_WILMA","3","WILMA_QROO_2005",2017-08-01,161,"C"
"TX_US_HARVEY","6","HARVEY_US_TX_2017",2017-08-01,112,"WG"
"TX_US_IKE","4","IKE_US_TX_2008",2017-08-01,175,"SUS"
"TX_US_RITA","4","RITA_US_TX_2005",2017-08-01,262,"SUS"
"US_FL_DELTA","4","DELTA_US_LA_2020",2017-08-01,308,"SUS"
"US_FL_DENNIS","4","DENNIS_US_FL_2005",2017-08-01,353,"SUS"
"VER_MX_KARL","5","KARL_MX_VER_2010",2017-08-01,410.4,"SG"
"YUC_DELTA","5","DELTA_YUCATAN_MX_2020",2017-08-01,165,"SG"
"YUC_MX_EMILY","5","EMILY_MX_YUC_2005",2017-08-01,168,"SG"
"YUC_MX_ISIDORE","5","ISIDORE_MX_YUC_2002",2017-08-01,171,"SG"
"AL_US_IVAN","4","IVAN_US_AL_2004",2017-09-01,61,"SUS"
"AL_US_SALLY","4","SALLY_US_AL_2020",2017-09-01,67,"SUS"
"ALEX","6","ALEX_2010",2017-09-01,206,"WG"
"BELICE_RICHARD","3","RICHARD_BELICE_2010",2017-09-01,162,"C"
"BELIZE_IRIS","2","IRIS_BELIZE_2001",2017-09-01,347,"CA"
"BETA","2","BETA_2005",2017-09-01,178,"CA"
"CR_OTTO","2","OTTO_CR_2016",2017-09-01,184,"CA"
"CUBA_DENNIS","3","DENNIS_CUBA_2005",2017-09-01,258,"C"
"CUBA_GUSTAV","3","GUSTAV_CUBA_2008",2017-09-01,195,"C"
"CUBA_IAN","3","IAN_CUBA_2022",2017-09-01,195,"C"
"CUBA_MICHELLE","3","MICHELLE_CUBA_2001",2017-09-01,289,"C"
"CUBA_PALOMA","3","PALOMA_CUBA_2008",2017-09-01,343,"C"
"CUBA_SANDY","3","SANDY_CUBA_2012",2017-09-01,309,"C"
"DEAN_QROO_MX","5","DEAN_QROO_MX_2007",2017-09-01,114,"SG"
"FL_US_CHARLEY","1","CHARLEY_2004",2017-09-01,255,"FP"
"FL_US_FRANCES","1","FRANCES_US_FL_2004",2017-09-01,255,"FP"
"FL_US_IAN","1","IAN_US_FL_2022",2017-09-01,253,"FP"
"FL_US_IRMA","1","IRMA_US_FL_2017",2017-09-01,268,"FP"
"FL_US_JEANNE","1","JEANNE_US_FL_2004",2017-09-01,255,"FP"
"FL_US_MICHAEL","4","MICHAEL_US_FL_2018",2017-09-01,133,"SUS"
"FL_US_WILMA","1","WILMA_US_FL_2005",2017-09-01,273,"FP"
"LA_US_GUSTAV","4","GUSTAV_US_LA_2008",2017-09-01,49,"SUS"
"LA_US_IDA","4","IDA_US_LA_2009",2017-09-01,54,"SUS"
"LA_US_KATRINA","4","KATRINA_US_LA_2005",2017-09-01,47,"SUS"
"LA_US_LAURA","4","LAURA_US_LA_2020",2017-09-01,23,"SUS"
"LA_US_ZETA","4","ZETA_US_LA_2020",2017-09-01,56,"SUS"
"MX_ERNESTO","5","ERNESTO_MX_2012",2017-09-01,115,"SG"
"MX_GRACE","3","GRACE_MX_2021",2017-09-01,396.3292,"C"
"MX_TAMPS_EMILY","6","EMILY_TAMPS_MX_2005",2017-09-01,193,"WG"
"NC_US_ISABEL","4","ISABEL_US_NC_2003",2017-09-01,83,"SUS"
"NIC_ETA","2","ETA_NIC_2020",2017-09-01,196,"CA"
"NIC_FELIX","2","FELIX_NIC_2007",2017-09-01,202,"CA"
"NIC_IOTA","2","IOTA_NIC_2020",2017-09-01,179,"CA"
"PR_USA_MARIA","3","MARIA_US_PR_2017",2017-09-01,207,"C"
"QROO_WILMA","3","WILMA_QROO_2005",2017-09-01,192,"C"
"TX_US_HARVEY","6","HARVEY_US_TX_2017",2017-09-01,122,"WG"
"TX_US_IKE","4","IKE_US_TX_2008",2017-09-01,24,"SUS"
"TX_US_RITA","4","RITA_US_TX_2005",2017-09-01,12,"SUS"
"US_FL_DELTA","4","DELTA_US_LA_2020",2017-09-01,39,"SUS"
"US_FL_DENNIS","4","DENNIS_US_FL_2005",2017-09-01,66,"SUS"
"VER_MX_KARL","5","KARL_MX_VER_2010",2017-09-01,296.6667,"SG"
"YUC_DELTA","5","DELTA_YUCATAN_MX_2020",2017-09-01,192,"SG"
"YUC_MX_EMILY","5","EMILY_MX_YUC_2005",2017-09-01,167,"SG"
"YUC_MX_ISIDORE","5","ISIDORE_MX_YUC_2002",2017-09-01,163,"SG"
"AL_US_IVAN","4","IVAN_US_AL_2004",2017-10-01,158,"SUS"
"AL_US_SALLY","4","SALLY_US_AL_2020",2017-10-01,186,"SUS"
"ALEX","6","ALEX_2010",2017-10-01,90,"WG"
"BELICE_RICHARD","3","RICHARD_BELICE_2010",2017-10-01,336,"C"
"BELIZE_IRIS","2","IRIS_BELIZE_2001",2017-10-01,420,"CA"
"BETA","2","BETA_2005",2017-10-01,383,"CA"
"CR_OTTO","2","OTTO_CR_2016",2017-10-01,532.6092,"CA"
"CUBA_DENNIS","3","DENNIS_CUBA_2005",2017-10-01,144,"C"
"CUBA_GUSTAV","3","GUSTAV_CUBA_2008",2017-10-01,139,"C"
"CUBA_IAN","3","IAN_CUBA_2022",2017-10-01,143,"C"
"CUBA_MICHELLE","3","MICHELLE_CUBA_2001",2017-10-01,169,"C"
"CUBA_PALOMA","3","PALOMA_CUBA_2008",2017-10-01,195,"C"
"CUBA_SANDY","3","SANDY_CUBA_2012",2017-10-01,169,"C"
"DEAN_QROO_MX","5","DEAN_QROO_MX_2007",2017-10-01,188,"SG"
"FL_US_CHARLEY","1","CHARLEY_2004",2017-10-01,104,"FP"
"FL_US_FRANCES","1","FRANCES_US_FL_2004",2017-10-01,160,"FP"
"FL_US_IAN","1","IAN_US_FL_2022",2017-10-01,108,"FP"
"FL_US_IRMA","1","IRMA_US_FL_2017",2017-10-01,125,"FP"
"FL_US_JEANNE","1","JEANNE_US_FL_2004",2017-10-01,170,"FP"
"FL_US_MICHAEL","4","MICHAEL_US_FL_2018",2017-10-01,148,"SUS"
"FL_US_WILMA","1","WILMA_US_FL_2005",2017-10-01,152,"FP"
"LA_US_GUSTAV","4","GUSTAV_US_LA_2008",2017-10-01,124,"SUS"
"LA_US_IDA","4","IDA_US_LA_2009",2017-10-01,137,"SUS"
"LA_US_KATRINA","4","KATRINA_US_LA_2005",2017-10-01,132,"SUS"
"LA_US_LAURA","4","LAURA_US_LA_2020",2017-10-01,69,"SUS"
"LA_US_ZETA","4","ZETA_US_LA_2020",2017-10-01,140,"SUS"
"MX_ERNESTO","5","ERNESTO_MX_2012",2017-10-01,188,"SG"
"MX_GRACE","3","GRACE_MX_2021",2017-10-01,167,"C"
"MX_TAMPS_EMILY","6","EMILY_TAMPS_MX_2005",2017-10-01,76,"WG"
"NC_US_ISABEL","4","ISABEL_US_NC_2003",2017-10-01,70,"SUS"
"NIC_ETA","2","ETA_NIC_2020",2017-10-01,284,"CA"
"NIC_FELIX","2","FELIX_NIC_2007",2017-10-01,298,"CA"
"NIC_IOTA","2","IOTA_NIC_2020",2017-10-01,290,"CA"
"PR_USA_MARIA","3","MARIA_US_PR_2017",2017-10-01,256,"C"
"QROO_WILMA","3","WILMA_QROO_2005",2017-10-01,189,"C"
"TX_US_HARVEY","6","HARVEY_US_TX_2017",2017-10-01,51,"WG"
"TX_US_IKE","4","IKE_US_TX_2008",2017-10-01,52,"SUS"
"TX_US_RITA","4","RITA_US_TX_2005",2017-10-01,65,"SUS"
"US_FL_DELTA","4","DELTA_US_LA_2020",2017-10-01,78,"SUS"
"US_FL_DENNIS","4","DENNIS_US_FL_2005",2017-10-01,165,"SUS"
"VER_MX_KARL","5","KARL_MX_VER_2010",2017-10-01,97,"SG"
"YUC_DELTA","5","DELTA_YUCATAN_MX_2020",2017-10-01,193,"SG"
"YUC_MX_EMILY","5","EMILY_MX_YUC_2005",2017-10-01,193,"SG"
"YUC_MX_ISIDORE","5","ISIDORE_MX_YUC_2002",2017-10-01,129,"SG"
"AL_US_IVAN","4","IVAN_US_AL_2004",2017-11-01,16,"SUS"
"AL_US_SALLY","4","SALLY_US_AL_2020",2017-11-01,14,"SUS"
"ALEX","6","ALEX_2010",2017-11-01,14,"WG"
"BELICE_RICHARD","3","RICHARD_BELICE_2010",2017-11-01,155,"C"
"BELIZE_IRIS","2","IRIS_BELIZE_2001",2017-11-01,181,"CA"
"BETA","2","BETA_2005",2017-11-01,170,"CA"
"CR_OTTO","2","OTTO_CR_2016",2017-11-01,241,"CA"
"CUBA_DENNIS","3","DENNIS_CUBA_2005",2017-11-01,72,"C"
"CUBA_GUSTAV","3","GUSTAV_CUBA_2008",2017-11-01,93,"C"
"CUBA_IAN","3","IAN_CUBA_2022",2017-11-01,82,"C"
"CUBA_MICHELLE","3","MICHELLE_CUBA_2001",2017-11-01,69,"C"
"CUBA_PALOMA","3","PALOMA_CUBA_2008",2017-11-01,107,"C"
"CUBA_SANDY","3","SANDY_CUBA_2012",2017-11-01,159,"C"
"DEAN_QROO_MX","5","DEAN_QROO_MX_2007",2017-11-01,54,"SG"
"FL_US_CHARLEY","1","CHARLEY_2004",2017-11-01,35,"FP"
"FL_US_FRANCES","1","FRANCES_US_FL_2004",2017-11-01,48,"FP"
"FL_US_IAN","1","IAN_US_FL_2022",2017-11-01,35,"FP"
"FL_US_IRMA","1","IRMA_US_FL_2017",2017-11-01,37,"FP"
"FL_US_JEANNE","1","JEANNE_US_FL_2004",2017-11-01,50,"FP"
"FL_US_MICHAEL","4","MICHAEL_US_FL_2018",2017-11-01,31,"SUS"
"FL_US_WILMA","1","WILMA_US_FL_2005",2017-11-01,48,"FP"
"LA_US_GUSTAV","4","GUSTAV_US_LA_2008",2017-11-01,12,"SUS"
"LA_US_IDA","4","IDA_US_LA_2009",2017-11-01,12,"SUS"
"LA_US_KATRINA","4","KATRINA_US_LA_2005",2017-11-01,14,"SUS"
"LA_US_LAURA","4","LAURA_US_LA_2020",2017-11-01,28,"SUS"
"LA_US_ZETA","4","ZETA_US_LA_2020",2017-11-01,11,"SUS"
"MX_ERNESTO","5","ERNESTO_MX_2012",2017-11-01,54,"SG"
"MX_GRACE","3","GRACE_MX_2021",2017-11-01,29,"C"
"MX_TAMPS_EMILY","6","EMILY_TAMPS_MX_2005",2017-11-01,14,"WG"
"NC_US_ISABEL","4","ISABEL_US_NC_2003",2017-11-01,33,"SUS"
"NIC_ETA","2","ETA_NIC_2020",2017-11-01,201,"CA"
"NIC_FELIX","2","FELIX_NIC_2007",2017-11-01,233,"CA"
"NIC_IOTA","2","IOTA_NIC_2020",2017-11-01,189,"CA"
"PR_USA_MARIA","3","MARIA_US_PR_2017",2017-11-01,312,"C"
"QROO_WILMA","3","WILMA_QROO_2005",2017-11-01,60,"C"
"TX_US_HARVEY","6","HARVEY_US_TX_2017",2017-11-01,18,"WG"
"TX_US_IKE","4","IKE_US_TX_2008",2017-11-01,22,"SUS"
"TX_US_RITA","4","RITA_US_TX_2005",2017-11-01,24,"SUS"
"US_FL_DELTA","4","DELTA_US_LA_2020",2017-11-01,34,"SUS"
"US_FL_DENNIS","4","DENNIS_US_FL_2005",2017-11-01,17,"SUS"
"VER_MX_KARL","5","KARL_MX_VER_2010",2017-11-01,24,"SG"
"YUC_DELTA","5","DELTA_YUCATAN_MX_2020",2017-11-01,57,"SG"
"YUC_MX_EMILY","5","EMILY_MX_YUC_2005",2017-11-01,47,"SG"
"YUC_MX_ISIDORE","5","ISIDORE_MX_YUC_2002",2017-11-01,24,"SG"
"AL_US_IVAN","4","IVAN_US_AL_2004",2017-12-01,126,"SUS"
"AL_US_SALLY","4","SALLY_US_AL_2020",2017-12-01,112,"SUS"
"ALEX","6","ALEX_2010",2017-12-01,23,"WG"
"BELICE_RICHARD","3","RICHARD_BELICE_2010",2017-12-01,103,"C"
"BELIZE_IRIS","2","IRIS_BELIZE_2001",2017-12-01,185,"CA"
"BETA","2","BETA_2005",2017-12-01,215,"CA"
"CR_OTTO","2","OTTO_CR_2016",2017-12-01,356.9249,"CA"
"CUBA_DENNIS","3","DENNIS_CUBA_2005",2017-12-01,10,"C"
"CUBA_GUSTAV","3","GUSTAV_CUBA_2008",2017-12-01,20,"C"
"CUBA_IAN","3","IAN_CUBA_2022",2017-12-01,19,"C"
"CUBA_MICHELLE","3","MICHELLE_CUBA_2001",2017-12-01,16,"C"
"CUBA_PALOMA","3","PALOMA_CUBA_2008",2017-12-01,42,"C"
"CUBA_SANDY","3","SANDY_CUBA_2012",2017-12-01,45,"C"
"DEAN_QROO_MX","5","DEAN_QROO_MX_2007",2017-12-01,31,"SG"
"FL_US_CHARLEY","1","CHARLEY_2004",2017-12-01,25,"FP"
"FL_US_FRANCES","1","FRANCES_US_FL_2004",2017-12-01,26,"FP"
"FL_US_IAN","1","IAN_US_FL_2022",2017-12-01,23,"FP"
"FL_US_IRMA","1","IRMA_US_FL_2017",2017-12-01,20,"FP"
"FL_US_JEANNE","1","JEANNE_US_FL_2004",2017-12-01,26,"FP"
"FL_US_MICHAEL","4","MICHAEL_US_FL_2018",2017-12-01,108,"SUS"
"FL_US_WILMA","1","WILMA_US_FL_2005",2017-12-01,20,"FP"
"LA_US_GUSTAV","4","GUSTAV_US_LA_2008",2017-12-01,137,"SUS"
"LA_US_IDA","4","IDA_US_LA_2009",2017-12-01,132,"SUS"
"LA_US_KATRINA","4","KATRINA_US_LA_2005",2017-12-01,134,"SUS"
"LA_US_LAURA","4","LAURA_US_LA_2020",2017-12-01,203,"SUS"
"LA_US_ZETA","4","ZETA_US_LA_2020",2017-12-01,124,"SUS"
"MX_ERNESTO","5","ERNESTO_MX_2012",2017-12-01,31,"SG"
"MX_GRACE","3","GRACE_MX_2021",2017-12-01,24,"C"
"MX_TAMPS_EMILY","6","EMILY_TAMPS_MX_2005",2017-12-01,25,"WG"
"NC_US_ISABEL","4","ISABEL_US_NC_2003",2017-12-01,67,"SUS"
"NIC_ETA","2","ETA_NIC_2020",2017-12-01,256,"CA"
"NIC_FELIX","2","FELIX_NIC_2007",2017-12-01,291,"CA"
"NIC_IOTA","2","IOTA_NIC_2020",2017-12-01,240,"CA"
"PR_USA_MARIA","3","MARIA_US_PR_2017",2017-12-01,89,"C"
"QROO_WILMA","3","WILMA_QROO_2005",2017-12-01,38,"C"
"TX_US_HARVEY","6","HARVEY_US_TX_2017",2017-12-01,81,"WG"
"TX_US_IKE","4","IKE_US_TX_2008",2017-12-01,186,"SUS"
"TX_US_RITA","4","RITA_US_TX_2005",2017-12-01,210,"SUS"
"US_FL_DELTA","4","DELTA_US_LA_2020",2017-12-01,186,"SUS"
"US_FL_DENNIS","4","DENNIS_US_FL_2005",2017-12-01,121,"SUS"
"VER_MX_KARL","5","KARL_MX_VER_2010",2017-12-01,22,"SG"
"YUC_DELTA","5","DELTA_YUCATAN_MX_2020",2017-12-01,35,"SG"
"YUC_MX_EMILY","5","EMILY_MX_YUC_2005",2017-12-01,26,"SG"
"YUC_MX_ISIDORE","5","ISIDORE_MX_YUC_2002",2017-12-01,23,"SG"
"AL_US_IVAN","4","IVAN_US_AL_2004",2018-01-01,86,"SUS"
"AL_US_SALLY","4","SALLY_US_AL_2020",2018-01-01,89,"SUS"
"ALEX","6","ALEX_2010",2018-01-01,22,"WG"
"BELICE_RICHARD","3","RICHARD_BELICE_2010",2018-01-01,171,"C"
"BELIZE_IRIS","2","IRIS_BELIZE_2001",2018-01-01,201,"CA"
"BETA","2","BETA_2005",2018-01-01,248,"CA"
"CR_OTTO","2","OTTO_CR_2016",2018-01-01,493.8,"CA"
"CUBA_DENNIS","3","DENNIS_CUBA_2005",2018-01-01,41,"C"
"CUBA_GUSTAV","3","GUSTAV_CUBA_2008",2018-01-01,51,"C"
"CUBA_IAN","3","IAN_CUBA_2022",2018-01-01,51,"C"
"CUBA_MICHELLE","3","MICHELLE_CUBA_2001",2018-01-01,46,"C"
"CUBA_PALOMA","3","PALOMA_CUBA_2008",2018-01-01,52,"C"
"CUBA_SANDY","3","SANDY_CUBA_2012",2018-01-01,76,"C"
"DEAN_QROO_MX","5","DEAN_QROO_MX_2007",2018-01-01,97,"SG"
"FL_US_CHARLEY","1","CHARLEY_2004",2018-01-01,71,"FP"
"FL_US_FRANCES","1","FRANCES_US_FL_2004",2018-01-01,63,"FP"
"FL_US_IAN","1","IAN_US_FL_2022",2018-01-01,67,"FP"
"FL_US_IRMA","1","IRMA_US_FL_2017",2018-01-01,59,"FP"
"FL_US_JEANNE","1","JEANNE_US_FL_2004",2018-01-01,63,"FP"
"FL_US_MICHAEL","4","MICHAEL_US_FL_2018",2018-01-01,94,"SUS"
"FL_US_WILMA","1","WILMA_US_FL_2005",2018-01-01,54,"FP"
"LA_US_GUSTAV","4","GUSTAV_US_LA_2008",2018-01-01,102,"SUS"
"LA_US_IDA","4","IDA_US_LA_2009",2018-01-01,106,"SUS"
"LA_US_KATRINA","4","KATRINA_US_LA_2005",2018-01-01,105,"SUS"
"LA_US_LAURA","4","LAURA_US_LA_2020",2018-01-01,87,"SUS"
"LA_US_ZETA","4","ZETA_US_LA_2020",2018-01-01,103,"SUS"
"MX_ERNESTO","5","ERNESTO_MX_2012",2018-01-01,98,"SG"
"MX_GRACE","3","GRACE_MX_2021",2018-01-01,59,"C"
"MX_TAMPS_EMILY","6","EMILY_TAMPS_MX_2005",2018-01-01,15,"WG"
"NC_US_ISABEL","4","ISABEL_US_NC_2003",2018-01-01,113,"SUS"
"NIC_ETA","2","ETA_NIC_2020",2018-01-01,202,"CA"
"NIC_FELIX","2","FELIX_NIC_2007",2018-01-01,233,"CA"
"NIC_IOTA","2","IOTA_NIC_2020",2018-01-01,194,"CA"
"PR_USA_MARIA","3","MARIA_US_PR_2017",2018-01-01,164,"C"
"QROO_WILMA","3","WILMA_QROO_2005",2018-01-01,107,"C"
"TX_US_HARVEY","6","HARVEY_US_TX_2017",2018-01-01,29,"WG"
"TX_US_IKE","4","IKE_US_TX_2008",2018-01-01,61,"SUS"
"TX_US_RITA","4","RITA_US_TX_2005",2018-01-01,82,"SUS"
"US_FL_DELTA","4","DELTA_US_LA_2020",2018-01-01,99,"SUS"
"US_FL_DENNIS","4","DENNIS_US_FL_2005",2018-01-01,86,"SUS"
"VER_MX_KARL","5","KARL_MX_VER_2010",2018-01-01,31,"SG"
"YUC_DELTA","5","DELTA_YUCATAN_MX_2020",2018-01-01,102,"SG"
"YUC_MX_EMILY","5","EMILY_MX_YUC_2005",2018-01-01,95,"SG"
"YUC_MX_ISIDORE","5","ISIDORE_MX_YUC_2002",2018-01-01,88,"SG"
"AL_US_IVAN","4","IVAN_US_AL_2004",2018-02-01,221,"SUS"
"AL_US_SALLY","4","SALLY_US_AL_2020",2018-02-01,208,"SUS"
"ALEX","6","ALEX_2010",2018-02-01,14,"WG"
"BELICE_RICHARD","3","RICHARD_BELICE_2010",2018-02-01,87,"C"
"BELIZE_IRIS","2","IRIS_BELIZE_2001",2018-02-01,125,"CA"
"BETA","2","BETA_2005",2018-02-01,87,"CA"
"CR_OTTO","2","OTTO_CR_2016",2018-02-01,142,"CA"
"CUBA_DENNIS","3","DENNIS_CUBA_2005",2018-02-01,6,"C"
"CUBA_GUSTAV","3","GUSTAV_CUBA_2008",2018-02-01,8,"C"
"CUBA_IAN","3","IAN_CUBA_2022",2018-02-01,8,"C"
"CUBA_MICHELLE","3","MICHELLE_CUBA_2001",2018-02-01,8,"C"
"CUBA_PALOMA","3","PALOMA_CUBA_2008",2018-02-01,9,"C"
"CUBA_SANDY","3","SANDY_CUBA_2012",2018-02-01,17,"C"
"DEAN_QROO_MX","5","DEAN_QROO_MX_2007",2018-02-01,22,"SG"
"FL_US_CHARLEY","1","CHARLEY_2004",2018-02-01,40,"FP"
"FL_US_FRANCES","1","FRANCES_US_FL_2004",2018-02-01,37,"FP"
"FL_US_IAN","1","IAN_US_FL_2022",2018-02-01,37,"FP"
"FL_US_IRMA","1","IRMA_US_FL_2017",2018-02-01,26,"FP"
"FL_US_JEANNE","1","JEANNE_US_FL_2004",2018-02-01,36,"FP"
"FL_US_MICHAEL","4","MICHAEL_US_FL_2018",2018-02-01,162,"SUS"
"FL_US_WILMA","1","WILMA_US_FL_2005",2018-02-01,19,"FP"
"LA_US_GUSTAV","4","GUSTAV_US_LA_2008",2018-02-01,104,"SUS"
"LA_US_IDA","4","IDA_US_LA_2009",2018-02-01,143,"SUS"
"LA_US_KATRINA","4","KATRINA_US_LA_2005",2018-02-01,181,"SUS"
"LA_US_LAURA","4","LAURA_US_LA_2020",2018-02-01,104,"SUS"
"LA_US_ZETA","4","ZETA_US_LA_2020",2018-02-01,149,"SUS"
"MX_ERNESTO","5","ERNESTO_MX_2012",2018-02-01,21,"SG"
"MX_GRACE","3","GRACE_MX_2021",2018-02-01,52,"C"
"MX_TAMPS_EMILY","6","EMILY_TAMPS_MX_2005",2018-02-01,15,"WG"
"NC_US_ISABEL","4","ISABEL_US_NC_2003",2018-02-01,76,"SUS"
"NIC_ETA","2","ETA_NIC_2020",2018-02-01,80,"CA"
"NIC_FELIX","2","FELIX_NIC_2007",2018-02-01,92,"CA"
"NIC_IOTA","2","IOTA_NIC_2020",2018-02-01,76,"CA"
"PR_USA_MARIA","3","MARIA_US_PR_2017",2018-02-01,150,"C"
"QROO_WILMA","3","WILMA_QROO_2005",2018-02-01,22,"C"
"TX_US_HARVEY","6","HARVEY_US_TX_2017",2018-02-01,47,"WG"
"TX_US_IKE","4","IKE_US_TX_2008",2018-02-01,87,"SUS"
"TX_US_RITA","4","RITA_US_TX_2005",2018-02-01,106,"SUS"
"US_FL_DELTA","4","DELTA_US_LA_2020",2018-02-01,95,"SUS"
"US_FL_DENNIS","4","DENNIS_US_FL_2005",2018-02-01,225,"SUS"
"VER_MX_KARL","5","KARL_MX_VER_2010",2018-02-01,29,"SG"
"YUC_DELTA","5","DELTA_YUCATAN_MX_2020",2018-02-01,22,"SG"
"YUC_MX_EMILY","5","EMILY_MX_YUC_2005",2018-02-01,25,"SG"
"YUC_MX_ISIDORE","5","ISIDORE_MX_YUC_2002",2018-02-01,7,"SG"
"AL_US_IVAN","4","IVAN_US_AL_2004",2018-03-01,95,"SUS"
"AL_US_SALLY","4","SALLY_US_AL_2020",2018-03-01,89,"SUS"
"ALEX","6","ALEX_2010",2018-03-01,7,"WG"
"BELICE_RICHARD","3","RICHARD_BELICE_2010",2018-03-01,116,"C"
"BELIZE_IRIS","2","IRIS_BELIZE_2001",2018-03-01,177,"CA"
"BETA","2","BETA_2005",2018-03-01,53,"CA"
"CR_OTTO","2","OTTO_CR_2016",2018-03-01,90,"CA"
"CUBA_DENNIS","3","DENNIS_CUBA_2005",2018-03-01,30,"C"
"CUBA_GUSTAV","3","GUSTAV_CUBA_2008",2018-03-01,64,"C"
"CUBA_IAN","3","IAN_CUBA_2022",2018-03-01,61,"C"
"CUBA_MICHELLE","3","MICHELLE_CUBA_2001",2018-03-01,31,"C"
"CUBA_PALOMA","3","PALOMA_CUBA_2008",2018-03-01,45,"C"
"CUBA_SANDY","3","SANDY_CUBA_2012",2018-03-01,52,"C"
"DEAN_QROO_MX","5","DEAN_QROO_MX_2007",2018-03-01,33,"SG"
"FL_US_CHARLEY","1","CHARLEY_2004",2018-03-01,26,"FP"
"FL_US_FRANCES","1","FRANCES_US_FL_2004",2018-03-01,27,"FP"
"FL_US_IAN","1","IAN_US_FL_2022",2018-03-01,26,"FP"
"FL_US_IRMA","1","IRMA_US_FL_2017",2018-03-01,31,"FP"
"FL_US_JEANNE","1","JEANNE_US_FL_2004",2018-03-01,29,"FP"
"FL_US_MICHAEL","4","MICHAEL_US_FL_2018",2018-03-01,74,"SUS"
"FL_US_WILMA","1","WILMA_US_FL_2005",2018-03-01,31,"FP"
"LA_US_GUSTAV","4","GUSTAV_US_LA_2008",2018-03-01,68,"SUS"
"LA_US_IDA","4","IDA_US_LA_2009",2018-03-01,76,"SUS"
"LA_US_KATRINA","4","KATRINA_US_LA_2005",2018-03-01,93,"SUS"
"LA_US_LAURA","4","LAURA_US_LA_2020",2018-03-01,92,"SUS"
"LA_US_ZETA","4","ZETA_US_LA_2020",2018-03-01,70,"SUS"
"MX_ERNESTO","5","ERNESTO_MX_2012",2018-03-01,30,"SG"
"MX_GRACE","3","GRACE_MX_2021",2018-03-01,61,"C"
"MX_TAMPS_EMILY","6","EMILY_TAMPS_MX_2005",2018-03-01,8,"WG"
"NC_US_ISABEL","4","ISABEL_US_NC_2003",2018-03-01,99,"SUS"
"NIC_ETA","2","ETA_NIC_2020",2018-03-01,54,"CA"
"NIC_FELIX","2","FELIX_NIC_2007",2018-03-01,50,"CA"
"NIC_IOTA","2","IOTA_NIC_2020",2018-03-01,53,"CA"
"PR_USA_MARIA","3","MARIA_US_PR_2017",2018-03-01,92,"C"
"QROO_WILMA","3","WILMA_QROO_2005",2018-03-01,52,"C"
"TX_US_HARVEY","6","HARVEY_US_TX_2017",2018-03-01,39,"WG"
"TX_US_IKE","4","IKE_US_TX_2008",2018-03-01,91,"SUS"
"TX_US_RITA","4","RITA_US_TX_2005",2018-03-01,90,"SUS"
"US_FL_DELTA","4","DELTA_US_LA_2020",2018-03-01,92,"SUS"
"US_FL_DENNIS","4","DENNIS_US_FL_2005",2018-03-01,95,"SUS"
"VER_MX_KARL","5","KARL_MX_VER_2010",2018-03-01,33,"SG"
"YUC_DELTA","5","DELTA_YUCATAN_MX_2020",2018-03-01,52,"SG"
"YUC_MX_EMILY","5","EMILY_MX_YUC_2005",2018-03-01,56,"SG"
"YUC_MX_ISIDORE","5","ISIDORE_MX_YUC_2002",2018-03-01,17,"SG"
"AL_US_IVAN","4","IVAN_US_AL_2004",2018-04-01,131,"SUS"
"AL_US_SALLY","4","SALLY_US_AL_2020",2018-04-01,119,"SUS"
"ALEX","6","ALEX_2010",2018-04-01,58,"WG"
"BELICE_RICHARD","3","RICHARD_BELICE_2010",2018-04-01,69,"C"
"BELIZE_IRIS","2","IRIS_BELIZE_2001",2018-04-01,85,"CA"
"BETA","2","BETA_2005",2018-04-01,47,"CA"
"CR_OTTO","2","OTTO_CR_2016",2018-04-01,81,"CA"
"CUBA_DENNIS","3","DENNIS_CUBA_2005",2018-04-01,69,"C"
"CUBA_GUSTAV","3","GUSTAV_CUBA_2008",2018-04-01,75,"C"
"CUBA_IAN","3","IAN_CUBA_2022",2018-04-01,75,"C"
"CUBA_MICHELLE","3","MICHELLE_CUBA_2001",2018-04-01,81,"C"
"CUBA_PALOMA","3","PALOMA_CUBA_2008",2018-04-01,138,"C"
"CUBA_SANDY","3","SANDY_CUBA_2012",2018-04-01,85,"C"
"DEAN_QROO_MX","5","DEAN_QROO_MX_2007",2018-04-01,110,"SG"
"FL_US_CHARLEY","1","CHARLEY_2004",2018-04-01,51,"FP"
"FL_US_FRANCES","1","FRANCES_US_FL_2004",2018-04-01,59,"FP"
"FL_US_IAN","1","IAN_US_FL_2022",2018-04-01,50,"FP"
"FL_US_IRMA","1","IRMA_US_FL_2017",2018-04-01,46,"FP"
"FL_US_JEANNE","1","JEANNE_US_FL_2004",2018-04-01,60,"FP"
"FL_US_MICHAEL","4","MICHAEL_US_FL_2018",2018-04-01,120,"SUS"
"FL_US_WILMA","1","WILMA_US_FL_2005",2018-04-01,51,"FP"
"LA_US_GUSTAV","4","GUSTAV_US_LA_2008",2018-04-01,111,"SUS"
"LA_US_IDA","4","IDA_US_LA_2009",2018-04-01,125,"SUS"
"LA_US_KATRINA","4","KATRINA_US_LA_2005",2018-04-01,134,"SUS"
"LA_US_LAURA","4","LAURA_US_LA_2020",2018-04-01,92,"SUS"
"LA_US_ZETA","4","ZETA_US_LA_2020",2018-04-01,119,"SUS"
"MX_ERNESTO","5","ERNESTO_MX_2012",2018-04-01,105,"SG"
"MX_GRACE","3","GRACE_MX_2021",2018-04-01,152,"C"
"MX_TAMPS_EMILY","6","EMILY_TAMPS_MX_2005",2018-04-01,59,"WG"
"NC_US_ISABEL","4","ISABEL_US_NC_2003",2018-04-01,119,"SUS"
"NIC_ETA","2","ETA_NIC_2020",2018-04-01,48,"CA"
"NIC_FELIX","2","FELIX_NIC_2007",2018-04-01,46,"CA"
"NIC_IOTA","2","IOTA_NIC_2020",2018-04-01,47,"CA"
"PR_USA_MARIA","3","MARIA_US_PR_2017",2018-04-01,117,"C"
"QROO_WILMA","3","WILMA_QROO_2005",2018-04-01,115,"C"
"TX_US_HARVEY","6","HARVEY_US_TX_2017",2018-04-01,37,"WG"
"TX_US_IKE","4","IKE_US_TX_2008",2018-04-01,79,"SUS"
"TX_US_RITA","4","RITA_US_TX_2005",2018-04-01,92,"SUS"
"US_FL_DELTA","4","DELTA_US_LA_2020",2018-04-01,95,"SUS"
"US_FL_DENNIS","4","DENNIS_US_FL_2005",2018-04-01,131,"SUS"
"VER_MX_KARL","5","KARL_MX_VER_2010",2018-04-01,57,"SG"
"YUC_DELTA","5","DELTA_YUCATAN_MX_2020",2018-04-01,116,"SG"
"YUC_MX_EMILY","5","EMILY_MX_YUC_2005",2018-04-01,125,"SG"
"YUC_MX_ISIDORE","5","ISIDORE_MX_YUC_2002",2018-04-01,97,"SG"
"AL_US_IVAN","4","IVAN_US_AL_2004",2018-05-01,109,"SUS"
"AL_US_SALLY","4","SALLY_US_AL_2020",2018-05-01,102,"SUS"
"ALEX","6","ALEX_2010",2018-05-01,28,"WG"
"BELICE_RICHARD","3","RICHARD_BELICE_2010",2018-05-01,139,"C"
"BELIZE_IRIS","2","IRIS_BELIZE_2001",2018-05-01,248,"CA"
"BETA","2","BETA_2005",2018-05-01,239,"CA"
"CR_OTTO","2","OTTO_CR_2016",2018-05-01,299,"CA"
"CUBA_DENNIS","3","DENNIS_CUBA_2005",2018-05-01,490,"C"
"CUBA_GUSTAV","3","GUSTAV_CUBA_2008",2018-05-01,577,"C"
"CUBA_IAN","3","IAN_CUBA_2022",2018-05-01,589,"C"
"CUBA_MICHELLE","3","MICHELLE_CUBA_2001",2018-05-01,438.2399,"C"
"CUBA_PALOMA","3","PALOMA_CUBA_2008",2018-05-01,302,"C"
"CUBA_SANDY","3","SANDY_CUBA_2012",2018-05-01,388,"C"
"DEAN_QROO_MX","5","DEAN_QROO_MX_2007",2018-05-01,102,"SG"
"FL_US_CHARLEY","1","CHARLEY_2004",2018-05-01,287,"FP"
"FL_US_FRANCES","1","FRANCES_US_FL_2004",2018-05-01,297,"FP"
"FL_US_IAN","1","IAN_US_FL_2022",2018-05-01,284,"FP"
"FL_US_IRMA","1","IRMA_US_FL_2017",2018-05-01,280,"FP"
"FL_US_JEANNE","1","JEANNE_US_FL_2004",2018-05-01,300,"FP"
"FL_US_MICHAEL","4","MICHAEL_US_FL_2018",2018-05-01,137,"SUS"
"FL_US_WILMA","1","WILMA_US_FL_2005",2018-05-01,342,"FP"
"LA_US_GUSTAV","4","GUSTAV_US_LA_2008",2018-05-01,71,"SUS"
"LA_US_IDA","4","IDA_US_LA_2009",2018-05-01,82,"SUS"
"LA_US_KATRINA","4","KATRINA_US_LA_2005",2018-05-01,86,"SUS"
"LA_US_LAURA","4","LAURA_US_LA_2020",2018-05-01,43,"SUS"
"LA_US_ZETA","4","ZETA_US_LA_2020",2018-05-01,83,"SUS"
"MX_ERNESTO","5","ERNESTO_MX_2012",2018-05-01,103,"SG"
"MX_GRACE","3","GRACE_MX_2021",2018-05-01,84,"C"
"MX_TAMPS_EMILY","6","EMILY_TAMPS_MX_2005",2018-05-01,26,"WG"
"NC_US_ISABEL","4","ISABEL_US_NC_2003",2018-05-01,243,"SUS"
"NIC_ETA","2","ETA_NIC_2020",2018-05-01,241,"CA"
"NIC_FELIX","2","FELIX_NIC_2007",2018-05-01,233,"CA"
"NIC_IOTA","2","IOTA_NIC_2020",2018-05-01,241,"CA"
"PR_USA_MARIA","3","MARIA_US_PR_2017",2018-05-01,182,"C"
"QROO_WILMA","3","WILMA_QROO_2005",2018-05-01,164,"C"
"TX_US_HARVEY","6","HARVEY_US_TX_2017",2018-05-01,30,"WG"
"TX_US_IKE","4","IKE_US_TX_2008",2018-05-01,27,"SUS"
"TX_US_RITA","4","RITA_US_TX_2005",2018-05-01,32,"SUS"
"US_FL_DELTA","4","DELTA_US_LA_2020",2018-05-01,59,"SUS"
"US_FL_DENNIS","4","DENNIS_US_FL_2005",2018-05-01,112,"SUS"
"VER_MX_KARL","5","KARL_MX_VER_2010",2018-05-01,64,"SG"
"YUC_DELTA","5","DELTA_YUCATAN_MX_2020",2018-05-01,158,"SG"
"YUC_MX_EMILY","5","EMILY_MX_YUC_2005",2018-05-01,131,"SG"
"YUC_MX_ISIDORE","5","ISIDORE_MX_YUC_2002",2018-05-01,57,"SG"
"AL_US_IVAN","4","IVAN_US_AL_2004",2018-06-01,162,"SUS"
"AL_US_SALLY","4","SALLY_US_AL_2020",2018-06-01,185,"SUS"
"ALEX","6","ALEX_2010",2018-06-01,112,"WG"
"BELICE_RICHARD","3","RICHARD_BELICE_2010",2018-06-01,297,"C"
"BELIZE_IRIS","2","IRIS_BELIZE_2001",2018-06-01,441,"CA"
"BETA","2","BETA_2005",2018-06-01,380,"CA"
"CR_OTTO","2","OTTO_CR_2016",2018-06-01,529,"CA"
"CUBA_DENNIS","3","DENNIS_CUBA_2005",2018-06-01,125,"C"
"CUBA_GUSTAV","3","GUSTAV_CUBA_2008",2018-06-01,145,"C"
"CUBA_IAN","3","IAN_CUBA_2022",2018-06-01,145,"C"
"CUBA_MICHELLE","3","MICHELLE_CUBA_2001",2018-06-01,171,"C"
"CUBA_PALOMA","3","PALOMA_CUBA_2008",2018-06-01,83,"C"
"CUBA_SANDY","3","SANDY_CUBA_2012",2018-06-01,68,"C"
"DEAN_QROO_MX","5","DEAN_QROO_MX_2007",2018-06-01,198,"SG"
"FL_US_CHARLEY","1","CHARLEY_2004",2018-06-01,156,"FP"
"FL_US_FRANCES","1","FRANCES_US_FL_2004",2018-06-01,148,"FP"
"FL_US_IAN","1","IAN_US_FL_2022",2018-06-01,158,"FP"
"FL_US_IRMA","1","IRMA_US_FL_2017",2018-06-01,166,"FP"
"FL_US_JEANNE","1","JEANNE_US_FL_2004",2018-06-01,143,"FP"
"FL_US_MICHAEL","4","MICHAEL_US_FL_2018",2018-06-01,188,"SUS"
"FL_US_WILMA","1","WILMA_US_FL_2005",2018-06-01,169,"FP"
"LA_US_GUSTAV","4","GUSTAV_US_LA_2008",2018-06-01,148,"SUS"
"LA_US_IDA","4","IDA_US_LA_2009",2018-06-01,146,"SUS"
"LA_US_KATRINA","4","KATRINA_US_LA_2005",2018-06-01,131,"SUS"
"LA_US_LAURA","4","LAURA_US_LA_2020",2018-06-01,112,"SUS"
"LA_US_ZETA","4","ZETA_US_LA_2020",2018-06-01,145,"SUS"
"MX_ERNESTO","5","ERNESTO_MX_2012",2018-06-01,205,"SG"
"MX_GRACE","3","GRACE_MX_2021",2018-06-01,172.6658,"C"
"MX_TAMPS_EMILY","6","EMILY_TAMPS_MX_2005",2018-06-01,122,"WG"
"NC_US_ISABEL","4","ISABEL_US_NC_2003",2018-06-01,147,"SUS"
"NIC_ETA","2","ETA_NIC_2020",2018-06-01,307,"CA"
"NIC_FELIX","2","FELIX_NIC_2007",2018-06-01,301,"CA"
"NIC_IOTA","2","IOTA_NIC_2020",2018-06-01,307,"CA"
"PR_USA_MARIA","3","MARIA_US_PR_2017",2018-06-01,104,"C"
"QROO_WILMA","3","WILMA_QROO_2005",2018-06-01,149,"C"
"TX_US_HARVEY","6","HARVEY_US_TX_2017",2018-06-01,91,"WG"
"TX_US_IKE","4","IKE_US_TX_2008",2018-06-01,108,"SUS"
"TX_US_RITA","4","RITA_US_TX_2005",2018-06-01,124,"SUS"
"US_FL_DELTA","4","DELTA_US_LA_2020",2018-06-01,114,"SUS"
"US_FL_DENNIS","4","DENNIS_US_FL_2005",2018-06-01,178,"SUS"
"VER_MX_KARL","5","KARL_MX_VER_2010",2018-06-01,234.3123,"SG"
"YUC_DELTA","5","DELTA_YUCATAN_MX_2020",2018-06-01,154,"SG"
"YUC_MX_EMILY","5","EMILY_MX_YUC_2005",2018-06-01,168,"SG"
"YUC_MX_ISIDORE","5","ISIDORE_MX_YUC_2002",2018-06-01,202,"SG"
"AL_US_IVAN","4","IVAN_US_AL_2004",2018-07-01,197,"SUS"
"AL_US_SALLY","4","SALLY_US_AL_2020",2018-07-01,210,"SUS"
"ALEX","6","ALEX_2010",2018-07-01,16,"WG"
"BELICE_RICHARD","3","RICHARD_BELICE_2010",2018-07-01,177,"C"
"BELIZE_IRIS","2","IRIS_BELIZE_2001",2018-07-01,387,"CA"
"BETA","2","BETA_2005",2018-07-01,384,"CA"
"CR_OTTO","2","OTTO_CR_2016",2018-07-01,454.75,"CA"
"CUBA_DENNIS","3","DENNIS_CUBA_2005",2018-07-01,172,"C"
"CUBA_GUSTAV","3","GUSTAV_CUBA_2008",2018-07-01,120,"C"
"CUBA_IAN","3","IAN_CUBA_2022",2018-07-01,123,"C"
"CUBA_MICHELLE","3","MICHELLE_CUBA_2001",2018-07-01,193,"C"
"CUBA_PALOMA","3","PALOMA_CUBA_2008",2018-07-01,141,"C"
"CUBA_SANDY","3","SANDY_CUBA_2012",2018-07-01,80,"C"
"DEAN_QROO_MX","5","DEAN_QROO_MX_2007",2018-07-01,78,"SG"
"FL_US_CHARLEY","1","CHARLEY_2004",2018-07-01,222,"FP"
"FL_US_FRANCES","1","FRANCES_US_FL_2004",2018-07-01,199,"FP"
"FL_US_IAN","1","IAN_US_FL_2022",2018-07-01,211,"FP"
"FL_US_IRMA","1","IRMA_US_FL_2017",2018-07-01,212,"FP"
"FL_US_JEANNE","1","JEANNE_US_FL_2004",2018-07-01,197,"FP"
"FL_US_MICHAEL","4","MICHAEL_US_FL_2018",2018-07-01,222,"SUS"
"FL_US_WILMA","1","WILMA_US_FL_2005",2018-07-01,204,"FP"
"LA_US_GUSTAV","4","GUSTAV_US_LA_2008",2018-07-01,223,"SUS"
"LA_US_IDA","4","IDA_US_LA_2009",2018-07-01,203,"SUS"
"LA_US_KATRINA","4","KATRINA_US_LA_2005",2018-07-01,177,"SUS"
"LA_US_LAURA","4","LAURA_US_LA_2020",2018-07-01,144,"SUS"
"LA_US_ZETA","4","ZETA_US_LA_2020",2018-07-01,195,"SUS"
"MX_ERNESTO","5","ERNESTO_MX_2012",2018-07-01,79,"SG"
"MX_GRACE","3","GRACE_MX_2021",2018-07-01,62,"C"
"MX_TAMPS_EMILY","6","EMILY_TAMPS_MX_2005",2018-07-01,22,"WG"
"NC_US_ISABEL","4","ISABEL_US_NC_2003",2018-07-01,241,"SUS"
"NIC_ETA","2","ETA_NIC_2020",2018-07-01,376,"CA"
"NIC_FELIX","2","FELIX_NIC_2007",2018-07-01,391,"CA"
"NIC_IOTA","2","IOTA_NIC_2020",2018-07-01,367,"CA"
"PR_USA_MARIA","3","MARIA_US_PR_2017",2018-07-01,143,"C"
"QROO_WILMA","3","WILMA_QROO_2005",2018-07-01,89,"C"
"TX_US_HARVEY","6","HARVEY_US_TX_2017",2018-07-01,119,"WG"
"TX_US_IKE","4","IKE_US_TX_2008",2018-07-01,130,"SUS"
"TX_US_RITA","4","RITA_US_TX_2005",2018-07-01,137,"SUS"
"US_FL_DELTA","4","DELTA_US_LA_2020",2018-07-01,153,"SUS"
"US_FL_DENNIS","4","DENNIS_US_FL_2005",2018-07-01,197,"SUS"
"VER_MX_KARL","5","KARL_MX_VER_2010",2018-07-01,110,"SG"
"YUC_DELTA","5","DELTA_YUCATAN_MX_2020",2018-07-01,99,"SG"
"YUC_MX_EMILY","5","EMILY_MX_YUC_2005",2018-07-01,89,"SG"
"YUC_MX_ISIDORE","5","ISIDORE_MX_YUC_2002",2018-07-01,109,"SG"
"AL_US_IVAN","4","IVAN_US_AL_2004",2018-08-01,180,"SUS"
"AL_US_SALLY","4","SALLY_US_AL_2020",2018-08-01,196,"SUS"
"ALEX","6","ALEX_2010",2018-08-01,23,"WG"
"BELICE_RICHARD","3","RICHARD_BELICE_2010",2018-08-01,213,"C"
"BELIZE_IRIS","2","IRIS_BELIZE_2001",2018-08-01,456.4,"CA"
"BETA","2","BETA_2005",2018-08-01,288,"CA"
"CR_OTTO","2","OTTO_CR_2016",2018-08-01,356,"CA"
"CUBA_DENNIS","3","DENNIS_CUBA_2005",2018-08-01,174,"C"
"CUBA_GUSTAV","3","GUSTAV_CUBA_2008",2018-08-01,208,"C"
"CUBA_IAN","3","IAN_CUBA_2022",2018-08-01,225,"C"
"CUBA_MICHELLE","3","MICHELLE_CUBA_2001",2018-08-01,171,"C"
"CUBA_PALOMA","3","PALOMA_CUBA_2008",2018-08-01,83,"C"
"CUBA_SANDY","3","SANDY_CUBA_2012",2018-08-01,83,"C"
"DEAN_QROO_MX","5","DEAN_QROO_MX_2007",2018-08-01,157,"SG"
"FL_US_CHARLEY","1","CHARLEY_2004",2018-08-01,293,"FP"
"FL_US_FRANCES","1","FRANCES_US_FL_2004",2018-08-01,236,"FP"
"FL_US_IAN","1","IAN_US_FL_2022",2018-08-01,277,"FP"
"FL_US_IRMA","1","IRMA_US_FL_2017",2018-08-01,280,"FP"
"FL_US_JEANNE","1","JEANNE_US_FL_2004",2018-08-01,234,"FP"
"FL_US_MICHAEL","4","MICHAEL_US_FL_2018",2018-08-01,159,"SUS"
"FL_US_WILMA","1","WILMA_US_FL_2005",2018-08-01,240,"FP"
"LA_US_GUSTAV","4","GUSTAV_US_LA_2008",2018-08-01,223,"SUS"
"LA_US_IDA","4","IDA_US_LA_2009",2018-08-01,210,"SUS"
"LA_US_KATRINA","4","KATRINA_US_LA_2005",2018-08-01,191,"SUS"
"LA_US_LAURA","4","LAURA_US_LA_2020",2018-08-01,88,"SUS"
"LA_US_ZETA","4","ZETA_US_LA_2020",2018-08-01,218,"SUS"
"MX_ERNESTO","5","ERNESTO_MX_2012",2018-08-01,155,"SG"
"MX_GRACE","3","GRACE_MX_2021",2018-08-01,194,"C"
"MX_TAMPS_EMILY","6","EMILY_TAMPS_MX_2005",2018-08-01,24,"WG"
"NC_US_ISABEL","4","ISABEL_US_NC_2003",2018-08-01,149,"SUS"
"NIC_ETA","2","ETA_NIC_2020",2018-08-01,276,"CA"
"NIC_FELIX","2","FELIX_NIC_2007",2018-08-01,283,"CA"
"NIC_IOTA","2","IOTA_NIC_2020",2018-08-01,271,"CA"
"PR_USA_MARIA","3","MARIA_US_PR_2017",2018-08-01,234,"C"
"QROO_WILMA","3","WILMA_QROO_2005",2018-08-01,159,"C"
"TX_US_HARVEY","6","HARVEY_US_TX_2017",2018-08-01,23,"WG"
"TX_US_IKE","4","IKE_US_TX_2008",2018-08-01,32,"SUS"
"TX_US_RITA","4","RITA_US_TX_2005",2018-08-01,58,"SUS"
"US_FL_DELTA","4","DELTA_US_LA_2020",2018-08-01,118,"SUS"
"US_FL_DENNIS","4","DENNIS_US_FL_2005",2018-08-01,171,"SUS"
"VER_MX_KARL","5","KARL_MX_VER_2010",2018-08-01,246.7815,"SG"
"YUC_DELTA","5","DELTA_YUCATAN_MX_2020",2018-08-01,161,"SG"
"YUC_MX_EMILY","5","EMILY_MX_YUC_2005",2018-08-01,167,"SG"
"YUC_MX_ISIDORE","5","ISIDORE_MX_YUC_2002",2018-08-01,155,"SG"
"AL_US_IVAN","4","IVAN_US_AL_2004",2018-09-01,235,"SUS"
"AL_US_SALLY","4","SALLY_US_AL_2020",2018-09-01,265,"SUS"
"ALEX","6","ALEX_2010",2018-09-01,191,"WG"
"BELICE_RICHARD","3","RICHARD_BELICE_2010",2018-09-01,201,"C"
"BELIZE_IRIS","2","IRIS_BELIZE_2001",2018-09-01,354,"CA"
"BETA","2","BETA_2005",2018-09-01,249,"CA"
"CR_OTTO","2","OTTO_CR_2016",2018-09-01,322,"CA"
"CUBA_DENNIS","3","DENNIS_CUBA_2005",2018-09-01,141,"C"
"CUBA_GUSTAV","3","GUSTAV_CUBA_2008",2018-09-01,148,"C"
"CUBA_IAN","3","IAN_CUBA_2022",2018-09-01,149,"C"
"CUBA_MICHELLE","3","MICHELLE_CUBA_2001",2018-09-01,150,"C"
"CUBA_PALOMA","3","PALOMA_CUBA_2008",2018-09-01,101,"C"
"CUBA_SANDY","3","SANDY_CUBA_2012",2018-09-01,146,"C"
"DEAN_QROO_MX","5","DEAN_QROO_MX_2007",2018-09-01,135,"SG"
"FL_US_CHARLEY","1","CHARLEY_2004",2018-09-01,208,"FP"
"FL_US_FRANCES","1","FRANCES_US_FL_2004",2018-09-01,193,"FP"
"FL_US_IAN","1","IAN_US_FL_2022",2018-09-01,204,"FP"
"FL_US_IRMA","1","IRMA_US_FL_2017",2018-09-01,213,"FP"
"FL_US_JEANNE","1","JEANNE_US_FL_2004",2018-09-01,195,"FP"
"FL_US_MICHAEL","4","MICHAEL_US_FL_2018",2018-09-01,212,"SUS"
"FL_US_WILMA","1","WILMA_US_FL_2005",2018-09-01,208,"FP"
"LA_US_GUSTAV","4","GUSTAV_US_LA_2008",2018-09-01,192,"SUS"
"LA_US_IDA","4","IDA_US_LA_2009",2018-09-01,201,"SUS"
"LA_US_KATRINA","4","KATRINA_US_LA_2005",2018-09-01,185,"SUS"
"LA_US_LAURA","4","LAURA_US_LA_2020",2018-09-01,237,"SUS"
"LA_US_ZETA","4","ZETA_US_LA_2020",2018-09-01,203,"SUS"
"MX_ERNESTO","5","ERNESTO_MX_2012",2018-09-01,139,"SG"
"MX_GRACE","3","GRACE_MX_2021",2018-09-01,260.051,"C"
"MX_TAMPS_EMILY","6","EMILY_TAMPS_MX_2005",2018-09-01,202,"WG"
"NC_US_ISABEL","4","ISABEL_US_NC_2003",2018-09-01,171,"SUS"
"NIC_ETA","2","ETA_NIC_2020",2018-09-01,263,"CA"
"NIC_FELIX","2","FELIX_NIC_2007",2018-09-01,263,"CA"
"NIC_IOTA","2","IOTA_NIC_2020",2018-09-01,248,"CA"
"PR_USA_MARIA","3","MARIA_US_PR_2017",2018-09-01,117,"C"
"QROO_WILMA","3","WILMA_QROO_2005",2018-09-01,162,"C"
"TX_US_HARVEY","6","HARVEY_US_TX_2017",2018-09-01,250,"WG"
"TX_US_IKE","4","IKE_US_TX_2008",2018-09-01,266,"SUS"
"TX_US_RITA","4","RITA_US_TX_2005",2018-09-01,268,"SUS"
"US_FL_DELTA","4","DELTA_US_LA_2020",2018-09-01,217,"SUS"
"US_FL_DENNIS","4","DENNIS_US_FL_2005",2018-09-01,232,"SUS"
"VER_MX_KARL","5","KARL_MX_VER_2010",2018-09-01,196.5441,"SG"
"YUC_DELTA","5","DELTA_YUCATAN_MX_2020",2018-09-01,162,"SG"
"YUC_MX_EMILY","5","EMILY_MX_YUC_2005",2018-09-01,151,"SG"
"YUC_MX_ISIDORE","5","ISIDORE_MX_YUC_2002",2018-09-01,139,"SG"
"AL_US_IVAN","4","IVAN_US_AL_2004",2018-10-01,63,"SUS"
"AL_US_SALLY","4","SALLY_US_AL_2020",2018-10-01,74,"SUS"
"ALEX","6","ALEX_2010",2018-10-01,68,"WG"
"BELICE_RICHARD","3","RICHARD_BELICE_2010",2018-10-01,270,"C"
"BELIZE_IRIS","2","IRIS_BELIZE_2001",2018-10-01,335,"CA"
"BETA","2","BETA_2005",2018-10-01,247,"CA"
"CR_OTTO","2","OTTO_CR_2016",2018-10-01,278,"CA"
"CUBA_DENNIS","3","DENNIS_CUBA_2005",2018-10-01,115,"C"
"CUBA_GUSTAV","3","GUSTAV_CUBA_2008",2018-10-01,163,"C"
"CUBA_IAN","3","IAN_CUBA_2022",2018-10-01,176,"C"
"CUBA_MICHELLE","3","MICHELLE_CUBA_2001",2018-10-01,150,"C"
"CUBA_PALOMA","3","PALOMA_CUBA_2008",2018-10-01,230,"C"
"CUBA_SANDY","3","SANDY_CUBA_2012",2018-10-01,174,"C"
"DEAN_QROO_MX","5","DEAN_QROO_MX_2007",2018-10-01,174,"SG"
"FL_US_CHARLEY","1","CHARLEY_2004",2018-10-01,36,"FP"
"FL_US_FRANCES","1","FRANCES_US_FL_2004",2018-10-01,56,"FP"
"FL_US_IAN","1","IAN_US_FL_2022",2018-10-01,39,"FP"
"FL_US_IRMA","1","IRMA_US_FL_2017",2018-10-01,47,"FP"
"FL_US_JEANNE","1","JEANNE_US_FL_2004",2018-10-01,59,"FP"
"FL_US_MICHAEL","4","MICHAEL_US_FL_2018",2018-10-01,75,"SUS"
"FL_US_WILMA","1","WILMA_US_FL_2005",2018-10-01,53,"FP"
"LA_US_GUSTAV","4","GUSTAV_US_LA_2008",2018-10-01,123,"SUS"
"LA_US_IDA","4","IDA_US_LA_2009",2018-10-01,93,"SUS"
"LA_US_KATRINA","4","KATRINA_US_LA_2005",2018-10-01,73,"SUS"
"LA_US_LAURA","4","LAURA_US_LA_2020",2018-10-01,235,"SUS"
"LA_US_ZETA","4","ZETA_US_LA_2020",2018-10-01,83,"SUS"
"MX_ERNESTO","5","ERNESTO_MX_2012",2018-10-01,175,"SG"
"MX_GRACE","3","GRACE_MX_2021",2018-10-01,236,"C"
"MX_TAMPS_EMILY","6","EMILY_TAMPS_MX_2005",2018-10-01,59,"WG"
"NC_US_ISABEL","4","ISABEL_US_NC_2003",2018-10-01,85,"SUS"
"NIC_ETA","2","ETA_NIC_2020",2018-10-01,219,"CA"
"NIC_FELIX","2","FELIX_NIC_2007",2018-10-01,222,"CA"
"NIC_IOTA","2","IOTA_NIC_2020",2018-10-01,218,"CA"
"PR_USA_MARIA","3","MARIA_US_PR_2017",2018-10-01,215,"C"
"QROO_WILMA","3","WILMA_QROO_2005",2018-10-01,199,"C"
"TX_US_HARVEY","6","HARVEY_US_TX_2017",2018-10-01,146,"WG"
"TX_US_IKE","4","IKE_US_TX_2008",2018-10-01,270,"SUS"
"TX_US_RITA","4","RITA_US_TX_2005",2018-10-01,271,"SUS"
"US_FL_DELTA","4","DELTA_US_LA_2020",2018-10-01,214,"SUS"
"US_FL_DENNIS","4","DENNIS_US_FL_2005",2018-10-01,64,"SUS"
"VER_MX_KARL","5","KARL_MX_VER_2010",2018-10-01,146,"SG"
"YUC_DELTA","5","DELTA_YUCATAN_MX_2020",2018-10-01,201,"SG"
"YUC_MX_EMILY","5","EMILY_MX_YUC_2005",2018-10-01,182,"SG"
"YUC_MX_ISIDORE","5","ISIDORE_MX_YUC_2002",2018-10-01,146,"SG"
"AL_US_IVAN","4","IVAN_US_AL_2004",2018-11-01,150,"SUS"
"AL_US_SALLY","4","SALLY_US_AL_2020",2018-11-01,151,"SUS"
"ALEX","6","ALEX_2010",2018-11-01,26,"WG"
"BELICE_RICHARD","3","RICHARD_BELICE_2010",2018-11-01,154,"C"
"BELIZE_IRIS","2","IRIS_BELIZE_2001",2018-11-01,196,"CA"
"BETA","2","BETA_2005",2018-11-01,151,"CA"
"CR_OTTO","2","OTTO_CR_2016",2018-11-01,305,"CA"
"CUBA_DENNIS","3","DENNIS_CUBA_2005",2018-11-01,37,"C"
"CUBA_GUSTAV","3","GUSTAV_CUBA_2008",2018-11-01,71,"C"
"CUBA_IAN","3","IAN_CUBA_2022",2018-11-01,64,"C"
"CUBA_MICHELLE","3","MICHELLE_CUBA_2001",2018-11-01,32,"C"
"CUBA_PALOMA","3","PALOMA_CUBA_2008",2018-11-01,15,"C"
"CUBA_SANDY","3","SANDY_CUBA_2012",2018-11-01,48,"C"
"DEAN_QROO_MX","5","DEAN_QROO_MX_2007",2018-11-01,104,"SG"
"FL_US_CHARLEY","1","CHARLEY_2004",2018-11-01,36,"FP"
"FL_US_FRANCES","1","FRANCES_US_FL_2004",2018-11-01,48,"FP"
"FL_US_IAN","1","IAN_US_FL_2022",2018-11-01,34,"FP"
"FL_US_IRMA","1","IRMA_US_FL_2017",2018-11-01,30,"FP"
"FL_US_JEANNE","1","JEANNE_US_FL_2004",2018-11-01,46,"FP"
"FL_US_MICHAEL","4","MICHAEL_US_FL_2018",2018-11-01,126,"SUS"
"FL_US_WILMA","1","WILMA_US_FL_2005",2018-11-01,34,"FP"
"LA_US_GUSTAV","4","GUSTAV_US_LA_2008",2018-11-01,140,"SUS"
"LA_US_IDA","4","IDA_US_LA_2009",2018-11-01,159,"SUS"
"LA_US_KATRINA","4","KATRINA_US_LA_2005",2018-11-01,165,"SUS"
"LA_US_LAURA","4","LAURA_US_LA_2020",2018-11-01,131,"SUS"
"LA_US_ZETA","4","ZETA_US_LA_2020",2018-11-01,159,"SUS"
"MX_ERNESTO","5","ERNESTO_MX_2012",2018-11-01,103,"SG"
"MX_GRACE","3","GRACE_MX_2021",2018-11-01,187,"C"
"MX_TAMPS_EMILY","6","EMILY_TAMPS_MX_2005",2018-11-01,25,"WG"
"NC_US_ISABEL","4","ISABEL_US_NC_2003",2018-11-01,168,"SUS"
"NIC_ETA","2","ETA_NIC_2020",2018-11-01,163,"CA"
"NIC_FELIX","2","FELIX_NIC_2007",2018-11-01,195,"CA"
"NIC_IOTA","2","IOTA_NIC_2020",2018-11-01,154,"CA"
"PR_USA_MARIA","3","MARIA_US_PR_2017",2018-11-01,188,"C"
"QROO_WILMA","3","WILMA_QROO_2005",2018-11-01,100,"C"
"TX_US_HARVEY","6","HARVEY_US_TX_2017",2018-11-01,43,"WG"
"TX_US_IKE","4","IKE_US_TX_2008",2018-11-01,107,"SUS"
"TX_US_RITA","4","RITA_US_TX_2005",2018-11-01,131,"SUS"
"US_FL_DELTA","4","DELTA_US_LA_2020",2018-11-01,132,"SUS"
"US_FL_DENNIS","4","DENNIS_US_FL_2005",2018-11-01,147,"SUS"
"VER_MX_KARL","5","KARL_MX_VER_2010",2018-11-01,88.3825,"SG"
"YUC_DELTA","5","DELTA_YUCATAN_MX_2020",2018-11-01,97,"SG"
"YUC_MX_EMILY","5","EMILY_MX_YUC_2005",2018-11-01,89,"SG"
"YUC_MX_ISIDORE","5","ISIDORE_MX_YUC_2002",2018-11-01,83,"SG"
"AL_US_IVAN","4","IVAN_US_AL_2004",2018-12-01,268,"SUS"
"AL_US_SALLY","4","SALLY_US_AL_2020",2018-12-01,235,"SUS"
"ALEX","6","ALEX_2010",2018-12-01,16,"WG"
"BELICE_RICHARD","3","RICHARD_BELICE_2010",2018-12-01,100,"C"
"BELIZE_IRIS","2","IRIS_BELIZE_2001",2018-12-01,143,"CA"
"BETA","2","BETA_2005",2018-12-01,82,"CA"
"CR_OTTO","2","OTTO_CR_2016",2018-12-01,259,"CA"
"CUBA_DENNIS","3","DENNIS_CUBA_2005",2018-12-01,18,"C"
"CUBA_GUSTAV","3","GUSTAV_CUBA_2008",2018-12-01,56,"C"
"CUBA_IAN","3","IAN_CUBA_2022",2018-12-01,52,"C"
"CUBA_MICHELLE","3","MICHELLE_CUBA_2001",2018-12-01,23,"C"
"CUBA_PALOMA","3","PALOMA_CUBA_2008",2018-12-01,18,"C"
"CUBA_SANDY","3","SANDY_CUBA_2012",2018-12-01,22,"C"
"DEAN_QROO_MX","5","DEAN_QROO_MX_2007",2018-12-01,30,"SG"
"FL_US_CHARLEY","1","CHARLEY_2004",2018-12-01,56,"FP"
"FL_US_FRANCES","1","FRANCES_US_FL_2004",2018-12-01,55,"FP"
"FL_US_IAN","1","IAN_US_FL_2022",2018-12-01,51,"FP"
"FL_US_IRMA","1","IRMA_US_FL_2017",2018-12-01,42,"FP"
"FL_US_JEANNE","1","JEANNE_US_FL_2004",2018-12-01,55,"FP"
"FL_US_MICHAEL","4","MICHAEL_US_FL_2018",2018-12-01,189,"SUS"
"FL_US_WILMA","1","WILMA_US_FL_2005",2018-12-01,43,"FP"
"LA_US_GUSTAV","4","GUSTAV_US_LA_2008",2018-12-01,199,"SUS"
"LA_US_IDA","4","IDA_US_LA_2009",2018-12-01,235,"SUS"
"LA_US_KATRINA","4","KATRINA_US_LA_2005",2018-12-01,256,"SUS"
"LA_US_LAURA","4","LAURA_US_LA_2020",2018-12-01,239,"SUS"
"LA_US_ZETA","4","ZETA_US_LA_2020",2018-12-01,224,"SUS"
"MX_ERNESTO","5","ERNESTO_MX_2012",2018-12-01,30,"SG"
"MX_GRACE","3","GRACE_MX_2021",2018-12-01,48,"C"
"MX_TAMPS_EMILY","6","EMILY_TAMPS_MX_2005",2018-12-01,17,"WG"
"NC_US_ISABEL","4","ISABEL_US_NC_2003",2018-12-01,162,"SUS"
"NIC_ETA","2","ETA_NIC_2020",2018-12-01,100,"CA"
"NIC_FELIX","2","FELIX_NIC_2007",2018-12-01,129,"CA"
"NIC_IOTA","2","IOTA_NIC_2020",2018-12-01,92,"CA"
"PR_USA_MARIA","3","MARIA_US_PR_2017",2018-12-01,70,"C"
"QROO_WILMA","3","WILMA_QROO_2005",2018-12-01,46,"C"
"TX_US_HARVEY","6","HARVEY_US_TX_2017",2018-12-01,57,"WG"
"TX_US_IKE","4","IKE_US_TX_2008",2018-12-01,183,"SUS"
"TX_US_RITA","4","RITA_US_TX_2005",2018-12-01,244,"SUS"
"US_FL_DELTA","4","DELTA_US_LA_2020",2018-12-01,214,"SUS"
"US_FL_DENNIS","4","DENNIS_US_FL_2005",2018-12-01,262,"SUS"
"VER_MX_KARL","5","KARL_MX_VER_2010",2018-12-01,24,"SG"
"YUC_DELTA","5","DELTA_YUCATAN_MX_2020",2018-12-01,40,"SG"
"YUC_MX_EMILY","5","EMILY_MX_YUC_2005",2018-12-01,27,"SG"
"YUC_MX_ISIDORE","5","ISIDORE_MX_YUC_2002",2018-12-01,15,"SG"
"AL_US_IVAN","4","IVAN_US_AL_2004",2019-01-01,131,"SUS"
"AL_US_SALLY","4","SALLY_US_AL_2020",2019-01-01,104,"SUS"
"ALEX","6","ALEX_2010",2019-01-01,15,"WG"
"BELICE_RICHARD","3","RICHARD_BELICE_2010",2019-01-01,64,"C"
"BELIZE_IRIS","2","IRIS_BELIZE_2001",2019-01-01,124,"CA"
"BETA","2","BETA_2005",2019-01-01,88,"CA"
"CR_OTTO","2","OTTO_CR_2016",2019-01-01,116,"CA"
"CUBA_DENNIS","3","DENNIS_CUBA_2005",2019-01-01,18,"C"
"CUBA_GUSTAV","3","GUSTAV_CUBA_2008",2019-01-01,96,"C"
"CUBA_IAN","3","IAN_CUBA_2022",2019-01-01,99,"C"
"CUBA_MICHELLE","3","MICHELLE_CUBA_2001",2019-01-01,19,"C"
"CUBA_PALOMA","3","PALOMA_CUBA_2008",2019-01-01,25,"C"
"CUBA_SANDY","3","SANDY_CUBA_2012",2019-01-01,36,"C"
"DEAN_QROO_MX","5","DEAN_QROO_MX_2007",2019-01-01,37,"SG"
"FL_US_CHARLEY","1","CHARLEY_2004",2019-01-01,95,"FP"
"FL_US_FRANCES","1","FRANCES_US_FL_2004",2019-01-01,94,"FP"
"FL_US_IAN","1","IAN_US_FL_2022",2019-01-01,98,"FP"
"FL_US_IRMA","1","IRMA_US_FL_2017",2019-01-01,107,"FP"
"FL_US_JEANNE","1","JEANNE_US_FL_2004",2019-01-01,95,"FP"
"FL_US_MICHAEL","4","MICHAEL_US_FL_2018",2019-01-01,90,"SUS"
"FL_US_WILMA","1","WILMA_US_FL_2005",2019-01-01,92,"FP"
"LA_US_GUSTAV","4","GUSTAV_US_LA_2008",2019-01-01,72,"SUS"
"LA_US_IDA","4","IDA_US_LA_2009",2019-01-01,76,"SUS"
"LA_US_KATRINA","4","KATRINA_US_LA_2005",2019-01-01,109,"SUS"
"LA_US_LAURA","4","LAURA_US_LA_2020",2019-01-01,168,"SUS"
"LA_US_ZETA","4","ZETA_US_LA_2020",2019-01-01,66,"SUS"
"MX_ERNESTO","5","ERNESTO_MX_2012",2019-01-01,38,"SG"
"MX_GRACE","3","GRACE_MX_2021",2019-01-01,28,"C"
"MX_TAMPS_EMILY","6","EMILY_TAMPS_MX_2005",2019-01-01,18,"WG"
"NC_US_ISABEL","4","ISABEL_US_NC_2003",2019-01-01,95,"SUS"
"NIC_ETA","2","ETA_NIC_2020",2019-01-01,92,"CA"
"NIC_FELIX","2","FELIX_NIC_2007",2019-01-01,123,"CA"
"NIC_IOTA","2","IOTA_NIC_2020",2019-01-01,87,"CA"
"PR_USA_MARIA","3","MARIA_US_PR_2017",2019-01-01,125,"C"
"QROO_WILMA","3","WILMA_QROO_2005",2019-01-01,73,"C"
"TX_US_HARVEY","6","HARVEY_US_TX_2017",2019-01-01,45,"WG"
"TX_US_IKE","4","IKE_US_TX_2008",2019-01-01,118,"SUS"
"TX_US_RITA","4","RITA_US_TX_2005",2019-01-01,168,"SUS"
"US_FL_DELTA","4","DELTA_US_LA_2020",2019-01-01,122,"SUS"
"US_FL_DENNIS","4","DENNIS_US_FL_2005",2019-01-01,128,"SUS"
"VER_MX_KARL","5","KARL_MX_VER_2010",2019-01-01,15,"SG"
"YUC_DELTA","5","DELTA_YUCATAN_MX_2020",2019-01-01,57,"SG"
"YUC_MX_EMILY","5","EMILY_MX_YUC_2005",2019-01-01,42,"SG"
"YUC_MX_ISIDORE","5","ISIDORE_MX_YUC_2002",2019-01-01,41,"SG"
"AL_US_IVAN","4","IVAN_US_AL_2004",2019-02-01,87,"SUS"
"AL_US_SALLY","4","SALLY_US_AL_2020",2019-02-01,77,"SUS"
"ALEX","6","ALEX_2010",2019-02-01,6,"WG"
"BELICE_RICHARD","3","RICHARD_BELICE_2010",2019-02-01,34,"C"
"BELIZE_IRIS","2","IRIS_BELIZE_2001",2019-02-01,43,"CA"
"BETA","2","BETA_2005",2019-02-01,62,"CA"
"CR_OTTO","2","OTTO_CR_2016",2019-02-01,73,"CA"
"CUBA_DENNIS","3","DENNIS_CUBA_2005",2019-02-01,17,"C"
"CUBA_GUSTAV","3","GUSTAV_CUBA_2008",2019-02-01,68,"C"
"CUBA_IAN","3","IAN_CUBA_2022",2019-02-01,64,"C"
"CUBA_MICHELLE","3","MICHELLE_CUBA_2001",2019-02-01,18,"C"
"CUBA_PALOMA","3","PALOMA_CUBA_2008",2019-02-01,22,"C"
"CUBA_SANDY","3","SANDY_CUBA_2012",2019-02-01,38,"C"
"DEAN_QROO_MX","5","DEAN_QROO_MX_2007",2019-02-01,16,"SG"
"FL_US_CHARLEY","1","CHARLEY_2004",2019-02-01,87,"FP"
"FL_US_FRANCES","1","FRANCES_US_FL_2004",2019-02-01,88,"FP"
"FL_US_IAN","1","IAN_US_FL_2022",2019-02-01,77,"FP"
"FL_US_IRMA","1","IRMA_US_FL_2017",2019-02-01,58,"FP"
"FL_US_JEANNE","1","JEANNE_US_FL_2004",2019-02-01,84,"FP"
"FL_US_MICHAEL","4","MICHAEL_US_FL_2018",2019-02-01,46,"SUS"
"FL_US_WILMA","1","WILMA_US_FL_2005",2019-02-01,48,"FP"
"LA_US_GUSTAV","4","GUSTAV_US_LA_2008",2019-02-01,142,"SUS"
"LA_US_IDA","4","IDA_US_LA_2009",2019-02-01,166,"SUS"
"LA_US_KATRINA","4","KATRINA_US_LA_2005",2019-02-01,149,"SUS"
"LA_US_LAURA","4","LAURA_US_LA_2020",2019-02-01,101,"SUS"
"LA_US_ZETA","4","ZETA_US_LA_2020",2019-02-01,141,"SUS"
"MX_ERNESTO","5","ERNESTO_MX_2012",2019-02-01,15,"SG"
"MX_GRACE","3","GRACE_MX_2021",2019-02-01,18,"C"
"MX_TAMPS_EMILY","6","EMILY_TAMPS_MX_2005",2019-02-01,5,"WG"
"NC_US_ISABEL","4","ISABEL_US_NC_2003",2019-02-01,94,"SUS"
"NIC_ETA","2","ETA_NIC_2020",2019-02-01,50,"CA"
"NIC_FELIX","2","FELIX_NIC_2007",2019-02-01,50,"CA"
"NIC_IOTA","2","IOTA_NIC_2020",2019-02-01,51,"CA"
"PR_USA_MARIA","3","MARIA_US_PR_2017",2019-02-01,71,"C"
"QROO_WILMA","3","WILMA_QROO_2005",2019-02-01,36,"C"
"TX_US_HARVEY","6","HARVEY_US_TX_2017",2019-02-01,38,"WG"
"TX_US_IKE","4","IKE_US_TX_2008",2019-02-01,94,"SUS"
"TX_US_RITA","4","RITA_US_TX_2005",2019-02-01,84,"SUS"
"US_FL_DELTA","4","DELTA_US_LA_2020",2019-02-01,92,"SUS"
"US_FL_DENNIS","4","DENNIS_US_FL_2005",2019-02-01,86,"SUS"
"VER_MX_KARL","5","KARL_MX_VER_2010",2019-02-01,5,"SG"
"YUC_DELTA","5","DELTA_YUCATAN_MX_2020",2019-02-01,32,"SG"
"YUC_MX_EMILY","5","EMILY_MX_YUC_2005",2019-02-01,15,"SG"
"YUC_MX_ISIDORE","5","ISIDORE_MX_YUC_2002",2019-02-01,8,"SG"
"AL_US_IVAN","4","IVAN_US_AL_2004",2019-03-01,119,"SUS"
"AL_US_SALLY","4","SALLY_US_AL_2020",2019-03-01,105,"SUS"
"ALEX","6","ALEX_2010",2019-03-01,25,"WG"
"BELICE_RICHARD","3","RICHARD_BELICE_2010",2019-03-01,31,"C"
"BELIZE_IRIS","2","IRIS_BELIZE_2001",2019-03-01,48,"CA"
"BETA","2","BETA_2005",2019-03-01,31,"CA"
"CR_OTTO","2","OTTO_CR_2016",2019-03-01,84,"CA"
"CUBA_DENNIS","3","DENNIS_CUBA_2005",2019-03-01,33,"C"
"CUBA_GUSTAV","3","GUSTAV_CUBA_2008",2019-03-01,29,"C"
"CUBA_IAN","3","IAN_CUBA_2022",2019-03-01,34,"C"
"CUBA_MICHELLE","3","MICHELLE_CUBA_2001",2019-03-01,31,"C"
"CUBA_PALOMA","3","PALOMA_CUBA_2008",2019-03-01,41,"C"
"CUBA_SANDY","3","SANDY_CUBA_2012",2019-03-01,40,"C"
"DEAN_QROO_MX","5","DEAN_QROO_MX_2007",2019-03-01,7,"SG"
"FL_US_CHARLEY","1","CHARLEY_2004",2019-03-01,68,"FP"
"FL_US_FRANCES","1","FRANCES_US_FL_2004",2019-03-01,83,"FP"
"FL_US_IAN","1","IAN_US_FL_2022",2019-03-01,72,"FP"
"FL_US_IRMA","1","IRMA_US_FL_2017",2019-03-01,93,"FP"
"FL_US_JEANNE","1","JEANNE_US_FL_2004",2019-03-01,91,"FP"
"FL_US_MICHAEL","4","MICHAEL_US_FL_2018",2019-03-01,60,"SUS"
"FL_US_WILMA","1","WILMA_US_FL_2005",2019-03-01,66,"FP"
"LA_US_GUSTAV","4","GUSTAV_US_LA_2008",2019-03-01,50,"SUS"
"LA_US_IDA","4","IDA_US_LA_2009",2019-03-01,68,"SUS"
"LA_US_KATRINA","4","KATRINA_US_LA_2005",2019-03-01,95,"SUS"
"LA_US_LAURA","4","LAURA_US_LA_2020",2019-03-01,27,"SUS"
"LA_US_ZETA","4","ZETA_US_LA_2020",2019-03-01,74,"SUS"
"MX_ERNESTO","5","ERNESTO_MX_2012",2019-03-01,7,"SG"
"MX_GRACE","3","GRACE_MX_2021",2019-03-01,31,"C"
"MX_TAMPS_EMILY","6","EMILY_TAMPS_MX_2005",2019-03-01,26,"WG"
"NC_US_ISABEL","4","ISABEL_US_NC_2003",2019-03-01,56,"SUS"
"NIC_ETA","2","ETA_NIC_2020",2019-03-01,29,"CA"
"NIC_FELIX","2","FELIX_NIC_2007",2019-03-01,30,"CA"
"NIC_IOTA","2","IOTA_NIC_2020",2019-03-01,29,"CA"
"PR_USA_MARIA","3","MARIA_US_PR_2017",2019-03-01,98,"C"
"QROO_WILMA","3","WILMA_QROO_2005",2019-03-01,17,"C"
"TX_US_HARVEY","6","HARVEY_US_TX_2017",2019-03-01,16,"WG"
"TX_US_IKE","4","IKE_US_TX_2008",2019-03-01,34,"SUS"
"TX_US_RITA","4","RITA_US_TX_2005",2019-03-01,34,"SUS"
"US_FL_DELTA","4","DELTA_US_LA_2020",2019-03-01,31,"SUS"
"US_FL_DENNIS","4","DENNIS_US_FL_2005",2019-03-01,112,"SUS"
"VER_MX_KARL","5","KARL_MX_VER_2010",2019-03-01,8,"SG"
"YUC_DELTA","5","DELTA_YUCATAN_MX_2020",2019-03-01,16,"SG"
"YUC_MX_EMILY","5","EMILY_MX_YUC_2005",2019-03-01,13,"SG"
"YUC_MX_ISIDORE","5","ISIDORE_MX_YUC_2002",2019-03-01,13,"SG"
"AL_US_IVAN","4","IVAN_US_AL_2004",2019-04-01,164,"SUS"
"AL_US_SALLY","4","SALLY_US_AL_2020",2019-04-01,152,"SUS"
"ALEX","6","ALEX_2010",2019-04-01,2,"WG"
"BELICE_RICHARD","3","RICHARD_BELICE_2010",2019-04-01,50,"C"
"BELIZE_IRIS","2","IRIS_BELIZE_2001",2019-04-01,54,"CA"
"BETA","2","BETA_2005",2019-04-01,33,"CA"
"CR_OTTO","2","OTTO_CR_2016",2019-04-01,60,"CA"
"CUBA_DENNIS","3","DENNIS_CUBA_2005",2019-04-01,81,"C"
"CUBA_GUSTAV","3","GUSTAV_CUBA_2008",2019-04-01,98,"C"
"CUBA_IAN","3","IAN_CUBA_2022",2019-04-01,100,"C"
"CUBA_MICHELLE","3","MICHELLE_CUBA_2001",2019-04-01,88,"C"
"CUBA_PALOMA","3","PALOMA_CUBA_2008",2019-04-01,93,"C"
"CUBA_SANDY","3","SANDY_CUBA_2012",2019-04-01,44,"C"
"DEAN_QROO_MX","5","DEAN_QROO_MX_2007",2019-04-01,34,"SG"
"FL_US_CHARLEY","1","CHARLEY_2004",2019-04-01,61,"FP"
"FL_US_FRANCES","1","FRANCES_US_FL_2004",2019-04-01,45,"FP"
"FL_US_IAN","1","IAN_US_FL_2022",2019-04-01,53,"FP"
"FL_US_IRMA","1","IRMA_US_FL_2017",2019-04-01,49,"FP"
"FL_US_JEANNE","1","JEANNE_US_FL_2004",2019-04-01,44,"FP"
"FL_US_MICHAEL","4","MICHAEL_US_FL_2018",2019-04-01,192,"SUS"
"FL_US_WILMA","1","WILMA_US_FL_2005",2019-04-01,55,"FP"
"LA_US_GUSTAV","4","GUSTAV_US_LA_2008",2019-04-01,118,"SUS"
"LA_US_IDA","4","IDA_US_LA_2009",2019-04-01,132,"SUS"
"LA_US_KATRINA","4","KATRINA_US_LA_2005",2019-04-01,170,"SUS"
"LA_US_LAURA","4","LAURA_US_LA_2020",2019-04-01,171,"SUS"
"LA_US_ZETA","4","ZETA_US_LA_2020",2019-04-01,128,"SUS"
"MX_ERNESTO","5","ERNESTO_MX_2012",2019-04-01,31,"SG"
"MX_GRACE","3","GRACE_MX_2021",2019-04-01,6,"C"
"MX_TAMPS_EMILY","6","EMILY_TAMPS_MX_2005",2019-04-01,4,"WG"
"NC_US_ISABEL","4","ISABEL_US_NC_2003",2019-04-01,149,"SUS"
"NIC_ETA","2","ETA_NIC_2020",2019-04-01,51,"CA"
"NIC_FELIX","2","FELIX_NIC_2007",2019-04-01,67,"CA"
"NIC_IOTA","2","IOTA_NIC_2020",2019-04-01,46,"CA"
"PR_USA_MARIA","3","MARIA_US_PR_2017",2019-04-01,77,"C"
"QROO_WILMA","3","WILMA_QROO_2005",2019-04-01,80,"C"
"TX_US_HARVEY","6","HARVEY_US_TX_2017",2019-04-01,62,"WG"
"TX_US_IKE","4","IKE_US_TX_2008",2019-04-01,101,"SUS"
"TX_US_RITA","4","RITA_US_TX_2005",2019-04-01,137,"SUS"
"US_FL_DELTA","4","DELTA_US_LA_2020",2019-04-01,197,"SUS"
"US_FL_DENNIS","4","DENNIS_US_FL_2005",2019-04-01,162,"SUS"
"VER_MX_KARL","5","KARL_MX_VER_2010",2019-04-01,4,"SG"
"YUC_DELTA","5","DELTA_YUCATAN_MX_2020",2019-04-01,59,"SG"
"YUC_MX_EMILY","5","EMILY_MX_YUC_2005",2019-04-01,59,"SG"
"YUC_MX_ISIDORE","5","ISIDORE_MX_YUC_2002",2019-04-01,18,"SG"
"AL_US_IVAN","4","IVAN_US_AL_2004",2019-05-01,91,"SUS"
"AL_US_SALLY","4","SALLY_US_AL_2020",2019-05-01,76,"SUS"
"ALEX","6","ALEX_2010",2019-05-01,34,"WG"
"BELICE_RICHARD","3","RICHARD_BELICE_2010",2019-05-01,69,"C"
"BELIZE_IRIS","2","IRIS_BELIZE_2001",2019-05-01,90,"CA"
"BETA","2","BETA_2005",2019-05-01,443,"CA"
"CR_OTTO","2","OTTO_CR_2016",2019-05-01,478,"CA"
"CUBA_DENNIS","3","DENNIS_CUBA_2005",2019-05-01,120,"C"
"CUBA_GUSTAV","3","GUSTAV_CUBA_2008",2019-05-01,124,"C"
"CUBA_IAN","3","IAN_CUBA_2022",2019-05-01,114,"C"
"CUBA_MICHELLE","3","MICHELLE_CUBA_2001",2019-05-01,124,"C"
"CUBA_PALOMA","3","PALOMA_CUBA_2008",2019-05-01,188,"C"
"CUBA_SANDY","3","SANDY_CUBA_2012",2019-05-01,256,"C"
"DEAN_QROO_MX","5","DEAN_QROO_MX_2007",2019-05-01,52,"SG"
"FL_US_CHARLEY","1","CHARLEY_2004",2019-05-01,122,"FP"
"FL_US_FRANCES","1","FRANCES_US_FL_2004",2019-05-01,160,"FP"
"FL_US_IAN","1","IAN_US_FL_2022",2019-05-01,122,"FP"
"FL_US_IRMA","1","IRMA_US_FL_2017",2019-05-01,120,"FP"
"FL_US_JEANNE","1","JEANNE_US_FL_2004",2019-05-01,162,"FP"
"FL_US_MICHAEL","4","MICHAEL_US_FL_2018",2019-05-01,53,"SUS"
"FL_US_WILMA","1","WILMA_US_FL_2005",2019-05-01,149,"FP"
"LA_US_GUSTAV","4","GUSTAV_US_LA_2008",2019-05-01,177,"SUS"
"LA_US_IDA","4","IDA_US_LA_2009",2019-05-01,170,"SUS"
"LA_US_KATRINA","4","KATRINA_US_LA_2005",2019-05-01,144,"SUS"
"LA_US_LAURA","4","LAURA_US_LA_2020",2019-05-01,303,"SUS"
"LA_US_ZETA","4","ZETA_US_LA_2020",2019-05-01,140,"SUS"
"MX_ERNESTO","5","ERNESTO_MX_2012",2019-05-01,53,"SG"
"MX_GRACE","3","GRACE_MX_2021",2019-05-01,42,"C"
"MX_TAMPS_EMILY","6","EMILY_TAMPS_MX_2005",2019-05-01,38,"WG"
"NC_US_ISABEL","4","ISABEL_US_NC_2003",2019-05-01,49,"SUS"
"NIC_ETA","2","ETA_NIC_2020",2019-05-01,614.5405,"CA"
"NIC_FELIX","2","FELIX_NIC_2007",2019-05-01,480,"CA"
"NIC_IOTA","2","IOTA_NIC_2020",2019-05-01,646,"CA"
"PR_USA_MARIA","3","MARIA_US_PR_2017",2019-05-01,174,"C"
"QROO_WILMA","3","WILMA_QROO_2005",2019-05-01,44,"C"
"TX_US_HARVEY","6","HARVEY_US_TX_2017",2019-05-01,90,"WG"
"TX_US_IKE","4","IKE_US_TX_2008",2019-05-01,247,"SUS"
"TX_US_RITA","4","RITA_US_TX_2005",2019-05-01,295,"SUS"
"US_FL_DELTA","4","DELTA_US_LA_2020",2019-05-01,265,"SUS"
"US_FL_DENNIS","4","DENNIS_US_FL_2005",2019-05-01,79,"SUS"
"VER_MX_KARL","5","KARL_MX_VER_2010",2019-05-01,22,"SG"
"YUC_DELTA","5","DELTA_YUCATAN_MX_2020",2019-05-01,32,"SG"
"YUC_MX_EMILY","5","EMILY_MX_YUC_2005",2019-05-01,28,"SG"
"YUC_MX_ISIDORE","5","ISIDORE_MX_YUC_2002",2019-05-01,32,"SG"
"AL_US_IVAN","4","IVAN_US_AL_2004",2019-06-01,139,"SUS"
"AL_US_SALLY","4","SALLY_US_AL_2020",2019-06-01,164,"SUS"
"ALEX","6","ALEX_2010",2019-06-01,85,"WG"
"BELICE_RICHARD","3","RICHARD_BELICE_2010",2019-06-01,164,"C"
"BELIZE_IRIS","2","IRIS_BELIZE_2001",2019-06-01,272,"CA"
"BETA","2","BETA_2005",2019-06-01,263,"CA"
"CR_OTTO","2","OTTO_CR_2016",2019-06-01,268,"CA"
"CUBA_DENNIS","3","DENNIS_CUBA_2005",2019-06-01,86,"C"
"CUBA_GUSTAV","3","GUSTAV_CUBA_2008",2019-06-01,115,"C"
"CUBA_IAN","3","IAN_CUBA_2022",2019-06-01,110,"C"
"CUBA_MICHELLE","3","MICHELLE_CUBA_2001",2019-06-01,93,"C"
"CUBA_PALOMA","3","PALOMA_CUBA_2008",2019-06-01,84,"C"
"CUBA_SANDY","3","SANDY_CUBA_2012",2019-06-01,74,"C"
"DEAN_QROO_MX","5","DEAN_QROO_MX_2007",2019-06-01,74,"SG"
"FL_US_CHARLEY","1","CHARLEY_2004",2019-06-01,293,"FP"
"FL_US_FRANCES","1","FRANCES_US_FL_2004",2019-06-01,278,"FP"
"FL_US_IAN","1","IAN_US_FL_2022",2019-06-01,302,"FP"
"FL_US_IRMA","1","IRMA_US_FL_2017",2019-06-01,309,"FP"
"FL_US_JEANNE","1","JEANNE_US_FL_2004",2019-06-01,281,"FP"
"FL_US_MICHAEL","4","MICHAEL_US_FL_2018",2019-06-01,202,"SUS"
"FL_US_WILMA","1","WILMA_US_FL_2005",2019-06-01,314,"FP"
"LA_US_GUSTAV","4","GUSTAV_US_LA_2008",2019-06-01,145,"SUS"
"LA_US_IDA","4","IDA_US_LA_2009",2019-06-01,122,"SUS"
"LA_US_KATRINA","4","KATRINA_US_LA_2005",2019-06-01,133,"SUS"
"LA_US_LAURA","4","LAURA_US_LA_2020",2019-06-01,191,"SUS"
"LA_US_ZETA","4","ZETA_US_LA_2020",2019-06-01,116,"SUS"
"MX_ERNESTO","5","ERNESTO_MX_2012",2019-06-01,79,"SG"
"MX_GRACE","3","GRACE_MX_2021",2019-06-01,96,"C"
"MX_TAMPS_EMILY","6","EMILY_TAMPS_MX_2005",2019-06-01,86,"WG"
"NC_US_ISABEL","4","ISABEL_US_NC_2003",2019-06-01,129,"SUS"
"NIC_ETA","2","ETA_NIC_2020",2019-06-01,275,"CA"
"NIC_FELIX","2","FELIX_NIC_2007",2019-06-01,264,"CA"
"NIC_IOTA","2","IOTA_NIC_2020",2019-06-01,278,"CA"
"PR_USA_MARIA","3","MARIA_US_PR_2017",2019-06-01,141,"C"
"QROO_WILMA","3","WILMA_QROO_2005",2019-06-01,60,"C"
"TX_US_HARVEY","6","HARVEY_US_TX_2017",2019-06-01,190,"WG"
"TX_US_IKE","4","IKE_US_TX_2008",2019-06-01,183,"SUS"
"TX_US_RITA","4","RITA_US_TX_2005",2019-06-01,219,"SUS"
"US_FL_DELTA","4","DELTA_US_LA_2020",2019-06-01,170,"SUS"
"US_FL_DENNIS","4","DENNIS_US_FL_2005",2019-06-01,150,"SUS"
"VER_MX_KARL","5","KARL_MX_VER_2010",2019-06-01,128,"SG"
"YUC_DELTA","5","DELTA_YUCATAN_MX_2020",2019-06-01,56,"SG"
"YUC_MX_EMILY","5","EMILY_MX_YUC_2005",2019-06-01,63,"SG"
"YUC_MX_ISIDORE","5","ISIDORE_MX_YUC_2002",2019-06-01,110,"SG"
"AL_US_IVAN","4","IVAN_US_AL_2004",2019-07-01,117,"SUS"
"AL_US_SALLY","4","SALLY_US_AL_2020",2019-07-01,114,"SUS"
"ALEX","6","ALEX_2010",2019-07-01,27,"WG"
"BELICE_RICHARD","3","RICHARD_BELICE_2010",2019-07-01,112,"C"
"BELIZE_IRIS","2","IRIS_BELIZE_2001",2019-07-01,239,"CA"
"BETA","2","BETA_2005",2019-07-01,267,"CA"
"CR_OTTO","2","OTTO_CR_2016",2019-07-01,356.4358,"CA"
"CUBA_DENNIS","3","DENNIS_CUBA_2005",2019-07-01,186,"C"
"CUBA_GUSTAV","3","GUSTAV_CUBA_2008",2019-07-01,204,"C"
"CUBA_IAN","3","IAN_CUBA_2022",2019-07-01,193,"C"
"CUBA_MICHELLE","3","MICHELLE_CUBA_2001",2019-07-01,236,"C"
"CUBA_PALOMA","3","PALOMA_CUBA_2008",2019-07-01,101,"C"
"CUBA_SANDY","3","SANDY_CUBA_2012",2019-07-01,90,"C"
"DEAN_QROO_MX","5","DEAN_QROO_MX_2007",2019-07-01,41,"SG"
"FL_US_CHARLEY","1","CHARLEY_2004",2019-07-01,350,"FP"
"FL_US_FRANCES","1","FRANCES_US_FL_2004",2019-07-01,275,"FP"
"FL_US_IAN","1","IAN_US_FL_2022",2019-07-01,334,"FP"
"FL_US_IRMA","1","IRMA_US_FL_2017",2019-07-01,303,"FP"
"FL_US_JEANNE","1","JEANNE_US_FL_2004",2019-07-01,280,"FP"
"FL_US_MICHAEL","4","MICHAEL_US_FL_2018",2019-07-01,194,"SUS"
"FL_US_WILMA","1","WILMA_US_FL_2005",2019-07-01,273,"FP"
"LA_US_GUSTAV","4","GUSTAV_US_LA_2008",2019-07-01,427,"SUS"
"LA_US_IDA","4","IDA_US_LA_2009",2019-07-01,343,"SUS"
"LA_US_KATRINA","4","KATRINA_US_LA_2005",2019-07-01,158,"SUS"
"LA_US_LAURA","4","LAURA_US_LA_2020",2019-07-01,168,"SUS"
"LA_US_ZETA","4","ZETA_US_LA_2020",2019-07-01,318,"SUS"
"MX_ERNESTO","5","ERNESTO_MX_2012",2019-07-01,41,"SG"
"MX_GRACE","3","GRACE_MX_2021",2019-07-01,74,"C"
"MX_TAMPS_EMILY","6","EMILY_TAMPS_MX_2005",2019-07-01,43,"WG"
"NC_US_ISABEL","4","ISABEL_US_NC_2003",2019-07-01,154,"SUS"
"NIC_ETA","2","ETA_NIC_2020",2019-07-01,244,"CA"
"NIC_FELIX","2","FELIX_NIC_2007",2019-07-01,256,"CA"
"NIC_IOTA","2","IOTA_NIC_2020",2019-07-01,243,"CA"
"PR_USA_MARIA","3","MARIA_US_PR_2017",2019-07-01,226,"C"
"QROO_WILMA","3","WILMA_QROO_2005",2019-07-01,43,"C"
"TX_US_HARVEY","6","HARVEY_US_TX_2017",2019-07-01,56,"WG"
"TX_US_IKE","4","IKE_US_TX_2008",2019-07-01,88,"SUS"
"TX_US_RITA","4","RITA_US_TX_2005",2019-07-01,126,"SUS"
"US_FL_DELTA","4","DELTA_US_LA_2020",2019-07-01,245,"SUS"
"US_FL_DENNIS","4","DENNIS_US_FL_2005",2019-07-01,114,"SUS"
"VER_MX_KARL","5","KARL_MX_VER_2010",2019-07-01,114,"SG"
"YUC_DELTA","5","DELTA_YUCATAN_MX_2020",2019-07-01,54,"SG"
"YUC_MX_EMILY","5","EMILY_MX_YUC_2005",2019-07-01,50,"SG"
"YUC_MX_ISIDORE","5","ISIDORE_MX_YUC_2002",2019-07-01,101,"SG"
"AL_US_IVAN","4","IVAN_US_AL_2004",2019-08-01,142,"SUS"
"AL_US_SALLY","4","SALLY_US_AL_2020",2019-08-01,158,"SUS"
"ALEX","6","ALEX_2010",2019-08-01,9,"WG"
"BELICE_RICHARD","3","RICHARD_BELICE_2010",2019-08-01,91,"C"
"BELIZE_IRIS","2","IRIS_BELIZE_2001",2019-08-01,140,"CA"
"BETA","2","BETA_2005",2019-08-01,265,"CA"
"CR_OTTO","2","OTTO_CR_2016",2019-08-01,307,"CA"
"CUBA_DENNIS","3","DENNIS_CUBA_2005",2019-08-01,271,"C"
"CUBA_GUSTAV","3","GUSTAV_CUBA_2008",2019-08-01,310,"C"
"CUBA_IAN","3","IAN_CUBA_2022",2019-08-01,308,"C"
"CUBA_MICHELLE","3","MICHELLE_CUBA_2001",2019-08-01,278,"C"
"CUBA_PALOMA","3","PALOMA_CUBA_2008",2019-08-01,240,"C"
"CUBA_SANDY","3","SANDY_CUBA_2012",2019-08-01,113,"C"
"DEAN_QROO_MX","5","DEAN_QROO_MX_2007",2019-08-01,70,"SG"
"FL_US_CHARLEY","1","CHARLEY_2004",2019-08-01,396,"FP"
"FL_US_FRANCES","1","FRANCES_US_FL_2004",2019-08-01,360,"FP"
"FL_US_IAN","1","IAN_US_FL_2022",2019-08-01,375,"FP"
"FL_US_IRMA","1","IRMA_US_FL_2017",2019-08-01,396,"FP"
"FL_US_JEANNE","1","JEANNE_US_FL_2004",2019-08-01,361,"FP"
"FL_US_MICHAEL","4","MICHAEL_US_FL_2018",2019-08-01,154,"SUS"
"FL_US_WILMA","1","WILMA_US_FL_2005",2019-08-01,383,"FP"
"LA_US_GUSTAV","4","GUSTAV_US_LA_2008",2019-08-01,282,"SUS"
"LA_US_IDA","4","IDA_US_LA_2009",2019-08-01,257,"SUS"
"LA_US_KATRINA","4","KATRINA_US_LA_2005",2019-08-01,201,"SUS"
"LA_US_LAURA","4","LAURA_US_LA_2020",2019-08-01,181,"SUS"
"LA_US_ZETA","4","ZETA_US_LA_2020",2019-08-01,259,"SUS"
"MX_ERNESTO","5","ERNESTO_MX_2012",2019-08-01,72,"SG"
"MX_GRACE","3","GRACE_MX_2021",2019-08-01,38,"C"
"MX_TAMPS_EMILY","6","EMILY_TAMPS_MX_2005",2019-08-01,15,"WG"
"NC_US_ISABEL","4","ISABEL_US_NC_2003",2019-08-01,166,"SUS"
"NIC_ETA","2","ETA_NIC_2020",2019-08-01,248,"CA"
"NIC_FELIX","2","FELIX_NIC_2007",2019-08-01,243,"CA"
"NIC_IOTA","2","IOTA_NIC_2020",2019-08-01,248,"CA"
"PR_USA_MARIA","3","MARIA_US_PR_2017",2019-08-01,185,"C"
"QROO_WILMA","3","WILMA_QROO_2005",2019-08-01,102,"C"
"TX_US_HARVEY","6","HARVEY_US_TX_2017",2019-08-01,59,"WG"
"TX_US_IKE","4","IKE_US_TX_2008",2019-08-01,93,"SUS"
"TX_US_RITA","4","RITA_US_TX_2005",2019-08-01,135,"SUS"
"US_FL_DELTA","4","DELTA_US_LA_2020",2019-08-01,249,"SUS"
"US_FL_DENNIS","4","DENNIS_US_FL_2005",2019-08-01,148,"SUS"
"VER_MX_KARL","5","KARL_MX_VER_2010",2019-08-01,58,"SG"
"YUC_DELTA","5","DELTA_YUCATAN_MX_2020",2019-08-01,101,"SG"
"YUC_MX_EMILY","5","EMILY_MX_YUC_2005",2019-08-01,108,"SG"
"YUC_MX_ISIDORE","5","ISIDORE_MX_YUC_2002",2019-08-01,103,"SG"
"AL_US_IVAN","4","IVAN_US_AL_2004",2019-09-01,10,"SUS"
"AL_US_SALLY","4","SALLY_US_AL_2020",2019-09-01,10,"SUS"
"ALEX","6","ALEX_2010",2019-09-01,184,"WG"
"BELICE_RICHARD","3","RICHARD_BELICE_2010",2019-09-01,142,"C"
"BELIZE_IRIS","2","IRIS_BELIZE_2001",2019-09-01,264,"CA"
"BETA","2","BETA_2005",2019-09-01,191,"CA"
"CR_OTTO","2","OTTO_CR_2016",2019-09-01,270,"CA"
"CUBA_DENNIS","3","DENNIS_CUBA_2005",2019-09-01,109,"C"
"CUBA_GUSTAV","3","GUSTAV_CUBA_2008",2019-09-01,142,"C"
"CUBA_IAN","3","IAN_CUBA_2022",2019-09-01,145,"C"
"CUBA_MICHELLE","3","MICHELLE_CUBA_2001",2019-09-01,118,"C"
"CUBA_PALOMA","3","PALOMA_CUBA_2008",2019-09-01,198,"C"
"CUBA_SANDY","3","SANDY_CUBA_2012",2019-09-01,216,"C"
"DEAN_QROO_MX","5","DEAN_QROO_MX_2007",2019-09-01,156,"SG"
"FL_US_CHARLEY","1","CHARLEY_2004",2019-09-01,56,"FP"
"FL_US_FRANCES","1","FRANCES_US_FL_2004",2019-09-01,79,"FP"
"FL_US_IAN","1","IAN_US_FL_2022",2019-09-01,56,"FP"
"FL_US_IRMA","1","IRMA_US_FL_2017",2019-09-01,74,"FP"
"FL_US_JEANNE","1","JEANNE_US_FL_2004",2019-09-01,84,"FP"
"FL_US_MICHAEL","4","MICHAEL_US_FL_2018",2019-09-01,3,"SUS"
"FL_US_WILMA","1","WILMA_US_FL_2005",2019-09-01,89,"FP"
"LA_US_GUSTAV","4","GUSTAV_US_LA_2008",2019-09-01,54,"SUS"
"LA_US_IDA","4","IDA_US_LA_2009",2019-09-01,49,"SUS"
"LA_US_KATRINA","4","KATRINA_US_LA_2005",2019-09-01,18,"SUS"
"LA_US_LAURA","4","LAURA_US_LA_2020",2019-09-01,124,"SUS"
"LA_US_ZETA","4","ZETA_US_LA_2020",2019-09-01,49,"SUS"
"MX_ERNESTO","5","ERNESTO_MX_2012",2019-09-01,157,"SG"
"MX_GRACE","3","GRACE_MX_2021",2019-09-01,96,"C"
"MX_TAMPS_EMILY","6","EMILY_TAMPS_MX_2005",2019-09-01,168,"WG"
"NC_US_ISABEL","4","ISABEL_US_NC_2003",2019-09-01,193,"SUS"
"NIC_ETA","2","ETA_NIC_2020",2019-09-01,162,"CA"
"NIC_FELIX","2","FELIX_NIC_2007",2019-09-01,167,"CA"
"NIC_IOTA","2","IOTA_NIC_2020",2019-09-01,152,"CA"
"PR_USA_MARIA","3","MARIA_US_PR_2017",2019-09-01,290.5068,"C"
"QROO_WILMA","3","WILMA_QROO_2005",2019-09-01,100,"C"
"TX_US_HARVEY","6","HARVEY_US_TX_2017",2019-09-01,98,"WG"
"TX_US_IKE","4","IKE_US_TX_2008",2019-09-01,312.3475,"SUS"
"TX_US_RITA","4","RITA_US_TX_2005",2019-09-01,230,"SUS"
"US_FL_DELTA","4","DELTA_US_LA_2020",2019-09-01,85,"SUS"
"US_FL_DENNIS","4","DENNIS_US_FL_2005",2019-09-01,8,"SUS"
"VER_MX_KARL","5","KARL_MX_VER_2010",2019-09-01,135,"SG"
"YUC_DELTA","5","DELTA_YUCATAN_MX_2020",2019-09-01,97,"SG"
"YUC_MX_EMILY","5","EMILY_MX_YUC_2005",2019-09-01,105,"SG"
"YUC_MX_ISIDORE","5","ISIDORE_MX_YUC_2002",2019-09-01,83,"SG"
"AL_US_IVAN","4","IVAN_US_AL_2004",2019-10-01,176,"SUS"
"AL_US_SALLY","4","SALLY_US_AL_2020",2019-10-01,207,"SUS"
"ALEX","6","ALEX_2010",2019-10-01,75,"WG"
"BELICE_RICHARD","3","RICHARD_BELICE_2010",2019-10-01,253,"C"
"BELIZE_IRIS","2","IRIS_BELIZE_2001",2019-10-01,350,"CA"
"BETA","2","BETA_2005",2019-10-01,287,"CA"
"CR_OTTO","2","OTTO_CR_2016",2019-10-01,292,"CA"
"CUBA_DENNIS","3","DENNIS_CUBA_2005",2019-10-01,174,"C"
"CUBA_GUSTAV","3","GUSTAV_CUBA_2008",2019-10-01,148,"C"
"CUBA_IAN","3","IAN_CUBA_2022",2019-10-01,170,"C"
"CUBA_MICHELLE","3","MICHELLE_CUBA_2001",2019-10-01,192,"C"
"CUBA_PALOMA","3","PALOMA_CUBA_2008",2019-10-01,164,"C"
"CUBA_SANDY","3","SANDY_CUBA_2012",2019-10-01,124,"C"
"DEAN_QROO_MX","5","DEAN_QROO_MX_2007",2019-10-01,206,"SG"
"FL_US_CHARLEY","1","CHARLEY_2004",2019-10-01,114,"FP"
"FL_US_FRANCES","1","FRANCES_US_FL_2004",2019-10-01,138,"FP"
"FL_US_IAN","1","IAN_US_FL_2022",2019-10-01,97,"FP"
"FL_US_IRMA","1","IRMA_US_FL_2017",2019-10-01,84,"FP"
"FL_US_JEANNE","1","JEANNE_US_FL_2004",2019-10-01,138,"FP"
"FL_US_MICHAEL","4","MICHAEL_US_FL_2018",2019-10-01,149,"SUS"
"FL_US_WILMA","1","WILMA_US_FL_2005",2019-10-01,109,"FP"
"LA_US_GUSTAV","4","GUSTAV_US_LA_2008",2019-10-01,235,"SUS"
"LA_US_IDA","4","IDA_US_LA_2009",2019-10-01,250,"SUS"
"LA_US_KATRINA","4","KATRINA_US_LA_2005",2019-10-01,244,"SUS"
"LA_US_LAURA","4","LAURA_US_LA_2020",2019-10-01,218,"SUS"
"LA_US_ZETA","4","ZETA_US_LA_2020",2019-10-01,237,"SUS"
"MX_ERNESTO","5","ERNESTO_MX_2012",2019-10-01,207,"SG"
"MX_GRACE","3","GRACE_MX_2021",2019-10-01,251,"C"
"MX_TAMPS_EMILY","6","EMILY_TAMPS_MX_2005",2019-10-01,67,"WG"
"NC_US_ISABEL","4","ISABEL_US_NC_2003",2019-10-01,102,"SUS"
"NIC_ETA","2","ETA_NIC_2020",2019-10-01,310,"CA"
"NIC_FELIX","2","FELIX_NIC_2007",2019-10-01,319,"CA"
"NIC_IOTA","2","IOTA_NIC_2020",2019-10-01,308,"CA"
"PR_USA_MARIA","3","MARIA_US_PR_2017",2019-10-01,138,"C"
"QROO_WILMA","3","WILMA_QROO_2005",2019-10-01,133,"C"
"TX_US_HARVEY","6","HARVEY_US_TX_2017",2019-10-01,94,"WG"
"TX_US_IKE","4","IKE_US_TX_2008",2019-10-01,220,"SUS"
"TX_US_RITA","4","RITA_US_TX_2005",2019-10-01,264,"SUS"
"US_FL_DELTA","4","DELTA_US_LA_2020",2019-10-01,221,"SUS"
"US_FL_DENNIS","4","DENNIS_US_FL_2005",2019-10-01,167,"SUS"
"VER_MX_KARL","5","KARL_MX_VER_2010",2019-10-01,113,"SG"
"YUC_DELTA","5","DELTA_YUCATAN_MX_2020",2019-10-01,133,"SG"
"YUC_MX_EMILY","5","EMILY_MX_YUC_2005",2019-10-01,150,"SG"
"YUC_MX_ISIDORE","5","ISIDORE_MX_YUC_2002",2019-10-01,174,"SG"
"AL_US_IVAN","4","IVAN_US_AL_2004",2019-11-01,36,"SUS"
"AL_US_SALLY","4","SALLY_US_AL_2020",2019-11-01,27,"SUS"
"ALEX","6","ALEX_2010",2019-11-01,19,"WG"
"BELICE_RICHARD","3","RICHARD_BELICE_2010",2019-11-01,86,"C"
"BELIZE_IRIS","2","IRIS_BELIZE_2001",2019-11-01,141,"CA"
"BETA","2","BETA_2005",2019-11-01,127,"CA"
"CR_OTTO","2","OTTO_CR_2016",2019-11-01,255,"CA"
"CUBA_DENNIS","3","DENNIS_CUBA_2005",2019-11-01,7,"C"
"CUBA_GUSTAV","3","GUSTAV_CUBA_2008",2019-11-01,43,"C"
"CUBA_IAN","3","IAN_CUBA_2022",2019-11-01,47,"C"
"CUBA_MICHELLE","3","MICHELLE_CUBA_2001",2019-11-01,9,"C"
"CUBA_PALOMA","3","PALOMA_CUBA_2008",2019-11-01,21,"C"
"CUBA_SANDY","3","SANDY_CUBA_2012",2019-11-01,49,"C"
"DEAN_QROO_MX","5","DEAN_QROO_MX_2007",2019-11-01,58,"SG"
"FL_US_CHARLEY","1","CHARLEY_2004",2019-11-01,36,"FP"
"FL_US_FRANCES","1","FRANCES_US_FL_2004",2019-11-01,38,"FP"
"FL_US_IAN","1","IAN_US_FL_2022",2019-11-01,34,"FP"
"FL_US_IRMA","1","IRMA_US_FL_2017",2019-11-01,29,"FP"
"FL_US_JEANNE","1","JEANNE_US_FL_2004",2019-11-01,40,"FP"
"FL_US_MICHAEL","4","MICHAEL_US_FL_2018",2019-11-01,41,"SUS"
"FL_US_WILMA","1","WILMA_US_FL_2005",2019-11-01,41,"FP"
"LA_US_GUSTAV","4","GUSTAV_US_LA_2008",2019-11-01,39,"SUS"
"LA_US_IDA","4","IDA_US_LA_2009",2019-11-01,42,"SUS"
"LA_US_KATRINA","4","KATRINA_US_LA_2005",2019-11-01,48,"SUS"
"LA_US_LAURA","4","LAURA_US_LA_2020",2019-11-01,59,"SUS"
"LA_US_ZETA","4","ZETA_US_LA_2020",2019-11-01,34,"SUS"
"MX_ERNESTO","5","ERNESTO_MX_2012",2019-11-01,61,"SG"
"MX_GRACE","3","GRACE_MX_2021",2019-11-01,53,"C"
"MX_TAMPS_EMILY","6","EMILY_TAMPS_MX_2005",2019-11-01,21,"WG"
"NC_US_ISABEL","4","ISABEL_US_NC_2003",2019-11-01,98,"SUS"
"NIC_ETA","2","ETA_NIC_2020",2019-11-01,155,"CA"
"NIC_FELIX","2","FELIX_NIC_2007",2019-11-01,189,"CA"
"NIC_IOTA","2","IOTA_NIC_2020",2019-11-01,145,"CA"
"PR_USA_MARIA","3","MARIA_US_PR_2017",2019-11-01,103,"C"
"QROO_WILMA","3","WILMA_QROO_2005",2019-11-01,107,"C"
"TX_US_HARVEY","6","HARVEY_US_TX_2017",2019-11-01,30,"WG"
"TX_US_IKE","4","IKE_US_TX_2008",2019-11-01,67,"SUS"
"TX_US_RITA","4","RITA_US_TX_2005",2019-11-01,64,"SUS"
"US_FL_DELTA","4","DELTA_US_LA_2020",2019-11-01,69,"SUS"
"US_FL_DENNIS","4","DENNIS_US_FL_2005",2019-11-01,42,"SUS"
"VER_MX_KARL","5","KARL_MX_VER_2010",2019-11-01,44,"SG"
"YUC_DELTA","5","DELTA_YUCATAN_MX_2020",2019-11-01,94,"SG"
"YUC_MX_EMILY","5","EMILY_MX_YUC_2005",2019-11-01,63,"SG"
"YUC_MX_ISIDORE","5","ISIDORE_MX_YUC_2002",2019-11-01,51,"SG"
"AL_US_IVAN","4","IVAN_US_AL_2004",2019-12-01,172,"SUS"
"AL_US_SALLY","4","SALLY_US_AL_2020",2019-12-01,126,"SUS"
"ALEX","6","ALEX_2010",2019-12-01,20,"WG"
"BELICE_RICHARD","3","RICHARD_BELICE_2010",2019-12-01,104,"C"
"BELIZE_IRIS","2","IRIS_BELIZE_2001",2019-12-01,154,"CA"
"BETA","2","BETA_2005",2019-12-01,105,"CA"
"CR_OTTO","2","OTTO_CR_2016",2019-12-01,360.4286,"CA"
"CUBA_DENNIS","3","DENNIS_CUBA_2005",2019-12-01,16,"C"
"CUBA_GUSTAV","3","GUSTAV_CUBA_2008",2019-12-01,179,"C"
"CUBA_IAN","3","IAN_CUBA_2022",2019-12-01,167,"C"
"CUBA_MICHELLE","3","MICHELLE_CUBA_2001",2019-12-01,17,"C"
"CUBA_PALOMA","3","PALOMA_CUBA_2008",2019-12-01,29,"C"
"CUBA_SANDY","3","SANDY_CUBA_2012",2019-12-01,44,"C"
"DEAN_QROO_MX","5","DEAN_QROO_MX_2007",2019-12-01,74,"SG"
"FL_US_CHARLEY","1","CHARLEY_2004",2019-12-01,138,"FP"
"FL_US_FRANCES","1","FRANCES_US_FL_2004",2019-12-01,111,"FP"
"FL_US_IAN","1","IAN_US_FL_2022",2019-12-01,128,"FP"
"FL_US_IRMA","1","IRMA_US_FL_2017",2019-12-01,96,"FP"
"FL_US_JEANNE","1","JEANNE_US_FL_2004",2019-12-01,108,"FP"
"FL_US_MICHAEL","4","MICHAEL_US_FL_2018",2019-12-01,187,"SUS"
"FL_US_WILMA","1","WILMA_US_FL_2005",2019-12-01,79,"FP"
"LA_US_GUSTAV","4","GUSTAV_US_LA_2008",2019-12-01,77,"SUS"
"LA_US_IDA","4","IDA_US_LA_2009",2019-12-01,103,"SUS"
"LA_US_KATRINA","4","KATRINA_US_LA_2005",2019-12-01,127,"SUS"
"LA_US_LAURA","4","LAURA_US_LA_2020",2019-12-01,60,"SUS"
"LA_US_ZETA","4","ZETA_US_LA_2020",2019-12-01,102,"SUS"
"MX_ERNESTO","5","ERNESTO_MX_2012",2019-12-01,74,"SG"
"MX_GRACE","3","GRACE_MX_2021",2019-12-01,25,"C"
"MX_TAMPS_EMILY","6","EMILY_TAMPS_MX_2005",2019-12-01,16,"WG"
"NC_US_ISABEL","4","ISABEL_US_NC_2003",2019-12-01,76,"SUS"
"NIC_ETA","2","ETA_NIC_2020",2019-12-01,113,"CA"
"NIC_FELIX","2","FELIX_NIC_2007",2019-12-01,152,"CA"
"NIC_IOTA","2","IOTA_NIC_2020",2019-12-01,105,"CA"
"PR_USA_MARIA","3","MARIA_US_PR_2017",2019-12-01,202,"C"
"QROO_WILMA","3","WILMA_QROO_2005",2019-12-01,59,"C"
"TX_US_HARVEY","6","HARVEY_US_TX_2017",2019-12-01,37,"WG"
"TX_US_IKE","4","IKE_US_TX_2008",2019-12-01,61,"SUS"
"TX_US_RITA","4","RITA_US_TX_2005",2019-12-01,67,"SUS"
"US_FL_DELTA","4","DELTA_US_LA_2020",2019-12-01,56,"SUS"
"US_FL_DENNIS","4","DENNIS_US_FL_2005",2019-12-01,185,"SUS"
"VER_MX_KARL","5","KARL_MX_VER_2010",2019-12-01,9,"SG"
"YUC_DELTA","5","DELTA_YUCATAN_MX_2020",2019-12-01,54,"SG"
"YUC_MX_EMILY","5","EMILY_MX_YUC_2005",2019-12-01,48,"SG"
"YUC_MX_ISIDORE","5","ISIDORE_MX_YUC_2002",2019-12-01,32,"SG"
"AL_US_IVAN","4","IVAN_US_AL_2004",2020-01-01,145,"SUS"
"AL_US_SALLY","4","SALLY_US_AL_2020",2020-01-01,139,"SUS"
"ALEX","6","ALEX_2010",2020-01-01,24,"WG"
"BELICE_RICHARD","3","RICHARD_BELICE_2010",2020-01-01,118,"C"
"BELIZE_IRIS","2","IRIS_BELIZE_2001",2020-01-01,164,"CA"
"BETA","2","BETA_2005",2020-01-01,162,"CA"
"CR_OTTO","2","OTTO_CR_2016",2020-01-01,243,"CA"
"CUBA_DENNIS","3","DENNIS_CUBA_2005",2020-01-01,8,"C"
"CUBA_GUSTAV","3","GUSTAV_CUBA_2008",2020-01-01,20,"C"
"CUBA_IAN","3","IAN_CUBA_2022",2020-01-01,21,"C"
"CUBA_MICHELLE","3","MICHELLE_CUBA_2001",2020-01-01,10,"C"
"CUBA_PALOMA","3","PALOMA_CUBA_2008",2020-01-01,16,"C"
"CUBA_SANDY","3","SANDY_CUBA_2012",2020-01-01,31,"C"
"DEAN_QROO_MX","5","DEAN_QROO_MX_2007",2020-01-01,38,"SG"
"FL_US_CHARLEY","1","CHARLEY_2004",2020-01-01,19,"FP"
"FL_US_FRANCES","1","FRANCES_US_FL_2004",2020-01-01,15,"FP"
"FL_US_IAN","1","IAN_US_FL_2022",2020-01-01,19,"FP"
"FL_US_IRMA","1","IRMA_US_FL_2017",2020-01-01,19,"FP"
"FL_US_JEANNE","1","JEANNE_US_FL_2004",2020-01-01,15,"FP"
"FL_US_MICHAEL","4","MICHAEL_US_FL_2018",2020-01-01,87,"SUS"
"FL_US_WILMA","1","WILMA_US_FL_2005",2020-01-01,16,"FP"
"LA_US_GUSTAV","4","GUSTAV_US_LA_2008",2020-01-01,141,"SUS"
"LA_US_IDA","4","IDA_US_LA_2009",2020-01-01,130,"SUS"
"LA_US_KATRINA","4","KATRINA_US_LA_2005",2020-01-01,154,"SUS"
"LA_US_LAURA","4","LAURA_US_LA_2020",2020-01-01,171,"SUS"
"LA_US_ZETA","4","ZETA_US_LA_2020",2020-01-01,127,"SUS"
"MX_ERNESTO","5","ERNESTO_MX_2012",2020-01-01,41,"SG"
"MX_GRACE","3","GRACE_MX_2021",2020-01-01,81,"C"
"MX_TAMPS_EMILY","6","EMILY_TAMPS_MX_2005",2020-01-01,21,"WG"
"NC_US_ISABEL","4","ISABEL_US_NC_2003",2020-01-01,71,"SUS"
"NIC_ETA","2","ETA_NIC_2020",2020-01-01,151,"CA"
"NIC_FELIX","2","FELIX_NIC_2007",2020-01-01,164,"CA"
"NIC_IOTA","2","IOTA_NIC_2020",2020-01-01,149,"CA"
"PR_USA_MARIA","3","MARIA_US_PR_2017",2020-01-01,174,"C"
"QROO_WILMA","3","WILMA_QROO_2005",2020-01-01,47,"C"
"TX_US_HARVEY","6","HARVEY_US_TX_2017",2020-01-01,53,"WG"
"TX_US_IKE","4","IKE_US_TX_2008",2020-01-01,159,"SUS"
"TX_US_RITA","4","RITA_US_TX_2005",2020-01-01,149,"SUS"
"US_FL_DELTA","4","DELTA_US_LA_2020",2020-01-01,222,"SUS"
"US_FL_DENNIS","4","DENNIS_US_FL_2005",2020-01-01,147,"SUS"
"VER_MX_KARL","5","KARL_MX_VER_2010",2020-01-01,38,"SG"
"YUC_DELTA","5","DELTA_YUCATAN_MX_2020",2020-01-01,41,"SG"
"YUC_MX_EMILY","5","EMILY_MX_YUC_2005",2020-01-01,25,"SG"
"YUC_MX_ISIDORE","5","ISIDORE_MX_YUC_2002",2020-01-01,17,"SG"
"AL_US_IVAN","4","IVAN_US_AL_2004",2020-02-01,226,"SUS"
"AL_US_SALLY","4","SALLY_US_AL_2020",2020-02-01,216,"SUS"
"ALEX","6","ALEX_2010",2020-02-01,6,"WG"
"BELICE_RICHARD","3","RICHARD_BELICE_2010",2020-02-01,52,"C"
"BELIZE_IRIS","2","IRIS_BELIZE_2001",2020-02-01,82,"CA"
"BETA","2","BETA_2005",2020-02-01,66,"CA"
"CR_OTTO","2","OTTO_CR_2016",2020-02-01,123,"CA"
"CUBA_DENNIS","3","DENNIS_CUBA_2005",2020-02-01,13,"C"
"CUBA_GUSTAV","3","GUSTAV_CUBA_2008",2020-02-01,35,"C"
"CUBA_IAN","3","IAN_CUBA_2022",2020-02-01,36,"C"
"CUBA_MICHELLE","3","MICHELLE_CUBA_2001",2020-02-01,13,"C"
"CUBA_PALOMA","3","PALOMA_CUBA_2008",2020-02-01,9,"C"
"CUBA_SANDY","3","SANDY_CUBA_2012",2020-02-01,32,"C"
"DEAN_QROO_MX","5","DEAN_QROO_MX_2007",2020-02-01,11,"SG"
"FL_US_CHARLEY","1","CHARLEY_2004",2020-02-01,66,"FP"
"FL_US_FRANCES","1","FRANCES_US_FL_2004",2020-02-01,65,"FP"
"FL_US_IAN","1","IAN_US_FL_2022",2020-02-01,69,"FP"
"FL_US_IRMA","1","IRMA_US_FL_2017",2020-02-01,68,"FP"
"FL_US_JEANNE","1","JEANNE_US_FL_2004",2020-02-01,65,"FP"
"FL_US_MICHAEL","4","MICHAEL_US_FL_2018",2020-02-01,148,"SUS"
"FL_US_WILMA","1","WILMA_US_FL_2005",2020-02-01,77,"FP"
"LA_US_GUSTAV","4","GUSTAV_US_LA_2008",2020-02-01,119,"SUS"
"LA_US_IDA","4","IDA_US_LA_2009",2020-02-01,153,"SUS"
"LA_US_KATRINA","4","KATRINA_US_LA_2005",2020-02-01,215,"SUS"
"LA_US_LAURA","4","LAURA_US_LA_2020",2020-02-01,128,"SUS"
"LA_US_ZETA","4","ZETA_US_LA_2020",2020-02-01,113,"SUS"
"MX_ERNESTO","5","ERNESTO_MX_2012",2020-02-01,11,"SG"
"MX_GRACE","3","GRACE_MX_2021",2020-02-01,53,"C"
"MX_TAMPS_EMILY","6","EMILY_TAMPS_MX_2005",2020-02-01,6,"WG"
"NC_US_ISABEL","4","ISABEL_US_NC_2003",2020-02-01,132,"SUS"
"NIC_ETA","2","ETA_NIC_2020",2020-02-01,63,"CA"
"NIC_FELIX","2","FELIX_NIC_2007",2020-02-01,70,"CA"
"NIC_IOTA","2","IOTA_NIC_2020",2020-02-01,60,"CA"
"PR_USA_MARIA","3","MARIA_US_PR_2017",2020-02-01,88,"C"
"QROO_WILMA","3","WILMA_QROO_2005",2020-02-01,31,"C"
"TX_US_HARVEY","6","HARVEY_US_TX_2017",2020-02-01,25,"WG"
"TX_US_IKE","4","IKE_US_TX_2008",2020-02-01,77,"SUS"
"TX_US_RITA","4","RITA_US_TX_2005",2020-02-01,119,"SUS"
"US_FL_DELTA","4","DELTA_US_LA_2020",2020-02-01,122,"SUS"
"US_FL_DENNIS","4","DENNIS_US_FL_2005",2020-02-01,229,"SUS"
"VER_MX_KARL","5","KARL_MX_VER_2010",2020-02-01,20,"SG"
"YUC_DELTA","5","DELTA_YUCATAN_MX_2020",2020-02-01,28,"SG"
"YUC_MX_EMILY","5","EMILY_MX_YUC_2005",2020-02-01,27,"SG"
"YUC_MX_ISIDORE","5","ISIDORE_MX_YUC_2002",2020-02-01,16,"SG"
"AL_US_IVAN","4","IVAN_US_AL_2004",2020-03-01,92,"SUS"
"AL_US_SALLY","4","SALLY_US_AL_2020",2020-03-01,57,"SUS"
"ALEX","6","ALEX_2010",2020-03-01,7,"WG"
"BELICE_RICHARD","3","RICHARD_BELICE_2010",2020-03-01,45,"C"
"BELIZE_IRIS","2","IRIS_BELIZE_2001",2020-03-01,94,"CA"
"BETA","2","BETA_2005",2020-03-01,93,"CA"
"CR_OTTO","2","OTTO_CR_2016",2020-03-01,123,"CA"
"CUBA_DENNIS","3","DENNIS_CUBA_2005",2020-03-01,1,"C"
"CUBA_GUSTAV","3","GUSTAV_CUBA_2008",2020-03-01,8,"C"
"CUBA_IAN","3","IAN_CUBA_2022",2020-03-01,5,"C"
"CUBA_MICHELLE","3","MICHELLE_CUBA_2001",2020-03-01,1,"C"
"CUBA_PALOMA","3","PALOMA_CUBA_2008",2020-03-01,13,"C"
"CUBA_SANDY","3","SANDY_CUBA_2012",2020-03-01,32,"C"
"DEAN_QROO_MX","5","DEAN_QROO_MX_2007",2020-03-01,5,"SG"
"FL_US_CHARLEY","1","CHARLEY_2004",2020-03-01,3,"FP"
"FL_US_FRANCES","1","FRANCES_US_FL_2004",2020-03-01,4,"FP"
"FL_US_IAN","1","IAN_US_FL_2022",2020-03-01,3,"FP"
"FL_US_IRMA","1","IRMA_US_FL_2017",2020-03-01,3,"FP"
"FL_US_JEANNE","1","JEANNE_US_FL_2004",2020-03-01,5,"FP"
"FL_US_MICHAEL","4","MICHAEL_US_FL_2018",2020-03-01,44,"SUS"
"FL_US_WILMA","1","WILMA_US_FL_2005",2020-03-01,5,"FP"
"LA_US_GUSTAV","4","GUSTAV_US_LA_2008",2020-03-01,22,"SUS"
"LA_US_IDA","4","IDA_US_LA_2009",2020-03-01,28,"SUS"
"LA_US_KATRINA","4","KATRINA_US_LA_2005",2020-03-01,73,"SUS"
"LA_US_LAURA","4","LAURA_US_LA_2020",2020-03-01,64,"SUS"
"LA_US_ZETA","4","ZETA_US_LA_2020",2020-03-01,28,"SUS"
"MX_ERNESTO","5","ERNESTO_MX_2012",2020-03-01,5,"SG"
"MX_GRACE","3","GRACE_MX_2021",2020-03-01,29,"C"
"MX_TAMPS_EMILY","6","EMILY_TAMPS_MX_2005",2020-03-01,9,"WG"
"NC_US_ISABEL","4","ISABEL_US_NC_2003",2020-03-01,59,"SUS"
"NIC_ETA","2","ETA_NIC_2020",2020-03-01,101,"CA"
"NIC_FELIX","2","FELIX_NIC_2007",2020-03-01,97,"CA"
"NIC_IOTA","2","IOTA_NIC_2020",2020-03-01,99,"CA"
"PR_USA_MARIA","3","MARIA_US_PR_2017",2020-03-01,91,"C"
"QROO_WILMA","3","WILMA_QROO_2005",2020-03-01,8,"C"
"TX_US_HARVEY","6","HARVEY_US_TX_2017",2020-03-01,18,"WG"
"TX_US_IKE","4","IKE_US_TX_2008",2020-03-01,74,"SUS"
"TX_US_RITA","4","RITA_US_TX_2005",2020-03-01,57,"SUS"
"US_FL_DELTA","4","DELTA_US_LA_2020",2020-03-01,49,"SUS"
"US_FL_DENNIS","4","DENNIS_US_FL_2005",2020-03-01,97,"SUS"
"VER_MX_KARL","5","KARL_MX_VER_2010",2020-03-01,5,"SG"
"YUC_DELTA","5","DELTA_YUCATAN_MX_2020",2020-03-01,5,"SG"
"YUC_MX_EMILY","5","EMILY_MX_YUC_2005",2020-03-01,7,"SG"
"YUC_MX_ISIDORE","5","ISIDORE_MX_YUC_2002",2020-03-01,1,"SG"
"AL_US_IVAN","4","IVAN_US_AL_2004",2020-04-01,83,"SUS"
"AL_US_SALLY","4","SALLY_US_AL_2020",2020-04-01,79,"SUS"
"ALEX","6","ALEX_2010",2020-04-01,17,"WG"
"BELICE_RICHARD","3","RICHARD_BELICE_2010",2020-04-01,5,"C"
"BELIZE_IRIS","2","IRIS_BELIZE_2001",2020-04-01,10,"CA"
"BETA","2","BETA_2005",2020-04-01,23,"CA"
"CR_OTTO","2","OTTO_CR_2016",2020-04-01,56,"CA"
"CUBA_DENNIS","3","DENNIS_CUBA_2005",2020-04-01,73,"C"
"CUBA_GUSTAV","3","GUSTAV_CUBA_2008",2020-04-01,81,"C"
"CUBA_IAN","3","IAN_CUBA_2022",2020-04-01,67,"C"
"CUBA_MICHELLE","3","MICHELLE_CUBA_2001",2020-04-01,78,"C"
"CUBA_PALOMA","3","PALOMA_CUBA_2008",2020-04-01,31,"C"
"CUBA_SANDY","3","SANDY_CUBA_2012",2020-04-01,10,"C"
"DEAN_QROO_MX","5","DEAN_QROO_MX_2007",2020-04-01,4,"SG"
"FL_US_CHARLEY","1","CHARLEY_2004",2020-04-01,46,"FP"
"FL_US_FRANCES","1","FRANCES_US_FL_2004",2020-04-01,47,"FP"
"FL_US_IAN","1","IAN_US_FL_2022",2020-04-01,39,"FP"
"FL_US_IRMA","1","IRMA_US_FL_2017",2020-04-01,43,"FP"
"FL_US_JEANNE","1","JEANNE_US_FL_2004",2020-04-01,48,"FP"
"FL_US_MICHAEL","4","MICHAEL_US_FL_2018",2020-04-01,179,"SUS"
"FL_US_WILMA","1","WILMA_US_FL_2005",2020-04-01,47,"FP"
"LA_US_GUSTAV","4","GUSTAV_US_LA_2008",2020-04-01,67,"SUS"
"LA_US_IDA","4","IDA_US_LA_2009",2020-04-01,67,"SUS"
"LA_US_KATRINA","4","KATRINA_US_LA_2005",2020-04-01,112,"SUS"
"LA_US_LAURA","4","LAURA_US_LA_2020",2020-04-01,99,"SUS"
"LA_US_ZETA","4","ZETA_US_LA_2020",2020-04-01,63,"SUS"
"MX_ERNESTO","5","ERNESTO_MX_2012",2020-04-01,4,"SG"
"MX_GRACE","3","GRACE_MX_2021",2020-04-01,58,"C"
"MX_TAMPS_EMILY","6","EMILY_TAMPS_MX_2005",2020-04-01,22,"WG"
"NC_US_ISABEL","4","ISABEL_US_NC_2003",2020-04-01,107,"SUS"
"NIC_ETA","2","ETA_NIC_2020",2020-04-01,15,"CA"
"NIC_FELIX","2","FELIX_NIC_2007",2020-04-01,11,"CA"
"NIC_IOTA","2","IOTA_NIC_2020",2020-04-01,17,"CA"
"PR_USA_MARIA","3","MARIA_US_PR_2017",2020-04-01,73,"C"
"QROO_WILMA","3","WILMA_QROO_2005",2020-04-01,19,"C"
"TX_US_HARVEY","6","HARVEY_US_TX_2017",2020-04-01,59,"WG"
"TX_US_IKE","4","IKE_US_TX_2008",2020-04-01,91,"SUS"
"TX_US_RITA","4","RITA_US_TX_2005",2020-04-01,119,"SUS"
"US_FL_DELTA","4","DELTA_US_LA_2020",2020-04-01,108,"SUS"
"US_FL_DENNIS","4","DENNIS_US_FL_2005",2020-04-01,83,"SUS"
"VER_MX_KARL","5","KARL_MX_VER_2010",2020-04-01,21,"SG"
"YUC_DELTA","5","DELTA_YUCATAN_MX_2020",2020-04-01,18,"SG"
"YUC_MX_EMILY","5","EMILY_MX_YUC_2005",2020-04-01,15,"SG"
"YUC_MX_ISIDORE","5","ISIDORE_MX_YUC_2002",2020-04-01,10,"SG"
"AL_US_IVAN","4","IVAN_US_AL_2004",2020-05-01,119,"SUS"
"AL_US_SALLY","4","SALLY_US_AL_2020",2020-05-01,122,"SUS"
"ALEX","6","ALEX_2010",2020-05-01,101,"WG"
"BELICE_RICHARD","3","RICHARD_BELICE_2010",2020-05-01,204,"C"
"BELIZE_IRIS","2","IRIS_BELIZE_2001",2020-05-01,257,"CA"
"BETA","2","BETA_2005",2020-05-01,311,"CA"
"CR_OTTO","2","OTTO_CR_2016",2020-05-01,294,"CA"
"CUBA_DENNIS","3","DENNIS_CUBA_2005",2020-05-01,441,"C"
"CUBA_GUSTAV","3","GUSTAV_CUBA_2008",2020-05-01,371,"C"
"CUBA_IAN","3","IAN_CUBA_2022",2020-05-01,370,"C"
"CUBA_MICHELLE","3","MICHELLE_CUBA_2001",2020-05-01,392.8057,"C"
"CUBA_PALOMA","3","PALOMA_CUBA_2008",2020-05-01,260,"C"
"CUBA_SANDY","3","SANDY_CUBA_2012",2020-05-01,240,"C"
"DEAN_QROO_MX","5","DEAN_QROO_MX_2007",2020-05-01,134,"SG"
"FL_US_CHARLEY","1","CHARLEY_2004",2020-05-01,214,"FP"
"FL_US_FRANCES","1","FRANCES_US_FL_2004",2020-05-01,218,"FP"
"FL_US_IAN","1","IAN_US_FL_2022",2020-05-01,212,"FP"
"FL_US_IRMA","1","IRMA_US_FL_2017",2020-05-01,220,"FP"
"FL_US_JEANNE","1","JEANNE_US_FL_2004",2020-05-01,224,"FP"
"FL_US_MICHAEL","4","MICHAEL_US_FL_2018",2020-05-01,95,"SUS"
"FL_US_WILMA","1","WILMA_US_FL_2005",2020-05-01,254,"FP"
"LA_US_GUSTAV","4","GUSTAV_US_LA_2008",2020-05-01,157,"SUS"
"LA_US_IDA","4","IDA_US_LA_2009",2020-05-01,165,"SUS"
"LA_US_KATRINA","4","KATRINA_US_LA_2005",2020-05-01,153,"SUS"
"LA_US_LAURA","4","LAURA_US_LA_2020",2020-05-01,91,"SUS"
"LA_US_ZETA","4","ZETA_US_LA_2020",2020-05-01,188,"SUS"
"MX_ERNESTO","5","ERNESTO_MX_2012",2020-05-01,137,"SG"
"MX_GRACE","3","GRACE_MX_2021",2020-05-01,123,"C"
"MX_TAMPS_EMILY","6","EMILY_TAMPS_MX_2005",2020-05-01,99,"WG"
"NC_US_ISABEL","4","ISABEL_US_NC_2003",2020-05-01,164,"SUS"
"NIC_ETA","2","ETA_NIC_2020",2020-05-01,267,"CA"
"NIC_FELIX","2","FELIX_NIC_2007",2020-05-01,231,"CA"
"NIC_IOTA","2","IOTA_NIC_2020",2020-05-01,273,"CA"
"PR_USA_MARIA","3","MARIA_US_PR_2017",2020-05-01,80,"C"
"QROO_WILMA","3","WILMA_QROO_2005",2020-05-01,179,"C"
"TX_US_HARVEY","6","HARVEY_US_TX_2017",2020-05-01,92,"WG"
"TX_US_IKE","4","IKE_US_TX_2008",2020-05-01,165,"SUS"
"TX_US_RITA","4","RITA_US_TX_2005",2020-05-01,101,"SUS"
"US_FL_DELTA","4","DELTA_US_LA_2020",2020-05-01,87,"SUS"
"US_FL_DENNIS","4","DENNIS_US_FL_2005",2020-05-01,122,"SUS"
"VER_MX_KARL","5","KARL_MX_VER_2010",2020-05-01,72,"SG"
"YUC_DELTA","5","DELTA_YUCATAN_MX_2020",2020-05-01,158,"SG"
"YUC_MX_EMILY","5","EMILY_MX_YUC_2005",2020-05-01,130,"SG"
"YUC_MX_ISIDORE","5","ISIDORE_MX_YUC_2002",2020-05-01,89,"SG"
"AL_US_IVAN","4","IVAN_US_AL_2004",2020-06-01,194,"SUS"
"AL_US_SALLY","4","SALLY_US_AL_2020",2020-06-01,236,"SUS"
"ALEX","6","ALEX_2010",2020-06-01,99,"WG"
"BELICE_RICHARD","3","RICHARD_BELICE_2010",2020-06-01,315,"C"
"BELIZE_IRIS","2","IRIS_BELIZE_2001",2020-06-01,529,"CA"
"BETA","2","BETA_2005",2020-06-01,485,"CA"
"CR_OTTO","2","OTTO_CR_2016",2020-06-01,536,"CA"
"CUBA_DENNIS","3","DENNIS_CUBA_2005",2020-06-01,135,"C"
"CUBA_GUSTAV","3","GUSTAV_CUBA_2008",2020-06-01,251,"C"
"CUBA_IAN","3","IAN_CUBA_2022",2020-06-01,259,"C"
"CUBA_MICHELLE","3","MICHELLE_CUBA_2001",2020-06-01,177,"C"
"CUBA_PALOMA","3","PALOMA_CUBA_2008",2020-06-01,116,"C"
"CUBA_SANDY","3","SANDY_CUBA_2012",2020-06-01,125,"C"
"DEAN_QROO_MX","5","DEAN_QROO_MX_2007",2020-06-01,299,"SG"
"FL_US_CHARLEY","1","CHARLEY_2004",2020-06-01,285,"FP"
"FL_US_FRANCES","1","FRANCES_US_FL_2004",2020-06-01,235,"FP"
"FL_US_IAN","1","IAN_US_FL_2022",2020-06-01,278,"FP"
"FL_US_IRMA","1","IRMA_US_FL_2017",2020-06-01,301,"FP"
"FL_US_JEANNE","1","JEANNE_US_FL_2004",2020-06-01,240,"FP"
"FL_US_MICHAEL","4","MICHAEL_US_FL_2018",2020-06-01,125,"SUS"
"FL_US_WILMA","1","WILMA_US_FL_2005",2020-06-01,303,"FP"
"LA_US_GUSTAV","4","GUSTAV_US_LA_2008",2020-06-01,240,"SUS"
"LA_US_IDA","4","IDA_US_LA_2009",2020-06-01,208,"SUS"
"LA_US_KATRINA","4","KATRINA_US_LA_2005",2020-06-01,187,"SUS"
"LA_US_LAURA","4","LAURA_US_LA_2020",2020-06-01,131,"SUS"
"LA_US_ZETA","4","ZETA_US_LA_2020",2020-06-01,176,"SUS"
"MX_ERNESTO","5","ERNESTO_MX_2012",2020-06-01,302,"SG"
"MX_GRACE","3","GRACE_MX_2021",2020-06-01,202,"C"
"MX_TAMPS_EMILY","6","EMILY_TAMPS_MX_2005",2020-06-01,104,"WG"
"NC_US_ISABEL","4","ISABEL_US_NC_2003",2020-06-01,195,"SUS"
"NIC_ETA","2","ETA_NIC_2020",2020-06-01,529,"CA"
"NIC_FELIX","2","FELIX_NIC_2007",2020-06-01,461,"CA"
"NIC_IOTA","2","IOTA_NIC_2020",2020-06-01,549,"CA"
"PR_USA_MARIA","3","MARIA_US_PR_2017",2020-06-01,132,"C"
"QROO_WILMA","3","WILMA_QROO_2005",2020-06-01,250,"C"
"TX_US_HARVEY","6","HARVEY_US_TX_2017",2020-06-01,124,"WG"
"TX_US_IKE","4","IKE_US_TX_2008",2020-06-01,133,"SUS"
"TX_US_RITA","4","RITA_US_TX_2005",2020-06-01,136,"SUS"
"US_FL_DELTA","4","DELTA_US_LA_2020",2020-06-01,124,"SUS"
"US_FL_DENNIS","4","DENNIS_US_FL_2005",2020-06-01,196,"SUS"
"VER_MX_KARL","5","KARL_MX_VER_2010",2020-06-01,164.3165,"SG"
"YUC_DELTA","5","DELTA_YUCATAN_MX_2020",2020-06-01,237,"SG"
"YUC_MX_EMILY","5","EMILY_MX_YUC_2005",2020-06-01,287,"SG"
"YUC_MX_ISIDORE","5","ISIDORE_MX_YUC_2002",2020-06-01,329,"SG"
"AL_US_IVAN","4","IVAN_US_AL_2004",2020-07-01,212,"SUS"
"AL_US_SALLY","4","SALLY_US_AL_2020",2020-07-01,218,"SUS"
"ALEX","6","ALEX_2010",2020-07-01,85,"WG"
"BELICE_RICHARD","3","RICHARD_BELICE_2010",2020-07-01,150,"C"
"BELIZE_IRIS","2","IRIS_BELIZE_2001",2020-07-01,346,"CA"
"BETA","2","BETA_2005",2020-07-01,340,"CA"
"CR_OTTO","2","OTTO_CR_2016",2020-07-01,360.8,"CA"
"CUBA_DENNIS","3","DENNIS_CUBA_2005",2020-07-01,273,"C"
"CUBA_GUSTAV","3","GUSTAV_CUBA_2008",2020-07-01,207,"C"
"CUBA_IAN","3","IAN_CUBA_2022",2020-07-01,198,"C"
"CUBA_MICHELLE","3","MICHELLE_CUBA_2001",2020-07-01,271,"C"
"CUBA_PALOMA","3","PALOMA_CUBA_2008",2020-07-01,191,"C"
"CUBA_SANDY","3","SANDY_CUBA_2012",2020-07-01,160,"C"
"DEAN_QROO_MX","5","DEAN_QROO_MX_2007",2020-07-01,71,"SG"
"FL_US_CHARLEY","1","CHARLEY_2004",2020-07-01,189,"FP"
"FL_US_FRANCES","1","FRANCES_US_FL_2004",2020-07-01,200,"FP"
"FL_US_IAN","1","IAN_US_FL_2022",2020-07-01,177,"FP"
"FL_US_IRMA","1","IRMA_US_FL_2017",2020-07-01,214,"FP"
"FL_US_JEANNE","1","JEANNE_US_FL_2004",2020-07-01,201,"FP"
"FL_US_MICHAEL","4","MICHAEL_US_FL_2018",2020-07-01,178,"SUS"
"FL_US_WILMA","1","WILMA_US_FL_2005",2020-07-01,189,"FP"
"LA_US_GUSTAV","4","GUSTAV_US_LA_2008",2020-07-01,299,"SUS"
"LA_US_IDA","4","IDA_US_LA_2009",2020-07-01,275,"SUS"
"LA_US_KATRINA","4","KATRINA_US_LA_2005",2020-07-01,251,"SUS"
"LA_US_LAURA","4","LAURA_US_LA_2020",2020-07-01,178,"SUS"
"LA_US_ZETA","4","ZETA_US_LA_2020",2020-07-01,303,"SUS"
"MX_ERNESTO","5","ERNESTO_MX_2012",2020-07-01,71,"SG"
"MX_GRACE","3","GRACE_MX_2021",2020-07-01,73,"C"
"MX_TAMPS_EMILY","6","EMILY_TAMPS_MX_2005",2020-07-01,171,"WG"
"NC_US_ISABEL","4","ISABEL_US_NC_2003",2020-07-01,89,"SUS"
"NIC_ETA","2","ETA_NIC_2020",2020-07-01,337,"CA"
"NIC_FELIX","2","FELIX_NIC_2007",2020-07-01,306,"CA"
"NIC_IOTA","2","IOTA_NIC_2020",2020-07-01,332,"CA"
"PR_USA_MARIA","3","MARIA_US_PR_2017",2020-07-01,288.5,"C"
"QROO_WILMA","3","WILMA_QROO_2005",2020-07-01,96,"C"
"TX_US_HARVEY","6","HARVEY_US_TX_2017",2020-07-01,106,"WG"
"TX_US_IKE","4","IKE_US_TX_2008",2020-07-01,151,"SUS"
"TX_US_RITA","4","RITA_US_TX_2005",2020-07-01,163,"SUS"
"US_FL_DELTA","4","DELTA_US_LA_2020",2020-07-01,175,"SUS"
"US_FL_DENNIS","4","DENNIS_US_FL_2005",2020-07-01,187,"SUS"
"VER_MX_KARL","5","KARL_MX_VER_2010",2020-07-01,122,"SG"
"YUC_DELTA","5","DELTA_YUCATAN_MX_2020",2020-07-01,115,"SG"
"YUC_MX_EMILY","5","EMILY_MX_YUC_2005",2020-07-01,108,"SG"
"YUC_MX_ISIDORE","5","ISIDORE_MX_YUC_2002",2020-07-01,93.5,"SG"
"AL_US_IVAN","4","IVAN_US_AL_2004",2020-08-01,236,"SUS"
"AL_US_SALLY","4","SALLY_US_AL_2020",2020-08-01,239,"SUS"
"ALEX","6","ALEX_2010",2020-08-01,38,"WG"
"BELICE_RICHARD","3","RICHARD_BELICE_2010",2020-08-01,197,"C"
"BELIZE_IRIS","2","IRIS_BELIZE_2001",2020-08-01,515,"CA"
"BETA","2","BETA_2005",2020-08-01,330,"CA"
"CR_OTTO","2","OTTO_CR_2016",2020-08-01,362,"CA"
"CUBA_DENNIS","3","DENNIS_CUBA_2005",2020-08-01,148,"C"
"CUBA_GUSTAV","3","GUSTAV_CUBA_2008",2020-08-01,197,"C"
"CUBA_IAN","3","IAN_CUBA_2022",2020-08-01,224,"C"
"CUBA_MICHELLE","3","MICHELLE_CUBA_2001",2020-08-01,154,"C"
"CUBA_PALOMA","3","PALOMA_CUBA_2008",2020-08-01,129,"C"
"CUBA_SANDY","3","SANDY_CUBA_2012",2020-08-01,176,"C"
"DEAN_QROO_MX","5","DEAN_QROO_MX_2007",2020-08-01,120,"SG"
"FL_US_CHARLEY","1","CHARLEY_2004",2020-08-01,226,"FP"
"FL_US_FRANCES","1","FRANCES_US_FL_2004",2020-08-01,221,"FP"
"FL_US_IAN","1","IAN_US_FL_2022",2020-08-01,225,"FP"
"FL_US_IRMA","1","IRMA_US_FL_2017",2020-08-01,206,"FP"
"FL_US_JEANNE","1","JEANNE_US_FL_2004",2020-08-01,217,"FP"
"FL_US_MICHAEL","4","MICHAEL_US_FL_2018",2020-08-01,195,"SUS"
"FL_US_WILMA","1","WILMA_US_FL_2005",2020-08-01,201,"FP"
"LA_US_GUSTAV","4","GUSTAV_US_LA_2008",2020-08-01,141,"SUS"
"LA_US_IDA","4","IDA_US_LA_2009",2020-08-01,146,"SUS"
"LA_US_KATRINA","4","KATRINA_US_LA_2005",2020-08-01,174,"SUS"
"LA_US_LAURA","4","LAURA_US_LA_2020",2020-08-01,183,"SUS"
"LA_US_ZETA","4","ZETA_US_LA_2020",2020-08-01,163,"SUS"
"MX_ERNESTO","5","ERNESTO_MX_2012",2020-08-01,118,"SG"
"MX_GRACE","3","GRACE_MX_2021",2020-08-01,210.499,"C"
"MX_TAMPS_EMILY","6","EMILY_TAMPS_MX_2005",2020-08-01,37,"WG"
"NC_US_ISABEL","4","ISABEL_US_NC_2003",2020-08-01,160,"SUS"
"NIC_ETA","2","ETA_NIC_2020",2020-08-01,364,"CA"
"NIC_FELIX","2","FELIX_NIC_2007",2020-08-01,364,"CA"
"NIC_IOTA","2","IOTA_NIC_2020",2020-08-01,360,"CA"
"PR_USA_MARIA","3","MARIA_US_PR_2017",2020-08-01,233,"C"
"QROO_WILMA","3","WILMA_QROO_2005",2020-08-01,139,"C"
"TX_US_HARVEY","6","HARVEY_US_TX_2017",2020-08-01,34,"WG"
"TX_US_IKE","4","IKE_US_TX_2008",2020-08-01,64,"SUS"
"TX_US_RITA","4","RITA_US_TX_2005",2020-08-01,154,"SUS"
"US_FL_DELTA","4","DELTA_US_LA_2020",2020-08-01,212,"SUS"
"US_FL_DENNIS","4","DENNIS_US_FL_2005",2020-08-01,205,"SUS"
"VER_MX_KARL","5","KARL_MX_VER_2010",2020-08-01,292.5702,"SG"
"YUC_DELTA","5","DELTA_YUCATAN_MX_2020",2020-08-01,139,"SG"
"YUC_MX_EMILY","5","EMILY_MX_YUC_2005",2020-08-01,149,"SG"
"YUC_MX_ISIDORE","5","ISIDORE_MX_YUC_2002",2020-08-01,154,"SG"
"AL_US_IVAN","4","IVAN_US_AL_2004",2020-09-01,332.5,"SUS"
"AL_US_SALLY","4","SALLY_US_AL_2020",2020-09-01,444,"SUS"
"ALEX","6","ALEX_2010",2020-09-01,116,"WG"
"BELICE_RICHARD","3","RICHARD_BELICE_2010",2020-09-01,202,"C"
"BELIZE_IRIS","2","IRIS_BELIZE_2001",2020-09-01,379,"CA"
"BETA","2","BETA_2005",2020-09-01,248,"CA"
"CR_OTTO","2","OTTO_CR_2016",2020-09-01,292,"CA"
"CUBA_DENNIS","3","DENNIS_CUBA_2005",2020-09-01,213,"C"
"CUBA_GUSTAV","3","GUSTAV_CUBA_2008",2020-09-01,206,"C"
"CUBA_IAN","3","IAN_CUBA_2022",2020-09-01,196,"C"
"CUBA_MICHELLE","3","MICHELLE_CUBA_2001",2020-09-01,198,"C"
"CUBA_PALOMA","3","PALOMA_CUBA_2008",2020-09-01,190,"C"
"CUBA_SANDY","3","SANDY_CUBA_2012",2020-09-01,146,"C"
"DEAN_QROO_MX","5","DEAN_QROO_MX_2007",2020-09-01,161,"SG"
"FL_US_CHARLEY","1","CHARLEY_2004",2020-09-01,226,"FP"
"FL_US_FRANCES","1","FRANCES_US_FL_2004",2020-09-01,198,"FP"
"FL_US_IAN","1","IAN_US_FL_2022",2020-09-01,217,"FP"
"FL_US_IRMA","1","IRMA_US_FL_2017",2020-09-01,281,"FP"
"FL_US_JEANNE","1","JEANNE_US_FL_2004",2020-09-01,198,"FP"
"FL_US_MICHAEL","4","MICHAEL_US_FL_2018",2020-09-01,298,"SUS"
"FL_US_WILMA","1","WILMA_US_FL_2005",2020-09-01,308,"FP"
"LA_US_GUSTAV","4","GUSTAV_US_LA_2008",2020-09-01,366,"SUS"
"LA_US_IDA","4","IDA_US_LA_2009",2020-09-01,357,"SUS"
"LA_US_KATRINA","4","KATRINA_US_LA_2005",2020-09-01,205,"SUS"
"LA_US_LAURA","4","LAURA_US_LA_2020",2020-09-01,152,"SUS"
"LA_US_ZETA","4","ZETA_US_LA_2020",2020-09-01,359,"SUS"
"MX_ERNESTO","5","ERNESTO_MX_2012",2020-09-01,166,"SG"
"MX_GRACE","3","GRACE_MX_2021",2020-09-01,392.6722,"C"
"MX_TAMPS_EMILY","6","EMILY_TAMPS_MX_2005",2020-09-01,168,"WG"
"NC_US_ISABEL","4","ISABEL_US_NC_2003",2020-09-01,192,"SUS"
"NIC_ETA","2","ETA_NIC_2020",2020-09-01,232,"CA"
"NIC_FELIX","2","FELIX_NIC_2007",2020-09-01,228,"CA"
"NIC_IOTA","2","IOTA_NIC_2020",2020-09-01,224,"CA"
"PR_USA_MARIA","3","MARIA_US_PR_2017",2020-09-01,203,"C"
"QROO_WILMA","3","WILMA_QROO_2005",2020-09-01,153,"C"
"TX_US_HARVEY","6","HARVEY_US_TX_2017",2020-09-01,217,"WG"
"TX_US_IKE","4","IKE_US_TX_2008",2020-09-01,183,"SUS"
"TX_US_RITA","4","RITA_US_TX_2005",2020-09-01,160,"SUS"
"US_FL_DELTA","4","DELTA_US_LA_2020",2020-09-01,172,"SUS"
"US_FL_DENNIS","4","DENNIS_US_FL_2005",2020-09-01,372.6667,"SUS"
"VER_MX_KARL","5","KARL_MX_VER_2010",2020-09-01,262.6627,"SG"
"YUC_DELTA","5","DELTA_YUCATAN_MX_2020",2020-09-01,159,"SG"
"YUC_MX_EMILY","5","EMILY_MX_YUC_2005",2020-09-01,151,"SG"
"YUC_MX_ISIDORE","5","ISIDORE_MX_YUC_2002",2020-09-01,133,"SG"
"AL_US_IVAN","4","IVAN_US_AL_2004",2020-10-01,95,"SUS"
"AL_US_SALLY","4","SALLY_US_AL_2020",2020-10-01,82,"SUS"
"ALEX","6","ALEX_2010",2020-10-01,17,"WG"
"BELICE_RICHARD","3","RICHARD_BELICE_2010",2020-10-01,197,"C"
"BELIZE_IRIS","2","IRIS_BELIZE_2001",2020-10-01,298.2547,"CA"
"BETA","2","BETA_2005",2020-10-01,391,"CA"
"CR_OTTO","2","OTTO_CR_2016",2020-10-01,396,"CA"
"CUBA_DENNIS","3","DENNIS_CUBA_2005",2020-10-01,284,"C"
"CUBA_GUSTAV","3","GUSTAV_CUBA_2008",2020-10-01,316,"C"
"CUBA_IAN","3","IAN_CUBA_2022",2020-10-01,330,"C"
"CUBA_MICHELLE","3","MICHELLE_CUBA_2001",2020-10-01,291,"C"
"CUBA_PALOMA","3","PALOMA_CUBA_2008",2020-10-01,183,"C"
"CUBA_SANDY","3","SANDY_CUBA_2012",2020-10-01,209,"C"
"DEAN_QROO_MX","5","DEAN_QROO_MX_2007",2020-10-01,150,"SG"
"FL_US_CHARLEY","1","CHARLEY_2004",2020-10-01,56,"FP"
"FL_US_FRANCES","1","FRANCES_US_FL_2004",2020-10-01,147,"FP"
"FL_US_IAN","1","IAN_US_FL_2022",2020-10-01,66,"FP"
"FL_US_IRMA","1","IRMA_US_FL_2017",2020-10-01,118,"FP"
"FL_US_JEANNE","1","JEANNE_US_FL_2004",2020-10-01,160,"FP"
"FL_US_MICHAEL","4","MICHAEL_US_FL_2018",2020-10-01,97,"SUS"
"FL_US_WILMA","1","WILMA_US_FL_2005",2020-10-01,212,"FP"
"LA_US_GUSTAV","4","GUSTAV_US_LA_2008",2020-10-01,129,"SUS"
"LA_US_IDA","4","IDA_US_LA_2009",2020-10-01,149,"SUS"
"LA_US_KATRINA","4","KATRINA_US_LA_2005",2020-10-01,129,"SUS"
"LA_US_LAURA","4","LAURA_US_LA_2020",2020-10-01,155,"SUS"
"LA_US_ZETA","4","ZETA_US_LA_2020",2020-10-01,151,"SUS"
"MX_ERNESTO","5","ERNESTO_MX_2012",2020-10-01,151,"SG"
"MX_GRACE","3","GRACE_MX_2021",2020-10-01,54,"C"
"MX_TAMPS_EMILY","6","EMILY_TAMPS_MX_2005",2020-10-01,17,"WG"
"NC_US_ISABEL","4","ISABEL_US_NC_2003",2020-10-01,72,"SUS"
"NIC_ETA","2","ETA_NIC_2020",2020-10-01,348,"CA"
"NIC_FELIX","2","FELIX_NIC_2007",2020-10-01,351,"CA"
"NIC_IOTA","2","IOTA_NIC_2020",2020-10-01,349,"CA"
"PR_USA_MARIA","3","MARIA_US_PR_2017",2020-10-01,226,"C"
"QROO_WILMA","3","WILMA_QROO_2005",2020-10-01,433,"C"
"TX_US_HARVEY","6","HARVEY_US_TX_2017",2020-10-01,22,"WG"
"TX_US_IKE","4","IKE_US_TX_2008",2020-10-01,91,"SUS"
"TX_US_RITA","4","RITA_US_TX_2005",2020-10-01,159,"SUS"
"US_FL_DELTA","4","DELTA_US_LA_2020",2020-10-01,167,"SUS"
"US_FL_DENNIS","4","DENNIS_US_FL_2005",2020-10-01,87,"SUS"
"VER_MX_KARL","5","KARL_MX_VER_2010",2020-10-01,38,"SG"
"YUC_DELTA","5","DELTA_YUCATAN_MX_2020",2020-10-01,452,"SG"
"YUC_MX_EMILY","5","EMILY_MX_YUC_2005",2020-10-01,422,"SG"
"YUC_MX_ISIDORE","5","ISIDORE_MX_YUC_2002",2020-10-01,316,"SG"
"AL_US_IVAN","4","IVAN_US_AL_2004",2020-11-01,74,"SUS"
"AL_US_SALLY","4","SALLY_US_AL_2020",2020-11-01,55,"SUS"
"ALEX","6","ALEX_2010",2020-11-01,16,"WG"
"BELICE_RICHARD","3","RICHARD_BELICE_2010",2020-11-01,430.4411,"C"
"BELIZE_IRIS","2","IRIS_BELIZE_2001",2020-11-01,600.3871,"CA"
"BETA","2","BETA_2005",2020-11-01,488.2222,"CA"
"CR_OTTO","2","OTTO_CR_2016",2020-11-01,530.8422,"CA"
"CUBA_DENNIS","3","DENNIS_CUBA_2005",2020-11-01,79,"C"
"CUBA_GUSTAV","3","GUSTAV_CUBA_2008",2020-11-01,161,"C"
"CUBA_IAN","3","IAN_CUBA_2022",2020-11-01,175,"C"
"CUBA_MICHELLE","3","MICHELLE_CUBA_2001",2020-11-01,88,"C"
"CUBA_PALOMA","3","PALOMA_CUBA_2008",2020-11-01,173,"C"
"CUBA_SANDY","3","SANDY_CUBA_2012",2020-11-01,204,"C"
"DEAN_QROO_MX","5","DEAN_QROO_MX_2007",2020-11-01,123,"SG"
"FL_US_CHARLEY","1","CHARLEY_2004",2020-11-01,83,"FP"
"FL_US_FRANCES","1","FRANCES_US_FL_2004",2020-11-01,100,"FP"
"FL_US_IAN","1","IAN_US_FL_2022",2020-11-01,84,"FP"
"FL_US_IRMA","1","IRMA_US_FL_2017",2020-11-01,110,"FP"
"FL_US_JEANNE","1","JEANNE_US_FL_2004",2020-11-01,105,"FP"
"FL_US_MICHAEL","4","MICHAEL_US_FL_2018",2020-11-01,36,"SUS"
"FL_US_WILMA","1","WILMA_US_FL_2005",2020-11-01,171,"FP"
"LA_US_GUSTAV","4","GUSTAV_US_LA_2008",2020-11-01,86,"SUS"
"LA_US_IDA","4","IDA_US_LA_2009",2020-11-01,92,"SUS"
"LA_US_KATRINA","4","KATRINA_US_LA_2005",2020-11-01,107,"SUS"
"LA_US_LAURA","4","LAURA_US_LA_2020",2020-11-01,85,"SUS"
"LA_US_ZETA","4","ZETA_US_LA_2020",2020-11-01,89,"SUS"
"MX_ERNESTO","5","ERNESTO_MX_2012",2020-11-01,120,"SG"
"MX_GRACE","3","GRACE_MX_2021",2020-11-01,108,"C"
"MX_TAMPS_EMILY","6","EMILY_TAMPS_MX_2005",2020-11-01,11,"WG"
"NC_US_ISABEL","4","ISABEL_US_NC_2003",2020-11-01,148,"SUS"
"NIC_ETA","2","ETA_NIC_2020",2020-11-01,956.9622,"CA"
"NIC_FELIX","2","FELIX_NIC_2007",2020-11-01,946.3405,"CA"
"NIC_IOTA","2","IOTA_NIC_2020",2020-11-01,948.1667,"CA"
"PR_USA_MARIA","3","MARIA_US_PR_2017",2020-11-01,290,"C"
"QROO_WILMA","3","WILMA_QROO_2005",2020-11-01,146,"C"
"TX_US_HARVEY","6","HARVEY_US_TX_2017",2020-11-01,82,"WG"
"TX_US_IKE","4","IKE_US_TX_2008",2020-11-01,70,"SUS"
"TX_US_RITA","4","RITA_US_TX_2005",2020-11-01,83,"SUS"
"US_FL_DELTA","4","DELTA_US_LA_2020",2020-11-01,91,"SUS"
"US_FL_DENNIS","4","DENNIS_US_FL_2005",2020-11-01,70,"SUS"
"VER_MX_KARL","5","KARL_MX_VER_2010",2020-11-01,76,"SG"
"YUC_DELTA","5","DELTA_YUCATAN_MX_2020",2020-11-01,132,"SG"
"YUC_MX_EMILY","5","EMILY_MX_YUC_2005",2020-11-01,106,"SG"
"YUC_MX_ISIDORE","5","ISIDORE_MX_YUC_2002",2020-11-01,55,"SG"
"AL_US_IVAN","4","IVAN_US_AL_2004",2020-12-01,99,"SUS"
"AL_US_SALLY","4","SALLY_US_AL_2020",2020-12-01,90,"SUS"
"ALEX","6","ALEX_2010",2020-12-01,9,"WG"
"BELICE_RICHARD","3","RICHARD_BELICE_2010",2020-12-01,105,"C"
"BELIZE_IRIS","2","IRIS_BELIZE_2001",2020-12-01,133,"CA"
"BETA","2","BETA_2005",2020-12-01,143,"CA"
"CR_OTTO","2","OTTO_CR_2016",2020-12-01,390.56,"CA"
"CUBA_DENNIS","3","DENNIS_CUBA_2005",2020-12-01,12,"C"
"CUBA_GUSTAV","3","GUSTAV_CUBA_2008",2020-12-01,79,"C"
"CUBA_IAN","3","IAN_CUBA_2022",2020-12-01,78,"C"
"CUBA_MICHELLE","3","MICHELLE_CUBA_2001",2020-12-01,13,"C"
"CUBA_PALOMA","3","PALOMA_CUBA_2008",2020-12-01,17,"C"
"CUBA_SANDY","3","SANDY_CUBA_2012",2020-12-01,26,"C"
"DEAN_QROO_MX","5","DEAN_QROO_MX_2007",2020-12-01,44,"SG"
"FL_US_CHARLEY","1","CHARLEY_2004",2020-12-01,48,"FP"
"FL_US_FRANCES","1","FRANCES_US_FL_2004",2020-12-01,49,"FP"
"FL_US_IAN","1","IAN_US_FL_2022",2020-12-01,49,"FP"
"FL_US_IRMA","1","IRMA_US_FL_2017",2020-12-01,47,"FP"
"FL_US_JEANNE","1","JEANNE_US_FL_2004",2020-12-01,50,"FP"
"FL_US_MICHAEL","4","MICHAEL_US_FL_2018",2020-12-01,114,"SUS"
"FL_US_WILMA","1","WILMA_US_FL_2005",2020-12-01,47,"FP"
"LA_US_GUSTAV","4","GUSTAV_US_LA_2008",2020-12-01,122,"SUS"
"LA_US_IDA","4","IDA_US_LA_2009",2020-12-01,128,"SUS"
"LA_US_KATRINA","4","KATRINA_US_LA_2005",2020-12-01,138,"SUS"
"LA_US_LAURA","4","LAURA_US_LA_2020",2020-12-01,207,"SUS"
"LA_US_ZETA","4","ZETA_US_LA_2020",2020-12-01,123,"SUS"
"MX_ERNESTO","5","ERNESTO_MX_2012",2020-12-01,43,"SG"
"MX_GRACE","3","GRACE_MX_2021",2020-12-01,24,"C"
"MX_TAMPS_EMILY","6","EMILY_TAMPS_MX_2005",2020-12-01,8,"WG"
"NC_US_ISABEL","4","ISABEL_US_NC_2003",2020-12-01,103,"SUS"
"NIC_ETA","2","ETA_NIC_2020",2020-12-01,157,"CA"
"NIC_FELIX","2","FELIX_NIC_2007",2020-12-01,217,"CA"
"NIC_IOTA","2","IOTA_NIC_2020",2020-12-01,144,"CA"
"PR_USA_MARIA","3","MARIA_US_PR_2017",2020-12-01,104,"C"
"QROO_WILMA","3","WILMA_QROO_2005",2020-12-01,70,"C"
"TX_US_HARVEY","6","HARVEY_US_TX_2017",2020-12-01,55,"WG"
"TX_US_IKE","4","IKE_US_TX_2008",2020-12-01,160,"SUS"
"TX_US_RITA","4","RITA_US_TX_2005",2020-12-01,238,"SUS"
"US_FL_DELTA","4","DELTA_US_LA_2020",2020-12-01,162,"SUS"
"US_FL_DENNIS","4","DENNIS_US_FL_2005",2020-12-01,94,"SUS"
"VER_MX_KARL","5","KARL_MX_VER_2010",2020-12-01,8,"SG"
"YUC_DELTA","5","DELTA_YUCATAN_MX_2020",2020-12-01,49,"SG"
"YUC_MX_EMILY","5","EMILY_MX_YUC_2005",2020-12-01,47,"SG"
"YUC_MX_ISIDORE","5","ISIDORE_MX_YUC_2002",2020-12-01,28,"SG"
"AL_US_IVAN","4","IVAN_US_AL_2004",2021-01-01,118,"SUS"
"AL_US_SALLY","4","SALLY_US_AL_2020",2021-01-01,85,"SUS"
"ALEX","6","ALEX_2010",2021-01-01,18,"WG"
"BELICE_RICHARD","3","RICHARD_BELICE_2010",2021-01-01,122,"C"
"BELIZE_IRIS","2","IRIS_BELIZE_2001",2021-01-01,242,"CA"
"BETA","2","BETA_2005",2021-01-01,252,"CA"
"CR_OTTO","2","OTTO_CR_2016",2021-01-01,286,"CA"
"CUBA_DENNIS","3","DENNIS_CUBA_2005",2021-01-01,11,"C"
"CUBA_GUSTAV","3","GUSTAV_CUBA_2008",2021-01-01,26,"C"
"CUBA_IAN","3","IAN_CUBA_2022",2021-01-01,25,"C"
"CUBA_MICHELLE","3","MICHELLE_CUBA_2001",2021-01-01,13,"C"
"CUBA_PALOMA","3","PALOMA_CUBA_2008",2021-01-01,5,"C"
"CUBA_SANDY","3","SANDY_CUBA_2012",2021-01-01,12,"C"
"DEAN_QROO_MX","5","DEAN_QROO_MX_2007",2021-01-01,73,"SG"
"FL_US_CHARLEY","1","CHARLEY_2004",2021-01-01,13,"FP"
"FL_US_FRANCES","1","FRANCES_US_FL_2004",2021-01-01,14,"FP"
"FL_US_IAN","1","IAN_US_FL_2022",2021-01-01,15,"FP"
"FL_US_IRMA","1","IRMA_US_FL_2017",2021-01-01,22,"FP"
"FL_US_JEANNE","1","JEANNE_US_FL_2004",2021-01-01,15,"FP"
"FL_US_MICHAEL","4","MICHAEL_US_FL_2018",2021-01-01,153,"SUS"
"FL_US_WILMA","1","WILMA_US_FL_2005",2021-01-01,20,"FP"
"LA_US_GUSTAV","4","GUSTAV_US_LA_2008",2021-01-01,73,"SUS"
"LA_US_IDA","4","IDA_US_LA_2009",2021-01-01,87,"SUS"
"LA_US_KATRINA","4","KATRINA_US_LA_2005",2021-01-01,115,"SUS"
"LA_US_LAURA","4","LAURA_US_LA_2020",2021-01-01,83,"SUS"
"LA_US_ZETA","4","ZETA_US_LA_2020",2021-01-01,79,"SUS"
"MX_ERNESTO","5","ERNESTO_MX_2012",2021-01-01,71,"SG"
"MX_GRACE","3","GRACE_MX_2021",2021-01-01,53,"C"
"MX_TAMPS_EMILY","6","EMILY_TAMPS_MX_2005",2021-01-01,15,"WG"
"NC_US_ISABEL","4","ISABEL_US_NC_2003",2021-01-01,144,"SUS"
"NIC_ETA","2","ETA_NIC_2020",2021-01-01,180,"CA"
"NIC_FELIX","2","FELIX_NIC_2007",2021-01-01,184,"CA"
"NIC_IOTA","2","IOTA_NIC_2020",2021-01-01,181,"CA"
"PR_USA_MARIA","3","MARIA_US_PR_2017",2021-01-01,60,"C"
"QROO_WILMA","3","WILMA_QROO_2005",2021-01-01,80,"C"
"TX_US_HARVEY","6","HARVEY_US_TX_2017",2021-01-01,25,"WG"
"TX_US_IKE","4","IKE_US_TX_2008",2021-01-01,59,"SUS"
"TX_US_RITA","4","RITA_US_TX_2005",2021-01-01,72,"SUS"
"US_FL_DELTA","4","DELTA_US_LA_2020",2021-01-01,87,"SUS"
"US_FL_DENNIS","4","DENNIS_US_FL_2005",2021-01-01,113,"SUS"
"VER_MX_KARL","5","KARL_MX_VER_2010",2021-01-01,33,"SG"
"YUC_DELTA","5","DELTA_YUCATAN_MX_2020",2021-01-01,85,"SG"
"YUC_MX_EMILY","5","EMILY_MX_YUC_2005",2021-01-01,75,"SG"
"YUC_MX_ISIDORE","5","ISIDORE_MX_YUC_2002",2021-01-01,68,"SG"
"AL_US_IVAN","4","IVAN_US_AL_2004",2021-02-01,137,"SUS"
"AL_US_SALLY","4","SALLY_US_AL_2020",2021-02-01,154,"SUS"
"ALEX","6","ALEX_2010",2021-02-01,13,"WG"
"BELICE_RICHARD","3","RICHARD_BELICE_2010",2021-02-01,49,"C"
"BELIZE_IRIS","2","IRIS_BELIZE_2001",2021-02-01,51,"CA"
"BETA","2","BETA_2005",2021-02-01,66,"CA"
"CR_OTTO","2","OTTO_CR_2016",2021-02-01,93,"CA"
"CUBA_DENNIS","3","DENNIS_CUBA_2005",2021-02-01,15,"C"
"CUBA_GUSTAV","3","GUSTAV_CUBA_2008",2021-02-01,49,"C"
"CUBA_IAN","3","IAN_CUBA_2022",2021-02-01,49,"C"
"CUBA_MICHELLE","3","MICHELLE_CUBA_2001",2021-02-01,14,"C"
"CUBA_PALOMA","3","PALOMA_CUBA_2008",2021-02-01,8,"C"
"CUBA_SANDY","3","SANDY_CUBA_2012",2021-02-01,8,"C"
"DEAN_QROO_MX","5","DEAN_QROO_MX_2007",2021-02-01,21,"SG"
"FL_US_CHARLEY","1","CHARLEY_2004",2021-02-01,72,"FP"
"FL_US_FRANCES","1","FRANCES_US_FL_2004",2021-02-01,72,"FP"
"FL_US_IAN","1","IAN_US_FL_2022",2021-02-01,69,"FP"
"FL_US_IRMA","1","IRMA_US_FL_2017",2021-02-01,54,"FP"
"FL_US_JEANNE","1","JEANNE_US_FL_2004",2021-02-01,70,"FP"
"FL_US_MICHAEL","4","MICHAEL_US_FL_2018",2021-02-01,247,"SUS"
"FL_US_WILMA","1","WILMA_US_FL_2005",2021-02-01,50,"FP"
"LA_US_GUSTAV","4","GUSTAV_US_LA_2008",2021-02-01,97,"SUS"
"LA_US_IDA","4","IDA_US_LA_2009",2021-02-01,130,"SUS"
"LA_US_KATRINA","4","KATRINA_US_LA_2005",2021-02-01,136,"SUS"
"LA_US_LAURA","4","LAURA_US_LA_2020",2021-02-01,103,"SUS"
"LA_US_ZETA","4","ZETA_US_LA_2020",2021-02-01,136,"SUS"
"MX_ERNESTO","5","ERNESTO_MX_2012",2021-02-01,19,"SG"
"MX_GRACE","3","GRACE_MX_2021",2021-02-01,47,"C"
"MX_TAMPS_EMILY","6","EMILY_TAMPS_MX_2005",2021-02-01,15,"WG"
"NC_US_ISABEL","4","ISABEL_US_NC_2003",2021-02-01,166,"SUS"
"NIC_ETA","2","ETA_NIC_2020",2021-02-01,71,"CA"
"NIC_FELIX","2","FELIX_NIC_2007",2021-02-01,82,"CA"
"NIC_IOTA","2","IOTA_NIC_2020",2021-02-01,66,"CA"
"PR_USA_MARIA","3","MARIA_US_PR_2017",2021-02-01,55,"C"
"QROO_WILMA","3","WILMA_QROO_2005",2021-02-01,34,"C"
"TX_US_HARVEY","6","HARVEY_US_TX_2017",2021-02-01,31,"WG"
"TX_US_IKE","4","IKE_US_TX_2008",2021-02-01,107,"SUS"
"TX_US_RITA","4","RITA_US_TX_2005",2021-02-01,94,"SUS"
"US_FL_DELTA","4","DELTA_US_LA_2020",2021-02-01,105,"SUS"
"US_FL_DENNIS","4","DENNIS_US_FL_2005",2021-02-01,152,"SUS"
"VER_MX_KARL","5","KARL_MX_VER_2010",2021-02-01,28,"SG"
"YUC_DELTA","5","DELTA_YUCATAN_MX_2020",2021-02-01,36,"SG"
"YUC_MX_EMILY","5","EMILY_MX_YUC_2005",2021-02-01,53,"SG"
"YUC_MX_ISIDORE","5","ISIDORE_MX_YUC_2002",2021-02-01,15,"SG"
"AL_US_IVAN","4","IVAN_US_AL_2004",2021-03-01,206,"SUS"
"AL_US_SALLY","4","SALLY_US_AL_2020",2021-03-01,163,"SUS"
"ALEX","6","ALEX_2010",2021-03-01,7,"WG"
"BELICE_RICHARD","3","RICHARD_BELICE_2010",2021-03-01,40,"C"
"BELIZE_IRIS","2","IRIS_BELIZE_2001",2021-03-01,92,"CA"
"BETA","2","BETA_2005",2021-03-01,109,"CA"
"CR_OTTO","2","OTTO_CR_2016",2021-03-01,147.5,"CA"
"CUBA_DENNIS","3","DENNIS_CUBA_2005",2021-03-01,4,"C"
"CUBA_GUSTAV","3","GUSTAV_CUBA_2008",2021-03-01,12,"C"
"CUBA_IAN","3","IAN_CUBA_2022",2021-03-01,12,"C"
"CUBA_MICHELLE","3","MICHELLE_CUBA_2001",2021-03-01,6,"C"
"CUBA_PALOMA","3","PALOMA_CUBA_2008",2021-03-01,12,"C"
"CUBA_SANDY","3","SANDY_CUBA_2012",2021-03-01,16,"C"
"DEAN_QROO_MX","5","DEAN_QROO_MX_2007",2021-03-01,25,"SG"
"FL_US_CHARLEY","1","CHARLEY_2004",2021-03-01,18,"FP"
"FL_US_FRANCES","1","FRANCES_US_FL_2004",2021-03-01,21,"FP"
"FL_US_IAN","1","IAN_US_FL_2022",2021-03-01,20,"FP"
"FL_US_IRMA","1","IRMA_US_FL_2017",2021-03-01,32,"FP"
"FL_US_JEANNE","1","JEANNE_US_FL_2004",2021-03-01,23,"FP"
"FL_US_MICHAEL","4","MICHAEL_US_FL_2018",2021-03-01,84,"SUS"
"FL_US_WILMA","1","WILMA_US_FL_2005",2021-03-01,38,"FP"
"LA_US_GUSTAV","4","GUSTAV_US_LA_2008",2021-03-01,112,"SUS"
"LA_US_IDA","4","IDA_US_LA_2009",2021-03-01,143,"SUS"
"LA_US_KATRINA","4","KATRINA_US_LA_2005",2021-03-01,158,"SUS"
"LA_US_LAURA","4","LAURA_US_LA_2020",2021-03-01,97,"SUS"
"LA_US_ZETA","4","ZETA_US_LA_2020",2021-03-01,157,"SUS"
"MX_ERNESTO","5","ERNESTO_MX_2012",2021-03-01,21,"SG"
"MX_GRACE","3","GRACE_MX_2021",2021-03-01,37,"C"
"MX_TAMPS_EMILY","6","EMILY_TAMPS_MX_2005",2021-03-01,10,"WG"
"NC_US_ISABEL","4","ISABEL_US_NC_2003",2021-03-01,51,"SUS"
"NIC_ETA","2","ETA_NIC_2020",2021-03-01,155,"CA"
"NIC_FELIX","2","FELIX_NIC_2007",2021-03-01,132,"CA"
"NIC_IOTA","2","IOTA_NIC_2020",2021-03-01,151,"CA"
"PR_USA_MARIA","3","MARIA_US_PR_2017",2021-03-01,67,"C"
"QROO_WILMA","3","WILMA_QROO_2005",2021-03-01,27,"C"
"TX_US_HARVEY","6","HARVEY_US_TX_2017",2021-03-01,28,"WG"
"TX_US_IKE","4","IKE_US_TX_2008",2021-03-01,67,"SUS"
"TX_US_RITA","4","RITA_US_TX_2005",2021-03-01,76,"SUS"
"US_FL_DELTA","4","DELTA_US_LA_2020",2021-03-01,87,"SUS"
"US_FL_DENNIS","4","DENNIS_US_FL_2005",2021-03-01,188,"SUS"
"VER_MX_KARL","5","KARL_MX_VER_2010",2021-03-01,10,"SG"
"YUC_DELTA","5","DELTA_YUCATAN_MX_2020",2021-03-01,24,"SG"
"YUC_MX_EMILY","5","EMILY_MX_YUC_2005",2021-03-01,34,"SG"
"YUC_MX_ISIDORE","5","ISIDORE_MX_YUC_2002",2021-03-01,5,"SG"
"AL_US_IVAN","4","IVAN_US_AL_2004",2021-04-01,209,"SUS"
"AL_US_SALLY","4","SALLY_US_AL_2020",2021-04-01,221,"SUS"
"ALEX","6","ALEX_2010",2021-04-01,21,"WG"
"BELICE_RICHARD","3","RICHARD_BELICE_2010",2021-04-01,43,"C"
"BELIZE_IRIS","2","IRIS_BELIZE_2001",2021-04-01,63,"CA"
"BETA","2","BETA_2005",2021-04-01,82,"CA"
"CR_OTTO","2","OTTO_CR_2016",2021-04-01,131,"CA"
"CUBA_DENNIS","3","DENNIS_CUBA_2005",2021-04-01,14,"C"
"CUBA_GUSTAV","3","GUSTAV_CUBA_2008",2021-04-01,37,"C"
"CUBA_IAN","3","IAN_CUBA_2022",2021-04-01,38,"C"
"CUBA_MICHELLE","3","MICHELLE_CUBA_2001",2021-04-01,14,"C"
"CUBA_PALOMA","3","PALOMA_CUBA_2008",2021-04-01,20,"C"
"CUBA_SANDY","3","SANDY_CUBA_2012",2021-04-01,48,"C"
"DEAN_QROO_MX","5","DEAN_QROO_MX_2007",2021-04-01,26,"SG"
"FL_US_CHARLEY","1","CHARLEY_2004",2021-04-01,94,"FP"
"FL_US_FRANCES","1","FRANCES_US_FL_2004",2021-04-01,105,"FP"
"FL_US_IAN","1","IAN_US_FL_2022",2021-04-01,99,"FP"
"FL_US_IRMA","1","IRMA_US_FL_2017",2021-04-01,77,"FP"
"FL_US_JEANNE","1","JEANNE_US_FL_2004",2021-04-01,105,"FP"
"FL_US_MICHAEL","4","MICHAEL_US_FL_2018",2021-04-01,191,"SUS"
"FL_US_WILMA","1","WILMA_US_FL_2005",2021-04-01,83,"FP"
"LA_US_GUSTAV","4","GUSTAV_US_LA_2008",2021-04-01,181,"SUS"
"LA_US_IDA","4","IDA_US_LA_2009",2021-04-01,204,"SUS"
"LA_US_KATRINA","4","KATRINA_US_LA_2005",2021-04-01,250,"SUS"
"LA_US_LAURA","4","LAURA_US_LA_2020",2021-04-01,138,"SUS"
"LA_US_ZETA","4","ZETA_US_LA_2020",2021-04-01,209,"SUS"
"MX_ERNESTO","5","ERNESTO_MX_2012",2021-04-01,25,"SG"
"MX_GRACE","3","GRACE_MX_2021",2021-04-01,61,"C"
"MX_TAMPS_EMILY","6","EMILY_TAMPS_MX_2005",2021-04-01,22,"WG"
"NC_US_ISABEL","4","ISABEL_US_NC_2003",2021-04-01,44,"SUS"
"NIC_ETA","2","ETA_NIC_2020",2021-04-01,107,"CA"
"NIC_FELIX","2","FELIX_NIC_2007",2021-04-01,96,"CA"
"NIC_IOTA","2","IOTA_NIC_2020",2021-04-01,100,"CA"
"PR_USA_MARIA","3","MARIA_US_PR_2017",2021-04-01,107,"C"
"QROO_WILMA","3","WILMA_QROO_2005",2021-04-01,32,"C"
"TX_US_HARVEY","6","HARVEY_US_TX_2017",2021-04-01,77,"WG"
"TX_US_IKE","4","IKE_US_TX_2008",2021-04-01,106,"SUS"
"TX_US_RITA","4","RITA_US_TX_2005",2021-04-01,140,"SUS"
"US_FL_DELTA","4","DELTA_US_LA_2020",2021-04-01,148,"SUS"
"US_FL_DENNIS","4","DENNIS_US_FL_2005",2021-04-01,213,"SUS"
"VER_MX_KARL","5","KARL_MX_VER_2010",2021-04-01,11,"SG"
"YUC_DELTA","5","DELTA_YUCATAN_MX_2020",2021-04-01,32,"SG"
"YUC_MX_EMILY","5","EMILY_MX_YUC_2005",2021-04-01,25,"SG"
"YUC_MX_ISIDORE","5","ISIDORE_MX_YUC_2002",2021-04-01,24,"SG"
"AL_US_IVAN","4","IVAN_US_AL_2004",2021-05-01,197,"SUS"
"AL_US_SALLY","4","SALLY_US_AL_2020",2021-05-01,172,"SUS"
"ALEX","6","ALEX_2010",2021-05-01,103,"WG"
"BELICE_RICHARD","3","RICHARD_BELICE_2010",2021-05-01,84,"C"
"BELIZE_IRIS","2","IRIS_BELIZE_2001",2021-05-01,182,"CA"
"BETA","2","BETA_2005",2021-05-01,144,"CA"
"CR_OTTO","2","OTTO_CR_2016",2021-05-01,202,"CA"
"CUBA_DENNIS","3","DENNIS_CUBA_2005",2021-05-01,153,"C"
"CUBA_GUSTAV","3","GUSTAV_CUBA_2008",2021-05-01,137,"C"
"CUBA_IAN","3","IAN_CUBA_2022",2021-05-01,159,"C"
"CUBA_MICHELLE","3","MICHELLE_CUBA_2001",2021-05-01,143,"C"
"CUBA_PALOMA","3","PALOMA_CUBA_2008",2021-05-01,161,"C"
"CUBA_SANDY","3","SANDY_CUBA_2012",2021-05-01,154,"C"
"DEAN_QROO_MX","5","DEAN_QROO_MX_2007",2021-05-01,88,"SG"
"FL_US_CHARLEY","1","CHARLEY_2004",2021-05-01,23,"FP"
"FL_US_FRANCES","1","FRANCES_US_FL_2004",2021-05-01,48,"FP"
"FL_US_IAN","1","IAN_US_FL_2022",2021-05-01,24,"FP"
"FL_US_IRMA","1","IRMA_US_FL_2017",2021-05-01,24,"FP"
"FL_US_JEANNE","1","JEANNE_US_FL_2004",2021-05-01,48,"FP"
"FL_US_MICHAEL","4","MICHAEL_US_FL_2018",2021-05-01,71,"SUS"
"FL_US_WILMA","1","WILMA_US_FL_2005",2021-05-01,34,"FP"
"LA_US_GUSTAV","4","GUSTAV_US_LA_2008",2021-05-01,226,"SUS"
"LA_US_IDA","4","IDA_US_LA_2009",2021-05-01,204,"SUS"
"LA_US_KATRINA","4","KATRINA_US_LA_2005",2021-05-01,233,"SUS"
"LA_US_LAURA","4","LAURA_US_LA_2020",2021-05-01,508,"SUS"
"LA_US_ZETA","4","ZETA_US_LA_2020",2021-05-01,223,"SUS"
"MX_ERNESTO","5","ERNESTO_MX_2012",2021-05-01,88,"SG"
"MX_GRACE","3","GRACE_MX_2021",2021-05-01,145,"C"
"MX_TAMPS_EMILY","6","EMILY_TAMPS_MX_2005",2021-05-01,90,"WG"
"NC_US_ISABEL","4","ISABEL_US_NC_2003",2021-05-01,85,"SUS"
"NIC_ETA","2","ETA_NIC_2020",2021-05-01,136,"CA"
"NIC_FELIX","2","FELIX_NIC_2007",2021-05-01,115,"CA"
"NIC_IOTA","2","IOTA_NIC_2020",2021-05-01,136,"CA"
"PR_USA_MARIA","3","MARIA_US_PR_2017",2021-05-01,90,"C"
"QROO_WILMA","3","WILMA_QROO_2005",2021-05-01,87,"C"
"TX_US_HARVEY","6","HARVEY_US_TX_2017",2021-05-01,263,"WG"
"TX_US_IKE","4","IKE_US_TX_2008",2021-05-01,369,"SUS"
"TX_US_RITA","4","RITA_US_TX_2005",2021-05-01,486,"SUS"
"US_FL_DELTA","4","DELTA_US_LA_2020",2021-05-01,460,"SUS"
"US_FL_DENNIS","4","DENNIS_US_FL_2005",2021-05-01,157,"SUS"
"VER_MX_KARL","5","KARL_MX_VER_2010",2021-05-01,83,"SG"
"YUC_DELTA","5","DELTA_YUCATAN_MX_2020",2021-05-01,82,"SG"
"YUC_MX_EMILY","5","EMILY_MX_YUC_2005",2021-05-01,74,"SG"
"YUC_MX_ISIDORE","5","ISIDORE_MX_YUC_2002",2021-05-01,61,"SG"
"AL_US_IVAN","4","IVAN_US_AL_2004",2021-06-01,257,"SUS"
"AL_US_SALLY","4","SALLY_US_AL_2020",2021-06-01,263,"SUS"
"ALEX","6","ALEX_2010",2021-06-01,83,"WG"
"BELICE_RICHARD","3","RICHARD_BELICE_2010",2021-06-01,206,"C"
"BELIZE_IRIS","2","IRIS_BELIZE_2001",2021-06-01,293,"CA"
"BETA","2","BETA_2005",2021-06-01,322,"CA"
"CR_OTTO","2","OTTO_CR_2016",2021-06-01,285,"CA"
"CUBA_DENNIS","3","DENNIS_CUBA_2005",2021-06-01,133,"C"
"CUBA_GUSTAV","3","GUSTAV_CUBA_2008",2021-06-01,220,"C"
"CUBA_IAN","3","IAN_CUBA_2022",2021-06-01,217,"C"
"CUBA_MICHELLE","3","MICHELLE_CUBA_2001",2021-06-01,167,"C"
"CUBA_PALOMA","3","PALOMA_CUBA_2008",2021-06-01,171,"C"
"CUBA_SANDY","3","SANDY_CUBA_2012",2021-06-01,177,"C"
"DEAN_QROO_MX","5","DEAN_QROO_MX_2007",2021-06-01,168,"SG"
"FL_US_CHARLEY","1","CHARLEY_2004",2021-06-01,317,"FP"
"FL_US_FRANCES","1","FRANCES_US_FL_2004",2021-06-01,238,"FP"
"FL_US_IAN","1","IAN_US_FL_2022",2021-06-01,311,"FP"
"FL_US_IRMA","1","IRMA_US_FL_2017",2021-06-01,347,"FP"
"FL_US_JEANNE","1","JEANNE_US_FL_2004",2021-06-01,242,"FP"
"FL_US_MICHAEL","4","MICHAEL_US_FL_2018",2021-06-01,273,"SUS"
"FL_US_WILMA","1","WILMA_US_FL_2005",2021-06-01,333,"FP"
"LA_US_GUSTAV","4","GUSTAV_US_LA_2008",2021-06-01,371,"SUS"
"LA_US_IDA","4","IDA_US_LA_2009",2021-06-01,360,"SUS"
"LA_US_KATRINA","4","KATRINA_US_LA_2005",2021-06-01,315,"SUS"
"LA_US_LAURA","4","LAURA_US_LA_2020",2021-06-01,191,"SUS"
"LA_US_ZETA","4","ZETA_US_LA_2020",2021-06-01,347,"SUS"
"MX_ERNESTO","5","ERNESTO_MX_2012",2021-06-01,169,"SG"
"MX_GRACE","3","GRACE_MX_2021",2021-06-01,164.9333,"C"
"MX_TAMPS_EMILY","6","EMILY_TAMPS_MX_2005",2021-06-01,76,"WG"
"NC_US_ISABEL","4","ISABEL_US_NC_2003",2021-06-01,225,"SUS"
"NIC_ETA","2","ETA_NIC_2020",2021-06-01,364,"CA"
"NIC_FELIX","2","FELIX_NIC_2007",2021-06-01,343,"CA"
"NIC_IOTA","2","IOTA_NIC_2020",2021-06-01,353,"CA"
"PR_USA_MARIA","3","MARIA_US_PR_2017",2021-06-01,238,"C"
"QROO_WILMA","3","WILMA_QROO_2005",2021-06-01,182,"C"
"TX_US_HARVEY","6","HARVEY_US_TX_2017",2021-06-01,151,"WG"
"TX_US_IKE","4","IKE_US_TX_2008",2021-06-01,223,"SUS"
"TX_US_RITA","4","RITA_US_TX_2005",2021-06-01,229,"SUS"
"US_FL_DELTA","4","DELTA_US_LA_2020",2021-06-01,198,"SUS"
"US_FL_DENNIS","4","DENNIS_US_FL_2005",2021-06-01,252,"SUS"
"VER_MX_KARL","5","KARL_MX_VER_2010",2021-06-01,263,"SG"
"YUC_DELTA","5","DELTA_YUCATAN_MX_2020",2021-06-01,181,"SG"
"YUC_MX_EMILY","5","EMILY_MX_YUC_2005",2021-06-01,194,"SG"
"YUC_MX_ISIDORE","5","ISIDORE_MX_YUC_2002",2021-06-01,214,"SG"
"AL_US_IVAN","4","IVAN_US_AL_2004",2021-07-01,243,"SUS"
"AL_US_SALLY","4","SALLY_US_AL_2020",2021-07-01,259,"SUS"
"ALEX","6","ALEX_2010",2021-07-01,171,"WG"
"BELICE_RICHARD","3","RICHARD_BELICE_2010",2021-07-01,240,"C"
"BELIZE_IRIS","2","IRIS_BELIZE_2001",2021-07-01,556.2,"CA"
"BETA","2","BETA_2005",2021-07-01,378,"CA"
"CR_OTTO","2","OTTO_CR_2016",2021-07-01,424.5,"CA"
"CUBA_DENNIS","3","DENNIS_CUBA_2005",2021-07-01,265,"C"
"CUBA_GUSTAV","3","GUSTAV_CUBA_2008",2021-07-01,99,"C"
"CUBA_IAN","3","IAN_CUBA_2022",2021-07-01,101,"C"
"CUBA_MICHELLE","3","MICHELLE_CUBA_2001",2021-07-01,227,"C"
"CUBA_PALOMA","3","PALOMA_CUBA_2008",2021-07-01,163,"C"
"CUBA_SANDY","3","SANDY_CUBA_2012",2021-07-01,136,"C"
"DEAN_QROO_MX","5","DEAN_QROO_MX_2007",2021-07-01,91,"SG"
"FL_US_CHARLEY","1","CHARLEY_2004",2021-07-01,420,"FP"
"FL_US_FRANCES","1","FRANCES_US_FL_2004",2021-07-01,297,"FP"
"FL_US_IAN","1","IAN_US_FL_2022",2021-07-01,395,"FP"
"FL_US_IRMA","1","IRMA_US_FL_2017",2021-07-01,422,"FP"
"FL_US_JEANNE","1","JEANNE_US_FL_2004",2021-07-01,301,"FP"
"FL_US_MICHAEL","4","MICHAEL_US_FL_2018",2021-07-01,257,"SUS"
"FL_US_WILMA","1","WILMA_US_FL_2005",2021-07-01,327,"FP"
"LA_US_GUSTAV","4","GUSTAV_US_LA_2008",2021-07-01,290,"SUS"
"LA_US_IDA","4","IDA_US_LA_2009",2021-07-01,282,"SUS"
"LA_US_KATRINA","4","KATRINA_US_LA_2005",2021-07-01,250,"SUS"
"LA_US_LAURA","4","LAURA_US_LA_2020",2021-07-01,262,"SUS"
"LA_US_ZETA","4","ZETA_US_LA_2020",2021-07-01,277,"SUS"
"MX_ERNESTO","5","ERNESTO_MX_2012",2021-07-01,91,"SG"
"MX_GRACE","3","GRACE_MX_2021",2021-07-01,162.5,"C"
"MX_TAMPS_EMILY","6","EMILY_TAMPS_MX_2005",2021-07-01,168,"WG"
"NC_US_ISABEL","4","ISABEL_US_NC_2003",2021-07-01,128,"SUS"
"NIC_ETA","2","ETA_NIC_2020",2021-07-01,400,"CA"
"NIC_FELIX","2","FELIX_NIC_2007",2021-07-01,374,"CA"
"NIC_IOTA","2","IOTA_NIC_2020",2021-07-01,381,"CA"
"PR_USA_MARIA","3","MARIA_US_PR_2017",2021-07-01,175,"C"
"QROO_WILMA","3","WILMA_QROO_2005",2021-07-01,55,"C"
"TX_US_HARVEY","6","HARVEY_US_TX_2017",2021-07-01,325,"WG"
"TX_US_IKE","4","IKE_US_TX_2008",2021-07-01,244,"SUS"
"TX_US_RITA","4","RITA_US_TX_2005",2021-07-01,231,"SUS"
"US_FL_DELTA","4","DELTA_US_LA_2020",2021-07-01,252,"SUS"
"US_FL_DENNIS","4","DENNIS_US_FL_2005",2021-07-01,226,"SUS"
"VER_MX_KARL","5","KARL_MX_VER_2010",2021-07-01,219,"SG"
"YUC_DELTA","5","DELTA_YUCATAN_MX_2020",2021-07-01,68,"SG"
"YUC_MX_EMILY","5","EMILY_MX_YUC_2005",2021-07-01,58,"SG"
"YUC_MX_ISIDORE","5","ISIDORE_MX_YUC_2002",2021-07-01,69,"SG"
"AL_US_IVAN","4","IVAN_US_AL_2004",2021-08-01,202.4831,"SUS"
"AL_US_SALLY","4","SALLY_US_AL_2020",2021-08-01,225,"SUS"
"ALEX","6","ALEX_2010",2021-08-01,29,"WG"
"BELICE_RICHARD","3","RICHARD_BELICE_2010",2021-08-01,176,"C"
"BELIZE_IRIS","2","IRIS_BELIZE_2001",2021-08-01,419,"CA"
"BETA","2","BETA_2005",2021-08-01,294,"CA"
"CR_OTTO","2","OTTO_CR_2016",2021-08-01,439,"CA"
"CUBA_DENNIS","3","DENNIS_CUBA_2005",2021-08-01,240,"C"
"CUBA_GUSTAV","3","GUSTAV_CUBA_2008",2021-08-01,228,"C"
"CUBA_IAN","3","IAN_CUBA_2022",2021-08-01,210,"C"
"CUBA_MICHELLE","3","MICHELLE_CUBA_2001",2021-08-01,240,"C"
"CUBA_PALOMA","3","PALOMA_CUBA_2008",2021-08-01,141,"C"
"CUBA_SANDY","3","SANDY_CUBA_2012",2021-08-01,130,"C"
"DEAN_QROO_MX","5","DEAN_QROO_MX_2007",2021-08-01,114,"SG"
"FL_US_CHARLEY","1","CHARLEY_2004",2021-08-01,264,"FP"
"FL_US_FRANCES","1","FRANCES_US_FL_2004",2021-08-01,251,"FP"
"FL_US_IAN","1","IAN_US_FL_2022",2021-08-01,253,"FP"
"FL_US_IRMA","1","IRMA_US_FL_2017",2021-08-01,316,"FP"
"FL_US_JEANNE","1","JEANNE_US_FL_2004",2021-08-01,252,"FP"
"FL_US_MICHAEL","4","MICHAEL_US_FL_2018",2021-08-01,298,"SUS"
"FL_US_WILMA","1","WILMA_US_FL_2005",2021-08-01,279,"FP"
"LA_US_GUSTAV","4","GUSTAV_US_LA_2008",2021-08-01,293,"SUS"
"LA_US_IDA","4","IDA_US_LA_2009",2021-08-01,364.5,"SUS"
"LA_US_KATRINA","4","KATRINA_US_LA_2005",2021-08-01,310,"SUS"
"LA_US_LAURA","4","LAURA_US_LA_2020",2021-08-01,133,"SUS"
"LA_US_ZETA","4","ZETA_US_LA_2020",2021-08-01,486.781,"SUS"
"MX_ERNESTO","5","ERNESTO_MX_2012",2021-08-01,113,"SG"
"MX_GRACE","3","GRACE_MX_2021",2021-08-01,257.2229,"C"
"MX_TAMPS_EMILY","6","EMILY_TAMPS_MX_2005",2021-08-01,33,"WG"
"NC_US_ISABEL","4","ISABEL_US_NC_2003",2021-08-01,233,"SUS"
"NIC_ETA","2","ETA_NIC_2020",2021-08-01,316,"CA"
"NIC_FELIX","2","FELIX_NIC_2007",2021-08-01,308,"CA"
"NIC_IOTA","2","IOTA_NIC_2020",2021-08-01,316,"CA"
"PR_USA_MARIA","3","MARIA_US_PR_2017",2021-08-01,208,"C"
"QROO_WILMA","3","WILMA_QROO_2005",2021-08-01,135,"C"
"TX_US_HARVEY","6","HARVEY_US_TX_2017",2021-08-01,116,"WG"
"TX_US_IKE","4","IKE_US_TX_2008",2021-08-01,134,"SUS"
"TX_US_RITA","4","RITA_US_TX_2005",2021-08-01,121,"SUS"
"US_FL_DELTA","4","DELTA_US_LA_2020",2021-08-01,148,"SUS"
"US_FL_DENNIS","4","DENNIS_US_FL_2005",2021-08-01,187,"SUS"
"VER_MX_KARL","5","KARL_MX_VER_2010",2021-08-01,194.3006,"SG"
"YUC_DELTA","5","DELTA_YUCATAN_MX_2020",2021-08-01,135,"SG"
"YUC_MX_EMILY","5","EMILY_MX_YUC_2005",2021-08-01,164,"SG"
"YUC_MX_ISIDORE","5","ISIDORE_MX_YUC_2002",2021-08-01,206,"SG"
"AL_US_IVAN","4","IVAN_US_AL_2004",2021-09-01,225,"SUS"
"AL_US_SALLY","4","SALLY_US_AL_2020",2021-09-01,194,"SUS"
"ALEX","6","ALEX_2010",2021-09-01,69,"WG"
"BELICE_RICHARD","3","RICHARD_BELICE_2010",2021-09-01,141,"C"
"BELIZE_IRIS","2","IRIS_BELIZE_2001",2021-09-01,251,"CA"
"BETA","2","BETA_2005",2021-09-01,231,"CA"
"CR_OTTO","2","OTTO_CR_2016",2021-09-01,303,"CA"
"CUBA_DENNIS","3","DENNIS_CUBA_2005",2021-09-01,154,"C"
"CUBA_GUSTAV","3","GUSTAV_CUBA_2008",2021-09-01,190,"C"
"CUBA_IAN","3","IAN_CUBA_2022",2021-09-01,186,"C"
"CUBA_MICHELLE","3","MICHELLE_CUBA_2001",2021-09-01,162,"C"
"CUBA_PALOMA","3","PALOMA_CUBA_2008",2021-09-01,97,"C"
"CUBA_SANDY","3","SANDY_CUBA_2012",2021-09-01,78,"C"
"DEAN_QROO_MX","5","DEAN_QROO_MX_2007",2021-09-01,127,"SG"
"FL_US_CHARLEY","1","CHARLEY_2004",2021-09-01,263,"FP"
"FL_US_FRANCES","1","FRANCES_US_FL_2004",2021-09-01,269,"FP"
"FL_US_IAN","1","IAN_US_FL_2022",2021-09-01,249,"FP"
"FL_US_IRMA","1","IRMA_US_FL_2017",2021-09-01,240,"FP"
"FL_US_JEANNE","1","JEANNE_US_FL_2004",2021-09-01,266,"FP"
"FL_US_MICHAEL","4","MICHAEL_US_FL_2018",2021-09-01,225,"SUS"
"FL_US_WILMA","1","WILMA_US_FL_2005",2021-09-01,283,"FP"
"LA_US_GUSTAV","4","GUSTAV_US_LA_2008",2021-09-01,267,"SUS"
"LA_US_IDA","4","IDA_US_LA_2009",2021-09-01,233,"SUS"
"LA_US_KATRINA","4","KATRINA_US_LA_2005",2021-09-01,242,"SUS"
"LA_US_LAURA","4","LAURA_US_LA_2020",2021-09-01,346,"SUS"
"LA_US_ZETA","4","ZETA_US_LA_2020",2021-09-01,217,"SUS"
"MX_ERNESTO","5","ERNESTO_MX_2012",2021-09-01,124,"SG"
"MX_GRACE","3","GRACE_MX_2021",2021-09-01,152.7502,"C"
"MX_TAMPS_EMILY","6","EMILY_TAMPS_MX_2005",2021-09-01,121,"WG"
"NC_US_ISABEL","4","ISABEL_US_NC_2003",2021-09-01,49,"SUS"
"NIC_ETA","2","ETA_NIC_2020",2021-09-01,213,"CA"
"NIC_FELIX","2","FELIX_NIC_2007",2021-09-01,203,"CA"
"NIC_IOTA","2","IOTA_NIC_2020",2021-09-01,208,"CA"
"PR_USA_MARIA","3","MARIA_US_PR_2017",2021-09-01,158,"C"
"QROO_WILMA","3","WILMA_QROO_2005",2021-09-01,154,"C"
"TX_US_HARVEY","6","HARVEY_US_TX_2017",2021-09-01,66,"WG"
"TX_US_IKE","4","IKE_US_TX_2008",2021-09-01,197,"SUS"
"TX_US_RITA","4","RITA_US_TX_2005",2021-09-01,230,"SUS"
"US_FL_DELTA","4","DELTA_US_LA_2020",2021-09-01,346,"SUS"
"US_FL_DENNIS","4","DENNIS_US_FL_2005",2021-09-01,209,"SUS"
"VER_MX_KARL","5","KARL_MX_VER_2010",2021-09-01,205,"SG"
"YUC_DELTA","5","DELTA_YUCATAN_MX_2020",2021-09-01,155,"SG"
"YUC_MX_EMILY","5","EMILY_MX_YUC_2005",2021-09-01,147,"SG"
"YUC_MX_ISIDORE","5","ISIDORE_MX_YUC_2002",2021-09-01,81,"SG"
"AL_US_IVAN","4","IVAN_US_AL_2004",2021-10-01,94,"SUS"
"AL_US_SALLY","4","SALLY_US_AL_2020",2021-10-01,114,"SUS"
"ALEX","6","ALEX_2010",2021-10-01,56,"WG"
"BELICE_RICHARD","3","RICHARD_BELICE_2010",2021-10-01,140,"C"
"BELIZE_IRIS","2","IRIS_BELIZE_2001",2021-10-01,215,"CA"
"BETA","2","BETA_2005",2021-10-01,257,"CA"
"CR_OTTO","2","OTTO_CR_2016",2021-10-01,260,"CA"
"CUBA_DENNIS","3","DENNIS_CUBA_2005",2021-10-01,139,"C"
"CUBA_GUSTAV","3","GUSTAV_CUBA_2008",2021-10-01,122,"C"
"CUBA_IAN","3","IAN_CUBA_2022",2021-10-01,118,"C"
"CUBA_MICHELLE","3","MICHELLE_CUBA_2001",2021-10-01,156,"C"
"CUBA_PALOMA","3","PALOMA_CUBA_2008",2021-10-01,154,"C"
"CUBA_SANDY","3","SANDY_CUBA_2012",2021-10-01,169,"C"
"DEAN_QROO_MX","5","DEAN_QROO_MX_2007",2021-10-01,102,"SG"
"FL_US_CHARLEY","1","CHARLEY_2004",2021-10-01,57,"FP"
"FL_US_FRANCES","1","FRANCES_US_FL_2004",2021-10-01,63,"FP"
"FL_US_IAN","1","IAN_US_FL_2022",2021-10-01,58,"FP"
"FL_US_IRMA","1","IRMA_US_FL_2017",2021-10-01,75,"FP"
"FL_US_JEANNE","1","JEANNE_US_FL_2004",2021-10-01,63,"FP"
"FL_US_MICHAEL","4","MICHAEL_US_FL_2018",2021-10-01,119,"SUS"
"FL_US_WILMA","1","WILMA_US_FL_2005",2021-10-01,103,"FP"
"LA_US_GUSTAV","4","GUSTAV_US_LA_2008",2021-10-01,86,"SUS"
"LA_US_IDA","4","IDA_US_LA_2009",2021-10-01,94,"SUS"
"LA_US_KATRINA","4","KATRINA_US_LA_2005",2021-10-01,86,"SUS"
"LA_US_LAURA","4","LAURA_US_LA_2020",2021-10-01,88,"SUS"
"LA_US_ZETA","4","ZETA_US_LA_2020",2021-10-01,91,"SUS"
"MX_ERNESTO","5","ERNESTO_MX_2012",2021-10-01,100,"SG"
"MX_GRACE","3","GRACE_MX_2021",2021-10-01,121,"C"
"MX_TAMPS_EMILY","6","EMILY_TAMPS_MX_2005",2021-10-01,51,"WG"
"NC_US_ISABEL","4","ISABEL_US_NC_2003",2021-10-01,65,"SUS"
"NIC_ETA","2","ETA_NIC_2020",2021-10-01,230,"CA"
"NIC_FELIX","2","FELIX_NIC_2007",2021-10-01,236,"CA"
"NIC_IOTA","2","IOTA_NIC_2020",2021-10-01,236,"CA"
"PR_USA_MARIA","3","MARIA_US_PR_2017",2021-10-01,188,"C"
"QROO_WILMA","3","WILMA_QROO_2005",2021-10-01,83,"C"
"TX_US_HARVEY","6","HARVEY_US_TX_2017",2021-10-01,60,"WG"
"TX_US_IKE","4","IKE_US_TX_2008",2021-10-01,86,"SUS"
"TX_US_RITA","4","RITA_US_TX_2005",2021-10-01,93,"SUS"
"US_FL_DELTA","4","DELTA_US_LA_2020",2021-10-01,91,"SUS"
"US_FL_DENNIS","4","DENNIS_US_FL_2005",2021-10-01,94,"SUS"
"VER_MX_KARL","5","KARL_MX_VER_2010",2021-10-01,81,"SG"
"YUC_DELTA","5","DELTA_YUCATAN_MX_2020",2021-10-01,84,"SG"
"YUC_MX_EMILY","5","EMILY_MX_YUC_2005",2021-10-01,81,"SG"
"YUC_MX_ISIDORE","5","ISIDORE_MX_YUC_2002",2021-10-01,58,"SG"
"AL_US_IVAN","4","IVAN_US_AL_2004",2021-11-01,16,"SUS"
"AL_US_SALLY","4","SALLY_US_AL_2020",2021-11-01,15,"SUS"
"ALEX","6","ALEX_2010",2021-11-01,58,"WG"
"BELICE_RICHARD","3","RICHARD_BELICE_2010",2021-11-01,170,"C"
"BELIZE_IRIS","2","IRIS_BELIZE_2001",2021-11-01,182,"CA"
"BETA","2","BETA_2005",2021-11-01,181,"CA"
"CR_OTTO","2","OTTO_CR_2016",2021-11-01,398.3975,"CA"
"CUBA_DENNIS","3","DENNIS_CUBA_2005",2021-11-01,36,"C"
"CUBA_GUSTAV","3","GUSTAV_CUBA_2008",2021-11-01,109,"C"
"CUBA_IAN","3","IAN_CUBA_2022",2021-11-01,102,"C"
"CUBA_MICHELLE","3","MICHELLE_CUBA_2001",2021-11-01,32,"C"
"CUBA_PALOMA","3","PALOMA_CUBA_2008",2021-11-01,50,"C"
"CUBA_SANDY","3","SANDY_CUBA_2012",2021-11-01,68,"C"
"DEAN_QROO_MX","5","DEAN_QROO_MX_2007",2021-11-01,84,"SG"
"FL_US_CHARLEY","1","CHARLEY_2004",2021-11-01,82,"FP"
"FL_US_FRANCES","1","FRANCES_US_FL_2004",2021-11-01,72,"FP"
"FL_US_IAN","1","IAN_US_FL_2022",2021-11-01,88,"FP"
"FL_US_IRMA","1","IRMA_US_FL_2017",2021-11-01,77,"FP"
"FL_US_JEANNE","1","JEANNE_US_FL_2004",2021-11-01,71,"FP"
"FL_US_MICHAEL","4","MICHAEL_US_FL_2018",2021-11-01,14,"SUS"
"FL_US_WILMA","1","WILMA_US_FL_2005",2021-11-01,72,"FP"
"LA_US_GUSTAV","4","GUSTAV_US_LA_2008",2021-11-01,17,"SUS"
"LA_US_IDA","4","IDA_US_LA_2009",2021-11-01,15,"SUS"
"LA_US_KATRINA","4","KATRINA_US_LA_2005",2021-11-01,9,"SUS"
"LA_US_LAURA","4","LAURA_US_LA_2020",2021-11-01,41,"SUS"
"LA_US_ZETA","4","ZETA_US_LA_2020",2021-11-01,15,"SUS"
"MX_ERNESTO","5","ERNESTO_MX_2012",2021-11-01,83,"SG"
"MX_GRACE","3","GRACE_MX_2021",2021-11-01,103,"C"
"MX_TAMPS_EMILY","6","EMILY_TAMPS_MX_2005",2021-11-01,52,"WG"
"NC_US_ISABEL","4","ISABEL_US_NC_2003",2021-11-01,48,"SUS"
"NIC_ETA","2","ETA_NIC_2020",2021-11-01,192,"CA"
"NIC_FELIX","2","FELIX_NIC_2007",2021-11-01,240,"CA"
"NIC_IOTA","2","IOTA_NIC_2020",2021-11-01,185,"CA"
"PR_USA_MARIA","3","MARIA_US_PR_2017",2021-11-01,71,"C"
"QROO_WILMA","3","WILMA_QROO_2005",2021-11-01,152,"C"
"TX_US_HARVEY","6","HARVEY_US_TX_2017",2021-11-01,48,"WG"
"TX_US_IKE","4","IKE_US_TX_2008",2021-11-01,60,"SUS"
"TX_US_RITA","4","RITA_US_TX_2005",2021-11-01,46,"SUS"
"US_FL_DELTA","4","DELTA_US_LA_2020",2021-11-01,31,"SUS"
"US_FL_DENNIS","4","DENNIS_US_FL_2005",2021-11-01,16,"SUS"
"VER_MX_KARL","5","KARL_MX_VER_2010",2021-11-01,48,"SG"
"YUC_DELTA","5","DELTA_YUCATAN_MX_2020",2021-11-01,143,"SG"
"YUC_MX_EMILY","5","EMILY_MX_YUC_2005",2021-11-01,96,"SG"
"YUC_MX_ISIDORE","5","ISIDORE_MX_YUC_2002",2021-11-01,39,"SG"
"AL_US_IVAN","4","IVAN_US_AL_2004",2021-12-01,109,"SUS"
"AL_US_SALLY","4","SALLY_US_AL_2020",2021-12-01,74,"SUS"
"ALEX","6","ALEX_2010",2021-12-01,10,"WG"
"BELICE_RICHARD","3","RICHARD_BELICE_2010",2021-12-01,94,"C"
"BELIZE_IRIS","2","IRIS_BELIZE_2001",2021-12-01,122,"CA"
"BETA","2","BETA_2005",2021-12-01,156,"CA"
"CR_OTTO","2","OTTO_CR_2016",2021-12-01,243,"CA"
"CUBA_DENNIS","3","DENNIS_CUBA_2005",2021-12-01,8,"C"
"CUBA_GUSTAV","3","GUSTAV_CUBA_2008",2021-12-01,30,"C"
"CUBA_IAN","3","IAN_CUBA_2022",2021-12-01,29,"C"
"CUBA_MICHELLE","3","MICHELLE_CUBA_2001",2021-12-01,11,"C"
"CUBA_PALOMA","3","PALOMA_CUBA_2008",2021-12-01,16,"C"
"CUBA_SANDY","3","SANDY_CUBA_2012",2021-12-01,28,"C"
"DEAN_QROO_MX","5","DEAN_QROO_MX_2007",2021-12-01,30,"SG"
"FL_US_CHARLEY","1","CHARLEY_2004",2021-12-01,16,"FP"
"FL_US_FRANCES","1","FRANCES_US_FL_2004",2021-12-01,25,"FP"
"FL_US_IAN","1","IAN_US_FL_2022",2021-12-01,15,"FP"
"FL_US_IRMA","1","IRMA_US_FL_2017",2021-12-01,14,"FP"
"FL_US_JEANNE","1","JEANNE_US_FL_2004",2021-12-01,25,"FP"
"FL_US_MICHAEL","4","MICHAEL_US_FL_2018",2021-12-01,53,"SUS"
"FL_US_WILMA","1","WILMA_US_FL_2005",2021-12-01,19,"FP"
"LA_US_GUSTAV","4","GUSTAV_US_LA_2008",2021-12-01,35,"SUS"
"LA_US_IDA","4","IDA_US_LA_2009",2021-12-01,44,"SUS"
"LA_US_KATRINA","4","KATRINA_US_LA_2005",2021-12-01,77,"SUS"
"LA_US_LAURA","4","LAURA_US_LA_2020",2021-12-01,77,"SUS"
"LA_US_ZETA","4","ZETA_US_LA_2020",2021-12-01,41,"SUS"
"MX_ERNESTO","5","ERNESTO_MX_2012",2021-12-01,31,"SG"
"MX_GRACE","3","GRACE_MX_2021",2021-12-01,16,"C"
"MX_TAMPS_EMILY","6","EMILY_TAMPS_MX_2005",2021-12-01,13,"WG"
"NC_US_ISABEL","4","ISABEL_US_NC_2003",2021-12-01,63,"SUS"
"NIC_ETA","2","ETA_NIC_2020",2021-12-01,210,"CA"
"NIC_FELIX","2","FELIX_NIC_2007",2021-12-01,263,"CA"
"NIC_IOTA","2","IOTA_NIC_2020",2021-12-01,192,"CA"
"PR_USA_MARIA","3","MARIA_US_PR_2017",2021-12-01,104,"C"
"QROO_WILMA","3","WILMA_QROO_2005",2021-12-01,60,"C"
"TX_US_HARVEY","6","HARVEY_US_TX_2017",2021-12-01,18,"WG"
"TX_US_IKE","4","IKE_US_TX_2008",2021-12-01,64,"SUS"
"TX_US_RITA","4","RITA_US_TX_2005",2021-12-01,87,"SUS"
"US_FL_DELTA","4","DELTA_US_LA_2020",2021-12-01,67,"SUS"
"US_FL_DENNIS","4","DENNIS_US_FL_2005",2021-12-01,108,"SUS"
"VER_MX_KARL","5","KARL_MX_VER_2010",2021-12-01,14,"SG"
"YUC_DELTA","5","DELTA_YUCATAN_MX_2020",2021-12-01,55,"SG"
"YUC_MX_EMILY","5","EMILY_MX_YUC_2005",2021-12-01,35,"SG"
"YUC_MX_ISIDORE","5","ISIDORE_MX_YUC_2002",2021-12-01,13,"SG"
"AL_US_IVAN","4","IVAN_US_AL_2004",2022-01-01,99,"SUS"
"AL_US_SALLY","4","SALLY_US_AL_2020",2022-01-01,89,"SUS"
"ALEX","6","ALEX_2010",2022-01-01,25,"WG"
"BELICE_RICHARD","3","RICHARD_BELICE_2010",2022-01-01,105,"C"
"BELIZE_IRIS","2","IRIS_BELIZE_2001",2022-01-01,221,"CA"
"BETA","2","BETA_2005",2022-01-01,120,"CA"
"CR_OTTO","2","OTTO_CR_2016",2022-01-01,161,"CA"
"CUBA_DENNIS","3","DENNIS_CUBA_2005",2022-01-01,27,"C"
"CUBA_GUSTAV","3","GUSTAV_CUBA_2008",2022-01-01,63,"C"
"CUBA_IAN","3","IAN_CUBA_2022",2022-01-01,59,"C"
"CUBA_MICHELLE","3","MICHELLE_CUBA_2001",2022-01-01,30,"C"
"CUBA_PALOMA","3","PALOMA_CUBA_2008",2022-01-01,21,"C"
"CUBA_SANDY","3","SANDY_CUBA_2012",2022-01-01,42,"C"
"DEAN_QROO_MX","5","DEAN_QROO_MX_2007",2022-01-01,59,"SG"
"FL_US_CHARLEY","1","CHARLEY_2004",2022-01-01,53,"FP"
"FL_US_FRANCES","1","FRANCES_US_FL_2004",2022-01-01,57,"FP"
"FL_US_IAN","1","IAN_US_FL_2022",2022-01-01,53,"FP"
"FL_US_IRMA","1","IRMA_US_FL_2017",2022-01-01,52,"FP"
"FL_US_JEANNE","1","JEANNE_US_FL_2004",2022-01-01,56,"FP"
"FL_US_MICHAEL","4","MICHAEL_US_FL_2018",2022-01-01,97,"SUS"
"FL_US_WILMA","1","WILMA_US_FL_2005",2022-01-01,54,"FP"
"LA_US_GUSTAV","4","GUSTAV_US_LA_2008",2022-01-01,75,"SUS"
"LA_US_IDA","4","IDA_US_LA_2009",2022-01-01,75,"SUS"
"LA_US_KATRINA","4","KATRINA_US_LA_2005",2022-01-01,83,"SUS"
"LA_US_LAURA","4","LAURA_US_LA_2020",2022-01-01,76,"SUS"
"LA_US_ZETA","4","ZETA_US_LA_2020",2022-01-01,73,"SUS"
"MX_ERNESTO","5","ERNESTO_MX_2012",2022-01-01,52,"SG"
"MX_GRACE","3","GRACE_MX_2021",2022-01-01,61,"C"
"MX_TAMPS_EMILY","6","EMILY_TAMPS_MX_2005",2022-01-01,35,"WG"
"NC_US_ISABEL","4","ISABEL_US_NC_2003",2022-01-01,134,"SUS"
"NIC_ETA","2","ETA_NIC_2020",2022-01-01,124,"CA"
"NIC_FELIX","2","FELIX_NIC_2007",2022-01-01,146,"CA"
"NIC_IOTA","2","IOTA_NIC_2020",2022-01-01,117,"CA"
"PR_USA_MARIA","3","MARIA_US_PR_2017",2022-01-01,54,"C"
"QROO_WILMA","3","WILMA_QROO_2005",2022-01-01,64,"C"
"TX_US_HARVEY","6","HARVEY_US_TX_2017",2022-01-01,44,"WG"
"TX_US_IKE","4","IKE_US_TX_2008",2022-01-01,83,"SUS"
"TX_US_RITA","4","RITA_US_TX_2005",2022-01-01,103,"SUS"
"US_FL_DELTA","4","DELTA_US_LA_2020",2022-01-01,75,"SUS"
"US_FL_DENNIS","4","DENNIS_US_FL_2005",2022-01-01,102,"SUS"
"VER_MX_KARL","5","KARL_MX_VER_2010",2022-01-01,29,"SG"
"YUC_DELTA","5","DELTA_YUCATAN_MX_2020",2022-01-01,63,"SG"
"YUC_MX_EMILY","5","EMILY_MX_YUC_2005",2022-01-01,54,"SG"
"YUC_MX_ISIDORE","5","ISIDORE_MX_YUC_2002",2022-01-01,24,"SG"
"AL_US_IVAN","4","IVAN_US_AL_2004",2022-02-01,102,"SUS"
"AL_US_SALLY","4","SALLY_US_AL_2020",2022-02-01,85,"SUS"
"ALEX","6","ALEX_2010",2022-02-01,22,"WG"
"BELICE_RICHARD","3","RICHARD_BELICE_2010",2022-02-01,108,"C"
"BELIZE_IRIS","2","IRIS_BELIZE_2001",2022-02-01,163,"CA"
"BETA","2","BETA_2005",2022-02-01,90,"CA"
"CR_OTTO","2","OTTO_CR_2016",2022-02-01,139,"CA"
"CUBA_DENNIS","3","DENNIS_CUBA_2005",2022-02-01,22,"C"
"CUBA_GUSTAV","3","GUSTAV_CUBA_2008",2022-02-01,36,"C"
"CUBA_IAN","3","IAN_CUBA_2022",2022-02-01,38,"C"
"CUBA_MICHELLE","3","MICHELLE_CUBA_2001",2022-02-01,32,"C"
"CUBA_PALOMA","3","PALOMA_CUBA_2008",2022-02-01,14,"C"
"CUBA_SANDY","3","SANDY_CUBA_2012",2022-02-01,31,"C"
"DEAN_QROO_MX","5","DEAN_QROO_MX_2007",2022-02-01,66,"SG"
"FL_US_CHARLEY","1","CHARLEY_2004",2022-02-01,35,"FP"
"FL_US_FRANCES","1","FRANCES_US_FL_2004",2022-02-01,50,"FP"
"FL_US_IAN","1","IAN_US_FL_2022",2022-02-01,39,"FP"
"FL_US_IRMA","1","IRMA_US_FL_2017",2022-02-01,49,"FP"
"FL_US_JEANNE","1","JEANNE_US_FL_2004",2022-02-01,51,"FP"
"FL_US_MICHAEL","4","MICHAEL_US_FL_2018",2022-02-01,45,"SUS"
"FL_US_WILMA","1","WILMA_US_FL_2005",2022-02-01,45,"FP"
"LA_US_GUSTAV","4","GUSTAV_US_LA_2008",2022-02-01,79,"SUS"
"LA_US_IDA","4","IDA_US_LA_2009",2022-02-01,87,"SUS"
"LA_US_KATRINA","4","KATRINA_US_LA_2005",2022-02-01,111,"SUS"
"LA_US_LAURA","4","LAURA_US_LA_2020",2022-02-01,56,"SUS"
"LA_US_ZETA","4","ZETA_US_LA_2020",2022-02-01,82,"SUS"
"MX_ERNESTO","5","ERNESTO_MX_2012",2022-02-01,58,"SG"
"MX_GRACE","3","GRACE_MX_2021",2022-02-01,56,"C"
"MX_TAMPS_EMILY","6","EMILY_TAMPS_MX_2005",2022-02-01,18,"WG"
"NC_US_ISABEL","4","ISABEL_US_NC_2003",2022-02-01,51,"SUS"
"NIC_ETA","2","ETA_NIC_2020",2022-02-01,70,"CA"
"NIC_FELIX","2","FELIX_NIC_2007",2022-02-01,75,"CA"
"NIC_IOTA","2","IOTA_NIC_2020",2022-02-01,66,"CA"
"PR_USA_MARIA","3","MARIA_US_PR_2017",2022-02-01,132,"C"
"QROO_WILMA","3","WILMA_QROO_2005",2022-02-01,64,"C"
"TX_US_HARVEY","6","HARVEY_US_TX_2017",2022-02-01,24,"WG"
"TX_US_IKE","4","IKE_US_TX_2008",2022-02-01,58,"SUS"
"TX_US_RITA","4","RITA_US_TX_2005",2022-02-01,62,"SUS"
"US_FL_DELTA","4","DELTA_US_LA_2020",2022-02-01,48,"SUS"
"US_FL_DENNIS","4","DENNIS_US_FL_2005",2022-02-01,106,"SUS"
"VER_MX_KARL","5","KARL_MX_VER_2010",2022-02-01,13,"SG"
"YUC_DELTA","5","DELTA_YUCATAN_MX_2020",2022-02-01,66,"SG"
"YUC_MX_EMILY","5","EMILY_MX_YUC_2005",2022-02-01,78,"SG"
"YUC_MX_ISIDORE","5","ISIDORE_MX_YUC_2002",2022-02-01,66,"SG"
"AL_US_IVAN","4","IVAN_US_AL_2004",2022-03-01,145,"SUS"
"AL_US_SALLY","4","SALLY_US_AL_2020",2022-03-01,167,"SUS"
"ALEX","6","ALEX_2010",2022-03-01,1,"WG"
"BELICE_RICHARD","3","RICHARD_BELICE_2010",2022-03-01,88,"C"
"BELIZE_IRIS","2","IRIS_BELIZE_2001",2022-03-01,135,"CA"
"BETA","2","BETA_2005",2022-03-01,86,"CA"
"CR_OTTO","2","OTTO_CR_2016",2022-03-01,110,"CA"
"CUBA_DENNIS","3","DENNIS_CUBA_2005",2022-03-01,40,"C"
"CUBA_GUSTAV","3","GUSTAV_CUBA_2008",2022-03-01,38,"C"
"CUBA_IAN","3","IAN_CUBA_2022",2022-03-01,37,"C"
"CUBA_MICHELLE","3","MICHELLE_CUBA_2001",2022-03-01,48,"C"
"CUBA_PALOMA","3","PALOMA_CUBA_2008",2022-03-01,38,"C"
"CUBA_SANDY","3","SANDY_CUBA_2012",2022-03-01,45,"C"
"DEAN_QROO_MX","5","DEAN_QROO_MX_2007",2022-03-01,12,"SG"
"FL_US_CHARLEY","1","CHARLEY_2004",2022-03-01,55,"FP"
"FL_US_FRANCES","1","FRANCES_US_FL_2004",2022-03-01,82,"FP"
"FL_US_IAN","1","IAN_US_FL_2022",2022-03-01,53,"FP"
"FL_US_IRMA","1","IRMA_US_FL_2017",2022-03-01,48,"FP"
"FL_US_JEANNE","1","JEANNE_US_FL_2004",2022-03-01,74,"FP"
"FL_US_MICHAEL","4","MICHAEL_US_FL_2018",2022-03-01,190,"SUS"
"FL_US_WILMA","1","WILMA_US_FL_2005",2022-03-01,57,"FP"
"LA_US_GUSTAV","4","GUSTAV_US_LA_2008",2022-03-01,93,"SUS"
"LA_US_IDA","4","IDA_US_LA_2009",2022-03-01,107,"SUS"
"LA_US_KATRINA","4","KATRINA_US_LA_2005",2022-03-01,134,"SUS"
"LA_US_LAURA","4","LAURA_US_LA_2020",2022-03-01,99,"SUS"
"LA_US_ZETA","4","ZETA_US_LA_2020",2022-03-01,105,"SUS"
"MX_ERNESTO","5","ERNESTO_MX_2012",2022-03-01,12,"SG"
"MX_GRACE","3","GRACE_MX_2021",2022-03-01,36,"C"
"MX_TAMPS_EMILY","6","EMILY_TAMPS_MX_2005",2022-03-01,2,"WG"
"NC_US_ISABEL","4","ISABEL_US_NC_2003",2022-03-01,83,"SUS"
"NIC_ETA","2","ETA_NIC_2020",2022-03-01,89,"CA"
"NIC_FELIX","2","FELIX_NIC_2007",2022-03-01,84,"CA"
"NIC_IOTA","2","IOTA_NIC_2020",2022-03-01,89,"CA"
"PR_USA_MARIA","3","MARIA_US_PR_2017",2022-03-01,47,"C"
"QROO_WILMA","3","WILMA_QROO_2005",2022-03-01,28,"C"
"TX_US_HARVEY","6","HARVEY_US_TX_2017",2022-03-01,24,"WG"
"TX_US_IKE","4","IKE_US_TX_2008",2022-03-01,77,"SUS"
"TX_US_RITA","4","RITA_US_TX_2005",2022-03-01,83,"SUS"
"US_FL_DELTA","4","DELTA_US_LA_2020",2022-03-01,86,"SUS"
"US_FL_DENNIS","4","DENNIS_US_FL_2005",2022-03-01,146,"SUS"
"VER_MX_KARL","5","KARL_MX_VER_2010",2022-03-01,10,"SG"
"YUC_DELTA","5","DELTA_YUCATAN_MX_2020",2022-03-01,29,"SG"
"YUC_MX_EMILY","5","EMILY_MX_YUC_2005",2022-03-01,25,"SG"
"YUC_MX_ISIDORE","5","ISIDORE_MX_YUC_2002",2022-03-01,24,"SG"
"AL_US_IVAN","4","IVAN_US_AL_2004",2022-04-01,103,"SUS"
"AL_US_SALLY","4","SALLY_US_AL_2020",2022-04-01,78,"SUS"
"ALEX","6","ALEX_2010",2022-04-01,34,"WG"
"BELICE_RICHARD","3","RICHARD_BELICE_2010",2022-04-01,55,"C"
"BELIZE_IRIS","2","IRIS_BELIZE_2001",2022-04-01,72,"CA"
"BETA","2","BETA_2005",2022-04-01,85,"CA"
"CR_OTTO","2","OTTO_CR_2016",2022-04-01,217,"CA"
"CUBA_DENNIS","3","DENNIS_CUBA_2005",2022-04-01,124,"C"
"CUBA_GUSTAV","3","GUSTAV_CUBA_2008",2022-04-01,40,"C"
"CUBA_IAN","3","IAN_CUBA_2022",2022-04-01,36,"C"
"CUBA_MICHELLE","3","MICHELLE_CUBA_2001",2022-04-01,136,"C"
"CUBA_PALOMA","3","PALOMA_CUBA_2008",2022-04-01,194,"C"
"CUBA_SANDY","3","SANDY_CUBA_2012",2022-04-01,224,"C"
"DEAN_QROO_MX","5","DEAN_QROO_MX_2007",2022-04-01,46,"SG"
"FL_US_CHARLEY","1","CHARLEY_2004",2022-04-01,93,"FP"
"FL_US_FRANCES","1","FRANCES_US_FL_2004",2022-04-01,106,"FP"
"FL_US_IAN","1","IAN_US_FL_2022",2022-04-01,83,"FP"
"FL_US_IRMA","1","IRMA_US_FL_2017",2022-04-01,86,"FP"
"FL_US_JEANNE","1","JEANNE_US_FL_2004",2022-04-01,104,"FP"
"FL_US_MICHAEL","4","MICHAEL_US_FL_2018",2022-04-01,121,"SUS"
"FL_US_WILMA","1","WILMA_US_FL_2005",2022-04-01,100,"FP"
"LA_US_GUSTAV","4","GUSTAV_US_LA_2008",2022-04-01,78,"SUS"
"LA_US_IDA","4","IDA_US_LA_2009",2022-04-01,94,"SUS"
"LA_US_KATRINA","4","KATRINA_US_LA_2005",2022-04-01,133,"SUS"
"LA_US_LAURA","4","LAURA_US_LA_2020",2022-04-01,51,"SUS"
"LA_US_ZETA","4","ZETA_US_LA_2020",2022-04-01,93,"SUS"
"MX_ERNESTO","5","ERNESTO_MX_2012",2022-04-01,43,"SG"
"MX_GRACE","3","GRACE_MX_2021",2022-04-01,31,"C"
"MX_TAMPS_EMILY","6","EMILY_TAMPS_MX_2005",2022-04-01,20,"WG"
"NC_US_ISABEL","4","ISABEL_US_NC_2003",2022-04-01,71,"SUS"
"NIC_ETA","2","ETA_NIC_2020",2022-04-01,107,"CA"
"NIC_FELIX","2","FELIX_NIC_2007",2022-04-01,95,"CA"
"NIC_IOTA","2","IOTA_NIC_2020",2022-04-01,107,"CA"
"PR_USA_MARIA","3","MARIA_US_PR_2017",2022-04-01,118,"C"
"QROO_WILMA","3","WILMA_QROO_2005",2022-04-01,43,"C"
"TX_US_HARVEY","6","HARVEY_US_TX_2017",2022-04-01,19,"WG"
"TX_US_IKE","4","IKE_US_TX_2008",2022-04-01,53,"SUS"
"TX_US_RITA","4","RITA_US_TX_2005",2022-04-01,56,"SUS"
"US_FL_DELTA","4","DELTA_US_LA_2020",2022-04-01,40,"SUS"
"US_FL_DENNIS","4","DENNIS_US_FL_2005",2022-04-01,103,"SUS"
"VER_MX_KARL","5","KARL_MX_VER_2010",2022-04-01,9,"SG"
"YUC_DELTA","5","DELTA_YUCATAN_MX_2020",2022-04-01,43,"SG"
"YUC_MX_EMILY","5","EMILY_MX_YUC_2005",2022-04-01,57,"SG"
"YUC_MX_ISIDORE","5","ISIDORE_MX_YUC_2002",2022-04-01,26,"SG"
"AL_US_IVAN","4","IVAN_US_AL_2004",2022-05-01,269,"SUS"
"AL_US_SALLY","4","SALLY_US_AL_2020",2022-05-01,248,"SUS"
"ALEX","6","ALEX_2010",2022-05-01,14,"WG"
"BELICE_RICHARD","3","RICHARD_BELICE_2010",2022-05-01,113,"C"
"BELIZE_IRIS","2","IRIS_BELIZE_2001",2022-05-01,168,"CA"
"BETA","2","BETA_2005",2022-05-01,327,"CA"
"CR_OTTO","2","OTTO_CR_2016",2022-05-01,317,"CA"
"CUBA_DENNIS","3","DENNIS_CUBA_2005",2022-05-01,214,"C"
"CUBA_GUSTAV","3","GUSTAV_CUBA_2008",2022-05-01,249,"C"
"CUBA_IAN","3","IAN_CUBA_2022",2022-05-01,260,"C"
"CUBA_MICHELLE","3","MICHELLE_CUBA_2001",2022-05-01,198,"C"
"CUBA_PALOMA","3","PALOMA_CUBA_2008",2022-05-01,179,"C"
"CUBA_SANDY","3","SANDY_CUBA_2012",2022-05-01,180,"C"
"DEAN_QROO_MX","5","DEAN_QROO_MX_2007",2022-05-01,179,"SG"
"FL_US_CHARLEY","1","CHARLEY_2004",2022-05-01,110,"FP"
"FL_US_FRANCES","1","FRANCES_US_FL_2004",2022-05-01,113,"FP"
"FL_US_IAN","1","IAN_US_FL_2022",2022-05-01,104,"FP"
"FL_US_IRMA","1","IRMA_US_FL_2017",2022-05-01,123,"FP"
"FL_US_JEANNE","1","JEANNE_US_FL_2004",2022-05-01,115,"FP"
"FL_US_MICHAEL","4","MICHAEL_US_FL_2018",2022-05-01,189,"SUS"
"FL_US_WILMA","1","WILMA_US_FL_2005",2022-05-01,126,"FP"
"LA_US_GUSTAV","4","GUSTAV_US_LA_2008",2022-05-01,139,"SUS"
"LA_US_IDA","4","IDA_US_LA_2009",2022-05-01,165,"SUS"
"LA_US_KATRINA","4","KATRINA_US_LA_2005",2022-05-01,187,"SUS"
"LA_US_LAURA","4","LAURA_US_LA_2020",2022-05-01,101,"SUS"
"LA_US_ZETA","4","ZETA_US_LA_2020",2022-05-01,185,"SUS"
"MX_ERNESTO","5","ERNESTO_MX_2012",2022-05-01,186,"SG"
"MX_GRACE","3","GRACE_MX_2021",2022-05-01,28,"C"
"MX_TAMPS_EMILY","6","EMILY_TAMPS_MX_2005",2022-05-01,12,"WG"
"NC_US_ISABEL","4","ISABEL_US_NC_2003",2022-05-01,138,"SUS"
"NIC_ETA","2","ETA_NIC_2020",2022-05-01,349,"CA"
"NIC_FELIX","2","FELIX_NIC_2007",2022-05-01,355,"CA"
"NIC_IOTA","2","IOTA_NIC_2020",2022-05-01,354,"CA"
"PR_USA_MARIA","3","MARIA_US_PR_2017",2022-05-01,132,"C"
"QROO_WILMA","3","WILMA_QROO_2005",2022-05-01,142,"C"
"TX_US_HARVEY","6","HARVEY_US_TX_2017",2022-05-01,51,"WG"
"TX_US_IKE","4","IKE_US_TX_2008",2022-05-01,100,"SUS"
"TX_US_RITA","4","RITA_US_TX_2005",2022-05-01,99,"SUS"
"US_FL_DELTA","4","DELTA_US_LA_2020",2022-05-01,101,"SUS"
"US_FL_DENNIS","4","DENNIS_US_FL_2005",2022-05-01,226,"SUS"
"VER_MX_KARL","5","KARL_MX_VER_2010",2022-05-01,26,"SG"
"YUC_DELTA","5","DELTA_YUCATAN_MX_2020",2022-05-01,126,"SG"
"YUC_MX_EMILY","5","EMILY_MX_YUC_2005",2022-05-01,122,"SG"
"YUC_MX_ISIDORE","5","ISIDORE_MX_YUC_2002",2022-05-01,107,"SG"
"AL_US_IVAN","4","IVAN_US_AL_2004",2022-06-01,120,"SUS"
"AL_US_SALLY","4","SALLY_US_AL_2020",2022-06-01,167,"SUS"
"ALEX","6","ALEX_2010",2022-06-01,45,"WG"
"BELICE_RICHARD","3","RICHARD_BELICE_2010",2022-06-01,233,"C"
"BELIZE_IRIS","2","IRIS_BELIZE_2001",2022-06-01,513,"CA"
"BETA","2","BETA_2005",2022-06-01,515,"CA"
"CR_OTTO","2","OTTO_CR_2016",2022-06-01,533,"CA"
"CUBA_DENNIS","3","DENNIS_CUBA_2005",2022-06-01,255,"C"
"CUBA_GUSTAV","3","GUSTAV_CUBA_2008",2022-06-01,345,"C"
"CUBA_IAN","3","IAN_CUBA_2022",2022-06-01,342,"C"
"CUBA_MICHELLE","3","MICHELLE_CUBA_2001",2022-06-01,322,"C"
"CUBA_PALOMA","3","PALOMA_CUBA_2008",2022-06-01,185,"C"
"CUBA_SANDY","3","SANDY_CUBA_2012",2022-06-01,134,"C"
"DEAN_QROO_MX","5","DEAN_QROO_MX_2007",2022-06-01,146,"SG"
"FL_US_CHARLEY","1","CHARLEY_2004",2022-06-01,286,"FP"
"FL_US_FRANCES","1","FRANCES_US_FL_2004",2022-06-01,258,"FP"
"FL_US_IAN","1","IAN_US_FL_2022",2022-06-01,309,"FP"
"FL_US_IRMA","1","IRMA_US_FL_2017",2022-06-01,382,"FP"
"FL_US_JEANNE","1","JEANNE_US_FL_2004",2022-06-01,262,"FP"
"FL_US_MICHAEL","4","MICHAEL_US_FL_2018",2022-06-01,111,"SUS"
"FL_US_WILMA","1","WILMA_US_FL_2005",2022-06-01,432,"FP"
"LA_US_GUSTAV","4","GUSTAV_US_LA_2008",2022-06-01,141,"SUS"
"LA_US_IDA","4","IDA_US_LA_2009",2022-06-01,124,"SUS"
"LA_US_KATRINA","4","KATRINA_US_LA_2005",2022-06-01,105,"SUS"
"LA_US_LAURA","4","LAURA_US_LA_2020",2022-06-01,48,"SUS"
"LA_US_ZETA","4","ZETA_US_LA_2020",2022-06-01,109,"SUS"
"MX_ERNESTO","5","ERNESTO_MX_2012",2022-06-01,148,"SG"
"MX_GRACE","3","GRACE_MX_2021",2022-06-01,170.9896,"C"
"MX_TAMPS_EMILY","6","EMILY_TAMPS_MX_2005",2022-06-01,38,"WG"
"NC_US_ISABEL","4","ISABEL_US_NC_2003",2022-06-01,74,"SUS"
"NIC_ETA","2","ETA_NIC_2020",2022-06-01,469,"CA"
"NIC_FELIX","2","FELIX_NIC_2007",2022-06-01,463,"CA"
"NIC_IOTA","2","IOTA_NIC_2020",2022-06-01,473,"CA"
"PR_USA_MARIA","3","MARIA_US_PR_2017",2022-06-01,122,"C"
"QROO_WILMA","3","WILMA_QROO_2005",2022-06-01,234,"C"
"TX_US_HARVEY","6","HARVEY_US_TX_2017",2022-06-01,35,"WG"
"TX_US_IKE","4","IKE_US_TX_2008",2022-06-01,31,"SUS"
"TX_US_RITA","4","RITA_US_TX_2005",2022-06-01,49,"SUS"
"US_FL_DELTA","4","DELTA_US_LA_2020",2022-06-01,63,"SUS"
"US_FL_DENNIS","4","DENNIS_US_FL_2005",2022-06-01,117,"SUS"
"VER_MX_KARL","5","KARL_MX_VER_2010",2022-06-01,198.5295,"SG"
"YUC_DELTA","5","DELTA_YUCATAN_MX_2020",2022-06-01,198,"SG"
"YUC_MX_EMILY","5","EMILY_MX_YUC_2005",2022-06-01,148,"SG"
"YUC_MX_ISIDORE","5","ISIDORE_MX_YUC_2002",2022-06-01,147,"SG"
"AL_US_IVAN","4","IVAN_US_AL_2004",2022-07-01,253,"SUS"
"AL_US_SALLY","4","SALLY_US_AL_2020",2022-07-01,291,"SUS"
"ALEX","6","ALEX_2010",2022-07-01,24,"WG"
"BELICE_RICHARD","3","RICHARD_BELICE_2010",2022-07-01,184,"C"
"BELIZE_IRIS","2","IRIS_BELIZE_2001",2022-07-01,434.5,"CA"
"BETA","2","BETA_2005",2022-07-01,400,"CA"
"CR_OTTO","2","OTTO_CR_2016",2022-07-01,480.5486,"CA"
"CUBA_DENNIS","3","DENNIS_CUBA_2005",2022-07-01,101,"C"
"CUBA_GUSTAV","3","GUSTAV_CUBA_2008",2022-07-01,111,"C"
"CUBA_IAN","3","IAN_CUBA_2022",2022-07-01,112,"C"
"CUBA_MICHELLE","3","MICHELLE_CUBA_2001",2022-07-01,129,"C"
"CUBA_PALOMA","3","PALOMA_CUBA_2008",2022-07-01,129,"C"
"CUBA_SANDY","3","SANDY_CUBA_2012",2022-07-01,121,"C"
"DEAN_QROO_MX","5","DEAN_QROO_MX_2007",2022-07-01,82,"SG"
"FL_US_CHARLEY","1","CHARLEY_2004",2022-07-01,243,"FP"
"FL_US_FRANCES","1","FRANCES_US_FL_2004",2022-07-01,156,"FP"
"FL_US_IAN","1","IAN_US_FL_2022",2022-07-01,224,"FP"
"FL_US_IRMA","1","IRMA_US_FL_2017",2022-07-01,237,"FP"
"FL_US_JEANNE","1","JEANNE_US_FL_2004",2022-07-01,156,"FP"
"FL_US_MICHAEL","4","MICHAEL_US_FL_2018",2022-07-01,237,"SUS"
"FL_US_WILMA","1","WILMA_US_FL_2005",2022-07-01,237,"FP"
"LA_US_GUSTAV","4","GUSTAV_US_LA_2008",2022-07-01,276,"SUS"
"LA_US_IDA","4","IDA_US_LA_2009",2022-07-01,324,"SUS"
"LA_US_KATRINA","4","KATRINA_US_LA_2005",2022-07-01,229,"SUS"
"LA_US_LAURA","4","LAURA_US_LA_2020",2022-07-01,147,"SUS"
"LA_US_ZETA","4","ZETA_US_LA_2020",2022-07-01,308,"SUS"
"MX_ERNESTO","5","ERNESTO_MX_2012",2022-07-01,84,"SG"
"MX_GRACE","3","GRACE_MX_2021",2022-07-01,120,"C"
"MX_TAMPS_EMILY","6","EMILY_TAMPS_MX_2005",2022-07-01,21,"WG"
"NC_US_ISABEL","4","ISABEL_US_NC_2003",2022-07-01,219,"SUS"
"NIC_ETA","2","ETA_NIC_2020",2022-07-01,384,"CA"
"NIC_FELIX","2","FELIX_NIC_2007",2022-07-01,385,"CA"
"NIC_IOTA","2","IOTA_NIC_2020",2022-07-01,380,"CA"
"PR_USA_MARIA","3","MARIA_US_PR_2017",2022-07-01,183,"C"
"QROO_WILMA","3","WILMA_QROO_2005",2022-07-01,85,"C"
"TX_US_HARVEY","6","HARVEY_US_TX_2017",2022-07-01,34,"WG"
"TX_US_IKE","4","IKE_US_TX_2008",2022-07-01,101,"SUS"
"TX_US_RITA","4","RITA_US_TX_2005",2022-07-01,153,"SUS"
"US_FL_DELTA","4","DELTA_US_LA_2020",2022-07-01,146,"SUS"
"US_FL_DENNIS","4","DENNIS_US_FL_2005",2022-07-01,243,"SUS"
"VER_MX_KARL","5","KARL_MX_VER_2010",2022-07-01,182,"SG"
"YUC_DELTA","5","DELTA_YUCATAN_MX_2020",2022-07-01,94,"SG"
"YUC_MX_EMILY","5","EMILY_MX_YUC_2005",2022-07-01,89,"SG"
"YUC_MX_ISIDORE","5","ISIDORE_MX_YUC_2002",2022-07-01,145,"SG"
"AL_US_IVAN","4","IVAN_US_AL_2004",2022-08-01,386,"SUS"
"AL_US_SALLY","4","SALLY_US_AL_2020",2022-08-01,384,"SUS"
"ALEX","6","ALEX_2010",2022-08-01,47,"WG"
"BELICE_RICHARD","3","RICHARD_BELICE_2010",2022-08-01,242,"C"
"BELIZE_IRIS","2","IRIS_BELIZE_2001",2022-08-01,488.3929,"CA"
"BETA","2","BETA_2005",2022-08-01,440,"CA"
"CR_OTTO","2","OTTO_CR_2016",2022-08-01,435,"CA"
"CUBA_DENNIS","3","DENNIS_CUBA_2005",2022-08-01,197,"C"
"CUBA_GUSTAV","3","GUSTAV_CUBA_2008",2022-08-01,167,"C"
"CUBA_IAN","3","IAN_CUBA_2022",2022-08-01,165,"C"
"CUBA_MICHELLE","3","MICHELLE_CUBA_2001",2022-08-01,209,"C"
"CUBA_PALOMA","3","PALOMA_CUBA_2008",2022-08-01,121,"C"
"CUBA_SANDY","3","SANDY_CUBA_2012",2022-08-01,107,"C"
"DEAN_QROO_MX","5","DEAN_QROO_MX_2007",2022-08-01,166,"SG"
"FL_US_CHARLEY","1","CHARLEY_2004",2022-08-01,311,"FP"
"FL_US_FRANCES","1","FRANCES_US_FL_2004",2022-08-01,201,"FP"
"FL_US_IAN","1","IAN_US_FL_2022",2022-08-01,298,"FP"
"FL_US_IRMA","1","IRMA_US_FL_2017",2022-08-01,291,"FP"
"FL_US_JEANNE","1","JEANNE_US_FL_2004",2022-08-01,196,"FP"
"FL_US_MICHAEL","4","MICHAEL_US_FL_2018",2022-08-01,175,"SUS"
"FL_US_WILMA","1","WILMA_US_FL_2005",2022-08-01,253,"FP"
"LA_US_GUSTAV","4","GUSTAV_US_LA_2008",2022-08-01,324,"SUS"
"LA_US_IDA","4","IDA_US_LA_2009",2022-08-01,321,"SUS"
"LA_US_KATRINA","4","KATRINA_US_LA_2005",2022-08-01,333,"SUS"
"LA_US_LAURA","4","LAURA_US_LA_2020",2022-08-01,247,"SUS"
"LA_US_ZETA","4","ZETA_US_LA_2020",2022-08-01,314,"SUS"
"MX_ERNESTO","5","ERNESTO_MX_2012",2022-08-01,167,"SG"
"MX_GRACE","3","GRACE_MX_2021",2022-08-01,128,"C"
"MX_TAMPS_EMILY","6","EMILY_TAMPS_MX_2005",2022-08-01,73,"WG"
"NC_US_ISABEL","4","ISABEL_US_NC_2003",2022-08-01,110,"SUS"
"NIC_ETA","2","ETA_NIC_2020",2022-08-01,424,"CA"
"NIC_FELIX","2","FELIX_NIC_2007",2022-08-01,416,"CA"
"NIC_IOTA","2","IOTA_NIC_2020",2022-08-01,425,"CA"
"PR_USA_MARIA","3","MARIA_US_PR_2017",2022-08-01,243,"C"
"QROO_WILMA","3","WILMA_QROO_2005",2022-08-01,131,"C"
"TX_US_HARVEY","6","HARVEY_US_TX_2017",2022-08-01,141,"WG"
"TX_US_IKE","4","IKE_US_TX_2008",2022-08-01,215,"SUS"
"TX_US_RITA","4","RITA_US_TX_2005",2022-08-01,223,"SUS"
"US_FL_DELTA","4","DELTA_US_LA_2020",2022-08-01,263,"SUS"
"US_FL_DENNIS","4","DENNIS_US_FL_2005",2022-08-01,368,"SUS"
"VER_MX_KARL","5","KARL_MX_VER_2010",2022-08-01,199,"SG"
"YUC_DELTA","5","DELTA_YUCATAN_MX_2020",2022-08-01,141,"SG"
"YUC_MX_EMILY","5","EMILY_MX_YUC_2005",2022-08-01,172,"SG"
"YUC_MX_ISIDORE","5","ISIDORE_MX_YUC_2002",2022-08-01,190,"SG"
"AL_US_IVAN","4","IVAN_US_AL_2004",2022-09-01,73,"SUS"
"AL_US_SALLY","4","SALLY_US_AL_2020",2022-09-01,84,"SUS"
"ALEX","6","ALEX_2010",2022-09-01,152,"WG"
"BELICE_RICHARD","3","RICHARD_BELICE_2010",2022-09-01,247,"C"
"BELIZE_IRIS","2","IRIS_BELIZE_2001",2022-09-01,435,"CA"
"BETA","2","BETA_2005",2022-09-01,250,"CA"
"CR_OTTO","2","OTTO_CR_2016",2022-09-01,336,"CA"
"CUBA_DENNIS","3","DENNIS_CUBA_2005",2022-09-01,206,"C"
"CUBA_GUSTAV","3","GUSTAV_CUBA_2008",2022-09-01,291,"C"
"CUBA_IAN","3","IAN_CUBA_2022",2022-09-01,287,"C"
"CUBA_MICHELLE","3","MICHELLE_CUBA_2001",2022-09-01,181,"C"
"CUBA_PALOMA","3","PALOMA_CUBA_2008",2022-09-01,154,"C"
"CUBA_SANDY","3","SANDY_CUBA_2012",2022-09-01,116,"C"
"DEAN_QROO_MX","5","DEAN_QROO_MX_2007",2022-09-01,168,"SG"
"FL_US_CHARLEY","1","CHARLEY_2004",2022-09-01,434,"FP"
"FL_US_FRANCES","1","FRANCES_US_FL_2004",2022-09-01,333,"FP"
"FL_US_IAN","1","IAN_US_FL_2022",2022-09-01,405,"FP"
"FL_US_IRMA","1","IRMA_US_FL_2017",2022-09-01,346,"FP"
"FL_US_JEANNE","1","JEANNE_US_FL_2004",2022-09-01,326,"FP"
"FL_US_MICHAEL","4","MICHAEL_US_FL_2018",2022-09-01,93,"SUS"
"FL_US_WILMA","1","WILMA_US_FL_2005",2022-09-01,308,"FP"
"LA_US_GUSTAV","4","GUSTAV_US_LA_2008",2022-09-01,126,"SUS"
"LA_US_IDA","4","IDA_US_LA_2009",2022-09-01,117,"SUS"
"LA_US_KATRINA","4","KATRINA_US_LA_2005",2022-09-01,76,"SUS"
"LA_US_LAURA","4","LAURA_US_LA_2020",2022-09-01,57,"SUS"
"LA_US_ZETA","4","ZETA_US_LA_2020",2022-09-01,120,"SUS"
"MX_ERNESTO","5","ERNESTO_MX_2012",2022-09-01,170,"SG"
"MX_GRACE","3","GRACE_MX_2021",2022-09-01,422.7723,"C"
"MX_TAMPS_EMILY","6","EMILY_TAMPS_MX_2005",2022-09-01,133,"WG"
"NC_US_ISABEL","4","ISABEL_US_NC_2003",2022-09-01,98,"SUS"
"NIC_ETA","2","ETA_NIC_2020",2022-09-01,295,"CA"
"NIC_FELIX","2","FELIX_NIC_2007",2022-09-01,310,"CA"
"NIC_IOTA","2","IOTA_NIC_2020",2022-09-01,266,"CA"
"PR_USA_MARIA","3","MARIA_US_PR_2017",2022-09-01,492.5015,"C"
"QROO_WILMA","3","WILMA_QROO_2005",2022-09-01,164,"C"
"TX_US_HARVEY","6","HARVEY_US_TX_2017",2022-09-01,113,"WG"
"TX_US_IKE","4","IKE_US_TX_2008",2022-09-01,53,"SUS"
"TX_US_RITA","4","RITA_US_TX_2005",2022-09-01,58,"SUS"
"US_FL_DELTA","4","DELTA_US_LA_2020",2022-09-01,72,"SUS"
"US_FL_DENNIS","4","DENNIS_US_FL_2005",2022-09-01,78,"SUS"
"VER_MX_KARL","5","KARL_MX_VER_2010",2022-09-01,442.2606,"SG"
"YUC_DELTA","5","DELTA_YUCATAN_MX_2020",2022-09-01,167,"SG"
"YUC_MX_EMILY","5","EMILY_MX_YUC_2005",2022-09-01,149,"SG"
"YUC_MX_ISIDORE","5","ISIDORE_MX_YUC_2002",2022-09-01,150,"SG"
"AL_US_IVAN","4","IVAN_US_AL_2004",2022-10-01,49,"SUS"
"AL_US_SALLY","4","SALLY_US_AL_2020",2022-10-01,43,"SUS"
"ALEX","6","ALEX_2010",2022-10-01,58,"WG"
"BELICE_RICHARD","3","RICHARD_BELICE_2010",2022-10-01,201,"C"
"BELIZE_IRIS","2","IRIS_BELIZE_2001",2022-10-01,299,"CA"
"BETA","2","BETA_2005",2022-10-01,383,"CA"
"CR_OTTO","2","OTTO_CR_2016",2022-10-01,294,"CA"
"CUBA_DENNIS","3","DENNIS_CUBA_2005",2022-10-01,42,"C"
"CUBA_GUSTAV","3","GUSTAV_CUBA_2008",2022-10-01,53,"C"
"CUBA_IAN","3","IAN_CUBA_2022",2022-10-01,52,"C"
"CUBA_MICHELLE","3","MICHELLE_CUBA_2001",2022-10-01,51,"C"
"CUBA_PALOMA","3","PALOMA_CUBA_2008",2022-10-01,156,"C"
"CUBA_SANDY","3","SANDY_CUBA_2012",2022-10-01,188,"C"
"DEAN_QROO_MX","5","DEAN_QROO_MX_2007",2022-10-01,103,"SG"
"FL_US_CHARLEY","1","CHARLEY_2004",2022-10-01,55,"FP"
"FL_US_FRANCES","1","FRANCES_US_FL_2004",2022-10-01,86,"FP"
"FL_US_IAN","1","IAN_US_FL_2022",2022-10-01,59,"FP"
"FL_US_IRMA","1","IRMA_US_FL_2017",2022-10-01,55,"FP"
"FL_US_JEANNE","1","JEANNE_US_FL_2004",2022-10-01,88,"FP"
"FL_US_MICHAEL","4","MICHAEL_US_FL_2018",2022-10-01,22,"SUS"
"FL_US_WILMA","1","WILMA_US_FL_2005",2022-10-01,82,"FP"
"LA_US_GUSTAV","4","GUSTAV_US_LA_2008",2022-10-01,28,"SUS"
"LA_US_IDA","4","IDA_US_LA_2009",2022-10-01,37,"SUS"
"LA_US_KATRINA","4","KATRINA_US_LA_2005",2022-10-01,49,"SUS"
"LA_US_LAURA","4","LAURA_US_LA_2020",2022-10-01,126,"SUS"
"LA_US_ZETA","4","ZETA_US_LA_2020",2022-10-01,32,"SUS"
"MX_ERNESTO","5","ERNESTO_MX_2012",2022-10-01,107,"SG"
"MX_GRACE","3","GRACE_MX_2021",2022-10-01,152,"C"
"MX_TAMPS_EMILY","6","EMILY_TAMPS_MX_2005",2022-10-01,42,"WG"
"NC_US_ISABEL","4","ISABEL_US_NC_2003",2022-10-01,24,"SUS"
"NIC_ETA","2","ETA_NIC_2020",2022-10-01,313,"CA"
"NIC_FELIX","2","FELIX_NIC_2007",2022-10-01,333,"CA"
"NIC_IOTA","2","IOTA_NIC_2020",2022-10-01,313,"CA"
"PR_USA_MARIA","3","MARIA_US_PR_2017",2022-10-01,266.875,"C"
"QROO_WILMA","3","WILMA_QROO_2005",2022-10-01,86,"C"
"TX_US_HARVEY","6","HARVEY_US_TX_2017",2022-10-01,25,"WG"
"TX_US_IKE","4","IKE_US_TX_2008",2022-10-01,122,"SUS"
"TX_US_RITA","4","RITA_US_TX_2005",2022-10-01,115,"SUS"
"US_FL_DELTA","4","DELTA_US_LA_2020",2022-10-01,74,"SUS"
"US_FL_DENNIS","4","DENNIS_US_FL_2005",2022-10-01,38,"SUS"
"VER_MX_KARL","5","KARL_MX_VER_2010",2022-10-01,89,"SG"
"YUC_DELTA","5","DELTA_YUCATAN_MX_2020",2022-10-01,92,"SG"
"YUC_MX_EMILY","5","EMILY_MX_YUC_2005",2022-10-01,95,"SG"
"YUC_MX_ISIDORE","5","ISIDORE_MX_YUC_2002",2022-10-01,79,"SG"
"AL_US_IVAN","4","IVAN_US_AL_2004",2022-11-01,112,"SUS"
"AL_US_SALLY","4","SALLY_US_AL_2020",2022-11-01,108,"SUS"
"ALEX","6","ALEX_2010",2022-11-01,39,"WG"
"BELICE_RICHARD","3","RICHARD_BELICE_2010",2022-11-01,296,"C"
"BELIZE_IRIS","2","IRIS_BELIZE_2001",2022-11-01,233,"CA"
"BETA","2","BETA_2005",2022-11-01,333,"CA"
"CR_OTTO","2","OTTO_CR_2016",2022-11-01,718.625,"CA"
"CUBA_DENNIS","3","DENNIS_CUBA_2005",2022-11-01,25,"C"
"CUBA_GUSTAV","3","GUSTAV_CUBA_2008",2022-11-01,52,"C"
"CUBA_IAN","3","IAN_CUBA_2022",2022-11-01,45,"C"
"CUBA_MICHELLE","3","MICHELLE_CUBA_2001",2022-11-01,25,"C"
"CUBA_PALOMA","3","PALOMA_CUBA_2008",2022-11-01,29,"C"
"CUBA_SANDY","3","SANDY_CUBA_2012",2022-11-01,44,"C"
"DEAN_QROO_MX","5","DEAN_QROO_MX_2007",2022-11-01,109,"SG"
"FL_US_CHARLEY","1","CHARLEY_2004",2022-11-01,97,"FP"
"FL_US_FRANCES","1","FRANCES_US_FL_2004",2022-11-01,164,"FP"
"FL_US_IAN","1","IAN_US_FL_2022",2022-11-01,105,"FP"
"FL_US_IRMA","1","IRMA_US_FL_2017",2022-11-01,75,"FP"
"FL_US_JEANNE","1","JEANNE_US_FL_2004",2022-11-01,175,"FP"
"FL_US_MICHAEL","4","MICHAEL_US_FL_2018",2022-11-01,90,"SUS"
"FL_US_WILMA","1","WILMA_US_FL_2005",2022-11-01,95,"FP"
"LA_US_GUSTAV","4","GUSTAV_US_LA_2008",2022-11-01,147,"SUS"
"LA_US_IDA","4","IDA_US_LA_2009",2022-11-01,169,"SUS"
"LA_US_KATRINA","4","KATRINA_US_LA_2005",2022-11-01,155,"SUS"
"LA_US_LAURA","4","LAURA_US_LA_2020",2022-11-01,200,"SUS"
"LA_US_ZETA","4","ZETA_US_LA_2020",2022-11-01,159,"SUS"
"MX_ERNESTO","5","ERNESTO_MX_2012",2022-11-01,114,"SG"
"MX_GRACE","3","GRACE_MX_2021",2022-11-01,62,"C"
"MX_TAMPS_EMILY","6","EMILY_TAMPS_MX_2005",2022-11-01,39,"WG"
"NC_US_ISABEL","4","ISABEL_US_NC_2003",2022-11-01,56,"SUS"
"NIC_ETA","2","ETA_NIC_2020",2022-11-01,253,"CA"
"NIC_FELIX","2","FELIX_NIC_2007",2022-11-01,251,"CA"
"NIC_IOTA","2","IOTA_NIC_2020",2022-11-01,255,"CA"
"PR_USA_MARIA","3","MARIA_US_PR_2017",2022-11-01,239,"C"
"QROO_WILMA","3","WILMA_QROO_2005",2022-11-01,110,"C"
"TX_US_HARVEY","6","HARVEY_US_TX_2017",2022-11-01,119,"WG"
"TX_US_IKE","4","IKE_US_TX_2008",2022-11-01,205,"SUS"
"TX_US_RITA","4","RITA_US_TX_2005",2022-11-01,231,"SUS"
"US_FL_DELTA","4","DELTA_US_LA_2020",2022-11-01,193,"SUS"
"US_FL_DENNIS","4","DENNIS_US_FL_2005",2022-11-01,104,"SUS"
"VER_MX_KARL","5","KARL_MX_VER_2010",2022-11-01,49,"SG"
"YUC_DELTA","5","DELTA_YUCATAN_MX_2020",2022-11-01,103,"SG"
"YUC_MX_EMILY","5","EMILY_MX_YUC_2005",2022-11-01,70,"SG"
"YUC_MX_ISIDORE","5","ISIDORE_MX_YUC_2002",2022-11-01,56,"SG"
"AL_US_IVAN","4","IVAN_US_AL_2004",2022-12-01,173,"SUS"
"AL_US_SALLY","4","SALLY_US_AL_2020",2022-12-01,185,"SUS"
"ALEX","6","ALEX_2010",2022-12-01,10,"WG"
"BELICE_RICHARD","3","RICHARD_BELICE_2010",2022-12-01,139,"C"
"BELIZE_IRIS","2","IRIS_BELIZE_2001",2022-12-01,194,"CA"
"BETA","2","BETA_2005",2022-12-01,142,"CA"
"CR_OTTO","2","OTTO_CR_2016",2022-12-01,200,"CA"
"CUBA_DENNIS","3","DENNIS_CUBA_2005",2022-12-01,6,"C"
"CUBA_GUSTAV","3","GUSTAV_CUBA_2008",2022-12-01,135,"C"
"CUBA_IAN","3","IAN_CUBA_2022",2022-12-01,126,"C"
"CUBA_MICHELLE","3","MICHELLE_CUBA_2001",2022-12-01,8,"C"
"CUBA_PALOMA","3","PALOMA_CUBA_2008",2022-12-01,5,"C"
"CUBA_SANDY","3","SANDY_CUBA_2012",2022-12-01,6,"C"
"DEAN_QROO_MX","5","DEAN_QROO_MX_2007",2022-12-01,48,"SG"
"FL_US_CHARLEY","1","CHARLEY_2004",2022-12-01,48,"FP"
"FL_US_FRANCES","1","FRANCES_US_FL_2004",2022-12-01,35,"FP"
"FL_US_IAN","1","IAN_US_FL_2022",2022-12-01,47,"FP"
"FL_US_IRMA","1","IRMA_US_FL_2017",2022-12-01,45,"FP"
"FL_US_JEANNE","1","JEANNE_US_FL_2004",2022-12-01,35,"FP"
"FL_US_MICHAEL","4","MICHAEL_US_FL_2018",2022-12-01,98,"SUS"
"FL_US_WILMA","1","WILMA_US_FL_2005",2022-12-01,40,"FP"
"LA_US_GUSTAV","4","GUSTAV_US_LA_2008",2022-12-01,113,"SUS"
"LA_US_IDA","4","IDA_US_LA_2009",2022-12-01,133,"SUS"
"LA_US_KATRINA","4","KATRINA_US_LA_2005",2022-12-01,134,"SUS"
"LA_US_LAURA","4","LAURA_US_LA_2020",2022-12-01,203,"SUS"
"LA_US_ZETA","4","ZETA_US_LA_2020",2022-12-01,143,"SUS"
"MX_ERNESTO","5","ERNESTO_MX_2012",2022-12-01,46,"SG"
"MX_GRACE","3","GRACE_MX_2021",2022-12-01,46,"C"
"MX_TAMPS_EMILY","6","EMILY_TAMPS_MX_2005",2022-12-01,11,"WG"
"NC_US_ISABEL","4","ISABEL_US_NC_2003",2022-12-01,54,"SUS"
"NIC_ETA","2","ETA_NIC_2020",2022-12-01,139,"CA"
"NIC_FELIX","2","FELIX_NIC_2007",2022-12-01,164,"CA"
"NIC_IOTA","2","IOTA_NIC_2020",2022-12-01,128,"CA"
"PR_USA_MARIA","3","MARIA_US_PR_2017",2022-12-01,69,"C"
"QROO_WILMA","3","WILMA_QROO_2005",2022-12-01,95,"C"
"TX_US_HARVEY","6","HARVEY_US_TX_2017",2022-12-01,28,"WG"
"TX_US_IKE","4","IKE_US_TX_2008",2022-12-01,137,"SUS"
"TX_US_RITA","4","RITA_US_TX_2005",2022-12-01,187,"SUS"
"US_FL_DELTA","4","DELTA_US_LA_2020",2022-12-01,202,"SUS"
"US_FL_DENNIS","4","DENNIS_US_FL_2005",2022-12-01,181,"SUS"
"VER_MX_KARL","5","KARL_MX_VER_2010",2022-12-01,18,"SG"
"YUC_DELTA","5","DELTA_YUCATAN_MX_2020",2022-12-01,79,"SG"
"YUC_MX_EMILY","5","EMILY_MX_YUC_2005",2022-12-01,63,"SG"
"YUC_MX_ISIDORE","5","ISIDORE_MX_YUC_2002",2022-12-01,60,"SG"
