"NAME","cluster","NAME2","date","value","Clus_Acr"
"AL_US_IVAN","4","IVAN_US_AL_2004",2000-01-01,17.3,"SUS"
"AL_US_SALLY","4","SALLY_US_AL_2020",2000-01-01,17.3,"SUS"
"ALEX","6","ALEX_2010",2000-01-01,26.6,"WG"
"BELICE_RICHARD","3","RICHARD_BELICE_2010",2000-01-01,28.6,"C"
"BELIZE_IRIS","2","IRIS_BELIZE_2001",2000-01-01,28.2,"CA"
"BETA","2","BETA_2005",2000-01-01,27.9,"CA"
"CR_OTTO","2","OTTO_CR_2016",2000-01-01,30,"CA"
"CUBA_DENNIS","3","DENNIS_CUBA_2005",2000-01-01,28.8,"C"
"CUBA_GUSTAV","3","GUSTAV_CUBA_2008",2000-01-01,27.9,"C"
"CUBA_IAN","3","IAN_CUBA_2022",2000-01-01,27.5,"C"
"CUBA_MICHELLE","3","MICHELLE_CUBA_2001",2000-01-01,28.6,"C"
"CUBA_PALOMA","3","PALOMA_CUBA_2008",2000-01-01,28.7,"C"
"CUBA_SANDY","3","SANDY_CUBA_2012",2000-01-01,29.6,"C"
"DEAN_QROO_MX","5","DEAN_QROO_MX_2007",2000-01-01,29.6,"SG"
"FL_US_CHARLEY","1","CHARLEY_2004",2000-01-01,24.1,"FP"
"FL_US_FRANCES","1","FRANCES_US_FL_2004",2000-01-01,23.9,"FP"
"FL_US_IAN","1","IAN_US_FL_2022",2000-01-01,24.5,"FP"
"FL_US_IRMA","1","IRMA_US_FL_2017",2000-01-01,25.1,"FP"
"FL_US_JEANNE","1","JEANNE_US_FL_2004",2000-01-01,24.1,"FP"
"FL_US_MICHAEL","4","MICHAEL_US_FL_2018",2000-01-01,18.2,"SUS"
"FL_US_WILMA","1","WILMA_US_FL_2005",2000-01-01,25,"FP"
"LA_US_GUSTAV","4","GUSTAV_US_LA_2008",2000-01-01,20.1,"SUS"
"LA_US_IDA","4","IDA_US_LA_2009",2000-01-01,19.6,"SUS"
"LA_US_KATRINA","4","KATRINA_US_LA_2005",2000-01-01,18.8,"SUS"
"LA_US_LAURA","4","LAURA_US_LA_2020",2000-01-01,18.6,"SUS"
"LA_US_ZETA","4","ZETA_US_LA_2020",2000-01-01,19.4,"SUS"
"MX_ERNESTO","5","ERNESTO_MX_2012",2000-01-01,29.5,"SG"
"MX_GRACE","3","GRACE_MX_2021",2000-01-01,25.6,"C"
"MX_TAMPS_EMILY","6","EMILY_TAMPS_MX_2005",2000-01-01,25.5,"WG"
"NC_US_ISABEL","4","ISABEL_US_NC_2003",2000-01-01,11.9,"SUS"
"NIC_ETA","2","ETA_NIC_2020",2000-01-01,28.4,"CA"
"NIC_FELIX","2","FELIX_NIC_2007",2000-01-01,28.4,"CA"
"NIC_IOTA","2","IOTA_NIC_2020",2000-01-01,28.4,"CA"
"PR_USA_MARIA","3","MARIA_US_PR_2017",2000-01-01,29.6,"C"
"QROO_WILMA","3","WILMA_QROO_2005",2000-01-01,29.2,"C"
"TX_US_HARVEY","6","HARVEY_US_TX_2017",2000-01-01,21.9,"WG"
"TX_US_IKE","4","IKE_US_TX_2008",2000-01-01,19.6,"SUS"
"TX_US_RITA","4","RITA_US_TX_2005",2000-01-01,19.3,"SUS"
"US_FL_DELTA","4","DELTA_US_LA_2020",2000-01-01,18.3,"SUS"
"US_FL_DENNIS","4","DENNIS_US_FL_2005",2000-01-01,17.2,"SUS"
"VER_MX_KARL","5","KARL_MX_VER_2010",2000-01-01,28.4,"SG"
"YUC_DELTA","5","DELTA_YUCATAN_MX_2020",2000-01-01,29.6,"SG"
"YUC_MX_EMILY","5","EMILY_MX_YUC_2005",2000-01-01,30.6,"SG"
"YUC_MX_ISIDORE","5","ISIDORE_MX_YUC_2002",2000-01-01,30.6,"SG"
"AL_US_IVAN","4","IVAN_US_AL_2004",2000-02-01,21.4,"SUS"
"AL_US_SALLY","4","SALLY_US_AL_2020",2000-02-01,21.3,"SUS"
"ALEX","6","ALEX_2010",2000-02-01,29.3,"WG"
"BELICE_RICHARD","3","RICHARD_BELICE_2010",2000-02-01,29.8,"C"
"BELIZE_IRIS","2","IRIS_BELIZE_2001",2000-02-01,30.2,"CA"
"BETA","2","BETA_2005",2000-02-01,28.7,"CA"
"CR_OTTO","2","OTTO_CR_2016",2000-02-01,30.6,"CA"
"CUBA_DENNIS","3","DENNIS_CUBA_2005",2000-02-01,29.3,"C"
"CUBA_GUSTAV","3","GUSTAV_CUBA_2008",2000-02-01,28.1,"C"
"CUBA_IAN","3","IAN_CUBA_2022",2000-02-01,28,"C"
"CUBA_MICHELLE","3","MICHELLE_CUBA_2001",2000-02-01,29.2,"C"
"CUBA_PALOMA","3","PALOMA_CUBA_2008",2000-02-01,28.8,"C"
"CUBA_SANDY","3","SANDY_CUBA_2012",2000-02-01,29.7,"C"
"DEAN_QROO_MX","5","DEAN_QROO_MX_2007",2000-02-01,30.9,"SG"
"FL_US_CHARLEY","1","CHARLEY_2004",2000-02-01,25,"FP"
"FL_US_FRANCES","1","FRANCES_US_FL_2004",2000-02-01,25,"FP"
"FL_US_IAN","1","IAN_US_FL_2022",2000-02-01,25.4,"FP"
"FL_US_IRMA","1","IRMA_US_FL_2017",2000-02-01,25.8,"FP"
"FL_US_JEANNE","1","JEANNE_US_FL_2004",2000-02-01,25,"FP"
"FL_US_MICHAEL","4","MICHAEL_US_FL_2018",2000-02-01,21.6,"SUS"
"FL_US_WILMA","1","WILMA_US_FL_2005",2000-02-01,25.6,"FP"
"LA_US_GUSTAV","4","GUSTAV_US_LA_2008",2000-02-01,22.5,"SUS"
"LA_US_IDA","4","IDA_US_LA_2009",2000-02-01,22.5,"SUS"
"LA_US_KATRINA","4","KATRINA_US_LA_2005",2000-02-01,21.7,"SUS"
"LA_US_LAURA","4","LAURA_US_LA_2020",2000-02-01,22.3,"SUS"
"LA_US_ZETA","4","ZETA_US_LA_2020",2000-02-01,22.3,"SUS"
"MX_ERNESTO","5","ERNESTO_MX_2012",2000-02-01,30.9,"SG"
"MX_GRACE","3","GRACE_MX_2021",2000-02-01,27.3,"C"
"MX_TAMPS_EMILY","6","EMILY_TAMPS_MX_2005",2000-02-01,28.6,"WG"
"NC_US_ISABEL","4","ISABEL_US_NC_2003",2000-02-01,15.9,"SUS"
"NIC_ETA","2","ETA_NIC_2020",2000-02-01,29.5,"CA"
"NIC_FELIX","2","FELIX_NIC_2007",2000-02-01,29.4,"CA"
"NIC_IOTA","2","IOTA_NIC_2020",2000-02-01,29.5,"CA"
"PR_USA_MARIA","3","MARIA_US_PR_2017",2000-02-01,30,"C"
"QROO_WILMA","3","WILMA_QROO_2005",2000-02-01,30,"C"
"TX_US_HARVEY","6","HARVEY_US_TX_2017",2000-02-01,25.1,"WG"
"TX_US_IKE","4","IKE_US_TX_2008",2000-02-01,22.8,"SUS"
"TX_US_RITA","4","RITA_US_TX_2005",2000-02-01,23.1,"SUS"
"US_FL_DELTA","4","DELTA_US_LA_2020",2000-02-01,21.9,"SUS"
"US_FL_DENNIS","4","DENNIS_US_FL_2005",2000-02-01,21.4,"SUS"
"VER_MX_KARL","5","KARL_MX_VER_2010",2000-02-01,30.2,"SG"
"YUC_DELTA","5","DELTA_YUCATAN_MX_2020",2000-02-01,30.7,"SG"
"YUC_MX_EMILY","5","EMILY_MX_YUC_2005",2000-02-01,31.7,"SG"
"YUC_MX_ISIDORE","5","ISIDORE_MX_YUC_2002",2000-02-01,31.9,"SG"
"AL_US_IVAN","4","IVAN_US_AL_2004",2000-03-01,24,"SUS"
"AL_US_SALLY","4","SALLY_US_AL_2020",2000-03-01,23.9,"SUS"
"ALEX","6","ALEX_2010",2000-03-01,31.7,"WG"
"BELICE_RICHARD","3","RICHARD_BELICE_2010",2000-03-01,30.3,"C"
"BELIZE_IRIS","2","IRIS_BELIZE_2001",2000-03-01,30.9,"CA"
"BETA","2","BETA_2005",2000-03-01,30.3,"CA"
"CR_OTTO","2","OTTO_CR_2016",2000-03-01,31.7,"CA"
"CUBA_DENNIS","3","DENNIS_CUBA_2005",2000-03-01,31.5,"C"
"CUBA_GUSTAV","3","GUSTAV_CUBA_2008",2000-03-01,30.3,"C"
"CUBA_IAN","3","IAN_CUBA_2022",2000-03-01,30.1,"C"
"CUBA_MICHELLE","3","MICHELLE_CUBA_2001",2000-03-01,31.4,"C"
"CUBA_PALOMA","3","PALOMA_CUBA_2008",2000-03-01,30.8,"C"
"CUBA_SANDY","3","SANDY_CUBA_2012",2000-03-01,30.8,"C"
"DEAN_QROO_MX","5","DEAN_QROO_MX_2007",2000-03-01,32.4,"SG"
"FL_US_CHARLEY","1","CHARLEY_2004",2000-03-01,28.3,"FP"
"FL_US_FRANCES","1","FRANCES_US_FL_2004",2000-03-01,28.4,"FP"
"FL_US_IAN","1","IAN_US_FL_2022",2000-03-01,28.6,"FP"
"FL_US_IRMA","1","IRMA_US_FL_2017",2000-03-01,28.8,"FP"
"FL_US_JEANNE","1","JEANNE_US_FL_2004",2000-03-01,28.5,"FP"
"FL_US_MICHAEL","4","MICHAEL_US_FL_2018",2000-03-01,24.3,"SUS"
"FL_US_WILMA","1","WILMA_US_FL_2005",2000-03-01,28.6,"FP"
"LA_US_GUSTAV","4","GUSTAV_US_LA_2008",2000-03-01,24.8,"SUS"
"LA_US_IDA","4","IDA_US_LA_2009",2000-03-01,24.6,"SUS"
"LA_US_KATRINA","4","KATRINA_US_LA_2005",2000-03-01,24.1,"SUS"
"LA_US_LAURA","4","LAURA_US_LA_2020",2000-03-01,24.4,"SUS"
"LA_US_ZETA","4","ZETA_US_LA_2020",2000-03-01,25.7,"SUS"
"MX_ERNESTO","5","ERNESTO_MX_2012",2000-03-01,32.3,"SG"
"MX_GRACE","3","GRACE_MX_2021",2000-03-01,29.8,"C"
"MX_TAMPS_EMILY","6","EMILY_TAMPS_MX_2005",2000-03-01,30.7,"WG"
"NC_US_ISABEL","4","ISABEL_US_NC_2003",2000-03-01,20.2,"SUS"
"NIC_ETA","2","ETA_NIC_2020",2000-03-01,30.7,"CA"
"NIC_FELIX","2","FELIX_NIC_2007",2000-03-01,30.3,"CA"
"NIC_IOTA","2","IOTA_NIC_2020",2000-03-01,30.8,"CA"
"PR_USA_MARIA","3","MARIA_US_PR_2017",2000-03-01,30.5,"C"
"QROO_WILMA","3","WILMA_QROO_2005",2000-03-01,31.6,"C"
"TX_US_HARVEY","6","HARVEY_US_TX_2017",2000-03-01,26.9,"WG"
"TX_US_IKE","4","IKE_US_TX_2008",2000-03-01,24.8,"SUS"
"TX_US_RITA","4","RITA_US_TX_2005",2000-03-01,25.1,"SUS"
"US_FL_DELTA","4","DELTA_US_LA_2020",2000-03-01,24.4,"SUS"
"US_FL_DENNIS","4","DENNIS_US_FL_2005",2000-03-01,24,"SUS"
"VER_MX_KARL","5","KARL_MX_VER_2010",2000-03-01,32.9,"SG"
"YUC_DELTA","5","DELTA_YUCATAN_MX_2020",2000-03-01,32.6,"SG"
"YUC_MX_EMILY","5","EMILY_MX_YUC_2005",2000-03-01,33.3,"SG"
"YUC_MX_ISIDORE","5","ISIDORE_MX_YUC_2002",2000-03-01,33.9,"SG"
"AL_US_IVAN","4","IVAN_US_AL_2004",2000-04-01,24.9,"SUS"
"AL_US_SALLY","4","SALLY_US_AL_2020",2000-04-01,24.6,"SUS"
"ALEX","6","ALEX_2010",2000-04-01,33.8,"WG"
"BELICE_RICHARD","3","RICHARD_BELICE_2010",2000-04-01,32.9,"C"
"BELIZE_IRIS","2","IRIS_BELIZE_2001",2000-04-01,33.4,"CA"
"BETA","2","BETA_2005",2000-04-01,30.9,"CA"
"CR_OTTO","2","OTTO_CR_2016",2000-04-01,32.1,"CA"
"CUBA_DENNIS","3","DENNIS_CUBA_2005",2000-04-01,31.9,"C"
"CUBA_GUSTAV","3","GUSTAV_CUBA_2008",2000-04-01,30.1,"C"
"CUBA_IAN","3","IAN_CUBA_2022",2000-04-01,30,"C"
"CUBA_MICHELLE","3","MICHELLE_CUBA_2001",2000-04-01,31.9,"C"
"CUBA_PALOMA","3","PALOMA_CUBA_2008",2000-04-01,32.5,"C"
"CUBA_SANDY","3","SANDY_CUBA_2012",2000-04-01,32.6,"C"
"DEAN_QROO_MX","5","DEAN_QROO_MX_2007",2000-04-01,33.7,"SG"
"FL_US_CHARLEY","1","CHARLEY_2004",2000-04-01,29.2,"FP"
"FL_US_FRANCES","1","FRANCES_US_FL_2004",2000-04-01,29,"FP"
"FL_US_IAN","1","IAN_US_FL_2022",2000-04-01,29.3,"FP"
"FL_US_IRMA","1","IRMA_US_FL_2017",2000-04-01,29.5,"FP"
"FL_US_JEANNE","1","JEANNE_US_FL_2004",2000-04-01,29,"FP"
"FL_US_MICHAEL","4","MICHAEL_US_FL_2018",2000-04-01,25.5,"SUS"
"FL_US_WILMA","1","WILMA_US_FL_2005",2000-04-01,29.2,"FP"
"LA_US_GUSTAV","4","GUSTAV_US_LA_2008",2000-04-01,25.3,"SUS"
"LA_US_IDA","4","IDA_US_LA_2009",2000-04-01,25.6,"SUS"
"LA_US_KATRINA","4","KATRINA_US_LA_2005",2000-04-01,24.9,"SUS"
"LA_US_LAURA","4","LAURA_US_LA_2020",2000-04-01,25.4,"SUS"
"LA_US_ZETA","4","ZETA_US_LA_2020",2000-04-01,26,"SUS"
"MX_ERNESTO","5","ERNESTO_MX_2012",2000-04-01,33.7,"SG"
"MX_GRACE","3","GRACE_MX_2021",2000-04-01,32.6,"C"
"MX_TAMPS_EMILY","6","EMILY_TAMPS_MX_2005",2000-04-01,32.5,"WG"
"NC_US_ISABEL","4","ISABEL_US_NC_2003",2000-04-01,21.4,"SUS"
"NIC_ETA","2","ETA_NIC_2020",2000-04-01,32.1,"CA"
"NIC_FELIX","2","FELIX_NIC_2007",2000-04-01,32.1,"CA"
"NIC_IOTA","2","IOTA_NIC_2020",2000-04-01,32.1,"CA"
"PR_USA_MARIA","3","MARIA_US_PR_2017",2000-04-01,31.1,"C"
"QROO_WILMA","3","WILMA_QROO_2005",2000-04-01,31.8,"C"
"TX_US_HARVEY","6","HARVEY_US_TX_2017",2000-04-01,28.5,"WG"
"TX_US_IKE","4","IKE_US_TX_2008",2000-04-01,26,"SUS"
"TX_US_RITA","4","RITA_US_TX_2005",2000-04-01,26.3,"SUS"
"US_FL_DELTA","4","DELTA_US_LA_2020",2000-04-01,25.4,"SUS"
"US_FL_DENNIS","4","DENNIS_US_FL_2005",2000-04-01,24.9,"SUS"
"VER_MX_KARL","5","KARL_MX_VER_2010",2000-04-01,35.3,"SG"
"YUC_DELTA","5","DELTA_YUCATAN_MX_2020",2000-04-01,33.1,"SG"
"YUC_MX_EMILY","5","EMILY_MX_YUC_2005",2000-04-01,34,"SG"
"YUC_MX_ISIDORE","5","ISIDORE_MX_YUC_2002",2000-04-01,34.9,"SG"
"AL_US_IVAN","4","IVAN_US_AL_2004",2000-05-01,31.4,"SUS"
"AL_US_SALLY","4","SALLY_US_AL_2020",2000-05-01,31.2,"SUS"
"ALEX","6","ALEX_2010",2000-05-01,36.9,"WG"
"BELICE_RICHARD","3","RICHARD_BELICE_2010",2000-05-01,32.5,"C"
"BELIZE_IRIS","2","IRIS_BELIZE_2001",2000-05-01,32.5,"CA"
"BETA","2","BETA_2005",2000-05-01,30.7,"CA"
"CR_OTTO","2","OTTO_CR_2016",2000-05-01,31.6,"CA"
"CUBA_DENNIS","3","DENNIS_CUBA_2005",2000-05-01,32.9,"C"
"CUBA_GUSTAV","3","GUSTAV_CUBA_2008",2000-05-01,31.9,"C"
"CUBA_IAN","3","IAN_CUBA_2022",2000-05-01,31.9,"C"
"CUBA_MICHELLE","3","MICHELLE_CUBA_2001",2000-05-01,32.8,"C"
"CUBA_PALOMA","3","PALOMA_CUBA_2008",2000-05-01,32.5,"C"
"CUBA_SANDY","3","SANDY_CUBA_2012",2000-05-01,32.2,"C"
"DEAN_QROO_MX","5","DEAN_QROO_MX_2007",2000-05-01,34,"SG"
"FL_US_CHARLEY","1","CHARLEY_2004",2000-05-01,33,"FP"
"FL_US_FRANCES","1","FRANCES_US_FL_2004",2000-05-01,32.7,"FP"
"FL_US_IAN","1","IAN_US_FL_2022",2000-05-01,33,"FP"
"FL_US_IRMA","1","IRMA_US_FL_2017",2000-05-01,33,"FP"
"FL_US_JEANNE","1","JEANNE_US_FL_2004",2000-05-01,32.6,"FP"
"FL_US_MICHAEL","4","MICHAEL_US_FL_2018",2000-05-01,32.1,"SUS"
"FL_US_WILMA","1","WILMA_US_FL_2005",2000-05-01,32.3,"FP"
"LA_US_GUSTAV","4","GUSTAV_US_LA_2008",2000-05-01,30.5,"SUS"
"LA_US_IDA","4","IDA_US_LA_2009",2000-05-01,30.8,"SUS"
"LA_US_KATRINA","4","KATRINA_US_LA_2005",2000-05-01,30.9,"SUS"
"LA_US_LAURA","4","LAURA_US_LA_2020",2000-05-01,30.3,"SUS"
"LA_US_ZETA","4","ZETA_US_LA_2020",2000-05-01,31.4,"SUS"
"MX_ERNESTO","5","ERNESTO_MX_2012",2000-05-01,34,"SG"
"MX_GRACE","3","GRACE_MX_2021",2000-05-01,34.1,"C"
"MX_TAMPS_EMILY","6","EMILY_TAMPS_MX_2005",2000-05-01,36.2,"WG"
"NC_US_ISABEL","4","ISABEL_US_NC_2003",2000-05-01,28.1,"SUS"
"NIC_ETA","2","ETA_NIC_2020",2000-05-01,31.2,"CA"
"NIC_FELIX","2","FELIX_NIC_2007",2000-05-01,31.3,"CA"
"NIC_IOTA","2","IOTA_NIC_2020",2000-05-01,31.2,"CA"
"PR_USA_MARIA","3","MARIA_US_PR_2017",2000-05-01,31.7,"C"
"QROO_WILMA","3","WILMA_QROO_2005",2000-05-01,32.8,"C"
"TX_US_HARVEY","6","HARVEY_US_TX_2017",2000-05-01,32.1,"WG"
"TX_US_IKE","4","IKE_US_TX_2008",2000-05-01,30.6,"SUS"
"TX_US_RITA","4","RITA_US_TX_2005",2000-05-01,30.8,"SUS"
"US_FL_DELTA","4","DELTA_US_LA_2020",2000-05-01,30.4,"SUS"
"US_FL_DENNIS","4","DENNIS_US_FL_2005",2000-05-01,31.4,"SUS"
"VER_MX_KARL","5","KARL_MX_VER_2010",2000-05-01,35,"SG"
"YUC_DELTA","5","DELTA_YUCATAN_MX_2020",2000-05-01,33.9,"SG"
"YUC_MX_EMILY","5","EMILY_MX_YUC_2005",2000-05-01,34.5,"SG"
"YUC_MX_ISIDORE","5","ISIDORE_MX_YUC_2002",2000-05-01,35.4,"SG"
"AL_US_IVAN","4","IVAN_US_AL_2004",2000-06-01,32.7,"SUS"
"AL_US_SALLY","4","SALLY_US_AL_2020",2000-06-01,32.2,"SUS"
"ALEX","6","ALEX_2010",2000-06-01,35.8,"WG"
"BELICE_RICHARD","3","RICHARD_BELICE_2010",2000-06-01,31,"C"
"BELIZE_IRIS","2","IRIS_BELIZE_2001",2000-06-01,31.3,"CA"
"BETA","2","BETA_2005",2000-06-01,29.2,"CA"
"CR_OTTO","2","OTTO_CR_2016",2000-06-01,30.4,"CA"
"CUBA_DENNIS","3","DENNIS_CUBA_2005",2000-06-01,33,"C"
"CUBA_GUSTAV","3","GUSTAV_CUBA_2008",2000-06-01,32.3,"C"
"CUBA_IAN","3","IAN_CUBA_2022",2000-06-01,32.1,"C"
"CUBA_MICHELLE","3","MICHELLE_CUBA_2001",2000-06-01,32.9,"C"
"CUBA_PALOMA","3","PALOMA_CUBA_2008",2000-06-01,32.4,"C"
"CUBA_SANDY","3","SANDY_CUBA_2012",2000-06-01,32.4,"C"
"DEAN_QROO_MX","5","DEAN_QROO_MX_2007",2000-06-01,31.8,"SG"
"FL_US_CHARLEY","1","CHARLEY_2004",2000-06-01,33.7,"FP"
"FL_US_FRANCES","1","FRANCES_US_FL_2004",2000-06-01,33.3,"FP"
"FL_US_IAN","1","IAN_US_FL_2022",2000-06-01,33.6,"FP"
"FL_US_IRMA","1","IRMA_US_FL_2017",2000-06-01,33.5,"FP"
"FL_US_JEANNE","1","JEANNE_US_FL_2004",2000-06-01,33.3,"FP"
"FL_US_MICHAEL","4","MICHAEL_US_FL_2018",2000-06-01,33.5,"SUS"
"FL_US_WILMA","1","WILMA_US_FL_2005",2000-06-01,33,"FP"
"LA_US_GUSTAV","4","GUSTAV_US_LA_2008",2000-06-01,31.8,"SUS"
"LA_US_IDA","4","IDA_US_LA_2009",2000-06-01,32.1,"SUS"
"LA_US_KATRINA","4","KATRINA_US_LA_2005",2000-06-01,32.2,"SUS"
"LA_US_LAURA","4","LAURA_US_LA_2020",2000-06-01,32.1,"SUS"
"LA_US_ZETA","4","ZETA_US_LA_2020",2000-06-01,32,"SUS"
"MX_ERNESTO","5","ERNESTO_MX_2012",2000-06-01,31.8,"SG"
"MX_GRACE","3","GRACE_MX_2021",2000-06-01,33.3,"C"
"MX_TAMPS_EMILY","6","EMILY_TAMPS_MX_2005",2000-06-01,35.1,"WG"
"NC_US_ISABEL","4","ISABEL_US_NC_2003",2000-06-01,30.5,"SUS"
"NIC_ETA","2","ETA_NIC_2020",2000-06-01,29.6,"CA"
"NIC_FELIX","2","FELIX_NIC_2007",2000-06-01,30,"CA"
"NIC_IOTA","2","IOTA_NIC_2020",2000-06-01,29.6,"CA"
"PR_USA_MARIA","3","MARIA_US_PR_2017",2000-06-01,32.3,"C"
"QROO_WILMA","3","WILMA_QROO_2005",2000-06-01,32.1,"C"
"TX_US_HARVEY","6","HARVEY_US_TX_2017",2000-06-01,33.2,"WG"
"TX_US_IKE","4","IKE_US_TX_2008",2000-06-01,32.4,"SUS"
"TX_US_RITA","4","RITA_US_TX_2005",2000-06-01,32.6,"SUS"
"US_FL_DELTA","4","DELTA_US_LA_2020",2000-06-01,32.2,"SUS"
"US_FL_DENNIS","4","DENNIS_US_FL_2005",2000-06-01,32.7,"SUS"
"VER_MX_KARL","5","KARL_MX_VER_2010",2000-06-01,33.3,"SG"
"YUC_DELTA","5","DELTA_YUCATAN_MX_2020",2000-06-01,32.4,"SG"
"YUC_MX_EMILY","5","EMILY_MX_YUC_2005",2000-06-01,32.7,"SG"
"YUC_MX_ISIDORE","5","ISIDORE_MX_YUC_2002",2000-06-01,33.1,"SG"
"AL_US_IVAN","4","IVAN_US_AL_2004",2000-07-01,35.9,"SUS"
"AL_US_SALLY","4","SALLY_US_AL_2020",2000-07-01,35.2,"SUS"
"ALEX","6","ALEX_2010",2000-07-01,38.8,"WG"
"BELICE_RICHARD","3","RICHARD_BELICE_2010",2000-07-01,32.1,"C"
"BELIZE_IRIS","2","IRIS_BELIZE_2001",2000-07-01,31.9,"CA"
"BETA","2","BETA_2005",2000-07-01,29.4,"CA"
"CR_OTTO","2","OTTO_CR_2016",2000-07-01,30.8,"CA"
"CUBA_DENNIS","3","DENNIS_CUBA_2005",2000-07-01,33.6,"C"
"CUBA_GUSTAV","3","GUSTAV_CUBA_2008",2000-07-01,32.2,"C"
"CUBA_IAN","3","IAN_CUBA_2022",2000-07-01,32.1,"C"
"CUBA_MICHELLE","3","MICHELLE_CUBA_2001",2000-07-01,33.6,"C"
"CUBA_PALOMA","3","PALOMA_CUBA_2008",2000-07-01,33.8,"C"
"CUBA_SANDY","3","SANDY_CUBA_2012",2000-07-01,34,"C"
"DEAN_QROO_MX","5","DEAN_QROO_MX_2007",2000-07-01,32.9,"SG"
"FL_US_CHARLEY","1","CHARLEY_2004",2000-07-01,34,"FP"
"FL_US_FRANCES","1","FRANCES_US_FL_2004",2000-07-01,33.8,"FP"
"FL_US_IAN","1","IAN_US_FL_2022",2000-07-01,34.1,"FP"
"FL_US_IRMA","1","IRMA_US_FL_2017",2000-07-01,34,"FP"
"FL_US_JEANNE","1","JEANNE_US_FL_2004",2000-07-01,33.8,"FP"
"FL_US_MICHAEL","4","MICHAEL_US_FL_2018",2000-07-01,35.2,"SUS"
"FL_US_WILMA","1","WILMA_US_FL_2005",2000-07-01,33.7,"FP"
"LA_US_GUSTAV","4","GUSTAV_US_LA_2008",2000-07-01,34.1,"SUS"
"LA_US_IDA","4","IDA_US_LA_2009",2000-07-01,34.7,"SUS"
"LA_US_KATRINA","4","KATRINA_US_LA_2005",2000-07-01,35.2,"SUS"
"LA_US_LAURA","4","LAURA_US_LA_2020",2000-07-01,34.9,"SUS"
"LA_US_ZETA","4","ZETA_US_LA_2020",2000-07-01,34.8,"SUS"
"MX_ERNESTO","5","ERNESTO_MX_2012",2000-07-01,32.8,"SG"
"MX_GRACE","3","GRACE_MX_2021",2000-07-01,34.5,"C"
"MX_TAMPS_EMILY","6","EMILY_TAMPS_MX_2005",2000-07-01,38.5,"WG"
"NC_US_ISABEL","4","ISABEL_US_NC_2003",2000-07-01,29.9,"SUS"
"NIC_ETA","2","ETA_NIC_2020",2000-07-01,30.2,"CA"
"NIC_FELIX","2","FELIX_NIC_2007",2000-07-01,30.2,"CA"
"NIC_IOTA","2","IOTA_NIC_2020",2000-07-01,30.2,"CA"
"PR_USA_MARIA","3","MARIA_US_PR_2017",2000-07-01,33.4,"C"
"QROO_WILMA","3","WILMA_QROO_2005",2000-07-01,33.2,"C"
"TX_US_HARVEY","6","HARVEY_US_TX_2017",2000-07-01,36.7,"WG"
"TX_US_IKE","4","IKE_US_TX_2008",2000-07-01,35.6,"SUS"
"TX_US_RITA","4","RITA_US_TX_2005",2000-07-01,35.4,"SUS"
"US_FL_DELTA","4","DELTA_US_LA_2020",2000-07-01,34.7,"SUS"
"US_FL_DENNIS","4","DENNIS_US_FL_2005",2000-07-01,35.9,"SUS"
"VER_MX_KARL","5","KARL_MX_VER_2010",2000-07-01,32.6,"SG"
"YUC_DELTA","5","DELTA_YUCATAN_MX_2020",2000-07-01,33.2,"SG"
"YUC_MX_EMILY","5","EMILY_MX_YUC_2005",2000-07-01,33.6,"SG"
"YUC_MX_ISIDORE","5","ISIDORE_MX_YUC_2002",2000-07-01,33.4,"SG"
"AL_US_IVAN","4","IVAN_US_AL_2004",2000-08-01,35.4,"SUS"
"AL_US_SALLY","4","SALLY_US_AL_2020",2000-08-01,34.5,"SUS"
"ALEX","6","ALEX_2010",2000-08-01,36.2,"WG"
"BELICE_RICHARD","3","RICHARD_BELICE_2010",2000-08-01,31.4,"C"
"BELIZE_IRIS","2","IRIS_BELIZE_2001",2000-08-01,31,"CA"
"BETA","2","BETA_2005",2000-08-01,29.6,"CA"
"CR_OTTO","2","OTTO_CR_2016",2000-08-01,30.9,"CA"
"CUBA_DENNIS","3","DENNIS_CUBA_2005",2000-08-01,34,"C"
"CUBA_GUSTAV","3","GUSTAV_CUBA_2008",2000-08-01,32.7,"C"
"CUBA_IAN","3","IAN_CUBA_2022",2000-08-01,32.6,"C"
"CUBA_MICHELLE","3","MICHELLE_CUBA_2001",2000-08-01,34,"C"
"CUBA_PALOMA","3","PALOMA_CUBA_2008",2000-08-01,33.8,"C"
"CUBA_SANDY","3","SANDY_CUBA_2012",2000-08-01,33.9,"C"
"DEAN_QROO_MX","5","DEAN_QROO_MX_2007",2000-08-01,32.2,"SG"
"FL_US_CHARLEY","1","CHARLEY_2004",2000-08-01,33.9,"FP"
"FL_US_FRANCES","1","FRANCES_US_FL_2004",2000-08-01,33.7,"FP"
"FL_US_IAN","1","IAN_US_FL_2022",2000-08-01,34,"FP"
"FL_US_IRMA","1","IRMA_US_FL_2017",2000-08-01,33.8,"FP"
"FL_US_JEANNE","1","JEANNE_US_FL_2004",2000-08-01,33.7,"FP"
"FL_US_MICHAEL","4","MICHAEL_US_FL_2018",2000-08-01,34.3,"SUS"
"FL_US_WILMA","1","WILMA_US_FL_2005",2000-08-01,33.6,"FP"
"LA_US_GUSTAV","4","GUSTAV_US_LA_2008",2000-08-01,34.8,"SUS"
"LA_US_IDA","4","IDA_US_LA_2009",2000-08-01,35.2,"SUS"
"LA_US_KATRINA","4","KATRINA_US_LA_2005",2000-08-01,35.7,"SUS"
"LA_US_LAURA","4","LAURA_US_LA_2020",2000-08-01,36.2,"SUS"
"LA_US_ZETA","4","ZETA_US_LA_2020",2000-08-01,35.4,"SUS"
"MX_ERNESTO","5","ERNESTO_MX_2012",2000-08-01,32.2,"SG"
"MX_GRACE","3","GRACE_MX_2021",2000-08-01,33.3,"C"
"MX_TAMPS_EMILY","6","EMILY_TAMPS_MX_2005",2000-08-01,36,"WG"
"NC_US_ISABEL","4","ISABEL_US_NC_2003",2000-08-01,30.1,"SUS"
"NIC_ETA","2","ETA_NIC_2020",2000-08-01,29.9,"CA"
"NIC_FELIX","2","FELIX_NIC_2007",2000-08-01,30.2,"CA"
"NIC_IOTA","2","IOTA_NIC_2020",2000-08-01,29.9,"CA"
"PR_USA_MARIA","3","MARIA_US_PR_2017",2000-08-01,32.9,"C"
"QROO_WILMA","3","WILMA_QROO_2005",2000-08-01,33,"C"
"TX_US_HARVEY","6","HARVEY_US_TX_2017",2000-08-01,36.9,"WG"
"TX_US_IKE","4","IKE_US_TX_2008",2000-08-01,36.9,"SUS"
"TX_US_RITA","4","RITA_US_TX_2005",2000-08-01,36.4,"SUS"
"US_FL_DELTA","4","DELTA_US_LA_2020",2000-08-01,35.8,"SUS"
"US_FL_DENNIS","4","DENNIS_US_FL_2005",2000-08-01,35.4,"SUS"
"VER_MX_KARL","5","KARL_MX_VER_2010",2000-08-01,32.9,"SG"
"YUC_DELTA","5","DELTA_YUCATAN_MX_2020",2000-08-01,32.8,"SG"
"YUC_MX_EMILY","5","EMILY_MX_YUC_2005",2000-08-01,32.9,"SG"
"YUC_MX_ISIDORE","5","ISIDORE_MX_YUC_2002",2000-08-01,32.9,"SG"
"AL_US_IVAN","4","IVAN_US_AL_2004",2000-09-01,30.9,"SUS"
"AL_US_SALLY","4","SALLY_US_AL_2020",2000-09-01,30.3,"SUS"
"ALEX","6","ALEX_2010",2000-09-01,36.6,"WG"
"BELICE_RICHARD","3","RICHARD_BELICE_2010",2000-09-01,31.5,"C"
"BELIZE_IRIS","2","IRIS_BELIZE_2001",2000-09-01,31,"CA"
"BETA","2","BETA_2005",2000-09-01,30.3,"CA"
"CR_OTTO","2","OTTO_CR_2016",2000-09-01,30.6,"CA"
"CUBA_DENNIS","3","DENNIS_CUBA_2005",2000-09-01,33.3,"C"
"CUBA_GUSTAV","3","GUSTAV_CUBA_2008",2000-09-01,32,"C"
"CUBA_IAN","3","IAN_CUBA_2022",2000-09-01,32.1,"C"
"CUBA_MICHELLE","3","MICHELLE_CUBA_2001",2000-09-01,33.3,"C"
"CUBA_PALOMA","3","PALOMA_CUBA_2008",2000-09-01,33.1,"C"
"CUBA_SANDY","3","SANDY_CUBA_2012",2000-09-01,33.7,"C"
"DEAN_QROO_MX","5","DEAN_QROO_MX_2007",2000-09-01,32,"SG"
"FL_US_CHARLEY","1","CHARLEY_2004",2000-09-01,32.7,"FP"
"FL_US_FRANCES","1","FRANCES_US_FL_2004",2000-09-01,32.7,"FP"
"FL_US_IAN","1","IAN_US_FL_2022",2000-09-01,32.8,"FP"
"FL_US_IRMA","1","IRMA_US_FL_2017",2000-09-01,32.9,"FP"
"FL_US_JEANNE","1","JEANNE_US_FL_2004",2000-09-01,32.7,"FP"
"FL_US_MICHAEL","4","MICHAEL_US_FL_2018",2000-09-01,30.4,"SUS"
"FL_US_WILMA","1","WILMA_US_FL_2005",2000-09-01,32.9,"FP"
"LA_US_GUSTAV","4","GUSTAV_US_LA_2008",2000-09-01,31.4,"SUS"
"LA_US_IDA","4","IDA_US_LA_2009",2000-09-01,31.6,"SUS"
"LA_US_KATRINA","4","KATRINA_US_LA_2005",2000-09-01,31.4,"SUS"
"LA_US_LAURA","4","LAURA_US_LA_2020",2000-09-01,32.7,"SUS"
"LA_US_ZETA","4","ZETA_US_LA_2020",2000-09-01,31.4,"SUS"
"MX_ERNESTO","5","ERNESTO_MX_2012",2000-09-01,31.9,"SG"
"MX_GRACE","3","GRACE_MX_2021",2000-09-01,33.6,"C"
"MX_TAMPS_EMILY","6","EMILY_TAMPS_MX_2005",2000-09-01,36.3,"WG"
"NC_US_ISABEL","4","ISABEL_US_NC_2003",2000-09-01,27.1,"SUS"
"NIC_ETA","2","ETA_NIC_2020",2000-09-01,30.4,"CA"
"NIC_FELIX","2","FELIX_NIC_2007",2000-09-01,30.4,"CA"
"NIC_IOTA","2","IOTA_NIC_2020",2000-09-01,30.4,"CA"
"PR_USA_MARIA","3","MARIA_US_PR_2017",2000-09-01,32.5,"C"
"QROO_WILMA","3","WILMA_QROO_2005",2000-09-01,32.3,"C"
"TX_US_HARVEY","6","HARVEY_US_TX_2017",2000-09-01,35,"WG"
"TX_US_IKE","4","IKE_US_TX_2008",2000-09-01,33.4,"SUS"
"TX_US_RITA","4","RITA_US_TX_2005",2000-09-01,33.1,"SUS"
"US_FL_DELTA","4","DELTA_US_LA_2020",2000-09-01,32.2,"SUS"
"US_FL_DENNIS","4","DENNIS_US_FL_2005",2000-09-01,30.9,"SUS"
"VER_MX_KARL","5","KARL_MX_VER_2010",2000-09-01,33.3,"SG"
"YUC_DELTA","5","DELTA_YUCATAN_MX_2020",2000-09-01,32,"SG"
"YUC_MX_EMILY","5","EMILY_MX_YUC_2005",2000-09-01,32.4,"SG"
"YUC_MX_ISIDORE","5","ISIDORE_MX_YUC_2002",2000-09-01,32.3,"SG"
"AL_US_IVAN","4","IVAN_US_AL_2004",2000-10-01,27.7,"SUS"
"AL_US_SALLY","4","SALLY_US_AL_2020",2000-10-01,27.2,"SUS"
"ALEX","6","ALEX_2010",2000-10-01,30.6,"WG"
"BELICE_RICHARD","3","RICHARD_BELICE_2010",2000-10-01,30.3,"C"
"BELIZE_IRIS","2","IRIS_BELIZE_2001",2000-10-01,29.6,"CA"
"BETA","2","BETA_2005",2000-10-01,29.8,"CA"
"CR_OTTO","2","OTTO_CR_2016",2000-10-01,30.4,"CA"
"CUBA_DENNIS","3","DENNIS_CUBA_2005",2000-10-01,31.2,"C"
"CUBA_GUSTAV","3","GUSTAV_CUBA_2008",2000-10-01,30.1,"C"
"CUBA_IAN","3","IAN_CUBA_2022",2000-10-01,30,"C"
"CUBA_MICHELLE","3","MICHELLE_CUBA_2001",2000-10-01,31.2,"C"
"CUBA_PALOMA","3","PALOMA_CUBA_2008",2000-10-01,31.1,"C"
"CUBA_SANDY","3","SANDY_CUBA_2012",2000-10-01,31.9,"C"
"DEAN_QROO_MX","5","DEAN_QROO_MX_2007",2000-10-01,30.6,"SG"
"FL_US_CHARLEY","1","CHARLEY_2004",2000-10-01,29.9,"FP"
"FL_US_FRANCES","1","FRANCES_US_FL_2004",2000-10-01,29.4,"FP"
"FL_US_IAN","1","IAN_US_FL_2022",2000-10-01,30,"FP"
"FL_US_IRMA","1","IRMA_US_FL_2017",2000-10-01,30.2,"FP"
"FL_US_JEANNE","1","JEANNE_US_FL_2004",2000-10-01,29.4,"FP"
"FL_US_MICHAEL","4","MICHAEL_US_FL_2018",2000-10-01,27.7,"SUS"
"FL_US_WILMA","1","WILMA_US_FL_2005",2000-10-01,30.1,"FP"
"LA_US_GUSTAV","4","GUSTAV_US_LA_2008",2000-10-01,27.9,"SUS"
"LA_US_IDA","4","IDA_US_LA_2009",2000-10-01,27.9,"SUS"
"LA_US_KATRINA","4","KATRINA_US_LA_2005",2000-10-01,28.8,"SUS"
"LA_US_LAURA","4","LAURA_US_LA_2020",2000-10-01,27.5,"SUS"
"LA_US_ZETA","4","ZETA_US_LA_2020",2000-10-01,28.1,"SUS"
"MX_ERNESTO","5","ERNESTO_MX_2012",2000-10-01,30.5,"SG"
"MX_GRACE","3","GRACE_MX_2021",2000-10-01,29.8,"C"
"MX_TAMPS_EMILY","6","EMILY_TAMPS_MX_2005",2000-10-01,30.3,"WG"
"NC_US_ISABEL","4","ISABEL_US_NC_2003",2000-10-01,24.4,"SUS"
"NIC_ETA","2","ETA_NIC_2020",2000-10-01,30.4,"CA"
"NIC_FELIX","2","FELIX_NIC_2007",2000-10-01,30.4,"CA"
"NIC_IOTA","2","IOTA_NIC_2020",2000-10-01,30.4,"CA"
"PR_USA_MARIA","3","MARIA_US_PR_2017",2000-10-01,32.4,"C"
"QROO_WILMA","3","WILMA_QROO_2005",2000-10-01,30.5,"C"
"TX_US_HARVEY","6","HARVEY_US_TX_2017",2000-10-01,28.5,"WG"
"TX_US_IKE","4","IKE_US_TX_2008",2000-10-01,27.8,"SUS"
"TX_US_RITA","4","RITA_US_TX_2005",2000-10-01,27.9,"SUS"
"US_FL_DELTA","4","DELTA_US_LA_2020",2000-10-01,27.5,"SUS"
"US_FL_DENNIS","4","DENNIS_US_FL_2005",2000-10-01,27.7,"SUS"
"VER_MX_KARL","5","KARL_MX_VER_2010",2000-10-01,30.6,"SG"
"YUC_DELTA","5","DELTA_YUCATAN_MX_2020",2000-10-01,30.6,"SG"
"YUC_MX_EMILY","5","EMILY_MX_YUC_2005",2000-10-01,31.1,"SG"
"YUC_MX_ISIDORE","5","ISIDORE_MX_YUC_2002",2000-10-01,30.9,"SG"
"AL_US_IVAN","4","IVAN_US_AL_2004",2000-11-01,19.6,"SUS"
"AL_US_SALLY","4","SALLY_US_AL_2020",2000-11-01,19.4,"SUS"
"ALEX","6","ALEX_2010",2000-11-01,27.2,"WG"
"BELICE_RICHARD","3","RICHARD_BELICE_2010",2000-11-01,30.5,"C"
"BELIZE_IRIS","2","IRIS_BELIZE_2001",2000-11-01,29.8,"CA"
"BETA","2","BETA_2005",2000-11-01,29.6,"CA"
"CR_OTTO","2","OTTO_CR_2016",2000-11-01,30.1,"CA"
"CUBA_DENNIS","3","DENNIS_CUBA_2005",2000-11-01,30.2,"C"
"CUBA_GUSTAV","3","GUSTAV_CUBA_2008",2000-11-01,29.4,"C"
"CUBA_IAN","3","IAN_CUBA_2022",2000-11-01,29.2,"C"
"CUBA_MICHELLE","3","MICHELLE_CUBA_2001",2000-11-01,30.2,"C"
"CUBA_PALOMA","3","PALOMA_CUBA_2008",2000-11-01,30.8,"C"
"CUBA_SANDY","3","SANDY_CUBA_2012",2000-11-01,31.5,"C"
"DEAN_QROO_MX","5","DEAN_QROO_MX_2007",2000-11-01,30.8,"SG"
"FL_US_CHARLEY","1","CHARLEY_2004",2000-11-01,27.2,"FP"
"FL_US_FRANCES","1","FRANCES_US_FL_2004",2000-11-01,26.8,"FP"
"FL_US_IAN","1","IAN_US_FL_2022",2000-11-01,27.5,"FP"
"FL_US_IRMA","1","IRMA_US_FL_2017",2000-11-01,28.1,"FP"
"FL_US_JEANNE","1","JEANNE_US_FL_2004",2000-11-01,27,"FP"
"FL_US_MICHAEL","4","MICHAEL_US_FL_2018",2000-11-01,21.3,"SUS"
"FL_US_WILMA","1","WILMA_US_FL_2005",2000-11-01,28,"FP"
"LA_US_GUSTAV","4","GUSTAV_US_LA_2008",2000-11-01,21.1,"SUS"
"LA_US_IDA","4","IDA_US_LA_2009",2000-11-01,21.1,"SUS"
"LA_US_KATRINA","4","KATRINA_US_LA_2005",2000-11-01,21.4,"SUS"
"LA_US_LAURA","4","LAURA_US_LA_2020",2000-11-01,19.7,"SUS"
"LA_US_ZETA","4","ZETA_US_LA_2020",2000-11-01,20.9,"SUS"
"MX_ERNESTO","5","ERNESTO_MX_2012",2000-11-01,30.8,"SG"
"MX_GRACE","3","GRACE_MX_2021",2000-11-01,27.1,"C"
"MX_TAMPS_EMILY","6","EMILY_TAMPS_MX_2005",2000-11-01,26.4,"WG"
"NC_US_ISABEL","4","ISABEL_US_NC_2003",2000-11-01,16.9,"SUS"
"NIC_ETA","2","ETA_NIC_2020",2000-11-01,29.8,"CA"
"NIC_FELIX","2","FELIX_NIC_2007",2000-11-01,29.8,"CA"
"NIC_IOTA","2","IOTA_NIC_2020",2000-11-01,29.8,"CA"
"PR_USA_MARIA","3","MARIA_US_PR_2017",2000-11-01,31.6,"C"
"QROO_WILMA","3","WILMA_QROO_2005",2000-11-01,30.5,"C"
"TX_US_HARVEY","6","HARVEY_US_TX_2017",2000-11-01,22,"WG"
"TX_US_IKE","4","IKE_US_TX_2008",2000-11-01,20.4,"SUS"
"TX_US_RITA","4","RITA_US_TX_2005",2000-11-01,20.3,"SUS"
"US_FL_DELTA","4","DELTA_US_LA_2020",2000-11-01,20.1,"SUS"
"US_FL_DENNIS","4","DENNIS_US_FL_2005",2000-11-01,19.6,"SUS"
"VER_MX_KARL","5","KARL_MX_VER_2010",2000-11-01,29.2,"SG"
"YUC_DELTA","5","DELTA_YUCATAN_MX_2020",2000-11-01,30.6,"SG"
"YUC_MX_EMILY","5","EMILY_MX_YUC_2005",2000-11-01,31.4,"SG"
"YUC_MX_ISIDORE","5","ISIDORE_MX_YUC_2002",2000-11-01,31.5,"SG"
"AL_US_IVAN","4","IVAN_US_AL_2004",2000-12-01,13.2,"SUS"
"AL_US_SALLY","4","SALLY_US_AL_2020",2000-12-01,13.1,"SUS"
"ALEX","6","ALEX_2010",2000-12-01,23,"WG"
"BELICE_RICHARD","3","RICHARD_BELICE_2010",2000-12-01,28.9,"C"
"BELIZE_IRIS","2","IRIS_BELIZE_2001",2000-12-01,28.5,"CA"
"BETA","2","BETA_2005",2000-12-01,28.9,"CA"
"CR_OTTO","2","OTTO_CR_2016",2000-12-01,30.6,"CA"
"CUBA_DENNIS","3","DENNIS_CUBA_2005",2000-12-01,28.2,"C"
"CUBA_GUSTAV","3","GUSTAV_CUBA_2008",2000-12-01,27,"C"
"CUBA_IAN","3","IAN_CUBA_2022",2000-12-01,26.7,"C"
"CUBA_MICHELLE","3","MICHELLE_CUBA_2001",2000-12-01,28.2,"C"
"CUBA_PALOMA","3","PALOMA_CUBA_2008",2000-12-01,29,"C"
"CUBA_SANDY","3","SANDY_CUBA_2012",2000-12-01,30.2,"C"
"DEAN_QROO_MX","5","DEAN_QROO_MX_2007",2000-12-01,29.3,"SG"
"FL_US_CHARLEY","1","CHARLEY_2004",2000-12-01,23.6,"FP"
"FL_US_FRANCES","1","FRANCES_US_FL_2004",2000-12-01,23.6,"FP"
"FL_US_IAN","1","IAN_US_FL_2022",2000-12-01,23.8,"FP"
"FL_US_IRMA","1","IRMA_US_FL_2017",2000-12-01,24.7,"FP"
"FL_US_JEANNE","1","JEANNE_US_FL_2004",2000-12-01,23.8,"FP"
"FL_US_MICHAEL","4","MICHAEL_US_FL_2018",2000-12-01,15.1,"SUS"
"FL_US_WILMA","1","WILMA_US_FL_2005",2000-12-01,24.6,"FP"
"LA_US_GUSTAV","4","GUSTAV_US_LA_2008",2000-12-01,15.3,"SUS"
"LA_US_IDA","4","IDA_US_LA_2009",2000-12-01,15.3,"SUS"
"LA_US_KATRINA","4","KATRINA_US_LA_2005",2000-12-01,14.8,"SUS"
"LA_US_LAURA","4","LAURA_US_LA_2020",2000-12-01,13.6,"SUS"
"LA_US_ZETA","4","ZETA_US_LA_2020",2000-12-01,15,"SUS"
"MX_ERNESTO","5","ERNESTO_MX_2012",2000-12-01,29.2,"SG"
"MX_GRACE","3","GRACE_MX_2021",2000-12-01,23.7,"C"
"MX_TAMPS_EMILY","6","EMILY_TAMPS_MX_2005",2000-12-01,22,"WG"
"NC_US_ISABEL","4","ISABEL_US_NC_2003",2000-12-01,10,"SUS"
"NIC_ETA","2","ETA_NIC_2020",2000-12-01,28.4,"CA"
"NIC_FELIX","2","FELIX_NIC_2007",2000-12-01,28.9,"CA"
"NIC_IOTA","2","IOTA_NIC_2020",2000-12-01,28.6,"CA"
"PR_USA_MARIA","3","MARIA_US_PR_2017",2000-12-01,30.9,"C"
"QROO_WILMA","3","WILMA_QROO_2005",2000-12-01,28.7,"C"
"TX_US_HARVEY","6","HARVEY_US_TX_2017",2000-12-01,16.5,"WG"
"TX_US_IKE","4","IKE_US_TX_2008",2000-12-01,14.5,"SUS"
"TX_US_RITA","4","RITA_US_TX_2005",2000-12-01,14.3,"SUS"
"US_FL_DELTA","4","DELTA_US_LA_2020",2000-12-01,13.8,"SUS"
"US_FL_DENNIS","4","DENNIS_US_FL_2005",2000-12-01,13.1,"SUS"
"VER_MX_KARL","5","KARL_MX_VER_2010",2000-12-01,27.3,"SG"
"YUC_DELTA","5","DELTA_YUCATAN_MX_2020",2000-12-01,29.2,"SG"
"YUC_MX_EMILY","5","EMILY_MX_YUC_2005",2000-12-01,30.1,"SG"
"YUC_MX_ISIDORE","5","ISIDORE_MX_YUC_2002",2000-12-01,29.8,"SG"
"AL_US_IVAN","4","IVAN_US_AL_2004",2001-01-01,14.5,"SUS"
"AL_US_SALLY","4","SALLY_US_AL_2020",2001-01-01,14.6,"SUS"
"ALEX","6","ALEX_2010",2001-01-01,23.8,"WG"
"BELICE_RICHARD","3","RICHARD_BELICE_2010",2001-01-01,28.6,"C"
"BELIZE_IRIS","2","IRIS_BELIZE_2001",2001-01-01,28.3,"CA"
"BETA","2","BETA_2005",2001-01-01,28.4,"CA"
"CR_OTTO","2","OTTO_CR_2016",2001-01-01,30.8,"CA"
"CUBA_DENNIS","3","DENNIS_CUBA_2005",2001-01-01,26.7,"C"
"CUBA_GUSTAV","3","GUSTAV_CUBA_2008",2001-01-01,25.5,"C"
"CUBA_IAN","3","IAN_CUBA_2022",2001-01-01,25.2,"C"
"CUBA_MICHELLE","3","MICHELLE_CUBA_2001",2001-01-01,26.5,"C"
"CUBA_PALOMA","3","PALOMA_CUBA_2008",2001-01-01,27.2,"C"
"CUBA_SANDY","3","SANDY_CUBA_2012",2001-01-01,28.6,"C"
"DEAN_QROO_MX","5","DEAN_QROO_MX_2007",2001-01-01,29,"SG"
"FL_US_CHARLEY","1","CHARLEY_2004",2001-01-01,21.9,"FP"
"FL_US_FRANCES","1","FRANCES_US_FL_2004",2001-01-01,22.1,"FP"
"FL_US_IAN","1","IAN_US_FL_2022",2001-01-01,22.3,"FP"
"FL_US_IRMA","1","IRMA_US_FL_2017",2001-01-01,23,"FP"
"FL_US_JEANNE","1","JEANNE_US_FL_2004",2001-01-01,22.3,"FP"
"FL_US_MICHAEL","4","MICHAEL_US_FL_2018",2001-01-01,16,"SUS"
"FL_US_WILMA","1","WILMA_US_FL_2005",2001-01-01,22.9,"FP"
"LA_US_GUSTAV","4","GUSTAV_US_LA_2008",2001-01-01,16.4,"SUS"
"LA_US_IDA","4","IDA_US_LA_2009",2001-01-01,16,"SUS"
"LA_US_KATRINA","4","KATRINA_US_LA_2005",2001-01-01,15.6,"SUS"
"LA_US_LAURA","4","LAURA_US_LA_2020",2001-01-01,14.4,"SUS"
"LA_US_ZETA","4","ZETA_US_LA_2020",2001-01-01,15.7,"SUS"
"MX_ERNESTO","5","ERNESTO_MX_2012",2001-01-01,28.9,"SG"
"MX_GRACE","3","GRACE_MX_2021",2001-01-01,24.2,"C"
"MX_TAMPS_EMILY","6","EMILY_TAMPS_MX_2005",2001-01-01,22.2,"WG"
"NC_US_ISABEL","4","ISABEL_US_NC_2003",2001-01-01,12.7,"SUS"
"NIC_ETA","2","ETA_NIC_2020",2001-01-01,28.8,"CA"
"NIC_FELIX","2","FELIX_NIC_2007",2001-01-01,28.7,"CA"
"NIC_IOTA","2","IOTA_NIC_2020",2001-01-01,28.8,"CA"
"PR_USA_MARIA","3","MARIA_US_PR_2017",2001-01-01,31.1,"C"
"QROO_WILMA","3","WILMA_QROO_2005",2001-01-01,27.7,"C"
"TX_US_HARVEY","6","HARVEY_US_TX_2017",2001-01-01,17.3,"WG"
"TX_US_IKE","4","IKE_US_TX_2008",2001-01-01,15.2,"SUS"
"TX_US_RITA","4","RITA_US_TX_2005",2001-01-01,15,"SUS"
"US_FL_DELTA","4","DELTA_US_LA_2020",2001-01-01,14.3,"SUS"
"US_FL_DENNIS","4","DENNIS_US_FL_2005",2001-01-01,14.6,"SUS"
"VER_MX_KARL","5","KARL_MX_VER_2010",2001-01-01,27.2,"SG"
"YUC_DELTA","5","DELTA_YUCATAN_MX_2020",2001-01-01,28.2,"SG"
"YUC_MX_EMILY","5","EMILY_MX_YUC_2005",2001-01-01,29.5,"SG"
"YUC_MX_ISIDORE","5","ISIDORE_MX_YUC_2002",2001-01-01,29.5,"SG"
"AL_US_IVAN","4","IVAN_US_AL_2004",2001-02-01,20.2,"SUS"
"AL_US_SALLY","4","SALLY_US_AL_2020",2001-02-01,20.3,"SUS"
"ALEX","6","ALEX_2010",2001-02-01,26.6,"WG"
"BELICE_RICHARD","3","RICHARD_BELICE_2010",2001-02-01,30.2,"C"
"BELIZE_IRIS","2","IRIS_BELIZE_2001",2001-02-01,30.3,"CA"
"BETA","2","BETA_2005",2001-02-01,29.4,"CA"
"CR_OTTO","2","OTTO_CR_2016",2001-02-01,31.7,"CA"
"CUBA_DENNIS","3","DENNIS_CUBA_2005",2001-02-01,31.1,"C"
"CUBA_GUSTAV","3","GUSTAV_CUBA_2008",2001-02-01,30.1,"C"
"CUBA_IAN","3","IAN_CUBA_2022",2001-02-01,30,"C"
"CUBA_MICHELLE","3","MICHELLE_CUBA_2001",2001-02-01,31,"C"
"CUBA_PALOMA","3","PALOMA_CUBA_2008",2001-02-01,30,"C"
"CUBA_SANDY","3","SANDY_CUBA_2012",2001-02-01,30.5,"C"
"DEAN_QROO_MX","5","DEAN_QROO_MX_2007",2001-02-01,31.6,"SG"
"FL_US_CHARLEY","1","CHARLEY_2004",2001-02-01,26.8,"FP"
"FL_US_FRANCES","1","FRANCES_US_FL_2004",2001-02-01,26.8,"FP"
"FL_US_IAN","1","IAN_US_FL_2022",2001-02-01,27.2,"FP"
"FL_US_IRMA","1","IRMA_US_FL_2017",2001-02-01,27.6,"FP"
"FL_US_JEANNE","1","JEANNE_US_FL_2004",2001-02-01,26.8,"FP"
"FL_US_MICHAEL","4","MICHAEL_US_FL_2018",2001-02-01,21.2,"SUS"
"FL_US_WILMA","1","WILMA_US_FL_2005",2001-02-01,27.5,"FP"
"LA_US_GUSTAV","4","GUSTAV_US_LA_2008",2001-02-01,20.8,"SUS"
"LA_US_IDA","4","IDA_US_LA_2009",2001-02-01,20.8,"SUS"
"LA_US_KATRINA","4","KATRINA_US_LA_2005",2001-02-01,20.5,"SUS"
"LA_US_LAURA","4","LAURA_US_LA_2020",2001-02-01,20,"SUS"
"LA_US_ZETA","4","ZETA_US_LA_2020",2001-02-01,20.9,"SUS"
"MX_ERNESTO","5","ERNESTO_MX_2012",2001-02-01,31.5,"SG"
"MX_GRACE","3","GRACE_MX_2021",2001-02-01,26.3,"C"
"MX_TAMPS_EMILY","6","EMILY_TAMPS_MX_2005",2001-02-01,25.4,"WG"
"NC_US_ISABEL","4","ISABEL_US_NC_2003",2001-02-01,15.7,"SUS"
"NIC_ETA","2","ETA_NIC_2020",2001-02-01,29.9,"CA"
"NIC_FELIX","2","FELIX_NIC_2007",2001-02-01,29.4,"CA"
"NIC_IOTA","2","IOTA_NIC_2020",2001-02-01,30.1,"CA"
"PR_USA_MARIA","3","MARIA_US_PR_2017",2001-02-01,30.4,"C"
"QROO_WILMA","3","WILMA_QROO_2005",2001-02-01,31.5,"C"
"TX_US_HARVEY","6","HARVEY_US_TX_2017",2001-02-01,21.7,"WG"
"TX_US_IKE","4","IKE_US_TX_2008",2001-02-01,20.1,"SUS"
"TX_US_RITA","4","RITA_US_TX_2005",2001-02-01,20.5,"SUS"
"US_FL_DELTA","4","DELTA_US_LA_2020",2001-02-01,19.8,"SUS"
"US_FL_DENNIS","4","DENNIS_US_FL_2005",2001-02-01,20.3,"SUS"
"VER_MX_KARL","5","KARL_MX_VER_2010",2001-02-01,29.4,"SG"
"YUC_DELTA","5","DELTA_YUCATAN_MX_2020",2001-02-01,32.1,"SG"
"YUC_MX_EMILY","5","EMILY_MX_YUC_2005",2001-02-01,32.8,"SG"
"YUC_MX_ISIDORE","5","ISIDORE_MX_YUC_2002",2001-02-01,32.9,"SG"
"AL_US_IVAN","4","IVAN_US_AL_2004",2001-03-01,18.8,"SUS"
"AL_US_SALLY","4","SALLY_US_AL_2020",2001-03-01,18.8,"SUS"
"ALEX","6","ALEX_2010",2001-03-01,28,"WG"
"BELICE_RICHARD","3","RICHARD_BELICE_2010",2001-03-01,30.8,"C"
"BELIZE_IRIS","2","IRIS_BELIZE_2001",2001-03-01,31.5,"CA"
"BETA","2","BETA_2005",2001-03-01,30.5,"CA"
"CR_OTTO","2","OTTO_CR_2016",2001-03-01,32.5,"CA"
"CUBA_DENNIS","3","DENNIS_CUBA_2005",2001-03-01,31.4,"C"
"CUBA_GUSTAV","3","GUSTAV_CUBA_2008",2001-03-01,29.8,"C"
"CUBA_IAN","3","IAN_CUBA_2022",2001-03-01,29.6,"C"
"CUBA_MICHELLE","3","MICHELLE_CUBA_2001",2001-03-01,31.4,"C"
"CUBA_PALOMA","3","PALOMA_CUBA_2008",2001-03-01,32.5,"C"
"CUBA_SANDY","3","SANDY_CUBA_2012",2001-03-01,32.4,"C"
"DEAN_QROO_MX","5","DEAN_QROO_MX_2007",2001-03-01,32.9,"SG"
"FL_US_CHARLEY","1","CHARLEY_2004",2001-03-01,26.9,"FP"
"FL_US_FRANCES","1","FRANCES_US_FL_2004",2001-03-01,26.8,"FP"
"FL_US_IAN","1","IAN_US_FL_2022",2001-03-01,27.2,"FP"
"FL_US_IRMA","1","IRMA_US_FL_2017",2001-03-01,27.8,"FP"
"FL_US_JEANNE","1","JEANNE_US_FL_2004",2001-03-01,26.9,"FP"
"FL_US_MICHAEL","4","MICHAEL_US_FL_2018",2001-03-01,19.9,"SUS"
"FL_US_WILMA","1","WILMA_US_FL_2005",2001-03-01,27.6,"FP"
"LA_US_GUSTAV","4","GUSTAV_US_LA_2008",2001-03-01,19.6,"SUS"
"LA_US_IDA","4","IDA_US_LA_2009",2001-03-01,19.5,"SUS"
"LA_US_KATRINA","4","KATRINA_US_LA_2005",2001-03-01,18.9,"SUS"
"LA_US_LAURA","4","LAURA_US_LA_2020",2001-03-01,19.2,"SUS"
"LA_US_ZETA","4","ZETA_US_LA_2020",2001-03-01,20.6,"SUS"
"MX_ERNESTO","5","ERNESTO_MX_2012",2001-03-01,32.8,"SG"
"MX_GRACE","3","GRACE_MX_2021",2001-03-01,27.8,"C"
"MX_TAMPS_EMILY","6","EMILY_TAMPS_MX_2005",2001-03-01,26.5,"WG"
"NC_US_ISABEL","4","ISABEL_US_NC_2003",2001-03-01,15.9,"SUS"
"NIC_ETA","2","ETA_NIC_2020",2001-03-01,31.4,"CA"
"NIC_FELIX","2","FELIX_NIC_2007",2001-03-01,30.9,"CA"
"NIC_IOTA","2","IOTA_NIC_2020",2001-03-01,31.5,"CA"
"PR_USA_MARIA","3","MARIA_US_PR_2017",2001-03-01,31.5,"C"
"QROO_WILMA","3","WILMA_QROO_2005",2001-03-01,31.5,"C"
"TX_US_HARVEY","6","HARVEY_US_TX_2017",2001-03-01,21.5,"WG"
"TX_US_IKE","4","IKE_US_TX_2008",2001-03-01,19.6,"SUS"
"TX_US_RITA","4","RITA_US_TX_2005",2001-03-01,19.8,"SUS"
"US_FL_DELTA","4","DELTA_US_LA_2020",2001-03-01,19.2,"SUS"
"US_FL_DENNIS","4","DENNIS_US_FL_2005",2001-03-01,18.8,"SUS"
"VER_MX_KARL","5","KARL_MX_VER_2010",2001-03-01,31.3,"SG"
"YUC_DELTA","5","DELTA_YUCATAN_MX_2020",2001-03-01,32.7,"SG"
"YUC_MX_EMILY","5","EMILY_MX_YUC_2005",2001-03-01,33.6,"SG"
"YUC_MX_ISIDORE","5","ISIDORE_MX_YUC_2002",2001-03-01,34.4,"SG"
"AL_US_IVAN","4","IVAN_US_AL_2004",2001-04-01,26.5,"SUS"
"AL_US_SALLY","4","SALLY_US_AL_2020",2001-04-01,26.1,"SUS"
"ALEX","6","ALEX_2010",2001-04-01,32.9,"WG"
"BELICE_RICHARD","3","RICHARD_BELICE_2010",2001-04-01,32.8,"C"
"BELIZE_IRIS","2","IRIS_BELIZE_2001",2001-04-01,32.9,"CA"
"BETA","2","BETA_2005",2001-04-01,31.2,"CA"
"CR_OTTO","2","OTTO_CR_2016",2001-04-01,32.6,"CA"
"CUBA_DENNIS","3","DENNIS_CUBA_2005",2001-04-01,31.8,"C"
"CUBA_GUSTAV","3","GUSTAV_CUBA_2008",2001-04-01,30.9,"C"
"CUBA_IAN","3","IAN_CUBA_2022",2001-04-01,30.8,"C"
"CUBA_MICHELLE","3","MICHELLE_CUBA_2001",2001-04-01,31.8,"C"
"CUBA_PALOMA","3","PALOMA_CUBA_2008",2001-04-01,30.8,"C"
"CUBA_SANDY","3","SANDY_CUBA_2012",2001-04-01,31.2,"C"
"DEAN_QROO_MX","5","DEAN_QROO_MX_2007",2001-04-01,34,"SG"
"FL_US_CHARLEY","1","CHARLEY_2004",2001-04-01,29.6,"FP"
"FL_US_FRANCES","1","FRANCES_US_FL_2004",2001-04-01,29.3,"FP"
"FL_US_IAN","1","IAN_US_FL_2022",2001-04-01,29.7,"FP"
"FL_US_IRMA","1","IRMA_US_FL_2017",2001-04-01,29.9,"FP"
"FL_US_JEANNE","1","JEANNE_US_FL_2004",2001-04-01,29.3,"FP"
"FL_US_MICHAEL","4","MICHAEL_US_FL_2018",2001-04-01,26.6,"SUS"
"FL_US_WILMA","1","WILMA_US_FL_2005",2001-04-01,29.4,"FP"
"LA_US_GUSTAV","4","GUSTAV_US_LA_2008",2001-04-01,26.9,"SUS"
"LA_US_IDA","4","IDA_US_LA_2009",2001-04-01,27.1,"SUS"
"LA_US_KATRINA","4","KATRINA_US_LA_2005",2001-04-01,26.7,"SUS"
"LA_US_LAURA","4","LAURA_US_LA_2020",2001-04-01,27,"SUS"
"LA_US_ZETA","4","ZETA_US_LA_2020",2001-04-01,27.6,"SUS"
"MX_ERNESTO","5","ERNESTO_MX_2012",2001-04-01,33.9,"SG"
"MX_GRACE","3","GRACE_MX_2021",2001-04-01,31.9,"C"
"MX_TAMPS_EMILY","6","EMILY_TAMPS_MX_2005",2001-04-01,31.8,"WG"
"NC_US_ISABEL","4","ISABEL_US_NC_2003",2001-04-01,23.1,"SUS"
"NIC_ETA","2","ETA_NIC_2020",2001-04-01,31.9,"CA"
"NIC_FELIX","2","FELIX_NIC_2007",2001-04-01,31.3,"CA"
"NIC_IOTA","2","IOTA_NIC_2020",2001-04-01,32.1,"CA"
"PR_USA_MARIA","3","MARIA_US_PR_2017",2001-04-01,31.9,"C"
"QROO_WILMA","3","WILMA_QROO_2005",2001-04-01,32.6,"C"
"TX_US_HARVEY","6","HARVEY_US_TX_2017",2001-04-01,28.7,"WG"
"TX_US_IKE","4","IKE_US_TX_2008",2001-04-01,27.1,"SUS"
"TX_US_RITA","4","RITA_US_TX_2005",2001-04-01,27.5,"SUS"
"US_FL_DELTA","4","DELTA_US_LA_2020",2001-04-01,27,"SUS"
"US_FL_DENNIS","4","DENNIS_US_FL_2005",2001-04-01,26.5,"SUS"
"VER_MX_KARL","5","KARL_MX_VER_2010",2001-04-01,34.6,"SG"
"YUC_DELTA","5","DELTA_YUCATAN_MX_2020",2001-04-01,34,"SG"
"YUC_MX_EMILY","5","EMILY_MX_YUC_2005",2001-04-01,34.7,"SG"
"YUC_MX_ISIDORE","5","ISIDORE_MX_YUC_2002",2001-04-01,35.7,"SG"
"AL_US_IVAN","4","IVAN_US_AL_2004",2001-05-01,29.7,"SUS"
"AL_US_SALLY","4","SALLY_US_AL_2020",2001-05-01,29.4,"SUS"
"ALEX","6","ALEX_2010",2001-05-01,35.8,"WG"
"BELICE_RICHARD","3","RICHARD_BELICE_2010",2001-05-01,31.8,"C"
"BELIZE_IRIS","2","IRIS_BELIZE_2001",2001-05-01,31.9,"CA"
"BETA","2","BETA_2005",2001-05-01,31.7,"CA"
"CR_OTTO","2","OTTO_CR_2016",2001-05-01,32.4,"CA"
"CUBA_DENNIS","3","DENNIS_CUBA_2005",2001-05-01,31.3,"C"
"CUBA_GUSTAV","3","GUSTAV_CUBA_2008",2001-05-01,30.3,"C"
"CUBA_IAN","3","IAN_CUBA_2022",2001-05-01,30.3,"C"
"CUBA_MICHELLE","3","MICHELLE_CUBA_2001",2001-05-01,31.2,"C"
"CUBA_PALOMA","3","PALOMA_CUBA_2008",2001-05-01,31.7,"C"
"CUBA_SANDY","3","SANDY_CUBA_2012",2001-05-01,32,"C"
"DEAN_QROO_MX","5","DEAN_QROO_MX_2007",2001-05-01,33.3,"SG"
"FL_US_CHARLEY","1","CHARLEY_2004",2001-05-01,31.3,"FP"
"FL_US_FRANCES","1","FRANCES_US_FL_2004",2001-05-01,31,"FP"
"FL_US_IAN","1","IAN_US_FL_2022",2001-05-01,31.4,"FP"
"FL_US_IRMA","1","IRMA_US_FL_2017",2001-05-01,31.4,"FP"
"FL_US_JEANNE","1","JEANNE_US_FL_2004",2001-05-01,31,"FP"
"FL_US_MICHAEL","4","MICHAEL_US_FL_2018",2001-05-01,30,"SUS"
"FL_US_WILMA","1","WILMA_US_FL_2005",2001-05-01,30.8,"FP"
"LA_US_GUSTAV","4","GUSTAV_US_LA_2008",2001-05-01,29.7,"SUS"
"LA_US_IDA","4","IDA_US_LA_2009",2001-05-01,30.1,"SUS"
"LA_US_KATRINA","4","KATRINA_US_LA_2005",2001-05-01,29.7,"SUS"
"LA_US_LAURA","4","LAURA_US_LA_2020",2001-05-01,30,"SUS"
"LA_US_ZETA","4","ZETA_US_LA_2020",2001-05-01,30.3,"SUS"
"MX_ERNESTO","5","ERNESTO_MX_2012",2001-05-01,33.3,"SG"
"MX_GRACE","3","GRACE_MX_2021",2001-05-01,33.7,"C"
"MX_TAMPS_EMILY","6","EMILY_TAMPS_MX_2005",2001-05-01,35,"WG"
"NC_US_ISABEL","4","ISABEL_US_NC_2003",2001-05-01,26.5,"SUS"
"NIC_ETA","2","ETA_NIC_2020",2001-05-01,31.9,"CA"
"NIC_FELIX","2","FELIX_NIC_2007",2001-05-01,31.8,"CA"
"NIC_IOTA","2","IOTA_NIC_2020",2001-05-01,32,"CA"
"PR_USA_MARIA","3","MARIA_US_PR_2017",2001-05-01,32.7,"C"
"QROO_WILMA","3","WILMA_QROO_2005",2001-05-01,32,"C"
"TX_US_HARVEY","6","HARVEY_US_TX_2017",2001-05-01,31.3,"WG"
"TX_US_IKE","4","IKE_US_TX_2008",2001-05-01,30.2,"SUS"
"TX_US_RITA","4","RITA_US_TX_2005",2001-05-01,30.5,"SUS"
"US_FL_DELTA","4","DELTA_US_LA_2020",2001-05-01,30,"SUS"
"US_FL_DENNIS","4","DENNIS_US_FL_2005",2001-05-01,29.7,"SUS"
"VER_MX_KARL","5","KARL_MX_VER_2010",2001-05-01,35.5,"SG"
"YUC_DELTA","5","DELTA_YUCATAN_MX_2020",2001-05-01,33,"SG"
"YUC_MX_EMILY","5","EMILY_MX_YUC_2005",2001-05-01,33.9,"SG"
"YUC_MX_ISIDORE","5","ISIDORE_MX_YUC_2002",2001-05-01,35,"SG"
"AL_US_IVAN","4","IVAN_US_AL_2004",2001-06-01,31.1,"SUS"
"AL_US_SALLY","4","SALLY_US_AL_2020",2001-06-01,30.5,"SUS"
"ALEX","6","ALEX_2010",2001-06-01,37.4,"WG"
"BELICE_RICHARD","3","RICHARD_BELICE_2010",2001-06-01,32.4,"C"
"BELIZE_IRIS","2","IRIS_BELIZE_2001",2001-06-01,32.7,"CA"
"BETA","2","BETA_2005",2001-06-01,29.7,"CA"
"CR_OTTO","2","OTTO_CR_2016",2001-06-01,30.7,"CA"
"CUBA_DENNIS","3","DENNIS_CUBA_2005",2001-06-01,33.1,"C"
"CUBA_GUSTAV","3","GUSTAV_CUBA_2008",2001-06-01,32.4,"C"
"CUBA_IAN","3","IAN_CUBA_2022",2001-06-01,32.4,"C"
"CUBA_MICHELLE","3","MICHELLE_CUBA_2001",2001-06-01,33.1,"C"
"CUBA_PALOMA","3","PALOMA_CUBA_2008",2001-06-01,32.5,"C"
"CUBA_SANDY","3","SANDY_CUBA_2012",2001-06-01,32.7,"C"
"DEAN_QROO_MX","5","DEAN_QROO_MX_2007",2001-06-01,33.4,"SG"
"FL_US_CHARLEY","1","CHARLEY_2004",2001-06-01,33.2,"FP"
"FL_US_FRANCES","1","FRANCES_US_FL_2004",2001-06-01,33.1,"FP"
"FL_US_IAN","1","IAN_US_FL_2022",2001-06-01,33.3,"FP"
"FL_US_IRMA","1","IRMA_US_FL_2017",2001-06-01,33.4,"FP"
"FL_US_JEANNE","1","JEANNE_US_FL_2004",2001-06-01,33.1,"FP"
"FL_US_MICHAEL","4","MICHAEL_US_FL_2018",2001-06-01,31.2,"SUS"
"FL_US_WILMA","1","WILMA_US_FL_2005",2001-06-01,33,"FP"
"LA_US_GUSTAV","4","GUSTAV_US_LA_2008",2001-06-01,30.8,"SUS"
"LA_US_IDA","4","IDA_US_LA_2009",2001-06-01,31.1,"SUS"
"LA_US_KATRINA","4","KATRINA_US_LA_2005",2001-06-01,31.1,"SUS"
"LA_US_LAURA","4","LAURA_US_LA_2020",2001-06-01,31.8,"SUS"
"LA_US_ZETA","4","ZETA_US_LA_2020",2001-06-01,31,"SUS"
"MX_ERNESTO","5","ERNESTO_MX_2012",2001-06-01,33.4,"SG"
"MX_GRACE","3","GRACE_MX_2021",2001-06-01,34.5,"C"
"MX_TAMPS_EMILY","6","EMILY_TAMPS_MX_2005",2001-06-01,36.8,"WG"
"NC_US_ISABEL","4","ISABEL_US_NC_2003",2001-06-01,30.4,"SUS"
"NIC_ETA","2","ETA_NIC_2020",2001-06-01,30.4,"CA"
"NIC_FELIX","2","FELIX_NIC_2007",2001-06-01,30.6,"CA"
"NIC_IOTA","2","IOTA_NIC_2020",2001-06-01,30.5,"CA"
"PR_USA_MARIA","3","MARIA_US_PR_2017",2001-06-01,33.2,"C"
"QROO_WILMA","3","WILMA_QROO_2005",2001-06-01,33.3,"C"
"TX_US_HARVEY","6","HARVEY_US_TX_2017",2001-06-01,34.1,"WG"
"TX_US_IKE","4","IKE_US_TX_2008",2001-06-01,32.5,"SUS"
"TX_US_RITA","4","RITA_US_TX_2005",2001-06-01,32.3,"SUS"
"US_FL_DELTA","4","DELTA_US_LA_2020",2001-06-01,31.4,"SUS"
"US_FL_DENNIS","4","DENNIS_US_FL_2005",2001-06-01,31.1,"SUS"
"VER_MX_KARL","5","KARL_MX_VER_2010",2001-06-01,34.7,"SG"
"YUC_DELTA","5","DELTA_YUCATAN_MX_2020",2001-06-01,33.9,"SG"
"YUC_MX_EMILY","5","EMILY_MX_YUC_2005",2001-06-01,34.3,"SG"
"YUC_MX_ISIDORE","5","ISIDORE_MX_YUC_2002",2001-06-01,34.9,"SG"
"AL_US_IVAN","4","IVAN_US_AL_2004",2001-07-01,33,"SUS"
"AL_US_SALLY","4","SALLY_US_AL_2020",2001-07-01,32.2,"SUS"
"ALEX","6","ALEX_2010",2001-07-01,37.7,"WG"
"BELICE_RICHARD","3","RICHARD_BELICE_2010",2001-07-01,32.2,"C"
"BELIZE_IRIS","2","IRIS_BELIZE_2001",2001-07-01,32,"CA"
"BETA","2","BETA_2005",2001-07-01,29.7,"CA"
"CR_OTTO","2","OTTO_CR_2016",2001-07-01,31.1,"CA"
"CUBA_DENNIS","3","DENNIS_CUBA_2005",2001-07-01,33.3,"C"
"CUBA_GUSTAV","3","GUSTAV_CUBA_2008",2001-07-01,32.2,"C"
"CUBA_IAN","3","IAN_CUBA_2022",2001-07-01,32,"C"
"CUBA_MICHELLE","3","MICHELLE_CUBA_2001",2001-07-01,33.3,"C"
"CUBA_PALOMA","3","PALOMA_CUBA_2008",2001-07-01,33.7,"C"
"CUBA_SANDY","3","SANDY_CUBA_2012",2001-07-01,33.8,"C"
"DEAN_QROO_MX","5","DEAN_QROO_MX_2007",2001-07-01,33.5,"SG"
"FL_US_CHARLEY","1","CHARLEY_2004",2001-07-01,33,"FP"
"FL_US_FRANCES","1","FRANCES_US_FL_2004",2001-07-01,33.1,"FP"
"FL_US_IAN","1","IAN_US_FL_2022",2001-07-01,33.3,"FP"
"FL_US_IRMA","1","IRMA_US_FL_2017",2001-07-01,33.2,"FP"
"FL_US_JEANNE","1","JEANNE_US_FL_2004",2001-07-01,33.1,"FP"
"FL_US_MICHAEL","4","MICHAEL_US_FL_2018",2001-07-01,32.6,"SUS"
"FL_US_WILMA","1","WILMA_US_FL_2005",2001-07-01,33,"FP"
"LA_US_GUSTAV","4","GUSTAV_US_LA_2008",2001-07-01,32.6,"SUS"
"LA_US_IDA","4","IDA_US_LA_2009",2001-07-01,33,"SUS"
"LA_US_KATRINA","4","KATRINA_US_LA_2005",2001-07-01,33,"SUS"
"LA_US_LAURA","4","LAURA_US_LA_2020",2001-07-01,34.2,"SUS"
"LA_US_ZETA","4","ZETA_US_LA_2020",2001-07-01,33,"SUS"
"MX_ERNESTO","5","ERNESTO_MX_2012",2001-07-01,33.3,"SG"
"MX_GRACE","3","GRACE_MX_2021",2001-07-01,33.9,"C"
"MX_TAMPS_EMILY","6","EMILY_TAMPS_MX_2005",2001-07-01,37.2,"WG"
"NC_US_ISABEL","4","ISABEL_US_NC_2003",2001-07-01,30.2,"SUS"
"NIC_ETA","2","ETA_NIC_2020",2001-07-01,30.6,"CA"
"NIC_FELIX","2","FELIX_NIC_2007",2001-07-01,30.7,"CA"
"NIC_IOTA","2","IOTA_NIC_2020",2001-07-01,30.7,"CA"
"PR_USA_MARIA","3","MARIA_US_PR_2017",2001-07-01,33.2,"C"
"QROO_WILMA","3","WILMA_QROO_2005",2001-07-01,33.6,"C"
"TX_US_HARVEY","6","HARVEY_US_TX_2017",2001-07-01,36.1,"WG"
"TX_US_IKE","4","IKE_US_TX_2008",2001-07-01,35.1,"SUS"
"TX_US_RITA","4","RITA_US_TX_2005",2001-07-01,34.9,"SUS"
"US_FL_DELTA","4","DELTA_US_LA_2020",2001-07-01,33.6,"SUS"
"US_FL_DENNIS","4","DENNIS_US_FL_2005",2001-07-01,33,"SUS"
"VER_MX_KARL","5","KARL_MX_VER_2010",2001-07-01,33.3,"SG"
"YUC_DELTA","5","DELTA_YUCATAN_MX_2020",2001-07-01,33.7,"SG"
"YUC_MX_EMILY","5","EMILY_MX_YUC_2005",2001-07-01,34.3,"SG"
"YUC_MX_ISIDORE","5","ISIDORE_MX_YUC_2002",2001-07-01,34.3,"SG"
"AL_US_IVAN","4","IVAN_US_AL_2004",2001-08-01,32.2,"SUS"
"AL_US_SALLY","4","SALLY_US_AL_2020",2001-08-01,31.5,"SUS"
"ALEX","6","ALEX_2010",2001-08-01,37,"WG"
"BELICE_RICHARD","3","RICHARD_BELICE_2010",2001-08-01,32.4,"C"
"BELIZE_IRIS","2","IRIS_BELIZE_2001",2001-08-01,32,"CA"
"BETA","2","BETA_2005",2001-08-01,29.7,"CA"
"CR_OTTO","2","OTTO_CR_2016",2001-08-01,30.9,"CA"
"CUBA_DENNIS","3","DENNIS_CUBA_2005",2001-08-01,34,"C"
"CUBA_GUSTAV","3","GUSTAV_CUBA_2008",2001-08-01,32.9,"C"
"CUBA_IAN","3","IAN_CUBA_2022",2001-08-01,32.9,"C"
"CUBA_MICHELLE","3","MICHELLE_CUBA_2001",2001-08-01,34,"C"
"CUBA_PALOMA","3","PALOMA_CUBA_2008",2001-08-01,34.1,"C"
"CUBA_SANDY","3","SANDY_CUBA_2012",2001-08-01,34.5,"C"
"DEAN_QROO_MX","5","DEAN_QROO_MX_2007",2001-08-01,33.4,"SG"
"FL_US_CHARLEY","1","CHARLEY_2004",2001-08-01,33.4,"FP"
"FL_US_FRANCES","1","FRANCES_US_FL_2004",2001-08-01,33.5,"FP"
"FL_US_IAN","1","IAN_US_FL_2022",2001-08-01,33.7,"FP"
"FL_US_IRMA","1","IRMA_US_FL_2017",2001-08-01,33.5,"FP"
"FL_US_JEANNE","1","JEANNE_US_FL_2004",2001-08-01,33.5,"FP"
"FL_US_MICHAEL","4","MICHAEL_US_FL_2018",2001-08-01,32.3,"SUS"
"FL_US_WILMA","1","WILMA_US_FL_2005",2001-08-01,33.5,"FP"
"LA_US_GUSTAV","4","GUSTAV_US_LA_2008",2001-08-01,31.9,"SUS"
"LA_US_IDA","4","IDA_US_LA_2009",2001-08-01,32.1,"SUS"
"LA_US_KATRINA","4","KATRINA_US_LA_2005",2001-08-01,32.3,"SUS"
"LA_US_LAURA","4","LAURA_US_LA_2020",2001-08-01,33.4,"SUS"
"LA_US_ZETA","4","ZETA_US_LA_2020",2001-08-01,32.4,"SUS"
"MX_ERNESTO","5","ERNESTO_MX_2012",2001-08-01,33.3,"SG"
"MX_GRACE","3","GRACE_MX_2021",2001-08-01,33.5,"C"
"MX_TAMPS_EMILY","6","EMILY_TAMPS_MX_2005",2001-08-01,36.9,"WG"
"NC_US_ISABEL","4","ISABEL_US_NC_2003",2001-08-01,32,"SUS"
"NIC_ETA","2","ETA_NIC_2020",2001-08-01,30.6,"CA"
"NIC_FELIX","2","FELIX_NIC_2007",2001-08-01,30.8,"CA"
"NIC_IOTA","2","IOTA_NIC_2020",2001-08-01,30.6,"CA"
"PR_USA_MARIA","3","MARIA_US_PR_2017",2001-08-01,33.2,"C"
"QROO_WILMA","3","WILMA_QROO_2005",2001-08-01,33.8,"C"
"TX_US_HARVEY","6","HARVEY_US_TX_2017",2001-08-01,35.7,"WG"
"TX_US_IKE","4","IKE_US_TX_2008",2001-08-01,34.5,"SUS"
"TX_US_RITA","4","RITA_US_TX_2005",2001-08-01,34,"SUS"
"US_FL_DELTA","4","DELTA_US_LA_2020",2001-08-01,32.9,"SUS"
"US_FL_DENNIS","4","DENNIS_US_FL_2005",2001-08-01,32.2,"SUS"
"VER_MX_KARL","5","KARL_MX_VER_2010",2001-08-01,32.8,"SG"
"YUC_DELTA","5","DELTA_YUCATAN_MX_2020",2001-08-01,33.8,"SG"
"YUC_MX_EMILY","5","EMILY_MX_YUC_2005",2001-08-01,34.2,"SG"
"YUC_MX_ISIDORE","5","ISIDORE_MX_YUC_2002",2001-08-01,34.3,"SG"
"AL_US_IVAN","4","IVAN_US_AL_2004",2001-09-01,29.7,"SUS"
"AL_US_SALLY","4","SALLY_US_AL_2020",2001-09-01,29.3,"SUS"
"ALEX","6","ALEX_2010",2001-09-01,33.8,"WG"
"BELICE_RICHARD","3","RICHARD_BELICE_2010",2001-09-01,32,"C"
"BELIZE_IRIS","2","IRIS_BELIZE_2001",2001-09-01,31.5,"CA"
"BETA","2","BETA_2005",2001-09-01,29.9,"CA"
"CR_OTTO","2","OTTO_CR_2016",2001-09-01,30.3,"CA"
"CUBA_DENNIS","3","DENNIS_CUBA_2005",2001-09-01,32.8,"C"
"CUBA_GUSTAV","3","GUSTAV_CUBA_2008",2001-09-01,31.8,"C"
"CUBA_IAN","3","IAN_CUBA_2022",2001-09-01,31.8,"C"
"CUBA_MICHELLE","3","MICHELLE_CUBA_2001",2001-09-01,32.8,"C"
"CUBA_PALOMA","3","PALOMA_CUBA_2008",2001-09-01,32.5,"C"
"CUBA_SANDY","3","SANDY_CUBA_2012",2001-09-01,33.7,"C"
"DEAN_QROO_MX","5","DEAN_QROO_MX_2007",2001-09-01,32.8,"SG"
"FL_US_CHARLEY","1","CHARLEY_2004",2001-09-01,31.4,"FP"
"FL_US_FRANCES","1","FRANCES_US_FL_2004",2001-09-01,31.2,"FP"
"FL_US_IAN","1","IAN_US_FL_2022",2001-09-01,31.4,"FP"
"FL_US_IRMA","1","IRMA_US_FL_2017",2001-09-01,31.8,"FP"
"FL_US_JEANNE","1","JEANNE_US_FL_2004",2001-09-01,31.2,"FP"
"FL_US_MICHAEL","4","MICHAEL_US_FL_2018",2001-09-01,29.8,"SUS"
"FL_US_WILMA","1","WILMA_US_FL_2005",2001-09-01,31.7,"FP"
"LA_US_GUSTAV","4","GUSTAV_US_LA_2008",2001-09-01,29.4,"SUS"
"LA_US_IDA","4","IDA_US_LA_2009",2001-09-01,29.7,"SUS"
"LA_US_KATRINA","4","KATRINA_US_LA_2005",2001-09-01,29.9,"SUS"
"LA_US_LAURA","4","LAURA_US_LA_2020",2001-09-01,29.7,"SUS"
"LA_US_ZETA","4","ZETA_US_LA_2020",2001-09-01,29.9,"SUS"
"MX_ERNESTO","5","ERNESTO_MX_2012",2001-09-01,32.7,"SG"
"MX_GRACE","3","GRACE_MX_2021",2001-09-01,31.5,"C"
"MX_TAMPS_EMILY","6","EMILY_TAMPS_MX_2005",2001-09-01,33.3,"WG"
"NC_US_ISABEL","4","ISABEL_US_NC_2003",2001-09-01,27.5,"SUS"
"NIC_ETA","2","ETA_NIC_2020",2001-09-01,30.5,"CA"
"NIC_FELIX","2","FELIX_NIC_2007",2001-09-01,30.6,"CA"
"NIC_IOTA","2","IOTA_NIC_2020",2001-09-01,30.5,"CA"
"PR_USA_MARIA","3","MARIA_US_PR_2017",2001-09-01,33.3,"C"
"QROO_WILMA","3","WILMA_QROO_2005",2001-09-01,32.7,"C"
"TX_US_HARVEY","6","HARVEY_US_TX_2017",2001-09-01,31.7,"WG"
"TX_US_IKE","4","IKE_US_TX_2008",2001-09-01,30.1,"SUS"
"TX_US_RITA","4","RITA_US_TX_2005",2001-09-01,30.1,"SUS"
"US_FL_DELTA","4","DELTA_US_LA_2020",2001-09-01,29.7,"SUS"
"US_FL_DENNIS","4","DENNIS_US_FL_2005",2001-09-01,29.7,"SUS"
"VER_MX_KARL","5","KARL_MX_VER_2010",2001-09-01,31.5,"SG"
"YUC_DELTA","5","DELTA_YUCATAN_MX_2020",2001-09-01,32.7,"SG"
"YUC_MX_EMILY","5","EMILY_MX_YUC_2005",2001-09-01,33.2,"SG"
"YUC_MX_ISIDORE","5","ISIDORE_MX_YUC_2002",2001-09-01,33.4,"SG"
"AL_US_IVAN","4","IVAN_US_AL_2004",2001-10-01,25.5,"SUS"
"AL_US_SALLY","4","SALLY_US_AL_2020",2001-10-01,25.2,"SUS"
"ALEX","6","ALEX_2010",2001-10-01,31.6,"WG"
"BELICE_RICHARD","3","RICHARD_BELICE_2010",2001-10-01,31.6,"C"
"BELIZE_IRIS","2","IRIS_BELIZE_2001",2001-10-01,30.7,"CA"
"BETA","2","BETA_2005",2001-10-01,30.2,"CA"
"CR_OTTO","2","OTTO_CR_2016",2001-10-01,30.5,"CA"
"CUBA_DENNIS","3","DENNIS_CUBA_2005",2001-10-01,31.7,"C"
"CUBA_GUSTAV","3","GUSTAV_CUBA_2008",2001-10-01,30.7,"C"
"CUBA_IAN","3","IAN_CUBA_2022",2001-10-01,30.6,"C"
"CUBA_MICHELLE","3","MICHELLE_CUBA_2001",2001-10-01,31.7,"C"
"CUBA_PALOMA","3","PALOMA_CUBA_2008",2001-10-01,31.2,"C"
"CUBA_SANDY","3","SANDY_CUBA_2012",2001-10-01,31.9,"C"
"DEAN_QROO_MX","5","DEAN_QROO_MX_2007",2001-10-01,31.7,"SG"
"FL_US_CHARLEY","1","CHARLEY_2004",2001-10-01,29.9,"FP"
"FL_US_FRANCES","1","FRANCES_US_FL_2004",2001-10-01,29.3,"FP"
"FL_US_IAN","1","IAN_US_FL_2022",2001-10-01,30,"FP"
"FL_US_IRMA","1","IRMA_US_FL_2017",2001-10-01,30.3,"FP"
"FL_US_JEANNE","1","JEANNE_US_FL_2004",2001-10-01,29.4,"FP"
"FL_US_MICHAEL","4","MICHAEL_US_FL_2018",2001-10-01,26.5,"SUS"
"FL_US_WILMA","1","WILMA_US_FL_2005",2001-10-01,30.2,"FP"
"LA_US_GUSTAV","4","GUSTAV_US_LA_2008",2001-10-01,26,"SUS"
"LA_US_IDA","4","IDA_US_LA_2009",2001-10-01,26,"SUS"
"LA_US_KATRINA","4","KATRINA_US_LA_2005",2001-10-01,26.8,"SUS"
"LA_US_LAURA","4","LAURA_US_LA_2020",2001-10-01,25.9,"SUS"
"LA_US_ZETA","4","ZETA_US_LA_2020",2001-10-01,26.1,"SUS"
"MX_ERNESTO","5","ERNESTO_MX_2012",2001-10-01,31.7,"SG"
"MX_GRACE","3","GRACE_MX_2021",2001-10-01,29.8,"C"
"MX_TAMPS_EMILY","6","EMILY_TAMPS_MX_2005",2001-10-01,31.4,"WG"
"NC_US_ISABEL","4","ISABEL_US_NC_2003",2001-10-01,23.9,"SUS"
"NIC_ETA","2","ETA_NIC_2020",2001-10-01,31.1,"CA"
"NIC_FELIX","2","FELIX_NIC_2007",2001-10-01,31.1,"CA"
"NIC_IOTA","2","IOTA_NIC_2020",2001-10-01,31.1,"CA"
"PR_USA_MARIA","3","MARIA_US_PR_2017",2001-10-01,32.3,"C"
"QROO_WILMA","3","WILMA_QROO_2005",2001-10-01,31.4,"C"
"TX_US_HARVEY","6","HARVEY_US_TX_2017",2001-10-01,28.4,"WG"
"TX_US_IKE","4","IKE_US_TX_2008",2001-10-01,26.6,"SUS"
"TX_US_RITA","4","RITA_US_TX_2005",2001-10-01,26.6,"SUS"
"US_FL_DELTA","4","DELTA_US_LA_2020",2001-10-01,25.9,"SUS"
"US_FL_DENNIS","4","DENNIS_US_FL_2005",2001-10-01,25.3,"SUS"
"VER_MX_KARL","5","KARL_MX_VER_2010",2001-10-01,30.5,"SG"
"YUC_DELTA","5","DELTA_YUCATAN_MX_2020",2001-10-01,31.5,"SG"
"YUC_MX_EMILY","5","EMILY_MX_YUC_2005",2001-10-01,32.3,"SG"
"YUC_MX_ISIDORE","5","ISIDORE_MX_YUC_2002",2001-10-01,32,"SG"
"AL_US_IVAN","4","IVAN_US_AL_2004",2001-11-01,24.7,"SUS"
"AL_US_SALLY","4","SALLY_US_AL_2020",2001-11-01,24.6,"SUS"
"ALEX","6","ALEX_2010",2001-11-01,28,"WG"
"BELICE_RICHARD","3","RICHARD_BELICE_2010",2001-11-01,30.4,"C"
"BELIZE_IRIS","2","IRIS_BELIZE_2001",2001-11-01,29.8,"CA"
"BETA","2","BETA_2005",2001-11-01,28.9,"CA"
"CR_OTTO","2","OTTO_CR_2016",2001-11-01,29.5,"CA"
"CUBA_DENNIS","3","DENNIS_CUBA_2005",2001-11-01,29.7,"C"
"CUBA_GUSTAV","3","GUSTAV_CUBA_2008",2001-11-01,29.1,"C"
"CUBA_IAN","3","IAN_CUBA_2022",2001-11-01,28.9,"C"
"CUBA_MICHELLE","3","MICHELLE_CUBA_2001",2001-11-01,29.5,"C"
"CUBA_PALOMA","3","PALOMA_CUBA_2008",2001-11-01,29.9,"C"
"CUBA_SANDY","3","SANDY_CUBA_2012",2001-11-01,30.9,"C"
"DEAN_QROO_MX","5","DEAN_QROO_MX_2007",2001-11-01,30.8,"SG"
"FL_US_CHARLEY","1","CHARLEY_2004",2001-11-01,27.7,"FP"
"FL_US_FRANCES","1","FRANCES_US_FL_2004",2001-11-01,27.2,"FP"
"FL_US_IAN","1","IAN_US_FL_2022",2001-11-01,28,"FP"
"FL_US_IRMA","1","IRMA_US_FL_2017",2001-11-01,28.3,"FP"
"FL_US_JEANNE","1","JEANNE_US_FL_2004",2001-11-01,27.3,"FP"
"FL_US_MICHAEL","4","MICHAEL_US_FL_2018",2001-11-01,25.7,"SUS"
"FL_US_WILMA","1","WILMA_US_FL_2005",2001-11-01,28.2,"FP"
"LA_US_GUSTAV","4","GUSTAV_US_LA_2008",2001-11-01,25.8,"SUS"
"LA_US_IDA","4","IDA_US_LA_2009",2001-11-01,25.8,"SUS"
"LA_US_KATRINA","4","KATRINA_US_LA_2005",2001-11-01,26.2,"SUS"
"LA_US_LAURA","4","LAURA_US_LA_2020",2001-11-01,24.4,"SUS"
"LA_US_ZETA","4","ZETA_US_LA_2020",2001-11-01,25.6,"SUS"
"MX_ERNESTO","5","ERNESTO_MX_2012",2001-11-01,30.8,"SG"
"MX_GRACE","3","GRACE_MX_2021",2001-11-01,26.6,"C"
"MX_TAMPS_EMILY","6","EMILY_TAMPS_MX_2005",2001-11-01,27.8,"WG"
"NC_US_ISABEL","4","ISABEL_US_NC_2003",2001-11-01,22.4,"SUS"
"NIC_ETA","2","ETA_NIC_2020",2001-11-01,29.7,"CA"
"NIC_FELIX","2","FELIX_NIC_2007",2001-11-01,29.4,"CA"
"NIC_IOTA","2","IOTA_NIC_2020",2001-11-01,29.7,"CA"
"PR_USA_MARIA","3","MARIA_US_PR_2017",2001-11-01,31.5,"C"
"QROO_WILMA","3","WILMA_QROO_2005",2001-11-01,30.5,"C"
"TX_US_HARVEY","6","HARVEY_US_TX_2017",2001-11-01,25.2,"WG"
"TX_US_IKE","4","IKE_US_TX_2008",2001-11-01,24.6,"SUS"
"TX_US_RITA","4","RITA_US_TX_2005",2001-11-01,24.7,"SUS"
"US_FL_DELTA","4","DELTA_US_LA_2020",2001-11-01,24.8,"SUS"
"US_FL_DENNIS","4","DENNIS_US_FL_2005",2001-11-01,24.6,"SUS"
"VER_MX_KARL","5","KARL_MX_VER_2010",2001-11-01,28.8,"SG"
"YUC_DELTA","5","DELTA_YUCATAN_MX_2020",2001-11-01,30.6,"SG"
"YUC_MX_EMILY","5","EMILY_MX_YUC_2005",2001-11-01,31.5,"SG"
"YUC_MX_ISIDORE","5","ISIDORE_MX_YUC_2002",2001-11-01,31.6,"SG"
"AL_US_IVAN","4","IVAN_US_AL_2004",2001-12-01,19.3,"SUS"
"AL_US_SALLY","4","SALLY_US_AL_2020",2001-12-01,19.3,"SUS"
"ALEX","6","ALEX_2010",2001-12-01,25.2,"WG"
"BELICE_RICHARD","3","RICHARD_BELICE_2010",2001-12-01,29.9,"C"
"BELIZE_IRIS","2","IRIS_BELIZE_2001",2001-12-01,29.2,"CA"
"BETA","2","BETA_2005",2001-12-01,29,"CA"
"CR_OTTO","2","OTTO_CR_2016",2001-12-01,30.3,"CA"
"CUBA_DENNIS","3","DENNIS_CUBA_2005",2001-12-01,30.2,"C"
"CUBA_GUSTAV","3","GUSTAV_CUBA_2008",2001-12-01,29.2,"C"
"CUBA_IAN","3","IAN_CUBA_2022",2001-12-01,28.9,"C"
"CUBA_MICHELLE","3","MICHELLE_CUBA_2001",2001-12-01,30.1,"C"
"CUBA_PALOMA","3","PALOMA_CUBA_2008",2001-12-01,29.7,"C"
"CUBA_SANDY","3","SANDY_CUBA_2012",2001-12-01,30.7,"C"
"DEAN_QROO_MX","5","DEAN_QROO_MX_2007",2001-12-01,30.3,"SG"
"FL_US_CHARLEY","1","CHARLEY_2004",2001-12-01,26.4,"FP"
"FL_US_FRANCES","1","FRANCES_US_FL_2004",2001-12-01,26,"FP"
"FL_US_IAN","1","IAN_US_FL_2022",2001-12-01,26.6,"FP"
"FL_US_IRMA","1","IRMA_US_FL_2017",2001-12-01,27.2,"FP"
"FL_US_JEANNE","1","JEANNE_US_FL_2004",2001-12-01,26.2,"FP"
"FL_US_MICHAEL","4","MICHAEL_US_FL_2018",2001-12-01,20.9,"SUS"
"FL_US_WILMA","1","WILMA_US_FL_2005",2001-12-01,27.1,"FP"
"LA_US_GUSTAV","4","GUSTAV_US_LA_2008",2001-12-01,20.8,"SUS"
"LA_US_IDA","4","IDA_US_LA_2009",2001-12-01,20.8,"SUS"
"LA_US_KATRINA","4","KATRINA_US_LA_2005",2001-12-01,20.5,"SUS"
"LA_US_LAURA","4","LAURA_US_LA_2020",2001-12-01,19,"SUS"
"LA_US_ZETA","4","ZETA_US_LA_2020",2001-12-01,20.5,"SUS"
"MX_ERNESTO","5","ERNESTO_MX_2012",2001-12-01,30.2,"SG"
"MX_GRACE","3","GRACE_MX_2021",2001-12-01,24.6,"C"
"MX_TAMPS_EMILY","6","EMILY_TAMPS_MX_2005",2001-12-01,24.8,"WG"
"NC_US_ISABEL","4","ISABEL_US_NC_2003",2001-12-01,17.7,"SUS"
"NIC_ETA","2","ETA_NIC_2020",2001-12-01,29,"CA"
"NIC_FELIX","2","FELIX_NIC_2007",2001-12-01,29.6,"CA"
"NIC_IOTA","2","IOTA_NIC_2020",2001-12-01,29.1,"CA"
"PR_USA_MARIA","3","MARIA_US_PR_2017",2001-12-01,31.1,"C"
"QROO_WILMA","3","WILMA_QROO_2005",2001-12-01,30.3,"C"
"TX_US_HARVEY","6","HARVEY_US_TX_2017",2001-12-01,20.8,"WG"
"TX_US_IKE","4","IKE_US_TX_2008",2001-12-01,19.5,"SUS"
"TX_US_RITA","4","RITA_US_TX_2005",2001-12-01,19.5,"SUS"
"US_FL_DELTA","4","DELTA_US_LA_2020",2001-12-01,19.2,"SUS"
"US_FL_DENNIS","4","DENNIS_US_FL_2005",2001-12-01,19.3,"SUS"
"VER_MX_KARL","5","KARL_MX_VER_2010",2001-12-01,27.6,"SG"
"YUC_DELTA","5","DELTA_YUCATAN_MX_2020",2001-12-01,30.5,"SG"
"YUC_MX_EMILY","5","EMILY_MX_YUC_2005",2001-12-01,31.3,"SG"
"YUC_MX_ISIDORE","5","ISIDORE_MX_YUC_2002",2001-12-01,30.8,"SG"
"AL_US_IVAN","4","IVAN_US_AL_2004",2002-01-01,17.6,"SUS"
"AL_US_SALLY","4","SALLY_US_AL_2020",2002-01-01,17.6,"SUS"
"ALEX","6","ALEX_2010",2002-01-01,26,"WG"
"BELICE_RICHARD","3","RICHARD_BELICE_2010",2002-01-01,29.4,"C"
"BELIZE_IRIS","2","IRIS_BELIZE_2001",2002-01-01,29,"CA"
"BETA","2","BETA_2005",2002-01-01,29.1,"CA"
"CR_OTTO","2","OTTO_CR_2016",2002-01-01,31.2,"CA"
"CUBA_DENNIS","3","DENNIS_CUBA_2005",2002-01-01,29.6,"C"
"CUBA_GUSTAV","3","GUSTAV_CUBA_2008",2002-01-01,28.5,"C"
"CUBA_IAN","3","IAN_CUBA_2022",2002-01-01,28.2,"C"
"CUBA_MICHELLE","3","MICHELLE_CUBA_2001",2002-01-01,29.4,"C"
"CUBA_PALOMA","3","PALOMA_CUBA_2008",2002-01-01,29.5,"C"
"CUBA_SANDY","3","SANDY_CUBA_2012",2002-01-01,30.5,"C"
"DEAN_QROO_MX","5","DEAN_QROO_MX_2007",2002-01-01,30.1,"SG"
"FL_US_CHARLEY","1","CHARLEY_2004",2002-01-01,24.6,"FP"
"FL_US_FRANCES","1","FRANCES_US_FL_2004",2002-01-01,24.6,"FP"
"FL_US_IAN","1","IAN_US_FL_2022",2002-01-01,25,"FP"
"FL_US_IRMA","1","IRMA_US_FL_2017",2002-01-01,25.7,"FP"
"FL_US_JEANNE","1","JEANNE_US_FL_2004",2002-01-01,24.8,"FP"
"FL_US_MICHAEL","4","MICHAEL_US_FL_2018",2002-01-01,18.8,"SUS"
"FL_US_WILMA","1","WILMA_US_FL_2005",2002-01-01,25.6,"FP"
"LA_US_GUSTAV","4","GUSTAV_US_LA_2008",2002-01-01,19.8,"SUS"
"LA_US_IDA","4","IDA_US_LA_2009",2002-01-01,19.3,"SUS"
"LA_US_KATRINA","4","KATRINA_US_LA_2005",2002-01-01,18.7,"SUS"
"LA_US_LAURA","4","LAURA_US_LA_2020",2002-01-01,18.3,"SUS"
"LA_US_ZETA","4","ZETA_US_LA_2020",2002-01-01,19.1,"SUS"
"MX_ERNESTO","5","ERNESTO_MX_2012",2002-01-01,29.9,"SG"
"MX_GRACE","3","GRACE_MX_2021",2002-01-01,25.1,"C"
"MX_TAMPS_EMILY","6","EMILY_TAMPS_MX_2005",2002-01-01,24.7,"WG"
"NC_US_ISABEL","4","ISABEL_US_NC_2003",2002-01-01,14.9,"SUS"
"NIC_ETA","2","ETA_NIC_2020",2002-01-01,29.6,"CA"
"NIC_FELIX","2","FELIX_NIC_2007",2002-01-01,29.6,"CA"
"NIC_IOTA","2","IOTA_NIC_2020",2002-01-01,29.6,"CA"
"PR_USA_MARIA","3","MARIA_US_PR_2017",2002-01-01,30.9,"C"
"QROO_WILMA","3","WILMA_QROO_2005",2002-01-01,29.6,"C"
"TX_US_HARVEY","6","HARVEY_US_TX_2017",2002-01-01,21,"WG"
"TX_US_IKE","4","IKE_US_TX_2008",2002-01-01,19,"SUS"
"TX_US_RITA","4","RITA_US_TX_2005",2002-01-01,18.7,"SUS"
"US_FL_DELTA","4","DELTA_US_LA_2020",2002-01-01,17.9,"SUS"
"US_FL_DENNIS","4","DENNIS_US_FL_2005",2002-01-01,17.6,"SUS"
"VER_MX_KARL","5","KARL_MX_VER_2010",2002-01-01,28.1,"SG"
"YUC_DELTA","5","DELTA_YUCATAN_MX_2020",2002-01-01,29.9,"SG"
"YUC_MX_EMILY","5","EMILY_MX_YUC_2005",2002-01-01,30.8,"SG"
"YUC_MX_ISIDORE","5","ISIDORE_MX_YUC_2002",2002-01-01,30.7,"SG"
"AL_US_IVAN","4","IVAN_US_AL_2004",2002-02-01,16.9,"SUS"
"AL_US_SALLY","4","SALLY_US_AL_2020",2002-02-01,17,"SUS"
"ALEX","6","ALEX_2010",2002-02-01,24.2,"WG"
"BELICE_RICHARD","3","RICHARD_BELICE_2010",2002-02-01,28.9,"C"
"BELIZE_IRIS","2","IRIS_BELIZE_2001",2002-02-01,29.4,"CA"
"BETA","2","BETA_2005",2002-02-01,29.5,"CA"
"CR_OTTO","2","OTTO_CR_2016",2002-02-01,31.4,"CA"
"CUBA_DENNIS","3","DENNIS_CUBA_2005",2002-02-01,29.3,"C"
"CUBA_GUSTAV","3","GUSTAV_CUBA_2008",2002-02-01,27.7,"C"
"CUBA_IAN","3","IAN_CUBA_2022",2002-02-01,27.6,"C"
"CUBA_MICHELLE","3","MICHELLE_CUBA_2001",2002-02-01,29.2,"C"
"CUBA_PALOMA","3","PALOMA_CUBA_2008",2002-02-01,29.3,"C"
"CUBA_SANDY","3","SANDY_CUBA_2012",2002-02-01,30.5,"C"
"DEAN_QROO_MX","5","DEAN_QROO_MX_2007",2002-02-01,29.9,"SG"
"FL_US_CHARLEY","1","CHARLEY_2004",2002-02-01,24.1,"FP"
"FL_US_FRANCES","1","FRANCES_US_FL_2004",2002-02-01,24.1,"FP"
"FL_US_IAN","1","IAN_US_FL_2022",2002-02-01,24.6,"FP"
"FL_US_IRMA","1","IRMA_US_FL_2017",2002-02-01,25.2,"FP"
"FL_US_JEANNE","1","JEANNE_US_FL_2004",2002-02-01,24.2,"FP"
"FL_US_MICHAEL","4","MICHAEL_US_FL_2018",2002-02-01,18,"SUS"
"FL_US_WILMA","1","WILMA_US_FL_2005",2002-02-01,25.1,"FP"
"LA_US_GUSTAV","4","GUSTAV_US_LA_2008",2002-02-01,17.4,"SUS"
"LA_US_IDA","4","IDA_US_LA_2009",2002-02-01,17.4,"SUS"
"LA_US_KATRINA","4","KATRINA_US_LA_2005",2002-02-01,16.9,"SUS"
"LA_US_LAURA","4","LAURA_US_LA_2020",2002-02-01,16.8,"SUS"
"LA_US_ZETA","4","ZETA_US_LA_2020",2002-02-01,17.2,"SUS"
"MX_ERNESTO","5","ERNESTO_MX_2012",2002-02-01,29.9,"SG"
"MX_GRACE","3","GRACE_MX_2021",2002-02-01,24.5,"C"
"MX_TAMPS_EMILY","6","EMILY_TAMPS_MX_2005",2002-02-01,22.9,"WG"
"NC_US_ISABEL","4","ISABEL_US_NC_2003",2002-02-01,15.7,"SUS"
"NIC_ETA","2","ETA_NIC_2020",2002-02-01,29.7,"CA"
"NIC_FELIX","2","FELIX_NIC_2007",2002-02-01,29.2,"CA"
"NIC_IOTA","2","IOTA_NIC_2020",2002-02-01,29.9,"CA"
"PR_USA_MARIA","3","MARIA_US_PR_2017",2002-02-01,30.9,"C"
"QROO_WILMA","3","WILMA_QROO_2005",2002-02-01,29.3,"C"
"TX_US_HARVEY","6","HARVEY_US_TX_2017",2002-02-01,19.2,"WG"
"TX_US_IKE","4","IKE_US_TX_2008",2002-02-01,17.4,"SUS"
"TX_US_RITA","4","RITA_US_TX_2005",2002-02-01,17.5,"SUS"
"US_FL_DELTA","4","DELTA_US_LA_2020",2002-02-01,16.6,"SUS"
"US_FL_DENNIS","4","DENNIS_US_FL_2005",2002-02-01,17,"SUS"
"VER_MX_KARL","5","KARL_MX_VER_2010",2002-02-01,27.9,"SG"
"YUC_DELTA","5","DELTA_YUCATAN_MX_2020",2002-02-01,30,"SG"
"YUC_MX_EMILY","5","EMILY_MX_YUC_2005",2002-02-01,30.9,"SG"
"YUC_MX_ISIDORE","5","ISIDORE_MX_YUC_2002",2002-02-01,31,"SG"
"AL_US_IVAN","4","IVAN_US_AL_2004",2002-03-01,22.2,"SUS"
"AL_US_SALLY","4","SALLY_US_AL_2020",2002-03-01,22.2,"SUS"
"ALEX","6","ALEX_2010",2002-03-01,30.5,"WG"
"BELICE_RICHARD","3","RICHARD_BELICE_2010",2002-03-01,30.2,"C"
"BELIZE_IRIS","2","IRIS_BELIZE_2001",2002-03-01,30.8,"CA"
"BETA","2","BETA_2005",2002-03-01,30.9,"CA"
"CR_OTTO","2","OTTO_CR_2016",2002-03-01,33.1,"CA"
"CUBA_DENNIS","3","DENNIS_CUBA_2005",2002-03-01,31.5,"C"
"CUBA_GUSTAV","3","GUSTAV_CUBA_2008",2002-03-01,30.3,"C"
"CUBA_IAN","3","IAN_CUBA_2022",2002-03-01,30.1,"C"
"CUBA_MICHELLE","3","MICHELLE_CUBA_2001",2002-03-01,31.4,"C"
"CUBA_PALOMA","3","PALOMA_CUBA_2008",2002-03-01,31,"C"
"CUBA_SANDY","3","SANDY_CUBA_2012",2002-03-01,31.2,"C"
"DEAN_QROO_MX","5","DEAN_QROO_MX_2007",2002-03-01,32,"SG"
"FL_US_CHARLEY","1","CHARLEY_2004",2002-03-01,28.3,"FP"
"FL_US_FRANCES","1","FRANCES_US_FL_2004",2002-03-01,28.2,"FP"
"FL_US_IAN","1","IAN_US_FL_2022",2002-03-01,28.6,"FP"
"FL_US_IRMA","1","IRMA_US_FL_2017",2002-03-01,28.8,"FP"
"FL_US_JEANNE","1","JEANNE_US_FL_2004",2002-03-01,28.2,"FP"
"FL_US_MICHAEL","4","MICHAEL_US_FL_2018",2002-03-01,23.2,"SUS"
"FL_US_WILMA","1","WILMA_US_FL_2005",2002-03-01,28.6,"FP"
"LA_US_GUSTAV","4","GUSTAV_US_LA_2008",2002-03-01,22.2,"SUS"
"LA_US_IDA","4","IDA_US_LA_2009",2002-03-01,22.1,"SUS"
"LA_US_KATRINA","4","KATRINA_US_LA_2005",2002-03-01,21.9,"SUS"
"LA_US_LAURA","4","LAURA_US_LA_2020",2002-03-01,21.6,"SUS"
"LA_US_ZETA","4","ZETA_US_LA_2020",2002-03-01,23.5,"SUS"
"MX_ERNESTO","5","ERNESTO_MX_2012",2002-03-01,31.9,"SG"
"MX_GRACE","3","GRACE_MX_2021",2002-03-01,29.2,"C"
"MX_TAMPS_EMILY","6","EMILY_TAMPS_MX_2005",2002-03-01,28.9,"WG"
"NC_US_ISABEL","4","ISABEL_US_NC_2003",2002-03-01,19.2,"SUS"
"NIC_ETA","2","ETA_NIC_2020",2002-03-01,31.1,"CA"
"NIC_FELIX","2","FELIX_NIC_2007",2002-03-01,30.4,"CA"
"NIC_IOTA","2","IOTA_NIC_2020",2002-03-01,31.2,"CA"
"PR_USA_MARIA","3","MARIA_US_PR_2017",2002-03-01,31.3,"C"
"QROO_WILMA","3","WILMA_QROO_2005",2002-03-01,31.2,"C"
"TX_US_HARVEY","6","HARVEY_US_TX_2017",2002-03-01,24.3,"WG"
"TX_US_IKE","4","IKE_US_TX_2008",2002-03-01,22.1,"SUS"
"TX_US_RITA","4","RITA_US_TX_2005",2002-03-01,22.2,"SUS"
"US_FL_DELTA","4","DELTA_US_LA_2020",2002-03-01,21.7,"SUS"
"US_FL_DENNIS","4","DENNIS_US_FL_2005",2002-03-01,22.2,"SUS"
"VER_MX_KARL","5","KARL_MX_VER_2010",2002-03-01,32.5,"SG"
"YUC_DELTA","5","DELTA_YUCATAN_MX_2020",2002-03-01,32.2,"SG"
"YUC_MX_EMILY","5","EMILY_MX_YUC_2005",2002-03-01,32.9,"SG"
"YUC_MX_ISIDORE","5","ISIDORE_MX_YUC_2002",2002-03-01,33.4,"SG"
"AL_US_IVAN","4","IVAN_US_AL_2004",2002-04-01,27.1,"SUS"
"AL_US_SALLY","4","SALLY_US_AL_2020",2002-04-01,26.8,"SUS"
"ALEX","6","ALEX_2010",2002-04-01,34.2,"WG"
"BELICE_RICHARD","3","RICHARD_BELICE_2010",2002-04-01,34.1,"C"
"BELIZE_IRIS","2","IRIS_BELIZE_2001",2002-04-01,34.5,"CA"
"BETA","2","BETA_2005",2002-04-01,31.5,"CA"
"CR_OTTO","2","OTTO_CR_2016",2002-04-01,33.1,"CA"
"CUBA_DENNIS","3","DENNIS_CUBA_2005",2002-04-01,32.7,"C"
"CUBA_GUSTAV","3","GUSTAV_CUBA_2008",2002-04-01,31.7,"C"
"CUBA_IAN","3","IAN_CUBA_2022",2002-04-01,31.7,"C"
"CUBA_MICHELLE","3","MICHELLE_CUBA_2001",2002-04-01,32.6,"C"
"CUBA_PALOMA","3","PALOMA_CUBA_2008",2002-04-01,31.6,"C"
"CUBA_SANDY","3","SANDY_CUBA_2012",2002-04-01,31.6,"C"
"DEAN_QROO_MX","5","DEAN_QROO_MX_2007",2002-04-01,35.5,"SG"
"FL_US_CHARLEY","1","CHARLEY_2004",2002-04-01,30.7,"FP"
"FL_US_FRANCES","1","FRANCES_US_FL_2004",2002-04-01,30.5,"FP"
"FL_US_IAN","1","IAN_US_FL_2022",2002-04-01,30.8,"FP"
"FL_US_IRMA","1","IRMA_US_FL_2017",2002-04-01,30.9,"FP"
"FL_US_JEANNE","1","JEANNE_US_FL_2004",2002-04-01,30.5,"FP"
"FL_US_MICHAEL","4","MICHAEL_US_FL_2018",2002-04-01,27.8,"SUS"
"FL_US_WILMA","1","WILMA_US_FL_2005",2002-04-01,30.4,"FP"
"LA_US_GUSTAV","4","GUSTAV_US_LA_2008",2002-04-01,27,"SUS"
"LA_US_IDA","4","IDA_US_LA_2009",2002-04-01,27.3,"SUS"
"LA_US_KATRINA","4","KATRINA_US_LA_2005",2002-04-01,26.8,"SUS"
"LA_US_LAURA","4","LAURA_US_LA_2020",2002-04-01,27,"SUS"
"LA_US_ZETA","4","ZETA_US_LA_2020",2002-04-01,27.8,"SUS"
"MX_ERNESTO","5","ERNESTO_MX_2012",2002-04-01,35.5,"SG"
"MX_GRACE","3","GRACE_MX_2021",2002-04-01,32.7,"C"
"MX_TAMPS_EMILY","6","EMILY_TAMPS_MX_2005",2002-04-01,33,"WG"
"NC_US_ISABEL","4","ISABEL_US_NC_2003",2002-04-01,24.7,"SUS"
"NIC_ETA","2","ETA_NIC_2020",2002-04-01,32.8,"CA"
"NIC_FELIX","2","FELIX_NIC_2007",2002-04-01,32.9,"CA"
"NIC_IOTA","2","IOTA_NIC_2020",2002-04-01,32.8,"CA"
"PR_USA_MARIA","3","MARIA_US_PR_2017",2002-04-01,30.7,"C"
"QROO_WILMA","3","WILMA_QROO_2005",2002-04-01,33.9,"C"
"TX_US_HARVEY","6","HARVEY_US_TX_2017",2002-04-01,29.4,"WG"
"TX_US_IKE","4","IKE_US_TX_2008",2002-04-01,27.4,"SUS"
"TX_US_RITA","4","RITA_US_TX_2005",2002-04-01,27.8,"SUS"
"US_FL_DELTA","4","DELTA_US_LA_2020",2002-04-01,27,"SUS"
"US_FL_DENNIS","4","DENNIS_US_FL_2005",2002-04-01,27.1,"SUS"
"VER_MX_KARL","5","KARL_MX_VER_2010",2002-04-01,35.5,"SG"
"YUC_DELTA","5","DELTA_YUCATAN_MX_2020",2002-04-01,35.4,"SG"
"YUC_MX_EMILY","5","EMILY_MX_YUC_2005",2002-04-01,36.2,"SG"
"YUC_MX_ISIDORE","5","ISIDORE_MX_YUC_2002",2002-04-01,37.3,"SG"
"AL_US_IVAN","4","IVAN_US_AL_2004",2002-05-01,29.6,"SUS"
"AL_US_SALLY","4","SALLY_US_AL_2020",2002-05-01,29.4,"SUS"
"ALEX","6","ALEX_2010",2002-05-01,37.4,"WG"
"BELICE_RICHARD","3","RICHARD_BELICE_2010",2002-05-01,33.3,"C"
"BELIZE_IRIS","2","IRIS_BELIZE_2001",2002-05-01,33.4,"CA"
"BETA","2","BETA_2005",2002-05-01,31.5,"CA"
"CR_OTTO","2","OTTO_CR_2016",2002-05-01,32.2,"CA"
"CUBA_DENNIS","3","DENNIS_CUBA_2005",2002-05-01,32.7,"C"
"CUBA_GUSTAV","3","GUSTAV_CUBA_2008",2002-05-01,31.9,"C"
"CUBA_IAN","3","IAN_CUBA_2022",2002-05-01,31.9,"C"
"CUBA_MICHELLE","3","MICHELLE_CUBA_2001",2002-05-01,32.6,"C"
"CUBA_PALOMA","3","PALOMA_CUBA_2008",2002-05-01,32.2,"C"
"CUBA_SANDY","3","SANDY_CUBA_2012",2002-05-01,32,"C"
"DEAN_QROO_MX","5","DEAN_QROO_MX_2007",2002-05-01,35,"SG"
"FL_US_CHARLEY","1","CHARLEY_2004",2002-05-01,32.4,"FP"
"FL_US_FRANCES","1","FRANCES_US_FL_2004",2002-05-01,32,"FP"
"FL_US_IAN","1","IAN_US_FL_2022",2002-05-01,32.5,"FP"
"FL_US_IRMA","1","IRMA_US_FL_2017",2002-05-01,32.5,"FP"
"FL_US_JEANNE","1","JEANNE_US_FL_2004",2002-05-01,32,"FP"
"FL_US_MICHAEL","4","MICHAEL_US_FL_2018",2002-05-01,30.2,"SUS"
"FL_US_WILMA","1","WILMA_US_FL_2005",2002-05-01,31.9,"FP"
"LA_US_GUSTAV","4","GUSTAV_US_LA_2008",2002-05-01,29.3,"SUS"
"LA_US_IDA","4","IDA_US_LA_2009",2002-05-01,29.7,"SUS"
"LA_US_KATRINA","4","KATRINA_US_LA_2005",2002-05-01,29.4,"SUS"
"LA_US_LAURA","4","LAURA_US_LA_2020",2002-05-01,29.8,"SUS"
"LA_US_ZETA","4","ZETA_US_LA_2020",2002-05-01,30,"SUS"
"MX_ERNESTO","5","ERNESTO_MX_2012",2002-05-01,35,"SG"
"MX_GRACE","3","GRACE_MX_2021",2002-05-01,35,"C"
"MX_TAMPS_EMILY","6","EMILY_TAMPS_MX_2005",2002-05-01,36.3,"WG"
"NC_US_ISABEL","4","ISABEL_US_NC_2003",2002-05-01,26.7,"SUS"
"NIC_ETA","2","ETA_NIC_2020",2002-05-01,32.6,"CA"
"NIC_FELIX","2","FELIX_NIC_2007",2002-05-01,32.3,"CA"
"NIC_IOTA","2","IOTA_NIC_2020",2002-05-01,32.6,"CA"
"PR_USA_MARIA","3","MARIA_US_PR_2017",2002-05-01,31.6,"C"
"QROO_WILMA","3","WILMA_QROO_2005",2002-05-01,33.6,"C"
"TX_US_HARVEY","6","HARVEY_US_TX_2017",2002-05-01,31.8,"WG"
"TX_US_IKE","4","IKE_US_TX_2008",2002-05-01,30.2,"SUS"
"TX_US_RITA","4","RITA_US_TX_2005",2002-05-01,30.4,"SUS"
"US_FL_DELTA","4","DELTA_US_LA_2020",2002-05-01,29.6,"SUS"
"US_FL_DENNIS","4","DENNIS_US_FL_2005",2002-05-01,29.6,"SUS"
"VER_MX_KARL","5","KARL_MX_VER_2010",2002-05-01,36.8,"SG"
"YUC_DELTA","5","DELTA_YUCATAN_MX_2020",2002-05-01,34.8,"SG"
"YUC_MX_EMILY","5","EMILY_MX_YUC_2005",2002-05-01,35.6,"SG"
"YUC_MX_ISIDORE","5","ISIDORE_MX_YUC_2002",2002-05-01,36.8,"SG"
"AL_US_IVAN","4","IVAN_US_AL_2004",2002-06-01,32.2,"SUS"
"AL_US_SALLY","4","SALLY_US_AL_2020",2002-06-01,31.6,"SUS"
"ALEX","6","ALEX_2010",2002-06-01,37.4,"WG"
"BELICE_RICHARD","3","RICHARD_BELICE_2010",2002-06-01,32.4,"C"
"BELIZE_IRIS","2","IRIS_BELIZE_2001",2002-06-01,32.7,"CA"
"BETA","2","BETA_2005",2002-06-01,30.3,"CA"
"CR_OTTO","2","OTTO_CR_2016",2002-06-01,31.1,"CA"
"CUBA_DENNIS","3","DENNIS_CUBA_2005",2002-06-01,32.1,"C"
"CUBA_GUSTAV","3","GUSTAV_CUBA_2008",2002-06-01,31.4,"C"
"CUBA_IAN","3","IAN_CUBA_2022",2002-06-01,31.4,"C"
"CUBA_MICHELLE","3","MICHELLE_CUBA_2001",2002-06-01,32.1,"C"
"CUBA_PALOMA","3","PALOMA_CUBA_2008",2002-06-01,32.1,"C"
"CUBA_SANDY","3","SANDY_CUBA_2012",2002-06-01,32.6,"C"
"DEAN_QROO_MX","5","DEAN_QROO_MX_2007",2002-06-01,33.2,"SG"
"FL_US_CHARLEY","1","CHARLEY_2004",2002-06-01,32.3,"FP"
"FL_US_FRANCES","1","FRANCES_US_FL_2004",2002-06-01,32,"FP"
"FL_US_IAN","1","IAN_US_FL_2022",2002-06-01,32.3,"FP"
"FL_US_IRMA","1","IRMA_US_FL_2017",2002-06-01,32.3,"FP"
"FL_US_JEANNE","1","JEANNE_US_FL_2004",2002-06-01,32,"FP"
"FL_US_MICHAEL","4","MICHAEL_US_FL_2018",2002-06-01,32.2,"SUS"
"FL_US_WILMA","1","WILMA_US_FL_2005",2002-06-01,31.9,"FP"
"LA_US_GUSTAV","4","GUSTAV_US_LA_2008",2002-06-01,31.4,"SUS"
"LA_US_IDA","4","IDA_US_LA_2009",2002-06-01,31.8,"SUS"
"LA_US_KATRINA","4","KATRINA_US_LA_2005",2002-06-01,32,"SUS"
"LA_US_LAURA","4","LAURA_US_LA_2020",2002-06-01,32,"SUS"
"LA_US_ZETA","4","ZETA_US_LA_2020",2002-06-01,31.7,"SUS"
"MX_ERNESTO","5","ERNESTO_MX_2012",2002-06-01,33.2,"SG"
"MX_GRACE","3","GRACE_MX_2021",2002-06-01,34.5,"C"
"MX_TAMPS_EMILY","6","EMILY_TAMPS_MX_2005",2002-06-01,36.7,"WG"
"NC_US_ISABEL","4","ISABEL_US_NC_2003",2002-06-01,31.8,"SUS"
"NIC_ETA","2","ETA_NIC_2020",2002-06-01,30.5,"CA"
"NIC_FELIX","2","FELIX_NIC_2007",2002-06-01,30.8,"CA"
"NIC_IOTA","2","IOTA_NIC_2020",2002-06-01,30.6,"CA"
"PR_USA_MARIA","3","MARIA_US_PR_2017",2002-06-01,32.5,"C"
"QROO_WILMA","3","WILMA_QROO_2005",2002-06-01,32.8,"C"
"TX_US_HARVEY","6","HARVEY_US_TX_2017",2002-06-01,34.1,"WG"
"TX_US_IKE","4","IKE_US_TX_2008",2002-06-01,32.6,"SUS"
"TX_US_RITA","4","RITA_US_TX_2005",2002-06-01,32.5,"SUS"
"US_FL_DELTA","4","DELTA_US_LA_2020",2002-06-01,31.9,"SUS"
"US_FL_DENNIS","4","DENNIS_US_FL_2005",2002-06-01,32.2,"SUS"
"VER_MX_KARL","5","KARL_MX_VER_2010",2002-06-01,34.5,"SG"
"YUC_DELTA","5","DELTA_YUCATAN_MX_2020",2002-06-01,33.5,"SG"
"YUC_MX_EMILY","5","EMILY_MX_YUC_2005",2002-06-01,34,"SG"
"YUC_MX_ISIDORE","5","ISIDORE_MX_YUC_2002",2002-06-01,34.6,"SG"
"AL_US_IVAN","4","IVAN_US_AL_2004",2002-07-01,33.4,"SUS"
"AL_US_SALLY","4","SALLY_US_AL_2020",2002-07-01,32.7,"SUS"
"ALEX","6","ALEX_2010",2002-07-01,35.8,"WG"
"BELICE_RICHARD","3","RICHARD_BELICE_2010",2002-07-01,32.5,"C"
"BELIZE_IRIS","2","IRIS_BELIZE_2001",2002-07-01,32.1,"CA"
"BETA","2","BETA_2005",2002-07-01,29.6,"CA"
"CR_OTTO","2","OTTO_CR_2016",2002-07-01,31,"CA"
"CUBA_DENNIS","3","DENNIS_CUBA_2005",2002-07-01,33.2,"C"
"CUBA_GUSTAV","3","GUSTAV_CUBA_2008",2002-07-01,32.4,"C"
"CUBA_IAN","3","IAN_CUBA_2022",2002-07-01,32.5,"C"
"CUBA_MICHELLE","3","MICHELLE_CUBA_2001",2002-07-01,33.1,"C"
"CUBA_PALOMA","3","PALOMA_CUBA_2008",2002-07-01,33,"C"
"CUBA_SANDY","3","SANDY_CUBA_2012",2002-07-01,33.4,"C"
"DEAN_QROO_MX","5","DEAN_QROO_MX_2007",2002-07-01,33.9,"SG"
"FL_US_CHARLEY","1","CHARLEY_2004",2002-07-01,33.1,"FP"
"FL_US_FRANCES","1","FRANCES_US_FL_2004",2002-07-01,33.1,"FP"
"FL_US_IAN","1","IAN_US_FL_2022",2002-07-01,33.3,"FP"
"FL_US_IRMA","1","IRMA_US_FL_2017",2002-07-01,33.2,"FP"
"FL_US_JEANNE","1","JEANNE_US_FL_2004",2002-07-01,33.1,"FP"
"FL_US_MICHAEL","4","MICHAEL_US_FL_2018",2002-07-01,33.2,"SUS"
"FL_US_WILMA","1","WILMA_US_FL_2005",2002-07-01,33,"FP"
"LA_US_GUSTAV","4","GUSTAV_US_LA_2008",2002-07-01,32.6,"SUS"
"LA_US_IDA","4","IDA_US_LA_2009",2002-07-01,33,"SUS"
"LA_US_KATRINA","4","KATRINA_US_LA_2005",2002-07-01,33.1,"SUS"
"LA_US_LAURA","4","LAURA_US_LA_2020",2002-07-01,33.5,"SUS"
"LA_US_ZETA","4","ZETA_US_LA_2020",2002-07-01,33,"SUS"
"MX_ERNESTO","5","ERNESTO_MX_2012",2002-07-01,33.8,"SG"
"MX_GRACE","3","GRACE_MX_2021",2002-07-01,33,"C"
"MX_TAMPS_EMILY","6","EMILY_TAMPS_MX_2005",2002-07-01,35.3,"WG"
"NC_US_ISABEL","4","ISABEL_US_NC_2003",2002-07-01,32.8,"SUS"
"NIC_ETA","2","ETA_NIC_2020",2002-07-01,30.7,"CA"
"NIC_FELIX","2","FELIX_NIC_2007",2002-07-01,30.7,"CA"
"NIC_IOTA","2","IOTA_NIC_2020",2002-07-01,30.7,"CA"
"PR_USA_MARIA","3","MARIA_US_PR_2017",2002-07-01,32.9,"C"
"QROO_WILMA","3","WILMA_QROO_2005",2002-07-01,34.1,"C"
"TX_US_HARVEY","6","HARVEY_US_TX_2017",2002-07-01,33.7,"WG"
"TX_US_IKE","4","IKE_US_TX_2008",2002-07-01,33.6,"SUS"
"TX_US_RITA","4","RITA_US_TX_2005",2002-07-01,33.7,"SUS"
"US_FL_DELTA","4","DELTA_US_LA_2020",2002-07-01,33.4,"SUS"
"US_FL_DENNIS","4","DENNIS_US_FL_2005",2002-07-01,33.4,"SUS"
"VER_MX_KARL","5","KARL_MX_VER_2010",2002-07-01,32.4,"SG"
"YUC_DELTA","5","DELTA_YUCATAN_MX_2020",2002-07-01,34.2,"SG"
"YUC_MX_EMILY","5","EMILY_MX_YUC_2005",2002-07-01,34.7,"SG"
"YUC_MX_ISIDORE","5","ISIDORE_MX_YUC_2002",2002-07-01,34.9,"SG"
"AL_US_IVAN","4","IVAN_US_AL_2004",2002-08-01,33,"SUS"
"AL_US_SALLY","4","SALLY_US_AL_2020",2002-08-01,32.3,"SUS"
"ALEX","6","ALEX_2010",2002-08-01,37.4,"WG"
"BELICE_RICHARD","3","RICHARD_BELICE_2010",2002-08-01,32,"C"
"BELIZE_IRIS","2","IRIS_BELIZE_2001",2002-08-01,31.6,"CA"
"BETA","2","BETA_2005",2002-08-01,29.3,"CA"
"CR_OTTO","2","OTTO_CR_2016",2002-08-01,30.7,"CA"
"CUBA_DENNIS","3","DENNIS_CUBA_2005",2002-08-01,33.9,"C"
"CUBA_GUSTAV","3","GUSTAV_CUBA_2008",2002-08-01,32.7,"C"
"CUBA_IAN","3","IAN_CUBA_2022",2002-08-01,32.7,"C"
"CUBA_MICHELLE","3","MICHELLE_CUBA_2001",2002-08-01,33.8,"C"
"CUBA_PALOMA","3","PALOMA_CUBA_2008",2002-08-01,33.7,"C"
"CUBA_SANDY","3","SANDY_CUBA_2012",2002-08-01,34.2,"C"
"DEAN_QROO_MX","5","DEAN_QROO_MX_2007",2002-08-01,32.9,"SG"
"FL_US_CHARLEY","1","CHARLEY_2004",2002-08-01,33.3,"FP"
"FL_US_FRANCES","1","FRANCES_US_FL_2004",2002-08-01,33.3,"FP"
"FL_US_IAN","1","IAN_US_FL_2022",2002-08-01,33.5,"FP"
"FL_US_IRMA","1","IRMA_US_FL_2017",2002-08-01,33.5,"FP"
"FL_US_JEANNE","1","JEANNE_US_FL_2004",2002-08-01,33.3,"FP"
"FL_US_MICHAEL","4","MICHAEL_US_FL_2018",2002-08-01,32.9,"SUS"
"FL_US_WILMA","1","WILMA_US_FL_2005",2002-08-01,33.5,"FP"
"LA_US_GUSTAV","4","GUSTAV_US_LA_2008",2002-08-01,32.6,"SUS"
"LA_US_IDA","4","IDA_US_LA_2009",2002-08-01,32.9,"SUS"
"LA_US_KATRINA","4","KATRINA_US_LA_2005",2002-08-01,33,"SUS"
"LA_US_LAURA","4","LAURA_US_LA_2020",2002-08-01,34.1,"SUS"
"LA_US_ZETA","4","ZETA_US_LA_2020",2002-08-01,33.1,"SUS"
"MX_ERNESTO","5","ERNESTO_MX_2012",2002-08-01,32.8,"SG"
"MX_GRACE","3","GRACE_MX_2021",2002-08-01,34.1,"C"
"MX_TAMPS_EMILY","6","EMILY_TAMPS_MX_2005",2002-08-01,37.2,"WG"
"NC_US_ISABEL","4","ISABEL_US_NC_2003",2002-08-01,32.1,"SUS"
"NIC_ETA","2","ETA_NIC_2020",2002-08-01,29.7,"CA"
"NIC_FELIX","2","FELIX_NIC_2007",2002-08-01,30,"CA"
"NIC_IOTA","2","IOTA_NIC_2020",2002-08-01,29.7,"CA"
"PR_USA_MARIA","3","MARIA_US_PR_2017",2002-08-01,33.5,"C"
"QROO_WILMA","3","WILMA_QROO_2005",2002-08-01,33.5,"C"
"TX_US_HARVEY","6","HARVEY_US_TX_2017",2002-08-01,36,"WG"
"TX_US_IKE","4","IKE_US_TX_2008",2002-08-01,35.1,"SUS"
"TX_US_RITA","4","RITA_US_TX_2005",2002-08-01,34.6,"SUS"
"US_FL_DELTA","4","DELTA_US_LA_2020",2002-08-01,33.6,"SUS"
"US_FL_DENNIS","4","DENNIS_US_FL_2005",2002-08-01,33,"SUS"
"VER_MX_KARL","5","KARL_MX_VER_2010",2002-08-01,33.5,"SG"
"YUC_DELTA","5","DELTA_YUCATAN_MX_2020",2002-08-01,33.4,"SG"
"YUC_MX_EMILY","5","EMILY_MX_YUC_2005",2002-08-01,33.7,"SG"
"YUC_MX_ISIDORE","5","ISIDORE_MX_YUC_2002",2002-08-01,33.6,"SG"
"AL_US_IVAN","4","IVAN_US_AL_2004",2002-09-01,31.6,"SUS"
"AL_US_SALLY","4","SALLY_US_AL_2020",2002-09-01,31.2,"SUS"
"ALEX","6","ALEX_2010",2002-09-01,34.4,"WG"
"BELICE_RICHARD","3","RICHARD_BELICE_2010",2002-09-01,31.8,"C"
"BELIZE_IRIS","2","IRIS_BELIZE_2001",2002-09-01,31.4,"CA"
"BETA","2","BETA_2005",2002-09-01,30.6,"CA"
"CR_OTTO","2","OTTO_CR_2016",2002-09-01,31,"CA"
"CUBA_DENNIS","3","DENNIS_CUBA_2005",2002-09-01,33.1,"C"
"CUBA_GUSTAV","3","GUSTAV_CUBA_2008",2002-09-01,31.9,"C"
"CUBA_IAN","3","IAN_CUBA_2022",2002-09-01,32,"C"
"CUBA_MICHELLE","3","MICHELLE_CUBA_2001",2002-09-01,33.1,"C"
"CUBA_PALOMA","3","PALOMA_CUBA_2008",2002-09-01,33.2,"C"
"CUBA_SANDY","3","SANDY_CUBA_2012",2002-09-01,33.7,"C"
"DEAN_QROO_MX","5","DEAN_QROO_MX_2007",2002-09-01,32.5,"SG"
"FL_US_CHARLEY","1","CHARLEY_2004",2002-09-01,32.9,"FP"
"FL_US_FRANCES","1","FRANCES_US_FL_2004",2002-09-01,33,"FP"
"FL_US_IAN","1","IAN_US_FL_2022",2002-09-01,33.1,"FP"
"FL_US_IRMA","1","IRMA_US_FL_2017",2002-09-01,33,"FP"
"FL_US_JEANNE","1","JEANNE_US_FL_2004",2002-09-01,33,"FP"
"FL_US_MICHAEL","4","MICHAEL_US_FL_2018",2002-09-01,31.9,"SUS"
"FL_US_WILMA","1","WILMA_US_FL_2005",2002-09-01,33,"FP"
"LA_US_GUSTAV","4","GUSTAV_US_LA_2008",2002-09-01,31,"SUS"
"LA_US_IDA","4","IDA_US_LA_2009",2002-09-01,31.4,"SUS"
"LA_US_KATRINA","4","KATRINA_US_LA_2005",2002-09-01,31.6,"SUS"
"LA_US_LAURA","4","LAURA_US_LA_2020",2002-09-01,31.8,"SUS"
"LA_US_ZETA","4","ZETA_US_LA_2020",2002-09-01,31.5,"SUS"
"MX_ERNESTO","5","ERNESTO_MX_2012",2002-09-01,32.4,"SG"
"MX_GRACE","3","GRACE_MX_2021",2002-09-01,32.8,"C"
"MX_TAMPS_EMILY","6","EMILY_TAMPS_MX_2005",2002-09-01,34,"WG"
"NC_US_ISABEL","4","ISABEL_US_NC_2003",2002-09-01,28.8,"SUS"
"NIC_ETA","2","ETA_NIC_2020",2002-09-01,30.9,"CA"
"NIC_FELIX","2","FELIX_NIC_2007",2002-09-01,30.9,"CA"
"NIC_IOTA","2","IOTA_NIC_2020",2002-09-01,30.9,"CA"
"PR_USA_MARIA","3","MARIA_US_PR_2017",2002-09-01,32.9,"C"
"QROO_WILMA","3","WILMA_QROO_2005",2002-09-01,32.5,"C"
"TX_US_HARVEY","6","HARVEY_US_TX_2017",2002-09-01,33.2,"WG"
"TX_US_IKE","4","IKE_US_TX_2008",2002-09-01,32.3,"SUS"
"TX_US_RITA","4","RITA_US_TX_2005",2002-09-01,32.1,"SUS"
"US_FL_DELTA","4","DELTA_US_LA_2020",2002-09-01,31.6,"SUS"
"US_FL_DENNIS","4","DENNIS_US_FL_2005",2002-09-01,31.6,"SUS"
"VER_MX_KARL","5","KARL_MX_VER_2010",2002-09-01,32.6,"SG"
"YUC_DELTA","5","DELTA_YUCATAN_MX_2020",2002-09-01,32.3,"SG"
"YUC_MX_EMILY","5","EMILY_MX_YUC_2005",2002-09-01,32.8,"SG"
"YUC_MX_ISIDORE","5","ISIDORE_MX_YUC_2002",2002-09-01,32.8,"SG"
"AL_US_IVAN","4","IVAN_US_AL_2004",2002-10-01,26.7,"SUS"
"AL_US_SALLY","4","SALLY_US_AL_2020",2002-10-01,26.4,"SUS"
"ALEX","6","ALEX_2010",2002-10-01,31.8,"WG"
"BELICE_RICHARD","3","RICHARD_BELICE_2010",2002-10-01,32.2,"C"
"BELIZE_IRIS","2","IRIS_BELIZE_2001",2002-10-01,31.5,"CA"
"BETA","2","BETA_2005",2002-10-01,30,"CA"
"CR_OTTO","2","OTTO_CR_2016",2002-10-01,30.6,"CA"
"CUBA_DENNIS","3","DENNIS_CUBA_2005",2002-10-01,32.9,"C"
"CUBA_GUSTAV","3","GUSTAV_CUBA_2008",2002-10-01,31.9,"C"
"CUBA_IAN","3","IAN_CUBA_2022",2002-10-01,31.9,"C"
"CUBA_MICHELLE","3","MICHELLE_CUBA_2001",2002-10-01,32.9,"C"
"CUBA_PALOMA","3","PALOMA_CUBA_2008",2002-10-01,32.1,"C"
"CUBA_SANDY","3","SANDY_CUBA_2012",2002-10-01,32.5,"C"
"DEAN_QROO_MX","5","DEAN_QROO_MX_2007",2002-10-01,32.6,"SG"
"FL_US_CHARLEY","1","CHARLEY_2004",2002-10-01,31.9,"FP"
"FL_US_FRANCES","1","FRANCES_US_FL_2004",2002-10-01,31.5,"FP"
"FL_US_IAN","1","IAN_US_FL_2022",2002-10-01,32,"FP"
"FL_US_IRMA","1","IRMA_US_FL_2017",2002-10-01,32.2,"FP"
"FL_US_JEANNE","1","JEANNE_US_FL_2004",2002-10-01,31.5,"FP"
"FL_US_MICHAEL","4","MICHAEL_US_FL_2018",2002-10-01,27.9,"SUS"
"FL_US_WILMA","1","WILMA_US_FL_2005",2002-10-01,32.1,"FP"
"LA_US_GUSTAV","4","GUSTAV_US_LA_2008",2002-10-01,27.2,"SUS"
"LA_US_IDA","4","IDA_US_LA_2009",2002-10-01,27.2,"SUS"
"LA_US_KATRINA","4","KATRINA_US_LA_2005",2002-10-01,28.1,"SUS"
"LA_US_LAURA","4","LAURA_US_LA_2020",2002-10-01,26.6,"SUS"
"LA_US_ZETA","4","ZETA_US_LA_2020",2002-10-01,27.4,"SUS"
"MX_ERNESTO","5","ERNESTO_MX_2012",2002-10-01,32.5,"SG"
"MX_GRACE","3","GRACE_MX_2021",2002-10-01,30.6,"C"
"MX_TAMPS_EMILY","6","EMILY_TAMPS_MX_2005",2002-10-01,31.4,"WG"
"NC_US_ISABEL","4","ISABEL_US_NC_2003",2002-10-01,23.1,"SUS"
"NIC_ETA","2","ETA_NIC_2020",2002-10-01,31,"CA"
"NIC_FELIX","2","FELIX_NIC_2007",2002-10-01,30.9,"CA"
"NIC_IOTA","2","IOTA_NIC_2020",2002-10-01,31,"CA"
"PR_USA_MARIA","3","MARIA_US_PR_2017",2002-10-01,32.8,"C"
"QROO_WILMA","3","WILMA_QROO_2005",2002-10-01,32.5,"C"
"TX_US_HARVEY","6","HARVEY_US_TX_2017",2002-10-01,28.1,"WG"
"TX_US_IKE","4","IKE_US_TX_2008",2002-10-01,26.8,"SUS"
"TX_US_RITA","4","RITA_US_TX_2005",2002-10-01,27.1,"SUS"
"US_FL_DELTA","4","DELTA_US_LA_2020",2002-10-01,26.9,"SUS"
"US_FL_DENNIS","4","DENNIS_US_FL_2005",2002-10-01,26.4,"SUS"
"VER_MX_KARL","5","KARL_MX_VER_2010",2002-10-01,31.2,"SG"
"YUC_DELTA","5","DELTA_YUCATAN_MX_2020",2002-10-01,32.5,"SG"
"YUC_MX_EMILY","5","EMILY_MX_YUC_2005",2002-10-01,33.2,"SG"
"YUC_MX_ISIDORE","5","ISIDORE_MX_YUC_2002",2002-10-01,32.9,"SG"
"AL_US_IVAN","4","IVAN_US_AL_2004",2002-11-01,19.6,"SUS"
"AL_US_SALLY","4","SALLY_US_AL_2020",2002-11-01,19.2,"SUS"
"ALEX","6","ALEX_2010",2002-11-01,27.3,"WG"
"BELICE_RICHARD","3","RICHARD_BELICE_2010",2002-11-01,30.4,"C"
"BELIZE_IRIS","2","IRIS_BELIZE_2001",2002-11-01,29.8,"CA"
"BETA","2","BETA_2005",2002-11-01,29.3,"CA"
"CR_OTTO","2","OTTO_CR_2016",2002-11-01,30.3,"CA"
"CUBA_DENNIS","3","DENNIS_CUBA_2005",2002-11-01,29.9,"C"
"CUBA_GUSTAV","3","GUSTAV_CUBA_2008",2002-11-01,29,"C"
"CUBA_IAN","3","IAN_CUBA_2022",2002-11-01,28.8,"C"
"CUBA_MICHELLE","3","MICHELLE_CUBA_2001",2002-11-01,29.9,"C"
"CUBA_PALOMA","3","PALOMA_CUBA_2008",2002-11-01,31.1,"C"
"CUBA_SANDY","3","SANDY_CUBA_2012",2002-11-01,32.3,"C"
"DEAN_QROO_MX","5","DEAN_QROO_MX_2007",2002-11-01,30.8,"SG"
"FL_US_CHARLEY","1","CHARLEY_2004",2002-11-01,27,"FP"
"FL_US_FRANCES","1","FRANCES_US_FL_2004",2002-11-01,26.8,"FP"
"FL_US_IAN","1","IAN_US_FL_2022",2002-11-01,27.3,"FP"
"FL_US_IRMA","1","IRMA_US_FL_2017",2002-11-01,27.9,"FP"
"FL_US_JEANNE","1","JEANNE_US_FL_2004",2002-11-01,26.9,"FP"
"FL_US_MICHAEL","4","MICHAEL_US_FL_2018",2002-11-01,20.9,"SUS"
"FL_US_WILMA","1","WILMA_US_FL_2005",2002-11-01,27.8,"FP"
"LA_US_GUSTAV","4","GUSTAV_US_LA_2008",2002-11-01,21.6,"SUS"
"LA_US_IDA","4","IDA_US_LA_2009",2002-11-01,21.6,"SUS"
"LA_US_KATRINA","4","KATRINA_US_LA_2005",2002-11-01,21.6,"SUS"
"LA_US_LAURA","4","LAURA_US_LA_2020",2002-11-01,20.9,"SUS"
"LA_US_ZETA","4","ZETA_US_LA_2020",2002-11-01,21.3,"SUS"
"MX_ERNESTO","5","ERNESTO_MX_2012",2002-11-01,30.8,"SG"
"MX_GRACE","3","GRACE_MX_2021",2002-11-01,26.5,"C"
"MX_TAMPS_EMILY","6","EMILY_TAMPS_MX_2005",2002-11-01,26.6,"WG"
"NC_US_ISABEL","4","ISABEL_US_NC_2003",2002-11-01,17.6,"SUS"
"NIC_ETA","2","ETA_NIC_2020",2002-11-01,30,"CA"
"NIC_FELIX","2","FELIX_NIC_2007",2002-11-01,29.9,"CA"
"NIC_IOTA","2","IOTA_NIC_2020",2002-11-01,30,"CA"
"PR_USA_MARIA","3","MARIA_US_PR_2017",2002-11-01,32.8,"C"
"QROO_WILMA","3","WILMA_QROO_2005",2002-11-01,30.4,"C"
"TX_US_HARVEY","6","HARVEY_US_TX_2017",2002-11-01,23.1,"WG"
"TX_US_IKE","4","IKE_US_TX_2008",2002-11-01,22,"SUS"
"TX_US_RITA","4","RITA_US_TX_2005",2002-11-01,21.7,"SUS"
"US_FL_DELTA","4","DELTA_US_LA_2020",2002-11-01,20.9,"SUS"
"US_FL_DENNIS","4","DENNIS_US_FL_2005",2002-11-01,19.3,"SUS"
"VER_MX_KARL","5","KARL_MX_VER_2010",2002-11-01,28.9,"SG"
"YUC_DELTA","5","DELTA_YUCATAN_MX_2020",2002-11-01,30.6,"SG"
"YUC_MX_EMILY","5","EMILY_MX_YUC_2005",2002-11-01,31.5,"SG"
"YUC_MX_ISIDORE","5","ISIDORE_MX_YUC_2002",2002-11-01,31.5,"SG"
"AL_US_IVAN","4","IVAN_US_AL_2004",2002-12-01,16.5,"SUS"
"AL_US_SALLY","4","SALLY_US_AL_2020",2002-12-01,16.4,"SUS"
"ALEX","6","ALEX_2010",2002-12-01,25.2,"WG"
"BELICE_RICHARD","3","RICHARD_BELICE_2010",2002-12-01,29.3,"C"
"BELIZE_IRIS","2","IRIS_BELIZE_2001",2002-12-01,28.8,"CA"
"BETA","2","BETA_2005",2002-12-01,28.9,"CA"
"CR_OTTO","2","OTTO_CR_2016",2002-12-01,30.9,"CA"
"CUBA_DENNIS","3","DENNIS_CUBA_2005",2002-12-01,29.4,"C"
"CUBA_GUSTAV","3","GUSTAV_CUBA_2008",2002-12-01,28.1,"C"
"CUBA_IAN","3","IAN_CUBA_2022",2002-12-01,27.7,"C"
"CUBA_MICHELLE","3","MICHELLE_CUBA_2001",2002-12-01,29.3,"C"
"CUBA_PALOMA","3","PALOMA_CUBA_2008",2002-12-01,29.6,"C"
"CUBA_SANDY","3","SANDY_CUBA_2012",2002-12-01,31,"C"
"DEAN_QROO_MX","5","DEAN_QROO_MX_2007",2002-12-01,29.4,"SG"
"FL_US_CHARLEY","1","CHARLEY_2004",2002-12-01,24.5,"FP"
"FL_US_FRANCES","1","FRANCES_US_FL_2004",2002-12-01,24.3,"FP"
"FL_US_IAN","1","IAN_US_FL_2022",2002-12-01,24.7,"FP"
"FL_US_IRMA","1","IRMA_US_FL_2017",2002-12-01,25.5,"FP"
"FL_US_JEANNE","1","JEANNE_US_FL_2004",2002-12-01,24.4,"FP"
"FL_US_MICHAEL","4","MICHAEL_US_FL_2018",2002-12-01,17.7,"SUS"
"FL_US_WILMA","1","WILMA_US_FL_2005",2002-12-01,25.5,"FP"
"LA_US_GUSTAV","4","GUSTAV_US_LA_2008",2002-12-01,19,"SUS"
"LA_US_IDA","4","IDA_US_LA_2009",2002-12-01,19,"SUS"
"LA_US_KATRINA","4","KATRINA_US_LA_2005",2002-12-01,18.3,"SUS"
"LA_US_LAURA","4","LAURA_US_LA_2020",2002-12-01,17.7,"SUS"
"LA_US_ZETA","4","ZETA_US_LA_2020",2002-12-01,18.7,"SUS"
"MX_ERNESTO","5","ERNESTO_MX_2012",2002-12-01,29.4,"SG"
"MX_GRACE","3","GRACE_MX_2021",2002-12-01,24.6,"C"
"MX_TAMPS_EMILY","6","EMILY_TAMPS_MX_2005",2002-12-01,24.6,"WG"
"NC_US_ISABEL","4","ISABEL_US_NC_2003",2002-12-01,12.9,"SUS"
"NIC_ETA","2","ETA_NIC_2020",2002-12-01,29,"CA"
"NIC_FELIX","2","FELIX_NIC_2007",2002-12-01,29.6,"CA"
"NIC_IOTA","2","IOTA_NIC_2020",2002-12-01,29.2,"CA"
"PR_USA_MARIA","3","MARIA_US_PR_2017",2002-12-01,31,"C"
"QROO_WILMA","3","WILMA_QROO_2005",2002-12-01,29.1,"C"
"TX_US_HARVEY","6","HARVEY_US_TX_2017",2002-12-01,20.6,"WG"
"TX_US_IKE","4","IKE_US_TX_2008",2002-12-01,18.9,"SUS"
"TX_US_RITA","4","RITA_US_TX_2005",2002-12-01,18.5,"SUS"
"US_FL_DELTA","4","DELTA_US_LA_2020",2002-12-01,17.6,"SUS"
"US_FL_DENNIS","4","DENNIS_US_FL_2005",2002-12-01,16.4,"SUS"
"VER_MX_KARL","5","KARL_MX_VER_2010",2002-12-01,27.9,"SG"
"YUC_DELTA","5","DELTA_YUCATAN_MX_2020",2002-12-01,29.4,"SG"
"YUC_MX_EMILY","5","EMILY_MX_YUC_2005",2002-12-01,30.2,"SG"
"YUC_MX_ISIDORE","5","ISIDORE_MX_YUC_2002",2002-12-01,29.8,"SG"
"AL_US_IVAN","4","IVAN_US_AL_2004",2003-01-01,14.1,"SUS"
"AL_US_SALLY","4","SALLY_US_AL_2020",2003-01-01,14.2,"SUS"
"ALEX","6","ALEX_2010",2003-01-01,23.3,"WG"
"BELICE_RICHARD","3","RICHARD_BELICE_2010",2003-01-01,28.1,"C"
"BELIZE_IRIS","2","IRIS_BELIZE_2001",2003-01-01,28.4,"CA"
"BETA","2","BETA_2005",2003-01-01,28.8,"CA"
"CR_OTTO","2","OTTO_CR_2016",2003-01-01,32,"CA"
"CUBA_DENNIS","3","DENNIS_CUBA_2005",2003-01-01,26.5,"C"
"CUBA_GUSTAV","3","GUSTAV_CUBA_2008",2003-01-01,25,"C"
"CUBA_IAN","3","IAN_CUBA_2022",2003-01-01,24.7,"C"
"CUBA_MICHELLE","3","MICHELLE_CUBA_2001",2003-01-01,26.3,"C"
"CUBA_PALOMA","3","PALOMA_CUBA_2008",2003-01-01,27.7,"C"
"CUBA_SANDY","3","SANDY_CUBA_2012",2003-01-01,29.3,"C"
"DEAN_QROO_MX","5","DEAN_QROO_MX_2007",2003-01-01,28.4,"SG"
"FL_US_CHARLEY","1","CHARLEY_2004",2003-01-01,21.5,"FP"
"FL_US_FRANCES","1","FRANCES_US_FL_2004",2003-01-01,21.6,"FP"
"FL_US_IAN","1","IAN_US_FL_2022",2003-01-01,21.9,"FP"
"FL_US_IRMA","1","IRMA_US_FL_2017",2003-01-01,22.7,"FP"
"FL_US_JEANNE","1","JEANNE_US_FL_2004",2003-01-01,21.8,"FP"
"FL_US_MICHAEL","4","MICHAEL_US_FL_2018",2003-01-01,15.4,"SUS"
"FL_US_WILMA","1","WILMA_US_FL_2005",2003-01-01,22.6,"FP"
"LA_US_GUSTAV","4","GUSTAV_US_LA_2008",2003-01-01,16.5,"SUS"
"LA_US_IDA","4","IDA_US_LA_2009",2003-01-01,16,"SUS"
"LA_US_KATRINA","4","KATRINA_US_LA_2005",2003-01-01,15.3,"SUS"
"LA_US_LAURA","4","LAURA_US_LA_2020",2003-01-01,15.2,"SUS"
"LA_US_ZETA","4","ZETA_US_LA_2020",2003-01-01,15.8,"SUS"
"MX_ERNESTO","5","ERNESTO_MX_2012",2003-01-01,28.3,"SG"
"MX_GRACE","3","GRACE_MX_2021",2003-01-01,23.8,"C"
"MX_TAMPS_EMILY","6","EMILY_TAMPS_MX_2005",2003-01-01,21.9,"WG"
"NC_US_ISABEL","4","ISABEL_US_NC_2003",2003-01-01,10.5,"SUS"
"NIC_ETA","2","ETA_NIC_2020",2003-01-01,29.1,"CA"
"NIC_FELIX","2","FELIX_NIC_2007",2003-01-01,29.1,"CA"
"NIC_IOTA","2","IOTA_NIC_2020",2003-01-01,29.1,"CA"
"PR_USA_MARIA","3","MARIA_US_PR_2017",2003-01-01,31.4,"C"
"QROO_WILMA","3","WILMA_QROO_2005",2003-01-01,27.1,"C"
"TX_US_HARVEY","6","HARVEY_US_TX_2017",2003-01-01,18.3,"WG"
"TX_US_IKE","4","IKE_US_TX_2008",2003-01-01,16.4,"SUS"
"TX_US_RITA","4","RITA_US_TX_2005",2003-01-01,16,"SUS"
"US_FL_DELTA","4","DELTA_US_LA_2020",2003-01-01,14.8,"SUS"
"US_FL_DENNIS","4","DENNIS_US_FL_2005",2003-01-01,14.2,"SUS"
"VER_MX_KARL","5","KARL_MX_VER_2010",2003-01-01,27.1,"SG"
"YUC_DELTA","5","DELTA_YUCATAN_MX_2020",2003-01-01,27.6,"SG"
"YUC_MX_EMILY","5","EMILY_MX_YUC_2005",2003-01-01,28.9,"SG"
"YUC_MX_ISIDORE","5","ISIDORE_MX_YUC_2002",2003-01-01,28.8,"SG"
"AL_US_IVAN","4","IVAN_US_AL_2004",2003-02-01,17.4,"SUS"
"AL_US_SALLY","4","SALLY_US_AL_2020",2003-02-01,17.6,"SUS"
"ALEX","6","ALEX_2010",2003-02-01,25.9,"WG"
"BELICE_RICHARD","3","RICHARD_BELICE_2010",2003-02-01,30.4,"C"
"BELIZE_IRIS","2","IRIS_BELIZE_2001",2003-02-01,30.7,"CA"
"BETA","2","BETA_2005",2003-02-01,30.2,"CA"
"CR_OTTO","2","OTTO_CR_2016",2003-02-01,32.7,"CA"
"CUBA_DENNIS","3","DENNIS_CUBA_2005",2003-02-01,30.9,"C"
"CUBA_GUSTAV","3","GUSTAV_CUBA_2008",2003-02-01,29.5,"C"
"CUBA_IAN","3","IAN_CUBA_2022",2003-02-01,29.4,"C"
"CUBA_MICHELLE","3","MICHELLE_CUBA_2001",2003-02-01,30.9,"C"
"CUBA_PALOMA","3","PALOMA_CUBA_2008",2003-02-01,30.5,"C"
"CUBA_SANDY","3","SANDY_CUBA_2012",2003-02-01,31.2,"C"
"DEAN_QROO_MX","5","DEAN_QROO_MX_2007",2003-02-01,31.6,"SG"
"FL_US_CHARLEY","1","CHARLEY_2004",2003-02-01,25.6,"FP"
"FL_US_FRANCES","1","FRANCES_US_FL_2004",2003-02-01,25.8,"FP"
"FL_US_IAN","1","IAN_US_FL_2022",2003-02-01,26.1,"FP"
"FL_US_IRMA","1","IRMA_US_FL_2017",2003-02-01,26.7,"FP"
"FL_US_JEANNE","1","JEANNE_US_FL_2004",2003-02-01,25.9,"FP"
"FL_US_MICHAEL","4","MICHAEL_US_FL_2018",2003-02-01,18.7,"SUS"
"FL_US_WILMA","1","WILMA_US_FL_2005",2003-02-01,26.7,"FP"
"LA_US_GUSTAV","4","GUSTAV_US_LA_2008",2003-02-01,17.9,"SUS"
"LA_US_IDA","4","IDA_US_LA_2009",2003-02-01,17.9,"SUS"
"LA_US_KATRINA","4","KATRINA_US_LA_2005",2003-02-01,17.6,"SUS"
"LA_US_LAURA","4","LAURA_US_LA_2020",2003-02-01,16.5,"SUS"
"LA_US_ZETA","4","ZETA_US_LA_2020",2003-02-01,17.9,"SUS"
"MX_ERNESTO","5","ERNESTO_MX_2012",2003-02-01,31.5,"SG"
"MX_GRACE","3","GRACE_MX_2021",2003-02-01,27,"C"
"MX_TAMPS_EMILY","6","EMILY_TAMPS_MX_2005",2003-02-01,24.2,"WG"
"NC_US_ISABEL","4","ISABEL_US_NC_2003",2003-02-01,12.7,"SUS"
"NIC_ETA","2","ETA_NIC_2020",2003-02-01,30.2,"CA"
"NIC_FELIX","2","FELIX_NIC_2007",2003-02-01,29.8,"CA"
"NIC_IOTA","2","IOTA_NIC_2020",2003-02-01,30.4,"CA"
"PR_USA_MARIA","3","MARIA_US_PR_2017",2003-02-01,30.9,"C"
"QROO_WILMA","3","WILMA_QROO_2005",2003-02-01,31,"C"
"TX_US_HARVEY","6","HARVEY_US_TX_2017",2003-02-01,18.9,"WG"
"TX_US_IKE","4","IKE_US_TX_2008",2003-02-01,17,"SUS"
"TX_US_RITA","4","RITA_US_TX_2005",2003-02-01,17.3,"SUS"
"US_FL_DELTA","4","DELTA_US_LA_2020",2003-02-01,16.5,"SUS"
"US_FL_DENNIS","4","DENNIS_US_FL_2005",2003-02-01,17.6,"SUS"
"VER_MX_KARL","5","KARL_MX_VER_2010",2003-02-01,30.8,"SG"
"YUC_DELTA","5","DELTA_YUCATAN_MX_2020",2003-02-01,31.8,"SG"
"YUC_MX_EMILY","5","EMILY_MX_YUC_2005",2003-02-01,32.7,"SG"
"YUC_MX_ISIDORE","5","ISIDORE_MX_YUC_2002",2003-02-01,32.8,"SG"
"AL_US_IVAN","4","IVAN_US_AL_2004",2003-03-01,21.9,"SUS"
"AL_US_SALLY","4","SALLY_US_AL_2020",2003-03-01,21.8,"SUS"
"ALEX","6","ALEX_2010",2003-03-01,29.7,"WG"
"BELICE_RICHARD","3","RICHARD_BELICE_2010",2003-03-01,31.8,"C"
"BELIZE_IRIS","2","IRIS_BELIZE_2001",2003-03-01,32.1,"CA"
"BETA","2","BETA_2005",2003-03-01,31.4,"CA"
"CR_OTTO","2","OTTO_CR_2016",2003-03-01,33.6,"CA"
"CUBA_DENNIS","3","DENNIS_CUBA_2005",2003-03-01,33.1,"C"
"CUBA_GUSTAV","3","GUSTAV_CUBA_2008",2003-03-01,31.8,"C"
"CUBA_IAN","3","IAN_CUBA_2022",2003-03-01,31.6,"C"
"CUBA_MICHELLE","3","MICHELLE_CUBA_2001",2003-03-01,33.1,"C"
"CUBA_PALOMA","3","PALOMA_CUBA_2008",2003-03-01,33.5,"C"
"CUBA_SANDY","3","SANDY_CUBA_2012",2003-03-01,33.1,"C"
"DEAN_QROO_MX","5","DEAN_QROO_MX_2007",2003-03-01,33.9,"SG"
"FL_US_CHARLEY","1","CHARLEY_2004",2003-03-01,29.2,"FP"
"FL_US_FRANCES","1","FRANCES_US_FL_2004",2003-03-01,29.2,"FP"
"FL_US_IAN","1","IAN_US_FL_2022",2003-03-01,29.5,"FP"
"FL_US_IRMA","1","IRMA_US_FL_2017",2003-03-01,30,"FP"
"FL_US_JEANNE","1","JEANNE_US_FL_2004",2003-03-01,29.3,"FP"
"FL_US_MICHAEL","4","MICHAEL_US_FL_2018",2003-03-01,22.7,"SUS"
"FL_US_WILMA","1","WILMA_US_FL_2005",2003-03-01,29.9,"FP"
"LA_US_GUSTAV","4","GUSTAV_US_LA_2008",2003-03-01,21.9,"SUS"
"LA_US_IDA","4","IDA_US_LA_2009",2003-03-01,21.8,"SUS"
"LA_US_KATRINA","4","KATRINA_US_LA_2005",2003-03-01,21.5,"SUS"
"LA_US_LAURA","4","LAURA_US_LA_2020",2003-03-01,21.4,"SUS"
"LA_US_ZETA","4","ZETA_US_LA_2020",2003-03-01,23.1,"SUS"
"MX_ERNESTO","5","ERNESTO_MX_2012",2003-03-01,33.8,"SG"
"MX_GRACE","3","GRACE_MX_2021",2003-03-01,29,"C"
"MX_TAMPS_EMILY","6","EMILY_TAMPS_MX_2005",2003-03-01,28.4,"WG"
"NC_US_ISABEL","4","ISABEL_US_NC_2003",2003-03-01,18.7,"SUS"
"NIC_ETA","2","ETA_NIC_2020",2003-03-01,31.9,"CA"
"NIC_FELIX","2","FELIX_NIC_2007",2003-03-01,31.5,"CA"
"NIC_IOTA","2","IOTA_NIC_2020",2003-03-01,32,"CA"
"PR_USA_MARIA","3","MARIA_US_PR_2017",2003-03-01,32.1,"C"
"QROO_WILMA","3","WILMA_QROO_2005",2003-03-01,33,"C"
"TX_US_HARVEY","6","HARVEY_US_TX_2017",2003-03-01,23.9,"WG"
"TX_US_IKE","4","IKE_US_TX_2008",2003-03-01,22,"SUS"
"TX_US_RITA","4","RITA_US_TX_2005",2003-03-01,22.2,"SUS"
"US_FL_DELTA","4","DELTA_US_LA_2020",2003-03-01,21.5,"SUS"
"US_FL_DENNIS","4","DENNIS_US_FL_2005",2003-03-01,21.9,"SUS"
"VER_MX_KARL","5","KARL_MX_VER_2010",2003-03-01,32.3,"SG"
"YUC_DELTA","5","DELTA_YUCATAN_MX_2020",2003-03-01,34.1,"SG"
"YUC_MX_EMILY","5","EMILY_MX_YUC_2005",2003-03-01,34.8,"SG"
"YUC_MX_ISIDORE","5","ISIDORE_MX_YUC_2002",2003-03-01,35.4,"SG"
"AL_US_IVAN","4","IVAN_US_AL_2004",2003-04-01,25.6,"SUS"
"AL_US_SALLY","4","SALLY_US_AL_2020",2003-04-01,25.1,"SUS"
"ALEX","6","ALEX_2010",2003-04-01,33.8,"WG"
"BELICE_RICHARD","3","RICHARD_BELICE_2010",2003-04-01,33.1,"C"
"BELIZE_IRIS","2","IRIS_BELIZE_2001",2003-04-01,33.5,"CA"
"BETA","2","BETA_2005",2003-04-01,32.1,"CA"
"CR_OTTO","2","OTTO_CR_2016",2003-04-01,33.5,"CA"
"CUBA_DENNIS","3","DENNIS_CUBA_2005",2003-04-01,32,"C"
"CUBA_GUSTAV","3","GUSTAV_CUBA_2008",2003-04-01,30.4,"C"
"CUBA_IAN","3","IAN_CUBA_2022",2003-04-01,30.3,"C"
"CUBA_MICHELLE","3","MICHELLE_CUBA_2001",2003-04-01,32,"C"
"CUBA_PALOMA","3","PALOMA_CUBA_2008",2003-04-01,32.5,"C"
"CUBA_SANDY","3","SANDY_CUBA_2012",2003-04-01,32.4,"C"
"DEAN_QROO_MX","5","DEAN_QROO_MX_2007",2003-04-01,34.1,"SG"
"FL_US_CHARLEY","1","CHARLEY_2004",2003-04-01,29.1,"FP"
"FL_US_FRANCES","1","FRANCES_US_FL_2004",2003-04-01,28.8,"FP"
"FL_US_IAN","1","IAN_US_FL_2022",2003-04-01,29.2,"FP"
"FL_US_IRMA","1","IRMA_US_FL_2017",2003-04-01,29.4,"FP"
"FL_US_JEANNE","1","JEANNE_US_FL_2004",2003-04-01,28.8,"FP"
"FL_US_MICHAEL","4","MICHAEL_US_FL_2018",2003-04-01,25.7,"SUS"
"FL_US_WILMA","1","WILMA_US_FL_2005",2003-04-01,29,"FP"
"LA_US_GUSTAV","4","GUSTAV_US_LA_2008",2003-04-01,25.8,"SUS"
"LA_US_IDA","4","IDA_US_LA_2009",2003-04-01,26.1,"SUS"
"LA_US_KATRINA","4","KATRINA_US_LA_2005",2003-04-01,25.7,"SUS"
"LA_US_LAURA","4","LAURA_US_LA_2020",2003-04-01,26.3,"SUS"
"LA_US_ZETA","4","ZETA_US_LA_2020",2003-04-01,26.6,"SUS"
"MX_ERNESTO","5","ERNESTO_MX_2012",2003-04-01,34.1,"SG"
"MX_GRACE","3","GRACE_MX_2021",2003-04-01,32.5,"C"
"MX_TAMPS_EMILY","6","EMILY_TAMPS_MX_2005",2003-04-01,32.3,"WG"
"NC_US_ISABEL","4","ISABEL_US_NC_2003",2003-04-01,21.6,"SUS"
"NIC_ETA","2","ETA_NIC_2020",2003-04-01,32.7,"CA"
"NIC_FELIX","2","FELIX_NIC_2007",2003-04-01,32.5,"CA"
"NIC_IOTA","2","IOTA_NIC_2020",2003-04-01,32.7,"CA"
"PR_USA_MARIA","3","MARIA_US_PR_2017",2003-04-01,31,"C"
"QROO_WILMA","3","WILMA_QROO_2005",2003-04-01,32.3,"C"
"TX_US_HARVEY","6","HARVEY_US_TX_2017",2003-04-01,28.5,"WG"
"TX_US_IKE","4","IKE_US_TX_2008",2003-04-01,26.9,"SUS"
"TX_US_RITA","4","RITA_US_TX_2005",2003-04-01,27,"SUS"
"US_FL_DELTA","4","DELTA_US_LA_2020",2003-04-01,26,"SUS"
"US_FL_DENNIS","4","DENNIS_US_FL_2005",2003-04-01,25.6,"SUS"
"VER_MX_KARL","5","KARL_MX_VER_2010",2003-04-01,35.5,"SG"
"YUC_DELTA","5","DELTA_YUCATAN_MX_2020",2003-04-01,33.8,"SG"
"YUC_MX_EMILY","5","EMILY_MX_YUC_2005",2003-04-01,34.6,"SG"
"YUC_MX_ISIDORE","5","ISIDORE_MX_YUC_2002",2003-04-01,35.6,"SG"
"AL_US_IVAN","4","IVAN_US_AL_2004",2003-05-01,29.7,"SUS"
"AL_US_SALLY","4","SALLY_US_AL_2020",2003-05-01,29.3,"SUS"
"ALEX","6","ALEX_2010",2003-05-01,38.1,"WG"
"BELICE_RICHARD","3","RICHARD_BELICE_2010",2003-05-01,33.9,"C"
"BELIZE_IRIS","2","IRIS_BELIZE_2001",2003-05-01,33.9,"CA"
"BETA","2","BETA_2005",2003-05-01,31.7,"CA"
"CR_OTTO","2","OTTO_CR_2016",2003-05-01,32.2,"CA"
"CUBA_DENNIS","3","DENNIS_CUBA_2005",2003-05-01,33.3,"C"
"CUBA_GUSTAV","3","GUSTAV_CUBA_2008",2003-05-01,32.5,"C"
"CUBA_IAN","3","IAN_CUBA_2022",2003-05-01,32.5,"C"
"CUBA_MICHELLE","3","MICHELLE_CUBA_2001",2003-05-01,33.2,"C"
"CUBA_PALOMA","3","PALOMA_CUBA_2008",2003-05-01,33,"C"
"CUBA_SANDY","3","SANDY_CUBA_2012",2003-05-01,32.9,"C"
"DEAN_QROO_MX","5","DEAN_QROO_MX_2007",2003-05-01,35.7,"SG"
"FL_US_CHARLEY","1","CHARLEY_2004",2003-05-01,32.8,"FP"
"FL_US_FRANCES","1","FRANCES_US_FL_2004",2003-05-01,32.4,"FP"
"FL_US_IAN","1","IAN_US_FL_2022",2003-05-01,32.9,"FP"
"FL_US_IRMA","1","IRMA_US_FL_2017",2003-05-01,32.9,"FP"
"FL_US_JEANNE","1","JEANNE_US_FL_2004",2003-05-01,32.4,"FP"
"FL_US_MICHAEL","4","MICHAEL_US_FL_2018",2003-05-01,30,"SUS"
"FL_US_WILMA","1","WILMA_US_FL_2005",2003-05-01,32.5,"FP"
"LA_US_GUSTAV","4","GUSTAV_US_LA_2008",2003-05-01,30.3,"SUS"
"LA_US_IDA","4","IDA_US_LA_2009",2003-05-01,30.6,"SUS"
"LA_US_KATRINA","4","KATRINA_US_LA_2005",2003-05-01,30,"SUS"
"LA_US_LAURA","4","LAURA_US_LA_2020",2003-05-01,31,"SUS"
"LA_US_ZETA","4","ZETA_US_LA_2020",2003-05-01,30.7,"SUS"
"MX_ERNESTO","5","ERNESTO_MX_2012",2003-05-01,35.7,"SG"
"MX_GRACE","3","GRACE_MX_2021",2003-05-01,36.2,"C"
"MX_TAMPS_EMILY","6","EMILY_TAMPS_MX_2005",2003-05-01,37,"WG"
"NC_US_ISABEL","4","ISABEL_US_NC_2003",2003-05-01,25.1,"SUS"
"NIC_ETA","2","ETA_NIC_2020",2003-05-01,32.8,"CA"
"NIC_FELIX","2","FELIX_NIC_2007",2003-05-01,32.6,"CA"
"NIC_IOTA","2","IOTA_NIC_2020",2003-05-01,32.8,"CA"
"PR_USA_MARIA","3","MARIA_US_PR_2017",2003-05-01,32,"C"
"QROO_WILMA","3","WILMA_QROO_2005",2003-05-01,34.3,"C"
"TX_US_HARVEY","6","HARVEY_US_TX_2017",2003-05-01,33.1,"WG"
"TX_US_IKE","4","IKE_US_TX_2008",2003-05-01,31.7,"SUS"
"TX_US_RITA","4","RITA_US_TX_2005",2003-05-01,31.8,"SUS"
"US_FL_DELTA","4","DELTA_US_LA_2020",2003-05-01,30.7,"SUS"
"US_FL_DENNIS","4","DENNIS_US_FL_2005",2003-05-01,29.6,"SUS"
"VER_MX_KARL","5","KARL_MX_VER_2010",2003-05-01,38.2,"SG"
"YUC_DELTA","5","DELTA_YUCATAN_MX_2020",2003-05-01,35.6,"SG"
"YUC_MX_EMILY","5","EMILY_MX_YUC_2005",2003-05-01,36.4,"SG"
"YUC_MX_ISIDORE","5","ISIDORE_MX_YUC_2002",2003-05-01,37.6,"SG"
"AL_US_IVAN","4","IVAN_US_AL_2004",2003-06-01,30.8,"SUS"
"AL_US_SALLY","4","SALLY_US_AL_2020",2003-06-01,30.2,"SUS"
"ALEX","6","ALEX_2010",2003-06-01,37.6,"WG"
"BELICE_RICHARD","3","RICHARD_BELICE_2010",2003-06-01,33.2,"C"
"BELIZE_IRIS","2","IRIS_BELIZE_2001",2003-06-01,33.5,"CA"
"BETA","2","BETA_2005",2003-06-01,29.9,"CA"
"CR_OTTO","2","OTTO_CR_2016",2003-06-01,30.8,"CA"
"CUBA_DENNIS","3","DENNIS_CUBA_2005",2003-06-01,32.8,"C"
"CUBA_GUSTAV","3","GUSTAV_CUBA_2008",2003-06-01,32.1,"C"
"CUBA_IAN","3","IAN_CUBA_2022",2003-06-01,32.1,"C"
"CUBA_MICHELLE","3","MICHELLE_CUBA_2001",2003-06-01,32.8,"C"
"CUBA_PALOMA","3","PALOMA_CUBA_2008",2003-06-01,32.9,"C"
"CUBA_SANDY","3","SANDY_CUBA_2012",2003-06-01,33.5,"C"
"DEAN_QROO_MX","5","DEAN_QROO_MX_2007",2003-06-01,34.1,"SG"
"FL_US_CHARLEY","1","CHARLEY_2004",2003-06-01,32.6,"FP"
"FL_US_FRANCES","1","FRANCES_US_FL_2004",2003-06-01,32.5,"FP"
"FL_US_IAN","1","IAN_US_FL_2022",2003-06-01,32.7,"FP"
"FL_US_IRMA","1","IRMA_US_FL_2017",2003-06-01,32.8,"FP"
"FL_US_JEANNE","1","JEANNE_US_FL_2004",2003-06-01,32.5,"FP"
"FL_US_MICHAEL","4","MICHAEL_US_FL_2018",2003-06-01,30.9,"SUS"
"FL_US_WILMA","1","WILMA_US_FL_2005",2003-06-01,32.4,"FP"
"LA_US_GUSTAV","4","GUSTAV_US_LA_2008",2003-06-01,31,"SUS"
"LA_US_IDA","4","IDA_US_LA_2009",2003-06-01,31.3,"SUS"
"LA_US_KATRINA","4","KATRINA_US_LA_2005",2003-06-01,30.9,"SUS"
"LA_US_LAURA","4","LAURA_US_LA_2020",2003-06-01,32.1,"SUS"
"LA_US_ZETA","4","ZETA_US_LA_2020",2003-06-01,31,"SUS"
"MX_ERNESTO","5","ERNESTO_MX_2012",2003-06-01,34.1,"SG"
"MX_GRACE","3","GRACE_MX_2021",2003-06-01,34.7,"C"
"MX_TAMPS_EMILY","6","EMILY_TAMPS_MX_2005",2003-06-01,36.8,"WG"
"NC_US_ISABEL","4","ISABEL_US_NC_2003",2003-06-01,28.8,"SUS"
"NIC_ETA","2","ETA_NIC_2020",2003-06-01,30.6,"CA"
"NIC_FELIX","2","FELIX_NIC_2007",2003-06-01,30.7,"CA"
"NIC_IOTA","2","IOTA_NIC_2020",2003-06-01,30.6,"CA"
"PR_USA_MARIA","3","MARIA_US_PR_2017",2003-06-01,32,"C"
"QROO_WILMA","3","WILMA_QROO_2005",2003-06-01,33.6,"C"
"TX_US_HARVEY","6","HARVEY_US_TX_2017",2003-06-01,34,"WG"
"TX_US_IKE","4","IKE_US_TX_2008",2003-06-01,32.8,"SUS"
"TX_US_RITA","4","RITA_US_TX_2005",2003-06-01,32.7,"SUS"
"US_FL_DELTA","4","DELTA_US_LA_2020",2003-06-01,31.8,"SUS"
"US_FL_DENNIS","4","DENNIS_US_FL_2005",2003-06-01,30.8,"SUS"
"VER_MX_KARL","5","KARL_MX_VER_2010",2003-06-01,34.7,"SG"
"YUC_DELTA","5","DELTA_YUCATAN_MX_2020",2003-06-01,34.3,"SG"
"YUC_MX_EMILY","5","EMILY_MX_YUC_2005",2003-06-01,34.9,"SG"
"YUC_MX_ISIDORE","5","ISIDORE_MX_YUC_2002",2003-06-01,35.6,"SG"
"AL_US_IVAN","4","IVAN_US_AL_2004",2003-07-01,32.4,"SUS"
"AL_US_SALLY","4","SALLY_US_AL_2020",2003-07-01,31.7,"SUS"
"ALEX","6","ALEX_2010",2003-07-01,35.9,"WG"
"BELICE_RICHARD","3","RICHARD_BELICE_2010",2003-07-01,31.9,"C"
"BELIZE_IRIS","2","IRIS_BELIZE_2001",2003-07-01,31.4,"CA"
"BETA","2","BETA_2005",2003-07-01,29.5,"CA"
"CR_OTTO","2","OTTO_CR_2016",2003-07-01,30.9,"CA"
"CUBA_DENNIS","3","DENNIS_CUBA_2005",2003-07-01,33.7,"C"
"CUBA_GUSTAV","3","GUSTAV_CUBA_2008",2003-07-01,32.6,"C"
"CUBA_IAN","3","IAN_CUBA_2022",2003-07-01,32.5,"C"
"CUBA_MICHELLE","3","MICHELLE_CUBA_2001",2003-07-01,33.7,"C"
"CUBA_PALOMA","3","PALOMA_CUBA_2008",2003-07-01,33.9,"C"
"CUBA_SANDY","3","SANDY_CUBA_2012",2003-07-01,34.1,"C"
"DEAN_QROO_MX","5","DEAN_QROO_MX_2007",2003-07-01,33.1,"SG"
"FL_US_CHARLEY","1","CHARLEY_2004",2003-07-01,33.4,"FP"
"FL_US_FRANCES","1","FRANCES_US_FL_2004",2003-07-01,33.5,"FP"
"FL_US_IAN","1","IAN_US_FL_2022",2003-07-01,33.7,"FP"
"FL_US_IRMA","1","IRMA_US_FL_2017",2003-07-01,33.6,"FP"
"FL_US_JEANNE","1","JEANNE_US_FL_2004",2003-07-01,33.5,"FP"
"FL_US_MICHAEL","4","MICHAEL_US_FL_2018",2003-07-01,32,"SUS"
"FL_US_WILMA","1","WILMA_US_FL_2005",2003-07-01,33.3,"FP"
"LA_US_GUSTAV","4","GUSTAV_US_LA_2008",2003-07-01,31.9,"SUS"
"LA_US_IDA","4","IDA_US_LA_2009",2003-07-01,32.3,"SUS"
"LA_US_KATRINA","4","KATRINA_US_LA_2005",2003-07-01,32.5,"SUS"
"LA_US_LAURA","4","LAURA_US_LA_2020",2003-07-01,33.3,"SUS"
"LA_US_ZETA","4","ZETA_US_LA_2020",2003-07-01,32.4,"SUS"
"MX_ERNESTO","5","ERNESTO_MX_2012",2003-07-01,33,"SG"
"MX_GRACE","3","GRACE_MX_2021",2003-07-01,33.4,"C"
"MX_TAMPS_EMILY","6","EMILY_TAMPS_MX_2005",2003-07-01,35.3,"WG"
"NC_US_ISABEL","4","ISABEL_US_NC_2003",2003-07-01,30.9,"SUS"
"NIC_ETA","2","ETA_NIC_2020",2003-07-01,30.2,"CA"
"NIC_FELIX","2","FELIX_NIC_2007",2003-07-01,30.5,"CA"
"NIC_IOTA","2","IOTA_NIC_2020",2003-07-01,30.3,"CA"
"PR_USA_MARIA","3","MARIA_US_PR_2017",2003-07-01,32,"C"
"QROO_WILMA","3","WILMA_QROO_2005",2003-07-01,33.6,"C"
"TX_US_HARVEY","6","HARVEY_US_TX_2017",2003-07-01,33.9,"WG"
"TX_US_IKE","4","IKE_US_TX_2008",2003-07-01,34,"SUS"
"TX_US_RITA","4","RITA_US_TX_2005",2003-07-01,33.9,"SUS"
"US_FL_DELTA","4","DELTA_US_LA_2020",2003-07-01,32.9,"SUS"
"US_FL_DENNIS","4","DENNIS_US_FL_2005",2003-07-01,32.4,"SUS"
"VER_MX_KARL","5","KARL_MX_VER_2010",2003-07-01,32.5,"SG"
"YUC_DELTA","5","DELTA_YUCATAN_MX_2020",2003-07-01,33.6,"SG"
"YUC_MX_EMILY","5","EMILY_MX_YUC_2005",2003-07-01,34,"SG"
"YUC_MX_ISIDORE","5","ISIDORE_MX_YUC_2002",2003-07-01,34,"SG"
"AL_US_IVAN","4","IVAN_US_AL_2004",2003-08-01,32.8,"SUS"
"AL_US_SALLY","4","SALLY_US_AL_2020",2003-08-01,32.1,"SUS"
"ALEX","6","ALEX_2010",2003-08-01,36.1,"WG"
"BELICE_RICHARD","3","RICHARD_BELICE_2010",2003-08-01,33,"C"
"BELIZE_IRIS","2","IRIS_BELIZE_2001",2003-08-01,32.5,"CA"
"BETA","2","BETA_2005",2003-08-01,29.4,"CA"
"CR_OTTO","2","OTTO_CR_2016",2003-08-01,30.6,"CA"
"CUBA_DENNIS","3","DENNIS_CUBA_2005",2003-08-01,33.9,"C"
"CUBA_GUSTAV","3","GUSTAV_CUBA_2008",2003-08-01,32.8,"C"
"CUBA_IAN","3","IAN_CUBA_2022",2003-08-01,32.9,"C"
"CUBA_MICHELLE","3","MICHELLE_CUBA_2001",2003-08-01,33.9,"C"
"CUBA_PALOMA","3","PALOMA_CUBA_2008",2003-08-01,34.1,"C"
"CUBA_SANDY","3","SANDY_CUBA_2012",2003-08-01,34.5,"C"
"DEAN_QROO_MX","5","DEAN_QROO_MX_2007",2003-08-01,34.1,"SG"
"FL_US_CHARLEY","1","CHARLEY_2004",2003-08-01,33,"FP"
"FL_US_FRANCES","1","FRANCES_US_FL_2004",2003-08-01,33,"FP"
"FL_US_IAN","1","IAN_US_FL_2022",2003-08-01,33.2,"FP"
"FL_US_IRMA","1","IRMA_US_FL_2017",2003-08-01,33.3,"FP"
"FL_US_JEANNE","1","JEANNE_US_FL_2004",2003-08-01,33,"FP"
"FL_US_MICHAEL","4","MICHAEL_US_FL_2018",2003-08-01,32.4,"SUS"
"FL_US_WILMA","1","WILMA_US_FL_2005",2003-08-01,33.2,"FP"
"LA_US_GUSTAV","4","GUSTAV_US_LA_2008",2003-08-01,32.7,"SUS"
"LA_US_IDA","4","IDA_US_LA_2009",2003-08-01,33,"SUS"
"LA_US_KATRINA","4","KATRINA_US_LA_2005",2003-08-01,33.2,"SUS"
"LA_US_LAURA","4","LAURA_US_LA_2020",2003-08-01,34.3,"SUS"
"LA_US_ZETA","4","ZETA_US_LA_2020",2003-08-01,33.2,"SUS"
"MX_ERNESTO","5","ERNESTO_MX_2012",2003-08-01,34,"SG"
"MX_GRACE","3","GRACE_MX_2021",2003-08-01,33.4,"C"
"MX_TAMPS_EMILY","6","EMILY_TAMPS_MX_2005",2003-08-01,35.8,"WG"
"NC_US_ISABEL","4","ISABEL_US_NC_2003",2003-08-01,31.1,"SUS"
"NIC_ETA","2","ETA_NIC_2020",2003-08-01,30.5,"CA"
"NIC_FELIX","2","FELIX_NIC_2007",2003-08-01,30.5,"CA"
"NIC_IOTA","2","IOTA_NIC_2020",2003-08-01,30.5,"CA"
"PR_USA_MARIA","3","MARIA_US_PR_2017",2003-08-01,32.2,"C"
"QROO_WILMA","3","WILMA_QROO_2005",2003-08-01,34.2,"C"
"TX_US_HARVEY","6","HARVEY_US_TX_2017",2003-08-01,35.6,"WG"
"TX_US_IKE","4","IKE_US_TX_2008",2003-08-01,35.1,"SUS"
"TX_US_RITA","4","RITA_US_TX_2005",2003-08-01,34.7,"SUS"
"US_FL_DELTA","4","DELTA_US_LA_2020",2003-08-01,33.7,"SUS"
"US_FL_DENNIS","4","DENNIS_US_FL_2005",2003-08-01,32.8,"SUS"
"VER_MX_KARL","5","KARL_MX_VER_2010",2003-08-01,33.1,"SG"
"YUC_DELTA","5","DELTA_YUCATAN_MX_2020",2003-08-01,34.2,"SG"
"YUC_MX_EMILY","5","EMILY_MX_YUC_2005",2003-08-01,34.7,"SG"
"YUC_MX_ISIDORE","5","ISIDORE_MX_YUC_2002",2003-08-01,34.9,"SG"
"AL_US_IVAN","4","IVAN_US_AL_2004",2003-09-01,30.5,"SUS"
"AL_US_SALLY","4","SALLY_US_AL_2020",2003-09-01,30.2,"SUS"
"ALEX","6","ALEX_2010",2003-09-01,32.8,"WG"
"BELICE_RICHARD","3","RICHARD_BELICE_2010",2003-09-01,33.1,"C"
"BELIZE_IRIS","2","IRIS_BELIZE_2001",2003-09-01,32.7,"CA"
"BETA","2","BETA_2005",2003-09-01,30.4,"CA"
"CR_OTTO","2","OTTO_CR_2016",2003-09-01,31,"CA"
"CUBA_DENNIS","3","DENNIS_CUBA_2005",2003-09-01,33.6,"C"
"CUBA_GUSTAV","3","GUSTAV_CUBA_2008",2003-09-01,32.4,"C"
"CUBA_IAN","3","IAN_CUBA_2022",2003-09-01,32.5,"C"
"CUBA_MICHELLE","3","MICHELLE_CUBA_2001",2003-09-01,33.6,"C"
"CUBA_PALOMA","3","PALOMA_CUBA_2008",2003-09-01,33.8,"C"
"CUBA_SANDY","3","SANDY_CUBA_2012",2003-09-01,34.5,"C"
"DEAN_QROO_MX","5","DEAN_QROO_MX_2007",2003-09-01,33.8,"SG"
"FL_US_CHARLEY","1","CHARLEY_2004",2003-09-01,32.4,"FP"
"FL_US_FRANCES","1","FRANCES_US_FL_2004",2003-09-01,32.2,"FP"
"FL_US_IAN","1","IAN_US_FL_2022",2003-09-01,32.5,"FP"
"FL_US_IRMA","1","IRMA_US_FL_2017",2003-09-01,32.8,"FP"
"FL_US_JEANNE","1","JEANNE_US_FL_2004",2003-09-01,32.2,"FP"
"FL_US_MICHAEL","4","MICHAEL_US_FL_2018",2003-09-01,30.8,"SUS"
"FL_US_WILMA","1","WILMA_US_FL_2005",2003-09-01,32.7,"FP"
"LA_US_GUSTAV","4","GUSTAV_US_LA_2008",2003-09-01,30.3,"SUS"
"LA_US_IDA","4","IDA_US_LA_2009",2003-09-01,30.5,"SUS"
"LA_US_KATRINA","4","KATRINA_US_LA_2005",2003-09-01,30.7,"SUS"
"LA_US_LAURA","4","LAURA_US_LA_2020",2003-09-01,30.5,"SUS"
"LA_US_ZETA","4","ZETA_US_LA_2020",2003-09-01,30.7,"SUS"
"MX_ERNESTO","5","ERNESTO_MX_2012",2003-09-01,33.8,"SG"
"MX_GRACE","3","GRACE_MX_2021",2003-09-01,31.2,"C"
"MX_TAMPS_EMILY","6","EMILY_TAMPS_MX_2005",2003-09-01,32.3,"WG"
"NC_US_ISABEL","4","ISABEL_US_NC_2003",2003-09-01,27.7,"SUS"
"NIC_ETA","2","ETA_NIC_2020",2003-09-01,31.4,"CA"
"NIC_FELIX","2","FELIX_NIC_2007",2003-09-01,31.4,"CA"
"NIC_IOTA","2","IOTA_NIC_2020",2003-09-01,31.4,"CA"
"PR_USA_MARIA","3","MARIA_US_PR_2017",2003-09-01,33,"C"
"QROO_WILMA","3","WILMA_QROO_2005",2003-09-01,33.6,"C"
"TX_US_HARVEY","6","HARVEY_US_TX_2017",2003-09-01,31.6,"WG"
"TX_US_IKE","4","IKE_US_TX_2008",2003-09-01,30.7,"SUS"
"TX_US_RITA","4","RITA_US_TX_2005",2003-09-01,31.1,"SUS"
"US_FL_DELTA","4","DELTA_US_LA_2020",2003-09-01,30.6,"SUS"
"US_FL_DENNIS","4","DENNIS_US_FL_2005",2003-09-01,30.5,"SUS"
"VER_MX_KARL","5","KARL_MX_VER_2010",2003-09-01,31.8,"SG"
"YUC_DELTA","5","DELTA_YUCATAN_MX_2020",2003-09-01,33.6,"SG"
"YUC_MX_EMILY","5","EMILY_MX_YUC_2005",2003-09-01,34.2,"SG"
"YUC_MX_ISIDORE","5","ISIDORE_MX_YUC_2002",2003-09-01,34.3,"SG"
"AL_US_IVAN","4","IVAN_US_AL_2004",2003-10-01,26.7,"SUS"
"AL_US_SALLY","4","SALLY_US_AL_2020",2003-10-01,26.2,"SUS"
"ALEX","6","ALEX_2010",2003-10-01,31.2,"WG"
"BELICE_RICHARD","3","RICHARD_BELICE_2010",2003-10-01,32.2,"C"
"BELIZE_IRIS","2","IRIS_BELIZE_2001",2003-10-01,31.2,"CA"
"BETA","2","BETA_2005",2003-10-01,30.3,"CA"
"CR_OTTO","2","OTTO_CR_2016",2003-10-01,30.6,"CA"
"CUBA_DENNIS","3","DENNIS_CUBA_2005",2003-10-01,32.7,"C"
"CUBA_GUSTAV","3","GUSTAV_CUBA_2008",2003-10-01,31.7,"C"
"CUBA_IAN","3","IAN_CUBA_2022",2003-10-01,31.6,"C"
"CUBA_MICHELLE","3","MICHELLE_CUBA_2001",2003-10-01,32.7,"C"
"CUBA_PALOMA","3","PALOMA_CUBA_2008",2003-10-01,32.2,"C"
"CUBA_SANDY","3","SANDY_CUBA_2012",2003-10-01,32.9,"C"
"DEAN_QROO_MX","5","DEAN_QROO_MX_2007",2003-10-01,32.3,"SG"
"FL_US_CHARLEY","1","CHARLEY_2004",2003-10-01,31.2,"FP"
"FL_US_FRANCES","1","FRANCES_US_FL_2004",2003-10-01,30.7,"FP"
"FL_US_IAN","1","IAN_US_FL_2022",2003-10-01,31.3,"FP"
"FL_US_IRMA","1","IRMA_US_FL_2017",2003-10-01,31.6,"FP"
"FL_US_JEANNE","1","JEANNE_US_FL_2004",2003-10-01,30.8,"FP"
"FL_US_MICHAEL","4","MICHAEL_US_FL_2018",2003-10-01,27.2,"SUS"
"FL_US_WILMA","1","WILMA_US_FL_2005",2003-10-01,31.5,"FP"
"LA_US_GUSTAV","4","GUSTAV_US_LA_2008",2003-10-01,27.6,"SUS"
"LA_US_IDA","4","IDA_US_LA_2009",2003-10-01,27.6,"SUS"
"LA_US_KATRINA","4","KATRINA_US_LA_2005",2003-10-01,28.2,"SUS"
"LA_US_LAURA","4","LAURA_US_LA_2020",2003-10-01,27.8,"SUS"
"LA_US_ZETA","4","ZETA_US_LA_2020",2003-10-01,27.6,"SUS"
"MX_ERNESTO","5","ERNESTO_MX_2012",2003-10-01,32.3,"SG"
"MX_GRACE","3","GRACE_MX_2021",2003-10-01,30.2,"C"
"MX_TAMPS_EMILY","6","EMILY_TAMPS_MX_2005",2003-10-01,30.8,"WG"
"NC_US_ISABEL","4","ISABEL_US_NC_2003",2003-10-01,22.9,"SUS"
"NIC_ETA","2","ETA_NIC_2020",2003-10-01,30.9,"CA"
"NIC_FELIX","2","FELIX_NIC_2007",2003-10-01,30.8,"CA"
"NIC_IOTA","2","IOTA_NIC_2020",2003-10-01,30.9,"CA"
"PR_USA_MARIA","3","MARIA_US_PR_2017",2003-10-01,33,"C"
"QROO_WILMA","3","WILMA_QROO_2005",2003-10-01,32.3,"C"
"TX_US_HARVEY","6","HARVEY_US_TX_2017",2003-10-01,29.5,"WG"
"TX_US_IKE","4","IKE_US_TX_2008",2003-10-01,28.6,"SUS"
"TX_US_RITA","4","RITA_US_TX_2005",2003-10-01,28.6,"SUS"
"US_FL_DELTA","4","DELTA_US_LA_2020",2003-10-01,27.7,"SUS"
"US_FL_DENNIS","4","DENNIS_US_FL_2005",2003-10-01,26.3,"SUS"
"VER_MX_KARL","5","KARL_MX_VER_2010",2003-10-01,31.2,"SG"
"YUC_DELTA","5","DELTA_YUCATAN_MX_2020",2003-10-01,32.3,"SG"
"YUC_MX_EMILY","5","EMILY_MX_YUC_2005",2003-10-01,33,"SG"
"YUC_MX_ISIDORE","5","ISIDORE_MX_YUC_2002",2003-10-01,32.6,"SG"
"AL_US_IVAN","4","IVAN_US_AL_2004",2003-11-01,23.9,"SUS"
"AL_US_SALLY","4","SALLY_US_AL_2020",2003-11-01,23.6,"SUS"
"ALEX","6","ALEX_2010",2003-11-01,29.4,"WG"
"BELICE_RICHARD","3","RICHARD_BELICE_2010",2003-11-01,29.6,"C"
"BELIZE_IRIS","2","IRIS_BELIZE_2001",2003-11-01,29,"CA"
"BETA","2","BETA_2005",2003-11-01,29.1,"CA"
"CR_OTTO","2","OTTO_CR_2016",2003-11-01,29.8,"CA"
"CUBA_DENNIS","3","DENNIS_CUBA_2005",2003-11-01,30.7,"C"
"CUBA_GUSTAV","3","GUSTAV_CUBA_2008",2003-11-01,29.9,"C"
"CUBA_IAN","3","IAN_CUBA_2022",2003-11-01,29.6,"C"
"CUBA_MICHELLE","3","MICHELLE_CUBA_2001",2003-11-01,30.6,"C"
"CUBA_PALOMA","3","PALOMA_CUBA_2008",2003-11-01,31.3,"C"
"CUBA_SANDY","3","SANDY_CUBA_2012",2003-11-01,31.9,"C"
"DEAN_QROO_MX","5","DEAN_QROO_MX_2007",2003-11-01,29.9,"SG"
"FL_US_CHARLEY","1","CHARLEY_2004",2003-11-01,28.7,"FP"
"FL_US_FRANCES","1","FRANCES_US_FL_2004",2003-11-01,28.1,"FP"
"FL_US_IAN","1","IAN_US_FL_2022",2003-11-01,29,"FP"
"FL_US_IRMA","1","IRMA_US_FL_2017",2003-11-01,29.4,"FP"
"FL_US_JEANNE","1","JEANNE_US_FL_2004",2003-11-01,28.2,"FP"
"FL_US_MICHAEL","4","MICHAEL_US_FL_2018",2003-11-01,25,"SUS"
"FL_US_WILMA","1","WILMA_US_FL_2005",2003-11-01,29.2,"FP"
"LA_US_GUSTAV","4","GUSTAV_US_LA_2008",2003-11-01,25.4,"SUS"
"LA_US_IDA","4","IDA_US_LA_2009",2003-11-01,25.4,"SUS"
"LA_US_KATRINA","4","KATRINA_US_LA_2005",2003-11-01,25.7,"SUS"
"LA_US_LAURA","4","LAURA_US_LA_2020",2003-11-01,24.4,"SUS"
"LA_US_ZETA","4","ZETA_US_LA_2020",2003-11-01,25.2,"SUS"
"MX_ERNESTO","5","ERNESTO_MX_2012",2003-11-01,29.9,"SG"
"MX_GRACE","3","GRACE_MX_2021",2003-11-01,28.3,"C"
"MX_TAMPS_EMILY","6","EMILY_TAMPS_MX_2005",2003-11-01,28.7,"WG"
"NC_US_ISABEL","4","ISABEL_US_NC_2003",2003-11-01,21.6,"SUS"
"NIC_ETA","2","ETA_NIC_2020",2003-11-01,29.6,"CA"
"NIC_FELIX","2","FELIX_NIC_2007",2003-11-01,29.7,"CA"
"NIC_IOTA","2","IOTA_NIC_2020",2003-11-01,29.6,"CA"
"PR_USA_MARIA","3","MARIA_US_PR_2017",2003-11-01,31.1,"C"
"QROO_WILMA","3","WILMA_QROO_2005",2003-11-01,30.2,"C"
"TX_US_HARVEY","6","HARVEY_US_TX_2017",2003-11-01,25.7,"WG"
"TX_US_IKE","4","IKE_US_TX_2008",2003-11-01,24.8,"SUS"
"TX_US_RITA","4","RITA_US_TX_2005",2003-11-01,24.9,"SUS"
"US_FL_DELTA","4","DELTA_US_LA_2020",2003-11-01,24.6,"SUS"
"US_FL_DENNIS","4","DENNIS_US_FL_2005",2003-11-01,23.7,"SUS"
"VER_MX_KARL","5","KARL_MX_VER_2010",2003-11-01,30.7,"SG"
"YUC_DELTA","5","DELTA_YUCATAN_MX_2020",2003-11-01,30.2,"SG"
"YUC_MX_EMILY","5","EMILY_MX_YUC_2005",2003-11-01,30.7,"SG"
"YUC_MX_ISIDORE","5","ISIDORE_MX_YUC_2002",2003-11-01,30.6,"SG"
"AL_US_IVAN","4","IVAN_US_AL_2004",2003-12-01,16.5,"SUS"
"AL_US_SALLY","4","SALLY_US_AL_2020",2003-12-01,16.4,"SUS"
"ALEX","6","ALEX_2010",2003-12-01,26,"WG"
"BELICE_RICHARD","3","RICHARD_BELICE_2010",2003-12-01,28.7,"C"
"BELIZE_IRIS","2","IRIS_BELIZE_2001",2003-12-01,28.4,"CA"
"BETA","2","BETA_2005",2003-12-01,28.4,"CA"
"CR_OTTO","2","OTTO_CR_2016",2003-12-01,30.2,"CA"
"CUBA_DENNIS","3","DENNIS_CUBA_2005",2003-12-01,28.1,"C"
"CUBA_GUSTAV","3","GUSTAV_CUBA_2008",2003-12-01,26.8,"C"
"CUBA_IAN","3","IAN_CUBA_2022",2003-12-01,26.5,"C"
"CUBA_MICHELLE","3","MICHELLE_CUBA_2001",2003-12-01,28.1,"C"
"CUBA_PALOMA","3","PALOMA_CUBA_2008",2003-12-01,28.6,"C"
"CUBA_SANDY","3","SANDY_CUBA_2012",2003-12-01,30.1,"C"
"DEAN_QROO_MX","5","DEAN_QROO_MX_2007",2003-12-01,28.8,"SG"
"FL_US_CHARLEY","1","CHARLEY_2004",2003-12-01,23.8,"FP"
"FL_US_FRANCES","1","FRANCES_US_FL_2004",2003-12-01,23.6,"FP"
"FL_US_IAN","1","IAN_US_FL_2022",2003-12-01,24,"FP"
"FL_US_IRMA","1","IRMA_US_FL_2017",2003-12-01,24.7,"FP"
"FL_US_JEANNE","1","JEANNE_US_FL_2004",2003-12-01,23.8,"FP"
"FL_US_MICHAEL","4","MICHAEL_US_FL_2018",2003-12-01,17.8,"SUS"
"FL_US_WILMA","1","WILMA_US_FL_2005",2003-12-01,24.6,"FP"
"LA_US_GUSTAV","4","GUSTAV_US_LA_2008",2003-12-01,19.3,"SUS"
"LA_US_IDA","4","IDA_US_LA_2009",2003-12-01,19.3,"SUS"
"LA_US_KATRINA","4","KATRINA_US_LA_2005",2003-12-01,18.4,"SUS"
"LA_US_LAURA","4","LAURA_US_LA_2020",2003-12-01,18.6,"SUS"
"LA_US_ZETA","4","ZETA_US_LA_2020",2003-12-01,19,"SUS"
"MX_ERNESTO","5","ERNESTO_MX_2012",2003-12-01,28.6,"SG"
"MX_GRACE","3","GRACE_MX_2021",2003-12-01,25.2,"C"
"MX_TAMPS_EMILY","6","EMILY_TAMPS_MX_2005",2003-12-01,25.5,"WG"
"NC_US_ISABEL","4","ISABEL_US_NC_2003",2003-12-01,13.6,"SUS"
"NIC_ETA","2","ETA_NIC_2020",2003-12-01,28.5,"CA"
"NIC_FELIX","2","FELIX_NIC_2007",2003-12-01,28.9,"CA"
"NIC_IOTA","2","IOTA_NIC_2020",2003-12-01,28.5,"CA"
"PR_USA_MARIA","3","MARIA_US_PR_2017",2003-12-01,30.8,"C"
"QROO_WILMA","3","WILMA_QROO_2005",2003-12-01,28.1,"C"
"TX_US_HARVEY","6","HARVEY_US_TX_2017",2003-12-01,21.7,"WG"
"TX_US_IKE","4","IKE_US_TX_2008",2003-12-01,19.8,"SUS"
"TX_US_RITA","4","RITA_US_TX_2005",2003-12-01,19.4,"SUS"
"US_FL_DELTA","4","DELTA_US_LA_2020",2003-12-01,18.3,"SUS"
"US_FL_DENNIS","4","DENNIS_US_FL_2005",2003-12-01,16.4,"SUS"
"VER_MX_KARL","5","KARL_MX_VER_2010",2003-12-01,28.6,"SG"
"YUC_DELTA","5","DELTA_YUCATAN_MX_2020",2003-12-01,28.5,"SG"
"YUC_MX_EMILY","5","EMILY_MX_YUC_2005",2003-12-01,29.5,"SG"
"YUC_MX_ISIDORE","5","ISIDORE_MX_YUC_2002",2003-12-01,29.1,"SG"
"AL_US_IVAN","4","IVAN_US_AL_2004",2004-01-01,16.3,"SUS"
"AL_US_SALLY","4","SALLY_US_AL_2020",2004-01-01,16.3,"SUS"
"ALEX","6","ALEX_2010",2004-01-01,23.9,"WG"
"BELICE_RICHARD","3","RICHARD_BELICE_2010",2004-01-01,28.4,"C"
"BELIZE_IRIS","2","IRIS_BELIZE_2001",2004-01-01,28.1,"CA"
"BETA","2","BETA_2005",2004-01-01,28.7,"CA"
"CR_OTTO","2","OTTO_CR_2016",2004-01-01,31.5,"CA"
"CUBA_DENNIS","3","DENNIS_CUBA_2005",2004-01-01,28.3,"C"
"CUBA_GUSTAV","3","GUSTAV_CUBA_2008",2004-01-01,27.2,"C"
"CUBA_IAN","3","IAN_CUBA_2022",2004-01-01,26.9,"C"
"CUBA_MICHELLE","3","MICHELLE_CUBA_2001",2004-01-01,28.1,"C"
"CUBA_PALOMA","3","PALOMA_CUBA_2008",2004-01-01,28.5,"C"
"CUBA_SANDY","3","SANDY_CUBA_2012",2004-01-01,30,"C"
"DEAN_QROO_MX","5","DEAN_QROO_MX_2007",2004-01-01,29,"SG"
"FL_US_CHARLEY","1","CHARLEY_2004",2004-01-01,23.6,"FP"
"FL_US_FRANCES","1","FRANCES_US_FL_2004",2004-01-01,23.7,"FP"
"FL_US_IAN","1","IAN_US_FL_2022",2004-01-01,24,"FP"
"FL_US_IRMA","1","IRMA_US_FL_2017",2004-01-01,24.8,"FP"
"FL_US_JEANNE","1","JEANNE_US_FL_2004",2004-01-01,23.9,"FP"
"FL_US_MICHAEL","4","MICHAEL_US_FL_2018",2004-01-01,17.6,"SUS"
"FL_US_WILMA","1","WILMA_US_FL_2005",2004-01-01,24.7,"FP"
"LA_US_GUSTAV","4","GUSTAV_US_LA_2008",2004-01-01,18.8,"SUS"
"LA_US_IDA","4","IDA_US_LA_2009",2004-01-01,18.3,"SUS"
"LA_US_KATRINA","4","KATRINA_US_LA_2005",2004-01-01,17.6,"SUS"
"LA_US_LAURA","4","LAURA_US_LA_2020",2004-01-01,17.2,"SUS"
"LA_US_ZETA","4","ZETA_US_LA_2020",2004-01-01,18.1,"SUS"
"MX_ERNESTO","5","ERNESTO_MX_2012",2004-01-01,28.9,"SG"
"MX_GRACE","3","GRACE_MX_2021",2004-01-01,24,"C"
"MX_TAMPS_EMILY","6","EMILY_TAMPS_MX_2005",2004-01-01,22.6,"WG"
"NC_US_ISABEL","4","ISABEL_US_NC_2003",2004-01-01,11.1,"SUS"
"NIC_ETA","2","ETA_NIC_2020",2004-01-01,28.5,"CA"
"NIC_FELIX","2","FELIX_NIC_2007",2004-01-01,29,"CA"
"NIC_IOTA","2","IOTA_NIC_2020",2004-01-01,28.7,"CA"
"PR_USA_MARIA","3","MARIA_US_PR_2017",2004-01-01,29.9,"C"
"QROO_WILMA","3","WILMA_QROO_2005",2004-01-01,28.5,"C"
"TX_US_HARVEY","6","HARVEY_US_TX_2017",2004-01-01,19.7,"WG"
"TX_US_IKE","4","IKE_US_TX_2008",2004-01-01,18.1,"SUS"
"TX_US_RITA","4","RITA_US_TX_2005",2004-01-01,17.9,"SUS"
"US_FL_DELTA","4","DELTA_US_LA_2020",2004-01-01,16.8,"SUS"
"US_FL_DENNIS","4","DENNIS_US_FL_2005",2004-01-01,16.3,"SUS"
"VER_MX_KARL","5","KARL_MX_VER_2010",2004-01-01,27.4,"SG"
"YUC_DELTA","5","DELTA_YUCATAN_MX_2020",2004-01-01,28.8,"SG"
"YUC_MX_EMILY","5","EMILY_MX_YUC_2005",2004-01-01,29.8,"SG"
"YUC_MX_ISIDORE","5","ISIDORE_MX_YUC_2002",2004-01-01,29.7,"SG"
"AL_US_IVAN","4","IVAN_US_AL_2004",2004-02-01,15.2,"SUS"
"AL_US_SALLY","4","SALLY_US_AL_2020",2004-02-01,15.3,"SUS"
"ALEX","6","ALEX_2010",2004-02-01,26.3,"WG"
"BELICE_RICHARD","3","RICHARD_BELICE_2010",2004-02-01,29.1,"C"
"BELIZE_IRIS","2","IRIS_BELIZE_2001",2004-02-01,30.2,"CA"
"BETA","2","BETA_2005",2004-02-01,29.7,"CA"
"CR_OTTO","2","OTTO_CR_2016",2004-02-01,32,"CA"
"CUBA_DENNIS","3","DENNIS_CUBA_2005",2004-02-01,29.9,"C"
"CUBA_GUSTAV","3","GUSTAV_CUBA_2008",2004-02-01,28.4,"C"
"CUBA_IAN","3","IAN_CUBA_2022",2004-02-01,28.3,"C"
"CUBA_MICHELLE","3","MICHELLE_CUBA_2001",2004-02-01,29.8,"C"
"CUBA_PALOMA","3","PALOMA_CUBA_2008",2004-02-01,29.4,"C"
"CUBA_SANDY","3","SANDY_CUBA_2012",2004-02-01,30.8,"C"
"DEAN_QROO_MX","5","DEAN_QROO_MX_2007",2004-02-01,30.1,"SG"
"FL_US_CHARLEY","1","CHARLEY_2004",2004-02-01,24.7,"FP"
"FL_US_FRANCES","1","FRANCES_US_FL_2004",2004-02-01,24.8,"FP"
"FL_US_IAN","1","IAN_US_FL_2022",2004-02-01,25.1,"FP"
"FL_US_IRMA","1","IRMA_US_FL_2017",2004-02-01,25.8,"FP"
"FL_US_JEANNE","1","JEANNE_US_FL_2004",2004-02-01,24.9,"FP"
"FL_US_MICHAEL","4","MICHAEL_US_FL_2018",2004-02-01,16.4,"SUS"
"FL_US_WILMA","1","WILMA_US_FL_2005",2004-02-01,25.7,"FP"
"LA_US_GUSTAV","4","GUSTAV_US_LA_2008",2004-02-01,16.6,"SUS"
"LA_US_IDA","4","IDA_US_LA_2009",2004-02-01,16.6,"SUS"
"LA_US_KATRINA","4","KATRINA_US_LA_2005",2004-02-01,15.8,"SUS"
"LA_US_LAURA","4","LAURA_US_LA_2020",2004-02-01,16.3,"SUS"
"LA_US_ZETA","4","ZETA_US_LA_2020",2004-02-01,16.3,"SUS"
"MX_ERNESTO","5","ERNESTO_MX_2012",2004-02-01,30.1,"SG"
"MX_GRACE","3","GRACE_MX_2021",2004-02-01,26.4,"C"
"MX_TAMPS_EMILY","6","EMILY_TAMPS_MX_2005",2004-02-01,24.8,"WG"
"NC_US_ISABEL","4","ISABEL_US_NC_2003",2004-02-01,12.4,"SUS"
"NIC_ETA","2","ETA_NIC_2020",2004-02-01,29.8,"CA"
"NIC_FELIX","2","FELIX_NIC_2007",2004-02-01,29.5,"CA"
"NIC_IOTA","2","IOTA_NIC_2020",2004-02-01,30,"CA"
"PR_USA_MARIA","3","MARIA_US_PR_2017",2004-02-01,30.6,"C"
"QROO_WILMA","3","WILMA_QROO_2005",2004-02-01,29.6,"C"
"TX_US_HARVEY","6","HARVEY_US_TX_2017",2004-02-01,19.2,"WG"
"TX_US_IKE","4","IKE_US_TX_2008",2004-02-01,17,"SUS"
"TX_US_RITA","4","RITA_US_TX_2005",2004-02-01,17.1,"SUS"
"US_FL_DELTA","4","DELTA_US_LA_2020",2004-02-01,16,"SUS"
"US_FL_DENNIS","4","DENNIS_US_FL_2005",2004-02-01,15.3,"SUS"
"VER_MX_KARL","5","KARL_MX_VER_2010",2004-02-01,30,"SG"
"YUC_DELTA","5","DELTA_YUCATAN_MX_2020",2004-02-01,30.3,"SG"
"YUC_MX_EMILY","5","EMILY_MX_YUC_2005",2004-02-01,31.2,"SG"
"YUC_MX_ISIDORE","5","ISIDORE_MX_YUC_2002",2004-02-01,31.2,"SG"
"AL_US_IVAN","4","IVAN_US_AL_2004",2004-03-01,24.3,"SUS"
"AL_US_SALLY","4","SALLY_US_AL_2020",2004-03-01,24.2,"SUS"
"ALEX","6","ALEX_2010",2004-03-01,31.1,"WG"
"BELICE_RICHARD","3","RICHARD_BELICE_2010",2004-03-01,30.6,"C"
"BELIZE_IRIS","2","IRIS_BELIZE_2001",2004-03-01,31.1,"CA"
"BETA","2","BETA_2005",2004-03-01,30.7,"CA"
"CR_OTTO","2","OTTO_CR_2016",2004-03-01,33.3,"CA"
"CUBA_DENNIS","3","DENNIS_CUBA_2005",2004-03-01,30.7,"C"
"CUBA_GUSTAV","3","GUSTAV_CUBA_2008",2004-03-01,29.3,"C"
"CUBA_IAN","3","IAN_CUBA_2022",2004-03-01,29.2,"C"
"CUBA_MICHELLE","3","MICHELLE_CUBA_2001",2004-03-01,30.6,"C"
"CUBA_PALOMA","3","PALOMA_CUBA_2008",2004-03-01,31.3,"C"
"CUBA_SANDY","3","SANDY_CUBA_2012",2004-03-01,31.2,"C"
"DEAN_QROO_MX","5","DEAN_QROO_MX_2007",2004-03-01,32.3,"SG"
"FL_US_CHARLEY","1","CHARLEY_2004",2004-03-01,27.2,"FP"
"FL_US_FRANCES","1","FRANCES_US_FL_2004",2004-03-01,27.1,"FP"
"FL_US_IAN","1","IAN_US_FL_2022",2004-03-01,27.5,"FP"
"FL_US_IRMA","1","IRMA_US_FL_2017",2004-03-01,27.8,"FP"
"FL_US_JEANNE","1","JEANNE_US_FL_2004",2004-03-01,27.2,"FP"
"FL_US_MICHAEL","4","MICHAEL_US_FL_2018",2004-03-01,24.7,"SUS"
"FL_US_WILMA","1","WILMA_US_FL_2005",2004-03-01,27.6,"FP"
"LA_US_GUSTAV","4","GUSTAV_US_LA_2008",2004-03-01,24.4,"SUS"
"LA_US_IDA","4","IDA_US_LA_2009",2004-03-01,24.3,"SUS"
"LA_US_KATRINA","4","KATRINA_US_LA_2005",2004-03-01,23.9,"SUS"
"LA_US_LAURA","4","LAURA_US_LA_2020",2004-03-01,24.2,"SUS"
"LA_US_ZETA","4","ZETA_US_LA_2020",2004-03-01,25.5,"SUS"
"MX_ERNESTO","5","ERNESTO_MX_2012",2004-03-01,32.2,"SG"
"MX_GRACE","3","GRACE_MX_2021",2004-03-01,29.7,"C"
"MX_TAMPS_EMILY","6","EMILY_TAMPS_MX_2005",2004-03-01,29.7,"WG"
"NC_US_ISABEL","4","ISABEL_US_NC_2003",2004-03-01,18.2,"SUS"
"NIC_ETA","2","ETA_NIC_2020",2004-03-01,30.8,"CA"
"NIC_FELIX","2","FELIX_NIC_2007",2004-03-01,30.3,"CA"
"NIC_IOTA","2","IOTA_NIC_2020",2004-03-01,30.8,"CA"
"PR_USA_MARIA","3","MARIA_US_PR_2017",2004-03-01,30.2,"C"
"QROO_WILMA","3","WILMA_QROO_2005",2004-03-01,31,"C"
"TX_US_HARVEY","6","HARVEY_US_TX_2017",2004-03-01,26,"WG"
"TX_US_IKE","4","IKE_US_TX_2008",2004-03-01,24.7,"SUS"
"TX_US_RITA","4","RITA_US_TX_2005",2004-03-01,24.9,"SUS"
"US_FL_DELTA","4","DELTA_US_LA_2020",2004-03-01,24.1,"SUS"
"US_FL_DENNIS","4","DENNIS_US_FL_2005",2004-03-01,24.3,"SUS"
"VER_MX_KARL","5","KARL_MX_VER_2010",2004-03-01,33.4,"SG"
"YUC_DELTA","5","DELTA_YUCATAN_MX_2020",2004-03-01,32,"SG"
"YUC_MX_EMILY","5","EMILY_MX_YUC_2005",2004-03-01,32.8,"SG"
"YUC_MX_ISIDORE","5","ISIDORE_MX_YUC_2002",2004-03-01,33.6,"SG"
"AL_US_IVAN","4","IVAN_US_AL_2004",2004-04-01,25.8,"SUS"
"AL_US_SALLY","4","SALLY_US_AL_2020",2004-04-01,25.5,"SUS"
"ALEX","6","ALEX_2010",2004-04-01,31.4,"WG"
"BELICE_RICHARD","3","RICHARD_BELICE_2010",2004-04-01,32.3,"C"
"BELIZE_IRIS","2","IRIS_BELIZE_2001",2004-04-01,33,"CA"
"BETA","2","BETA_2005",2004-04-01,31.8,"CA"
"CR_OTTO","2","OTTO_CR_2016",2004-04-01,33.4,"CA"
"CUBA_DENNIS","3","DENNIS_CUBA_2005",2004-04-01,31.4,"C"
"CUBA_GUSTAV","3","GUSTAV_CUBA_2008",2004-04-01,29.7,"C"
"CUBA_IAN","3","IAN_CUBA_2022",2004-04-01,29.7,"C"
"CUBA_MICHELLE","3","MICHELLE_CUBA_2001",2004-04-01,31.4,"C"
"CUBA_PALOMA","3","PALOMA_CUBA_2008",2004-04-01,31.8,"C"
"CUBA_SANDY","3","SANDY_CUBA_2012",2004-04-01,31.7,"C"
"DEAN_QROO_MX","5","DEAN_QROO_MX_2007",2004-04-01,33.2,"SG"
"FL_US_CHARLEY","1","CHARLEY_2004",2004-04-01,28.8,"FP"
"FL_US_FRANCES","1","FRANCES_US_FL_2004",2004-04-01,28.5,"FP"
"FL_US_IAN","1","IAN_US_FL_2022",2004-04-01,28.9,"FP"
"FL_US_IRMA","1","IRMA_US_FL_2017",2004-04-01,29,"FP"
"FL_US_JEANNE","1","JEANNE_US_FL_2004",2004-04-01,28.5,"FP"
"FL_US_MICHAEL","4","MICHAEL_US_FL_2018",2004-04-01,26.5,"SUS"
"FL_US_WILMA","1","WILMA_US_FL_2005",2004-04-01,28.7,"FP"
"LA_US_GUSTAV","4","GUSTAV_US_LA_2008",2004-04-01,25.3,"SUS"
"LA_US_IDA","4","IDA_US_LA_2009",2004-04-01,25.6,"SUS"
"LA_US_KATRINA","4","KATRINA_US_LA_2005",2004-04-01,25.1,"SUS"
"LA_US_LAURA","4","LAURA_US_LA_2020",2004-04-01,25.5,"SUS"
"LA_US_ZETA","4","ZETA_US_LA_2020",2004-04-01,26.1,"SUS"
"MX_ERNESTO","5","ERNESTO_MX_2012",2004-04-01,33.2,"SG"
"MX_GRACE","3","GRACE_MX_2021",2004-04-01,30.9,"C"
"MX_TAMPS_EMILY","6","EMILY_TAMPS_MX_2005",2004-04-01,29.8,"WG"
"NC_US_ISABEL","4","ISABEL_US_NC_2003",2004-04-01,23.3,"SUS"
"NIC_ETA","2","ETA_NIC_2020",2004-04-01,31.8,"CA"
"NIC_FELIX","2","FELIX_NIC_2007",2004-04-01,31.5,"CA"
"NIC_IOTA","2","IOTA_NIC_2020",2004-04-01,32,"CA"
"PR_USA_MARIA","3","MARIA_US_PR_2017",2004-04-01,30.8,"C"
"QROO_WILMA","3","WILMA_QROO_2005",2004-04-01,31.5,"C"
"TX_US_HARVEY","6","HARVEY_US_TX_2017",2004-04-01,26.8,"WG"
"TX_US_IKE","4","IKE_US_TX_2008",2004-04-01,25.9,"SUS"
"TX_US_RITA","4","RITA_US_TX_2005",2004-04-01,26.2,"SUS"
"US_FL_DELTA","4","DELTA_US_LA_2020",2004-04-01,25.6,"SUS"
"US_FL_DENNIS","4","DENNIS_US_FL_2005",2004-04-01,25.8,"SUS"
"VER_MX_KARL","5","KARL_MX_VER_2010",2004-04-01,34.1,"SG"
"YUC_DELTA","5","DELTA_YUCATAN_MX_2020",2004-04-01,32.9,"SG"
"YUC_MX_EMILY","5","EMILY_MX_YUC_2005",2004-04-01,33.7,"SG"
"YUC_MX_ISIDORE","5","ISIDORE_MX_YUC_2002",2004-04-01,34.7,"SG"
"AL_US_IVAN","4","IVAN_US_AL_2004",2004-05-01,30.1,"SUS"
"AL_US_SALLY","4","SALLY_US_AL_2020",2004-05-01,29.9,"SUS"
"ALEX","6","ALEX_2010",2004-05-01,34.3,"WG"
"BELICE_RICHARD","3","RICHARD_BELICE_2010",2004-05-01,32.2,"C"
"BELIZE_IRIS","2","IRIS_BELIZE_2001",2004-05-01,32.6,"CA"
"BETA","2","BETA_2005",2004-05-01,30.6,"CA"
"CR_OTTO","2","OTTO_CR_2016",2004-05-01,31.7,"CA"
"CUBA_DENNIS","3","DENNIS_CUBA_2005",2004-05-01,32,"C"
"CUBA_GUSTAV","3","GUSTAV_CUBA_2008",2004-05-01,31,"C"
"CUBA_IAN","3","IAN_CUBA_2022",2004-05-01,31,"C"
"CUBA_MICHELLE","3","MICHELLE_CUBA_2001",2004-05-01,31.9,"C"
"CUBA_PALOMA","3","PALOMA_CUBA_2008",2004-05-01,31.9,"C"
"CUBA_SANDY","3","SANDY_CUBA_2012",2004-05-01,31.8,"C"
"DEAN_QROO_MX","5","DEAN_QROO_MX_2007",2004-05-01,33.7,"SG"
"FL_US_CHARLEY","1","CHARLEY_2004",2004-05-01,31.9,"FP"
"FL_US_FRANCES","1","FRANCES_US_FL_2004",2004-05-01,31.6,"FP"
"FL_US_IAN","1","IAN_US_FL_2022",2004-05-01,32,"FP"
"FL_US_IRMA","1","IRMA_US_FL_2017",2004-05-01,31.9,"FP"
"FL_US_JEANNE","1","JEANNE_US_FL_2004",2004-05-01,31.6,"FP"
"FL_US_MICHAEL","4","MICHAEL_US_FL_2018",2004-05-01,31.2,"SUS"
"FL_US_WILMA","1","WILMA_US_FL_2005",2004-05-01,31.4,"FP"
"LA_US_GUSTAV","4","GUSTAV_US_LA_2008",2004-05-01,28.9,"SUS"
"LA_US_IDA","4","IDA_US_LA_2009",2004-05-01,29.3,"SUS"
"LA_US_KATRINA","4","KATRINA_US_LA_2005",2004-05-01,29.2,"SUS"
"LA_US_LAURA","4","LAURA_US_LA_2020",2004-05-01,29.3,"SUS"
"LA_US_ZETA","4","ZETA_US_LA_2020",2004-05-01,29.7,"SUS"
"MX_ERNESTO","5","ERNESTO_MX_2012",2004-05-01,33.7,"SG"
"MX_GRACE","3","GRACE_MX_2021",2004-05-01,32.8,"C"
"MX_TAMPS_EMILY","6","EMILY_TAMPS_MX_2005",2004-05-01,33.5,"WG"
"NC_US_ISABEL","4","ISABEL_US_NC_2003",2004-05-01,29.5,"SUS"
"NIC_ETA","2","ETA_NIC_2020",2004-05-01,30.6,"CA"
"NIC_FELIX","2","FELIX_NIC_2007",2004-05-01,31.4,"CA"
"NIC_IOTA","2","IOTA_NIC_2020",2004-05-01,30.8,"CA"
"PR_USA_MARIA","3","MARIA_US_PR_2017",2004-05-01,31.5,"C"
"QROO_WILMA","3","WILMA_QROO_2005",2004-05-01,32.4,"C"
"TX_US_HARVEY","6","HARVEY_US_TX_2017",2004-05-01,30.3,"WG"
"TX_US_IKE","4","IKE_US_TX_2008",2004-05-01,29.6,"SUS"
"TX_US_RITA","4","RITA_US_TX_2005",2004-05-01,29.8,"SUS"
"US_FL_DELTA","4","DELTA_US_LA_2020",2004-05-01,29.2,"SUS"
"US_FL_DENNIS","4","DENNIS_US_FL_2005",2004-05-01,30.1,"SUS"
"VER_MX_KARL","5","KARL_MX_VER_2010",2004-05-01,34.8,"SG"
"YUC_DELTA","5","DELTA_YUCATAN_MX_2020",2004-05-01,33.5,"SG"
"YUC_MX_EMILY","5","EMILY_MX_YUC_2005",2004-05-01,34.2,"SG"
"YUC_MX_ISIDORE","5","ISIDORE_MX_YUC_2002",2004-05-01,35.2,"SG"
"AL_US_IVAN","4","IVAN_US_AL_2004",2004-06-01,31.6,"SUS"
"AL_US_SALLY","4","SALLY_US_AL_2020",2004-06-01,31.2,"SUS"
"ALEX","6","ALEX_2010",2004-06-01,36.3,"WG"
"BELICE_RICHARD","3","RICHARD_BELICE_2010",2004-06-01,32.7,"C"
"BELIZE_IRIS","2","IRIS_BELIZE_2001",2004-06-01,33.1,"CA"
"BETA","2","BETA_2005",2004-06-01,29.7,"CA"
"CR_OTTO","2","OTTO_CR_2016",2004-06-01,31.1,"CA"
"CUBA_DENNIS","3","DENNIS_CUBA_2005",2004-06-01,33.5,"C"
"CUBA_GUSTAV","3","GUSTAV_CUBA_2008",2004-06-01,32.7,"C"
"CUBA_IAN","3","IAN_CUBA_2022",2004-06-01,32.7,"C"
"CUBA_MICHELLE","3","MICHELLE_CUBA_2001",2004-06-01,33.5,"C"
"CUBA_PALOMA","3","PALOMA_CUBA_2008",2004-06-01,33,"C"
"CUBA_SANDY","3","SANDY_CUBA_2012",2004-06-01,33.1,"C"
"DEAN_QROO_MX","5","DEAN_QROO_MX_2007",2004-06-01,33.9,"SG"
"FL_US_CHARLEY","1","CHARLEY_2004",2004-06-01,34,"FP"
"FL_US_FRANCES","1","FRANCES_US_FL_2004",2004-06-01,34,"FP"
"FL_US_IAN","1","IAN_US_FL_2022",2004-06-01,34.1,"FP"
"FL_US_IRMA","1","IRMA_US_FL_2017",2004-06-01,34.1,"FP"
"FL_US_JEANNE","1","JEANNE_US_FL_2004",2004-06-01,34,"FP"
"FL_US_MICHAEL","4","MICHAEL_US_FL_2018",2004-06-01,32.4,"SUS"
"FL_US_WILMA","1","WILMA_US_FL_2005",2004-06-01,33.6,"FP"
"LA_US_GUSTAV","4","GUSTAV_US_LA_2008",2004-06-01,31.1,"SUS"
"LA_US_IDA","4","IDA_US_LA_2009",2004-06-01,31.4,"SUS"
"LA_US_KATRINA","4","KATRINA_US_LA_2005",2004-06-01,31.3,"SUS"
"LA_US_LAURA","4","LAURA_US_LA_2020",2004-06-01,31.5,"SUS"
"LA_US_ZETA","4","ZETA_US_LA_2020",2004-06-01,31.4,"SUS"
"MX_ERNESTO","5","ERNESTO_MX_2012",2004-06-01,33.9,"SG"
"MX_GRACE","3","GRACE_MX_2021",2004-06-01,33.6,"C"
"MX_TAMPS_EMILY","6","EMILY_TAMPS_MX_2005",2004-06-01,35.7,"WG"
"NC_US_ISABEL","4","ISABEL_US_NC_2003",2004-06-01,29.7,"SUS"
"NIC_ETA","2","ETA_NIC_2020",2004-06-01,30.4,"CA"
"NIC_FELIX","2","FELIX_NIC_2007",2004-06-01,30.5,"CA"
"NIC_IOTA","2","IOTA_NIC_2020",2004-06-01,30.5,"CA"
"PR_USA_MARIA","3","MARIA_US_PR_2017",2004-06-01,32.5,"C"
"QROO_WILMA","3","WILMA_QROO_2005",2004-06-01,33.8,"C"
"TX_US_HARVEY","6","HARVEY_US_TX_2017",2004-06-01,32.7,"WG"
"TX_US_IKE","4","IKE_US_TX_2008",2004-06-01,31.8,"SUS"
"TX_US_RITA","4","RITA_US_TX_2005",2004-06-01,32,"SUS"
"US_FL_DELTA","4","DELTA_US_LA_2020",2004-06-01,31.5,"SUS"
"US_FL_DENNIS","4","DENNIS_US_FL_2005",2004-06-01,31.6,"SUS"
"VER_MX_KARL","5","KARL_MX_VER_2010",2004-06-01,33.6,"SG"
"YUC_DELTA","5","DELTA_YUCATAN_MX_2020",2004-06-01,34.4,"SG"
"YUC_MX_EMILY","5","EMILY_MX_YUC_2005",2004-06-01,34.9,"SG"
"YUC_MX_ISIDORE","5","ISIDORE_MX_YUC_2002",2004-06-01,35.6,"SG"
"AL_US_IVAN","4","IVAN_US_AL_2004",2004-07-01,33.5,"SUS"
"AL_US_SALLY","4","SALLY_US_AL_2020",2004-07-01,32.8,"SUS"
"ALEX","6","ALEX_2010",2004-07-01,36.5,"WG"
"BELICE_RICHARD","3","RICHARD_BELICE_2010",2004-07-01,32.4,"C"
"BELIZE_IRIS","2","IRIS_BELIZE_2001",2004-07-01,32.2,"CA"
"BETA","2","BETA_2005",2004-07-01,29.7,"CA"
"CR_OTTO","2","OTTO_CR_2016",2004-07-01,30.8,"CA"
"CUBA_DENNIS","3","DENNIS_CUBA_2005",2004-07-01,33.9,"C"
"CUBA_GUSTAV","3","GUSTAV_CUBA_2008",2004-07-01,32.8,"C"
"CUBA_IAN","3","IAN_CUBA_2022",2004-07-01,32.7,"C"
"CUBA_MICHELLE","3","MICHELLE_CUBA_2001",2004-07-01,33.9,"C"
"CUBA_PALOMA","3","PALOMA_CUBA_2008",2004-07-01,33.9,"C"
"CUBA_SANDY","3","SANDY_CUBA_2012",2004-07-01,34,"C"
"DEAN_QROO_MX","5","DEAN_QROO_MX_2007",2004-07-01,33.9,"SG"
"FL_US_CHARLEY","1","CHARLEY_2004",2004-07-01,33.8,"FP"
"FL_US_FRANCES","1","FRANCES_US_FL_2004",2004-07-01,33.9,"FP"
"FL_US_IAN","1","IAN_US_FL_2022",2004-07-01,34.1,"FP"
"FL_US_IRMA","1","IRMA_US_FL_2017",2004-07-01,34,"FP"
"FL_US_JEANNE","1","JEANNE_US_FL_2004",2004-07-01,33.9,"FP"
"FL_US_MICHAEL","4","MICHAEL_US_FL_2018",2004-07-01,33.5,"SUS"
"FL_US_WILMA","1","WILMA_US_FL_2005",2004-07-01,33.8,"FP"
"LA_US_GUSTAV","4","GUSTAV_US_LA_2008",2004-07-01,32.7,"SUS"
"LA_US_IDA","4","IDA_US_LA_2009",2004-07-01,33,"SUS"
"LA_US_KATRINA","4","KATRINA_US_LA_2005",2004-07-01,33.1,"SUS"
"LA_US_LAURA","4","LAURA_US_LA_2020",2004-07-01,33.7,"SUS"
"LA_US_ZETA","4","ZETA_US_LA_2020",2004-07-01,33,"SUS"
"MX_ERNESTO","5","ERNESTO_MX_2012",2004-07-01,33.7,"SG"
"MX_GRACE","3","GRACE_MX_2021",2004-07-01,33.1,"C"
"MX_TAMPS_EMILY","6","EMILY_TAMPS_MX_2005",2004-07-01,36.3,"WG"
"NC_US_ISABEL","4","ISABEL_US_NC_2003",2004-07-01,31.5,"SUS"
"NIC_ETA","2","ETA_NIC_2020",2004-07-01,30.4,"CA"
"NIC_FELIX","2","FELIX_NIC_2007",2004-07-01,30.4,"CA"
"NIC_IOTA","2","IOTA_NIC_2020",2004-07-01,30.4,"CA"
"PR_USA_MARIA","3","MARIA_US_PR_2017",2004-07-01,32,"C"
"QROO_WILMA","3","WILMA_QROO_2005",2004-07-01,34.1,"C"
"TX_US_HARVEY","6","HARVEY_US_TX_2017",2004-07-01,34.8,"WG"
"TX_US_IKE","4","IKE_US_TX_2008",2004-07-01,34.1,"SUS"
"TX_US_RITA","4","RITA_US_TX_2005",2004-07-01,34.1,"SUS"
"US_FL_DELTA","4","DELTA_US_LA_2020",2004-07-01,33.5,"SUS"
"US_FL_DENNIS","4","DENNIS_US_FL_2005",2004-07-01,33.5,"SUS"
"VER_MX_KARL","5","KARL_MX_VER_2010",2004-07-01,32.2,"SG"
"YUC_DELTA","5","DELTA_YUCATAN_MX_2020",2004-07-01,34.2,"SG"
"YUC_MX_EMILY","5","EMILY_MX_YUC_2005",2004-07-01,34.7,"SG"
"YUC_MX_ISIDORE","5","ISIDORE_MX_YUC_2002",2004-07-01,34.8,"SG"
"AL_US_IVAN","4","IVAN_US_AL_2004",2004-08-01,32.1,"SUS"
"AL_US_SALLY","4","SALLY_US_AL_2020",2004-08-01,31.5,"SUS"
"ALEX","6","ALEX_2010",2004-08-01,36,"WG"
"BELICE_RICHARD","3","RICHARD_BELICE_2010",2004-08-01,33.6,"C"
"BELIZE_IRIS","2","IRIS_BELIZE_2001",2004-08-01,33.2,"CA"
"BETA","2","BETA_2005",2004-08-01,29.7,"CA"
"CR_OTTO","2","OTTO_CR_2016",2004-08-01,30.9,"CA"
"CUBA_DENNIS","3","DENNIS_CUBA_2005",2004-08-01,34.2,"C"
"CUBA_GUSTAV","3","GUSTAV_CUBA_2008",2004-08-01,33,"C"
"CUBA_IAN","3","IAN_CUBA_2022",2004-08-01,33,"C"
"CUBA_MICHELLE","3","MICHELLE_CUBA_2001",2004-08-01,34.1,"C"
"CUBA_PALOMA","3","PALOMA_CUBA_2008",2004-08-01,34.1,"C"
"CUBA_SANDY","3","SANDY_CUBA_2012",2004-08-01,34.2,"C"
"DEAN_QROO_MX","5","DEAN_QROO_MX_2007",2004-08-01,34.8,"SG"
"FL_US_CHARLEY","1","CHARLEY_2004",2004-08-01,33.3,"FP"
"FL_US_FRANCES","1","FRANCES_US_FL_2004",2004-08-01,33.4,"FP"
"FL_US_IAN","1","IAN_US_FL_2022",2004-08-01,33.6,"FP"
"FL_US_IRMA","1","IRMA_US_FL_2017",2004-08-01,33.6,"FP"
"FL_US_JEANNE","1","JEANNE_US_FL_2004",2004-08-01,33.4,"FP"
"FL_US_MICHAEL","4","MICHAEL_US_FL_2018",2004-08-01,32.4,"SUS"
"FL_US_WILMA","1","WILMA_US_FL_2005",2004-08-01,33.5,"FP"
"LA_US_GUSTAV","4","GUSTAV_US_LA_2008",2004-08-01,31.8,"SUS"
"LA_US_IDA","4","IDA_US_LA_2009",2004-08-01,32,"SUS"
"LA_US_KATRINA","4","KATRINA_US_LA_2005",2004-08-01,32.3,"SUS"
"LA_US_LAURA","4","LAURA_US_LA_2020",2004-08-01,33.5,"SUS"
"LA_US_ZETA","4","ZETA_US_LA_2020",2004-08-01,32.2,"SUS"
"MX_ERNESTO","5","ERNESTO_MX_2012",2004-08-01,34.7,"SG"
"MX_GRACE","3","GRACE_MX_2021",2004-08-01,33.2,"C"
"MX_TAMPS_EMILY","6","EMILY_TAMPS_MX_2005",2004-08-01,35.9,"WG"
"NC_US_ISABEL","4","ISABEL_US_NC_2003",2004-08-01,29.6,"SUS"
"NIC_ETA","2","ETA_NIC_2020",2004-08-01,30.9,"CA"
"NIC_FELIX","2","FELIX_NIC_2007",2004-08-01,31,"CA"
"NIC_IOTA","2","IOTA_NIC_2020",2004-08-01,30.8,"CA"
"PR_USA_MARIA","3","MARIA_US_PR_2017",2004-08-01,32.8,"C"
"QROO_WILMA","3","WILMA_QROO_2005",2004-08-01,34.6,"C"
"TX_US_HARVEY","6","HARVEY_US_TX_2017",2004-08-01,35.2,"WG"
"TX_US_IKE","4","IKE_US_TX_2008",2004-08-01,34.1,"SUS"
"TX_US_RITA","4","RITA_US_TX_2005",2004-08-01,33.8,"SUS"
"US_FL_DELTA","4","DELTA_US_LA_2020",2004-08-01,33,"SUS"
"US_FL_DENNIS","4","DENNIS_US_FL_2005",2004-08-01,32.1,"SUS"
"VER_MX_KARL","5","KARL_MX_VER_2010",2004-08-01,33,"SG"
"YUC_DELTA","5","DELTA_YUCATAN_MX_2020",2004-08-01,34.8,"SG"
"YUC_MX_EMILY","5","EMILY_MX_YUC_2005",2004-08-01,35.3,"SG"
"YUC_MX_ISIDORE","5","ISIDORE_MX_YUC_2002",2004-08-01,35.6,"SG"
"AL_US_IVAN","4","IVAN_US_AL_2004",2004-09-01,31,"SUS"
"AL_US_SALLY","4","SALLY_US_AL_2020",2004-09-01,30.5,"SUS"
"ALEX","6","ALEX_2010",2004-09-01,34.1,"WG"
"BELICE_RICHARD","3","RICHARD_BELICE_2010",2004-09-01,33,"C"
"BELIZE_IRIS","2","IRIS_BELIZE_2001",2004-09-01,32.8,"CA"
"BETA","2","BETA_2005",2004-09-01,30.4,"CA"
"CR_OTTO","2","OTTO_CR_2016",2004-09-01,30.7,"CA"
"CUBA_DENNIS","3","DENNIS_CUBA_2005",2004-09-01,33,"C"
"CUBA_GUSTAV","3","GUSTAV_CUBA_2008",2004-09-01,31.9,"C"
"CUBA_IAN","3","IAN_CUBA_2022",2004-09-01,32.1,"C"
"CUBA_MICHELLE","3","MICHELLE_CUBA_2001",2004-09-01,33,"C"
"CUBA_PALOMA","3","PALOMA_CUBA_2008",2004-09-01,33.1,"C"
"CUBA_SANDY","3","SANDY_CUBA_2012",2004-09-01,33.8,"C"
"DEAN_QROO_MX","5","DEAN_QROO_MX_2007",2004-09-01,33.7,"SG"
"FL_US_CHARLEY","1","CHARLEY_2004",2004-09-01,32.1,"FP"
"FL_US_FRANCES","1","FRANCES_US_FL_2004",2004-09-01,32,"FP"
"FL_US_IAN","1","IAN_US_FL_2022",2004-09-01,32.1,"FP"
"FL_US_IRMA","1","IRMA_US_FL_2017",2004-09-01,32.2,"FP"
"FL_US_JEANNE","1","JEANNE_US_FL_2004",2004-09-01,32,"FP"
"FL_US_MICHAEL","4","MICHAEL_US_FL_2018",2004-09-01,30.8,"SUS"
"FL_US_WILMA","1","WILMA_US_FL_2005",2004-09-01,32.2,"FP"
"LA_US_GUSTAV","4","GUSTAV_US_LA_2008",2004-09-01,31.5,"SUS"
"LA_US_IDA","4","IDA_US_LA_2009",2004-09-01,31.7,"SUS"
"LA_US_KATRINA","4","KATRINA_US_LA_2005",2004-09-01,31.5,"SUS"
"LA_US_LAURA","4","LAURA_US_LA_2020",2004-09-01,32.6,"SUS"
"LA_US_ZETA","4","ZETA_US_LA_2020",2004-09-01,31.6,"SUS"
"MX_ERNESTO","5","ERNESTO_MX_2012",2004-09-01,33.6,"SG"
"MX_GRACE","3","GRACE_MX_2021",2004-09-01,32.4,"C"
"MX_TAMPS_EMILY","6","EMILY_TAMPS_MX_2005",2004-09-01,33.7,"WG"
"NC_US_ISABEL","4","ISABEL_US_NC_2003",2004-09-01,27.9,"SUS"
"NIC_ETA","2","ETA_NIC_2020",2004-09-01,31.3,"CA"
"NIC_FELIX","2","FELIX_NIC_2007",2004-09-01,31.3,"CA"
"NIC_IOTA","2","IOTA_NIC_2020",2004-09-01,31.2,"CA"
"PR_USA_MARIA","3","MARIA_US_PR_2017",2004-09-01,32.5,"C"
"QROO_WILMA","3","WILMA_QROO_2005",2004-09-01,33.4,"C"
"TX_US_HARVEY","6","HARVEY_US_TX_2017",2004-09-01,33.7,"WG"
"TX_US_IKE","4","IKE_US_TX_2008",2004-09-01,33.1,"SUS"
"TX_US_RITA","4","RITA_US_TX_2005",2004-09-01,33.2,"SUS"
"US_FL_DELTA","4","DELTA_US_LA_2020",2004-09-01,32.4,"SUS"
"US_FL_DENNIS","4","DENNIS_US_FL_2005",2004-09-01,30.9,"SUS"
"VER_MX_KARL","5","KARL_MX_VER_2010",2004-09-01,32.5,"SG"
"YUC_DELTA","5","DELTA_YUCATAN_MX_2020",2004-09-01,33.4,"SG"
"YUC_MX_EMILY","5","EMILY_MX_YUC_2005",2004-09-01,33.9,"SG"
"YUC_MX_ISIDORE","5","ISIDORE_MX_YUC_2002",2004-09-01,34.1,"SG"
"AL_US_IVAN","4","IVAN_US_AL_2004",2004-10-01,28.5,"SUS"
"AL_US_SALLY","4","SALLY_US_AL_2020",2004-10-01,28.1,"SUS"
"ALEX","6","ALEX_2010",2004-10-01,33.9,"WG"
"BELICE_RICHARD","3","RICHARD_BELICE_2010",2004-10-01,32.1,"C"
"BELIZE_IRIS","2","IRIS_BELIZE_2001",2004-10-01,31.3,"CA"
"BETA","2","BETA_2005",2004-10-01,30.1,"CA"
"CR_OTTO","2","OTTO_CR_2016",2004-10-01,30.5,"CA"
"CUBA_DENNIS","3","DENNIS_CUBA_2005",2004-10-01,32.4,"C"
"CUBA_GUSTAV","3","GUSTAV_CUBA_2008",2004-10-01,31.4,"C"
"CUBA_IAN","3","IAN_CUBA_2022",2004-10-01,31.3,"C"
"CUBA_MICHELLE","3","MICHELLE_CUBA_2001",2004-10-01,32.4,"C"
"CUBA_PALOMA","3","PALOMA_CUBA_2008",2004-10-01,32,"C"
"CUBA_SANDY","3","SANDY_CUBA_2012",2004-10-01,32.4,"C"
"DEAN_QROO_MX","5","DEAN_QROO_MX_2007",2004-10-01,32.3,"SG"
"FL_US_CHARLEY","1","CHARLEY_2004",2004-10-01,30.9,"FP"
"FL_US_FRANCES","1","FRANCES_US_FL_2004",2004-10-01,30.4,"FP"
"FL_US_IAN","1","IAN_US_FL_2022",2004-10-01,31,"FP"
"FL_US_IRMA","1","IRMA_US_FL_2017",2004-10-01,31.2,"FP"
"FL_US_JEANNE","1","JEANNE_US_FL_2004",2004-10-01,30.4,"FP"
"FL_US_MICHAEL","4","MICHAEL_US_FL_2018",2004-10-01,28.8,"SUS"
"FL_US_WILMA","1","WILMA_US_FL_2005",2004-10-01,31.1,"FP"
"LA_US_GUSTAV","4","GUSTAV_US_LA_2008",2004-10-01,29.6,"SUS"
"LA_US_IDA","4","IDA_US_LA_2009",2004-10-01,29.6,"SUS"
"LA_US_KATRINA","4","KATRINA_US_LA_2005",2004-10-01,30.1,"SUS"
"LA_US_LAURA","4","LAURA_US_LA_2020",2004-10-01,29.5,"SUS"
"LA_US_ZETA","4","ZETA_US_LA_2020",2004-10-01,29.7,"SUS"
"MX_ERNESTO","5","ERNESTO_MX_2012",2004-10-01,32.2,"SG"
"MX_GRACE","3","GRACE_MX_2021",2004-10-01,32.1,"C"
"MX_TAMPS_EMILY","6","EMILY_TAMPS_MX_2005",2004-10-01,33.5,"WG"
"NC_US_ISABEL","4","ISABEL_US_NC_2003",2004-10-01,23.1,"SUS"
"NIC_ETA","2","ETA_NIC_2020",2004-10-01,30.5,"CA"
"NIC_FELIX","2","FELIX_NIC_2007",2004-10-01,30.6,"CA"
"NIC_IOTA","2","IOTA_NIC_2020",2004-10-01,30.5,"CA"
"PR_USA_MARIA","3","MARIA_US_PR_2017",2004-10-01,32.3,"C"
"QROO_WILMA","3","WILMA_QROO_2005",2004-10-01,32.1,"C"
"TX_US_HARVEY","6","HARVEY_US_TX_2017",2004-10-01,31.8,"WG"
"TX_US_IKE","4","IKE_US_TX_2008",2004-10-01,30.3,"SUS"
"TX_US_RITA","4","RITA_US_TX_2005",2004-10-01,30.4,"SUS"
"US_FL_DELTA","4","DELTA_US_LA_2020",2004-10-01,29.5,"SUS"
"US_FL_DENNIS","4","DENNIS_US_FL_2005",2004-10-01,28.3,"SUS"
"VER_MX_KARL","5","KARL_MX_VER_2010",2004-10-01,33,"SG"
"YUC_DELTA","5","DELTA_YUCATAN_MX_2020",2004-10-01,32.1,"SG"
"YUC_MX_EMILY","5","EMILY_MX_YUC_2005",2004-10-01,32.9,"SG"
"YUC_MX_ISIDORE","5","ISIDORE_MX_YUC_2002",2004-10-01,32.5,"SG"
"AL_US_IVAN","4","IVAN_US_AL_2004",2004-11-01,22.5,"SUS"
"AL_US_SALLY","4","SALLY_US_AL_2020",2004-11-01,22.2,"SUS"
"ALEX","6","ALEX_2010",2004-11-01,29.8,"WG"
"BELICE_RICHARD","3","RICHARD_BELICE_2010",2004-11-01,31.1,"C"
"BELIZE_IRIS","2","IRIS_BELIZE_2001",2004-11-01,30.6,"CA"
"BETA","2","BETA_2005",2004-11-01,29.2,"CA"
"CR_OTTO","2","OTTO_CR_2016",2004-11-01,30.1,"CA"
"CUBA_DENNIS","3","DENNIS_CUBA_2005",2004-11-01,30.7,"C"
"CUBA_GUSTAV","3","GUSTAV_CUBA_2008",2004-11-01,30,"C"
"CUBA_IAN","3","IAN_CUBA_2022",2004-11-01,29.8,"C"
"CUBA_MICHELLE","3","MICHELLE_CUBA_2001",2004-11-01,30.6,"C"
"CUBA_PALOMA","3","PALOMA_CUBA_2008",2004-11-01,31.3,"C"
"CUBA_SANDY","3","SANDY_CUBA_2012",2004-11-01,31.8,"C"
"DEAN_QROO_MX","5","DEAN_QROO_MX_2007",2004-11-01,31.7,"SG"
"FL_US_CHARLEY","1","CHARLEY_2004",2004-11-01,28.2,"FP"
"FL_US_FRANCES","1","FRANCES_US_FL_2004",2004-11-01,27.6,"FP"
"FL_US_IAN","1","IAN_US_FL_2022",2004-11-01,28.5,"FP"
"FL_US_IRMA","1","IRMA_US_FL_2017",2004-11-01,29,"FP"
"FL_US_JEANNE","1","JEANNE_US_FL_2004",2004-11-01,27.7,"FP"
"FL_US_MICHAEL","4","MICHAEL_US_FL_2018",2004-11-01,23.8,"SUS"
"FL_US_WILMA","1","WILMA_US_FL_2005",2004-11-01,28.9,"FP"
"LA_US_GUSTAV","4","GUSTAV_US_LA_2008",2004-11-01,23.9,"SUS"
"LA_US_IDA","4","IDA_US_LA_2009",2004-11-01,23.9,"SUS"
"LA_US_KATRINA","4","KATRINA_US_LA_2005",2004-11-01,24.3,"SUS"
"LA_US_LAURA","4","LAURA_US_LA_2020",2004-11-01,22.7,"SUS"
"LA_US_ZETA","4","ZETA_US_LA_2020",2004-11-01,23.7,"SUS"
"MX_ERNESTO","5","ERNESTO_MX_2012",2004-11-01,31.7,"SG"
"MX_GRACE","3","GRACE_MX_2021",2004-11-01,29.2,"C"
"MX_TAMPS_EMILY","6","EMILY_TAMPS_MX_2005",2004-11-01,29.1,"WG"
"NC_US_ISABEL","4","ISABEL_US_NC_2003",2004-11-01,19.6,"SUS"
"NIC_ETA","2","ETA_NIC_2020",2004-11-01,29.8,"CA"
"NIC_FELIX","2","FELIX_NIC_2007",2004-11-01,29.6,"CA"
"NIC_IOTA","2","IOTA_NIC_2020",2004-11-01,29.8,"CA"
"PR_USA_MARIA","3","MARIA_US_PR_2017",2004-11-01,30.9,"C"
"QROO_WILMA","3","WILMA_QROO_2005",2004-11-01,31.5,"C"
"TX_US_HARVEY","6","HARVEY_US_TX_2017",2004-11-01,24.9,"WG"
"TX_US_IKE","4","IKE_US_TX_2008",2004-11-01,23.5,"SUS"
"TX_US_RITA","4","RITA_US_TX_2005",2004-11-01,23.4,"SUS"
"US_FL_DELTA","4","DELTA_US_LA_2020",2004-11-01,23,"SUS"
"US_FL_DENNIS","4","DENNIS_US_FL_2005",2004-11-01,22.3,"SUS"
"VER_MX_KARL","5","KARL_MX_VER_2010",2004-11-01,31.6,"SG"
"YUC_DELTA","5","DELTA_YUCATAN_MX_2020",2004-11-01,31.6,"SG"
"YUC_MX_EMILY","5","EMILY_MX_YUC_2005",2004-11-01,32.5,"SG"
"YUC_MX_ISIDORE","5","ISIDORE_MX_YUC_2002",2004-11-01,32.6,"SG"
"AL_US_IVAN","4","IVAN_US_AL_2004",2004-12-01,16.7,"SUS"
"AL_US_SALLY","4","SALLY_US_AL_2020",2004-12-01,16.7,"SUS"
"ALEX","6","ALEX_2010",2004-12-01,25.7,"WG"
"BELICE_RICHARD","3","RICHARD_BELICE_2010",2004-12-01,30.2,"C"
"BELIZE_IRIS","2","IRIS_BELIZE_2001",2004-12-01,29.7,"CA"
"BETA","2","BETA_2005",2004-12-01,29.2,"CA"
"CR_OTTO","2","OTTO_CR_2016",2004-12-01,30.9,"CA"
"CUBA_DENNIS","3","DENNIS_CUBA_2005",2004-12-01,29,"C"
"CUBA_GUSTAV","3","GUSTAV_CUBA_2008",2004-12-01,28,"C"
"CUBA_IAN","3","IAN_CUBA_2022",2004-12-01,27.7,"C"
"CUBA_MICHELLE","3","MICHELLE_CUBA_2001",2004-12-01,29,"C"
"CUBA_PALOMA","3","PALOMA_CUBA_2008",2004-12-01,28.9,"C"
"CUBA_SANDY","3","SANDY_CUBA_2012",2004-12-01,30.1,"C"
"DEAN_QROO_MX","5","DEAN_QROO_MX_2007",2004-12-01,30.5,"SG"
"FL_US_CHARLEY","1","CHARLEY_2004",2004-12-01,24.4,"FP"
"FL_US_FRANCES","1","FRANCES_US_FL_2004",2004-12-01,24.1,"FP"
"FL_US_IAN","1","IAN_US_FL_2022",2004-12-01,24.6,"FP"
"FL_US_IRMA","1","IRMA_US_FL_2017",2004-12-01,25.4,"FP"
"FL_US_JEANNE","1","JEANNE_US_FL_2004",2004-12-01,24.3,"FP"
"FL_US_MICHAEL","4","MICHAEL_US_FL_2018",2004-12-01,18.2,"SUS"
"FL_US_WILMA","1","WILMA_US_FL_2005",2004-12-01,25.3,"FP"
"LA_US_GUSTAV","4","GUSTAV_US_LA_2008",2004-12-01,18.7,"SUS"
"LA_US_IDA","4","IDA_US_LA_2009",2004-12-01,18.7,"SUS"
"LA_US_KATRINA","4","KATRINA_US_LA_2005",2004-12-01,18.1,"SUS"
"LA_US_LAURA","4","LAURA_US_LA_2020",2004-12-01,17.8,"SUS"
"LA_US_ZETA","4","ZETA_US_LA_2020",2004-12-01,18.4,"SUS"
"MX_ERNESTO","5","ERNESTO_MX_2012",2004-12-01,30.4,"SG"
"MX_GRACE","3","GRACE_MX_2021",2004-12-01,25.9,"C"
"MX_TAMPS_EMILY","6","EMILY_TAMPS_MX_2005",2004-12-01,24.9,"WG"
"NC_US_ISABEL","4","ISABEL_US_NC_2003",2004-12-01,14.9,"SUS"
"NIC_ETA","2","ETA_NIC_2020",2004-12-01,28.7,"CA"
"NIC_FELIX","2","FELIX_NIC_2007",2004-12-01,28.9,"CA"
"NIC_IOTA","2","IOTA_NIC_2020",2004-12-01,28.7,"CA"
"PR_USA_MARIA","3","MARIA_US_PR_2017",2004-12-01,30.7,"C"
"QROO_WILMA","3","WILMA_QROO_2005",2004-12-01,29.8,"C"
"TX_US_HARVEY","6","HARVEY_US_TX_2017",2004-12-01,20.7,"WG"
"TX_US_IKE","4","IKE_US_TX_2008",2004-12-01,19,"SUS"
"TX_US_RITA","4","RITA_US_TX_2005",2004-12-01,18.6,"SUS"
"US_FL_DELTA","4","DELTA_US_LA_2020",2004-12-01,17.5,"SUS"
"US_FL_DENNIS","4","DENNIS_US_FL_2005",2004-12-01,16.7,"SUS"
"VER_MX_KARL","5","KARL_MX_VER_2010",2004-12-01,29.8,"SG"
"YUC_DELTA","5","DELTA_YUCATAN_MX_2020",2004-12-01,30.3,"SG"
"YUC_MX_EMILY","5","EMILY_MX_YUC_2005",2004-12-01,31.3,"SG"
"YUC_MX_ISIDORE","5","ISIDORE_MX_YUC_2002",2004-12-01,31,"SG"
"AL_US_IVAN","4","IVAN_US_AL_2004",2005-01-01,18.3,"SUS"
"AL_US_SALLY","4","SALLY_US_AL_2020",2005-01-01,18.4,"SUS"
"ALEX","6","ALEX_2010",2005-01-01,26.7,"WG"
"BELICE_RICHARD","3","RICHARD_BELICE_2010",2005-01-01,29.5,"C"
"BELIZE_IRIS","2","IRIS_BELIZE_2001",2005-01-01,29.3,"CA"
"BETA","2","BETA_2005",2005-01-01,29.1,"CA"
"CR_OTTO","2","OTTO_CR_2016",2005-01-01,31.7,"CA"
"CUBA_DENNIS","3","DENNIS_CUBA_2005",2005-01-01,28.4,"C"
"CUBA_GUSTAV","3","GUSTAV_CUBA_2008",2005-01-01,27.3,"C"
"CUBA_IAN","3","IAN_CUBA_2022",2005-01-01,27.1,"C"
"CUBA_MICHELLE","3","MICHELLE_CUBA_2001",2005-01-01,28.3,"C"
"CUBA_PALOMA","3","PALOMA_CUBA_2008",2005-01-01,28.7,"C"
"CUBA_SANDY","3","SANDY_CUBA_2012",2005-01-01,29.6,"C"
"DEAN_QROO_MX","5","DEAN_QROO_MX_2007",2005-01-01,30.4,"SG"
"FL_US_CHARLEY","1","CHARLEY_2004",2005-01-01,24.2,"FP"
"FL_US_FRANCES","1","FRANCES_US_FL_2004",2005-01-01,24.2,"FP"
"FL_US_IAN","1","IAN_US_FL_2022",2005-01-01,24.6,"FP"
"FL_US_IRMA","1","IRMA_US_FL_2017",2005-01-01,25.1,"FP"
"FL_US_JEANNE","1","JEANNE_US_FL_2004",2005-01-01,24.4,"FP"
"FL_US_MICHAEL","4","MICHAEL_US_FL_2018",2005-01-01,19.5,"SUS"
"FL_US_WILMA","1","WILMA_US_FL_2005",2005-01-01,25,"FP"
"LA_US_GUSTAV","4","GUSTAV_US_LA_2008",2005-01-01,20.3,"SUS"
"LA_US_IDA","4","IDA_US_LA_2009",2005-01-01,19.9,"SUS"
"LA_US_KATRINA","4","KATRINA_US_LA_2005",2005-01-01,19.4,"SUS"
"LA_US_LAURA","4","LAURA_US_LA_2020",2005-01-01,18.6,"SUS"
"LA_US_ZETA","4","ZETA_US_LA_2020",2005-01-01,19.7,"SUS"
"MX_ERNESTO","5","ERNESTO_MX_2012",2005-01-01,30.2,"SG"
"MX_GRACE","3","GRACE_MX_2021",2005-01-01,26.5,"C"
"MX_TAMPS_EMILY","6","EMILY_TAMPS_MX_2005",2005-01-01,25.4,"WG"
"NC_US_ISABEL","4","ISABEL_US_NC_2003",2005-01-01,13.4,"SUS"
"NIC_ETA","2","ETA_NIC_2020",2005-01-01,29.2,"CA"
"NIC_FELIX","2","FELIX_NIC_2007",2005-01-01,29,"CA"
"NIC_IOTA","2","IOTA_NIC_2020",2005-01-01,29.2,"CA"
"PR_USA_MARIA","3","MARIA_US_PR_2017",2005-01-01,29.8,"C"
"QROO_WILMA","3","WILMA_QROO_2005",2005-01-01,29.3,"C"
"TX_US_HARVEY","6","HARVEY_US_TX_2017",2005-01-01,21.3,"WG"
"TX_US_IKE","4","IKE_US_TX_2008",2005-01-01,19.4,"SUS"
"TX_US_RITA","4","RITA_US_TX_2005",2005-01-01,19.3,"SUS"
"US_FL_DELTA","4","DELTA_US_LA_2020",2005-01-01,18.4,"SUS"
"US_FL_DENNIS","4","DENNIS_US_FL_2005",2005-01-01,18.4,"SUS"
"VER_MX_KARL","5","KARL_MX_VER_2010",2005-01-01,29.8,"SG"
"YUC_DELTA","5","DELTA_YUCATAN_MX_2020",2005-01-01,29.8,"SG"
"YUC_MX_EMILY","5","EMILY_MX_YUC_2005",2005-01-01,31,"SG"
"YUC_MX_ISIDORE","5","ISIDORE_MX_YUC_2002",2005-01-01,31.1,"SG"
"AL_US_IVAN","4","IVAN_US_AL_2004",2005-02-01,18.7,"SUS"
"AL_US_SALLY","4","SALLY_US_AL_2020",2005-02-01,18.8,"SUS"
"ALEX","6","ALEX_2010",2005-02-01,24.7,"WG"
"BELICE_RICHARD","3","RICHARD_BELICE_2010",2005-02-01,30.5,"C"
"BELIZE_IRIS","2","IRIS_BELIZE_2001",2005-02-01,31.1,"CA"
"BETA","2","BETA_2005",2005-02-01,29.8,"CA"
"CR_OTTO","2","OTTO_CR_2016",2005-02-01,32,"CA"
"CUBA_DENNIS","3","DENNIS_CUBA_2005",2005-02-01,29.1,"C"
"CUBA_GUSTAV","3","GUSTAV_CUBA_2008",2005-02-01,28,"C"
"CUBA_IAN","3","IAN_CUBA_2022",2005-02-01,27.9,"C"
"CUBA_MICHELLE","3","MICHELLE_CUBA_2001",2005-02-01,29.1,"C"
"CUBA_PALOMA","3","PALOMA_CUBA_2008",2005-02-01,28.6,"C"
"CUBA_SANDY","3","SANDY_CUBA_2012",2005-02-01,29.5,"C"
"DEAN_QROO_MX","5","DEAN_QROO_MX_2007",2005-02-01,31.8,"SG"
"FL_US_CHARLEY","1","CHARLEY_2004",2005-02-01,24.7,"FP"
"FL_US_FRANCES","1","FRANCES_US_FL_2004",2005-02-01,24.7,"FP"
"FL_US_IAN","1","IAN_US_FL_2022",2005-02-01,25.1,"FP"
"FL_US_IRMA","1","IRMA_US_FL_2017",2005-02-01,25.6,"FP"
"FL_US_JEANNE","1","JEANNE_US_FL_2004",2005-02-01,24.7,"FP"
"FL_US_MICHAEL","4","MICHAEL_US_FL_2018",2005-02-01,19.5,"SUS"
"FL_US_WILMA","1","WILMA_US_FL_2005",2005-02-01,25.4,"FP"
"LA_US_GUSTAV","4","GUSTAV_US_LA_2008",2005-02-01,19.6,"SUS"
"LA_US_IDA","4","IDA_US_LA_2009",2005-02-01,19.6,"SUS"
"LA_US_KATRINA","4","KATRINA_US_LA_2005",2005-02-01,19,"SUS"
"LA_US_LAURA","4","LAURA_US_LA_2020",2005-02-01,18.9,"SUS"
"LA_US_ZETA","4","ZETA_US_LA_2020",2005-02-01,19.4,"SUS"
"MX_ERNESTO","5","ERNESTO_MX_2012",2005-02-01,31.7,"SG"
"MX_GRACE","3","GRACE_MX_2021",2005-02-01,24.8,"C"
"MX_TAMPS_EMILY","6","EMILY_TAMPS_MX_2005",2005-02-01,23.4,"WG"
"NC_US_ISABEL","4","ISABEL_US_NC_2003",2005-02-01,13.5,"SUS"
"NIC_ETA","2","ETA_NIC_2020",2005-02-01,30,"CA"
"NIC_FELIX","2","FELIX_NIC_2007",2005-02-01,29.9,"CA"
"NIC_IOTA","2","IOTA_NIC_2020",2005-02-01,30,"CA"
"PR_USA_MARIA","3","MARIA_US_PR_2017",2005-02-01,29.5,"C"
"QROO_WILMA","3","WILMA_QROO_2005",2005-02-01,30.7,"C"
"TX_US_HARVEY","6","HARVEY_US_TX_2017",2005-02-01,20.3,"WG"
"TX_US_IKE","4","IKE_US_TX_2008",2005-02-01,19.2,"SUS"
"TX_US_RITA","4","RITA_US_TX_2005",2005-02-01,19.6,"SUS"
"US_FL_DELTA","4","DELTA_US_LA_2020",2005-02-01,18.7,"SUS"
"US_FL_DENNIS","4","DENNIS_US_FL_2005",2005-02-01,18.8,"SUS"
"VER_MX_KARL","5","KARL_MX_VER_2010",2005-02-01,28.3,"SG"
"YUC_DELTA","5","DELTA_YUCATAN_MX_2020",2005-02-01,31.5,"SG"
"YUC_MX_EMILY","5","EMILY_MX_YUC_2005",2005-02-01,32.6,"SG"
"YUC_MX_ISIDORE","5","ISIDORE_MX_YUC_2002",2005-02-01,32.9,"SG"
"AL_US_IVAN","4","IVAN_US_AL_2004",2005-03-01,20.6,"SUS"
"AL_US_SALLY","4","SALLY_US_AL_2020",2005-03-01,20.6,"SUS"
"ALEX","6","ALEX_2010",2005-03-01,30.1,"WG"
"BELICE_RICHARD","3","RICHARD_BELICE_2010",2005-03-01,31.2,"C"
"BELIZE_IRIS","2","IRIS_BELIZE_2001",2005-03-01,31.8,"CA"
"BETA","2","BETA_2005",2005-03-01,31.3,"CA"
"CR_OTTO","2","OTTO_CR_2016",2005-03-01,33.8,"CA"
"CUBA_DENNIS","3","DENNIS_CUBA_2005",2005-03-01,30.8,"C"
"CUBA_GUSTAV","3","GUSTAV_CUBA_2008",2005-03-01,29.2,"C"
"CUBA_IAN","3","IAN_CUBA_2022",2005-03-01,29.1,"C"
"CUBA_MICHELLE","3","MICHELLE_CUBA_2001",2005-03-01,30.8,"C"
"CUBA_PALOMA","3","PALOMA_CUBA_2008",2005-03-01,32.1,"C"
"CUBA_SANDY","3","SANDY_CUBA_2012",2005-03-01,32.3,"C"
"DEAN_QROO_MX","5","DEAN_QROO_MX_2007",2005-03-01,33.1,"SG"
"FL_US_CHARLEY","1","CHARLEY_2004",2005-03-01,26,"FP"
"FL_US_FRANCES","1","FRANCES_US_FL_2004",2005-03-01,25.7,"FP"
"FL_US_IAN","1","IAN_US_FL_2022",2005-03-01,26.3,"FP"
"FL_US_IRMA","1","IRMA_US_FL_2017",2005-03-01,26.8,"FP"
"FL_US_JEANNE","1","JEANNE_US_FL_2004",2005-03-01,25.8,"FP"
"FL_US_MICHAEL","4","MICHAEL_US_FL_2018",2005-03-01,21.2,"SUS"
"FL_US_WILMA","1","WILMA_US_FL_2005",2005-03-01,26.7,"FP"
"LA_US_GUSTAV","4","GUSTAV_US_LA_2008",2005-03-01,21.6,"SUS"
"LA_US_IDA","4","IDA_US_LA_2009",2005-03-01,21.4,"SUS"
"LA_US_KATRINA","4","KATRINA_US_LA_2005",2005-03-01,20.8,"SUS"
"LA_US_LAURA","4","LAURA_US_LA_2020",2005-03-01,21.7,"SUS"
"LA_US_ZETA","4","ZETA_US_LA_2020",2005-03-01,22.5,"SUS"
"MX_ERNESTO","5","ERNESTO_MX_2012",2005-03-01,33,"SG"
"MX_GRACE","3","GRACE_MX_2021",2005-03-01,29.1,"C"
"MX_TAMPS_EMILY","6","EMILY_TAMPS_MX_2005",2005-03-01,28.7,"WG"
"NC_US_ISABEL","4","ISABEL_US_NC_2003",2005-03-01,15.8,"SUS"
"NIC_ETA","2","ETA_NIC_2020",2005-03-01,31.7,"CA"
"NIC_FELIX","2","FELIX_NIC_2007",2005-03-01,31.2,"CA"
"NIC_IOTA","2","IOTA_NIC_2020",2005-03-01,31.8,"CA"
"PR_USA_MARIA","3","MARIA_US_PR_2017",2005-03-01,31.2,"C"
"QROO_WILMA","3","WILMA_QROO_2005",2005-03-01,31.4,"C"
"TX_US_HARVEY","6","HARVEY_US_TX_2017",2005-03-01,24.7,"WG"
"TX_US_IKE","4","IKE_US_TX_2008",2005-03-01,22.5,"SUS"
"TX_US_RITA","4","RITA_US_TX_2005",2005-03-01,22.5,"SUS"
"US_FL_DELTA","4","DELTA_US_LA_2020",2005-03-01,21.3,"SUS"
"US_FL_DENNIS","4","DENNIS_US_FL_2005",2005-03-01,20.6,"SUS"
"VER_MX_KARL","5","KARL_MX_VER_2010",2005-03-01,32.4,"SG"
"YUC_DELTA","5","DELTA_YUCATAN_MX_2020",2005-03-01,32.5,"SG"
"YUC_MX_EMILY","5","EMILY_MX_YUC_2005",2005-03-01,33.6,"SG"
"YUC_MX_ISIDORE","5","ISIDORE_MX_YUC_2002",2005-03-01,34.3,"SG"
"AL_US_IVAN","4","IVAN_US_AL_2004",2005-04-01,24.8,"SUS"
"AL_US_SALLY","4","SALLY_US_AL_2020",2005-04-01,24.4,"SUS"
"ALEX","6","ALEX_2010",2005-04-01,33.7,"WG"
"BELICE_RICHARD","3","RICHARD_BELICE_2010",2005-04-01,33.4,"C"
"BELIZE_IRIS","2","IRIS_BELIZE_2001",2005-04-01,33.9,"CA"
"BETA","2","BETA_2005",2005-04-01,32.4,"CA"
"CR_OTTO","2","OTTO_CR_2016",2005-04-01,33.7,"CA"
"CUBA_DENNIS","3","DENNIS_CUBA_2005",2005-04-01,31.4,"C"
"CUBA_GUSTAV","3","GUSTAV_CUBA_2008",2005-04-01,29.4,"C"
"CUBA_IAN","3","IAN_CUBA_2022",2005-04-01,29.4,"C"
"CUBA_MICHELLE","3","MICHELLE_CUBA_2001",2005-04-01,31.4,"C"
"CUBA_PALOMA","3","PALOMA_CUBA_2008",2005-04-01,32.2,"C"
"CUBA_SANDY","3","SANDY_CUBA_2012",2005-04-01,32.4,"C"
"DEAN_QROO_MX","5","DEAN_QROO_MX_2007",2005-04-01,34.2,"SG"
"FL_US_CHARLEY","1","CHARLEY_2004",2005-04-01,28.3,"FP"
"FL_US_FRANCES","1","FRANCES_US_FL_2004",2005-04-01,28,"FP"
"FL_US_IAN","1","IAN_US_FL_2022",2005-04-01,28.4,"FP"
"FL_US_IRMA","1","IRMA_US_FL_2017",2005-04-01,28.7,"FP"
"FL_US_JEANNE","1","JEANNE_US_FL_2004",2005-04-01,28,"FP"
"FL_US_MICHAEL","4","MICHAEL_US_FL_2018",2005-04-01,24.9,"SUS"
"FL_US_WILMA","1","WILMA_US_FL_2005",2005-04-01,28.3,"FP"
"LA_US_GUSTAV","4","GUSTAV_US_LA_2008",2005-04-01,25.3,"SUS"
"LA_US_IDA","4","IDA_US_LA_2009",2005-04-01,25.5,"SUS"
"LA_US_KATRINA","4","KATRINA_US_LA_2005",2005-04-01,24.9,"SUS"
"LA_US_LAURA","4","LAURA_US_LA_2020",2005-04-01,25.7,"SUS"
"LA_US_ZETA","4","ZETA_US_LA_2020",2005-04-01,25.9,"SUS"
"MX_ERNESTO","5","ERNESTO_MX_2012",2005-04-01,34.2,"SG"
"MX_GRACE","3","GRACE_MX_2021",2005-04-01,33.4,"C"
"MX_TAMPS_EMILY","6","EMILY_TAMPS_MX_2005",2005-04-01,32.3,"WG"
"NC_US_ISABEL","4","ISABEL_US_NC_2003",2005-04-01,22.3,"SUS"
"NIC_ETA","2","ETA_NIC_2020",2005-04-01,32.5,"CA"
"NIC_FELIX","2","FELIX_NIC_2007",2005-04-01,32.4,"CA"
"NIC_IOTA","2","IOTA_NIC_2020",2005-04-01,32.6,"CA"
"PR_USA_MARIA","3","MARIA_US_PR_2017",2005-04-01,32.2,"C"
"QROO_WILMA","3","WILMA_QROO_2005",2005-04-01,31.9,"C"
"TX_US_HARVEY","6","HARVEY_US_TX_2017",2005-04-01,28.5,"WG"
"TX_US_IKE","4","IKE_US_TX_2008",2005-04-01,26.4,"SUS"
"TX_US_RITA","4","RITA_US_TX_2005",2005-04-01,26.6,"SUS"
"US_FL_DELTA","4","DELTA_US_LA_2020",2005-04-01,25.6,"SUS"
"US_FL_DENNIS","4","DENNIS_US_FL_2005",2005-04-01,24.8,"SUS"
"VER_MX_KARL","5","KARL_MX_VER_2010",2005-04-01,35.1,"SG"
"YUC_DELTA","5","DELTA_YUCATAN_MX_2020",2005-04-01,33.4,"SG"
"YUC_MX_EMILY","5","EMILY_MX_YUC_2005",2005-04-01,34.3,"SG"
"YUC_MX_ISIDORE","5","ISIDORE_MX_YUC_2002",2005-04-01,35.5,"SG"
"AL_US_IVAN","4","IVAN_US_AL_2004",2005-05-01,28.9,"SUS"
"AL_US_SALLY","4","SALLY_US_AL_2020",2005-05-01,28.6,"SUS"
"ALEX","6","ALEX_2010",2005-05-01,35.5,"WG"
"BELICE_RICHARD","3","RICHARD_BELICE_2010",2005-05-01,33.6,"C"
"BELIZE_IRIS","2","IRIS_BELIZE_2001",2005-05-01,33.7,"CA"
"BETA","2","BETA_2005",2005-05-01,31.8,"CA"
"CR_OTTO","2","OTTO_CR_2016",2005-05-01,32.4,"CA"
"CUBA_DENNIS","3","DENNIS_CUBA_2005",2005-05-01,32.2,"C"
"CUBA_GUSTAV","3","GUSTAV_CUBA_2008",2005-05-01,31.2,"C"
"CUBA_IAN","3","IAN_CUBA_2022",2005-05-01,31.1,"C"
"CUBA_MICHELLE","3","MICHELLE_CUBA_2001",2005-05-01,32.1,"C"
"CUBA_PALOMA","3","PALOMA_CUBA_2008",2005-05-01,32,"C"
"CUBA_SANDY","3","SANDY_CUBA_2012",2005-05-01,31.9,"C"
"DEAN_QROO_MX","5","DEAN_QROO_MX_2007",2005-05-01,35.1,"SG"
"FL_US_CHARLEY","1","CHARLEY_2004",2005-05-01,31.3,"FP"
"FL_US_FRANCES","1","FRANCES_US_FL_2004",2005-05-01,30.8,"FP"
"FL_US_IAN","1","IAN_US_FL_2022",2005-05-01,31.4,"FP"
"FL_US_IRMA","1","IRMA_US_FL_2017",2005-05-01,31.5,"FP"
"FL_US_JEANNE","1","JEANNE_US_FL_2004",2005-05-01,30.8,"FP"
"FL_US_MICHAEL","4","MICHAEL_US_FL_2018",2005-05-01,28.9,"SUS"
"FL_US_WILMA","1","WILMA_US_FL_2005",2005-05-01,31,"FP"
"LA_US_GUSTAV","4","GUSTAV_US_LA_2008",2005-05-01,29.1,"SUS"
"LA_US_IDA","4","IDA_US_LA_2009",2005-05-01,29.5,"SUS"
"LA_US_KATRINA","4","KATRINA_US_LA_2005",2005-05-01,29,"SUS"
"LA_US_LAURA","4","LAURA_US_LA_2020",2005-05-01,29.8,"SUS"
"LA_US_ZETA","4","ZETA_US_LA_2020",2005-05-01,29.5,"SUS"
"MX_ERNESTO","5","ERNESTO_MX_2012",2005-05-01,35.1,"SG"
"MX_GRACE","3","GRACE_MX_2021",2005-05-01,34.4,"C"
"MX_TAMPS_EMILY","6","EMILY_TAMPS_MX_2005",2005-05-01,34.6,"WG"
"NC_US_ISABEL","4","ISABEL_US_NC_2003",2005-05-01,24.4,"SUS"
"NIC_ETA","2","ETA_NIC_2020",2005-05-01,32.7,"CA"
"NIC_FELIX","2","FELIX_NIC_2007",2005-05-01,32.5,"CA"
"NIC_IOTA","2","IOTA_NIC_2020",2005-05-01,32.7,"CA"
"PR_USA_MARIA","3","MARIA_US_PR_2017",2005-05-01,32.1,"C"
"QROO_WILMA","3","WILMA_QROO_2005",2005-05-01,33.3,"C"
"TX_US_HARVEY","6","HARVEY_US_TX_2017",2005-05-01,30.9,"WG"
"TX_US_IKE","4","IKE_US_TX_2008",2005-05-01,30,"SUS"
"TX_US_RITA","4","RITA_US_TX_2005",2005-05-01,30.4,"SUS"
"US_FL_DELTA","4","DELTA_US_LA_2020",2005-05-01,29.7,"SUS"
"US_FL_DENNIS","4","DENNIS_US_FL_2005",2005-05-01,28.8,"SUS"
"VER_MX_KARL","5","KARL_MX_VER_2010",2005-05-01,36.2,"SG"
"YUC_DELTA","5","DELTA_YUCATAN_MX_2020",2005-05-01,34.5,"SG"
"YUC_MX_EMILY","5","EMILY_MX_YUC_2005",2005-05-01,35.3,"SG"
"YUC_MX_ISIDORE","5","ISIDORE_MX_YUC_2002",2005-05-01,36.5,"SG"
"AL_US_IVAN","4","IVAN_US_AL_2004",2005-06-01,31.8,"SUS"
"AL_US_SALLY","4","SALLY_US_AL_2020",2005-06-01,31.1,"SUS"
"ALEX","6","ALEX_2010",2005-06-01,38.3,"WG"
"BELICE_RICHARD","3","RICHARD_BELICE_2010",2005-06-01,32.3,"C"
"BELIZE_IRIS","2","IRIS_BELIZE_2001",2005-06-01,32.6,"CA"
"BETA","2","BETA_2005",2005-06-01,30.2,"CA"
"CR_OTTO","2","OTTO_CR_2016",2005-06-01,30.9,"CA"
"CUBA_DENNIS","3","DENNIS_CUBA_2005",2005-06-01,32.1,"C"
"CUBA_GUSTAV","3","GUSTAV_CUBA_2008",2005-06-01,31.4,"C"
"CUBA_IAN","3","IAN_CUBA_2022",2005-06-01,31.4,"C"
"CUBA_MICHELLE","3","MICHELLE_CUBA_2001",2005-06-01,32.1,"C"
"CUBA_PALOMA","3","PALOMA_CUBA_2008",2005-06-01,32.1,"C"
"CUBA_SANDY","3","SANDY_CUBA_2012",2005-06-01,32.6,"C"
"DEAN_QROO_MX","5","DEAN_QROO_MX_2007",2005-06-01,33.3,"SG"
"FL_US_CHARLEY","1","CHARLEY_2004",2005-06-01,32.1,"FP"
"FL_US_FRANCES","1","FRANCES_US_FL_2004",2005-06-01,31.9,"FP"
"FL_US_IAN","1","IAN_US_FL_2022",2005-06-01,32.1,"FP"
"FL_US_IRMA","1","IRMA_US_FL_2017",2005-06-01,32.2,"FP"
"FL_US_JEANNE","1","JEANNE_US_FL_2004",2005-06-01,31.9,"FP"
"FL_US_MICHAEL","4","MICHAEL_US_FL_2018",2005-06-01,31.4,"SUS"
"FL_US_WILMA","1","WILMA_US_FL_2005",2005-06-01,31.8,"FP"
"LA_US_GUSTAV","4","GUSTAV_US_LA_2008",2005-06-01,32.5,"SUS"
"LA_US_IDA","4","IDA_US_LA_2009",2005-06-01,32.6,"SUS"
"LA_US_KATRINA","4","KATRINA_US_LA_2005",2005-06-01,32.3,"SUS"
"LA_US_LAURA","4","LAURA_US_LA_2020",2005-06-01,33.8,"SUS"
"LA_US_ZETA","4","ZETA_US_LA_2020",2005-06-01,32.3,"SUS"
"MX_ERNESTO","5","ERNESTO_MX_2012",2005-06-01,33.3,"SG"
"MX_GRACE","3","GRACE_MX_2021",2005-06-01,35.4,"C"
"MX_TAMPS_EMILY","6","EMILY_TAMPS_MX_2005",2005-06-01,37.5,"WG"
"NC_US_ISABEL","4","ISABEL_US_NC_2003",2005-06-01,30,"SUS"
"NIC_ETA","2","ETA_NIC_2020",2005-06-01,30.3,"CA"
"NIC_FELIX","2","FELIX_NIC_2007",2005-06-01,30.6,"CA"
"NIC_IOTA","2","IOTA_NIC_2020",2005-06-01,30.4,"CA"
"PR_USA_MARIA","3","MARIA_US_PR_2017",2005-06-01,33,"C"
"QROO_WILMA","3","WILMA_QROO_2005",2005-06-01,32.8,"C"
"TX_US_HARVEY","6","HARVEY_US_TX_2017",2005-06-01,34.7,"WG"
"TX_US_IKE","4","IKE_US_TX_2008",2005-06-01,34.2,"SUS"
"TX_US_RITA","4","RITA_US_TX_2005",2005-06-01,34.4,"SUS"
"US_FL_DELTA","4","DELTA_US_LA_2020",2005-06-01,33.5,"SUS"
"US_FL_DENNIS","4","DENNIS_US_FL_2005",2005-06-01,31.8,"SUS"
"VER_MX_KARL","5","KARL_MX_VER_2010",2005-06-01,35.2,"SG"
"YUC_DELTA","5","DELTA_YUCATAN_MX_2020",2005-06-01,33.5,"SG"
"YUC_MX_EMILY","5","EMILY_MX_YUC_2005",2005-06-01,34.1,"SG"
"YUC_MX_ISIDORE","5","ISIDORE_MX_YUC_2002",2005-06-01,34.8,"SG"
"AL_US_IVAN","4","IVAN_US_AL_2004",2005-07-01,33.3,"SUS"
"AL_US_SALLY","4","SALLY_US_AL_2020",2005-07-01,32.6,"SUS"
"ALEX","6","ALEX_2010",2005-07-01,37.6,"WG"
"BELICE_RICHARD","3","RICHARD_BELICE_2010",2005-07-01,32.1,"C"
"BELIZE_IRIS","2","IRIS_BELIZE_2001",2005-07-01,31.8,"CA"
"BETA","2","BETA_2005",2005-07-01,30.1,"CA"
"CR_OTTO","2","OTTO_CR_2016",2005-07-01,31.2,"CA"
"CUBA_DENNIS","3","DENNIS_CUBA_2005",2005-07-01,33.8,"C"
"CUBA_GUSTAV","3","GUSTAV_CUBA_2008",2005-07-01,32.6,"C"
"CUBA_IAN","3","IAN_CUBA_2022",2005-07-01,32.6,"C"
"CUBA_MICHELLE","3","MICHELLE_CUBA_2001",2005-07-01,33.8,"C"
"CUBA_PALOMA","3","PALOMA_CUBA_2008",2005-07-01,33.8,"C"
"CUBA_SANDY","3","SANDY_CUBA_2012",2005-07-01,33.7,"C"
"DEAN_QROO_MX","5","DEAN_QROO_MX_2007",2005-07-01,33.5,"SG"
"FL_US_CHARLEY","1","CHARLEY_2004",2005-07-01,34.1,"FP"
"FL_US_FRANCES","1","FRANCES_US_FL_2004",2005-07-01,34.1,"FP"
"FL_US_IAN","1","IAN_US_FL_2022",2005-07-01,34.3,"FP"
"FL_US_IRMA","1","IRMA_US_FL_2017",2005-07-01,34.2,"FP"
"FL_US_JEANNE","1","JEANNE_US_FL_2004",2005-07-01,34.1,"FP"
"FL_US_MICHAEL","4","MICHAEL_US_FL_2018",2005-07-01,33.2,"SUS"
"FL_US_WILMA","1","WILMA_US_FL_2005",2005-07-01,34,"FP"
"LA_US_GUSTAV","4","GUSTAV_US_LA_2008",2005-07-01,32.8,"SUS"
"LA_US_IDA","4","IDA_US_LA_2009",2005-07-01,33.1,"SUS"
"LA_US_KATRINA","4","KATRINA_US_LA_2005",2005-07-01,33.1,"SUS"
"LA_US_LAURA","4","LAURA_US_LA_2020",2005-07-01,34.4,"SUS"
"LA_US_ZETA","4","ZETA_US_LA_2020",2005-07-01,33.1,"SUS"
"MX_ERNESTO","5","ERNESTO_MX_2012",2005-07-01,33.3,"SG"
"MX_GRACE","3","GRACE_MX_2021",2005-07-01,34.6,"C"
"MX_TAMPS_EMILY","6","EMILY_TAMPS_MX_2005",2005-07-01,37.1,"WG"
"NC_US_ISABEL","4","ISABEL_US_NC_2003",2005-07-01,32.5,"SUS"
"NIC_ETA","2","ETA_NIC_2020",2005-07-01,30.5,"CA"
"NIC_FELIX","2","FELIX_NIC_2007",2005-07-01,30.8,"CA"
"NIC_IOTA","2","IOTA_NIC_2020",2005-07-01,30.6,"CA"
"PR_USA_MARIA","3","MARIA_US_PR_2017",2005-07-01,33.1,"C"
"QROO_WILMA","3","WILMA_QROO_2005",2005-07-01,33.7,"C"
"TX_US_HARVEY","6","HARVEY_US_TX_2017",2005-07-01,36,"WG"
"TX_US_IKE","4","IKE_US_TX_2008",2005-07-01,35.1,"SUS"
"TX_US_RITA","4","RITA_US_TX_2005",2005-07-01,34.9,"SUS"
"US_FL_DELTA","4","DELTA_US_LA_2020",2005-07-01,33.9,"SUS"
"US_FL_DENNIS","4","DENNIS_US_FL_2005",2005-07-01,33.3,"SUS"
"VER_MX_KARL","5","KARL_MX_VER_2010",2005-07-01,33.8,"SG"
"YUC_DELTA","5","DELTA_YUCATAN_MX_2020",2005-07-01,33.7,"SG"
"YUC_MX_EMILY","5","EMILY_MX_YUC_2005",2005-07-01,34.2,"SG"
"YUC_MX_ISIDORE","5","ISIDORE_MX_YUC_2002",2005-07-01,34.3,"SG"
"AL_US_IVAN","4","IVAN_US_AL_2004",2005-08-01,33.6,"SUS"
"AL_US_SALLY","4","SALLY_US_AL_2020",2005-08-01,32.8,"SUS"
"ALEX","6","ALEX_2010",2005-08-01,37.3,"WG"
"BELICE_RICHARD","3","RICHARD_BELICE_2010",2005-08-01,33,"C"
"BELIZE_IRIS","2","IRIS_BELIZE_2001",2005-08-01,32.6,"CA"
"BETA","2","BETA_2005",2005-08-01,29.5,"CA"
"CR_OTTO","2","OTTO_CR_2016",2005-08-01,30.6,"CA"
"CUBA_DENNIS","3","DENNIS_CUBA_2005",2005-08-01,34.6,"C"
"CUBA_GUSTAV","3","GUSTAV_CUBA_2008",2005-08-01,33.1,"C"
"CUBA_IAN","3","IAN_CUBA_2022",2005-08-01,33.1,"C"
"CUBA_MICHELLE","3","MICHELLE_CUBA_2001",2005-08-01,34.5,"C"
"CUBA_PALOMA","3","PALOMA_CUBA_2008",2005-08-01,34.6,"C"
"CUBA_SANDY","3","SANDY_CUBA_2012",2005-08-01,34.8,"C"
"DEAN_QROO_MX","5","DEAN_QROO_MX_2007",2005-08-01,34,"SG"
"FL_US_CHARLEY","1","CHARLEY_2004",2005-08-01,34.6,"FP"
"FL_US_FRANCES","1","FRANCES_US_FL_2004",2005-08-01,34.6,"FP"
"FL_US_IAN","1","IAN_US_FL_2022",2005-08-01,34.8,"FP"
"FL_US_IRMA","1","IRMA_US_FL_2017",2005-08-01,34.6,"FP"
"FL_US_JEANNE","1","JEANNE_US_FL_2004",2005-08-01,34.6,"FP"
"FL_US_MICHAEL","4","MICHAEL_US_FL_2018",2005-08-01,33.1,"SUS"
"FL_US_WILMA","1","WILMA_US_FL_2005",2005-08-01,34.6,"FP"
"LA_US_GUSTAV","4","GUSTAV_US_LA_2008",2005-08-01,33.7,"SUS"
"LA_US_IDA","4","IDA_US_LA_2009",2005-08-01,33.9,"SUS"
"LA_US_KATRINA","4","KATRINA_US_LA_2005",2005-08-01,34.1,"SUS"
"LA_US_LAURA","4","LAURA_US_LA_2020",2005-08-01,35.3,"SUS"
"LA_US_ZETA","4","ZETA_US_LA_2020",2005-08-01,34.1,"SUS"
"MX_ERNESTO","5","ERNESTO_MX_2012",2005-08-01,33.9,"SG"
"MX_GRACE","3","GRACE_MX_2021",2005-08-01,34.3,"C"
"MX_TAMPS_EMILY","6","EMILY_TAMPS_MX_2005",2005-08-01,37.2,"WG"
"NC_US_ISABEL","4","ISABEL_US_NC_2003",2005-08-01,32.3,"SUS"
"NIC_ETA","2","ETA_NIC_2020",2005-08-01,30.5,"CA"
"NIC_FELIX","2","FELIX_NIC_2007",2005-08-01,30.7,"CA"
"NIC_IOTA","2","IOTA_NIC_2020",2005-08-01,30.5,"CA"
"PR_USA_MARIA","3","MARIA_US_PR_2017",2005-08-01,33.2,"C"
"QROO_WILMA","3","WILMA_QROO_2005",2005-08-01,34.2,"C"
"TX_US_HARVEY","6","HARVEY_US_TX_2017",2005-08-01,36.5,"WG"
"TX_US_IKE","4","IKE_US_TX_2008",2005-08-01,36,"SUS"
"TX_US_RITA","4","RITA_US_TX_2005",2005-08-01,35.6,"SUS"
"US_FL_DELTA","4","DELTA_US_LA_2020",2005-08-01,34.9,"SUS"
"US_FL_DENNIS","4","DENNIS_US_FL_2005",2005-08-01,33.6,"SUS"
"VER_MX_KARL","5","KARL_MX_VER_2010",2005-08-01,33.7,"SG"
"YUC_DELTA","5","DELTA_YUCATAN_MX_2020",2005-08-01,34.2,"SG"
"YUC_MX_EMILY","5","EMILY_MX_YUC_2005",2005-08-01,34.6,"SG"
"YUC_MX_ISIDORE","5","ISIDORE_MX_YUC_2002",2005-08-01,34.8,"SG"
"AL_US_IVAN","4","IVAN_US_AL_2004",2005-09-01,33.1,"SUS"
"AL_US_SALLY","4","SALLY_US_AL_2020",2005-09-01,32.9,"SUS"
"ALEX","6","ALEX_2010",2005-09-01,36.5,"WG"
"BELICE_RICHARD","3","RICHARD_BELICE_2010",2005-09-01,33.1,"C"
"BELIZE_IRIS","2","IRIS_BELIZE_2001",2005-09-01,32.8,"CA"
"BETA","2","BETA_2005",2005-09-01,30.2,"CA"
"CR_OTTO","2","OTTO_CR_2016",2005-09-01,30.6,"CA"
"CUBA_DENNIS","3","DENNIS_CUBA_2005",2005-09-01,33.4,"C"
"CUBA_GUSTAV","3","GUSTAV_CUBA_2008",2005-09-01,32,"C"
"CUBA_IAN","3","IAN_CUBA_2022",2005-09-01,32.1,"C"
"CUBA_MICHELLE","3","MICHELLE_CUBA_2001",2005-09-01,33.4,"C"
"CUBA_PALOMA","3","PALOMA_CUBA_2008",2005-09-01,33.8,"C"
"CUBA_SANDY","3","SANDY_CUBA_2012",2005-09-01,34.5,"C"
"DEAN_QROO_MX","5","DEAN_QROO_MX_2007",2005-09-01,33.8,"SG"
"FL_US_CHARLEY","1","CHARLEY_2004",2005-09-01,33.2,"FP"
"FL_US_FRANCES","1","FRANCES_US_FL_2004",2005-09-01,33.1,"FP"
"FL_US_IAN","1","IAN_US_FL_2022",2005-09-01,33.3,"FP"
"FL_US_IRMA","1","IRMA_US_FL_2017",2005-09-01,33.2,"FP"
"FL_US_JEANNE","1","JEANNE_US_FL_2004",2005-09-01,33.1,"FP"
"FL_US_MICHAEL","4","MICHAEL_US_FL_2018",2005-09-01,33.5,"SUS"
"FL_US_WILMA","1","WILMA_US_FL_2005",2005-09-01,33.2,"FP"
"LA_US_GUSTAV","4","GUSTAV_US_LA_2008",2005-09-01,33.2,"SUS"
"LA_US_IDA","4","IDA_US_LA_2009",2005-09-01,33.3,"SUS"
"LA_US_KATRINA","4","KATRINA_US_LA_2005",2005-09-01,33.3,"SUS"
"LA_US_LAURA","4","LAURA_US_LA_2020",2005-09-01,34.4,"SUS"
"LA_US_ZETA","4","ZETA_US_LA_2020",2005-09-01,33.3,"SUS"
"MX_ERNESTO","5","ERNESTO_MX_2012",2005-09-01,33.8,"SG"
"MX_GRACE","3","GRACE_MX_2021",2005-09-01,33.6,"C"
"MX_TAMPS_EMILY","6","EMILY_TAMPS_MX_2005",2005-09-01,36.2,"WG"
"NC_US_ISABEL","4","ISABEL_US_NC_2003",2005-09-01,30.6,"SUS"
"NIC_ETA","2","ETA_NIC_2020",2005-09-01,31.6,"CA"
"NIC_FELIX","2","FELIX_NIC_2007",2005-09-01,31.6,"CA"
"NIC_IOTA","2","IOTA_NIC_2020",2005-09-01,31.6,"CA"
"PR_USA_MARIA","3","MARIA_US_PR_2017",2005-09-01,33.6,"C"
"QROO_WILMA","3","WILMA_QROO_2005",2005-09-01,33.4,"C"
"TX_US_HARVEY","6","HARVEY_US_TX_2017",2005-09-01,36.2,"WG"
"TX_US_IKE","4","IKE_US_TX_2008",2005-09-01,35.3,"SUS"
"TX_US_RITA","4","RITA_US_TX_2005",2005-09-01,35,"SUS"
"US_FL_DELTA","4","DELTA_US_LA_2020",2005-09-01,33.9,"SUS"
"US_FL_DENNIS","4","DENNIS_US_FL_2005",2005-09-01,33.1,"SUS"
"VER_MX_KARL","5","KARL_MX_VER_2010",2005-09-01,33.5,"SG"
"YUC_DELTA","5","DELTA_YUCATAN_MX_2020",2005-09-01,33.4,"SG"
"YUC_MX_EMILY","5","EMILY_MX_YUC_2005",2005-09-01,34.1,"SG"
"YUC_MX_ISIDORE","5","ISIDORE_MX_YUC_2002",2005-09-01,34.2,"SG"
"AL_US_IVAN","4","IVAN_US_AL_2004",2005-10-01,27.1,"SUS"
"AL_US_SALLY","4","SALLY_US_AL_2020",2005-10-01,26.8,"SUS"
"ALEX","6","ALEX_2010",2005-10-01,32.2,"WG"
"BELICE_RICHARD","3","RICHARD_BELICE_2010",2005-10-01,31.2,"C"
"BELIZE_IRIS","2","IRIS_BELIZE_2001",2005-10-01,30.3,"CA"
"BETA","2","BETA_2005",2005-10-01,30.3,"CA"
"CR_OTTO","2","OTTO_CR_2016",2005-10-01,30.4,"CA"
"CUBA_DENNIS","3","DENNIS_CUBA_2005",2005-10-01,31.7,"C"
"CUBA_GUSTAV","3","GUSTAV_CUBA_2008",2005-10-01,30.6,"C"
"CUBA_IAN","3","IAN_CUBA_2022",2005-10-01,30.5,"C"
"CUBA_MICHELLE","3","MICHELLE_CUBA_2001",2005-10-01,31.7,"C"
"CUBA_PALOMA","3","PALOMA_CUBA_2008",2005-10-01,31.5,"C"
"CUBA_SANDY","3","SANDY_CUBA_2012",2005-10-01,32.1,"C"
"DEAN_QROO_MX","5","DEAN_QROO_MX_2007",2005-10-01,31.5,"SG"
"FL_US_CHARLEY","1","CHARLEY_2004",2005-10-01,30.4,"FP"
"FL_US_FRANCES","1","FRANCES_US_FL_2004",2005-10-01,29.9,"FP"
"FL_US_IAN","1","IAN_US_FL_2022",2005-10-01,30.5,"FP"
"FL_US_IRMA","1","IRMA_US_FL_2017",2005-10-01,30.7,"FP"
"FL_US_JEANNE","1","JEANNE_US_FL_2004",2005-10-01,29.9,"FP"
"FL_US_MICHAEL","4","MICHAEL_US_FL_2018",2005-10-01,27.8,"SUS"
"FL_US_WILMA","1","WILMA_US_FL_2005",2005-10-01,30.6,"FP"
"LA_US_GUSTAV","4","GUSTAV_US_LA_2008",2005-10-01,27.8,"SUS"
"LA_US_IDA","4","IDA_US_LA_2009",2005-10-01,27.8,"SUS"
"LA_US_KATRINA","4","KATRINA_US_LA_2005",2005-10-01,28.5,"SUS"
"LA_US_LAURA","4","LAURA_US_LA_2020",2005-10-01,28.1,"SUS"
"LA_US_ZETA","4","ZETA_US_LA_2020",2005-10-01,27.8,"SUS"
"MX_ERNESTO","5","ERNESTO_MX_2012",2005-10-01,31.5,"SG"
"MX_GRACE","3","GRACE_MX_2021",2005-10-01,30.7,"C"
"MX_TAMPS_EMILY","6","EMILY_TAMPS_MX_2005",2005-10-01,32,"WG"
"NC_US_ISABEL","4","ISABEL_US_NC_2003",2005-10-01,23.6,"SUS"
"NIC_ETA","2","ETA_NIC_2020",2005-10-01,30.2,"CA"
"NIC_FELIX","2","FELIX_NIC_2007",2005-10-01,30.3,"CA"
"NIC_IOTA","2","IOTA_NIC_2020",2005-10-01,30.2,"CA"
"PR_USA_MARIA","3","MARIA_US_PR_2017",2005-10-01,32.4,"C"
"QROO_WILMA","3","WILMA_QROO_2005",2005-10-01,31.3,"C"
"TX_US_HARVEY","6","HARVEY_US_TX_2017",2005-10-01,30.1,"WG"
"TX_US_IKE","4","IKE_US_TX_2008",2005-10-01,28.9,"SUS"
"TX_US_RITA","4","RITA_US_TX_2005",2005-10-01,28.8,"SUS"
"US_FL_DELTA","4","DELTA_US_LA_2020",2005-10-01,27.9,"SUS"
"US_FL_DENNIS","4","DENNIS_US_FL_2005",2005-10-01,27,"SUS"
"VER_MX_KARL","5","KARL_MX_VER_2010",2005-10-01,31.2,"SG"
"YUC_DELTA","5","DELTA_YUCATAN_MX_2020",2005-10-01,31.3,"SG"
"YUC_MX_EMILY","5","EMILY_MX_YUC_2005",2005-10-01,32.1,"SG"
"YUC_MX_ISIDORE","5","ISIDORE_MX_YUC_2002",2005-10-01,31.8,"SG"
"AL_US_IVAN","4","IVAN_US_AL_2004",2005-11-01,23.1,"SUS"
"AL_US_SALLY","4","SALLY_US_AL_2020",2005-11-01,22.8,"SUS"
"ALEX","6","ALEX_2010",2005-11-01,30,"WG"
"BELICE_RICHARD","3","RICHARD_BELICE_2010",2005-11-01,29.9,"C"
"BELIZE_IRIS","2","IRIS_BELIZE_2001",2005-11-01,29.4,"CA"
"BETA","2","BETA_2005",2005-11-01,28.6,"CA"
"CR_OTTO","2","OTTO_CR_2016",2005-11-01,29.4,"CA"
"CUBA_DENNIS","3","DENNIS_CUBA_2005",2005-11-01,30.1,"C"
"CUBA_GUSTAV","3","GUSTAV_CUBA_2008",2005-11-01,29.3,"C"
"CUBA_IAN","3","IAN_CUBA_2022",2005-11-01,29,"C"
"CUBA_MICHELLE","3","MICHELLE_CUBA_2001",2005-11-01,30,"C"
"CUBA_PALOMA","3","PALOMA_CUBA_2008",2005-11-01,30.7,"C"
"CUBA_SANDY","3","SANDY_CUBA_2012",2005-11-01,31.5,"C"
"DEAN_QROO_MX","5","DEAN_QROO_MX_2007",2005-11-01,30.3,"SG"
"FL_US_CHARLEY","1","CHARLEY_2004",2005-11-01,27.9,"FP"
"FL_US_FRANCES","1","FRANCES_US_FL_2004",2005-11-01,27.3,"FP"
"FL_US_IAN","1","IAN_US_FL_2022",2005-11-01,28.2,"FP"
"FL_US_IRMA","1","IRMA_US_FL_2017",2005-11-01,28.6,"FP"
"FL_US_JEANNE","1","JEANNE_US_FL_2004",2005-11-01,27.5,"FP"
"FL_US_MICHAEL","4","MICHAEL_US_FL_2018",2005-11-01,24.4,"SUS"
"FL_US_WILMA","1","WILMA_US_FL_2005",2005-11-01,28.5,"FP"
"LA_US_GUSTAV","4","GUSTAV_US_LA_2008",2005-11-01,24.8,"SUS"
"LA_US_IDA","4","IDA_US_LA_2009",2005-11-01,24.8,"SUS"
"LA_US_KATRINA","4","KATRINA_US_LA_2005",2005-11-01,25,"SUS"
"LA_US_LAURA","4","LAURA_US_LA_2020",2005-11-01,24.1,"SUS"
"LA_US_ZETA","4","ZETA_US_LA_2020",2005-11-01,24.5,"SUS"
"MX_ERNESTO","5","ERNESTO_MX_2012",2005-11-01,30.3,"SG"
"MX_GRACE","3","GRACE_MX_2021",2005-11-01,28.7,"C"
"MX_TAMPS_EMILY","6","EMILY_TAMPS_MX_2005",2005-11-01,29.4,"WG"
"NC_US_ISABEL","4","ISABEL_US_NC_2003",2005-11-01,20.4,"SUS"
"NIC_ETA","2","ETA_NIC_2020",2005-11-01,29.2,"CA"
"NIC_FELIX","2","FELIX_NIC_2007",2005-11-01,29.2,"CA"
"NIC_IOTA","2","IOTA_NIC_2020",2005-11-01,29.2,"CA"
"PR_USA_MARIA","3","MARIA_US_PR_2017",2005-11-01,31.7,"C"
"QROO_WILMA","3","WILMA_QROO_2005",2005-11-01,30.1,"C"
"TX_US_HARVEY","6","HARVEY_US_TX_2017",2005-11-01,27.2,"WG"
"TX_US_IKE","4","IKE_US_TX_2008",2005-11-01,25.4,"SUS"
"TX_US_RITA","4","RITA_US_TX_2005",2005-11-01,25,"SUS"
"US_FL_DELTA","4","DELTA_US_LA_2020",2005-11-01,24,"SUS"
"US_FL_DENNIS","4","DENNIS_US_FL_2005",2005-11-01,22.9,"SUS"
"VER_MX_KARL","5","KARL_MX_VER_2010",2005-11-01,30.8,"SG"
"YUC_DELTA","5","DELTA_YUCATAN_MX_2020",2005-11-01,30.2,"SG"
"YUC_MX_EMILY","5","EMILY_MX_YUC_2005",2005-11-01,30.9,"SG"
"YUC_MX_ISIDORE","5","ISIDORE_MX_YUC_2002",2005-11-01,30.9,"SG"
"AL_US_IVAN","4","IVAN_US_AL_2004",2005-12-01,16.7,"SUS"
"AL_US_SALLY","4","SALLY_US_AL_2020",2005-12-01,16.6,"SUS"
"ALEX","6","ALEX_2010",2005-12-01,25.5,"WG"
"BELICE_RICHARD","3","RICHARD_BELICE_2010",2005-12-01,29.1,"C"
"BELIZE_IRIS","2","IRIS_BELIZE_2001",2005-12-01,29.1,"CA"
"BETA","2","BETA_2005",2005-12-01,28.6,"CA"
"CR_OTTO","2","OTTO_CR_2016",2005-12-01,30.3,"CA"
"CUBA_DENNIS","3","DENNIS_CUBA_2005",2005-12-01,29.2,"C"
"CUBA_GUSTAV","3","GUSTAV_CUBA_2008",2005-12-01,28,"C"
"CUBA_IAN","3","IAN_CUBA_2022",2005-12-01,27.7,"C"
"CUBA_MICHELLE","3","MICHELLE_CUBA_2001",2005-12-01,29.1,"C"
"CUBA_PALOMA","3","PALOMA_CUBA_2008",2005-12-01,29.1,"C"
"CUBA_SANDY","3","SANDY_CUBA_2012",2005-12-01,30.5,"C"
"DEAN_QROO_MX","5","DEAN_QROO_MX_2007",2005-12-01,29.3,"SG"
"FL_US_CHARLEY","1","CHARLEY_2004",2005-12-01,24.1,"FP"
"FL_US_FRANCES","1","FRANCES_US_FL_2004",2005-12-01,24,"FP"
"FL_US_IAN","1","IAN_US_FL_2022",2005-12-01,24.3,"FP"
"FL_US_IRMA","1","IRMA_US_FL_2017",2005-12-01,25.2,"FP"
"FL_US_JEANNE","1","JEANNE_US_FL_2004",2005-12-01,24.1,"FP"
"FL_US_MICHAEL","4","MICHAEL_US_FL_2018",2005-12-01,17.8,"SUS"
"FL_US_WILMA","1","WILMA_US_FL_2005",2005-12-01,25.1,"FP"
"LA_US_GUSTAV","4","GUSTAV_US_LA_2008",2005-12-01,19.1,"SUS"
"LA_US_IDA","4","IDA_US_LA_2009",2005-12-01,19.1,"SUS"
"LA_US_KATRINA","4","KATRINA_US_LA_2005",2005-12-01,18.5,"SUS"
"LA_US_LAURA","4","LAURA_US_LA_2020",2005-12-01,17.9,"SUS"
"LA_US_ZETA","4","ZETA_US_LA_2020",2005-12-01,18.8,"SUS"
"MX_ERNESTO","5","ERNESTO_MX_2012",2005-12-01,29.2,"SG"
"MX_GRACE","3","GRACE_MX_2021",2005-12-01,25.4,"C"
"MX_TAMPS_EMILY","6","EMILY_TAMPS_MX_2005",2005-12-01,24.7,"WG"
"NC_US_ISABEL","4","ISABEL_US_NC_2003",2005-12-01,13,"SUS"
"NIC_ETA","2","ETA_NIC_2020",2005-12-01,28.2,"CA"
"NIC_FELIX","2","FELIX_NIC_2007",2005-12-01,28.8,"CA"
"NIC_IOTA","2","IOTA_NIC_2020",2005-12-01,28.4,"CA"
"PR_USA_MARIA","3","MARIA_US_PR_2017",2005-12-01,30.9,"C"
"QROO_WILMA","3","WILMA_QROO_2005",2005-12-01,29.2,"C"
"TX_US_HARVEY","6","HARVEY_US_TX_2017",2005-12-01,20.9,"WG"
"TX_US_IKE","4","IKE_US_TX_2008",2005-12-01,19,"SUS"
"TX_US_RITA","4","RITA_US_TX_2005",2005-12-01,18.6,"SUS"
"US_FL_DELTA","4","DELTA_US_LA_2020",2005-12-01,17.7,"SUS"
"US_FL_DENNIS","4","DENNIS_US_FL_2005",2005-12-01,16.6,"SUS"
"VER_MX_KARL","5","KARL_MX_VER_2010",2005-12-01,28.9,"SG"
"YUC_DELTA","5","DELTA_YUCATAN_MX_2020",2005-12-01,29.6,"SG"
"YUC_MX_EMILY","5","EMILY_MX_YUC_2005",2005-12-01,30.5,"SG"
"YUC_MX_ISIDORE","5","ISIDORE_MX_YUC_2002",2005-12-01,30,"SG"
"AL_US_IVAN","4","IVAN_US_AL_2004",2006-01-01,20,"SUS"
"AL_US_SALLY","4","SALLY_US_AL_2020",2006-01-01,19.9,"SUS"
"ALEX","6","ALEX_2010",2006-01-01,28.1,"WG"
"BELICE_RICHARD","3","RICHARD_BELICE_2010",2006-01-01,28.4,"C"
"BELIZE_IRIS","2","IRIS_BELIZE_2001",2006-01-01,28.1,"CA"
"BETA","2","BETA_2005",2006-01-01,28.8,"CA"
"CR_OTTO","2","OTTO_CR_2016",2006-01-01,31.4,"CA"
"CUBA_DENNIS","3","DENNIS_CUBA_2005",2006-01-01,29.2,"C"
"CUBA_GUSTAV","3","GUSTAV_CUBA_2008",2006-01-01,28,"C"
"CUBA_IAN","3","IAN_CUBA_2022",2006-01-01,27.6,"C"
"CUBA_MICHELLE","3","MICHELLE_CUBA_2001",2006-01-01,29,"C"
"CUBA_PALOMA","3","PALOMA_CUBA_2008",2006-01-01,29.3,"C"
"CUBA_SANDY","3","SANDY_CUBA_2012",2006-01-01,30.4,"C"
"DEAN_QROO_MX","5","DEAN_QROO_MX_2007",2006-01-01,29,"SG"
"FL_US_CHARLEY","1","CHARLEY_2004",2006-01-01,24.8,"FP"
"FL_US_FRANCES","1","FRANCES_US_FL_2004",2006-01-01,24.8,"FP"
"FL_US_IAN","1","IAN_US_FL_2022",2006-01-01,25.2,"FP"
"FL_US_IRMA","1","IRMA_US_FL_2017",2006-01-01,25.8,"FP"
"FL_US_JEANNE","1","JEANNE_US_FL_2004",2006-01-01,25,"FP"
"FL_US_MICHAEL","4","MICHAEL_US_FL_2018",2006-01-01,20.8,"SUS"
"FL_US_WILMA","1","WILMA_US_FL_2005",2006-01-01,25.7,"FP"
"LA_US_GUSTAV","4","GUSTAV_US_LA_2008",2006-01-01,22.3,"SUS"
"LA_US_IDA","4","IDA_US_LA_2009",2006-01-01,21.8,"SUS"
"LA_US_KATRINA","4","KATRINA_US_LA_2005",2006-01-01,21.2,"SUS"
"LA_US_LAURA","4","LAURA_US_LA_2020",2006-01-01,21.2,"SUS"
"LA_US_ZETA","4","ZETA_US_LA_2020",2006-01-01,21.6,"SUS"
"MX_ERNESTO","5","ERNESTO_MX_2012",2006-01-01,28.9,"SG"
"MX_GRACE","3","GRACE_MX_2021",2006-01-01,27.3,"C"
"MX_TAMPS_EMILY","6","EMILY_TAMPS_MX_2005",2006-01-01,26.9,"WG"
"NC_US_ISABEL","4","ISABEL_US_NC_2003",2006-01-01,16.3,"SUS"
"NIC_ETA","2","ETA_NIC_2020",2006-01-01,28.8,"CA"
"NIC_FELIX","2","FELIX_NIC_2007",2006-01-01,29.1,"CA"
"NIC_IOTA","2","IOTA_NIC_2020",2006-01-01,29,"CA"
"PR_USA_MARIA","3","MARIA_US_PR_2017",2006-01-01,30.4,"C"
"QROO_WILMA","3","WILMA_QROO_2005",2006-01-01,28.6,"C"
"TX_US_HARVEY","6","HARVEY_US_TX_2017",2006-01-01,24.3,"WG"
"TX_US_IKE","4","IKE_US_TX_2008",2006-01-01,22.2,"SUS"
"TX_US_RITA","4","RITA_US_TX_2005",2006-01-01,21.8,"SUS"
"US_FL_DELTA","4","DELTA_US_LA_2020",2006-01-01,20.7,"SUS"
"US_FL_DENNIS","4","DENNIS_US_FL_2005",2006-01-01,19.9,"SUS"
"VER_MX_KARL","5","KARL_MX_VER_2010",2006-01-01,30.8,"SG"
"YUC_DELTA","5","DELTA_YUCATAN_MX_2020",2006-01-01,28.8,"SG"
"YUC_MX_EMILY","5","EMILY_MX_YUC_2005",2006-01-01,29.8,"SG"
"YUC_MX_ISIDORE","5","ISIDORE_MX_YUC_2002",2006-01-01,29.7,"SG"
"AL_US_IVAN","4","IVAN_US_AL_2004",2006-02-01,17.4,"SUS"
"AL_US_SALLY","4","SALLY_US_AL_2020",2006-02-01,17.5,"SUS"
"ALEX","6","ALEX_2010",2006-02-01,29,"WG"
"BELICE_RICHARD","3","RICHARD_BELICE_2010",2006-02-01,28.8,"C"
"BELIZE_IRIS","2","IRIS_BELIZE_2001",2006-02-01,29.5,"CA"
"BETA","2","BETA_2005",2006-02-01,29.5,"CA"
"CR_OTTO","2","OTTO_CR_2016",2006-02-01,31.8,"CA"
"CUBA_DENNIS","3","DENNIS_CUBA_2005",2006-02-01,28.7,"C"
"CUBA_GUSTAV","3","GUSTAV_CUBA_2008",2006-02-01,27.3,"C"
"CUBA_IAN","3","IAN_CUBA_2022",2006-02-01,27.2,"C"
"CUBA_MICHELLE","3","MICHELLE_CUBA_2001",2006-02-01,28.6,"C"
"CUBA_PALOMA","3","PALOMA_CUBA_2008",2006-02-01,28.2,"C"
"CUBA_SANDY","3","SANDY_CUBA_2012",2006-02-01,29.5,"C"
"DEAN_QROO_MX","5","DEAN_QROO_MX_2007",2006-02-01,29.9,"SG"
"FL_US_CHARLEY","1","CHARLEY_2004",2006-02-01,23.8,"FP"
"FL_US_FRANCES","1","FRANCES_US_FL_2004",2006-02-01,23.9,"FP"
"FL_US_IAN","1","IAN_US_FL_2022",2006-02-01,24.3,"FP"
"FL_US_IRMA","1","IRMA_US_FL_2017",2006-02-01,24.8,"FP"
"FL_US_JEANNE","1","JEANNE_US_FL_2004",2006-02-01,24,"FP"
"FL_US_MICHAEL","4","MICHAEL_US_FL_2018",2006-02-01,18.3,"SUS"
"FL_US_WILMA","1","WILMA_US_FL_2005",2006-02-01,24.8,"FP"
"LA_US_GUSTAV","4","GUSTAV_US_LA_2008",2006-02-01,18.9,"SUS"
"LA_US_IDA","4","IDA_US_LA_2009",2006-02-01,18.9,"SUS"
"LA_US_KATRINA","4","KATRINA_US_LA_2005",2006-02-01,18.2,"SUS"
"LA_US_LAURA","4","LAURA_US_LA_2020",2006-02-01,18.5,"SUS"
"LA_US_ZETA","4","ZETA_US_LA_2020",2006-02-01,18.6,"SUS"
"MX_ERNESTO","5","ERNESTO_MX_2012",2006-02-01,29.8,"SG"
"MX_GRACE","3","GRACE_MX_2021",2006-02-01,28.2,"C"
"MX_TAMPS_EMILY","6","EMILY_TAMPS_MX_2005",2006-02-01,27.7,"WG"
"NC_US_ISABEL","4","ISABEL_US_NC_2003",2006-02-01,13.8,"SUS"
"NIC_ETA","2","ETA_NIC_2020",2006-02-01,29.4,"CA"
"NIC_FELIX","2","FELIX_NIC_2007",2006-02-01,28.9,"CA"
"NIC_IOTA","2","IOTA_NIC_2020",2006-02-01,29.6,"CA"
"PR_USA_MARIA","3","MARIA_US_PR_2017",2006-02-01,30.5,"C"
"QROO_WILMA","3","WILMA_QROO_2005",2006-02-01,29.1,"C"
"TX_US_HARVEY","6","HARVEY_US_TX_2017",2006-02-01,22.5,"WG"
"TX_US_IKE","4","IKE_US_TX_2008",2006-02-01,19.7,"SUS"
"TX_US_RITA","4","RITA_US_TX_2005",2006-02-01,19.5,"SUS"
"US_FL_DELTA","4","DELTA_US_LA_2020",2006-02-01,18.3,"SUS"
"US_FL_DENNIS","4","DENNIS_US_FL_2005",2006-02-01,17.5,"SUS"
"VER_MX_KARL","5","KARL_MX_VER_2010",2006-02-01,31.2,"SG"
"YUC_DELTA","5","DELTA_YUCATAN_MX_2020",2006-02-01,29.9,"SG"
"YUC_MX_EMILY","5","EMILY_MX_YUC_2005",2006-02-01,30.9,"SG"
"YUC_MX_ISIDORE","5","ISIDORE_MX_YUC_2002",2006-02-01,31,"SG"
"AL_US_IVAN","4","IVAN_US_AL_2004",2006-03-01,22.8,"SUS"
"AL_US_SALLY","4","SALLY_US_AL_2020",2006-03-01,22.7,"SUS"
"ALEX","6","ALEX_2010",2006-03-01,32.1,"WG"
"BELICE_RICHARD","3","RICHARD_BELICE_2010",2006-03-01,31,"C"
"BELIZE_IRIS","2","IRIS_BELIZE_2001",2006-03-01,31.6,"CA"
"BETA","2","BETA_2005",2006-03-01,30.8,"CA"
"CR_OTTO","2","OTTO_CR_2016",2006-03-01,32.6,"CA"
"CUBA_DENNIS","3","DENNIS_CUBA_2005",2006-03-01,30.5,"C"
"CUBA_GUSTAV","3","GUSTAV_CUBA_2008",2006-03-01,29.4,"C"
"CUBA_IAN","3","IAN_CUBA_2022",2006-03-01,29.4,"C"
"CUBA_MICHELLE","3","MICHELLE_CUBA_2001",2006-03-01,30.4,"C"
"CUBA_PALOMA","3","PALOMA_CUBA_2008",2006-03-01,30,"C"
"CUBA_SANDY","3","SANDY_CUBA_2012",2006-03-01,30.4,"C"
"DEAN_QROO_MX","5","DEAN_QROO_MX_2007",2006-03-01,32.8,"SG"
"FL_US_CHARLEY","1","CHARLEY_2004",2006-03-01,27.2,"FP"
"FL_US_FRANCES","1","FRANCES_US_FL_2004",2006-03-01,27.2,"FP"
"FL_US_IAN","1","IAN_US_FL_2022",2006-03-01,27.4,"FP"
"FL_US_IRMA","1","IRMA_US_FL_2017",2006-03-01,27.8,"FP"
"FL_US_JEANNE","1","JEANNE_US_FL_2004",2006-03-01,27.2,"FP"
"FL_US_MICHAEL","4","MICHAEL_US_FL_2018",2006-03-01,23.3,"SUS"
"FL_US_WILMA","1","WILMA_US_FL_2005",2006-03-01,27.6,"FP"
"LA_US_GUSTAV","4","GUSTAV_US_LA_2008",2006-03-01,23.8,"SUS"
"LA_US_IDA","4","IDA_US_LA_2009",2006-03-01,23.7,"SUS"
"LA_US_KATRINA","4","KATRINA_US_LA_2005",2006-03-01,23,"SUS"
"LA_US_LAURA","4","LAURA_US_LA_2020",2006-03-01,23.9,"SUS"
"LA_US_ZETA","4","ZETA_US_LA_2020",2006-03-01,24.7,"SUS"
"MX_ERNESTO","5","ERNESTO_MX_2012",2006-03-01,32.8,"SG"
"MX_GRACE","3","GRACE_MX_2021",2006-03-01,30.6,"C"
"MX_TAMPS_EMILY","6","EMILY_TAMPS_MX_2005",2006-03-01,30.9,"WG"
"NC_US_ISABEL","4","ISABEL_US_NC_2003",2006-03-01,18,"SUS"
"NIC_ETA","2","ETA_NIC_2020",2006-03-01,31.6,"CA"
"NIC_FELIX","2","FELIX_NIC_2007",2006-03-01,30.9,"CA"
"NIC_IOTA","2","IOTA_NIC_2020",2006-03-01,31.7,"CA"
"PR_USA_MARIA","3","MARIA_US_PR_2017",2006-03-01,31,"C"
"QROO_WILMA","3","WILMA_QROO_2005",2006-03-01,31.4,"C"
"TX_US_HARVEY","6","HARVEY_US_TX_2017",2006-03-01,27.2,"WG"
"TX_US_IKE","4","IKE_US_TX_2008",2006-03-01,24.9,"SUS"
"TX_US_RITA","4","RITA_US_TX_2005",2006-03-01,24.8,"SUS"
"US_FL_DELTA","4","DELTA_US_LA_2020",2006-03-01,23.5,"SUS"
"US_FL_DENNIS","4","DENNIS_US_FL_2005",2006-03-01,22.7,"SUS"
"VER_MX_KARL","5","KARL_MX_VER_2010",2006-03-01,34,"SG"
"YUC_DELTA","5","DELTA_YUCATAN_MX_2020",2006-03-01,32.5,"SG"
"YUC_MX_EMILY","5","EMILY_MX_YUC_2005",2006-03-01,33.4,"SG"
"YUC_MX_ISIDORE","5","ISIDORE_MX_YUC_2002",2006-03-01,34.2,"SG"
"AL_US_IVAN","4","IVAN_US_AL_2004",2006-04-01,28.4,"SUS"
"AL_US_SALLY","4","SALLY_US_AL_2020",2006-04-01,28,"SUS"
"ALEX","6","ALEX_2010",2006-04-01,35.1,"WG"
"BELICE_RICHARD","3","RICHARD_BELICE_2010",2006-04-01,33.2,"C"
"BELIZE_IRIS","2","IRIS_BELIZE_2001",2006-04-01,33.4,"CA"
"BETA","2","BETA_2005",2006-04-01,31,"CA"
"CR_OTTO","2","OTTO_CR_2016",2006-04-01,32.6,"CA"
"CUBA_DENNIS","3","DENNIS_CUBA_2005",2006-04-01,32.1,"C"
"CUBA_GUSTAV","3","GUSTAV_CUBA_2008",2006-04-01,31,"C"
"CUBA_IAN","3","IAN_CUBA_2022",2006-04-01,30.9,"C"
"CUBA_MICHELLE","3","MICHELLE_CUBA_2001",2006-04-01,32,"C"
"CUBA_PALOMA","3","PALOMA_CUBA_2008",2006-04-01,31.2,"C"
"CUBA_SANDY","3","SANDY_CUBA_2012",2006-04-01,31.6,"C"
"DEAN_QROO_MX","5","DEAN_QROO_MX_2007",2006-04-01,34.5,"SG"
"FL_US_CHARLEY","1","CHARLEY_2004",2006-04-01,30.5,"FP"
"FL_US_FRANCES","1","FRANCES_US_FL_2004",2006-04-01,30.5,"FP"
"FL_US_IAN","1","IAN_US_FL_2022",2006-04-01,30.6,"FP"
"FL_US_IRMA","1","IRMA_US_FL_2017",2006-04-01,30.8,"FP"
"FL_US_JEANNE","1","JEANNE_US_FL_2004",2006-04-01,30.5,"FP"
"FL_US_MICHAEL","4","MICHAEL_US_FL_2018",2006-04-01,28.5,"SUS"
"FL_US_WILMA","1","WILMA_US_FL_2005",2006-04-01,30.3,"FP"
"LA_US_GUSTAV","4","GUSTAV_US_LA_2008",2006-04-01,28.2,"SUS"
"LA_US_IDA","4","IDA_US_LA_2009",2006-04-01,28.5,"SUS"
"LA_US_KATRINA","4","KATRINA_US_LA_2005",2006-04-01,28.1,"SUS"
"LA_US_LAURA","4","LAURA_US_LA_2020",2006-04-01,28.5,"SUS"
"LA_US_ZETA","4","ZETA_US_LA_2020",2006-04-01,29.1,"SUS"
"MX_ERNESTO","5","ERNESTO_MX_2012",2006-04-01,34.4,"SG"
"MX_GRACE","3","GRACE_MX_2021",2006-04-01,32.7,"C"
"MX_TAMPS_EMILY","6","EMILY_TAMPS_MX_2005",2006-04-01,34.2,"WG"
"NC_US_ISABEL","4","ISABEL_US_NC_2003",2006-04-01,24.5,"SUS"
"NIC_ETA","2","ETA_NIC_2020",2006-04-01,32.2,"CA"
"NIC_FELIX","2","FELIX_NIC_2007",2006-04-01,31.8,"CA"
"NIC_IOTA","2","IOTA_NIC_2020",2006-04-01,32.2,"CA"
"PR_USA_MARIA","3","MARIA_US_PR_2017",2006-04-01,31.6,"C"
"QROO_WILMA","3","WILMA_QROO_2005",2006-04-01,32.9,"C"
"TX_US_HARVEY","6","HARVEY_US_TX_2017",2006-04-01,31.5,"WG"
"TX_US_IKE","4","IKE_US_TX_2008",2006-04-01,29.4,"SUS"
"TX_US_RITA","4","RITA_US_TX_2005",2006-04-01,29.3,"SUS"
"US_FL_DELTA","4","DELTA_US_LA_2020",2006-04-01,28.3,"SUS"
"US_FL_DENNIS","4","DENNIS_US_FL_2005",2006-04-01,28.4,"SUS"
"VER_MX_KARL","5","KARL_MX_VER_2010",2006-04-01,34.9,"SG"
"YUC_DELTA","5","DELTA_YUCATAN_MX_2020",2006-04-01,34.3,"SG"
"YUC_MX_EMILY","5","EMILY_MX_YUC_2005",2006-04-01,35.1,"SG"
"YUC_MX_ISIDORE","5","ISIDORE_MX_YUC_2002",2006-04-01,36.1,"SG"
"AL_US_IVAN","4","IVAN_US_AL_2004",2006-05-01,29.8,"SUS"
"AL_US_SALLY","4","SALLY_US_AL_2020",2006-05-01,29.6,"SUS"
"ALEX","6","ALEX_2010",2006-05-01,37.4,"WG"
"BELICE_RICHARD","3","RICHARD_BELICE_2010",2006-05-01,32.2,"C"
"BELIZE_IRIS","2","IRIS_BELIZE_2001",2006-05-01,32.2,"CA"
"BETA","2","BETA_2005",2006-05-01,31.5,"CA"
"CR_OTTO","2","OTTO_CR_2016",2006-05-01,32,"CA"
"CUBA_DENNIS","3","DENNIS_CUBA_2005",2006-05-01,32.1,"C"
"CUBA_GUSTAV","3","GUSTAV_CUBA_2008",2006-05-01,31.2,"C"
"CUBA_IAN","3","IAN_CUBA_2022",2006-05-01,31.1,"C"
"CUBA_MICHELLE","3","MICHELLE_CUBA_2001",2006-05-01,32,"C"
"CUBA_PALOMA","3","PALOMA_CUBA_2008",2006-05-01,31.8,"C"
"CUBA_SANDY","3","SANDY_CUBA_2012",2006-05-01,32.1,"C"
"DEAN_QROO_MX","5","DEAN_QROO_MX_2007",2006-05-01,33.8,"SG"
"FL_US_CHARLEY","1","CHARLEY_2004",2006-05-01,32.1,"FP"
"FL_US_FRANCES","1","FRANCES_US_FL_2004",2006-05-01,31.8,"FP"
"FL_US_IAN","1","IAN_US_FL_2022",2006-05-01,32.2,"FP"
"FL_US_IRMA","1","IRMA_US_FL_2017",2006-05-01,32.3,"FP"
"FL_US_JEANNE","1","JEANNE_US_FL_2004",2006-05-01,31.8,"FP"
"FL_US_MICHAEL","4","MICHAEL_US_FL_2018",2006-05-01,30.2,"SUS"
"FL_US_WILMA","1","WILMA_US_FL_2005",2006-05-01,31.8,"FP"
"LA_US_GUSTAV","4","GUSTAV_US_LA_2008",2006-05-01,29.7,"SUS"
"LA_US_IDA","4","IDA_US_LA_2009",2006-05-01,30.1,"SUS"
"LA_US_KATRINA","4","KATRINA_US_LA_2005",2006-05-01,29.8,"SUS"
"LA_US_LAURA","4","LAURA_US_LA_2020",2006-05-01,30.3,"SUS"
"LA_US_ZETA","4","ZETA_US_LA_2020",2006-05-01,30.4,"SUS"
"MX_ERNESTO","5","ERNESTO_MX_2012",2006-05-01,33.8,"SG"
"MX_GRACE","3","GRACE_MX_2021",2006-05-01,34.9,"C"
"MX_TAMPS_EMILY","6","EMILY_TAMPS_MX_2005",2006-05-01,36.5,"WG"
"NC_US_ISABEL","4","ISABEL_US_NC_2003",2006-05-01,26.2,"SUS"
"NIC_ETA","2","ETA_NIC_2020",2006-05-01,31.9,"CA"
"NIC_FELIX","2","FELIX_NIC_2007",2006-05-01,32.1,"CA"
"NIC_IOTA","2","IOTA_NIC_2020",2006-05-01,32.1,"CA"
"PR_USA_MARIA","3","MARIA_US_PR_2017",2006-05-01,32.2,"C"
"QROO_WILMA","3","WILMA_QROO_2005",2006-05-01,32.5,"C"
"TX_US_HARVEY","6","HARVEY_US_TX_2017",2006-05-01,32.9,"WG"
"TX_US_IKE","4","IKE_US_TX_2008",2006-05-01,31.2,"SUS"
"TX_US_RITA","4","RITA_US_TX_2005",2006-05-01,31,"SUS"
"US_FL_DELTA","4","DELTA_US_LA_2020",2006-05-01,30.1,"SUS"
"US_FL_DENNIS","4","DENNIS_US_FL_2005",2006-05-01,29.8,"SUS"
"VER_MX_KARL","5","KARL_MX_VER_2010",2006-05-01,36.7,"SG"
"YUC_DELTA","5","DELTA_YUCATAN_MX_2020",2006-05-01,33.6,"SG"
"YUC_MX_EMILY","5","EMILY_MX_YUC_2005",2006-05-01,34.3,"SG"
"YUC_MX_ISIDORE","5","ISIDORE_MX_YUC_2002",2006-05-01,35.4,"SG"
"AL_US_IVAN","4","IVAN_US_AL_2004",2006-06-01,33.9,"SUS"
"AL_US_SALLY","4","SALLY_US_AL_2020",2006-06-01,33.2,"SUS"
"ALEX","6","ALEX_2010",2006-06-01,37,"WG"
"BELICE_RICHARD","3","RICHARD_BELICE_2010",2006-06-01,32,"C"
"BELIZE_IRIS","2","IRIS_BELIZE_2001",2006-06-01,32.5,"CA"
"BETA","2","BETA_2005",2006-06-01,30,"CA"
"CR_OTTO","2","OTTO_CR_2016",2006-06-01,30.9,"CA"
"CUBA_DENNIS","3","DENNIS_CUBA_2005",2006-06-01,32.3,"C"
"CUBA_GUSTAV","3","GUSTAV_CUBA_2008",2006-06-01,31.6,"C"
"CUBA_IAN","3","IAN_CUBA_2022",2006-06-01,31.6,"C"
"CUBA_MICHELLE","3","MICHELLE_CUBA_2001",2006-06-01,32.3,"C"
"CUBA_PALOMA","3","PALOMA_CUBA_2008",2006-06-01,32.4,"C"
"CUBA_SANDY","3","SANDY_CUBA_2012",2006-06-01,32.9,"C"
"DEAN_QROO_MX","5","DEAN_QROO_MX_2007",2006-06-01,33.1,"SG"
"FL_US_CHARLEY","1","CHARLEY_2004",2006-06-01,32.9,"FP"
"FL_US_FRANCES","1","FRANCES_US_FL_2004",2006-06-01,32.9,"FP"
"FL_US_IAN","1","IAN_US_FL_2022",2006-06-01,33.1,"FP"
"FL_US_IRMA","1","IRMA_US_FL_2017",2006-06-01,33.1,"FP"
"FL_US_JEANNE","1","JEANNE_US_FL_2004",2006-06-01,32.9,"FP"
"FL_US_MICHAEL","4","MICHAEL_US_FL_2018",2006-06-01,33.3,"SUS"
"FL_US_WILMA","1","WILMA_US_FL_2005",2006-06-01,32.6,"FP"
"LA_US_GUSTAV","4","GUSTAV_US_LA_2008",2006-06-01,33.1,"SUS"
"LA_US_IDA","4","IDA_US_LA_2009",2006-06-01,33.5,"SUS"
"LA_US_KATRINA","4","KATRINA_US_LA_2005",2006-06-01,33.8,"SUS"
"LA_US_LAURA","4","LAURA_US_LA_2020",2006-06-01,33.5,"SUS"
"LA_US_ZETA","4","ZETA_US_LA_2020",2006-06-01,33.5,"SUS"
"MX_ERNESTO","5","ERNESTO_MX_2012",2006-06-01,33.1,"SG"
"MX_GRACE","3","GRACE_MX_2021",2006-06-01,34.5,"C"
"MX_TAMPS_EMILY","6","EMILY_TAMPS_MX_2005",2006-06-01,36.3,"WG"
"NC_US_ISABEL","4","ISABEL_US_NC_2003",2006-06-01,29.7,"SUS"
"NIC_ETA","2","ETA_NIC_2020",2006-06-01,30.2,"CA"
"NIC_FELIX","2","FELIX_NIC_2007",2006-06-01,30.3,"CA"
"NIC_IOTA","2","IOTA_NIC_2020",2006-06-01,30.2,"CA"
"PR_USA_MARIA","3","MARIA_US_PR_2017",2006-06-01,32.8,"C"
"QROO_WILMA","3","WILMA_QROO_2005",2006-06-01,32.8,"C"
"TX_US_HARVEY","6","HARVEY_US_TX_2017",2006-06-01,34.6,"WG"
"TX_US_IKE","4","IKE_US_TX_2008",2006-06-01,33.8,"SUS"
"TX_US_RITA","4","RITA_US_TX_2005",2006-06-01,33.9,"SUS"
"US_FL_DELTA","4","DELTA_US_LA_2020",2006-06-01,33.5,"SUS"
"US_FL_DENNIS","4","DENNIS_US_FL_2005",2006-06-01,33.9,"SUS"
"VER_MX_KARL","5","KARL_MX_VER_2010",2006-06-01,33.7,"SG"
"YUC_DELTA","5","DELTA_YUCATAN_MX_2020",2006-06-01,33.5,"SG"
"YUC_MX_EMILY","5","EMILY_MX_YUC_2005",2006-06-01,34,"SG"
"YUC_MX_ISIDORE","5","ISIDORE_MX_YUC_2002",2006-06-01,34.8,"SG"
"AL_US_IVAN","4","IVAN_US_AL_2004",2006-07-01,34.4,"SUS"
"AL_US_SALLY","4","SALLY_US_AL_2020",2006-07-01,33.7,"SUS"
"ALEX","6","ALEX_2010",2006-07-01,37,"WG"
"BELICE_RICHARD","3","RICHARD_BELICE_2010",2006-07-01,31.4,"C"
"BELIZE_IRIS","2","IRIS_BELIZE_2001",2006-07-01,30.9,"CA"
"BETA","2","BETA_2005",2006-07-01,29.7,"CA"
"CR_OTTO","2","OTTO_CR_2016",2006-07-01,30.9,"CA"
"CUBA_DENNIS","3","DENNIS_CUBA_2005",2006-07-01,33.3,"C"
"CUBA_GUSTAV","3","GUSTAV_CUBA_2008",2006-07-01,32.2,"C"
"CUBA_IAN","3","IAN_CUBA_2022",2006-07-01,32.2,"C"
"CUBA_MICHELLE","3","MICHELLE_CUBA_2001",2006-07-01,33.3,"C"
"CUBA_PALOMA","3","PALOMA_CUBA_2008",2006-07-01,33.6,"C"
"CUBA_SANDY","3","SANDY_CUBA_2012",2006-07-01,33.9,"C"
"DEAN_QROO_MX","5","DEAN_QROO_MX_2007",2006-07-01,32.7,"SG"
"FL_US_CHARLEY","1","CHARLEY_2004",2006-07-01,33.5,"FP"
"FL_US_FRANCES","1","FRANCES_US_FL_2004",2006-07-01,33.4,"FP"
"FL_US_IAN","1","IAN_US_FL_2022",2006-07-01,33.6,"FP"
"FL_US_IRMA","1","IRMA_US_FL_2017",2006-07-01,33.5,"FP"
"FL_US_JEANNE","1","JEANNE_US_FL_2004",2006-07-01,33.4,"FP"
"FL_US_MICHAEL","4","MICHAEL_US_FL_2018",2006-07-01,34.1,"SUS"
"FL_US_WILMA","1","WILMA_US_FL_2005",2006-07-01,33.1,"FP"
"LA_US_GUSTAV","4","GUSTAV_US_LA_2008",2006-07-01,32.7,"SUS"
"LA_US_IDA","4","IDA_US_LA_2009",2006-07-01,33.3,"SUS"
"LA_US_KATRINA","4","KATRINA_US_LA_2005",2006-07-01,33.7,"SUS"
"LA_US_LAURA","4","LAURA_US_LA_2020",2006-07-01,33.9,"SUS"
"LA_US_ZETA","4","ZETA_US_LA_2020",2006-07-01,33.4,"SUS"
"MX_ERNESTO","5","ERNESTO_MX_2012",2006-07-01,32.5,"SG"
"MX_GRACE","3","GRACE_MX_2021",2006-07-01,34.1,"C"
"MX_TAMPS_EMILY","6","EMILY_TAMPS_MX_2005",2006-07-01,36.5,"WG"
"NC_US_ISABEL","4","ISABEL_US_NC_2003",2006-07-01,32.5,"SUS"
"NIC_ETA","2","ETA_NIC_2020",2006-07-01,30.2,"CA"
"NIC_FELIX","2","FELIX_NIC_2007",2006-07-01,30.5,"CA"
"NIC_IOTA","2","IOTA_NIC_2020",2006-07-01,30.3,"CA"
"PR_USA_MARIA","3","MARIA_US_PR_2017",2006-07-01,32.6,"C"
"QROO_WILMA","3","WILMA_QROO_2005",2006-07-01,33.2,"C"
"TX_US_HARVEY","6","HARVEY_US_TX_2017",2006-07-01,35.1,"WG"
"TX_US_IKE","4","IKE_US_TX_2008",2006-07-01,34.8,"SUS"
"TX_US_RITA","4","RITA_US_TX_2005",2006-07-01,34.5,"SUS"
"US_FL_DELTA","4","DELTA_US_LA_2020",2006-07-01,33.6,"SUS"
"US_FL_DENNIS","4","DENNIS_US_FL_2005",2006-07-01,34.4,"SUS"
"VER_MX_KARL","5","KARL_MX_VER_2010",2006-07-01,33.3,"SG"
"YUC_DELTA","5","DELTA_YUCATAN_MX_2020",2006-07-01,33.3,"SG"
"YUC_MX_EMILY","5","EMILY_MX_YUC_2005",2006-07-01,33.6,"SG"
"YUC_MX_ISIDORE","5","ISIDORE_MX_YUC_2002",2006-07-01,33.7,"SG"
"AL_US_IVAN","4","IVAN_US_AL_2004",2006-08-01,34.4,"SUS"
"AL_US_SALLY","4","SALLY_US_AL_2020",2006-08-01,33.7,"SUS"
"ALEX","6","ALEX_2010",2006-08-01,37.1,"WG"
"BELICE_RICHARD","3","RICHARD_BELICE_2010",2006-08-01,32.4,"C"
"BELIZE_IRIS","2","IRIS_BELIZE_2001",2006-08-01,31.7,"CA"
"BETA","2","BETA_2005",2006-08-01,29.9,"CA"
"CR_OTTO","2","OTTO_CR_2016",2006-08-01,31.1,"CA"
"CUBA_DENNIS","3","DENNIS_CUBA_2005",2006-08-01,34,"C"
"CUBA_GUSTAV","3","GUSTAV_CUBA_2008",2006-08-01,32.7,"C"
"CUBA_IAN","3","IAN_CUBA_2022",2006-08-01,32.8,"C"
"CUBA_MICHELLE","3","MICHELLE_CUBA_2001",2006-08-01,34,"C"
"CUBA_PALOMA","3","PALOMA_CUBA_2008",2006-08-01,34,"C"
"CUBA_SANDY","3","SANDY_CUBA_2012",2006-08-01,34.2,"C"
"DEAN_QROO_MX","5","DEAN_QROO_MX_2007",2006-08-01,33.4,"SG"
"FL_US_CHARLEY","1","CHARLEY_2004",2006-08-01,34,"FP"
"FL_US_FRANCES","1","FRANCES_US_FL_2004",2006-08-01,34,"FP"
"FL_US_IAN","1","IAN_US_FL_2022",2006-08-01,34.2,"FP"
"FL_US_IRMA","1","IRMA_US_FL_2017",2006-08-01,33.9,"FP"
"FL_US_JEANNE","1","JEANNE_US_FL_2004",2006-08-01,34,"FP"
"FL_US_MICHAEL","4","MICHAEL_US_FL_2018",2006-08-01,34.3,"SUS"
"FL_US_WILMA","1","WILMA_US_FL_2005",2006-08-01,33.9,"FP"
"LA_US_GUSTAV","4","GUSTAV_US_LA_2008",2006-08-01,33.4,"SUS"
"LA_US_IDA","4","IDA_US_LA_2009",2006-08-01,33.8,"SUS"
"LA_US_KATRINA","4","KATRINA_US_LA_2005",2006-08-01,34.3,"SUS"
"LA_US_LAURA","4","LAURA_US_LA_2020",2006-08-01,35.2,"SUS"
"LA_US_ZETA","4","ZETA_US_LA_2020",2006-08-01,34.1,"SUS"
"MX_ERNESTO","5","ERNESTO_MX_2012",2006-08-01,33.3,"SG"
"MX_GRACE","3","GRACE_MX_2021",2006-08-01,33.4,"C"
"MX_TAMPS_EMILY","6","EMILY_TAMPS_MX_2005",2006-08-01,37.1,"WG"
"NC_US_ISABEL","4","ISABEL_US_NC_2003",2006-08-01,33,"SUS"
"NIC_ETA","2","ETA_NIC_2020",2006-08-01,30.3,"CA"
"NIC_FELIX","2","FELIX_NIC_2007",2006-08-01,30.6,"CA"
"NIC_IOTA","2","IOTA_NIC_2020",2006-08-01,30.3,"CA"
"PR_USA_MARIA","3","MARIA_US_PR_2017",2006-08-01,32.8,"C"
"QROO_WILMA","3","WILMA_QROO_2005",2006-08-01,33.7,"C"
"TX_US_HARVEY","6","HARVEY_US_TX_2017",2006-08-01,37.1,"WG"
"TX_US_IKE","4","IKE_US_TX_2008",2006-08-01,36.5,"SUS"
"TX_US_RITA","4","RITA_US_TX_2005",2006-08-01,35.7,"SUS"
"US_FL_DELTA","4","DELTA_US_LA_2020",2006-08-01,34.5,"SUS"
"US_FL_DENNIS","4","DENNIS_US_FL_2005",2006-08-01,34.4,"SUS"
"VER_MX_KARL","5","KARL_MX_VER_2010",2006-08-01,32.5,"SG"
"YUC_DELTA","5","DELTA_YUCATAN_MX_2020",2006-08-01,33.7,"SG"
"YUC_MX_EMILY","5","EMILY_MX_YUC_2005",2006-08-01,34.1,"SG"
"YUC_MX_ISIDORE","5","ISIDORE_MX_YUC_2002",2006-08-01,34.2,"SG"
"AL_US_IVAN","4","IVAN_US_AL_2004",2006-09-01,31.1,"SUS"
"AL_US_SALLY","4","SALLY_US_AL_2020",2006-09-01,30.6,"SUS"
"ALEX","6","ALEX_2010",2006-09-01,35.2,"WG"
"BELICE_RICHARD","3","RICHARD_BELICE_2010",2006-09-01,33.2,"C"
"BELIZE_IRIS","2","IRIS_BELIZE_2001",2006-09-01,32.9,"CA"
"BETA","2","BETA_2005",2006-09-01,30.2,"CA"
"CR_OTTO","2","OTTO_CR_2016",2006-09-01,30.7,"CA"
"CUBA_DENNIS","3","DENNIS_CUBA_2005",2006-09-01,33.7,"C"
"CUBA_GUSTAV","3","GUSTAV_CUBA_2008",2006-09-01,32.5,"C"
"CUBA_IAN","3","IAN_CUBA_2022",2006-09-01,32.6,"C"
"CUBA_MICHELLE","3","MICHELLE_CUBA_2001",2006-09-01,33.7,"C"
"CUBA_PALOMA","3","PALOMA_CUBA_2008",2006-09-01,33.6,"C"
"CUBA_SANDY","3","SANDY_CUBA_2012",2006-09-01,34.1,"C"
"DEAN_QROO_MX","5","DEAN_QROO_MX_2007",2006-09-01,34.1,"SG"
"FL_US_CHARLEY","1","CHARLEY_2004",2006-09-01,32.9,"FP"
"FL_US_FRANCES","1","FRANCES_US_FL_2004",2006-09-01,32.8,"FP"
"FL_US_IAN","1","IAN_US_FL_2022",2006-09-01,33,"FP"
"FL_US_IRMA","1","IRMA_US_FL_2017",2006-09-01,33.1,"FP"
"FL_US_JEANNE","1","JEANNE_US_FL_2004",2006-09-01,32.8,"FP"
"FL_US_MICHAEL","4","MICHAEL_US_FL_2018",2006-09-01,31.2,"SUS"
"FL_US_WILMA","1","WILMA_US_FL_2005",2006-09-01,33.1,"FP"
"LA_US_GUSTAV","4","GUSTAV_US_LA_2008",2006-09-01,31,"SUS"
"LA_US_IDA","4","IDA_US_LA_2009",2006-09-01,31.3,"SUS"
"LA_US_KATRINA","4","KATRINA_US_LA_2005",2006-09-01,31.3,"SUS"
"LA_US_LAURA","4","LAURA_US_LA_2020",2006-09-01,32.1,"SUS"
"LA_US_ZETA","4","ZETA_US_LA_2020",2006-09-01,31.4,"SUS"
"MX_ERNESTO","5","ERNESTO_MX_2012",2006-09-01,34,"SG"
"MX_GRACE","3","GRACE_MX_2021",2006-09-01,33.4,"C"
"MX_TAMPS_EMILY","6","EMILY_TAMPS_MX_2005",2006-09-01,34.5,"WG"
"NC_US_ISABEL","4","ISABEL_US_NC_2003",2006-09-01,27.2,"SUS"
"NIC_ETA","2","ETA_NIC_2020",2006-09-01,31.5,"CA"
"NIC_FELIX","2","FELIX_NIC_2007",2006-09-01,31.5,"CA"
"NIC_IOTA","2","IOTA_NIC_2020",2006-09-01,31.5,"CA"
"PR_USA_MARIA","3","MARIA_US_PR_2017",2006-09-01,33.2,"C"
"QROO_WILMA","3","WILMA_QROO_2005",2006-09-01,33.8,"C"
"TX_US_HARVEY","6","HARVEY_US_TX_2017",2006-09-01,33.6,"WG"
"TX_US_IKE","4","IKE_US_TX_2008",2006-09-01,32.7,"SUS"
"TX_US_RITA","4","RITA_US_TX_2005",2006-09-01,32.5,"SUS"
"US_FL_DELTA","4","DELTA_US_LA_2020",2006-09-01,31.6,"SUS"
"US_FL_DENNIS","4","DENNIS_US_FL_2005",2006-09-01,31.1,"SUS"
"VER_MX_KARL","5","KARL_MX_VER_2010",2006-09-01,33.4,"SG"
"YUC_DELTA","5","DELTA_YUCATAN_MX_2020",2006-09-01,33.9,"SG"
"YUC_MX_EMILY","5","EMILY_MX_YUC_2005",2006-09-01,34.5,"SG"
"YUC_MX_ISIDORE","5","ISIDORE_MX_YUC_2002",2006-09-01,34.6,"SG"
"AL_US_IVAN","4","IVAN_US_AL_2004",2006-10-01,26.7,"SUS"
"AL_US_SALLY","4","SALLY_US_AL_2020",2006-10-01,26.2,"SUS"
"ALEX","6","ALEX_2010",2006-10-01,31.7,"WG"
"BELICE_RICHARD","3","RICHARD_BELICE_2010",2006-10-01,31.8,"C"
"BELIZE_IRIS","2","IRIS_BELIZE_2001",2006-10-01,30.9,"CA"
"BETA","2","BETA_2005",2006-10-01,30.7,"CA"
"CR_OTTO","2","OTTO_CR_2016",2006-10-01,30.9,"CA"
"CUBA_DENNIS","3","DENNIS_CUBA_2005",2006-10-01,32.3,"C"
"CUBA_GUSTAV","3","GUSTAV_CUBA_2008",2006-10-01,31.2,"C"
"CUBA_IAN","3","IAN_CUBA_2022",2006-10-01,31.2,"C"
"CUBA_MICHELLE","3","MICHELLE_CUBA_2001",2006-10-01,32.3,"C"
"CUBA_PALOMA","3","PALOMA_CUBA_2008",2006-10-01,32,"C"
"CUBA_SANDY","3","SANDY_CUBA_2012",2006-10-01,32.8,"C"
"DEAN_QROO_MX","5","DEAN_QROO_MX_2007",2006-10-01,32.2,"SG"
"FL_US_CHARLEY","1","CHARLEY_2004",2006-10-01,30.9,"FP"
"FL_US_FRANCES","1","FRANCES_US_FL_2004",2006-10-01,30.7,"FP"
"FL_US_IAN","1","IAN_US_FL_2022",2006-10-01,31,"FP"
"FL_US_IRMA","1","IRMA_US_FL_2017",2006-10-01,31.4,"FP"
"FL_US_JEANNE","1","JEANNE_US_FL_2004",2006-10-01,30.7,"FP"
"FL_US_MICHAEL","4","MICHAEL_US_FL_2018",2006-10-01,27.3,"SUS"
"FL_US_WILMA","1","WILMA_US_FL_2005",2006-10-01,31.3,"FP"
"LA_US_GUSTAV","4","GUSTAV_US_LA_2008",2006-10-01,27.6,"SUS"
"LA_US_IDA","4","IDA_US_LA_2009",2006-10-01,27.6,"SUS"
"LA_US_KATRINA","4","KATRINA_US_LA_2005",2006-10-01,28.2,"SUS"
"LA_US_LAURA","4","LAURA_US_LA_2020",2006-10-01,27.8,"SUS"
"LA_US_ZETA","4","ZETA_US_LA_2020",2006-10-01,27.6,"SUS"
"MX_ERNESTO","5","ERNESTO_MX_2012",2006-10-01,32.1,"SG"
"MX_GRACE","3","GRACE_MX_2021",2006-10-01,30.9,"C"
"MX_TAMPS_EMILY","6","EMILY_TAMPS_MX_2005",2006-10-01,31.4,"WG"
"NC_US_ISABEL","4","ISABEL_US_NC_2003",2006-10-01,22.6,"SUS"
"NIC_ETA","2","ETA_NIC_2020",2006-10-01,31.1,"CA"
"NIC_FELIX","2","FELIX_NIC_2007",2006-10-01,31.2,"CA"
"NIC_IOTA","2","IOTA_NIC_2020",2006-10-01,31.1,"CA"
"PR_USA_MARIA","3","MARIA_US_PR_2017",2006-10-01,32.8,"C"
"QROO_WILMA","3","WILMA_QROO_2005",2006-10-01,32,"C"
"TX_US_HARVEY","6","HARVEY_US_TX_2017",2006-10-01,30.1,"WG"
"TX_US_IKE","4","IKE_US_TX_2008",2006-10-01,28.8,"SUS"
"TX_US_RITA","4","RITA_US_TX_2005",2006-10-01,28.7,"SUS"
"US_FL_DELTA","4","DELTA_US_LA_2020",2006-10-01,27.6,"SUS"
"US_FL_DENNIS","4","DENNIS_US_FL_2005",2006-10-01,26.5,"SUS"
"VER_MX_KARL","5","KARL_MX_VER_2010",2006-10-01,31.6,"SG"
"YUC_DELTA","5","DELTA_YUCATAN_MX_2020",2006-10-01,32.1,"SG"
"YUC_MX_EMILY","5","EMILY_MX_YUC_2005",2006-10-01,32.8,"SG"
"YUC_MX_ISIDORE","5","ISIDORE_MX_YUC_2002",2006-10-01,32.6,"SG"
"AL_US_IVAN","4","IVAN_US_AL_2004",2006-11-01,21.3,"SUS"
"AL_US_SALLY","4","SALLY_US_AL_2020",2006-11-01,20.9,"SUS"
"ALEX","6","ALEX_2010",2006-11-01,29.5,"WG"
"BELICE_RICHARD","3","RICHARD_BELICE_2010",2006-11-01,29.4,"C"
"BELIZE_IRIS","2","IRIS_BELIZE_2001",2006-11-01,28.8,"CA"
"BETA","2","BETA_2005",2006-11-01,28.8,"CA"
"CR_OTTO","2","OTTO_CR_2016",2006-11-01,29.4,"CA"
"CUBA_DENNIS","3","DENNIS_CUBA_2005",2006-11-01,29.2,"C"
"CUBA_GUSTAV","3","GUSTAV_CUBA_2008",2006-11-01,28.4,"C"
"CUBA_IAN","3","IAN_CUBA_2022",2006-11-01,28.1,"C"
"CUBA_MICHELLE","3","MICHELLE_CUBA_2001",2006-11-01,29.2,"C"
"CUBA_PALOMA","3","PALOMA_CUBA_2008",2006-11-01,29.9,"C"
"CUBA_SANDY","3","SANDY_CUBA_2012",2006-11-01,31.1,"C"
"DEAN_QROO_MX","5","DEAN_QROO_MX_2007",2006-11-01,29.7,"SG"
"FL_US_CHARLEY","1","CHARLEY_2004",2006-11-01,26.8,"FP"
"FL_US_FRANCES","1","FRANCES_US_FL_2004",2006-11-01,26.3,"FP"
"FL_US_IAN","1","IAN_US_FL_2022",2006-11-01,27.1,"FP"
"FL_US_IRMA","1","IRMA_US_FL_2017",2006-11-01,27.6,"FP"
"FL_US_JEANNE","1","JEANNE_US_FL_2004",2006-11-01,26.4,"FP"
"FL_US_MICHAEL","4","MICHAEL_US_FL_2018",2006-11-01,22.4,"SUS"
"FL_US_WILMA","1","WILMA_US_FL_2005",2006-11-01,27.5,"FP"
"LA_US_GUSTAV","4","GUSTAV_US_LA_2008",2006-11-01,23.4,"SUS"
"LA_US_IDA","4","IDA_US_LA_2009",2006-11-01,23.4,"SUS"
"LA_US_KATRINA","4","KATRINA_US_LA_2005",2006-11-01,23.3,"SUS"
"LA_US_LAURA","4","LAURA_US_LA_2020",2006-11-01,23,"SUS"
"LA_US_ZETA","4","ZETA_US_LA_2020",2006-11-01,23.1,"SUS"
"MX_ERNESTO","5","ERNESTO_MX_2012",2006-11-01,29.7,"SG"
"MX_GRACE","3","GRACE_MX_2021",2006-11-01,28.2,"C"
"MX_TAMPS_EMILY","6","EMILY_TAMPS_MX_2005",2006-11-01,29.2,"WG"
"NC_US_ISABEL","4","ISABEL_US_NC_2003",2006-11-01,19.6,"SUS"
"NIC_ETA","2","ETA_NIC_2020",2006-11-01,29.3,"CA"
"NIC_FELIX","2","FELIX_NIC_2007",2006-11-01,29.5,"CA"
"NIC_IOTA","2","IOTA_NIC_2020",2006-11-01,29.4,"CA"
"PR_USA_MARIA","3","MARIA_US_PR_2017",2006-11-01,32.1,"C"
"QROO_WILMA","3","WILMA_QROO_2005",2006-11-01,29.4,"C"
"TX_US_HARVEY","6","HARVEY_US_TX_2017",2006-11-01,26.3,"WG"
"TX_US_IKE","4","IKE_US_TX_2008",2006-11-01,24.4,"SUS"
"TX_US_RITA","4","RITA_US_TX_2005",2006-11-01,23.9,"SUS"
"US_FL_DELTA","4","DELTA_US_LA_2020",2006-11-01,22.9,"SUS"
"US_FL_DENNIS","4","DENNIS_US_FL_2005",2006-11-01,21,"SUS"
"VER_MX_KARL","5","KARL_MX_VER_2010",2006-11-01,30.2,"SG"
"YUC_DELTA","5","DELTA_YUCATAN_MX_2020",2006-11-01,29.5,"SG"
"YUC_MX_EMILY","5","EMILY_MX_YUC_2005",2006-11-01,30.3,"SG"
"YUC_MX_ISIDORE","5","ISIDORE_MX_YUC_2002",2006-11-01,30.4,"SG"
"AL_US_IVAN","4","IVAN_US_AL_2004",2006-12-01,18.8,"SUS"
"AL_US_SALLY","4","SALLY_US_AL_2020",2006-12-01,18.9,"SUS"
"ALEX","6","ALEX_2010",2006-12-01,24.4,"WG"
"BELICE_RICHARD","3","RICHARD_BELICE_2010",2006-12-01,28.4,"C"
"BELIZE_IRIS","2","IRIS_BELIZE_2001",2006-12-01,27.8,"CA"
"BETA","2","BETA_2005",2006-12-01,29.1,"CA"
"CR_OTTO","2","OTTO_CR_2016",2006-12-01,30.8,"CA"
"CUBA_DENNIS","3","DENNIS_CUBA_2005",2006-12-01,30.5,"C"
"CUBA_GUSTAV","3","GUSTAV_CUBA_2008",2006-12-01,29.2,"C"
"CUBA_IAN","3","IAN_CUBA_2022",2006-12-01,28.7,"C"
"CUBA_MICHELLE","3","MICHELLE_CUBA_2001",2006-12-01,30.4,"C"
"CUBA_PALOMA","3","PALOMA_CUBA_2008",2006-12-01,30.4,"C"
"CUBA_SANDY","3","SANDY_CUBA_2012",2006-12-01,31.5,"C"
"DEAN_QROO_MX","5","DEAN_QROO_MX_2007",2006-12-01,28.7,"SG"
"FL_US_CHARLEY","1","CHARLEY_2004",2006-12-01,26.8,"FP"
"FL_US_FRANCES","1","FRANCES_US_FL_2004",2006-12-01,26.3,"FP"
"FL_US_IAN","1","IAN_US_FL_2022",2006-12-01,26.9,"FP"
"FL_US_IRMA","1","IRMA_US_FL_2017",2006-12-01,27.5,"FP"
"FL_US_JEANNE","1","JEANNE_US_FL_2004",2006-12-01,26.5,"FP"
"FL_US_MICHAEL","4","MICHAEL_US_FL_2018",2006-12-01,21,"SUS"
"FL_US_WILMA","1","WILMA_US_FL_2005",2006-12-01,27.4,"FP"
"LA_US_GUSTAV","4","GUSTAV_US_LA_2008",2006-12-01,19.7,"SUS"
"LA_US_IDA","4","IDA_US_LA_2009",2006-12-01,19.7,"SUS"
"LA_US_KATRINA","4","KATRINA_US_LA_2005",2006-12-01,19.5,"SUS"
"LA_US_LAURA","4","LAURA_US_LA_2020",2006-12-01,18.5,"SUS"
"LA_US_ZETA","4","ZETA_US_LA_2020",2006-12-01,19.4,"SUS"
"MX_ERNESTO","5","ERNESTO_MX_2012",2006-12-01,28.6,"SG"
"MX_GRACE","3","GRACE_MX_2021",2006-12-01,24.7,"C"
"MX_TAMPS_EMILY","6","EMILY_TAMPS_MX_2005",2006-12-01,23.8,"WG"
"NC_US_ISABEL","4","ISABEL_US_NC_2003",2006-12-01,18.1,"SUS"
"NIC_ETA","2","ETA_NIC_2020",2006-12-01,29,"CA"
"NIC_FELIX","2","FELIX_NIC_2007",2006-12-01,29.5,"CA"
"NIC_IOTA","2","IOTA_NIC_2020",2006-12-01,29,"CA"
"PR_USA_MARIA","3","MARIA_US_PR_2017",2006-12-01,31.4,"C"
"QROO_WILMA","3","WILMA_QROO_2005",2006-12-01,29.1,"C"
"TX_US_HARVEY","6","HARVEY_US_TX_2017",2006-12-01,20.7,"WG"
"TX_US_IKE","4","IKE_US_TX_2008",2006-12-01,19.4,"SUS"
"TX_US_RITA","4","RITA_US_TX_2005",2006-12-01,19.1,"SUS"
"US_FL_DELTA","4","DELTA_US_LA_2020",2006-12-01,18.3,"SUS"
"US_FL_DENNIS","4","DENNIS_US_FL_2005",2006-12-01,18.9,"SUS"
"VER_MX_KARL","5","KARL_MX_VER_2010",2006-12-01,28.4,"SG"
"YUC_DELTA","5","DELTA_YUCATAN_MX_2020",2006-12-01,29,"SG"
"YUC_MX_EMILY","5","EMILY_MX_YUC_2005",2006-12-01,29.7,"SG"
"YUC_MX_ISIDORE","5","ISIDORE_MX_YUC_2002",2006-12-01,29.1,"SG"
"AL_US_IVAN","4","IVAN_US_AL_2004",2007-01-01,16.2,"SUS"
"AL_US_SALLY","4","SALLY_US_AL_2020",2007-01-01,16.3,"SUS"
"ALEX","6","ALEX_2010",2007-01-01,21.7,"WG"
"BELICE_RICHARD","3","RICHARD_BELICE_2010",2007-01-01,28.5,"C"
"BELIZE_IRIS","2","IRIS_BELIZE_2001",2007-01-01,27.5,"CA"
"BETA","2","BETA_2005",2007-01-01,29.3,"CA"
"CR_OTTO","2","OTTO_CR_2016",2007-01-01,31.6,"CA"
"CUBA_DENNIS","3","DENNIS_CUBA_2005",2007-01-01,30.5,"C"
"CUBA_GUSTAV","3","GUSTAV_CUBA_2008",2007-01-01,29.4,"C"
"CUBA_IAN","3","IAN_CUBA_2022",2007-01-01,29,"C"
"CUBA_MICHELLE","3","MICHELLE_CUBA_2001",2007-01-01,30.2,"C"
"CUBA_PALOMA","3","PALOMA_CUBA_2008",2007-01-01,29.9,"C"
"CUBA_SANDY","3","SANDY_CUBA_2012",2007-01-01,30.5,"C"
"DEAN_QROO_MX","5","DEAN_QROO_MX_2007",2007-01-01,29.3,"SG"
"FL_US_CHARLEY","1","CHARLEY_2004",2007-01-01,25.5,"FP"
"FL_US_FRANCES","1","FRANCES_US_FL_2004",2007-01-01,25.3,"FP"
"FL_US_IAN","1","IAN_US_FL_2022",2007-01-01,25.9,"FP"
"FL_US_IRMA","1","IRMA_US_FL_2017",2007-01-01,26.6,"FP"
"FL_US_JEANNE","1","JEANNE_US_FL_2004",2007-01-01,25.5,"FP"
"FL_US_MICHAEL","4","MICHAEL_US_FL_2018",2007-01-01,18.1,"SUS"
"FL_US_WILMA","1","WILMA_US_FL_2005",2007-01-01,26.6,"FP"
"LA_US_GUSTAV","4","GUSTAV_US_LA_2008",2007-01-01,17.4,"SUS"
"LA_US_IDA","4","IDA_US_LA_2009",2007-01-01,17,"SUS"
"LA_US_KATRINA","4","KATRINA_US_LA_2005",2007-01-01,16.9,"SUS"
"LA_US_LAURA","4","LAURA_US_LA_2020",2007-01-01,15,"SUS"
"LA_US_ZETA","4","ZETA_US_LA_2020",2007-01-01,16.9,"SUS"
"MX_ERNESTO","5","ERNESTO_MX_2012",2007-01-01,29.2,"SG"
"MX_GRACE","3","GRACE_MX_2021",2007-01-01,23.3,"C"
"MX_TAMPS_EMILY","6","EMILY_TAMPS_MX_2005",2007-01-01,20.1,"WG"
"NC_US_ISABEL","4","ISABEL_US_NC_2003",2007-01-01,15.5,"SUS"
"NIC_ETA","2","ETA_NIC_2020",2007-01-01,29.1,"CA"
"NIC_FELIX","2","FELIX_NIC_2007",2007-01-01,29.4,"CA"
"NIC_IOTA","2","IOTA_NIC_2020",2007-01-01,29.2,"CA"
"PR_USA_MARIA","3","MARIA_US_PR_2017",2007-01-01,30.7,"C"
"QROO_WILMA","3","WILMA_QROO_2005",2007-01-01,29.5,"C"
"TX_US_HARVEY","6","HARVEY_US_TX_2017",2007-01-01,16.4,"WG"
"TX_US_IKE","4","IKE_US_TX_2008",2007-01-01,15.5,"SUS"
"TX_US_RITA","4","RITA_US_TX_2005",2007-01-01,15.5,"SUS"
"US_FL_DELTA","4","DELTA_US_LA_2020",2007-01-01,15.1,"SUS"
"US_FL_DENNIS","4","DENNIS_US_FL_2005",2007-01-01,16.3,"SUS"
"VER_MX_KARL","5","KARL_MX_VER_2010",2007-01-01,26.7,"SG"
"YUC_DELTA","5","DELTA_YUCATAN_MX_2020",2007-01-01,29.5,"SG"
"YUC_MX_EMILY","5","EMILY_MX_YUC_2005",2007-01-01,30.2,"SG"
"YUC_MX_ISIDORE","5","ISIDORE_MX_YUC_2002",2007-01-01,29.9,"SG"
"AL_US_IVAN","4","IVAN_US_AL_2004",2007-02-01,17.7,"SUS"
"AL_US_SALLY","4","SALLY_US_AL_2020",2007-02-01,17.8,"SUS"
"ALEX","6","ALEX_2010",2007-02-01,25.8,"WG"
"BELICE_RICHARD","3","RICHARD_BELICE_2010",2007-02-01,30,"C"
"BELIZE_IRIS","2","IRIS_BELIZE_2001",2007-02-01,30.3,"CA"
"BETA","2","BETA_2005",2007-02-01,29.3,"CA"
"CR_OTTO","2","OTTO_CR_2016",2007-02-01,31.3,"CA"
"CUBA_DENNIS","3","DENNIS_CUBA_2005",2007-02-01,29.7,"C"
"CUBA_GUSTAV","3","GUSTAV_CUBA_2008",2007-02-01,28.1,"C"
"CUBA_IAN","3","IAN_CUBA_2022",2007-02-01,28,"C"
"CUBA_MICHELLE","3","MICHELLE_CUBA_2001",2007-02-01,29.7,"C"
"CUBA_PALOMA","3","PALOMA_CUBA_2008",2007-02-01,30.2,"C"
"CUBA_SANDY","3","SANDY_CUBA_2012",2007-02-01,31,"C"
"DEAN_QROO_MX","5","DEAN_QROO_MX_2007",2007-02-01,31.1,"SG"
"FL_US_CHARLEY","1","CHARLEY_2004",2007-02-01,24.2,"FP"
"FL_US_FRANCES","1","FRANCES_US_FL_2004",2007-02-01,24.1,"FP"
"FL_US_IAN","1","IAN_US_FL_2022",2007-02-01,24.7,"FP"
"FL_US_IRMA","1","IRMA_US_FL_2017",2007-02-01,25.2,"FP"
"FL_US_JEANNE","1","JEANNE_US_FL_2004",2007-02-01,24.2,"FP"
"FL_US_MICHAEL","4","MICHAEL_US_FL_2018",2007-02-01,18.5,"SUS"
"FL_US_WILMA","1","WILMA_US_FL_2005",2007-02-01,25.1,"FP"
"LA_US_GUSTAV","4","GUSTAV_US_LA_2008",2007-02-01,18.4,"SUS"
"LA_US_IDA","4","IDA_US_LA_2009",2007-02-01,18.4,"SUS"
"LA_US_KATRINA","4","KATRINA_US_LA_2005",2007-02-01,18,"SUS"
"LA_US_LAURA","4","LAURA_US_LA_2020",2007-02-01,17.9,"SUS"
"LA_US_ZETA","4","ZETA_US_LA_2020",2007-02-01,18.3,"SUS"
"MX_ERNESTO","5","ERNESTO_MX_2012",2007-02-01,31.1,"SG"
"MX_GRACE","3","GRACE_MX_2021",2007-02-01,25.3,"C"
"MX_TAMPS_EMILY","6","EMILY_TAMPS_MX_2005",2007-02-01,24.6,"WG"
"NC_US_ISABEL","4","ISABEL_US_NC_2003",2007-02-01,12,"SUS"
"NIC_ETA","2","ETA_NIC_2020",2007-02-01,30.1,"CA"
"NIC_FELIX","2","FELIX_NIC_2007",2007-02-01,29.6,"CA"
"NIC_IOTA","2","IOTA_NIC_2020",2007-02-01,30.2,"CA"
"PR_USA_MARIA","3","MARIA_US_PR_2017",2007-02-01,31.1,"C"
"QROO_WILMA","3","WILMA_QROO_2005",2007-02-01,30.1,"C"
"TX_US_HARVEY","6","HARVEY_US_TX_2017",2007-02-01,20.8,"WG"
"TX_US_IKE","4","IKE_US_TX_2008",2007-02-01,18.7,"SUS"
"TX_US_RITA","4","RITA_US_TX_2005",2007-02-01,18.7,"SUS"
"US_FL_DELTA","4","DELTA_US_LA_2020",2007-02-01,17.5,"SUS"
"US_FL_DENNIS","4","DENNIS_US_FL_2005",2007-02-01,17.8,"SUS"
"VER_MX_KARL","5","KARL_MX_VER_2010",2007-02-01,29,"SG"
"YUC_DELTA","5","DELTA_YUCATAN_MX_2020",2007-02-01,30.8,"SG"
"YUC_MX_EMILY","5","EMILY_MX_YUC_2005",2007-02-01,31.9,"SG"
"YUC_MX_ISIDORE","5","ISIDORE_MX_YUC_2002",2007-02-01,32,"SG"
"AL_US_IVAN","4","IVAN_US_AL_2004",2007-03-01,25,"SUS"
"AL_US_SALLY","4","SALLY_US_AL_2020",2007-03-01,24.7,"SUS"
"ALEX","6","ALEX_2010",2007-03-01,30,"WG"
"BELICE_RICHARD","3","RICHARD_BELICE_2010",2007-03-01,30.5,"C"
"BELIZE_IRIS","2","IRIS_BELIZE_2001",2007-03-01,31,"CA"
"BETA","2","BETA_2005",2007-03-01,30.8,"CA"
"CR_OTTO","2","OTTO_CR_2016",2007-03-01,32.9,"CA"
"CUBA_DENNIS","3","DENNIS_CUBA_2005",2007-03-01,31,"C"
"CUBA_GUSTAV","3","GUSTAV_CUBA_2008",2007-03-01,29.7,"C"
"CUBA_IAN","3","IAN_CUBA_2022",2007-03-01,29.6,"C"
"CUBA_MICHELLE","3","MICHELLE_CUBA_2001",2007-03-01,31,"C"
"CUBA_PALOMA","3","PALOMA_CUBA_2008",2007-03-01,31.3,"C"
"CUBA_SANDY","3","SANDY_CUBA_2012",2007-03-01,30.9,"C"
"DEAN_QROO_MX","5","DEAN_QROO_MX_2007",2007-03-01,32.4,"SG"
"FL_US_CHARLEY","1","CHARLEY_2004",2007-03-01,27.8,"FP"
"FL_US_FRANCES","1","FRANCES_US_FL_2004",2007-03-01,27.8,"FP"
"FL_US_IAN","1","IAN_US_FL_2022",2007-03-01,28.1,"FP"
"FL_US_IRMA","1","IRMA_US_FL_2017",2007-03-01,28.3,"FP"
"FL_US_JEANNE","1","JEANNE_US_FL_2004",2007-03-01,27.8,"FP"
"FL_US_MICHAEL","4","MICHAEL_US_FL_2018",2007-03-01,25.1,"SUS"
"FL_US_WILMA","1","WILMA_US_FL_2005",2007-03-01,28.1,"FP"
"LA_US_GUSTAV","4","GUSTAV_US_LA_2008",2007-03-01,24.5,"SUS"
"LA_US_IDA","4","IDA_US_LA_2009",2007-03-01,24.4,"SUS"
"LA_US_KATRINA","4","KATRINA_US_LA_2005",2007-03-01,24.4,"SUS"
"LA_US_LAURA","4","LAURA_US_LA_2020",2007-03-01,24.2,"SUS"
"LA_US_ZETA","4","ZETA_US_LA_2020",2007-03-01,25.8,"SUS"
"MX_ERNESTO","5","ERNESTO_MX_2012",2007-03-01,32.3,"SG"
"MX_GRACE","3","GRACE_MX_2021",2007-03-01,29,"C"
"MX_TAMPS_EMILY","6","EMILY_TAMPS_MX_2005",2007-03-01,28.7,"WG"
"NC_US_ISABEL","4","ISABEL_US_NC_2003",2007-03-01,20.8,"SUS"
"NIC_ETA","2","ETA_NIC_2020",2007-03-01,31.3,"CA"
"NIC_FELIX","2","FELIX_NIC_2007",2007-03-01,30.6,"CA"
"NIC_IOTA","2","IOTA_NIC_2020",2007-03-01,31.4,"CA"
"PR_USA_MARIA","3","MARIA_US_PR_2017",2007-03-01,31.3,"C"
"QROO_WILMA","3","WILMA_QROO_2005",2007-03-01,31,"C"
"TX_US_HARVEY","6","HARVEY_US_TX_2017",2007-03-01,25.5,"WG"
"TX_US_IKE","4","IKE_US_TX_2008",2007-03-01,24.4,"SUS"
"TX_US_RITA","4","RITA_US_TX_2005",2007-03-01,24.6,"SUS"
"US_FL_DELTA","4","DELTA_US_LA_2020",2007-03-01,24.1,"SUS"
"US_FL_DENNIS","4","DENNIS_US_FL_2005",2007-03-01,25,"SUS"
"VER_MX_KARL","5","KARL_MX_VER_2010",2007-03-01,32.4,"SG"
"YUC_DELTA","5","DELTA_YUCATAN_MX_2020",2007-03-01,32.1,"SG"
"YUC_MX_EMILY","5","EMILY_MX_YUC_2005",2007-03-01,32.9,"SG"
"YUC_MX_ISIDORE","5","ISIDORE_MX_YUC_2002",2007-03-01,33.6,"SG"
"AL_US_IVAN","4","IVAN_US_AL_2004",2007-04-01,24.7,"SUS"
"AL_US_SALLY","4","SALLY_US_AL_2020",2007-04-01,24.4,"SUS"
"ALEX","6","ALEX_2010",2007-04-01,32.1,"WG"
"BELICE_RICHARD","3","RICHARD_BELICE_2010",2007-04-01,32.8,"C"
"BELIZE_IRIS","2","IRIS_BELIZE_2001",2007-04-01,33,"CA"
"BETA","2","BETA_2005",2007-04-01,31.4,"CA"
"CR_OTTO","2","OTTO_CR_2016",2007-04-01,32.9,"CA"
"CUBA_DENNIS","3","DENNIS_CUBA_2005",2007-04-01,32,"C"
"CUBA_GUSTAV","3","GUSTAV_CUBA_2008",2007-04-01,30.2,"C"
"CUBA_IAN","3","IAN_CUBA_2022",2007-04-01,30.2,"C"
"CUBA_MICHELLE","3","MICHELLE_CUBA_2001",2007-04-01,32,"C"
"CUBA_PALOMA","3","PALOMA_CUBA_2008",2007-04-01,32,"C"
"CUBA_SANDY","3","SANDY_CUBA_2012",2007-04-01,31.6,"C"
"DEAN_QROO_MX","5","DEAN_QROO_MX_2007",2007-04-01,33.8,"SG"
"FL_US_CHARLEY","1","CHARLEY_2004",2007-04-01,29.3,"FP"
"FL_US_FRANCES","1","FRANCES_US_FL_2004",2007-04-01,29.1,"FP"
"FL_US_IAN","1","IAN_US_FL_2022",2007-04-01,29.4,"FP"
"FL_US_IRMA","1","IRMA_US_FL_2017",2007-04-01,29.6,"FP"
"FL_US_JEANNE","1","JEANNE_US_FL_2004",2007-04-01,29.1,"FP"
"FL_US_MICHAEL","4","MICHAEL_US_FL_2018",2007-04-01,25.5,"SUS"
"FL_US_WILMA","1","WILMA_US_FL_2005",2007-04-01,29.3,"FP"
"LA_US_GUSTAV","4","GUSTAV_US_LA_2008",2007-04-01,24.1,"SUS"
"LA_US_IDA","4","IDA_US_LA_2009",2007-04-01,24.4,"SUS"
"LA_US_KATRINA","4","KATRINA_US_LA_2005",2007-04-01,24.2,"SUS"
"LA_US_LAURA","4","LAURA_US_LA_2020",2007-04-01,24,"SUS"
"LA_US_ZETA","4","ZETA_US_LA_2020",2007-04-01,25.1,"SUS"
"MX_ERNESTO","5","ERNESTO_MX_2012",2007-04-01,33.7,"SG"
"MX_GRACE","3","GRACE_MX_2021",2007-04-01,32,"C"
"MX_TAMPS_EMILY","6","EMILY_TAMPS_MX_2005",2007-04-01,30.5,"WG"
"NC_US_ISABEL","4","ISABEL_US_NC_2003",2007-04-01,22.4,"SUS"
"NIC_ETA","2","ETA_NIC_2020",2007-04-01,32.2,"CA"
"NIC_FELIX","2","FELIX_NIC_2007",2007-04-01,31.7,"CA"
"NIC_IOTA","2","IOTA_NIC_2020",2007-04-01,32.4,"CA"
"PR_USA_MARIA","3","MARIA_US_PR_2017",2007-04-01,31.8,"C"
"QROO_WILMA","3","WILMA_QROO_2005",2007-04-01,32,"C"
"TX_US_HARVEY","6","HARVEY_US_TX_2017",2007-04-01,25.6,"WG"
"TX_US_IKE","4","IKE_US_TX_2008",2007-04-01,24,"SUS"
"TX_US_RITA","4","RITA_US_TX_2005",2007-04-01,24.4,"SUS"
"US_FL_DELTA","4","DELTA_US_LA_2020",2007-04-01,24.2,"SUS"
"US_FL_DENNIS","4","DENNIS_US_FL_2005",2007-04-01,24.7,"SUS"
"VER_MX_KARL","5","KARL_MX_VER_2010",2007-04-01,35,"SG"
"YUC_DELTA","5","DELTA_YUCATAN_MX_2020",2007-04-01,33.4,"SG"
"YUC_MX_EMILY","5","EMILY_MX_YUC_2005",2007-04-01,34.2,"SG"
"YUC_MX_ISIDORE","5","ISIDORE_MX_YUC_2002",2007-04-01,35.3,"SG"
"AL_US_IVAN","4","IVAN_US_AL_2004",2007-05-01,30.2,"SUS"
"AL_US_SALLY","4","SALLY_US_AL_2020",2007-05-01,30,"SUS"
"ALEX","6","ALEX_2010",2007-05-01,35.1,"WG"
"BELICE_RICHARD","3","RICHARD_BELICE_2010",2007-05-01,32.8,"C"
"BELIZE_IRIS","2","IRIS_BELIZE_2001",2007-05-01,32.9,"CA"
"BETA","2","BETA_2005",2007-05-01,31.7,"CA"
"CR_OTTO","2","OTTO_CR_2016",2007-05-01,32.1,"CA"
"CUBA_DENNIS","3","DENNIS_CUBA_2005",2007-05-01,31.9,"C"
"CUBA_GUSTAV","3","GUSTAV_CUBA_2008",2007-05-01,31,"C"
"CUBA_IAN","3","IAN_CUBA_2022",2007-05-01,30.9,"C"
"CUBA_MICHELLE","3","MICHELLE_CUBA_2001",2007-05-01,31.8,"C"
"CUBA_PALOMA","3","PALOMA_CUBA_2008",2007-05-01,32,"C"
"CUBA_SANDY","3","SANDY_CUBA_2012",2007-05-01,31.9,"C"
"DEAN_QROO_MX","5","DEAN_QROO_MX_2007",2007-05-01,34.4,"SG"
"FL_US_CHARLEY","1","CHARLEY_2004",2007-05-01,31.5,"FP"
"FL_US_FRANCES","1","FRANCES_US_FL_2004",2007-05-01,31.2,"FP"
"FL_US_IAN","1","IAN_US_FL_2022",2007-05-01,31.7,"FP"
"FL_US_IRMA","1","IRMA_US_FL_2017",2007-05-01,31.7,"FP"
"FL_US_JEANNE","1","JEANNE_US_FL_2004",2007-05-01,31.2,"FP"
"FL_US_MICHAEL","4","MICHAEL_US_FL_2018",2007-05-01,30.8,"SUS"
"FL_US_WILMA","1","WILMA_US_FL_2005",2007-05-01,31.1,"FP"
"LA_US_GUSTAV","4","GUSTAV_US_LA_2008",2007-05-01,29.4,"SUS"
"LA_US_IDA","4","IDA_US_LA_2009",2007-05-01,29.7,"SUS"
"LA_US_KATRINA","4","KATRINA_US_LA_2005",2007-05-01,29.5,"SUS"
"LA_US_LAURA","4","LAURA_US_LA_2020",2007-05-01,29.6,"SUS"
"LA_US_ZETA","4","ZETA_US_LA_2020",2007-05-01,30,"SUS"
"MX_ERNESTO","5","ERNESTO_MX_2012",2007-05-01,34.4,"SG"
"MX_GRACE","3","GRACE_MX_2021",2007-05-01,34.1,"C"
"MX_TAMPS_EMILY","6","EMILY_TAMPS_MX_2005",2007-05-01,34.2,"WG"
"NC_US_ISABEL","4","ISABEL_US_NC_2003",2007-05-01,27,"SUS"
"NIC_ETA","2","ETA_NIC_2020",2007-05-01,32.1,"CA"
"NIC_FELIX","2","FELIX_NIC_2007",2007-05-01,32,"CA"
"NIC_IOTA","2","IOTA_NIC_2020",2007-05-01,32.2,"CA"
"PR_USA_MARIA","3","MARIA_US_PR_2017",2007-05-01,32.5,"C"
"QROO_WILMA","3","WILMA_QROO_2005",2007-05-01,32.8,"C"
"TX_US_HARVEY","6","HARVEY_US_TX_2017",2007-05-01,30,"WG"
"TX_US_IKE","4","IKE_US_TX_2008",2007-05-01,29.6,"SUS"
"TX_US_RITA","4","RITA_US_TX_2005",2007-05-01,30,"SUS"
"US_FL_DELTA","4","DELTA_US_LA_2020",2007-05-01,29.7,"SUS"
"US_FL_DENNIS","4","DENNIS_US_FL_2005",2007-05-01,30.2,"SUS"
"VER_MX_KARL","5","KARL_MX_VER_2010",2007-05-01,35.8,"SG"
"YUC_DELTA","5","DELTA_YUCATAN_MX_2020",2007-05-01,34,"SG"
"YUC_MX_EMILY","5","EMILY_MX_YUC_2005",2007-05-01,34.7,"SG"
"YUC_MX_ISIDORE","5","ISIDORE_MX_YUC_2002",2007-05-01,36,"SG"
"AL_US_IVAN","4","IVAN_US_AL_2004",2007-06-01,33.9,"SUS"
"AL_US_SALLY","4","SALLY_US_AL_2020",2007-06-01,33.3,"SUS"
"ALEX","6","ALEX_2010",2007-06-01,36,"WG"
"BELICE_RICHARD","3","RICHARD_BELICE_2010",2007-06-01,32.5,"C"
"BELIZE_IRIS","2","IRIS_BELIZE_2001",2007-06-01,32.8,"CA"
"BETA","2","BETA_2005",2007-06-01,30.1,"CA"
"CR_OTTO","2","OTTO_CR_2016",2007-06-01,30.8,"CA"
"CUBA_DENNIS","3","DENNIS_CUBA_2005",2007-06-01,32.2,"C"
"CUBA_GUSTAV","3","GUSTAV_CUBA_2008",2007-06-01,31.6,"C"
"CUBA_IAN","3","IAN_CUBA_2022",2007-06-01,31.6,"C"
"CUBA_MICHELLE","3","MICHELLE_CUBA_2001",2007-06-01,32.2,"C"
"CUBA_PALOMA","3","PALOMA_CUBA_2008",2007-06-01,32.3,"C"
"CUBA_SANDY","3","SANDY_CUBA_2012",2007-06-01,32.7,"C"
"DEAN_QROO_MX","5","DEAN_QROO_MX_2007",2007-06-01,33.6,"SG"
"FL_US_CHARLEY","1","CHARLEY_2004",2007-06-01,33,"FP"
"FL_US_FRANCES","1","FRANCES_US_FL_2004",2007-06-01,32.8,"FP"
"FL_US_IAN","1","IAN_US_FL_2022",2007-06-01,33,"FP"
"FL_US_IRMA","1","IRMA_US_FL_2017",2007-06-01,33,"FP"
"FL_US_JEANNE","1","JEANNE_US_FL_2004",2007-06-01,32.8,"FP"
"FL_US_MICHAEL","4","MICHAEL_US_FL_2018",2007-06-01,33.5,"SUS"
"FL_US_WILMA","1","WILMA_US_FL_2005",2007-06-01,32.6,"FP"
"LA_US_GUSTAV","4","GUSTAV_US_LA_2008",2007-06-01,32.3,"SUS"
"LA_US_IDA","4","IDA_US_LA_2009",2007-06-01,32.8,"SUS"
"LA_US_KATRINA","4","KATRINA_US_LA_2005",2007-06-01,33.4,"SUS"
"LA_US_LAURA","4","LAURA_US_LA_2020",2007-06-01,32.4,"SUS"
"LA_US_ZETA","4","ZETA_US_LA_2020",2007-06-01,32.8,"SUS"
"MX_ERNESTO","5","ERNESTO_MX_2012",2007-06-01,33.6,"SG"
"MX_GRACE","3","GRACE_MX_2021",2007-06-01,34.3,"C"
"MX_TAMPS_EMILY","6","EMILY_TAMPS_MX_2005",2007-06-01,35.2,"WG"
"NC_US_ISABEL","4","ISABEL_US_NC_2003",2007-06-01,30.9,"SUS"
"NIC_ETA","2","ETA_NIC_2020",2007-06-01,30.3,"CA"
"NIC_FELIX","2","FELIX_NIC_2007",2007-06-01,30.6,"CA"
"NIC_IOTA","2","IOTA_NIC_2020",2007-06-01,30.4,"CA"
"PR_USA_MARIA","3","MARIA_US_PR_2017",2007-06-01,33.1,"C"
"QROO_WILMA","3","WILMA_QROO_2005",2007-06-01,33.2,"C"
"TX_US_HARVEY","6","HARVEY_US_TX_2017",2007-06-01,32.5,"WG"
"TX_US_IKE","4","IKE_US_TX_2008",2007-06-01,32.1,"SUS"
"TX_US_RITA","4","RITA_US_TX_2005",2007-06-01,32.5,"SUS"
"US_FL_DELTA","4","DELTA_US_LA_2020",2007-06-01,32.7,"SUS"
"US_FL_DENNIS","4","DENNIS_US_FL_2005",2007-06-01,33.9,"SUS"
"VER_MX_KARL","5","KARL_MX_VER_2010",2007-06-01,34.2,"SG"
"YUC_DELTA","5","DELTA_YUCATAN_MX_2020",2007-06-01,33.9,"SG"
"YUC_MX_EMILY","5","EMILY_MX_YUC_2005",2007-06-01,34.4,"SG"
"YUC_MX_ISIDORE","5","ISIDORE_MX_YUC_2002",2007-06-01,35.2,"SG"
"AL_US_IVAN","4","IVAN_US_AL_2004",2007-07-01,32.7,"SUS"
"AL_US_SALLY","4","SALLY_US_AL_2020",2007-07-01,32.1,"SUS"
"ALEX","6","ALEX_2010",2007-07-01,35.4,"WG"
"BELICE_RICHARD","3","RICHARD_BELICE_2010",2007-07-01,32.2,"C"
"BELIZE_IRIS","2","IRIS_BELIZE_2001",2007-07-01,31.6,"CA"
"BETA","2","BETA_2005",2007-07-01,29.5,"CA"
"CR_OTTO","2","OTTO_CR_2016",2007-07-01,30.7,"CA"
"CUBA_DENNIS","3","DENNIS_CUBA_2005",2007-07-01,34.1,"C"
"CUBA_GUSTAV","3","GUSTAV_CUBA_2008",2007-07-01,33.2,"C"
"CUBA_IAN","3","IAN_CUBA_2022",2007-07-01,33.3,"C"
"CUBA_MICHELLE","3","MICHELLE_CUBA_2001",2007-07-01,34.1,"C"
"CUBA_PALOMA","3","PALOMA_CUBA_2008",2007-07-01,33.9,"C"
"CUBA_SANDY","3","SANDY_CUBA_2012",2007-07-01,33.8,"C"
"DEAN_QROO_MX","5","DEAN_QROO_MX_2007",2007-07-01,33.7,"SG"
"FL_US_CHARLEY","1","CHARLEY_2004",2007-07-01,34.1,"FP"
"FL_US_FRANCES","1","FRANCES_US_FL_2004",2007-07-01,34.1,"FP"
"FL_US_IAN","1","IAN_US_FL_2022",2007-07-01,34.3,"FP"
"FL_US_IRMA","1","IRMA_US_FL_2017",2007-07-01,34.3,"FP"
"FL_US_JEANNE","1","JEANNE_US_FL_2004",2007-07-01,34.1,"FP"
"FL_US_MICHAEL","4","MICHAEL_US_FL_2018",2007-07-01,33.2,"SUS"
"FL_US_WILMA","1","WILMA_US_FL_2005",2007-07-01,34,"FP"
"LA_US_GUSTAV","4","GUSTAV_US_LA_2008",2007-07-01,31.4,"SUS"
"LA_US_IDA","4","IDA_US_LA_2009",2007-07-01,31.8,"SUS"
"LA_US_KATRINA","4","KATRINA_US_LA_2005",2007-07-01,32.2,"SUS"
"LA_US_LAURA","4","LAURA_US_LA_2020",2007-07-01,31.9,"SUS"
"LA_US_ZETA","4","ZETA_US_LA_2020",2007-07-01,32,"SUS"
"MX_ERNESTO","5","ERNESTO_MX_2012",2007-07-01,33.5,"SG"
"MX_GRACE","3","GRACE_MX_2021",2007-07-01,32.9,"C"
"MX_TAMPS_EMILY","6","EMILY_TAMPS_MX_2005",2007-07-01,34.7,"WG"
"NC_US_ISABEL","4","ISABEL_US_NC_2003",2007-07-01,31.9,"SUS"
"NIC_ETA","2","ETA_NIC_2020",2007-07-01,30.3,"CA"
"NIC_FELIX","2","FELIX_NIC_2007",2007-07-01,30.7,"CA"
"NIC_IOTA","2","IOTA_NIC_2020",2007-07-01,30.5,"CA"
"PR_USA_MARIA","3","MARIA_US_PR_2017",2007-07-01,33,"C"
"QROO_WILMA","3","WILMA_QROO_2005",2007-07-01,34.3,"C"
"TX_US_HARVEY","6","HARVEY_US_TX_2017",2007-07-01,32.2,"WG"
"TX_US_IKE","4","IKE_US_TX_2008",2007-07-01,32.3,"SUS"
"TX_US_RITA","4","RITA_US_TX_2005",2007-07-01,32.3,"SUS"
"US_FL_DELTA","4","DELTA_US_LA_2020",2007-07-01,31.9,"SUS"
"US_FL_DENNIS","4","DENNIS_US_FL_2005",2007-07-01,32.7,"SUS"
"VER_MX_KARL","5","KARL_MX_VER_2010",2007-07-01,32.8,"SG"
"YUC_DELTA","5","DELTA_YUCATAN_MX_2020",2007-07-01,34.3,"SG"
"YUC_MX_EMILY","5","EMILY_MX_YUC_2005",2007-07-01,34.6,"SG"
"YUC_MX_ISIDORE","5","ISIDORE_MX_YUC_2002",2007-07-01,34.6,"SG"
"AL_US_IVAN","4","IVAN_US_AL_2004",2007-08-01,35.6,"SUS"
"AL_US_SALLY","4","SALLY_US_AL_2020",2007-08-01,34.8,"SUS"
"ALEX","6","ALEX_2010",2007-08-01,37,"WG"
"BELICE_RICHARD","3","RICHARD_BELICE_2010",2007-08-01,32.2,"C"
"BELIZE_IRIS","2","IRIS_BELIZE_2001",2007-08-01,31.4,"CA"
"BETA","2","BETA_2005",2007-08-01,29.3,"CA"
"CR_OTTO","2","OTTO_CR_2016",2007-08-01,30.2,"CA"
"CUBA_DENNIS","3","DENNIS_CUBA_2005",2007-08-01,34.6,"C"
"CUBA_GUSTAV","3","GUSTAV_CUBA_2008",2007-08-01,33.4,"C"
"CUBA_IAN","3","IAN_CUBA_2022",2007-08-01,33.4,"C"
"CUBA_MICHELLE","3","MICHELLE_CUBA_2001",2007-08-01,34.5,"C"
"CUBA_PALOMA","3","PALOMA_CUBA_2008",2007-08-01,34,"C"
"CUBA_SANDY","3","SANDY_CUBA_2012",2007-08-01,34.2,"C"
"DEAN_QROO_MX","5","DEAN_QROO_MX_2007",2007-08-01,33.2,"SG"
"FL_US_CHARLEY","1","CHARLEY_2004",2007-08-01,34.8,"FP"
"FL_US_FRANCES","1","FRANCES_US_FL_2004",2007-08-01,34.7,"FP"
"FL_US_IAN","1","IAN_US_FL_2022",2007-08-01,35,"FP"
"FL_US_IRMA","1","IRMA_US_FL_2017",2007-08-01,34.6,"FP"
"FL_US_JEANNE","1","JEANNE_US_FL_2004",2007-08-01,34.7,"FP"
"FL_US_MICHAEL","4","MICHAEL_US_FL_2018",2007-08-01,35,"SUS"
"FL_US_WILMA","1","WILMA_US_FL_2005",2007-08-01,34.6,"FP"
"LA_US_GUSTAV","4","GUSTAV_US_LA_2008",2007-08-01,34.2,"SUS"
"LA_US_IDA","4","IDA_US_LA_2009",2007-08-01,34.7,"SUS"
"LA_US_KATRINA","4","KATRINA_US_LA_2005",2007-08-01,35.3,"SUS"
"LA_US_LAURA","4","LAURA_US_LA_2020",2007-08-01,34.9,"SUS"
"LA_US_ZETA","4","ZETA_US_LA_2020",2007-08-01,35,"SUS"
"MX_ERNESTO","5","ERNESTO_MX_2012",2007-08-01,33.1,"SG"
"MX_GRACE","3","GRACE_MX_2021",2007-08-01,34,"C"
"MX_TAMPS_EMILY","6","EMILY_TAMPS_MX_2005",2007-08-01,36.5,"WG"
"NC_US_ISABEL","4","ISABEL_US_NC_2003",2007-08-01,33.3,"SUS"
"NIC_ETA","2","ETA_NIC_2020",2007-08-01,29.9,"CA"
"NIC_FELIX","2","FELIX_NIC_2007",2007-08-01,30.3,"CA"
"NIC_IOTA","2","IOTA_NIC_2020",2007-08-01,29.9,"CA"
"PR_USA_MARIA","3","MARIA_US_PR_2017",2007-08-01,32.9,"C"
"QROO_WILMA","3","WILMA_QROO_2005",2007-08-01,33.9,"C"
"TX_US_HARVEY","6","HARVEY_US_TX_2017",2007-08-01,34.8,"WG"
"TX_US_IKE","4","IKE_US_TX_2008",2007-08-01,35.3,"SUS"
"TX_US_RITA","4","RITA_US_TX_2005",2007-08-01,35.1,"SUS"
"US_FL_DELTA","4","DELTA_US_LA_2020",2007-08-01,35,"SUS"
"US_FL_DENNIS","4","DENNIS_US_FL_2005",2007-08-01,35.6,"SUS"
"VER_MX_KARL","5","KARL_MX_VER_2010",2007-08-01,33.4,"SG"
"YUC_DELTA","5","DELTA_YUCATAN_MX_2020",2007-08-01,33.8,"SG"
"YUC_MX_EMILY","5","EMILY_MX_YUC_2005",2007-08-01,34,"SG"
"YUC_MX_ISIDORE","5","ISIDORE_MX_YUC_2002",2007-08-01,34,"SG"
"AL_US_IVAN","4","IVAN_US_AL_2004",2007-09-01,31.8,"SUS"
"AL_US_SALLY","4","SALLY_US_AL_2020",2007-09-01,31.5,"SUS"
"ALEX","6","ALEX_2010",2007-09-01,34.1,"WG"
"BELICE_RICHARD","3","RICHARD_BELICE_2010",2007-09-01,31.9,"C"
"BELIZE_IRIS","2","IRIS_BELIZE_2001",2007-09-01,31.6,"CA"
"BETA","2","BETA_2005",2007-09-01,29.8,"CA"
"CR_OTTO","2","OTTO_CR_2016",2007-09-01,30.2,"CA"
"CUBA_DENNIS","3","DENNIS_CUBA_2005",2007-09-01,33.8,"C"
"CUBA_GUSTAV","3","GUSTAV_CUBA_2008",2007-09-01,32.4,"C"
"CUBA_IAN","3","IAN_CUBA_2022",2007-09-01,32.6,"C"
"CUBA_MICHELLE","3","MICHELLE_CUBA_2001",2007-09-01,33.8,"C"
"CUBA_PALOMA","3","PALOMA_CUBA_2008",2007-09-01,33.6,"C"
"CUBA_SANDY","3","SANDY_CUBA_2012",2007-09-01,34.1,"C"
"DEAN_QROO_MX","5","DEAN_QROO_MX_2007",2007-09-01,32.7,"SG"
"FL_US_CHARLEY","1","CHARLEY_2004",2007-09-01,33.2,"FP"
"FL_US_FRANCES","1","FRANCES_US_FL_2004",2007-09-01,33.1,"FP"
"FL_US_IAN","1","IAN_US_FL_2022",2007-09-01,33.2,"FP"
"FL_US_IRMA","1","IRMA_US_FL_2017",2007-09-01,33.3,"FP"
"FL_US_JEANNE","1","JEANNE_US_FL_2004",2007-09-01,33.1,"FP"
"FL_US_MICHAEL","4","MICHAEL_US_FL_2018",2007-09-01,32.1,"SUS"
"FL_US_WILMA","1","WILMA_US_FL_2005",2007-09-01,33.3,"FP"
"LA_US_GUSTAV","4","GUSTAV_US_LA_2008",2007-09-01,31.8,"SUS"
"LA_US_IDA","4","IDA_US_LA_2009",2007-09-01,32,"SUS"
"LA_US_KATRINA","4","KATRINA_US_LA_2005",2007-09-01,32.1,"SUS"
"LA_US_LAURA","4","LAURA_US_LA_2020",2007-09-01,32.5,"SUS"
"LA_US_ZETA","4","ZETA_US_LA_2020",2007-09-01,32.1,"SUS"
"MX_ERNESTO","5","ERNESTO_MX_2012",2007-09-01,32.7,"SG"
"MX_GRACE","3","GRACE_MX_2021",2007-09-01,32,"C"
"MX_TAMPS_EMILY","6","EMILY_TAMPS_MX_2005",2007-09-01,33.8,"WG"
"NC_US_ISABEL","4","ISABEL_US_NC_2003",2007-09-01,30.7,"SUS"
"NIC_ETA","2","ETA_NIC_2020",2007-09-01,30.5,"CA"
"NIC_FELIX","2","FELIX_NIC_2007",2007-09-01,30.7,"CA"
"NIC_IOTA","2","IOTA_NIC_2020",2007-09-01,30.5,"CA"
"PR_USA_MARIA","3","MARIA_US_PR_2017",2007-09-01,33,"C"
"QROO_WILMA","3","WILMA_QROO_2005",2007-09-01,33,"C"
"TX_US_HARVEY","6","HARVEY_US_TX_2017",2007-09-01,33.5,"WG"
"TX_US_IKE","4","IKE_US_TX_2008",2007-09-01,32.9,"SUS"
"TX_US_RITA","4","RITA_US_TX_2005",2007-09-01,33,"SUS"
"US_FL_DELTA","4","DELTA_US_LA_2020",2007-09-01,32.3,"SUS"
"US_FL_DENNIS","4","DENNIS_US_FL_2005",2007-09-01,31.8,"SUS"
"VER_MX_KARL","5","KARL_MX_VER_2010",2007-09-01,31.8,"SG"
"YUC_DELTA","5","DELTA_YUCATAN_MX_2020",2007-09-01,32.8,"SG"
"YUC_MX_EMILY","5","EMILY_MX_YUC_2005",2007-09-01,33.1,"SG"
"YUC_MX_ISIDORE","5","ISIDORE_MX_YUC_2002",2007-09-01,33.2,"SG"
"AL_US_IVAN","4","IVAN_US_AL_2004",2007-10-01,27.4,"SUS"
"AL_US_SALLY","4","SALLY_US_AL_2020",2007-10-01,27.1,"SUS"
"ALEX","6","ALEX_2010",2007-10-01,33.3,"WG"
"BELICE_RICHARD","3","RICHARD_BELICE_2010",2007-10-01,30.9,"C"
"BELIZE_IRIS","2","IRIS_BELIZE_2001",2007-10-01,29.8,"CA"
"BETA","2","BETA_2005",2007-10-01,30.1,"CA"
"CR_OTTO","2","OTTO_CR_2016",2007-10-01,30.3,"CA"
"CUBA_DENNIS","3","DENNIS_CUBA_2005",2007-10-01,32.9,"C"
"CUBA_GUSTAV","3","GUSTAV_CUBA_2008",2007-10-01,31.8,"C"
"CUBA_IAN","3","IAN_CUBA_2022",2007-10-01,31.8,"C"
"CUBA_MICHELLE","3","MICHELLE_CUBA_2001",2007-10-01,32.8,"C"
"CUBA_PALOMA","3","PALOMA_CUBA_2008",2007-10-01,32.1,"C"
"CUBA_SANDY","3","SANDY_CUBA_2012",2007-10-01,32.2,"C"
"DEAN_QROO_MX","5","DEAN_QROO_MX_2007",2007-10-01,31.2,"SG"
"FL_US_CHARLEY","1","CHARLEY_2004",2007-10-01,31.7,"FP"
"FL_US_FRANCES","1","FRANCES_US_FL_2004",2007-10-01,31.1,"FP"
"FL_US_IAN","1","IAN_US_FL_2022",2007-10-01,31.8,"FP"
"FL_US_IRMA","1","IRMA_US_FL_2017",2007-10-01,32,"FP"
"FL_US_JEANNE","1","JEANNE_US_FL_2004",2007-10-01,31.1,"FP"
"FL_US_MICHAEL","4","MICHAEL_US_FL_2018",2007-10-01,28.3,"SUS"
"FL_US_WILMA","1","WILMA_US_FL_2005",2007-10-01,31.9,"FP"
"LA_US_GUSTAV","4","GUSTAV_US_LA_2008",2007-10-01,28.1,"SUS"
"LA_US_IDA","4","IDA_US_LA_2009",2007-10-01,28.1,"SUS"
"LA_US_KATRINA","4","KATRINA_US_LA_2005",2007-10-01,28.8,"SUS"
"LA_US_LAURA","4","LAURA_US_LA_2020",2007-10-01,28.7,"SUS"
"LA_US_ZETA","4","ZETA_US_LA_2020",2007-10-01,28.1,"SUS"
"MX_ERNESTO","5","ERNESTO_MX_2012",2007-10-01,31.2,"SG"
"MX_GRACE","3","GRACE_MX_2021",2007-10-01,31,"C"
"MX_TAMPS_EMILY","6","EMILY_TAMPS_MX_2005",2007-10-01,33.2,"WG"
"NC_US_ISABEL","4","ISABEL_US_NC_2003",2007-10-01,27.2,"SUS"
"NIC_ETA","2","ETA_NIC_2020",2007-10-01,30.1,"CA"
"NIC_FELIX","2","FELIX_NIC_2007",2007-10-01,30.2,"CA"
"NIC_IOTA","2","IOTA_NIC_2020",2007-10-01,30.1,"CA"
"PR_USA_MARIA","3","MARIA_US_PR_2017",2007-10-01,32.4,"C"
"QROO_WILMA","3","WILMA_QROO_2005",2007-10-01,31.5,"C"
"TX_US_HARVEY","6","HARVEY_US_TX_2017",2007-10-01,31.1,"WG"
"TX_US_IKE","4","IKE_US_TX_2008",2007-10-01,29.7,"SUS"
"TX_US_RITA","4","RITA_US_TX_2005",2007-10-01,29.4,"SUS"
"US_FL_DELTA","4","DELTA_US_LA_2020",2007-10-01,28.4,"SUS"
"US_FL_DENNIS","4","DENNIS_US_FL_2005",2007-10-01,27.3,"SUS"
"VER_MX_KARL","5","KARL_MX_VER_2010",2007-10-01,31.2,"SG"
"YUC_DELTA","5","DELTA_YUCATAN_MX_2020",2007-10-01,31.4,"SG"
"YUC_MX_EMILY","5","EMILY_MX_YUC_2005",2007-10-01,31.8,"SG"
"YUC_MX_ISIDORE","5","ISIDORE_MX_YUC_2002",2007-10-01,31.4,"SG"
"AL_US_IVAN","4","IVAN_US_AL_2004",2007-11-01,22.1,"SUS"
"AL_US_SALLY","4","SALLY_US_AL_2020",2007-11-01,21.8,"SUS"
"ALEX","6","ALEX_2010",2007-11-01,29.3,"WG"
"BELICE_RICHARD","3","RICHARD_BELICE_2010",2007-11-01,29.5,"C"
"BELIZE_IRIS","2","IRIS_BELIZE_2001",2007-11-01,28.9,"CA"
"BETA","2","BETA_2005",2007-11-01,28.8,"CA"
"CR_OTTO","2","OTTO_CR_2016",2007-11-01,29.7,"CA"
"CUBA_DENNIS","3","DENNIS_CUBA_2005",2007-11-01,29.9,"C"
"CUBA_GUSTAV","3","GUSTAV_CUBA_2008",2007-11-01,29.2,"C"
"CUBA_IAN","3","IAN_CUBA_2022",2007-11-01,28.9,"C"
"CUBA_MICHELLE","3","MICHELLE_CUBA_2001",2007-11-01,29.8,"C"
"CUBA_PALOMA","3","PALOMA_CUBA_2008",2007-11-01,29.9,"C"
"CUBA_SANDY","3","SANDY_CUBA_2012",2007-11-01,30,"C"
"DEAN_QROO_MX","5","DEAN_QROO_MX_2007",2007-11-01,30,"SG"
"FL_US_CHARLEY","1","CHARLEY_2004",2007-11-01,27.8,"FP"
"FL_US_FRANCES","1","FRANCES_US_FL_2004",2007-11-01,27.2,"FP"
"FL_US_IAN","1","IAN_US_FL_2022",2007-11-01,28.1,"FP"
"FL_US_IRMA","1","IRMA_US_FL_2017",2007-11-01,28.6,"FP"
"FL_US_JEANNE","1","JEANNE_US_FL_2004",2007-11-01,27.4,"FP"
"FL_US_MICHAEL","4","MICHAEL_US_FL_2018",2007-11-01,23.2,"SUS"
"FL_US_WILMA","1","WILMA_US_FL_2005",2007-11-01,28.4,"FP"
"LA_US_GUSTAV","4","GUSTAV_US_LA_2008",2007-11-01,23.8,"SUS"
"LA_US_IDA","4","IDA_US_LA_2009",2007-11-01,23.8,"SUS"
"LA_US_KATRINA","4","KATRINA_US_LA_2005",2007-11-01,24,"SUS"
"LA_US_LAURA","4","LAURA_US_LA_2020",2007-11-01,23.1,"SUS"
"LA_US_ZETA","4","ZETA_US_LA_2020",2007-11-01,23.6,"SUS"
"MX_ERNESTO","5","ERNESTO_MX_2012",2007-11-01,30,"SG"
"MX_GRACE","3","GRACE_MX_2021",2007-11-01,28.4,"C"
"MX_TAMPS_EMILY","6","EMILY_TAMPS_MX_2005",2007-11-01,28.5,"WG"
"NC_US_ISABEL","4","ISABEL_US_NC_2003",2007-11-01,19,"SUS"
"NIC_ETA","2","ETA_NIC_2020",2007-11-01,29,"CA"
"NIC_FELIX","2","FELIX_NIC_2007",2007-11-01,29.1,"CA"
"NIC_IOTA","2","IOTA_NIC_2020",2007-11-01,29,"CA"
"PR_USA_MARIA","3","MARIA_US_PR_2017",2007-11-01,31.4,"C"
"QROO_WILMA","3","WILMA_QROO_2005",2007-11-01,29.9,"C"
"TX_US_HARVEY","6","HARVEY_US_TX_2017",2007-11-01,25.5,"WG"
"TX_US_IKE","4","IKE_US_TX_2008",2007-11-01,24.3,"SUS"
"TX_US_RITA","4","RITA_US_TX_2005",2007-11-01,24,"SUS"
"US_FL_DELTA","4","DELTA_US_LA_2020",2007-11-01,23.2,"SUS"
"US_FL_DENNIS","4","DENNIS_US_FL_2005",2007-11-01,21.9,"SUS"
"VER_MX_KARL","5","KARL_MX_VER_2010",2007-11-01,30.9,"SG"
"YUC_DELTA","5","DELTA_YUCATAN_MX_2020",2007-11-01,30,"SG"
"YUC_MX_EMILY","5","EMILY_MX_YUC_2005",2007-11-01,30.8,"SG"
"YUC_MX_ISIDORE","5","ISIDORE_MX_YUC_2002",2007-11-01,30.8,"SG"
"AL_US_IVAN","4","IVAN_US_AL_2004",2007-12-01,19.9,"SUS"
"AL_US_SALLY","4","SALLY_US_AL_2020",2007-12-01,20,"SUS"
"ALEX","6","ALEX_2010",2007-12-01,27.7,"WG"
"BELICE_RICHARD","3","RICHARD_BELICE_2010",2007-12-01,29.6,"C"
"BELIZE_IRIS","2","IRIS_BELIZE_2001",2007-12-01,28.9,"CA"
"BETA","2","BETA_2005",2007-12-01,28.4,"CA"
"CR_OTTO","2","OTTO_CR_2016",2007-12-01,30.1,"CA"
"CUBA_DENNIS","3","DENNIS_CUBA_2005",2007-12-01,30.9,"C"
"CUBA_GUSTAV","3","GUSTAV_CUBA_2008",2007-12-01,29.9,"C"
"CUBA_IAN","3","IAN_CUBA_2022",2007-12-01,29.5,"C"
"CUBA_MICHELLE","3","MICHELLE_CUBA_2001",2007-12-01,30.7,"C"
"CUBA_PALOMA","3","PALOMA_CUBA_2008",2007-12-01,29.5,"C"
"CUBA_SANDY","3","SANDY_CUBA_2012",2007-12-01,29.8,"C"
"DEAN_QROO_MX","5","DEAN_QROO_MX_2007",2007-12-01,30.2,"SG"
"FL_US_CHARLEY","1","CHARLEY_2004",2007-12-01,27.4,"FP"
"FL_US_FRANCES","1","FRANCES_US_FL_2004",2007-12-01,27.1,"FP"
"FL_US_IAN","1","IAN_US_FL_2022",2007-12-01,27.6,"FP"
"FL_US_IRMA","1","IRMA_US_FL_2017",2007-12-01,28.2,"FP"
"FL_US_JEANNE","1","JEANNE_US_FL_2004",2007-12-01,27.3,"FP"
"FL_US_MICHAEL","4","MICHAEL_US_FL_2018",2007-12-01,21.5,"SUS"
"FL_US_WILMA","1","WILMA_US_FL_2005",2007-12-01,28.1,"FP"
"LA_US_GUSTAV","4","GUSTAV_US_LA_2008",2007-12-01,21.8,"SUS"
"LA_US_IDA","4","IDA_US_LA_2009",2007-12-01,21.8,"SUS"
"LA_US_KATRINA","4","KATRINA_US_LA_2005",2007-12-01,21.4,"SUS"
"LA_US_LAURA","4","LAURA_US_LA_2020",2007-12-01,20.5,"SUS"
"LA_US_ZETA","4","ZETA_US_LA_2020",2007-12-01,21.5,"SUS"
"MX_ERNESTO","5","ERNESTO_MX_2012",2007-12-01,30,"SG"
"MX_GRACE","3","GRACE_MX_2021",2007-12-01,27,"C"
"MX_TAMPS_EMILY","6","EMILY_TAMPS_MX_2005",2007-12-01,27,"WG"
"NC_US_ISABEL","4","ISABEL_US_NC_2003",2007-12-01,16.8,"SUS"
"NIC_ETA","2","ETA_NIC_2020",2007-12-01,28.4,"CA"
"NIC_FELIX","2","FELIX_NIC_2007",2007-12-01,29.1,"CA"
"NIC_IOTA","2","IOTA_NIC_2020",2007-12-01,28.5,"CA"
"PR_USA_MARIA","3","MARIA_US_PR_2017",2007-12-01,30.9,"C"
"QROO_WILMA","3","WILMA_QROO_2005",2007-12-01,30.5,"C"
"TX_US_HARVEY","6","HARVEY_US_TX_2017",2007-12-01,23.1,"WG"
"TX_US_IKE","4","IKE_US_TX_2008",2007-12-01,21.4,"SUS"
"TX_US_RITA","4","RITA_US_TX_2005",2007-12-01,21.1,"SUS"
"US_FL_DELTA","4","DELTA_US_LA_2020",2007-12-01,20.6,"SUS"
"US_FL_DENNIS","4","DENNIS_US_FL_2005",2007-12-01,20,"SUS"
"VER_MX_KARL","5","KARL_MX_VER_2010",2007-12-01,29.9,"SG"
"YUC_DELTA","5","DELTA_YUCATAN_MX_2020",2007-12-01,30.7,"SG"
"YUC_MX_EMILY","5","EMILY_MX_YUC_2005",2007-12-01,31.3,"SG"
"YUC_MX_ISIDORE","5","ISIDORE_MX_YUC_2002",2007-12-01,30.9,"SG"
"AL_US_IVAN","4","IVAN_US_AL_2004",2008-01-01,15,"SUS"
"AL_US_SALLY","4","SALLY_US_AL_2020",2008-01-01,15.1,"SUS"
"ALEX","6","ALEX_2010",2008-01-01,24.2,"WG"
"BELICE_RICHARD","3","RICHARD_BELICE_2010",2008-01-01,29.1,"C"
"BELIZE_IRIS","2","IRIS_BELIZE_2001",2008-01-01,28.7,"CA"
"BETA","2","BETA_2005",2008-01-01,28.9,"CA"
"CR_OTTO","2","OTTO_CR_2016",2008-01-01,31.4,"CA"
"CUBA_DENNIS","3","DENNIS_CUBA_2005",2008-01-01,29.1,"C"
"CUBA_GUSTAV","3","GUSTAV_CUBA_2008",2008-01-01,28.1,"C"
"CUBA_IAN","3","IAN_CUBA_2022",2008-01-01,27.8,"C"
"CUBA_MICHELLE","3","MICHELLE_CUBA_2001",2008-01-01,28.9,"C"
"CUBA_PALOMA","3","PALOMA_CUBA_2008",2008-01-01,28.5,"C"
"CUBA_SANDY","3","SANDY_CUBA_2012",2008-01-01,28.7,"C"
"DEAN_QROO_MX","5","DEAN_QROO_MX_2007",2008-01-01,29.8,"SG"
"FL_US_CHARLEY","1","CHARLEY_2004",2008-01-01,24.3,"FP"
"FL_US_FRANCES","1","FRANCES_US_FL_2004",2008-01-01,24.2,"FP"
"FL_US_IAN","1","IAN_US_FL_2022",2008-01-01,24.7,"FP"
"FL_US_IRMA","1","IRMA_US_FL_2017",2008-01-01,25.5,"FP"
"FL_US_JEANNE","1","JEANNE_US_FL_2004",2008-01-01,24.4,"FP"
"FL_US_MICHAEL","4","MICHAEL_US_FL_2018",2008-01-01,16.8,"SUS"
"FL_US_WILMA","1","WILMA_US_FL_2005",2008-01-01,25.4,"FP"
"LA_US_GUSTAV","4","GUSTAV_US_LA_2008",2008-01-01,17.5,"SUS"
"LA_US_IDA","4","IDA_US_LA_2009",2008-01-01,17,"SUS"
"LA_US_KATRINA","4","KATRINA_US_LA_2005",2008-01-01,16.2,"SUS"
"LA_US_LAURA","4","LAURA_US_LA_2020",2008-01-01,16.2,"SUS"
"LA_US_ZETA","4","ZETA_US_LA_2020",2008-01-01,16.8,"SUS"
"MX_ERNESTO","5","ERNESTO_MX_2012",2008-01-01,29.7,"SG"
"MX_GRACE","3","GRACE_MX_2021",2008-01-01,24.6,"C"
"MX_TAMPS_EMILY","6","EMILY_TAMPS_MX_2005",2008-01-01,22.8,"WG"
"NC_US_ISABEL","4","ISABEL_US_NC_2003",2008-01-01,13.4,"SUS"
"NIC_ETA","2","ETA_NIC_2020",2008-01-01,29.1,"CA"
"NIC_FELIX","2","FELIX_NIC_2007",2008-01-01,29.2,"CA"
"NIC_IOTA","2","IOTA_NIC_2020",2008-01-01,29.1,"CA"
"PR_USA_MARIA","3","MARIA_US_PR_2017",2008-01-01,30.3,"C"
"QROO_WILMA","3","WILMA_QROO_2005",2008-01-01,29.3,"C"
"TX_US_HARVEY","6","HARVEY_US_TX_2017",2008-01-01,19.3,"WG"
"TX_US_IKE","4","IKE_US_TX_2008",2008-01-01,17.4,"SUS"
"TX_US_RITA","4","RITA_US_TX_2005",2008-01-01,16.9,"SUS"
"US_FL_DELTA","4","DELTA_US_LA_2020",2008-01-01,15.8,"SUS"
"US_FL_DENNIS","4","DENNIS_US_FL_2005",2008-01-01,15.1,"SUS"
"VER_MX_KARL","5","KARL_MX_VER_2010",2008-01-01,28.2,"SG"
"YUC_DELTA","5","DELTA_YUCATAN_MX_2020",2008-01-01,29.6,"SG"
"YUC_MX_EMILY","5","EMILY_MX_YUC_2005",2008-01-01,30.6,"SG"
"YUC_MX_ISIDORE","5","ISIDORE_MX_YUC_2002",2008-01-01,30.6,"SG"
"AL_US_IVAN","4","IVAN_US_AL_2004",2008-02-01,20,"SUS"
"AL_US_SALLY","4","SALLY_US_AL_2020",2008-02-01,20.1,"SUS"
"ALEX","6","ALEX_2010",2008-02-01,30.4,"WG"
"BELICE_RICHARD","3","RICHARD_BELICE_2010",2008-02-01,30.3,"C"
"BELIZE_IRIS","2","IRIS_BELIZE_2001",2008-02-01,30.6,"CA"
"BETA","2","BETA_2005",2008-02-01,29.8,"CA"
"CR_OTTO","2","OTTO_CR_2016",2008-02-01,31.9,"CA"
"CUBA_DENNIS","3","DENNIS_CUBA_2005",2008-02-01,31,"C"
"CUBA_GUSTAV","3","GUSTAV_CUBA_2008",2008-02-01,29.9,"C"
"CUBA_IAN","3","IAN_CUBA_2022",2008-02-01,29.7,"C"
"CUBA_MICHELLE","3","MICHELLE_CUBA_2001",2008-02-01,30.9,"C"
"CUBA_PALOMA","3","PALOMA_CUBA_2008",2008-02-01,29.2,"C"
"CUBA_SANDY","3","SANDY_CUBA_2012",2008-02-01,29.5,"C"
"DEAN_QROO_MX","5","DEAN_QROO_MX_2007",2008-02-01,31.6,"SG"
"FL_US_CHARLEY","1","CHARLEY_2004",2008-02-01,26.6,"FP"
"FL_US_FRANCES","1","FRANCES_US_FL_2004",2008-02-01,26.6,"FP"
"FL_US_IAN","1","IAN_US_FL_2022",2008-02-01,27.1,"FP"
"FL_US_IRMA","1","IRMA_US_FL_2017",2008-02-01,27.6,"FP"
"FL_US_JEANNE","1","JEANNE_US_FL_2004",2008-02-01,26.7,"FP"
"FL_US_MICHAEL","4","MICHAEL_US_FL_2018",2008-02-01,21,"SUS"
"FL_US_WILMA","1","WILMA_US_FL_2005",2008-02-01,27.4,"FP"
"LA_US_GUSTAV","4","GUSTAV_US_LA_2008",2008-02-01,21.3,"SUS"
"LA_US_IDA","4","IDA_US_LA_2009",2008-02-01,21.3,"SUS"
"LA_US_KATRINA","4","KATRINA_US_LA_2005",2008-02-01,20.6,"SUS"
"LA_US_LAURA","4","LAURA_US_LA_2020",2008-02-01,21.3,"SUS"
"LA_US_ZETA","4","ZETA_US_LA_2020",2008-02-01,21,"SUS"
"MX_ERNESTO","5","ERNESTO_MX_2012",2008-02-01,31.5,"SG"
"MX_GRACE","3","GRACE_MX_2021",2008-02-01,29.2,"C"
"MX_TAMPS_EMILY","6","EMILY_TAMPS_MX_2005",2008-02-01,29.1,"WG"
"NC_US_ISABEL","4","ISABEL_US_NC_2003",2008-02-01,16.6,"SUS"
"NIC_ETA","2","ETA_NIC_2020",2008-02-01,30,"CA"
"NIC_FELIX","2","FELIX_NIC_2007",2008-02-01,29.5,"CA"
"NIC_IOTA","2","IOTA_NIC_2020",2008-02-01,30.1,"CA"
"PR_USA_MARIA","3","MARIA_US_PR_2017",2008-02-01,30.3,"C"
"QROO_WILMA","3","WILMA_QROO_2005",2008-02-01,31.1,"C"
"TX_US_HARVEY","6","HARVEY_US_TX_2017",2008-02-01,24.7,"WG"
"TX_US_IKE","4","IKE_US_TX_2008",2008-02-01,22.1,"SUS"
"TX_US_RITA","4","RITA_US_TX_2005",2008-02-01,22.1,"SUS"
"US_FL_DELTA","4","DELTA_US_LA_2020",2008-02-01,20.9,"SUS"
"US_FL_DENNIS","4","DENNIS_US_FL_2005",2008-02-01,20.1,"SUS"
"VER_MX_KARL","5","KARL_MX_VER_2010",2008-02-01,32.7,"SG"
"YUC_DELTA","5","DELTA_YUCATAN_MX_2020",2008-02-01,31.6,"SG"
"YUC_MX_EMILY","5","EMILY_MX_YUC_2005",2008-02-01,32.6,"SG"
"YUC_MX_ISIDORE","5","ISIDORE_MX_YUC_2002",2008-02-01,32.7,"SG"
"AL_US_IVAN","4","IVAN_US_AL_2004",2008-03-01,22,"SUS"
"AL_US_SALLY","4","SALLY_US_AL_2020",2008-03-01,21.8,"SUS"
"ALEX","6","ALEX_2010",2008-03-01,30.6,"WG"
"BELICE_RICHARD","3","RICHARD_BELICE_2010",2008-03-01,30.3,"C"
"BELIZE_IRIS","2","IRIS_BELIZE_2001",2008-03-01,30.9,"CA"
"BETA","2","BETA_2005",2008-03-01,30.7,"CA"
"CR_OTTO","2","OTTO_CR_2016",2008-03-01,33.1,"CA"
"CUBA_DENNIS","3","DENNIS_CUBA_2005",2008-03-01,31.1,"C"
"CUBA_GUSTAV","3","GUSTAV_CUBA_2008",2008-03-01,29.9,"C"
"CUBA_IAN","3","IAN_CUBA_2022",2008-03-01,29.8,"C"
"CUBA_MICHELLE","3","MICHELLE_CUBA_2001",2008-03-01,30.9,"C"
"CUBA_PALOMA","3","PALOMA_CUBA_2008",2008-03-01,30.2,"C"
"CUBA_SANDY","3","SANDY_CUBA_2012",2008-03-01,30,"C"
"DEAN_QROO_MX","5","DEAN_QROO_MX_2007",2008-03-01,32,"SG"
"FL_US_CHARLEY","1","CHARLEY_2004",2008-03-01,27.1,"FP"
"FL_US_FRANCES","1","FRANCES_US_FL_2004",2008-03-01,26.9,"FP"
"FL_US_IAN","1","IAN_US_FL_2022",2008-03-01,27.4,"FP"
"FL_US_IRMA","1","IRMA_US_FL_2017",2008-03-01,27.9,"FP"
"FL_US_JEANNE","1","JEANNE_US_FL_2004",2008-03-01,27,"FP"
"FL_US_MICHAEL","4","MICHAEL_US_FL_2018",2008-03-01,22.2,"SUS"
"FL_US_WILMA","1","WILMA_US_FL_2005",2008-03-01,27.8,"FP"
"LA_US_GUSTAV","4","GUSTAV_US_LA_2008",2008-03-01,22.7,"SUS"
"LA_US_IDA","4","IDA_US_LA_2009",2008-03-01,22.6,"SUS"
"LA_US_KATRINA","4","KATRINA_US_LA_2005",2008-03-01,22.2,"SUS"
"LA_US_LAURA","4","LAURA_US_LA_2020",2008-03-01,22.8,"SUS"
"LA_US_ZETA","4","ZETA_US_LA_2020",2008-03-01,23.7,"SUS"
"MX_ERNESTO","5","ERNESTO_MX_2012",2008-03-01,31.9,"SG"
"MX_GRACE","3","GRACE_MX_2021",2008-03-01,29.3,"C"
"MX_TAMPS_EMILY","6","EMILY_TAMPS_MX_2005",2008-03-01,29.5,"WG"
"NC_US_ISABEL","4","ISABEL_US_NC_2003",2008-03-01,18.8,"SUS"
"NIC_ETA","2","ETA_NIC_2020",2008-03-01,31.1,"CA"
"NIC_FELIX","2","FELIX_NIC_2007",2008-03-01,30.5,"CA"
"NIC_IOTA","2","IOTA_NIC_2020",2008-03-01,31.2,"CA"
"PR_USA_MARIA","3","MARIA_US_PR_2017",2008-03-01,30.4,"C"
"QROO_WILMA","3","WILMA_QROO_2005",2008-03-01,30.9,"C"
"TX_US_HARVEY","6","HARVEY_US_TX_2017",2008-03-01,25.8,"WG"
"TX_US_IKE","4","IKE_US_TX_2008",2008-03-01,23.5,"SUS"
"TX_US_RITA","4","RITA_US_TX_2005",2008-03-01,23.5,"SUS"
"US_FL_DELTA","4","DELTA_US_LA_2020",2008-03-01,22.5,"SUS"
"US_FL_DENNIS","4","DENNIS_US_FL_2005",2008-03-01,22,"SUS"
"VER_MX_KARL","5","KARL_MX_VER_2010",2008-03-01,32.1,"SG"
"YUC_DELTA","5","DELTA_YUCATAN_MX_2020",2008-03-01,31.9,"SG"
"YUC_MX_EMILY","5","EMILY_MX_YUC_2005",2008-03-01,32.8,"SG"
"YUC_MX_ISIDORE","5","ISIDORE_MX_YUC_2002",2008-03-01,33.4,"SG"
"AL_US_IVAN","4","IVAN_US_AL_2004",2008-04-01,25.5,"SUS"
"AL_US_SALLY","4","SALLY_US_AL_2020",2008-04-01,25.1,"SUS"
"ALEX","6","ALEX_2010",2008-04-01,34.9,"WG"
"BELICE_RICHARD","3","RICHARD_BELICE_2010",2008-04-01,33.4,"C"
"BELIZE_IRIS","2","IRIS_BELIZE_2001",2008-04-01,33.7,"CA"
"BETA","2","BETA_2005",2008-04-01,31.3,"CA"
"CR_OTTO","2","OTTO_CR_2016",2008-04-01,32.9,"CA"
"CUBA_DENNIS","3","DENNIS_CUBA_2005",2008-04-01,32,"C"
"CUBA_GUSTAV","3","GUSTAV_CUBA_2008",2008-04-01,30.5,"C"
"CUBA_IAN","3","IAN_CUBA_2022",2008-04-01,30.5,"C"
"CUBA_MICHELLE","3","MICHELLE_CUBA_2001",2008-04-01,32,"C"
"CUBA_PALOMA","3","PALOMA_CUBA_2008",2008-04-01,31.7,"C"
"CUBA_SANDY","3","SANDY_CUBA_2012",2008-04-01,31.1,"C"
"DEAN_QROO_MX","5","DEAN_QROO_MX_2007",2008-04-01,34.4,"SG"
"FL_US_CHARLEY","1","CHARLEY_2004",2008-04-01,29.4,"FP"
"FL_US_FRANCES","1","FRANCES_US_FL_2004",2008-04-01,29.1,"FP"
"FL_US_IAN","1","IAN_US_FL_2022",2008-04-01,29.5,"FP"
"FL_US_IRMA","1","IRMA_US_FL_2017",2008-04-01,29.7,"FP"
"FL_US_JEANNE","1","JEANNE_US_FL_2004",2008-04-01,29.1,"FP"
"FL_US_MICHAEL","4","MICHAEL_US_FL_2018",2008-04-01,26,"SUS"
"FL_US_WILMA","1","WILMA_US_FL_2005",2008-04-01,29.3,"FP"
"LA_US_GUSTAV","4","GUSTAV_US_LA_2008",2008-04-01,25.6,"SUS"
"LA_US_IDA","4","IDA_US_LA_2009",2008-04-01,25.8,"SUS"
"LA_US_KATRINA","4","KATRINA_US_LA_2005",2008-04-01,25.4,"SUS"
"LA_US_LAURA","4","LAURA_US_LA_2020",2008-04-01,26,"SUS"
"LA_US_ZETA","4","ZETA_US_LA_2020",2008-04-01,26.3,"SUS"
"MX_ERNESTO","5","ERNESTO_MX_2012",2008-04-01,34.4,"SG"
"MX_GRACE","3","GRACE_MX_2021",2008-04-01,33.2,"C"
"MX_TAMPS_EMILY","6","EMILY_TAMPS_MX_2005",2008-04-01,33.4,"WG"
"NC_US_ISABEL","4","ISABEL_US_NC_2003",2008-04-01,22.2,"SUS"
"NIC_ETA","2","ETA_NIC_2020",2008-04-01,32.5,"CA"
"NIC_FELIX","2","FELIX_NIC_2007",2008-04-01,32.3,"CA"
"NIC_IOTA","2","IOTA_NIC_2020",2008-04-01,32.5,"CA"
"PR_USA_MARIA","3","MARIA_US_PR_2017",2008-04-01,31,"C"
"QROO_WILMA","3","WILMA_QROO_2005",2008-04-01,32.7,"C"
"TX_US_HARVEY","6","HARVEY_US_TX_2017",2008-04-01,29,"WG"
"TX_US_IKE","4","IKE_US_TX_2008",2008-04-01,26.7,"SUS"
"TX_US_RITA","4","RITA_US_TX_2005",2008-04-01,26.8,"SUS"
"US_FL_DELTA","4","DELTA_US_LA_2020",2008-04-01,25.9,"SUS"
"US_FL_DENNIS","4","DENNIS_US_FL_2005",2008-04-01,25.5,"SUS"
"VER_MX_KARL","5","KARL_MX_VER_2010",2008-04-01,36.1,"SG"
"YUC_DELTA","5","DELTA_YUCATAN_MX_2020",2008-04-01,34,"SG"
"YUC_MX_EMILY","5","EMILY_MX_YUC_2005",2008-04-01,34.8,"SG"
"YUC_MX_ISIDORE","5","ISIDORE_MX_YUC_2002",2008-04-01,35.9,"SG"
"AL_US_IVAN","4","IVAN_US_AL_2004",2008-05-01,29.5,"SUS"
"AL_US_SALLY","4","SALLY_US_AL_2020",2008-05-01,29.3,"SUS"
"ALEX","6","ALEX_2010",2008-05-01,35.6,"WG"
"BELICE_RICHARD","3","RICHARD_BELICE_2010",2008-05-01,33.8,"C"
"BELIZE_IRIS","2","IRIS_BELIZE_2001",2008-05-01,33.9,"CA"
"BETA","2","BETA_2005",2008-05-01,31.6,"CA"
"CR_OTTO","2","OTTO_CR_2016",2008-05-01,31.9,"CA"
"CUBA_DENNIS","3","DENNIS_CUBA_2005",2008-05-01,33.2,"C"
"CUBA_GUSTAV","3","GUSTAV_CUBA_2008",2008-05-01,32.5,"C"
"CUBA_IAN","3","IAN_CUBA_2022",2008-05-01,32.4,"C"
"CUBA_MICHELLE","3","MICHELLE_CUBA_2001",2008-05-01,33.1,"C"
"CUBA_PALOMA","3","PALOMA_CUBA_2008",2008-05-01,32.8,"C"
"CUBA_SANDY","3","SANDY_CUBA_2012",2008-05-01,32.4,"C"
"DEAN_QROO_MX","5","DEAN_QROO_MX_2007",2008-05-01,35.5,"SG"
"FL_US_CHARLEY","1","CHARLEY_2004",2008-05-01,32.7,"FP"
"FL_US_FRANCES","1","FRANCES_US_FL_2004",2008-05-01,32.4,"FP"
"FL_US_IAN","1","IAN_US_FL_2022",2008-05-01,32.8,"FP"
"FL_US_IRMA","1","IRMA_US_FL_2017",2008-05-01,32.9,"FP"
"FL_US_JEANNE","1","JEANNE_US_FL_2004",2008-05-01,32.4,"FP"
"FL_US_MICHAEL","4","MICHAEL_US_FL_2018",2008-05-01,30.3,"SUS"
"FL_US_WILMA","1","WILMA_US_FL_2005",2008-05-01,32.5,"FP"
"LA_US_GUSTAV","4","GUSTAV_US_LA_2008",2008-05-01,29.4,"SUS"
"LA_US_IDA","4","IDA_US_LA_2009",2008-05-01,29.7,"SUS"
"LA_US_KATRINA","4","KATRINA_US_LA_2005",2008-05-01,29.3,"SUS"
"LA_US_LAURA","4","LAURA_US_LA_2020",2008-05-01,30,"SUS"
"LA_US_ZETA","4","ZETA_US_LA_2020",2008-05-01,29.8,"SUS"
"MX_ERNESTO","5","ERNESTO_MX_2012",2008-05-01,35.5,"SG"
"MX_GRACE","3","GRACE_MX_2021",2008-05-01,35,"C"
"MX_TAMPS_EMILY","6","EMILY_TAMPS_MX_2005",2008-05-01,34.6,"WG"
"NC_US_ISABEL","4","ISABEL_US_NC_2003",2008-05-01,26.3,"SUS"
"NIC_ETA","2","ETA_NIC_2020",2008-05-01,32.7,"CA"
"NIC_FELIX","2","FELIX_NIC_2007",2008-05-01,32.4,"CA"
"NIC_IOTA","2","IOTA_NIC_2020",2008-05-01,32.7,"CA"
"PR_USA_MARIA","3","MARIA_US_PR_2017",2008-05-01,31.7,"C"
"QROO_WILMA","3","WILMA_QROO_2005",2008-05-01,34.2,"C"
"TX_US_HARVEY","6","HARVEY_US_TX_2017",2008-05-01,32.2,"WG"
"TX_US_IKE","4","IKE_US_TX_2008",2008-05-01,30.9,"SUS"
"TX_US_RITA","4","RITA_US_TX_2005",2008-05-01,30.8,"SUS"
"US_FL_DELTA","4","DELTA_US_LA_2020",2008-05-01,29.8,"SUS"
"US_FL_DENNIS","4","DENNIS_US_FL_2005",2008-05-01,29.5,"SUS"
"VER_MX_KARL","5","KARL_MX_VER_2010",2008-05-01,37,"SG"
"YUC_DELTA","5","DELTA_YUCATAN_MX_2020",2008-05-01,35.4,"SG"
"YUC_MX_EMILY","5","EMILY_MX_YUC_2005",2008-05-01,36.2,"SG"
"YUC_MX_ISIDORE","5","ISIDORE_MX_YUC_2002",2008-05-01,37.3,"SG"
"AL_US_IVAN","4","IVAN_US_AL_2004",2008-06-01,33.3,"SUS"
"AL_US_SALLY","4","SALLY_US_AL_2020",2008-06-01,32.8,"SUS"
"ALEX","6","ALEX_2010",2008-06-01,37.9,"WG"
"BELICE_RICHARD","3","RICHARD_BELICE_2010",2008-06-01,31.4,"C"
"BELIZE_IRIS","2","IRIS_BELIZE_2001",2008-06-01,31.8,"CA"
"BETA","2","BETA_2005",2008-06-01,29.7,"CA"
"CR_OTTO","2","OTTO_CR_2016",2008-06-01,30.5,"CA"
"CUBA_DENNIS","3","DENNIS_CUBA_2005",2008-06-01,33,"C"
"CUBA_GUSTAV","3","GUSTAV_CUBA_2008",2008-06-01,32.4,"C"
"CUBA_IAN","3","IAN_CUBA_2022",2008-06-01,32.4,"C"
"CUBA_MICHELLE","3","MICHELLE_CUBA_2001",2008-06-01,33,"C"
"CUBA_PALOMA","3","PALOMA_CUBA_2008",2008-06-01,32.5,"C"
"CUBA_SANDY","3","SANDY_CUBA_2012",2008-06-01,32.6,"C"
"DEAN_QROO_MX","5","DEAN_QROO_MX_2007",2008-06-01,32.3,"SG"
"FL_US_CHARLEY","1","CHARLEY_2004",2008-06-01,33.7,"FP"
"FL_US_FRANCES","1","FRANCES_US_FL_2004",2008-06-01,33.5,"FP"
"FL_US_IAN","1","IAN_US_FL_2022",2008-06-01,33.7,"FP"
"FL_US_IRMA","1","IRMA_US_FL_2017",2008-06-01,33.6,"FP"
"FL_US_JEANNE","1","JEANNE_US_FL_2004",2008-06-01,33.5,"FP"
"FL_US_MICHAEL","4","MICHAEL_US_FL_2018",2008-06-01,33.7,"SUS"
"FL_US_WILMA","1","WILMA_US_FL_2005",2008-06-01,33.2,"FP"
"LA_US_GUSTAV","4","GUSTAV_US_LA_2008",2008-06-01,32.7,"SUS"
"LA_US_IDA","4","IDA_US_LA_2009",2008-06-01,32.9,"SUS"
"LA_US_KATRINA","4","KATRINA_US_LA_2005",2008-06-01,33,"SUS"
"LA_US_LAURA","4","LAURA_US_LA_2020",2008-06-01,33.8,"SUS"
"LA_US_ZETA","4","ZETA_US_LA_2020",2008-06-01,32.7,"SUS"
"MX_ERNESTO","5","ERNESTO_MX_2012",2008-06-01,32.3,"SG"
"MX_GRACE","3","GRACE_MX_2021",2008-06-01,33.9,"C"
"MX_TAMPS_EMILY","6","EMILY_TAMPS_MX_2005",2008-06-01,37.5,"WG"
"NC_US_ISABEL","4","ISABEL_US_NC_2003",2008-06-01,33.2,"SUS"
"NIC_ETA","2","ETA_NIC_2020",2008-06-01,30.2,"CA"
"NIC_FELIX","2","FELIX_NIC_2007",2008-06-01,30.4,"CA"
"NIC_IOTA","2","IOTA_NIC_2020",2008-06-01,30.2,"CA"
"PR_USA_MARIA","3","MARIA_US_PR_2017",2008-06-01,32.5,"C"
"QROO_WILMA","3","WILMA_QROO_2005",2008-06-01,32.7,"C"
"TX_US_HARVEY","6","HARVEY_US_TX_2017",2008-06-01,36.2,"WG"
"TX_US_IKE","4","IKE_US_TX_2008",2008-06-01,35,"SUS"
"TX_US_RITA","4","RITA_US_TX_2005",2008-06-01,34.7,"SUS"
"US_FL_DELTA","4","DELTA_US_LA_2020",2008-06-01,33.4,"SUS"
"US_FL_DENNIS","4","DENNIS_US_FL_2005",2008-06-01,33.3,"SUS"
"VER_MX_KARL","5","KARL_MX_VER_2010",2008-06-01,33.2,"SG"
"YUC_DELTA","5","DELTA_YUCATAN_MX_2020",2008-06-01,33,"SG"
"YUC_MX_EMILY","5","EMILY_MX_YUC_2005",2008-06-01,33.2,"SG"
"YUC_MX_ISIDORE","5","ISIDORE_MX_YUC_2002",2008-06-01,33.7,"SG"
"AL_US_IVAN","4","IVAN_US_AL_2004",2008-07-01,34,"SUS"
"AL_US_SALLY","4","SALLY_US_AL_2020",2008-07-01,33.2,"SUS"
"ALEX","6","ALEX_2010",2008-07-01,35.6,"WG"
"BELICE_RICHARD","3","RICHARD_BELICE_2010",2008-07-01,31.8,"C"
"BELIZE_IRIS","2","IRIS_BELIZE_2001",2008-07-01,31.2,"CA"
"BETA","2","BETA_2005",2008-07-01,28.9,"CA"
"CR_OTTO","2","OTTO_CR_2016",2008-07-01,30.3,"CA"
"CUBA_DENNIS","3","DENNIS_CUBA_2005",2008-07-01,33.6,"C"
"CUBA_GUSTAV","3","GUSTAV_CUBA_2008",2008-07-01,32.6,"C"
"CUBA_IAN","3","IAN_CUBA_2022",2008-07-01,32.6,"C"
"CUBA_MICHELLE","3","MICHELLE_CUBA_2001",2008-07-01,33.6,"C"
"CUBA_PALOMA","3","PALOMA_CUBA_2008",2008-07-01,33.7,"C"
"CUBA_SANDY","3","SANDY_CUBA_2012",2008-07-01,33.6,"C"
"DEAN_QROO_MX","5","DEAN_QROO_MX_2007",2008-07-01,33.2,"SG"
"FL_US_CHARLEY","1","CHARLEY_2004",2008-07-01,33,"FP"
"FL_US_FRANCES","1","FRANCES_US_FL_2004",2008-07-01,33.1,"FP"
"FL_US_IAN","1","IAN_US_FL_2022",2008-07-01,33.3,"FP"
"FL_US_IRMA","1","IRMA_US_FL_2017",2008-07-01,33.2,"FP"
"FL_US_JEANNE","1","JEANNE_US_FL_2004",2008-07-01,33.1,"FP"
"FL_US_MICHAEL","4","MICHAEL_US_FL_2018",2008-07-01,33.3,"SUS"
"FL_US_WILMA","1","WILMA_US_FL_2005",2008-07-01,33,"FP"
"LA_US_GUSTAV","4","GUSTAV_US_LA_2008",2008-07-01,33.3,"SUS"
"LA_US_IDA","4","IDA_US_LA_2009",2008-07-01,33.7,"SUS"
"LA_US_KATRINA","4","KATRINA_US_LA_2005",2008-07-01,34,"SUS"
"LA_US_LAURA","4","LAURA_US_LA_2020",2008-07-01,34.7,"SUS"
"LA_US_ZETA","4","ZETA_US_LA_2020",2008-07-01,33.7,"SUS"
"MX_ERNESTO","5","ERNESTO_MX_2012",2008-07-01,33,"SG"
"MX_GRACE","3","GRACE_MX_2021",2008-07-01,32.9,"C"
"MX_TAMPS_EMILY","6","EMILY_TAMPS_MX_2005",2008-07-01,35,"WG"
"NC_US_ISABEL","4","ISABEL_US_NC_2003",2008-07-01,32.1,"SUS"
"NIC_ETA","2","ETA_NIC_2020",2008-07-01,29.9,"CA"
"NIC_FELIX","2","FELIX_NIC_2007",2008-07-01,30.3,"CA"
"NIC_IOTA","2","IOTA_NIC_2020",2008-07-01,30.1,"CA"
"PR_USA_MARIA","3","MARIA_US_PR_2017",2008-07-01,32.8,"C"
"QROO_WILMA","3","WILMA_QROO_2005",2008-07-01,33.8,"C"
"TX_US_HARVEY","6","HARVEY_US_TX_2017",2008-07-01,35.2,"WG"
"TX_US_IKE","4","IKE_US_TX_2008",2008-07-01,35.5,"SUS"
"TX_US_RITA","4","RITA_US_TX_2005",2008-07-01,35.3,"SUS"
"US_FL_DELTA","4","DELTA_US_LA_2020",2008-07-01,34.3,"SUS"
"US_FL_DENNIS","4","DENNIS_US_FL_2005",2008-07-01,34,"SUS"
"VER_MX_KARL","5","KARL_MX_VER_2010",2008-07-01,32.3,"SG"
"YUC_DELTA","5","DELTA_YUCATAN_MX_2020",2008-07-01,33.9,"SG"
"YUC_MX_EMILY","5","EMILY_MX_YUC_2005",2008-07-01,34.2,"SG"
"YUC_MX_ISIDORE","5","ISIDORE_MX_YUC_2002",2008-07-01,34.3,"SG"
"AL_US_IVAN","4","IVAN_US_AL_2004",2008-08-01,32.1,"SUS"
"AL_US_SALLY","4","SALLY_US_AL_2020",2008-08-01,31.5,"SUS"
"ALEX","6","ALEX_2010",2008-08-01,35.3,"WG"
"BELICE_RICHARD","3","RICHARD_BELICE_2010",2008-08-01,32.2,"C"
"BELIZE_IRIS","2","IRIS_BELIZE_2001",2008-08-01,32.1,"CA"
"BETA","2","BETA_2005",2008-08-01,29.2,"CA"
"CR_OTTO","2","OTTO_CR_2016",2008-08-01,30.2,"CA"
"CUBA_DENNIS","3","DENNIS_CUBA_2005",2008-08-01,34,"C"
"CUBA_GUSTAV","3","GUSTAV_CUBA_2008",2008-08-01,33,"C"
"CUBA_IAN","3","IAN_CUBA_2022",2008-08-01,33,"C"
"CUBA_MICHELLE","3","MICHELLE_CUBA_2001",2008-08-01,33.9,"C"
"CUBA_PALOMA","3","PALOMA_CUBA_2008",2008-08-01,33.8,"C"
"CUBA_SANDY","3","SANDY_CUBA_2012",2008-08-01,33.7,"C"
"DEAN_QROO_MX","5","DEAN_QROO_MX_2007",2008-08-01,33.5,"SG"
"FL_US_CHARLEY","1","CHARLEY_2004",2008-08-01,33.3,"FP"
"FL_US_FRANCES","1","FRANCES_US_FL_2004",2008-08-01,33.4,"FP"
"FL_US_IAN","1","IAN_US_FL_2022",2008-08-01,33.6,"FP"
"FL_US_IRMA","1","IRMA_US_FL_2017",2008-08-01,33.6,"FP"
"FL_US_JEANNE","1","JEANNE_US_FL_2004",2008-08-01,33.4,"FP"
"FL_US_MICHAEL","4","MICHAEL_US_FL_2018",2008-08-01,32.2,"SUS"
"FL_US_WILMA","1","WILMA_US_FL_2005",2008-08-01,33.6,"FP"
"LA_US_GUSTAV","4","GUSTAV_US_LA_2008",2008-08-01,31.8,"SUS"
"LA_US_IDA","4","IDA_US_LA_2009",2008-08-01,32,"SUS"
"LA_US_KATRINA","4","KATRINA_US_LA_2005",2008-08-01,32.2,"SUS"
"LA_US_LAURA","4","LAURA_US_LA_2020",2008-08-01,33.5,"SUS"
"LA_US_ZETA","4","ZETA_US_LA_2020",2008-08-01,32.3,"SUS"
"MX_ERNESTO","5","ERNESTO_MX_2012",2008-08-01,33.4,"SG"
"MX_GRACE","3","GRACE_MX_2021",2008-08-01,32.7,"C"
"MX_TAMPS_EMILY","6","EMILY_TAMPS_MX_2005",2008-08-01,35.1,"WG"
"NC_US_ISABEL","4","ISABEL_US_NC_2003",2008-08-01,31.4,"SUS"
"NIC_ETA","2","ETA_NIC_2020",2008-08-01,29.9,"CA"
"NIC_FELIX","2","FELIX_NIC_2007",2008-08-01,30,"CA"
"NIC_IOTA","2","IOTA_NIC_2020",2008-08-01,29.9,"CA"
"PR_USA_MARIA","3","MARIA_US_PR_2017",2008-08-01,33.1,"C"
"QROO_WILMA","3","WILMA_QROO_2005",2008-08-01,34.1,"C"
"TX_US_HARVEY","6","HARVEY_US_TX_2017",2008-08-01,35.1,"WG"
"TX_US_IKE","4","IKE_US_TX_2008",2008-08-01,34.7,"SUS"
"TX_US_RITA","4","RITA_US_TX_2005",2008-08-01,34.1,"SUS"
"US_FL_DELTA","4","DELTA_US_LA_2020",2008-08-01,32.8,"SUS"
"US_FL_DENNIS","4","DENNIS_US_FL_2005",2008-08-01,32.1,"SUS"
"VER_MX_KARL","5","KARL_MX_VER_2010",2008-08-01,32.6,"SG"
"YUC_DELTA","5","DELTA_YUCATAN_MX_2020",2008-08-01,34.1,"SG"
"YUC_MX_EMILY","5","EMILY_MX_YUC_2005",2008-08-01,34.4,"SG"
"YUC_MX_ISIDORE","5","ISIDORE_MX_YUC_2002",2008-08-01,34.6,"SG"
"AL_US_IVAN","4","IVAN_US_AL_2004",2008-09-01,30.5,"SUS"
"AL_US_SALLY","4","SALLY_US_AL_2020",2008-09-01,30.3,"SUS"
"ALEX","6","ALEX_2010",2008-09-01,32.9,"WG"
"BELICE_RICHARD","3","RICHARD_BELICE_2010",2008-09-01,32.9,"C"
"BELIZE_IRIS","2","IRIS_BELIZE_2001",2008-09-01,32.4,"CA"
"BETA","2","BETA_2005",2008-09-01,30.4,"CA"
"CR_OTTO","2","OTTO_CR_2016",2008-09-01,30.7,"CA"
"CUBA_DENNIS","3","DENNIS_CUBA_2005",2008-09-01,32.9,"C"
"CUBA_GUSTAV","3","GUSTAV_CUBA_2008",2008-09-01,31.9,"C"
"CUBA_IAN","3","IAN_CUBA_2022",2008-09-01,32.1,"C"
"CUBA_MICHELLE","3","MICHELLE_CUBA_2001",2008-09-01,32.9,"C"
"CUBA_PALOMA","3","PALOMA_CUBA_2008",2008-09-01,32.6,"C"
"CUBA_SANDY","3","SANDY_CUBA_2012",2008-09-01,32.9,"C"
"DEAN_QROO_MX","5","DEAN_QROO_MX_2007",2008-09-01,33.5,"SG"
"FL_US_CHARLEY","1","CHARLEY_2004",2008-09-01,32.4,"FP"
"FL_US_FRANCES","1","FRANCES_US_FL_2004",2008-09-01,32.3,"FP"
"FL_US_IAN","1","IAN_US_FL_2022",2008-09-01,32.5,"FP"
"FL_US_IRMA","1","IRMA_US_FL_2017",2008-09-01,32.5,"FP"
"FL_US_JEANNE","1","JEANNE_US_FL_2004",2008-09-01,32.3,"FP"
"FL_US_MICHAEL","4","MICHAEL_US_FL_2018",2008-09-01,31.6,"SUS"
"FL_US_WILMA","1","WILMA_US_FL_2005",2008-09-01,32.5,"FP"
"LA_US_GUSTAV","4","GUSTAV_US_LA_2008",2008-09-01,30.1,"SUS"
"LA_US_IDA","4","IDA_US_LA_2009",2008-09-01,30.2,"SUS"
"LA_US_KATRINA","4","KATRINA_US_LA_2005",2008-09-01,30.3,"SUS"
"LA_US_LAURA","4","LAURA_US_LA_2020",2008-09-01,30.7,"SUS"
"LA_US_ZETA","4","ZETA_US_LA_2020",2008-09-01,30.3,"SUS"
"MX_ERNESTO","5","ERNESTO_MX_2012",2008-09-01,33.4,"SG"
"MX_GRACE","3","GRACE_MX_2021",2008-09-01,31.4,"C"
"MX_TAMPS_EMILY","6","EMILY_TAMPS_MX_2005",2008-09-01,32.6,"WG"
"NC_US_ISABEL","4","ISABEL_US_NC_2003",2008-09-01,28.3,"SUS"
"NIC_ETA","2","ETA_NIC_2020",2008-09-01,31.3,"CA"
"NIC_FELIX","2","FELIX_NIC_2007",2008-09-01,31.2,"CA"
"NIC_IOTA","2","IOTA_NIC_2020",2008-09-01,31.3,"CA"
"PR_USA_MARIA","3","MARIA_US_PR_2017",2008-09-01,32.7,"C"
"QROO_WILMA","3","WILMA_QROO_2005",2008-09-01,33.4,"C"
"TX_US_HARVEY","6","HARVEY_US_TX_2017",2008-09-01,33.4,"WG"
"TX_US_IKE","4","IKE_US_TX_2008",2008-09-01,31.9,"SUS"
"TX_US_RITA","4","RITA_US_TX_2005",2008-09-01,31.7,"SUS"
"US_FL_DELTA","4","DELTA_US_LA_2020",2008-09-01,30.6,"SUS"
"US_FL_DENNIS","4","DENNIS_US_FL_2005",2008-09-01,30.6,"SUS"
"VER_MX_KARL","5","KARL_MX_VER_2010",2008-09-01,31.4,"SG"
"YUC_DELTA","5","DELTA_YUCATAN_MX_2020",2008-09-01,33.4,"SG"
"YUC_MX_EMILY","5","EMILY_MX_YUC_2005",2008-09-01,33.9,"SG"
"YUC_MX_ISIDORE","5","ISIDORE_MX_YUC_2002",2008-09-01,34,"SG"
"AL_US_IVAN","4","IVAN_US_AL_2004",2008-10-01,25.8,"SUS"
"AL_US_SALLY","4","SALLY_US_AL_2020",2008-10-01,25.4,"SUS"
"ALEX","6","ALEX_2010",2008-10-01,31.7,"WG"
"BELICE_RICHARD","3","RICHARD_BELICE_2010",2008-10-01,30.2,"C"
"BELIZE_IRIS","2","IRIS_BELIZE_2001",2008-10-01,29.2,"CA"
"BETA","2","BETA_2005",2008-10-01,29.8,"CA"
"CR_OTTO","2","OTTO_CR_2016",2008-10-01,30.1,"CA"
"CUBA_DENNIS","3","DENNIS_CUBA_2005",2008-10-01,31.4,"C"
"CUBA_GUSTAV","3","GUSTAV_CUBA_2008",2008-10-01,30.5,"C"
"CUBA_IAN","3","IAN_CUBA_2022",2008-10-01,30.4,"C"
"CUBA_MICHELLE","3","MICHELLE_CUBA_2001",2008-10-01,31.4,"C"
"CUBA_PALOMA","3","PALOMA_CUBA_2008",2008-10-01,30.7,"C"
"CUBA_SANDY","3","SANDY_CUBA_2012",2008-10-01,31,"C"
"DEAN_QROO_MX","5","DEAN_QROO_MX_2007",2008-10-01,30.5,"SG"
"FL_US_CHARLEY","1","CHARLEY_2004",2008-10-01,30,"FP"
"FL_US_FRANCES","1","FRANCES_US_FL_2004",2008-10-01,29.5,"FP"
"FL_US_IAN","1","IAN_US_FL_2022",2008-10-01,30.1,"FP"
"FL_US_IRMA","1","IRMA_US_FL_2017",2008-10-01,30.4,"FP"
"FL_US_JEANNE","1","JEANNE_US_FL_2004",2008-10-01,29.5,"FP"
"FL_US_MICHAEL","4","MICHAEL_US_FL_2018",2008-10-01,26.5,"SUS"
"FL_US_WILMA","1","WILMA_US_FL_2005",2008-10-01,30.3,"FP"
"LA_US_GUSTAV","4","GUSTAV_US_LA_2008",2008-10-01,26.5,"SUS"
"LA_US_IDA","4","IDA_US_LA_2009",2008-10-01,26.5,"SUS"
"LA_US_KATRINA","4","KATRINA_US_LA_2005",2008-10-01,27.2,"SUS"
"LA_US_LAURA","4","LAURA_US_LA_2020",2008-10-01,27.1,"SUS"
"LA_US_ZETA","4","ZETA_US_LA_2020",2008-10-01,26.6,"SUS"
"MX_ERNESTO","5","ERNESTO_MX_2012",2008-10-01,30.4,"SG"
"MX_GRACE","3","GRACE_MX_2021",2008-10-01,30.5,"C"
"MX_TAMPS_EMILY","6","EMILY_TAMPS_MX_2005",2008-10-01,31.4,"WG"
"NC_US_ISABEL","4","ISABEL_US_NC_2003",2008-10-01,22.9,"SUS"
"NIC_ETA","2","ETA_NIC_2020",2008-10-01,30.2,"CA"
"NIC_FELIX","2","FELIX_NIC_2007",2008-10-01,30.2,"CA"
"NIC_IOTA","2","IOTA_NIC_2020",2008-10-01,30.2,"CA"
"PR_USA_MARIA","3","MARIA_US_PR_2017",2008-10-01,32,"C"
"QROO_WILMA","3","WILMA_QROO_2005",2008-10-01,30.8,"C"
"TX_US_HARVEY","6","HARVEY_US_TX_2017",2008-10-01,30,"WG"
"TX_US_IKE","4","IKE_US_TX_2008",2008-10-01,28.2,"SUS"
"TX_US_RITA","4","RITA_US_TX_2005",2008-10-01,27.9,"SUS"
"US_FL_DELTA","4","DELTA_US_LA_2020",2008-10-01,26.8,"SUS"
"US_FL_DENNIS","4","DENNIS_US_FL_2005",2008-10-01,25.5,"SUS"
"VER_MX_KARL","5","KARL_MX_VER_2010",2008-10-01,31.3,"SG"
"YUC_DELTA","5","DELTA_YUCATAN_MX_2020",2008-10-01,30.8,"SG"
"YUC_MX_EMILY","5","EMILY_MX_YUC_2005",2008-10-01,31.3,"SG"
"YUC_MX_ISIDORE","5","ISIDORE_MX_YUC_2002",2008-10-01,31,"SG"
"AL_US_IVAN","4","IVAN_US_AL_2004",2008-11-01,20.8,"SUS"
"AL_US_SALLY","4","SALLY_US_AL_2020",2008-11-01,20.4,"SUS"
"ALEX","6","ALEX_2010",2008-11-01,28.5,"WG"
"BELICE_RICHARD","3","RICHARD_BELICE_2010",2008-11-01,29.9,"C"
"BELIZE_IRIS","2","IRIS_BELIZE_2001",2008-11-01,29.6,"CA"
"BETA","2","BETA_2005",2008-11-01,29.3,"CA"
"CR_OTTO","2","OTTO_CR_2016",2008-11-01,30,"CA"
"CUBA_DENNIS","3","DENNIS_CUBA_2005",2008-11-01,28.3,"C"
"CUBA_GUSTAV","3","GUSTAV_CUBA_2008",2008-11-01,27.6,"C"
"CUBA_IAN","3","IAN_CUBA_2022",2008-11-01,27.3,"C"
"CUBA_MICHELLE","3","MICHELLE_CUBA_2001",2008-11-01,28.3,"C"
"CUBA_PALOMA","3","PALOMA_CUBA_2008",2008-11-01,29,"C"
"CUBA_SANDY","3","SANDY_CUBA_2012",2008-11-01,29.9,"C"
"DEAN_QROO_MX","5","DEAN_QROO_MX_2007",2008-11-01,30.2,"SG"
"FL_US_CHARLEY","1","CHARLEY_2004",2008-11-01,26.2,"FP"
"FL_US_FRANCES","1","FRANCES_US_FL_2004",2008-11-01,25.9,"FP"
"FL_US_IAN","1","IAN_US_FL_2022",2008-11-01,26.5,"FP"
"FL_US_IRMA","1","IRMA_US_FL_2017",2008-11-01,27,"FP"
"FL_US_JEANNE","1","JEANNE_US_FL_2004",2008-11-01,26,"FP"
"FL_US_MICHAEL","4","MICHAEL_US_FL_2018",2008-11-01,21.6,"SUS"
"FL_US_WILMA","1","WILMA_US_FL_2005",2008-11-01,26.9,"FP"
"LA_US_GUSTAV","4","GUSTAV_US_LA_2008",2008-11-01,22.8,"SUS"
"LA_US_IDA","4","IDA_US_LA_2009",2008-11-01,22.8,"SUS"
"LA_US_KATRINA","4","KATRINA_US_LA_2005",2008-11-01,22.9,"SUS"
"LA_US_LAURA","4","LAURA_US_LA_2020",2008-11-01,22.6,"SUS"
"LA_US_ZETA","4","ZETA_US_LA_2020",2008-11-01,22.6,"SUS"
"MX_ERNESTO","5","ERNESTO_MX_2012",2008-11-01,30.2,"SG"
"MX_GRACE","3","GRACE_MX_2021",2008-11-01,27.5,"C"
"MX_TAMPS_EMILY","6","EMILY_TAMPS_MX_2005",2008-11-01,28,"WG"
"NC_US_ISABEL","4","ISABEL_US_NC_2003",2008-11-01,16.9,"SUS"
"NIC_ETA","2","ETA_NIC_2020",2008-11-01,29.7,"CA"
"NIC_FELIX","2","FELIX_NIC_2007",2008-11-01,29.7,"CA"
"NIC_IOTA","2","IOTA_NIC_2020",2008-11-01,29.7,"CA"
"PR_USA_MARIA","3","MARIA_US_PR_2017",2008-11-01,31.3,"C"
"QROO_WILMA","3","WILMA_QROO_2005",2008-11-01,29.3,"C"
"TX_US_HARVEY","6","HARVEY_US_TX_2017",2008-11-01,26,"WG"
"TX_US_IKE","4","IKE_US_TX_2008",2008-11-01,24,"SUS"
"TX_US_RITA","4","RITA_US_TX_2005",2008-11-01,23.6,"SUS"
"US_FL_DELTA","4","DELTA_US_LA_2020",2008-11-01,22.4,"SUS"
"US_FL_DENNIS","4","DENNIS_US_FL_2005",2008-11-01,20.5,"SUS"
"VER_MX_KARL","5","KARL_MX_VER_2010",2008-11-01,29.7,"SG"
"YUC_DELTA","5","DELTA_YUCATAN_MX_2020",2008-11-01,29.5,"SG"
"YUC_MX_EMILY","5","EMILY_MX_YUC_2005",2008-11-01,30.6,"SG"
"YUC_MX_ISIDORE","5","ISIDORE_MX_YUC_2002",2008-11-01,30.7,"SG"
"AL_US_IVAN","4","IVAN_US_AL_2004",2008-12-01,19,"SUS"
"AL_US_SALLY","4","SALLY_US_AL_2020",2008-12-01,19.1,"SUS"
"ALEX","6","ALEX_2010",2008-12-01,26,"WG"
"BELICE_RICHARD","3","RICHARD_BELICE_2010",2008-12-01,29.2,"C"
"BELIZE_IRIS","2","IRIS_BELIZE_2001",2008-12-01,28.6,"CA"
"BETA","2","BETA_2005",2008-12-01,28.7,"CA"
"CR_OTTO","2","OTTO_CR_2016",2008-12-01,30.4,"CA"
"CUBA_DENNIS","3","DENNIS_CUBA_2005",2008-12-01,29.4,"C"
"CUBA_GUSTAV","3","GUSTAV_CUBA_2008",2008-12-01,28.4,"C"
"CUBA_IAN","3","IAN_CUBA_2022",2008-12-01,28.1,"C"
"CUBA_MICHELLE","3","MICHELLE_CUBA_2001",2008-12-01,29.3,"C"
"CUBA_PALOMA","3","PALOMA_CUBA_2008",2008-12-01,28.8,"C"
"CUBA_SANDY","3","SANDY_CUBA_2012",2008-12-01,29.6,"C"
"DEAN_QROO_MX","5","DEAN_QROO_MX_2007",2008-12-01,29.6,"SG"
"FL_US_CHARLEY","1","CHARLEY_2004",2008-12-01,25.9,"FP"
"FL_US_FRANCES","1","FRANCES_US_FL_2004",2008-12-01,25.7,"FP"
"FL_US_IAN","1","IAN_US_FL_2022",2008-12-01,26.1,"FP"
"FL_US_IRMA","1","IRMA_US_FL_2017",2008-12-01,26.7,"FP"
"FL_US_JEANNE","1","JEANNE_US_FL_2004",2008-12-01,25.8,"FP"
"FL_US_MICHAEL","4","MICHAEL_US_FL_2018",2008-12-01,20.8,"SUS"
"FL_US_WILMA","1","WILMA_US_FL_2005",2008-12-01,26.6,"FP"
"LA_US_GUSTAV","4","GUSTAV_US_LA_2008",2008-12-01,20.5,"SUS"
"LA_US_IDA","4","IDA_US_LA_2009",2008-12-01,20.5,"SUS"
"LA_US_KATRINA","4","KATRINA_US_LA_2005",2008-12-01,20.5,"SUS"
"LA_US_LAURA","4","LAURA_US_LA_2020",2008-12-01,18.8,"SUS"
"LA_US_ZETA","4","ZETA_US_LA_2020",2008-12-01,20.3,"SUS"
"MX_ERNESTO","5","ERNESTO_MX_2012",2008-12-01,29.4,"SG"
"MX_GRACE","3","GRACE_MX_2021",2008-12-01,25.4,"C"
"MX_TAMPS_EMILY","6","EMILY_TAMPS_MX_2005",2008-12-01,25.3,"WG"
"NC_US_ISABEL","4","ISABEL_US_NC_2003",2008-12-01,16.5,"SUS"
"NIC_ETA","2","ETA_NIC_2020",2008-12-01,28.5,"CA"
"NIC_FELIX","2","FELIX_NIC_2007",2008-12-01,29.1,"CA"
"NIC_IOTA","2","IOTA_NIC_2020",2008-12-01,28.7,"CA"
"PR_USA_MARIA","3","MARIA_US_PR_2017",2008-12-01,30.4,"C"
"QROO_WILMA","3","WILMA_QROO_2005",2008-12-01,29.7,"C"
"TX_US_HARVEY","6","HARVEY_US_TX_2017",2008-12-01,21.5,"WG"
"TX_US_IKE","4","IKE_US_TX_2008",2008-12-01,19.6,"SUS"
"TX_US_RITA","4","RITA_US_TX_2005",2008-12-01,19.5,"SUS"
"US_FL_DELTA","4","DELTA_US_LA_2020",2008-12-01,19,"SUS"
"US_FL_DENNIS","4","DENNIS_US_FL_2005",2008-12-01,19.1,"SUS"
"VER_MX_KARL","5","KARL_MX_VER_2010",2008-12-01,28.6,"SG"
"YUC_DELTA","5","DELTA_YUCATAN_MX_2020",2008-12-01,29.9,"SG"
"YUC_MX_EMILY","5","EMILY_MX_YUC_2005",2008-12-01,30.6,"SG"
"YUC_MX_ISIDORE","5","ISIDORE_MX_YUC_2002",2008-12-01,30.3,"SG"
"AL_US_IVAN","4","IVAN_US_AL_2004",2009-01-01,17.3,"SUS"
"AL_US_SALLY","4","SALLY_US_AL_2020",2009-01-01,17.2,"SUS"
"ALEX","6","ALEX_2010",2009-01-01,27.3,"WG"
"BELICE_RICHARD","3","RICHARD_BELICE_2010",2009-01-01,28.2,"C"
"BELIZE_IRIS","2","IRIS_BELIZE_2001",2009-01-01,27.8,"CA"
"BETA","2","BETA_2005",2009-01-01,29,"CA"
"CR_OTTO","2","OTTO_CR_2016",2009-01-01,31.4,"CA"
"CUBA_DENNIS","3","DENNIS_CUBA_2005",2009-01-01,28.4,"C"
"CUBA_GUSTAV","3","GUSTAV_CUBA_2008",2009-01-01,27.3,"C"
"CUBA_IAN","3","IAN_CUBA_2022",2009-01-01,27,"C"
"CUBA_MICHELLE","3","MICHELLE_CUBA_2001",2009-01-01,28.2,"C"
"CUBA_PALOMA","3","PALOMA_CUBA_2008",2009-01-01,28.4,"C"
"CUBA_SANDY","3","SANDY_CUBA_2012",2009-01-01,29.5,"C"
"DEAN_QROO_MX","5","DEAN_QROO_MX_2007",2009-01-01,28.8,"SG"
"FL_US_CHARLEY","1","CHARLEY_2004",2009-01-01,24,"FP"
"FL_US_FRANCES","1","FRANCES_US_FL_2004",2009-01-01,24.1,"FP"
"FL_US_IAN","1","IAN_US_FL_2022",2009-01-01,24.4,"FP"
"FL_US_IRMA","1","IRMA_US_FL_2017",2009-01-01,25.1,"FP"
"FL_US_JEANNE","1","JEANNE_US_FL_2004",2009-01-01,24.3,"FP"
"FL_US_MICHAEL","4","MICHAEL_US_FL_2018",2009-01-01,18.3,"SUS"
"FL_US_WILMA","1","WILMA_US_FL_2005",2009-01-01,25,"FP"
"LA_US_GUSTAV","4","GUSTAV_US_LA_2008",2009-01-01,19.8,"SUS"
"LA_US_IDA","4","IDA_US_LA_2009",2009-01-01,19.3,"SUS"
"LA_US_KATRINA","4","KATRINA_US_LA_2005",2009-01-01,18.6,"SUS"
"LA_US_LAURA","4","LAURA_US_LA_2020",2009-01-01,18.5,"SUS"
"LA_US_ZETA","4","ZETA_US_LA_2020",2009-01-01,19.1,"SUS"
"MX_ERNESTO","5","ERNESTO_MX_2012",2009-01-01,28.6,"SG"
"MX_GRACE","3","GRACE_MX_2021",2009-01-01,26.9,"C"
"MX_TAMPS_EMILY","6","EMILY_TAMPS_MX_2005",2009-01-01,26.1,"WG"
"NC_US_ISABEL","4","ISABEL_US_NC_2003",2009-01-01,11.6,"SUS"
"NIC_ETA","2","ETA_NIC_2020",2009-01-01,29,"CA"
"NIC_FELIX","2","FELIX_NIC_2007",2009-01-01,29.2,"CA"
"NIC_IOTA","2","IOTA_NIC_2020",2009-01-01,29.2,"CA"
"PR_USA_MARIA","3","MARIA_US_PR_2017",2009-01-01,30.5,"C"
"QROO_WILMA","3","WILMA_QROO_2005",2009-01-01,28.4,"C"
"TX_US_HARVEY","6","HARVEY_US_TX_2017",2009-01-01,22.3,"WG"
"TX_US_IKE","4","IKE_US_TX_2008",2009-01-01,19.7,"SUS"
"TX_US_RITA","4","RITA_US_TX_2005",2009-01-01,19.2,"SUS"
"US_FL_DELTA","4","DELTA_US_LA_2020",2009-01-01,18.2,"SUS"
"US_FL_DENNIS","4","DENNIS_US_FL_2005",2009-01-01,17.2,"SUS"
"VER_MX_KARL","5","KARL_MX_VER_2010",2009-01-01,30,"SG"
"YUC_DELTA","5","DELTA_YUCATAN_MX_2020",2009-01-01,28.5,"SG"
"YUC_MX_EMILY","5","EMILY_MX_YUC_2005",2009-01-01,29.5,"SG"
"YUC_MX_ISIDORE","5","ISIDORE_MX_YUC_2002",2009-01-01,29.4,"SG"
"AL_US_IVAN","4","IVAN_US_AL_2004",2009-02-01,19.4,"SUS"
"AL_US_SALLY","4","SALLY_US_AL_2020",2009-02-01,19.3,"SUS"
"ALEX","6","ALEX_2010",2009-02-01,29,"WG"
"BELICE_RICHARD","3","RICHARD_BELICE_2010",2009-02-01,29.8,"C"
"BELIZE_IRIS","2","IRIS_BELIZE_2001",2009-02-01,30.2,"CA"
"BETA","2","BETA_2005",2009-02-01,29.3,"CA"
"CR_OTTO","2","OTTO_CR_2016",2009-02-01,31.6,"CA"
"CUBA_DENNIS","3","DENNIS_CUBA_2005",2009-02-01,28.5,"C"
"CUBA_GUSTAV","3","GUSTAV_CUBA_2008",2009-02-01,27.5,"C"
"CUBA_IAN","3","IAN_CUBA_2022",2009-02-01,27.5,"C"
"CUBA_MICHELLE","3","MICHELLE_CUBA_2001",2009-02-01,28.5,"C"
"CUBA_PALOMA","3","PALOMA_CUBA_2008",2009-02-01,28.2,"C"
"CUBA_SANDY","3","SANDY_CUBA_2012",2009-02-01,29,"C"
"DEAN_QROO_MX","5","DEAN_QROO_MX_2007",2009-02-01,31,"SG"
"FL_US_CHARLEY","1","CHARLEY_2004",2009-02-01,24.1,"FP"
"FL_US_FRANCES","1","FRANCES_US_FL_2004",2009-02-01,24.1,"FP"
"FL_US_IAN","1","IAN_US_FL_2022",2009-02-01,24.5,"FP"
"FL_US_IRMA","1","IRMA_US_FL_2017",2009-02-01,25,"FP"
"FL_US_JEANNE","1","JEANNE_US_FL_2004",2009-02-01,24.1,"FP"
"FL_US_MICHAEL","4","MICHAEL_US_FL_2018",2009-02-01,19.6,"SUS"
"FL_US_WILMA","1","WILMA_US_FL_2005",2009-02-01,24.9,"FP"
"LA_US_GUSTAV","4","GUSTAV_US_LA_2008",2009-02-01,20.9,"SUS"
"LA_US_IDA","4","IDA_US_LA_2009",2009-02-01,20.9,"SUS"
"LA_US_KATRINA","4","KATRINA_US_LA_2005",2009-02-01,20,"SUS"
"LA_US_LAURA","4","LAURA_US_LA_2020",2009-02-01,21.4,"SUS"
"LA_US_ZETA","4","ZETA_US_LA_2020",2009-02-01,20.7,"SUS"
"MX_ERNESTO","5","ERNESTO_MX_2012",2009-02-01,31,"SG"
"MX_GRACE","3","GRACE_MX_2021",2009-02-01,28.1,"C"
"MX_TAMPS_EMILY","6","EMILY_TAMPS_MX_2005",2009-02-01,27.9,"WG"
"NC_US_ISABEL","4","ISABEL_US_NC_2003",2009-02-01,14.9,"SUS"
"NIC_ETA","2","ETA_NIC_2020",2009-02-01,29.8,"CA"
"NIC_FELIX","2","FELIX_NIC_2007",2009-02-01,29.2,"CA"
"NIC_IOTA","2","IOTA_NIC_2020",2009-02-01,29.8,"CA"
"PR_USA_MARIA","3","MARIA_US_PR_2017",2009-02-01,30.1,"C"
"QROO_WILMA","3","WILMA_QROO_2005",2009-02-01,29.9,"C"
"TX_US_HARVEY","6","HARVEY_US_TX_2017",2009-02-01,25.1,"WG"
"TX_US_IKE","4","IKE_US_TX_2008",2009-02-01,22.5,"SUS"
"TX_US_RITA","4","RITA_US_TX_2005",2009-02-01,22.3,"SUS"
"US_FL_DELTA","4","DELTA_US_LA_2020",2009-02-01,20.9,"SUS"
"US_FL_DENNIS","4","DENNIS_US_FL_2005",2009-02-01,19.3,"SUS"
"VER_MX_KARL","5","KARL_MX_VER_2010",2009-02-01,31.5,"SG"
"YUC_DELTA","5","DELTA_YUCATAN_MX_2020",2009-02-01,30.7,"SG"
"YUC_MX_EMILY","5","EMILY_MX_YUC_2005",2009-02-01,31.8,"SG"
"YUC_MX_ISIDORE","5","ISIDORE_MX_YUC_2002",2009-02-01,32.1,"SG"
"AL_US_IVAN","4","IVAN_US_AL_2004",2009-03-01,22.6,"SUS"
"AL_US_SALLY","4","SALLY_US_AL_2020",2009-03-01,22.5,"SUS"
"ALEX","6","ALEX_2010",2009-03-01,30.1,"WG"
"BELICE_RICHARD","3","RICHARD_BELICE_2010",2009-03-01,30.8,"C"
"BELIZE_IRIS","2","IRIS_BELIZE_2001",2009-03-01,31.4,"CA"
"BETA","2","BETA_2005",2009-03-01,30.8,"CA"
"CR_OTTO","2","OTTO_CR_2016",2009-03-01,32.3,"CA"
"CUBA_DENNIS","3","DENNIS_CUBA_2005",2009-03-01,30.3,"C"
"CUBA_GUSTAV","3","GUSTAV_CUBA_2008",2009-03-01,29.4,"C"
"CUBA_IAN","3","IAN_CUBA_2022",2009-03-01,29.2,"C"
"CUBA_MICHELLE","3","MICHELLE_CUBA_2001",2009-03-01,30.2,"C"
"CUBA_PALOMA","3","PALOMA_CUBA_2008",2009-03-01,29.3,"C"
"CUBA_SANDY","3","SANDY_CUBA_2012",2009-03-01,29.1,"C"
"DEAN_QROO_MX","5","DEAN_QROO_MX_2007",2009-03-01,32.8,"SG"
"FL_US_CHARLEY","1","CHARLEY_2004",2009-03-01,27.3,"FP"
"FL_US_FRANCES","1","FRANCES_US_FL_2004",2009-03-01,27.3,"FP"
"FL_US_IAN","1","IAN_US_FL_2022",2009-03-01,27.6,"FP"
"FL_US_IRMA","1","IRMA_US_FL_2017",2009-03-01,27.8,"FP"
"FL_US_JEANNE","1","JEANNE_US_FL_2004",2009-03-01,27.3,"FP"
"FL_US_MICHAEL","4","MICHAEL_US_FL_2018",2009-03-01,23.2,"SUS"
"FL_US_WILMA","1","WILMA_US_FL_2005",2009-03-01,27.6,"FP"
"LA_US_GUSTAV","4","GUSTAV_US_LA_2008",2009-03-01,22.9,"SUS"
"LA_US_IDA","4","IDA_US_LA_2009",2009-03-01,22.8,"SUS"
"LA_US_KATRINA","4","KATRINA_US_LA_2005",2009-03-01,22.6,"SUS"
"LA_US_LAURA","4","LAURA_US_LA_2020",2009-03-01,22.7,"SUS"
"LA_US_ZETA","4","ZETA_US_LA_2020",2009-03-01,24.2,"SUS"
"MX_ERNESTO","5","ERNESTO_MX_2012",2009-03-01,32.7,"SG"
"MX_GRACE","3","GRACE_MX_2021",2009-03-01,29.1,"C"
"MX_TAMPS_EMILY","6","EMILY_TAMPS_MX_2005",2009-03-01,28.9,"WG"
"NC_US_ISABEL","4","ISABEL_US_NC_2003",2009-03-01,16.7,"SUS"
"NIC_ETA","2","ETA_NIC_2020",2009-03-01,31.7,"CA"
"NIC_FELIX","2","FELIX_NIC_2007",2009-03-01,31,"CA"
"NIC_IOTA","2","IOTA_NIC_2020",2009-03-01,31.8,"CA"
"PR_USA_MARIA","3","MARIA_US_PR_2017",2009-03-01,29.9,"C"
"QROO_WILMA","3","WILMA_QROO_2005",2009-03-01,31.4,"C"
"TX_US_HARVEY","6","HARVEY_US_TX_2017",2009-03-01,26,"WG"
"TX_US_IKE","4","IKE_US_TX_2008",2009-03-01,23.6,"SUS"
"TX_US_RITA","4","RITA_US_TX_2005",2009-03-01,23.5,"SUS"
"US_FL_DELTA","4","DELTA_US_LA_2020",2009-03-01,22.5,"SUS"
"US_FL_DENNIS","4","DENNIS_US_FL_2005",2009-03-01,22.6,"SUS"
"VER_MX_KARL","5","KARL_MX_VER_2010",2009-03-01,32.4,"SG"
"YUC_DELTA","5","DELTA_YUCATAN_MX_2020",2009-03-01,32.5,"SG"
"YUC_MX_EMILY","5","EMILY_MX_YUC_2005",2009-03-01,33.4,"SG"
"YUC_MX_ISIDORE","5","ISIDORE_MX_YUC_2002",2009-03-01,34.2,"SG"
"AL_US_IVAN","4","IVAN_US_AL_2004",2009-04-01,25.4,"SUS"
"AL_US_SALLY","4","SALLY_US_AL_2020",2009-04-01,25.1,"SUS"
"ALEX","6","ALEX_2010",2009-04-01,33.8,"WG"
"BELICE_RICHARD","3","RICHARD_BELICE_2010",2009-04-01,32.9,"C"
"BELIZE_IRIS","2","IRIS_BELIZE_2001",2009-04-01,33.2,"CA"
"BETA","2","BETA_2005",2009-04-01,31.2,"CA"
"CR_OTTO","2","OTTO_CR_2016",2009-04-01,33.1,"CA"
"CUBA_DENNIS","3","DENNIS_CUBA_2005",2009-04-01,32.4,"C"
"CUBA_GUSTAV","3","GUSTAV_CUBA_2008",2009-04-01,30.9,"C"
"CUBA_IAN","3","IAN_CUBA_2022",2009-04-01,30.9,"C"
"CUBA_MICHELLE","3","MICHELLE_CUBA_2001",2009-04-01,32.4,"C"
"CUBA_PALOMA","3","PALOMA_CUBA_2008",2009-04-01,32.1,"C"
"CUBA_SANDY","3","SANDY_CUBA_2012",2009-04-01,31.6,"C"
"DEAN_QROO_MX","5","DEAN_QROO_MX_2007",2009-04-01,34.1,"SG"
"FL_US_CHARLEY","1","CHARLEY_2004",2009-04-01,30,"FP"
"FL_US_FRANCES","1","FRANCES_US_FL_2004",2009-04-01,29.6,"FP"
"FL_US_IAN","1","IAN_US_FL_2022",2009-04-01,30.1,"FP"
"FL_US_IRMA","1","IRMA_US_FL_2017",2009-04-01,30.2,"FP"
"FL_US_JEANNE","1","JEANNE_US_FL_2004",2009-04-01,29.7,"FP"
"FL_US_MICHAEL","4","MICHAEL_US_FL_2018",2009-04-01,26.1,"SUS"
"FL_US_WILMA","1","WILMA_US_FL_2005",2009-04-01,29.8,"FP"
"LA_US_GUSTAV","4","GUSTAV_US_LA_2008",2009-04-01,25.2,"SUS"
"LA_US_IDA","4","IDA_US_LA_2009",2009-04-01,25.5,"SUS"
"LA_US_KATRINA","4","KATRINA_US_LA_2005",2009-04-01,25.1,"SUS"
"LA_US_LAURA","4","LAURA_US_LA_2020",2009-04-01,25.5,"SUS"
"LA_US_ZETA","4","ZETA_US_LA_2020",2009-04-01,26,"SUS"
"MX_ERNESTO","5","ERNESTO_MX_2012",2009-04-01,34,"SG"
"MX_GRACE","3","GRACE_MX_2021",2009-04-01,32.7,"C"
"MX_TAMPS_EMILY","6","EMILY_TAMPS_MX_2005",2009-04-01,32.6,"WG"
"NC_US_ISABEL","4","ISABEL_US_NC_2003",2009-04-01,23.3,"SUS"
"NIC_ETA","2","ETA_NIC_2020",2009-04-01,32.4,"CA"
"NIC_FELIX","2","FELIX_NIC_2007",2009-04-01,31.8,"CA"
"NIC_IOTA","2","IOTA_NIC_2020",2009-04-01,32.6,"CA"
"PR_USA_MARIA","3","MARIA_US_PR_2017",2009-04-01,31.1,"C"
"QROO_WILMA","3","WILMA_QROO_2005",2009-04-01,32.6,"C"
"TX_US_HARVEY","6","HARVEY_US_TX_2017",2009-04-01,28.8,"WG"
"TX_US_IKE","4","IKE_US_TX_2008",2009-04-01,26.2,"SUS"
"TX_US_RITA","4","RITA_US_TX_2005",2009-04-01,26.4,"SUS"
"US_FL_DELTA","4","DELTA_US_LA_2020",2009-04-01,25.5,"SUS"
"US_FL_DENNIS","4","DENNIS_US_FL_2005",2009-04-01,25.4,"SUS"
"VER_MX_KARL","5","KARL_MX_VER_2010",2009-04-01,34.9,"SG"
"YUC_DELTA","5","DELTA_YUCATAN_MX_2020",2009-04-01,34,"SG"
"YUC_MX_EMILY","5","EMILY_MX_YUC_2005",2009-04-01,34.7,"SG"
"YUC_MX_ISIDORE","5","ISIDORE_MX_YUC_2002",2009-04-01,35.7,"SG"
"AL_US_IVAN","4","IVAN_US_AL_2004",2009-05-01,29,"SUS"
"AL_US_SALLY","4","SALLY_US_AL_2020",2009-05-01,28.8,"SUS"
"ALEX","6","ALEX_2010",2009-05-01,36.5,"WG"
"BELICE_RICHARD","3","RICHARD_BELICE_2010",2009-05-01,33.5,"C"
"BELIZE_IRIS","2","IRIS_BELIZE_2001",2009-05-01,33.4,"CA"
"BETA","2","BETA_2005",2009-05-01,31.2,"CA"
"CR_OTTO","2","OTTO_CR_2016",2009-05-01,31.9,"CA"
"CUBA_DENNIS","3","DENNIS_CUBA_2005",2009-05-01,32.8,"C"
"CUBA_GUSTAV","3","GUSTAV_CUBA_2008",2009-05-01,32.1,"C"
"CUBA_IAN","3","IAN_CUBA_2022",2009-05-01,32.1,"C"
"CUBA_MICHELLE","3","MICHELLE_CUBA_2001",2009-05-01,32.7,"C"
"CUBA_PALOMA","3","PALOMA_CUBA_2008",2009-05-01,32.1,"C"
"CUBA_SANDY","3","SANDY_CUBA_2012",2009-05-01,31.5,"C"
"DEAN_QROO_MX","5","DEAN_QROO_MX_2007",2009-05-01,35.3,"SG"
"FL_US_CHARLEY","1","CHARLEY_2004",2009-05-01,32.1,"FP"
"FL_US_FRANCES","1","FRANCES_US_FL_2004",2009-05-01,31.7,"FP"
"FL_US_IAN","1","IAN_US_FL_2022",2009-05-01,32.2,"FP"
"FL_US_IRMA","1","IRMA_US_FL_2017",2009-05-01,32.3,"FP"
"FL_US_JEANNE","1","JEANNE_US_FL_2004",2009-05-01,31.7,"FP"
"FL_US_MICHAEL","4","MICHAEL_US_FL_2018",2009-05-01,29.4,"SUS"
"FL_US_WILMA","1","WILMA_US_FL_2005",2009-05-01,31.7,"FP"
"LA_US_GUSTAV","4","GUSTAV_US_LA_2008",2009-05-01,29.4,"SUS"
"LA_US_IDA","4","IDA_US_LA_2009",2009-05-01,29.7,"SUS"
"LA_US_KATRINA","4","KATRINA_US_LA_2005",2009-05-01,29.2,"SUS"
"LA_US_LAURA","4","LAURA_US_LA_2020",2009-05-01,29.9,"SUS"
"LA_US_ZETA","4","ZETA_US_LA_2020",2009-05-01,29.9,"SUS"
"MX_ERNESTO","5","ERNESTO_MX_2012",2009-05-01,35.3,"SG"
"MX_GRACE","3","GRACE_MX_2021",2009-05-01,35,"C"
"MX_TAMPS_EMILY","6","EMILY_TAMPS_MX_2005",2009-05-01,35.7,"WG"
"NC_US_ISABEL","4","ISABEL_US_NC_2003",2009-05-01,27.1,"SUS"
"NIC_ETA","2","ETA_NIC_2020",2009-05-01,32.6,"CA"
"NIC_FELIX","2","FELIX_NIC_2007",2009-05-01,32.5,"CA"
"NIC_IOTA","2","IOTA_NIC_2020",2009-05-01,32.6,"CA"
"PR_USA_MARIA","3","MARIA_US_PR_2017",2009-05-01,31.4,"C"
"QROO_WILMA","3","WILMA_QROO_2005",2009-05-01,33.9,"C"
"TX_US_HARVEY","6","HARVEY_US_TX_2017",2009-05-01,32.3,"WG"
"TX_US_IKE","4","IKE_US_TX_2008",2009-05-01,30.7,"SUS"
"TX_US_RITA","4","RITA_US_TX_2005",2009-05-01,30.8,"SUS"
"US_FL_DELTA","4","DELTA_US_LA_2020",2009-05-01,29.7,"SUS"
"US_FL_DENNIS","4","DENNIS_US_FL_2005",2009-05-01,29,"SUS"
"VER_MX_KARL","5","KARL_MX_VER_2010",2009-05-01,37,"SG"
"YUC_DELTA","5","DELTA_YUCATAN_MX_2020",2009-05-01,35.1,"SG"
"YUC_MX_EMILY","5","EMILY_MX_YUC_2005",2009-05-01,35.9,"SG"
"YUC_MX_ISIDORE","5","ISIDORE_MX_YUC_2002",2009-05-01,37,"SG"
"AL_US_IVAN","4","IVAN_US_AL_2004",2009-06-01,34.2,"SUS"
"AL_US_SALLY","4","SALLY_US_AL_2020",2009-06-01,33.6,"SUS"
"ALEX","6","ALEX_2010",2009-06-01,38.6,"WG"
"BELICE_RICHARD","3","RICHARD_BELICE_2010",2009-06-01,32.3,"C"
"BELIZE_IRIS","2","IRIS_BELIZE_2001",2009-06-01,33,"CA"
"BETA","2","BETA_2005",2009-06-01,29.6,"CA"
"CR_OTTO","2","OTTO_CR_2016",2009-06-01,30.7,"CA"
"CUBA_DENNIS","3","DENNIS_CUBA_2005",2009-06-01,33.1,"C"
"CUBA_GUSTAV","3","GUSTAV_CUBA_2008",2009-06-01,32.4,"C"
"CUBA_IAN","3","IAN_CUBA_2022",2009-06-01,32.4,"C"
"CUBA_MICHELLE","3","MICHELLE_CUBA_2001",2009-06-01,33,"C"
"CUBA_PALOMA","3","PALOMA_CUBA_2008",2009-06-01,32.5,"C"
"CUBA_SANDY","3","SANDY_CUBA_2012",2009-06-01,32.4,"C"
"DEAN_QROO_MX","5","DEAN_QROO_MX_2007",2009-06-01,33.4,"SG"
"FL_US_CHARLEY","1","CHARLEY_2004",2009-06-01,33.9,"FP"
"FL_US_FRANCES","1","FRANCES_US_FL_2004",2009-06-01,33.7,"FP"
"FL_US_IAN","1","IAN_US_FL_2022",2009-06-01,34,"FP"
"FL_US_IRMA","1","IRMA_US_FL_2017",2009-06-01,33.9,"FP"
"FL_US_JEANNE","1","JEANNE_US_FL_2004",2009-06-01,33.8,"FP"
"FL_US_MICHAEL","4","MICHAEL_US_FL_2018",2009-06-01,34.1,"SUS"
"FL_US_WILMA","1","WILMA_US_FL_2005",2009-06-01,33.5,"FP"
"LA_US_GUSTAV","4","GUSTAV_US_LA_2008",2009-06-01,33.6,"SUS"
"LA_US_IDA","4","IDA_US_LA_2009",2009-06-01,33.9,"SUS"
"LA_US_KATRINA","4","KATRINA_US_LA_2005",2009-06-01,34.1,"SUS"
"LA_US_LAURA","4","LAURA_US_LA_2020",2009-06-01,34.4,"SUS"
"LA_US_ZETA","4","ZETA_US_LA_2020",2009-06-01,33.8,"SUS"
"MX_ERNESTO","5","ERNESTO_MX_2012",2009-06-01,33.4,"SG"
"MX_GRACE","3","GRACE_MX_2021",2009-06-01,35.5,"C"
"MX_TAMPS_EMILY","6","EMILY_TAMPS_MX_2005",2009-06-01,37.9,"WG"
"NC_US_ISABEL","4","ISABEL_US_NC_2003",2009-06-01,30.7,"SUS"
"NIC_ETA","2","ETA_NIC_2020",2009-06-01,29.7,"CA"
"NIC_FELIX","2","FELIX_NIC_2007",2009-06-01,30,"CA"
"NIC_IOTA","2","IOTA_NIC_2020",2009-06-01,29.8,"CA"
"PR_USA_MARIA","3","MARIA_US_PR_2017",2009-06-01,32.7,"C"
"QROO_WILMA","3","WILMA_QROO_2005",2009-06-01,33.4,"C"
"TX_US_HARVEY","6","HARVEY_US_TX_2017",2009-06-01,36.4,"WG"
"TX_US_IKE","4","IKE_US_TX_2008",2009-06-01,35.2,"SUS"
"TX_US_RITA","4","RITA_US_TX_2005",2009-06-01,35,"SUS"
"US_FL_DELTA","4","DELTA_US_LA_2020",2009-06-01,34.2,"SUS"
"US_FL_DENNIS","4","DENNIS_US_FL_2005",2009-06-01,34.2,"SUS"
"VER_MX_KARL","5","KARL_MX_VER_2010",2009-06-01,35.5,"SG"
"YUC_DELTA","5","DELTA_YUCATAN_MX_2020",2009-06-01,33.9,"SG"
"YUC_MX_EMILY","5","EMILY_MX_YUC_2005",2009-06-01,34.4,"SG"
"YUC_MX_ISIDORE","5","ISIDORE_MX_YUC_2002",2009-06-01,35,"SG"
"AL_US_IVAN","4","IVAN_US_AL_2004",2009-07-01,33.3,"SUS"
"AL_US_SALLY","4","SALLY_US_AL_2020",2009-07-01,32.5,"SUS"
"ALEX","6","ALEX_2010",2009-07-01,38.6,"WG"
"BELICE_RICHARD","3","RICHARD_BELICE_2010",2009-07-01,32.6,"C"
"BELIZE_IRIS","2","IRIS_BELIZE_2001",2009-07-01,32.3,"CA"
"BETA","2","BETA_2005",2009-07-01,29.8,"CA"
"CR_OTTO","2","OTTO_CR_2016",2009-07-01,31.3,"CA"
"CUBA_DENNIS","3","DENNIS_CUBA_2005",2009-07-01,34,"C"
"CUBA_GUSTAV","3","GUSTAV_CUBA_2008",2009-07-01,32.9,"C"
"CUBA_IAN","3","IAN_CUBA_2022",2009-07-01,32.9,"C"
"CUBA_MICHELLE","3","MICHELLE_CUBA_2001",2009-07-01,34,"C"
"CUBA_PALOMA","3","PALOMA_CUBA_2008",2009-07-01,34.2,"C"
"CUBA_SANDY","3","SANDY_CUBA_2012",2009-07-01,34.3,"C"
"DEAN_QROO_MX","5","DEAN_QROO_MX_2007",2009-07-01,33.9,"SG"
"FL_US_CHARLEY","1","CHARLEY_2004",2009-07-01,33.7,"FP"
"FL_US_FRANCES","1","FRANCES_US_FL_2004",2009-07-01,33.7,"FP"
"FL_US_IAN","1","IAN_US_FL_2022",2009-07-01,33.9,"FP"
"FL_US_IRMA","1","IRMA_US_FL_2017",2009-07-01,33.9,"FP"
"FL_US_JEANNE","1","JEANNE_US_FL_2004",2009-07-01,33.7,"FP"
"FL_US_MICHAEL","4","MICHAEL_US_FL_2018",2009-07-01,32.8,"SUS"
"FL_US_WILMA","1","WILMA_US_FL_2005",2009-07-01,33.8,"FP"
"LA_US_GUSTAV","4","GUSTAV_US_LA_2008",2009-07-01,33.3,"SUS"
"LA_US_IDA","4","IDA_US_LA_2009",2009-07-01,33.5,"SUS"
"LA_US_KATRINA","4","KATRINA_US_LA_2005",2009-07-01,33.4,"SUS"
"LA_US_LAURA","4","LAURA_US_LA_2020",2009-07-01,34.9,"SUS"
"LA_US_ZETA","4","ZETA_US_LA_2020",2009-07-01,33.4,"SUS"
"MX_ERNESTO","5","ERNESTO_MX_2012",2009-07-01,33.8,"SG"
"MX_GRACE","3","GRACE_MX_2021",2009-07-01,34.7,"C"
"MX_TAMPS_EMILY","6","EMILY_TAMPS_MX_2005",2009-07-01,38.2,"WG"
"NC_US_ISABEL","4","ISABEL_US_NC_2003",2009-07-01,31.4,"SUS"
"NIC_ETA","2","ETA_NIC_2020",2009-07-01,30.9,"CA"
"NIC_FELIX","2","FELIX_NIC_2007",2009-07-01,31,"CA"
"NIC_IOTA","2","IOTA_NIC_2020",2009-07-01,31,"CA"
"PR_USA_MARIA","3","MARIA_US_PR_2017",2009-07-01,33.4,"C"
"QROO_WILMA","3","WILMA_QROO_2005",2009-07-01,34.2,"C"
"TX_US_HARVEY","6","HARVEY_US_TX_2017",2009-07-01,37.6,"WG"
"TX_US_IKE","4","IKE_US_TX_2008",2009-07-01,36.2,"SUS"
"TX_US_RITA","4","RITA_US_TX_2005",2009-07-01,35.8,"SUS"
"US_FL_DELTA","4","DELTA_US_LA_2020",2009-07-01,34.2,"SUS"
"US_FL_DENNIS","4","DENNIS_US_FL_2005",2009-07-01,33.3,"SUS"
"VER_MX_KARL","5","KARL_MX_VER_2010",2009-07-01,33.1,"SG"
"YUC_DELTA","5","DELTA_YUCATAN_MX_2020",2009-07-01,34.4,"SG"
"YUC_MX_EMILY","5","EMILY_MX_YUC_2005",2009-07-01,34.8,"SG"
"YUC_MX_ISIDORE","5","ISIDORE_MX_YUC_2002",2009-07-01,34.9,"SG"
"AL_US_IVAN","4","IVAN_US_AL_2004",2009-08-01,32.4,"SUS"
"AL_US_SALLY","4","SALLY_US_AL_2020",2009-08-01,31.7,"SUS"
"ALEX","6","ALEX_2010",2009-08-01,38.3,"WG"
"BELICE_RICHARD","3","RICHARD_BELICE_2010",2009-08-01,32.7,"C"
"BELIZE_IRIS","2","IRIS_BELIZE_2001",2009-08-01,32.1,"CA"
"BETA","2","BETA_2005",2009-08-01,29.7,"CA"
"CR_OTTO","2","OTTO_CR_2016",2009-08-01,31,"CA"
"CUBA_DENNIS","3","DENNIS_CUBA_2005",2009-08-01,34.6,"C"
"CUBA_GUSTAV","3","GUSTAV_CUBA_2008",2009-08-01,33.6,"C"
"CUBA_IAN","3","IAN_CUBA_2022",2009-08-01,33.7,"C"
"CUBA_MICHELLE","3","MICHELLE_CUBA_2001",2009-08-01,34.6,"C"
"CUBA_PALOMA","3","PALOMA_CUBA_2008",2009-08-01,34.3,"C"
"CUBA_SANDY","3","SANDY_CUBA_2012",2009-08-01,34.3,"C"
"DEAN_QROO_MX","5","DEAN_QROO_MX_2007",2009-08-01,34.1,"SG"
"FL_US_CHARLEY","1","CHARLEY_2004",2009-08-01,34,"FP"
"FL_US_FRANCES","1","FRANCES_US_FL_2004",2009-08-01,34.1,"FP"
"FL_US_IAN","1","IAN_US_FL_2022",2009-08-01,34.3,"FP"
"FL_US_IRMA","1","IRMA_US_FL_2017",2009-08-01,34.3,"FP"
"FL_US_JEANNE","1","JEANNE_US_FL_2004",2009-08-01,34.1,"FP"
"FL_US_MICHAEL","4","MICHAEL_US_FL_2018",2009-08-01,32.4,"SUS"
"FL_US_WILMA","1","WILMA_US_FL_2005",2009-08-01,34.2,"FP"
"LA_US_GUSTAV","4","GUSTAV_US_LA_2008",2009-08-01,32.4,"SUS"
"LA_US_IDA","4","IDA_US_LA_2009",2009-08-01,32.7,"SUS"
"LA_US_KATRINA","4","KATRINA_US_LA_2005",2009-08-01,32.6,"SUS"
"LA_US_LAURA","4","LAURA_US_LA_2020",2009-08-01,34.4,"SUS"
"LA_US_ZETA","4","ZETA_US_LA_2020",2009-08-01,32.8,"SUS"
"MX_ERNESTO","5","ERNESTO_MX_2012",2009-08-01,33.9,"SG"
"MX_GRACE","3","GRACE_MX_2021",2009-08-01,34.5,"C"
"MX_TAMPS_EMILY","6","EMILY_TAMPS_MX_2005",2009-08-01,38.3,"WG"
"NC_US_ISABEL","4","ISABEL_US_NC_2003",2009-08-01,32.1,"SUS"
"NIC_ETA","2","ETA_NIC_2020",2009-08-01,30.3,"CA"
"NIC_FELIX","2","FELIX_NIC_2007",2009-08-01,30.5,"CA"
"NIC_IOTA","2","IOTA_NIC_2020",2009-08-01,30.3,"CA"
"PR_USA_MARIA","3","MARIA_US_PR_2017",2009-08-01,33.4,"C"
"QROO_WILMA","3","WILMA_QROO_2005",2009-08-01,34.5,"C"
"TX_US_HARVEY","6","HARVEY_US_TX_2017",2009-08-01,37.7,"WG"
"TX_US_IKE","4","IKE_US_TX_2008",2009-08-01,36,"SUS"
"TX_US_RITA","4","RITA_US_TX_2005",2009-08-01,35.2,"SUS"
"US_FL_DELTA","4","DELTA_US_LA_2020",2009-08-01,33.5,"SUS"
"US_FL_DENNIS","4","DENNIS_US_FL_2005",2009-08-01,32.4,"SUS"
"VER_MX_KARL","5","KARL_MX_VER_2010",2009-08-01,33.2,"SG"
"YUC_DELTA","5","DELTA_YUCATAN_MX_2020",2009-08-01,34.6,"SG"
"YUC_MX_EMILY","5","EMILY_MX_YUC_2005",2009-08-01,35,"SG"
"YUC_MX_ISIDORE","5","ISIDORE_MX_YUC_2002",2009-08-01,35.1,"SG"
"AL_US_IVAN","4","IVAN_US_AL_2004",2009-09-01,30.9,"SUS"
"AL_US_SALLY","4","SALLY_US_AL_2020",2009-09-01,30.7,"SUS"
"ALEX","6","ALEX_2010",2009-09-01,34.5,"WG"
"BELICE_RICHARD","3","RICHARD_BELICE_2010",2009-09-01,33.1,"C"
"BELIZE_IRIS","2","IRIS_BELIZE_2001",2009-09-01,32.6,"CA"
"BETA","2","BETA_2005",2009-09-01,30.6,"CA"
"CR_OTTO","2","OTTO_CR_2016",2009-09-01,31.4,"CA"
"CUBA_DENNIS","3","DENNIS_CUBA_2005",2009-09-01,33.6,"C"
"CUBA_GUSTAV","3","GUSTAV_CUBA_2008",2009-09-01,32.6,"C"
"CUBA_IAN","3","IAN_CUBA_2022",2009-09-01,32.8,"C"
"CUBA_MICHELLE","3","MICHELLE_CUBA_2001",2009-09-01,33.6,"C"
"CUBA_PALOMA","3","PALOMA_CUBA_2008",2009-09-01,33.1,"C"
"CUBA_SANDY","3","SANDY_CUBA_2012",2009-09-01,34.2,"C"
"DEAN_QROO_MX","5","DEAN_QROO_MX_2007",2009-09-01,33.9,"SG"
"FL_US_CHARLEY","1","CHARLEY_2004",2009-09-01,33.1,"FP"
"FL_US_FRANCES","1","FRANCES_US_FL_2004",2009-09-01,32.9,"FP"
"FL_US_IAN","1","IAN_US_FL_2022",2009-09-01,33.1,"FP"
"FL_US_IRMA","1","IRMA_US_FL_2017",2009-09-01,33.2,"FP"
"FL_US_JEANNE","1","JEANNE_US_FL_2004",2009-09-01,32.9,"FP"
"FL_US_MICHAEL","4","MICHAEL_US_FL_2018",2009-09-01,31.4,"SUS"
"FL_US_WILMA","1","WILMA_US_FL_2005",2009-09-01,33.2,"FP"
"LA_US_GUSTAV","4","GUSTAV_US_LA_2008",2009-09-01,30.5,"SUS"
"LA_US_IDA","4","IDA_US_LA_2009",2009-09-01,30.8,"SUS"
"LA_US_KATRINA","4","KATRINA_US_LA_2005",2009-09-01,31.1,"SUS"
"LA_US_LAURA","4","LAURA_US_LA_2020",2009-09-01,30.7,"SUS"
"LA_US_ZETA","4","ZETA_US_LA_2020",2009-09-01,31,"SUS"
"MX_ERNESTO","5","ERNESTO_MX_2012",2009-09-01,33.8,"SG"
"MX_GRACE","3","GRACE_MX_2021",2009-09-01,32.6,"C"
"MX_TAMPS_EMILY","6","EMILY_TAMPS_MX_2005",2009-09-01,33.8,"WG"
"NC_US_ISABEL","4","ISABEL_US_NC_2003",2009-09-01,27.9,"SUS"
"NIC_ETA","2","ETA_NIC_2020",2009-09-01,31.6,"CA"
"NIC_FELIX","2","FELIX_NIC_2007",2009-09-01,31.5,"CA"
"NIC_IOTA","2","IOTA_NIC_2020",2009-09-01,31.6,"CA"
"PR_USA_MARIA","3","MARIA_US_PR_2017",2009-09-01,33.3,"C"
"QROO_WILMA","3","WILMA_QROO_2005",2009-09-01,33.8,"C"
"TX_US_HARVEY","6","HARVEY_US_TX_2017",2009-09-01,32.4,"WG"
"TX_US_IKE","4","IKE_US_TX_2008",2009-09-01,31.1,"SUS"
"TX_US_RITA","4","RITA_US_TX_2005",2009-09-01,31.3,"SUS"
"US_FL_DELTA","4","DELTA_US_LA_2020",2009-09-01,30.8,"SUS"
"US_FL_DENNIS","4","DENNIS_US_FL_2005",2009-09-01,30.9,"SUS"
"VER_MX_KARL","5","KARL_MX_VER_2010",2009-09-01,32.5,"SG"
"YUC_DELTA","5","DELTA_YUCATAN_MX_2020",2009-09-01,33.8,"SG"
"YUC_MX_EMILY","5","EMILY_MX_YUC_2005",2009-09-01,34.3,"SG"
"YUC_MX_ISIDORE","5","ISIDORE_MX_YUC_2002",2009-09-01,34.5,"SG"
"AL_US_IVAN","4","IVAN_US_AL_2004",2009-10-01,25.5,"SUS"
"AL_US_SALLY","4","SALLY_US_AL_2020",2009-10-01,25.1,"SUS"
"ALEX","6","ALEX_2010",2009-10-01,32.4,"WG"
"BELICE_RICHARD","3","RICHARD_BELICE_2010",2009-10-01,32.3,"C"
"BELIZE_IRIS","2","IRIS_BELIZE_2001",2009-10-01,31.3,"CA"
"BETA","2","BETA_2005",2009-10-01,30,"CA"
"CR_OTTO","2","OTTO_CR_2016",2009-10-01,30.6,"CA"
"CUBA_DENNIS","3","DENNIS_CUBA_2005",2009-10-01,33.1,"C"
"CUBA_GUSTAV","3","GUSTAV_CUBA_2008",2009-10-01,32.1,"C"
"CUBA_IAN","3","IAN_CUBA_2022",2009-10-01,32.2,"C"
"CUBA_MICHELLE","3","MICHELLE_CUBA_2001",2009-10-01,33.1,"C"
"CUBA_PALOMA","3","PALOMA_CUBA_2008",2009-10-01,32.4,"C"
"CUBA_SANDY","3","SANDY_CUBA_2012",2009-10-01,33,"C"
"DEAN_QROO_MX","5","DEAN_QROO_MX_2007",2009-10-01,32.7,"SG"
"FL_US_CHARLEY","1","CHARLEY_2004",2009-10-01,31.9,"FP"
"FL_US_FRANCES","1","FRANCES_US_FL_2004",2009-10-01,31.5,"FP"
"FL_US_IAN","1","IAN_US_FL_2022",2009-10-01,32,"FP"
"FL_US_IRMA","1","IRMA_US_FL_2017",2009-10-01,32.3,"FP"
"FL_US_JEANNE","1","JEANNE_US_FL_2004",2009-10-01,31.5,"FP"
"FL_US_MICHAEL","4","MICHAEL_US_FL_2018",2009-10-01,26.9,"SUS"
"FL_US_WILMA","1","WILMA_US_FL_2005",2009-10-01,32.2,"FP"
"LA_US_GUSTAV","4","GUSTAV_US_LA_2008",2009-10-01,26.4,"SUS"
"LA_US_IDA","4","IDA_US_LA_2009",2009-10-01,26.4,"SUS"
"LA_US_KATRINA","4","KATRINA_US_LA_2005",2009-10-01,27,"SUS"
"LA_US_LAURA","4","LAURA_US_LA_2020",2009-10-01,26.2,"SUS"
"LA_US_ZETA","4","ZETA_US_LA_2020",2009-10-01,26.4,"SUS"
"MX_ERNESTO","5","ERNESTO_MX_2012",2009-10-01,32.6,"SG"
"MX_GRACE","3","GRACE_MX_2021",2009-10-01,31.5,"C"
"MX_TAMPS_EMILY","6","EMILY_TAMPS_MX_2005",2009-10-01,31.9,"WG"
"NC_US_ISABEL","4","ISABEL_US_NC_2003",2009-10-01,23,"SUS"
"NIC_ETA","2","ETA_NIC_2020",2009-10-01,30.9,"CA"
"NIC_FELIX","2","FELIX_NIC_2007",2009-10-01,30.9,"CA"
"NIC_IOTA","2","IOTA_NIC_2020",2009-10-01,30.9,"CA"
"PR_USA_MARIA","3","MARIA_US_PR_2017",2009-10-01,33.4,"C"
"QROO_WILMA","3","WILMA_QROO_2005",2009-10-01,32.7,"C"
"TX_US_HARVEY","6","HARVEY_US_TX_2017",2009-10-01,28.7,"WG"
"TX_US_IKE","4","IKE_US_TX_2008",2009-10-01,27.1,"SUS"
"TX_US_RITA","4","RITA_US_TX_2005",2009-10-01,27,"SUS"
"US_FL_DELTA","4","DELTA_US_LA_2020",2009-10-01,26.3,"SUS"
"US_FL_DENNIS","4","DENNIS_US_FL_2005",2009-10-01,25.2,"SUS"
"VER_MX_KARL","5","KARL_MX_VER_2010",2009-10-01,32.3,"SG"
"YUC_DELTA","5","DELTA_YUCATAN_MX_2020",2009-10-01,32.7,"SG"
"YUC_MX_EMILY","5","EMILY_MX_YUC_2005",2009-10-01,33.3,"SG"
"YUC_MX_ISIDORE","5","ISIDORE_MX_YUC_2002",2009-10-01,32.9,"SG"
"AL_US_IVAN","4","IVAN_US_AL_2004",2009-11-01,21,"SUS"
"AL_US_SALLY","4","SALLY_US_AL_2020",2009-11-01,20.8,"SUS"
"ALEX","6","ALEX_2010",2009-11-01,28.2,"WG"
"BELICE_RICHARD","3","RICHARD_BELICE_2010",2009-11-01,29.5,"C"
"BELIZE_IRIS","2","IRIS_BELIZE_2001",2009-11-01,28.8,"CA"
"BETA","2","BETA_2005",2009-11-01,29.6,"CA"
"CR_OTTO","2","OTTO_CR_2016",2009-11-01,30.2,"CA"
"CUBA_DENNIS","3","DENNIS_CUBA_2005",2009-11-01,30.4,"C"
"CUBA_GUSTAV","3","GUSTAV_CUBA_2008",2009-11-01,29.6,"C"
"CUBA_IAN","3","IAN_CUBA_2022",2009-11-01,29.3,"C"
"CUBA_MICHELLE","3","MICHELLE_CUBA_2001",2009-11-01,30.3,"C"
"CUBA_PALOMA","3","PALOMA_CUBA_2008",2009-11-01,31.2,"C"
"CUBA_SANDY","3","SANDY_CUBA_2012",2009-11-01,32.3,"C"
"DEAN_QROO_MX","5","DEAN_QROO_MX_2007",2009-11-01,29.8,"SG"
"FL_US_CHARLEY","1","CHARLEY_2004",2009-11-01,27.9,"FP"
"FL_US_FRANCES","1","FRANCES_US_FL_2004",2009-11-01,27.5,"FP"
"FL_US_IAN","1","IAN_US_FL_2022",2009-11-01,28.2,"FP"
"FL_US_IRMA","1","IRMA_US_FL_2017",2009-11-01,28.7,"FP"
"FL_US_JEANNE","1","JEANNE_US_FL_2004",2009-11-01,27.6,"FP"
"FL_US_MICHAEL","4","MICHAEL_US_FL_2018",2009-11-01,22.4,"SUS"
"FL_US_WILMA","1","WILMA_US_FL_2005",2009-11-01,28.6,"FP"
"LA_US_GUSTAV","4","GUSTAV_US_LA_2008",2009-11-01,23.2,"SUS"
"LA_US_IDA","4","IDA_US_LA_2009",2009-11-01,23.2,"SUS"
"LA_US_KATRINA","4","KATRINA_US_LA_2005",2009-11-01,23.2,"SUS"
"LA_US_LAURA","4","LAURA_US_LA_2020",2009-11-01,22.8,"SUS"
"LA_US_ZETA","4","ZETA_US_LA_2020",2009-11-01,23,"SUS"
"MX_ERNESTO","5","ERNESTO_MX_2012",2009-11-01,29.8,"SG"
"MX_GRACE","3","GRACE_MX_2021",2009-11-01,26.8,"C"
"MX_TAMPS_EMILY","6","EMILY_TAMPS_MX_2005",2009-11-01,27.6,"WG"
"NC_US_ISABEL","4","ISABEL_US_NC_2003",2009-11-01,19.3,"SUS"
"NIC_ETA","2","ETA_NIC_2020",2009-11-01,29.8,"CA"
"NIC_FELIX","2","FELIX_NIC_2007",2009-11-01,29.9,"CA"
"NIC_IOTA","2","IOTA_NIC_2020",2009-11-01,29.8,"CA"
"PR_USA_MARIA","3","MARIA_US_PR_2017",2009-11-01,32.1,"C"
"QROO_WILMA","3","WILMA_QROO_2005",2009-11-01,29.9,"C"
"TX_US_HARVEY","6","HARVEY_US_TX_2017",2009-11-01,25.3,"WG"
"TX_US_IKE","4","IKE_US_TX_2008",2009-11-01,23.9,"SUS"
"TX_US_RITA","4","RITA_US_TX_2005",2009-11-01,23.7,"SUS"
"US_FL_DELTA","4","DELTA_US_LA_2020",2009-11-01,22.8,"SUS"
"US_FL_DENNIS","4","DENNIS_US_FL_2005",2009-11-01,20.9,"SUS"
"VER_MX_KARL","5","KARL_MX_VER_2010",2009-11-01,28.9,"SG"
"YUC_DELTA","5","DELTA_YUCATAN_MX_2020",2009-11-01,29.9,"SG"
"YUC_MX_EMILY","5","EMILY_MX_YUC_2005",2009-11-01,30.5,"SG"
"YUC_MX_ISIDORE","5","ISIDORE_MX_YUC_2002",2009-11-01,30.4,"SG"
"AL_US_IVAN","4","IVAN_US_AL_2004",2009-12-01,15.1,"SUS"
"AL_US_SALLY","4","SALLY_US_AL_2020",2009-12-01,15.2,"SUS"
"ALEX","6","ALEX_2010",2009-12-01,22.8,"WG"
"BELICE_RICHARD","3","RICHARD_BELICE_2010",2009-12-01,29.3,"C"
"BELIZE_IRIS","2","IRIS_BELIZE_2001",2009-12-01,28.7,"CA"
"BETA","2","BETA_2005",2009-12-01,29.4,"CA"
"CR_OTTO","2","OTTO_CR_2016",2009-12-01,31.2,"CA"
"CUBA_DENNIS","3","DENNIS_CUBA_2005",2009-12-01,30.4,"C"
"CUBA_GUSTAV","3","GUSTAV_CUBA_2008",2009-12-01,29.2,"C"
"CUBA_IAN","3","IAN_CUBA_2022",2009-12-01,28.9,"C"
"CUBA_MICHELLE","3","MICHELLE_CUBA_2001",2009-12-01,30.4,"C"
"CUBA_PALOMA","3","PALOMA_CUBA_2008",2009-12-01,30.2,"C"
"CUBA_SANDY","3","SANDY_CUBA_2012",2009-12-01,31.5,"C"
"DEAN_QROO_MX","5","DEAN_QROO_MX_2007",2009-12-01,29.4,"SG"
"FL_US_CHARLEY","1","CHARLEY_2004",2009-12-01,25.6,"FP"
"FL_US_FRANCES","1","FRANCES_US_FL_2004",2009-12-01,25.5,"FP"
"FL_US_IAN","1","IAN_US_FL_2022",2009-12-01,25.8,"FP"
"FL_US_IRMA","1","IRMA_US_FL_2017",2009-12-01,26.7,"FP"
"FL_US_JEANNE","1","JEANNE_US_FL_2004",2009-12-01,25.6,"FP"
"FL_US_MICHAEL","4","MICHAEL_US_FL_2018",2009-12-01,17.1,"SUS"
"FL_US_WILMA","1","WILMA_US_FL_2005",2009-12-01,26.6,"FP"
"LA_US_GUSTAV","4","GUSTAV_US_LA_2008",2009-12-01,17.1,"SUS"
"LA_US_IDA","4","IDA_US_LA_2009",2009-12-01,17.1,"SUS"
"LA_US_KATRINA","4","KATRINA_US_LA_2005",2009-12-01,16.7,"SUS"
"LA_US_LAURA","4","LAURA_US_LA_2020",2009-12-01,15.3,"SUS"
"LA_US_ZETA","4","ZETA_US_LA_2020",2009-12-01,16.8,"SUS"
"MX_ERNESTO","5","ERNESTO_MX_2012",2009-12-01,29.3,"SG"
"MX_GRACE","3","GRACE_MX_2021",2009-12-01,23.7,"C"
"MX_TAMPS_EMILY","6","EMILY_TAMPS_MX_2005",2009-12-01,21.8,"WG"
"NC_US_ISABEL","4","ISABEL_US_NC_2003",2009-12-01,13.4,"SUS"
"NIC_ETA","2","ETA_NIC_2020",2009-12-01,29.7,"CA"
"NIC_FELIX","2","FELIX_NIC_2007",2009-12-01,30.2,"CA"
"NIC_IOTA","2","IOTA_NIC_2020",2009-12-01,29.7,"CA"
"PR_USA_MARIA","3","MARIA_US_PR_2017",2009-12-01,31.9,"C"
"QROO_WILMA","3","WILMA_QROO_2005",2009-12-01,29.5,"C"
"TX_US_HARVEY","6","HARVEY_US_TX_2017",2009-12-01,17.1,"WG"
"TX_US_IKE","4","IKE_US_TX_2008",2009-12-01,15.9,"SUS"
"TX_US_RITA","4","RITA_US_TX_2005",2009-12-01,15.9,"SUS"
"US_FL_DELTA","4","DELTA_US_LA_2020",2009-12-01,15.4,"SUS"
"US_FL_DENNIS","4","DENNIS_US_FL_2005",2009-12-01,15.2,"SUS"
"VER_MX_KARL","5","KARL_MX_VER_2010",2009-12-01,27.1,"SG"
"YUC_DELTA","5","DELTA_YUCATAN_MX_2020",2009-12-01,29.6,"SG"
"YUC_MX_EMILY","5","EMILY_MX_YUC_2005",2009-12-01,30.3,"SG"
"YUC_MX_ISIDORE","5","ISIDORE_MX_YUC_2002",2009-12-01,29.7,"SG"
"AL_US_IVAN","4","IVAN_US_AL_2004",2010-01-01,13.7,"SUS"
"AL_US_SALLY","4","SALLY_US_AL_2020",2010-01-01,13.7,"SUS"
"ALEX","6","ALEX_2010",2010-01-01,23.4,"WG"
"BELICE_RICHARD","3","RICHARD_BELICE_2010",2010-01-01,27.6,"C"
"BELIZE_IRIS","2","IRIS_BELIZE_2001",2010-01-01,27.8,"CA"
"BETA","2","BETA_2005",2010-01-01,29.6,"CA"
"CR_OTTO","2","OTTO_CR_2016",2010-01-01,32,"CA"
"CUBA_DENNIS","3","DENNIS_CUBA_2005",2010-01-01,26.9,"C"
"CUBA_GUSTAV","3","GUSTAV_CUBA_2008",2010-01-01,25.5,"C"
"CUBA_IAN","3","IAN_CUBA_2022",2010-01-01,25.2,"C"
"CUBA_MICHELLE","3","MICHELLE_CUBA_2001",2010-01-01,26.7,"C"
"CUBA_PALOMA","3","PALOMA_CUBA_2008",2010-01-01,27.8,"C"
"CUBA_SANDY","3","SANDY_CUBA_2012",2010-01-01,29.6,"C"
"DEAN_QROO_MX","5","DEAN_QROO_MX_2007",2010-01-01,27.8,"SG"
"FL_US_CHARLEY","1","CHARLEY_2004",2010-01-01,21.3,"FP"
"FL_US_FRANCES","1","FRANCES_US_FL_2004",2010-01-01,21.5,"FP"
"FL_US_IAN","1","IAN_US_FL_2022",2010-01-01,21.7,"FP"
"FL_US_IRMA","1","IRMA_US_FL_2017",2010-01-01,22.6,"FP"
"FL_US_JEANNE","1","JEANNE_US_FL_2004",2010-01-01,21.7,"FP"
"FL_US_MICHAEL","4","MICHAEL_US_FL_2018",2010-01-01,15,"SUS"
"FL_US_WILMA","1","WILMA_US_FL_2005",2010-01-01,22.5,"FP"
"LA_US_GUSTAV","4","GUSTAV_US_LA_2008",2010-01-01,16.3,"SUS"
"LA_US_IDA","4","IDA_US_LA_2009",2010-01-01,15.9,"SUS"
"LA_US_KATRINA","4","KATRINA_US_LA_2005",2010-01-01,14.9,"SUS"
"LA_US_LAURA","4","LAURA_US_LA_2020",2010-01-01,15.2,"SUS"
"LA_US_ZETA","4","ZETA_US_LA_2020",2010-01-01,15.6,"SUS"
"MX_ERNESTO","5","ERNESTO_MX_2012",2010-01-01,27.7,"SG"
"MX_GRACE","3","GRACE_MX_2021",2010-01-01,23.9,"C"
"MX_TAMPS_EMILY","6","EMILY_TAMPS_MX_2005",2010-01-01,22,"WG"
"NC_US_ISABEL","4","ISABEL_US_NC_2003",2010-01-01,10.7,"SUS"
"NIC_ETA","2","ETA_NIC_2020",2010-01-01,29.2,"CA"
"NIC_FELIX","2","FELIX_NIC_2007",2010-01-01,29.3,"CA"
"NIC_IOTA","2","IOTA_NIC_2020",2010-01-01,29.4,"CA"
"PR_USA_MARIA","3","MARIA_US_PR_2017",2010-01-01,31.2,"C"
"QROO_WILMA","3","WILMA_QROO_2005",2010-01-01,27.1,"C"
"TX_US_HARVEY","6","HARVEY_US_TX_2017",2010-01-01,18.3,"WG"
"TX_US_IKE","4","IKE_US_TX_2008",2010-01-01,16.4,"SUS"
"TX_US_RITA","4","RITA_US_TX_2005",2010-01-01,15.9,"SUS"
"US_FL_DELTA","4","DELTA_US_LA_2020",2010-01-01,14.9,"SUS"
"US_FL_DENNIS","4","DENNIS_US_FL_2005",2010-01-01,13.6,"SUS"
"VER_MX_KARL","5","KARL_MX_VER_2010",2010-01-01,27.2,"SG"
"YUC_DELTA","5","DELTA_YUCATAN_MX_2020",2010-01-01,27.3,"SG"
"YUC_MX_EMILY","5","EMILY_MX_YUC_2005",2010-01-01,28.4,"SG"
"YUC_MX_ISIDORE","5","ISIDORE_MX_YUC_2002",2010-01-01,28.1,"SG"
"AL_US_IVAN","4","IVAN_US_AL_2004",2010-02-01,13.4,"SUS"
"AL_US_SALLY","4","SALLY_US_AL_2020",2010-02-01,13.5,"SUS"
"ALEX","6","ALEX_2010",2010-02-01,22.3,"WG"
"BELICE_RICHARD","3","RICHARD_BELICE_2010",2010-02-01,28.5,"C"
"BELIZE_IRIS","2","IRIS_BELIZE_2001",2010-02-01,29.2,"CA"
"BETA","2","BETA_2005",2010-02-01,31,"CA"
"CR_OTTO","2","OTTO_CR_2016",2010-02-01,33.2,"CA"
"CUBA_DENNIS","3","DENNIS_CUBA_2005",2010-02-01,26.8,"C"
"CUBA_GUSTAV","3","GUSTAV_CUBA_2008",2010-02-01,25.4,"C"
"CUBA_IAN","3","IAN_CUBA_2022",2010-02-01,25.5,"C"
"CUBA_MICHELLE","3","MICHELLE_CUBA_2001",2010-02-01,26.8,"C"
"CUBA_PALOMA","3","PALOMA_CUBA_2008",2010-02-01,27.4,"C"
"CUBA_SANDY","3","SANDY_CUBA_2012",2010-02-01,29.4,"C"
"DEAN_QROO_MX","5","DEAN_QROO_MX_2007",2010-02-01,29.2,"SG"
"FL_US_CHARLEY","1","CHARLEY_2004",2010-02-01,20.9,"FP"
"FL_US_FRANCES","1","FRANCES_US_FL_2004",2010-02-01,20.9,"FP"
"FL_US_IAN","1","IAN_US_FL_2022",2010-02-01,21.3,"FP"
"FL_US_IRMA","1","IRMA_US_FL_2017",2010-02-01,22,"FP"
"FL_US_JEANNE","1","JEANNE_US_FL_2004",2010-02-01,21,"FP"
"FL_US_MICHAEL","4","MICHAEL_US_FL_2018",2010-02-01,14.4,"SUS"
"FL_US_WILMA","1","WILMA_US_FL_2005",2010-02-01,22,"FP"
"LA_US_GUSTAV","4","GUSTAV_US_LA_2008",2010-02-01,14.4,"SUS"
"LA_US_IDA","4","IDA_US_LA_2009",2010-02-01,14.4,"SUS"
"LA_US_KATRINA","4","KATRINA_US_LA_2005",2010-02-01,13.8,"SUS"
"LA_US_LAURA","4","LAURA_US_LA_2020",2010-02-01,14,"SUS"
"LA_US_ZETA","4","ZETA_US_LA_2020",2010-02-01,14.1,"SUS"
"MX_ERNESTO","5","ERNESTO_MX_2012",2010-02-01,29.1,"SG"
"MX_GRACE","3","GRACE_MX_2021",2010-02-01,23,"C"
"MX_TAMPS_EMILY","6","EMILY_TAMPS_MX_2005",2010-02-01,21.1,"WG"
"NC_US_ISABEL","4","ISABEL_US_NC_2003",2010-02-01,10.2,"SUS"
"NIC_ETA","2","ETA_NIC_2020",2010-02-01,30,"CA"
"NIC_FELIX","2","FELIX_NIC_2007",2010-02-01,29.7,"CA"
"NIC_IOTA","2","IOTA_NIC_2020",2010-02-01,30.2,"CA"
"PR_USA_MARIA","3","MARIA_US_PR_2017",2010-02-01,31.5,"C"
"QROO_WILMA","3","WILMA_QROO_2005",2010-02-01,28,"C"
"TX_US_HARVEY","6","HARVEY_US_TX_2017",2010-02-01,16.8,"WG"
"TX_US_IKE","4","IKE_US_TX_2008",2010-02-01,14.5,"SUS"
"TX_US_RITA","4","RITA_US_TX_2005",2010-02-01,14.8,"SUS"
"US_FL_DELTA","4","DELTA_US_LA_2020",2010-02-01,13.7,"SUS"
"US_FL_DENNIS","4","DENNIS_US_FL_2005",2010-02-01,13.5,"SUS"
"VER_MX_KARL","5","KARL_MX_VER_2010",2010-02-01,26.4,"SG"
"YUC_DELTA","5","DELTA_YUCATAN_MX_2020",2010-02-01,28.7,"SG"
"YUC_MX_EMILY","5","EMILY_MX_YUC_2005",2010-02-01,29.8,"SG"
"YUC_MX_ISIDORE","5","ISIDORE_MX_YUC_2002",2010-02-01,29.9,"SG"
"AL_US_IVAN","4","IVAN_US_AL_2004",2010-03-01,19.4,"SUS"
"AL_US_SALLY","4","SALLY_US_AL_2020",2010-03-01,19.2,"SUS"
"ALEX","6","ALEX_2010",2010-03-01,28.9,"WG"
"BELICE_RICHARD","3","RICHARD_BELICE_2010",2010-03-01,31.4,"C"
"BELIZE_IRIS","2","IRIS_BELIZE_2001",2010-03-01,32.7,"CA"
"BETA","2","BETA_2005",2010-03-01,33,"CA"
"CR_OTTO","2","OTTO_CR_2016",2010-03-01,34.1,"CA"
"CUBA_DENNIS","3","DENNIS_CUBA_2005",2010-03-01,28.7,"C"
"CUBA_GUSTAV","3","GUSTAV_CUBA_2008",2010-03-01,27,"C"
"CUBA_IAN","3","IAN_CUBA_2022",2010-03-01,26.9,"C"
"CUBA_MICHELLE","3","MICHELLE_CUBA_2001",2010-03-01,28.7,"C"
"CUBA_PALOMA","3","PALOMA_CUBA_2008",2010-03-01,30.7,"C"
"CUBA_SANDY","3","SANDY_CUBA_2012",2010-03-01,31.1,"C"
"DEAN_QROO_MX","5","DEAN_QROO_MX_2007",2010-03-01,32.3,"SG"
"FL_US_CHARLEY","1","CHARLEY_2004",2010-03-01,23.9,"FP"
"FL_US_FRANCES","1","FRANCES_US_FL_2004",2010-03-01,23.7,"FP"
"FL_US_IAN","1","IAN_US_FL_2022",2010-03-01,24.2,"FP"
"FL_US_IRMA","1","IRMA_US_FL_2017",2010-03-01,24.6,"FP"
"FL_US_JEANNE","1","JEANNE_US_FL_2004",2010-03-01,23.8,"FP"
"FL_US_MICHAEL","4","MICHAEL_US_FL_2018",2010-03-01,19.9,"SUS"
"FL_US_WILMA","1","WILMA_US_FL_2005",2010-03-01,24.5,"FP"
"LA_US_GUSTAV","4","GUSTAV_US_LA_2008",2010-03-01,20.3,"SUS"
"LA_US_IDA","4","IDA_US_LA_2009",2010-03-01,20.2,"SUS"
"LA_US_KATRINA","4","KATRINA_US_LA_2005",2010-03-01,19.6,"SUS"
"LA_US_LAURA","4","LAURA_US_LA_2020",2010-03-01,20.6,"SUS"
"LA_US_ZETA","4","ZETA_US_LA_2020",2010-03-01,21.2,"SUS"
"MX_ERNESTO","5","ERNESTO_MX_2012",2010-03-01,32.2,"SG"
"MX_GRACE","3","GRACE_MX_2021",2010-03-01,28.7,"C"
"MX_TAMPS_EMILY","6","EMILY_TAMPS_MX_2005",2010-03-01,27.6,"WG"
"NC_US_ISABEL","4","ISABEL_US_NC_2003",2010-03-01,18.4,"SUS"
"NIC_ETA","2","ETA_NIC_2020",2010-03-01,34,"CA"
"NIC_FELIX","2","FELIX_NIC_2007",2010-03-01,33,"CA"
"NIC_IOTA","2","IOTA_NIC_2020",2010-03-01,34,"CA"
"PR_USA_MARIA","3","MARIA_US_PR_2017",2010-03-01,32.1,"C"
"QROO_WILMA","3","WILMA_QROO_2005",2010-03-01,29.8,"C"
"TX_US_HARVEY","6","HARVEY_US_TX_2017",2010-03-01,23.6,"WG"
"TX_US_IKE","4","IKE_US_TX_2008",2010-03-01,21.3,"SUS"
"TX_US_RITA","4","RITA_US_TX_2005",2010-03-01,21.2,"SUS"
"US_FL_DELTA","4","DELTA_US_LA_2020",2010-03-01,20.2,"SUS"
"US_FL_DENNIS","4","DENNIS_US_FL_2005",2010-03-01,19.4,"SUS"
"VER_MX_KARL","5","KARL_MX_VER_2010",2010-03-01,31.3,"SG"
"YUC_DELTA","5","DELTA_YUCATAN_MX_2020",2010-03-01,31,"SG"
"YUC_MX_EMILY","5","EMILY_MX_YUC_2005",2010-03-01,32.1,"SG"
"YUC_MX_ISIDORE","5","ISIDORE_MX_YUC_2002",2010-03-01,32.9,"SG"
"AL_US_IVAN","4","IVAN_US_AL_2004",2010-04-01,26.9,"SUS"
"AL_US_SALLY","4","SALLY_US_AL_2020",2010-04-01,26.5,"SUS"
"ALEX","6","ALEX_2010",2010-04-01,32,"WG"
"BELICE_RICHARD","3","RICHARD_BELICE_2010",2010-04-01,32.6,"C"
"BELIZE_IRIS","2","IRIS_BELIZE_2001",2010-04-01,32.8,"CA"
"BETA","2","BETA_2005",2010-04-01,32.3,"CA"
"CR_OTTO","2","OTTO_CR_2016",2010-04-01,33.7,"CA"
"CUBA_DENNIS","3","DENNIS_CUBA_2005",2010-04-01,31.8,"C"
"CUBA_GUSTAV","3","GUSTAV_CUBA_2008",2010-04-01,30.1,"C"
"CUBA_IAN","3","IAN_CUBA_2022",2010-04-01,30.1,"C"
"CUBA_MICHELLE","3","MICHELLE_CUBA_2001",2010-04-01,31.7,"C"
"CUBA_PALOMA","3","PALOMA_CUBA_2008",2010-04-01,32.4,"C"
"CUBA_SANDY","3","SANDY_CUBA_2012",2010-04-01,32.4,"C"
"DEAN_QROO_MX","5","DEAN_QROO_MX_2007",2010-04-01,33.4,"SG"
"FL_US_CHARLEY","1","CHARLEY_2004",2010-04-01,29.2,"FP"
"FL_US_FRANCES","1","FRANCES_US_FL_2004",2010-04-01,28.9,"FP"
"FL_US_IAN","1","IAN_US_FL_2022",2010-04-01,29.3,"FP"
"FL_US_IRMA","1","IRMA_US_FL_2017",2010-04-01,29.4,"FP"
"FL_US_JEANNE","1","JEANNE_US_FL_2004",2010-04-01,28.9,"FP"
"FL_US_MICHAEL","4","MICHAEL_US_FL_2018",2010-04-01,27.5,"SUS"
"FL_US_WILMA","1","WILMA_US_FL_2005",2010-04-01,28.9,"FP"
"LA_US_GUSTAV","4","GUSTAV_US_LA_2008",2010-04-01,26.4,"SUS"
"LA_US_IDA","4","IDA_US_LA_2009",2010-04-01,26.6,"SUS"
"LA_US_KATRINA","4","KATRINA_US_LA_2005",2010-04-01,26.4,"SUS"
"LA_US_LAURA","4","LAURA_US_LA_2020",2010-04-01,26.6,"SUS"
"LA_US_ZETA","4","ZETA_US_LA_2020",2010-04-01,27.2,"SUS"
"MX_ERNESTO","5","ERNESTO_MX_2012",2010-04-01,33.4,"SG"
"MX_GRACE","3","GRACE_MX_2021",2010-04-01,31.3,"C"
"MX_TAMPS_EMILY","6","EMILY_TAMPS_MX_2005",2010-04-01,30.6,"WG"
"NC_US_ISABEL","4","ISABEL_US_NC_2003",2010-04-01,25.1,"SUS"
"NIC_ETA","2","ETA_NIC_2020",2010-04-01,32.7,"CA"
"NIC_FELIX","2","FELIX_NIC_2007",2010-04-01,32.1,"CA"
"NIC_IOTA","2","IOTA_NIC_2020",2010-04-01,32.8,"CA"
"PR_USA_MARIA","3","MARIA_US_PR_2017",2010-04-01,32.1,"C"
"QROO_WILMA","3","WILMA_QROO_2005",2010-04-01,31.9,"C"
"TX_US_HARVEY","6","HARVEY_US_TX_2017",2010-04-01,27.4,"WG"
"TX_US_IKE","4","IKE_US_TX_2008",2010-04-01,26.4,"SUS"
"TX_US_RITA","4","RITA_US_TX_2005",2010-04-01,27,"SUS"
"US_FL_DELTA","4","DELTA_US_LA_2020",2010-04-01,26.7,"SUS"
"US_FL_DENNIS","4","DENNIS_US_FL_2005",2010-04-01,26.9,"SUS"
"VER_MX_KARL","5","KARL_MX_VER_2010",2010-04-01,34.4,"SG"
"YUC_DELTA","5","DELTA_YUCATAN_MX_2020",2010-04-01,33.2,"SG"
"YUC_MX_EMILY","5","EMILY_MX_YUC_2005",2010-04-01,33.9,"SG"
"YUC_MX_ISIDORE","5","ISIDORE_MX_YUC_2002",2010-04-01,34.9,"SG"
"AL_US_IVAN","4","IVAN_US_AL_2004",2010-05-01,30.8,"SUS"
"AL_US_SALLY","4","SALLY_US_AL_2020",2010-05-01,30.4,"SUS"
"ALEX","6","ALEX_2010",2010-05-01,37.2,"WG"
"BELICE_RICHARD","3","RICHARD_BELICE_2010",2010-05-01,32.2,"C"
"BELIZE_IRIS","2","IRIS_BELIZE_2001",2010-05-01,32.1,"CA"
"BETA","2","BETA_2005",2010-05-01,31.7,"CA"
"CR_OTTO","2","OTTO_CR_2016",2010-05-01,32.2,"CA"
"CUBA_DENNIS","3","DENNIS_CUBA_2005",2010-05-01,32.9,"C"
"CUBA_GUSTAV","3","GUSTAV_CUBA_2008",2010-05-01,32.1,"C"
"CUBA_IAN","3","IAN_CUBA_2022",2010-05-01,32,"C"
"CUBA_MICHELLE","3","MICHELLE_CUBA_2001",2010-05-01,32.8,"C"
"CUBA_PALOMA","3","PALOMA_CUBA_2008",2010-05-01,32.9,"C"
"CUBA_SANDY","3","SANDY_CUBA_2012",2010-05-01,32.8,"C"
"DEAN_QROO_MX","5","DEAN_QROO_MX_2007",2010-05-01,33.9,"SG"
"FL_US_CHARLEY","1","CHARLEY_2004",2010-05-01,32.6,"FP"
"FL_US_FRANCES","1","FRANCES_US_FL_2004",2010-05-01,32.4,"FP"
"FL_US_IAN","1","IAN_US_FL_2022",2010-05-01,32.8,"FP"
"FL_US_IRMA","1","IRMA_US_FL_2017",2010-05-01,32.8,"FP"
"FL_US_JEANNE","1","JEANNE_US_FL_2004",2010-05-01,32.3,"FP"
"FL_US_MICHAEL","4","MICHAEL_US_FL_2018",2010-05-01,31.1,"SUS"
"FL_US_WILMA","1","WILMA_US_FL_2005",2010-05-01,32.3,"FP"
"LA_US_GUSTAV","4","GUSTAV_US_LA_2008",2010-05-01,30.9,"SUS"
"LA_US_IDA","4","IDA_US_LA_2009",2010-05-01,31.3,"SUS"
"LA_US_KATRINA","4","KATRINA_US_LA_2005",2010-05-01,30.8,"SUS"
"LA_US_LAURA","4","LAURA_US_LA_2020",2010-05-01,31.7,"SUS"
"LA_US_ZETA","4","ZETA_US_LA_2020",2010-05-01,31.4,"SUS"
"MX_ERNESTO","5","ERNESTO_MX_2012",2010-05-01,33.9,"SG"
"MX_GRACE","3","GRACE_MX_2021",2010-05-01,36,"C"
"MX_TAMPS_EMILY","6","EMILY_TAMPS_MX_2005",2010-05-01,36.2,"WG"
"NC_US_ISABEL","4","ISABEL_US_NC_2003",2010-05-01,28,"SUS"
"NIC_ETA","2","ETA_NIC_2020",2010-05-01,32.5,"CA"
"NIC_FELIX","2","FELIX_NIC_2007",2010-05-01,32.4,"CA"
"NIC_IOTA","2","IOTA_NIC_2020",2010-05-01,32.5,"CA"
"PR_USA_MARIA","3","MARIA_US_PR_2017",2010-05-01,32.8,"C"
"QROO_WILMA","3","WILMA_QROO_2005",2010-05-01,33,"C"
"TX_US_HARVEY","6","HARVEY_US_TX_2017",2010-05-01,32.1,"WG"
"TX_US_IKE","4","IKE_US_TX_2008",2010-05-01,31.6,"SUS"
"TX_US_RITA","4","RITA_US_TX_2005",2010-05-01,32,"SUS"
"US_FL_DELTA","4","DELTA_US_LA_2020",2010-05-01,31.5,"SUS"
"US_FL_DENNIS","4","DENNIS_US_FL_2005",2010-05-01,30.8,"SUS"
"VER_MX_KARL","5","KARL_MX_VER_2010",2010-05-01,37.9,"SG"
"YUC_DELTA","5","DELTA_YUCATAN_MX_2020",2010-05-01,33.9,"SG"
"YUC_MX_EMILY","5","EMILY_MX_YUC_2005",2010-05-01,34.6,"SG"
"YUC_MX_ISIDORE","5","ISIDORE_MX_YUC_2002",2010-05-01,35.6,"SG"
"AL_US_IVAN","4","IVAN_US_AL_2004",2010-06-01,33.9,"SUS"
"AL_US_SALLY","4","SALLY_US_AL_2020",2010-06-01,33.3,"SUS"
"ALEX","6","ALEX_2010",2010-06-01,37.1,"WG"
"BELICE_RICHARD","3","RICHARD_BELICE_2010",2010-06-01,32.4,"C"
"BELIZE_IRIS","2","IRIS_BELIZE_2001",2010-06-01,32.6,"CA"
"BETA","2","BETA_2005",2010-06-01,30.2,"CA"
"CR_OTTO","2","OTTO_CR_2016",2010-06-01,30.7,"CA"
"CUBA_DENNIS","3","DENNIS_CUBA_2005",2010-06-01,33.7,"C"
"CUBA_GUSTAV","3","GUSTAV_CUBA_2008",2010-06-01,33.1,"C"
"CUBA_IAN","3","IAN_CUBA_2022",2010-06-01,33.1,"C"
"CUBA_MICHELLE","3","MICHELLE_CUBA_2001",2010-06-01,33.7,"C"
"CUBA_PALOMA","3","PALOMA_CUBA_2008",2010-06-01,33.3,"C"
"CUBA_SANDY","3","SANDY_CUBA_2012",2010-06-01,33.5,"C"
"DEAN_QROO_MX","5","DEAN_QROO_MX_2007",2010-06-01,33.5,"SG"
"FL_US_CHARLEY","1","CHARLEY_2004",2010-06-01,34.7,"FP"
"FL_US_FRANCES","1","FRANCES_US_FL_2004",2010-06-01,34.7,"FP"
"FL_US_IAN","1","IAN_US_FL_2022",2010-06-01,34.9,"FP"
"FL_US_IRMA","1","IRMA_US_FL_2017",2010-06-01,34.8,"FP"
"FL_US_JEANNE","1","JEANNE_US_FL_2004",2010-06-01,34.7,"FP"
"FL_US_MICHAEL","4","MICHAEL_US_FL_2018",2010-06-01,34.4,"SUS"
"FL_US_WILMA","1","WILMA_US_FL_2005",2010-06-01,34.3,"FP"
"LA_US_GUSTAV","4","GUSTAV_US_LA_2008",2010-06-01,33.2,"SUS"
"LA_US_IDA","4","IDA_US_LA_2009",2010-06-01,33.5,"SUS"
"LA_US_KATRINA","4","KATRINA_US_LA_2005",2010-06-01,33.8,"SUS"
"LA_US_LAURA","4","LAURA_US_LA_2020",2010-06-01,34.1,"SUS"
"LA_US_ZETA","4","ZETA_US_LA_2020",2010-06-01,33.3,"SUS"
"MX_ERNESTO","5","ERNESTO_MX_2012",2010-06-01,33.5,"SG"
"MX_GRACE","3","GRACE_MX_2021",2010-06-01,34.7,"C"
"MX_TAMPS_EMILY","6","EMILY_TAMPS_MX_2005",2010-06-01,36.3,"WG"
"NC_US_ISABEL","4","ISABEL_US_NC_2003",2010-06-01,32.9,"SUS"
"NIC_ETA","2","ETA_NIC_2020",2010-06-01,30.6,"CA"
"NIC_FELIX","2","FELIX_NIC_2007",2010-06-01,30.8,"CA"
"NIC_IOTA","2","IOTA_NIC_2020",2010-06-01,30.7,"CA"
"PR_USA_MARIA","3","MARIA_US_PR_2017",2010-06-01,33.2,"C"
"QROO_WILMA","3","WILMA_QROO_2005",2010-06-01,33.6,"C"
"TX_US_HARVEY","6","HARVEY_US_TX_2017",2010-06-01,34.5,"WG"
"TX_US_IKE","4","IKE_US_TX_2008",2010-06-01,34.2,"SUS"
"TX_US_RITA","4","RITA_US_TX_2005",2010-06-01,34.3,"SUS"
"US_FL_DELTA","4","DELTA_US_LA_2020",2010-06-01,33.8,"SUS"
"US_FL_DENNIS","4","DENNIS_US_FL_2005",2010-06-01,33.9,"SUS"
"VER_MX_KARL","5","KARL_MX_VER_2010",2010-06-01,34.5,"SG"
"YUC_DELTA","5","DELTA_YUCATAN_MX_2020",2010-06-01,34.1,"SG"
"YUC_MX_EMILY","5","EMILY_MX_YUC_2005",2010-06-01,34.5,"SG"
"YUC_MX_ISIDORE","5","ISIDORE_MX_YUC_2002",2010-06-01,35,"SG"
"AL_US_IVAN","4","IVAN_US_AL_2004",2010-07-01,34.5,"SUS"
"AL_US_SALLY","4","SALLY_US_AL_2020",2010-07-01,33.7,"SUS"
"ALEX","6","ALEX_2010",2010-07-01,34.5,"WG"
"BELICE_RICHARD","3","RICHARD_BELICE_2010",2010-07-01,31.2,"C"
"BELIZE_IRIS","2","IRIS_BELIZE_2001",2010-07-01,31.5,"CA"
"BETA","2","BETA_2005",2010-07-01,29.5,"CA"
"CR_OTTO","2","OTTO_CR_2016",2010-07-01,30.6,"CA"
"CUBA_DENNIS","3","DENNIS_CUBA_2005",2010-07-01,33.7,"C"
"CUBA_GUSTAV","3","GUSTAV_CUBA_2008",2010-07-01,32.6,"C"
"CUBA_IAN","3","IAN_CUBA_2022",2010-07-01,32.6,"C"
"CUBA_MICHELLE","3","MICHELLE_CUBA_2001",2010-07-01,33.7,"C"
"CUBA_PALOMA","3","PALOMA_CUBA_2008",2010-07-01,33.9,"C"
"CUBA_SANDY","3","SANDY_CUBA_2012",2010-07-01,34.3,"C"
"DEAN_QROO_MX","5","DEAN_QROO_MX_2007",2010-07-01,32.4,"SG"
"FL_US_CHARLEY","1","CHARLEY_2004",2010-07-01,34.3,"FP"
"FL_US_FRANCES","1","FRANCES_US_FL_2004",2010-07-01,34.2,"FP"
"FL_US_IAN","1","IAN_US_FL_2022",2010-07-01,34.4,"FP"
"FL_US_IRMA","1","IRMA_US_FL_2017",2010-07-01,34.3,"FP"
"FL_US_JEANNE","1","JEANNE_US_FL_2004",2010-07-01,34.2,"FP"
"FL_US_MICHAEL","4","MICHAEL_US_FL_2018",2010-07-01,34.5,"SUS"
"FL_US_WILMA","1","WILMA_US_FL_2005",2010-07-01,34,"FP"
"LA_US_GUSTAV","4","GUSTAV_US_LA_2008",2010-07-01,32.9,"SUS"
"LA_US_IDA","4","IDA_US_LA_2009",2010-07-01,33.4,"SUS"
"LA_US_KATRINA","4","KATRINA_US_LA_2005",2010-07-01,33.8,"SUS"
"LA_US_LAURA","4","LAURA_US_LA_2020",2010-07-01,33.7,"SUS"
"LA_US_ZETA","4","ZETA_US_LA_2020",2010-07-01,33.5,"SUS"
"MX_ERNESTO","5","ERNESTO_MX_2012",2010-07-01,32.2,"SG"
"MX_GRACE","3","GRACE_MX_2021",2010-07-01,32,"C"
"MX_TAMPS_EMILY","6","EMILY_TAMPS_MX_2005",2010-07-01,33.9,"WG"
"NC_US_ISABEL","4","ISABEL_US_NC_2003",2010-07-01,33.7,"SUS"
"NIC_ETA","2","ETA_NIC_2020",2010-07-01,30.1,"CA"
"NIC_FELIX","2","FELIX_NIC_2007",2010-07-01,30.4,"CA"
"NIC_IOTA","2","IOTA_NIC_2020",2010-07-01,30.2,"CA"
"PR_USA_MARIA","3","MARIA_US_PR_2017",2010-07-01,33.5,"C"
"QROO_WILMA","3","WILMA_QROO_2005",2010-07-01,33.2,"C"
"TX_US_HARVEY","6","HARVEY_US_TX_2017",2010-07-01,33.8,"WG"
"TX_US_IKE","4","IKE_US_TX_2008",2010-07-01,34,"SUS"
"TX_US_RITA","4","RITA_US_TX_2005",2010-07-01,33.9,"SUS"
"US_FL_DELTA","4","DELTA_US_LA_2020",2010-07-01,33.6,"SUS"
"US_FL_DENNIS","4","DENNIS_US_FL_2005",2010-07-01,34.5,"SUS"
"VER_MX_KARL","5","KARL_MX_VER_2010",2010-07-01,32.1,"SG"
"YUC_DELTA","5","DELTA_YUCATAN_MX_2020",2010-07-01,33.2,"SG"
"YUC_MX_EMILY","5","EMILY_MX_YUC_2005",2010-07-01,33.4,"SG"
"YUC_MX_ISIDORE","5","ISIDORE_MX_YUC_2002",2010-07-01,33.3,"SG"
"AL_US_IVAN","4","IVAN_US_AL_2004",2010-08-01,34.5,"SUS"
"AL_US_SALLY","4","SALLY_US_AL_2020",2010-08-01,33.7,"SUS"
"ALEX","6","ALEX_2010",2010-08-01,36.9,"WG"
"BELICE_RICHARD","3","RICHARD_BELICE_2010",2010-08-01,31.8,"C"
"BELIZE_IRIS","2","IRIS_BELIZE_2001",2010-08-01,31,"CA"
"BETA","2","BETA_2005",2010-08-01,29.3,"CA"
"CR_OTTO","2","OTTO_CR_2016",2010-08-01,30.3,"CA"
"CUBA_DENNIS","3","DENNIS_CUBA_2005",2010-08-01,34.5,"C"
"CUBA_GUSTAV","3","GUSTAV_CUBA_2008",2010-08-01,33.2,"C"
"CUBA_IAN","3","IAN_CUBA_2022",2010-08-01,33.3,"C"
"CUBA_MICHELLE","3","MICHELLE_CUBA_2001",2010-08-01,34.5,"C"
"CUBA_PALOMA","3","PALOMA_CUBA_2008",2010-08-01,34.7,"C"
"CUBA_SANDY","3","SANDY_CUBA_2012",2010-08-01,35,"C"
"DEAN_QROO_MX","5","DEAN_QROO_MX_2007",2010-08-01,32.9,"SG"
"FL_US_CHARLEY","1","CHARLEY_2004",2010-08-01,34.3,"FP"
"FL_US_FRANCES","1","FRANCES_US_FL_2004",2010-08-01,34.3,"FP"
"FL_US_IAN","1","IAN_US_FL_2022",2010-08-01,34.5,"FP"
"FL_US_IRMA","1","IRMA_US_FL_2017",2010-08-01,34.4,"FP"
"FL_US_JEANNE","1","JEANNE_US_FL_2004",2010-08-01,34.3,"FP"
"FL_US_MICHAEL","4","MICHAEL_US_FL_2018",2010-08-01,34.3,"SUS"
"FL_US_WILMA","1","WILMA_US_FL_2005",2010-08-01,34.3,"FP"
"LA_US_GUSTAV","4","GUSTAV_US_LA_2008",2010-08-01,33.9,"SUS"
"LA_US_IDA","4","IDA_US_LA_2009",2010-08-01,34.2,"SUS"
"LA_US_KATRINA","4","KATRINA_US_LA_2005",2010-08-01,34.5,"SUS"
"LA_US_LAURA","4","LAURA_US_LA_2020",2010-08-01,36.1,"SUS"
"LA_US_ZETA","4","ZETA_US_LA_2020",2010-08-01,34.4,"SUS"
"MX_ERNESTO","5","ERNESTO_MX_2012",2010-08-01,32.8,"SG"
"MX_GRACE","3","GRACE_MX_2021",2010-08-01,33.7,"C"
"MX_TAMPS_EMILY","6","EMILY_TAMPS_MX_2005",2010-08-01,36.9,"WG"
"NC_US_ISABEL","4","ISABEL_US_NC_2003",2010-08-01,32.4,"SUS"
"NIC_ETA","2","ETA_NIC_2020",2010-08-01,29.8,"CA"
"NIC_FELIX","2","FELIX_NIC_2007",2010-08-01,30.1,"CA"
"NIC_IOTA","2","IOTA_NIC_2020",2010-08-01,29.9,"CA"
"PR_USA_MARIA","3","MARIA_US_PR_2017",2010-08-01,33.9,"C"
"QROO_WILMA","3","WILMA_QROO_2005",2010-08-01,33.6,"C"
"TX_US_HARVEY","6","HARVEY_US_TX_2017",2010-08-01,37.7,"WG"
"TX_US_IKE","4","IKE_US_TX_2008",2010-08-01,37.2,"SUS"
"TX_US_RITA","4","RITA_US_TX_2005",2010-08-01,36.6,"SUS"
"US_FL_DELTA","4","DELTA_US_LA_2020",2010-08-01,35.3,"SUS"
"US_FL_DENNIS","4","DENNIS_US_FL_2005",2010-08-01,34.5,"SUS"
"VER_MX_KARL","5","KARL_MX_VER_2010",2010-08-01,32.9,"SG"
"YUC_DELTA","5","DELTA_YUCATAN_MX_2020",2010-08-01,33.6,"SG"
"YUC_MX_EMILY","5","EMILY_MX_YUC_2005",2010-08-01,33.7,"SG"
"YUC_MX_ISIDORE","5","ISIDORE_MX_YUC_2002",2010-08-01,33.8,"SG"
"AL_US_IVAN","4","IVAN_US_AL_2004",2010-09-01,33.6,"SUS"
"AL_US_SALLY","4","SALLY_US_AL_2020",2010-09-01,33.2,"SUS"
"ALEX","6","ALEX_2010",2010-09-01,33.7,"WG"
"BELICE_RICHARD","3","RICHARD_BELICE_2010",2010-09-01,31.7,"C"
"BELIZE_IRIS","2","IRIS_BELIZE_2001",2010-09-01,31,"CA"
"BETA","2","BETA_2005",2010-09-01,30.2,"CA"
"CR_OTTO","2","OTTO_CR_2016",2010-09-01,30.5,"CA"
"CUBA_DENNIS","3","DENNIS_CUBA_2005",2010-09-01,33.7,"C"
"CUBA_GUSTAV","3","GUSTAV_CUBA_2008",2010-09-01,32.5,"C"
"CUBA_IAN","3","IAN_CUBA_2022",2010-09-01,32.6,"C"
"CUBA_MICHELLE","3","MICHELLE_CUBA_2001",2010-09-01,33.7,"C"
"CUBA_PALOMA","3","PALOMA_CUBA_2008",2010-09-01,33.6,"C"
"CUBA_SANDY","3","SANDY_CUBA_2012",2010-09-01,34.2,"C"
"DEAN_QROO_MX","5","DEAN_QROO_MX_2007",2010-09-01,32.5,"SG"
"FL_US_CHARLEY","1","CHARLEY_2004",2010-09-01,33.4,"FP"
"FL_US_FRANCES","1","FRANCES_US_FL_2004",2010-09-01,33.4,"FP"
"FL_US_IAN","1","IAN_US_FL_2022",2010-09-01,33.5,"FP"
"FL_US_IRMA","1","IRMA_US_FL_2017",2010-09-01,33.4,"FP"
"FL_US_JEANNE","1","JEANNE_US_FL_2004",2010-09-01,33.4,"FP"
"FL_US_MICHAEL","4","MICHAEL_US_FL_2018",2010-09-01,34.1,"SUS"
"FL_US_WILMA","1","WILMA_US_FL_2005",2010-09-01,33.4,"FP"
"LA_US_GUSTAV","4","GUSTAV_US_LA_2008",2010-09-01,32.9,"SUS"
"LA_US_IDA","4","IDA_US_LA_2009",2010-09-01,33.2,"SUS"
"LA_US_KATRINA","4","KATRINA_US_LA_2005",2010-09-01,33.3,"SUS"
"LA_US_LAURA","4","LAURA_US_LA_2020",2010-09-01,33.5,"SUS"
"LA_US_ZETA","4","ZETA_US_LA_2020",2010-09-01,33.2,"SUS"
"MX_ERNESTO","5","ERNESTO_MX_2012",2010-09-01,32.4,"SG"
"MX_GRACE","3","GRACE_MX_2021",2010-09-01,31.7,"C"
"MX_TAMPS_EMILY","6","EMILY_TAMPS_MX_2005",2010-09-01,33.4,"WG"
"NC_US_ISABEL","4","ISABEL_US_NC_2003",2010-09-01,31.1,"SUS"
"NIC_ETA","2","ETA_NIC_2020",2010-09-01,30.7,"CA"
"NIC_FELIX","2","FELIX_NIC_2007",2010-09-01,30.7,"CA"
"NIC_IOTA","2","IOTA_NIC_2020",2010-09-01,30.7,"CA"
"PR_USA_MARIA","3","MARIA_US_PR_2017",2010-09-01,33.7,"C"
"QROO_WILMA","3","WILMA_QROO_2005",2010-09-01,32.8,"C"
"TX_US_HARVEY","6","HARVEY_US_TX_2017",2010-09-01,33.6,"WG"
"TX_US_IKE","4","IKE_US_TX_2008",2010-09-01,33.3,"SUS"
"TX_US_RITA","4","RITA_US_TX_2005",2010-09-01,33.5,"SUS"
"US_FL_DELTA","4","DELTA_US_LA_2020",2010-09-01,33.5,"SUS"
"US_FL_DENNIS","4","DENNIS_US_FL_2005",2010-09-01,33.6,"SUS"
"VER_MX_KARL","5","KARL_MX_VER_2010",2010-09-01,31.4,"SG"
"YUC_DELTA","5","DELTA_YUCATAN_MX_2020",2010-09-01,32.6,"SG"
"YUC_MX_EMILY","5","EMILY_MX_YUC_2005",2010-09-01,32.9,"SG"
"YUC_MX_ISIDORE","5","ISIDORE_MX_YUC_2002",2010-09-01,32.9,"SG"
"AL_US_IVAN","4","IVAN_US_AL_2004",2010-10-01,28.7,"SUS"
"AL_US_SALLY","4","SALLY_US_AL_2020",2010-10-01,28.4,"SUS"
"ALEX","6","ALEX_2010",2010-10-01,32.6,"WG"
"BELICE_RICHARD","3","RICHARD_BELICE_2010",2010-10-01,30.3,"C"
"BELIZE_IRIS","2","IRIS_BELIZE_2001",2010-10-01,29.9,"CA"
"BETA","2","BETA_2005",2010-10-01,30.4,"CA"
"CR_OTTO","2","OTTO_CR_2016",2010-10-01,30.9,"CA"
"CUBA_DENNIS","3","DENNIS_CUBA_2005",2010-10-01,31.8,"C"
"CUBA_GUSTAV","3","GUSTAV_CUBA_2008",2010-10-01,30.5,"C"
"CUBA_IAN","3","IAN_CUBA_2022",2010-10-01,30.5,"C"
"CUBA_MICHELLE","3","MICHELLE_CUBA_2001",2010-10-01,31.8,"C"
"CUBA_PALOMA","3","PALOMA_CUBA_2008",2010-10-01,30.9,"C"
"CUBA_SANDY","3","SANDY_CUBA_2012",2010-10-01,31.6,"C"
"DEAN_QROO_MX","5","DEAN_QROO_MX_2007",2010-10-01,30.4,"SG"
"FL_US_CHARLEY","1","CHARLEY_2004",2010-10-01,30.9,"FP"
"FL_US_FRANCES","1","FRANCES_US_FL_2004",2010-10-01,30.5,"FP"
"FL_US_IAN","1","IAN_US_FL_2022",2010-10-01,31,"FP"
"FL_US_IRMA","1","IRMA_US_FL_2017",2010-10-01,31.2,"FP"
"FL_US_JEANNE","1","JEANNE_US_FL_2004",2010-10-01,30.6,"FP"
"FL_US_MICHAEL","4","MICHAEL_US_FL_2018",2010-10-01,29.3,"SUS"
"FL_US_WILMA","1","WILMA_US_FL_2005",2010-10-01,31.1,"FP"
"LA_US_GUSTAV","4","GUSTAV_US_LA_2008",2010-10-01,29.2,"SUS"
"LA_US_IDA","4","IDA_US_LA_2009",2010-10-01,29.2,"SUS"
"LA_US_KATRINA","4","KATRINA_US_LA_2005",2010-10-01,30,"SUS"
"LA_US_LAURA","4","LAURA_US_LA_2020",2010-10-01,29.4,"SUS"
"LA_US_ZETA","4","ZETA_US_LA_2020",2010-10-01,29.2,"SUS"
"MX_ERNESTO","5","ERNESTO_MX_2012",2010-10-01,30.4,"SG"
"MX_GRACE","3","GRACE_MX_2021",2010-10-01,30.9,"C"
"MX_TAMPS_EMILY","6","EMILY_TAMPS_MX_2005",2010-10-01,32.4,"WG"
"NC_US_ISABEL","4","ISABEL_US_NC_2003",2010-10-01,25.1,"SUS"
"NIC_ETA","2","ETA_NIC_2020",2010-10-01,30.7,"CA"
"NIC_FELIX","2","FELIX_NIC_2007",2010-10-01,30.4,"CA"
"NIC_IOTA","2","IOTA_NIC_2020",2010-10-01,30.7,"CA"
"PR_USA_MARIA","3","MARIA_US_PR_2017",2010-10-01,33,"C"
"QROO_WILMA","3","WILMA_QROO_2005",2010-10-01,30.6,"C"
"TX_US_HARVEY","6","HARVEY_US_TX_2017",2010-10-01,31.2,"WG"
"TX_US_IKE","4","IKE_US_TX_2008",2010-10-01,30,"SUS"
"TX_US_RITA","4","RITA_US_TX_2005",2010-10-01,29.8,"SUS"
"US_FL_DELTA","4","DELTA_US_LA_2020",2010-10-01,29.2,"SUS"
"US_FL_DENNIS","4","DENNIS_US_FL_2005",2010-10-01,28.7,"SUS"
"VER_MX_KARL","5","KARL_MX_VER_2010",2010-10-01,31.5,"SG"
"YUC_DELTA","5","DELTA_YUCATAN_MX_2020",2010-10-01,30.6,"SG"
"YUC_MX_EMILY","5","EMILY_MX_YUC_2005",2010-10-01,31.1,"SG"
"YUC_MX_ISIDORE","5","ISIDORE_MX_YUC_2002",2010-10-01,30.6,"SG"
"AL_US_IVAN","4","IVAN_US_AL_2004",2010-11-01,22.6,"SUS"
"AL_US_SALLY","4","SALLY_US_AL_2020",2010-11-01,22.4,"SUS"
"ALEX","6","ALEX_2010",2010-11-01,29.6,"WG"
"BELICE_RICHARD","3","RICHARD_BELICE_2010",2010-11-01,29.7,"C"
"BELIZE_IRIS","2","IRIS_BELIZE_2001",2010-11-01,29.1,"CA"
"BETA","2","BETA_2005",2010-11-01,28.6,"CA"
"CR_OTTO","2","OTTO_CR_2016",2010-11-01,29.4,"CA"
"CUBA_DENNIS","3","DENNIS_CUBA_2005",2010-11-01,29.9,"C"
"CUBA_GUSTAV","3","GUSTAV_CUBA_2008",2010-11-01,29.3,"C"
"CUBA_IAN","3","IAN_CUBA_2022",2010-11-01,29,"C"
"CUBA_MICHELLE","3","MICHELLE_CUBA_2001",2010-11-01,29.8,"C"
"CUBA_PALOMA","3","PALOMA_CUBA_2008",2010-11-01,30.4,"C"
"CUBA_SANDY","3","SANDY_CUBA_2012",2010-11-01,31,"C"
"DEAN_QROO_MX","5","DEAN_QROO_MX_2007",2010-11-01,30.3,"SG"
"FL_US_CHARLEY","1","CHARLEY_2004",2010-11-01,27.8,"FP"
"FL_US_FRANCES","1","FRANCES_US_FL_2004",2010-11-01,27.3,"FP"
"FL_US_IAN","1","IAN_US_FL_2022",2010-11-01,28.1,"FP"
"FL_US_IRMA","1","IRMA_US_FL_2017",2010-11-01,28.5,"FP"
"FL_US_JEANNE","1","JEANNE_US_FL_2004",2010-11-01,27.4,"FP"
"FL_US_MICHAEL","4","MICHAEL_US_FL_2018",2010-11-01,23.8,"SUS"
"FL_US_WILMA","1","WILMA_US_FL_2005",2010-11-01,28.4,"FP"
"LA_US_GUSTAV","4","GUSTAV_US_LA_2008",2010-11-01,23.8,"SUS"
"LA_US_IDA","4","IDA_US_LA_2009",2010-11-01,23.8,"SUS"
"LA_US_KATRINA","4","KATRINA_US_LA_2005",2010-11-01,24.3,"SUS"
"LA_US_LAURA","4","LAURA_US_LA_2020",2010-11-01,22.7,"SUS"
"LA_US_ZETA","4","ZETA_US_LA_2020",2010-11-01,23.6,"SUS"
"MX_ERNESTO","5","ERNESTO_MX_2012",2010-11-01,30.3,"SG"
"MX_GRACE","3","GRACE_MX_2021",2010-11-01,28.9,"C"
"MX_TAMPS_EMILY","6","EMILY_TAMPS_MX_2005",2010-11-01,28.9,"WG"
"NC_US_ISABEL","4","ISABEL_US_NC_2003",2010-11-01,19.2,"SUS"
"NIC_ETA","2","ETA_NIC_2020",2010-11-01,29.3,"CA"
"NIC_FELIX","2","FELIX_NIC_2007",2010-11-01,29.2,"CA"
"NIC_IOTA","2","IOTA_NIC_2020",2010-11-01,29.3,"CA"
"PR_USA_MARIA","3","MARIA_US_PR_2017",2010-11-01,31.7,"C"
"QROO_WILMA","3","WILMA_QROO_2005",2010-11-01,30.4,"C"
"TX_US_HARVEY","6","HARVEY_US_TX_2017",2010-11-01,26,"WG"
"TX_US_IKE","4","IKE_US_TX_2008",2010-11-01,23.8,"SUS"
"TX_US_RITA","4","RITA_US_TX_2005",2010-11-01,23.5,"SUS"
"US_FL_DELTA","4","DELTA_US_LA_2020",2010-11-01,22.9,"SUS"
"US_FL_DENNIS","4","DENNIS_US_FL_2005",2010-11-01,22.5,"SUS"
"VER_MX_KARL","5","KARL_MX_VER_2010",2010-11-01,31.4,"SG"
"YUC_DELTA","5","DELTA_YUCATAN_MX_2020",2010-11-01,30.4,"SG"
"YUC_MX_EMILY","5","EMILY_MX_YUC_2005",2010-11-01,31.2,"SG"
"YUC_MX_ISIDORE","5","ISIDORE_MX_YUC_2002",2010-11-01,31.2,"SG"
"AL_US_IVAN","4","IVAN_US_AL_2004",2010-12-01,14.7,"SUS"
"AL_US_SALLY","4","SALLY_US_AL_2020",2010-12-01,14.5,"SUS"
"ALEX","6","ALEX_2010",2010-12-01,26.9,"WG"
"BELICE_RICHARD","3","RICHARD_BELICE_2010",2010-12-01,28.2,"C"
"BELIZE_IRIS","2","IRIS_BELIZE_2001",2010-12-01,27.8,"CA"
"BETA","2","BETA_2005",2010-12-01,27.7,"CA"
"CR_OTTO","2","OTTO_CR_2016",2010-12-01,29.4,"CA"
"CUBA_DENNIS","3","DENNIS_CUBA_2005",2010-12-01,26,"C"
"CUBA_GUSTAV","3","GUSTAV_CUBA_2008",2010-12-01,24.7,"C"
"CUBA_IAN","3","IAN_CUBA_2022",2010-12-01,24.5,"C"
"CUBA_MICHELLE","3","MICHELLE_CUBA_2001",2010-12-01,25.9,"C"
"CUBA_PALOMA","3","PALOMA_CUBA_2008",2010-12-01,27,"C"
"CUBA_SANDY","3","SANDY_CUBA_2012",2010-12-01,28.7,"C"
"DEAN_QROO_MX","5","DEAN_QROO_MX_2007",2010-12-01,28,"SG"
"FL_US_CHARLEY","1","CHARLEY_2004",2010-12-01,20.9,"FP"
"FL_US_FRANCES","1","FRANCES_US_FL_2004",2010-12-01,21,"FP"
"FL_US_IAN","1","IAN_US_FL_2022",2010-12-01,21.1,"FP"
"FL_US_IRMA","1","IRMA_US_FL_2017",2010-12-01,21.8,"FP"
"FL_US_JEANNE","1","JEANNE_US_FL_2004",2010-12-01,21.1,"FP"
"FL_US_MICHAEL","4","MICHAEL_US_FL_2018",2010-12-01,15.7,"SUS"
"FL_US_WILMA","1","WILMA_US_FL_2005",2010-12-01,21.8,"FP"
"LA_US_GUSTAV","4","GUSTAV_US_LA_2008",2010-12-01,18.2,"SUS"
"LA_US_IDA","4","IDA_US_LA_2009",2010-12-01,18.2,"SUS"
"LA_US_KATRINA","4","KATRINA_US_LA_2005",2010-12-01,17.1,"SUS"
"LA_US_LAURA","4","LAURA_US_LA_2020",2010-12-01,18.1,"SUS"
"LA_US_ZETA","4","ZETA_US_LA_2020",2010-12-01,17.9,"SUS"
"MX_ERNESTO","5","ERNESTO_MX_2012",2010-12-01,28,"SG"
"MX_GRACE","3","GRACE_MX_2021",2010-12-01,26.3,"C"
"MX_TAMPS_EMILY","6","EMILY_TAMPS_MX_2005",2010-12-01,26.1,"WG"
"NC_US_ISABEL","4","ISABEL_US_NC_2003",2010-12-01,9.2,"SUS"
"NIC_ETA","2","ETA_NIC_2020",2010-12-01,27.9,"CA"
"NIC_FELIX","2","FELIX_NIC_2007",2010-12-01,28.2,"CA"
"NIC_IOTA","2","IOTA_NIC_2020",2010-12-01,27.9,"CA"
"PR_USA_MARIA","3","MARIA_US_PR_2017",2010-12-01,30.8,"C"
"QROO_WILMA","3","WILMA_QROO_2005",2010-12-01,27,"C"
"TX_US_HARVEY","6","HARVEY_US_TX_2017",2010-12-01,22,"WG"
"TX_US_IKE","4","IKE_US_TX_2008",2010-12-01,19.5,"SUS"
"TX_US_RITA","4","RITA_US_TX_2005",2010-12-01,19,"SUS"
"US_FL_DELTA","4","DELTA_US_LA_2020",2010-12-01,17.7,"SUS"
"US_FL_DENNIS","4","DENNIS_US_FL_2005",2010-12-01,14.7,"SUS"
"VER_MX_KARL","5","KARL_MX_VER_2010",2010-12-01,30,"SG"
"YUC_DELTA","5","DELTA_YUCATAN_MX_2020",2010-12-01,27.5,"SG"
"YUC_MX_EMILY","5","EMILY_MX_YUC_2005",2010-12-01,28.6,"SG"
"YUC_MX_ISIDORE","5","ISIDORE_MX_YUC_2002",2010-12-01,28.5,"SG"
"AL_US_IVAN","4","IVAN_US_AL_2004",2011-01-01,14.7,"SUS"
"AL_US_SALLY","4","SALLY_US_AL_2020",2011-01-01,14.7,"SUS"
"ALEX","6","ALEX_2010",2011-01-01,24.9,"WG"
"BELICE_RICHARD","3","RICHARD_BELICE_2010",2011-01-01,29.3,"C"
"BELIZE_IRIS","2","IRIS_BELIZE_2001",2011-01-01,29,"CA"
"BETA","2","BETA_2005",2011-01-01,29.1,"CA"
"CR_OTTO","2","OTTO_CR_2016",2011-01-01,31.3,"CA"
"CUBA_DENNIS","3","DENNIS_CUBA_2005",2011-01-01,28.3,"C"
"CUBA_GUSTAV","3","GUSTAV_CUBA_2008",2011-01-01,27,"C"
"CUBA_IAN","3","IAN_CUBA_2022",2011-01-01,26.7,"C"
"CUBA_MICHELLE","3","MICHELLE_CUBA_2001",2011-01-01,28.1,"C"
"CUBA_PALOMA","3","PALOMA_CUBA_2008",2011-01-01,29.4,"C"
"CUBA_SANDY","3","SANDY_CUBA_2012",2011-01-01,30.4,"C"
"DEAN_QROO_MX","5","DEAN_QROO_MX_2007",2011-01-01,29.8,"SG"
"FL_US_CHARLEY","1","CHARLEY_2004",2011-01-01,23,"FP"
"FL_US_FRANCES","1","FRANCES_US_FL_2004",2011-01-01,23.3,"FP"
"FL_US_IAN","1","IAN_US_FL_2022",2011-01-01,23.4,"FP"
"FL_US_IRMA","1","IRMA_US_FL_2017",2011-01-01,24.3,"FP"
"FL_US_JEANNE","1","JEANNE_US_FL_2004",2011-01-01,23.5,"FP"
"FL_US_MICHAEL","4","MICHAEL_US_FL_2018",2011-01-01,15.7,"SUS"
"FL_US_WILMA","1","WILMA_US_FL_2005",2011-01-01,24.2,"FP"
"LA_US_GUSTAV","4","GUSTAV_US_LA_2008",2011-01-01,17.3,"SUS"
"LA_US_IDA","4","IDA_US_LA_2009",2011-01-01,16.8,"SUS"
"LA_US_KATRINA","4","KATRINA_US_LA_2005",2011-01-01,16,"SUS"
"LA_US_LAURA","4","LAURA_US_LA_2020",2011-01-01,15.7,"SUS"
"LA_US_ZETA","4","ZETA_US_LA_2020",2011-01-01,16.6,"SUS"
"MX_ERNESTO","5","ERNESTO_MX_2012",2011-01-01,29.7,"SG"
"MX_GRACE","3","GRACE_MX_2021",2011-01-01,25.4,"C"
"MX_TAMPS_EMILY","6","EMILY_TAMPS_MX_2005",2011-01-01,23.4,"WG"
"NC_US_ISABEL","4","ISABEL_US_NC_2003",2011-01-01,10.3,"SUS"
"NIC_ETA","2","ETA_NIC_2020",2011-01-01,29.5,"CA"
"NIC_FELIX","2","FELIX_NIC_2007",2011-01-01,29.4,"CA"
"NIC_IOTA","2","IOTA_NIC_2020",2011-01-01,29.5,"CA"
"PR_USA_MARIA","3","MARIA_US_PR_2017",2011-01-01,30.9,"C"
"QROO_WILMA","3","WILMA_QROO_2005",2011-01-01,28.9,"C"
"TX_US_HARVEY","6","HARVEY_US_TX_2017",2011-01-01,19,"WG"
"TX_US_IKE","4","IKE_US_TX_2008",2011-01-01,16.6,"SUS"
"TX_US_RITA","4","RITA_US_TX_2005",2011-01-01,16.3,"SUS"
"US_FL_DELTA","4","DELTA_US_LA_2020",2011-01-01,15.4,"SUS"
"US_FL_DENNIS","4","DENNIS_US_FL_2005",2011-01-01,14.6,"SUS"
"VER_MX_KARL","5","KARL_MX_VER_2010",2011-01-01,28.7,"SG"
"YUC_DELTA","5","DELTA_YUCATAN_MX_2020",2011-01-01,29.3,"SG"
"YUC_MX_EMILY","5","EMILY_MX_YUC_2005",2011-01-01,30.6,"SG"
"YUC_MX_ISIDORE","5","ISIDORE_MX_YUC_2002",2011-01-01,30.6,"SG"
"AL_US_IVAN","4","IVAN_US_AL_2004",2011-02-01,19.1,"SUS"
"AL_US_SALLY","4","SALLY_US_AL_2020",2011-02-01,19.2,"SUS"
"ALEX","6","ALEX_2010",2011-02-01,26.5,"WG"
"BELICE_RICHARD","3","RICHARD_BELICE_2010",2011-02-01,30.3,"C"
"BELIZE_IRIS","2","IRIS_BELIZE_2001",2011-02-01,30.8,"CA"
"BETA","2","BETA_2005",2011-02-01,29.9,"CA"
"CR_OTTO","2","OTTO_CR_2016",2011-02-01,31.9,"CA"
"CUBA_DENNIS","3","DENNIS_CUBA_2005",2011-02-01,30.2,"C"
"CUBA_GUSTAV","3","GUSTAV_CUBA_2008",2011-02-01,29,"C"
"CUBA_IAN","3","IAN_CUBA_2022",2011-02-01,28.8,"C"
"CUBA_MICHELLE","3","MICHELLE_CUBA_2001",2011-02-01,30.2,"C"
"CUBA_PALOMA","3","PALOMA_CUBA_2008",2011-02-01,30,"C"
"CUBA_SANDY","3","SANDY_CUBA_2012",2011-02-01,30.3,"C"
"DEAN_QROO_MX","5","DEAN_QROO_MX_2007",2011-02-01,31.6,"SG"
"FL_US_CHARLEY","1","CHARLEY_2004",2011-02-01,25.8,"FP"
"FL_US_FRANCES","1","FRANCES_US_FL_2004",2011-02-01,26,"FP"
"FL_US_IAN","1","IAN_US_FL_2022",2011-02-01,26.2,"FP"
"FL_US_IRMA","1","IRMA_US_FL_2017",2011-02-01,26.8,"FP"
"FL_US_JEANNE","1","JEANNE_US_FL_2004",2011-02-01,26.1,"FP"
"FL_US_MICHAEL","4","MICHAEL_US_FL_2018",2011-02-01,20.1,"SUS"
"FL_US_WILMA","1","WILMA_US_FL_2005",2011-02-01,26.8,"FP"
"LA_US_GUSTAV","4","GUSTAV_US_LA_2008",2011-02-01,19.2,"SUS"
"LA_US_IDA","4","IDA_US_LA_2009",2011-02-01,19.2,"SUS"
"LA_US_KATRINA","4","KATRINA_US_LA_2005",2011-02-01,19.2,"SUS"
"LA_US_LAURA","4","LAURA_US_LA_2020",2011-02-01,18.5,"SUS"
"LA_US_ZETA","4","ZETA_US_LA_2020",2011-02-01,19.3,"SUS"
"MX_ERNESTO","5","ERNESTO_MX_2012",2011-02-01,31.6,"SG"
"MX_GRACE","3","GRACE_MX_2021",2011-02-01,26.6,"C"
"MX_TAMPS_EMILY","6","EMILY_TAMPS_MX_2005",2011-02-01,25.1,"WG"
"NC_US_ISABEL","4","ISABEL_US_NC_2003",2011-02-01,16.1,"SUS"
"NIC_ETA","2","ETA_NIC_2020",2011-02-01,30.2,"CA"
"NIC_FELIX","2","FELIX_NIC_2007",2011-02-01,29.9,"CA"
"NIC_IOTA","2","IOTA_NIC_2020",2011-02-01,30.2,"CA"
"PR_USA_MARIA","3","MARIA_US_PR_2017",2011-02-01,30.8,"C"
"QROO_WILMA","3","WILMA_QROO_2005",2011-02-01,30.9,"C"
"TX_US_HARVEY","6","HARVEY_US_TX_2017",2011-02-01,21.4,"WG"
"TX_US_IKE","4","IKE_US_TX_2008",2011-02-01,18.8,"SUS"
"TX_US_RITA","4","RITA_US_TX_2005",2011-02-01,19,"SUS"
"US_FL_DELTA","4","DELTA_US_LA_2020",2011-02-01,18.2,"SUS"
"US_FL_DENNIS","4","DENNIS_US_FL_2005",2011-02-01,19.2,"SUS"
"VER_MX_KARL","5","KARL_MX_VER_2010",2011-02-01,30.2,"SG"
"YUC_DELTA","5","DELTA_YUCATAN_MX_2020",2011-02-01,31.7,"SG"
"YUC_MX_EMILY","5","EMILY_MX_YUC_2005",2011-02-01,32.8,"SG"
"YUC_MX_ISIDORE","5","ISIDORE_MX_YUC_2002",2011-02-01,32.9,"SG"
"AL_US_IVAN","4","IVAN_US_AL_2004",2011-03-01,23.4,"SUS"
"AL_US_SALLY","4","SALLY_US_AL_2020",2011-03-01,23.3,"SUS"
"ALEX","6","ALEX_2010",2011-03-01,32.4,"WG"
"BELICE_RICHARD","3","RICHARD_BELICE_2010",2011-03-01,31.3,"C"
"BELIZE_IRIS","2","IRIS_BELIZE_2001",2011-03-01,31.7,"CA"
"BETA","2","BETA_2005",2011-03-01,30.9,"CA"
"CR_OTTO","2","OTTO_CR_2016",2011-03-01,32.7,"CA"
"CUBA_DENNIS","3","DENNIS_CUBA_2005",2011-03-01,31.3,"C"
"CUBA_GUSTAV","3","GUSTAV_CUBA_2008",2011-03-01,30.2,"C"
"CUBA_IAN","3","IAN_CUBA_2022",2011-03-01,30.2,"C"
"CUBA_MICHELLE","3","MICHELLE_CUBA_2001",2011-03-01,31.2,"C"
"CUBA_PALOMA","3","PALOMA_CUBA_2008",2011-03-01,31.1,"C"
"CUBA_SANDY","3","SANDY_CUBA_2012",2011-03-01,30.6,"C"
"DEAN_QROO_MX","5","DEAN_QROO_MX_2007",2011-03-01,33.6,"SG"
"FL_US_CHARLEY","1","CHARLEY_2004",2011-03-01,28.1,"FP"
"FL_US_FRANCES","1","FRANCES_US_FL_2004",2011-03-01,28.2,"FP"
"FL_US_IAN","1","IAN_US_FL_2022",2011-03-01,28.4,"FP"
"FL_US_IRMA","1","IRMA_US_FL_2017",2011-03-01,28.6,"FP"
"FL_US_JEANNE","1","JEANNE_US_FL_2004",2011-03-01,28.3,"FP"
"FL_US_MICHAEL","4","MICHAEL_US_FL_2018",2011-03-01,24,"SUS"
"FL_US_WILMA","1","WILMA_US_FL_2005",2011-03-01,28.5,"FP"
"LA_US_GUSTAV","4","GUSTAV_US_LA_2008",2011-03-01,24.2,"SUS"
"LA_US_IDA","4","IDA_US_LA_2009",2011-03-01,24,"SUS"
"LA_US_KATRINA","4","KATRINA_US_LA_2005",2011-03-01,23.5,"SUS"
"LA_US_LAURA","4","LAURA_US_LA_2020",2011-03-01,24.1,"SUS"
"LA_US_ZETA","4","ZETA_US_LA_2020",2011-03-01,25.1,"SUS"
"MX_ERNESTO","5","ERNESTO_MX_2012",2011-03-01,33.5,"SG"
"MX_GRACE","3","GRACE_MX_2021",2011-03-01,30.7,"C"
"MX_TAMPS_EMILY","6","EMILY_TAMPS_MX_2005",2011-03-01,31.1,"WG"
"NC_US_ISABEL","4","ISABEL_US_NC_2003",2011-03-01,17.6,"SUS"
"NIC_ETA","2","ETA_NIC_2020",2011-03-01,31.8,"CA"
"NIC_FELIX","2","FELIX_NIC_2007",2011-03-01,31,"CA"
"NIC_IOTA","2","IOTA_NIC_2020",2011-03-01,31.9,"CA"
"PR_USA_MARIA","3","MARIA_US_PR_2017",2011-03-01,30.7,"C"
"QROO_WILMA","3","WILMA_QROO_2005",2011-03-01,32.2,"C"
"TX_US_HARVEY","6","HARVEY_US_TX_2017",2011-03-01,27.1,"WG"
"TX_US_IKE","4","IKE_US_TX_2008",2011-03-01,24.8,"SUS"
"TX_US_RITA","4","RITA_US_TX_2005",2011-03-01,24.8,"SUS"
"US_FL_DELTA","4","DELTA_US_LA_2020",2011-03-01,23.8,"SUS"
"US_FL_DENNIS","4","DENNIS_US_FL_2005",2011-03-01,23.3,"SUS"
"VER_MX_KARL","5","KARL_MX_VER_2010",2011-03-01,34.3,"SG"
"YUC_DELTA","5","DELTA_YUCATAN_MX_2020",2011-03-01,33.5,"SG"
"YUC_MX_EMILY","5","EMILY_MX_YUC_2005",2011-03-01,34.4,"SG"
"YUC_MX_ISIDORE","5","ISIDORE_MX_YUC_2002",2011-03-01,35.3,"SG"
"AL_US_IVAN","4","IVAN_US_AL_2004",2011-04-01,27.8,"SUS"
"AL_US_SALLY","4","SALLY_US_AL_2020",2011-04-01,27.4,"SUS"
"ALEX","6","ALEX_2010",2011-04-01,36.6,"WG"
"BELICE_RICHARD","3","RICHARD_BELICE_2010",2011-04-01,33.3,"C"
"BELIZE_IRIS","2","IRIS_BELIZE_2001",2011-04-01,33.2,"CA"
"BETA","2","BETA_2005",2011-04-01,31.7,"CA"
"CR_OTTO","2","OTTO_CR_2016",2011-04-01,33.1,"CA"
"CUBA_DENNIS","3","DENNIS_CUBA_2005",2011-04-01,33.5,"C"
"CUBA_GUSTAV","3","GUSTAV_CUBA_2008",2011-04-01,32.4,"C"
"CUBA_IAN","3","IAN_CUBA_2022",2011-04-01,32.3,"C"
"CUBA_MICHELLE","3","MICHELLE_CUBA_2001",2011-04-01,33.4,"C"
"CUBA_PALOMA","3","PALOMA_CUBA_2008",2011-04-01,32.6,"C"
"CUBA_SANDY","3","SANDY_CUBA_2012",2011-04-01,32.6,"C"
"DEAN_QROO_MX","5","DEAN_QROO_MX_2007",2011-04-01,34.8,"SG"
"FL_US_CHARLEY","1","CHARLEY_2004",2011-04-01,31.7,"FP"
"FL_US_FRANCES","1","FRANCES_US_FL_2004",2011-04-01,31.5,"FP"
"FL_US_IAN","1","IAN_US_FL_2022",2011-04-01,31.8,"FP"
"FL_US_IRMA","1","IRMA_US_FL_2017",2011-04-01,31.9,"FP"
"FL_US_JEANNE","1","JEANNE_US_FL_2004",2011-04-01,31.5,"FP"
"FL_US_MICHAEL","4","MICHAEL_US_FL_2018",2011-04-01,28.6,"SUS"
"FL_US_WILMA","1","WILMA_US_FL_2005",2011-04-01,31.5,"FP"
"LA_US_GUSTAV","4","GUSTAV_US_LA_2008",2011-04-01,28.1,"SUS"
"LA_US_IDA","4","IDA_US_LA_2009",2011-04-01,28.3,"SUS"
"LA_US_KATRINA","4","KATRINA_US_LA_2005",2011-04-01,27.7,"SUS"
"LA_US_LAURA","4","LAURA_US_LA_2020",2011-04-01,28.9,"SUS"
"LA_US_ZETA","4","ZETA_US_LA_2020",2011-04-01,28.7,"SUS"
"MX_ERNESTO","5","ERNESTO_MX_2012",2011-04-01,34.7,"SG"
"MX_GRACE","3","GRACE_MX_2021",2011-04-01,34.8,"C"
"MX_TAMPS_EMILY","6","EMILY_TAMPS_MX_2005",2011-04-01,35.4,"WG"
"NC_US_ISABEL","4","ISABEL_US_NC_2003",2011-04-01,24.5,"SUS"
"NIC_ETA","2","ETA_NIC_2020",2011-04-01,32,"CA"
"NIC_FELIX","2","FELIX_NIC_2007",2011-04-01,31.6,"CA"
"NIC_IOTA","2","IOTA_NIC_2020",2011-04-01,32.2,"CA"
"PR_USA_MARIA","3","MARIA_US_PR_2017",2011-04-01,31.4,"C"
"QROO_WILMA","3","WILMA_QROO_2005",2011-04-01,33.7,"C"
"TX_US_HARVEY","6","HARVEY_US_TX_2017",2011-04-01,31.9,"WG"
"TX_US_IKE","4","IKE_US_TX_2008",2011-04-01,29.7,"SUS"
"TX_US_RITA","4","RITA_US_TX_2005",2011-04-01,29.6,"SUS"
"US_FL_DELTA","4","DELTA_US_LA_2020",2011-04-01,28.6,"SUS"
"US_FL_DENNIS","4","DENNIS_US_FL_2005",2011-04-01,27.8,"SUS"
"VER_MX_KARL","5","KARL_MX_VER_2010",2011-04-01,37.7,"SG"
"YUC_DELTA","5","DELTA_YUCATAN_MX_2020",2011-04-01,35.1,"SG"
"YUC_MX_EMILY","5","EMILY_MX_YUC_2005",2011-04-01,35.8,"SG"
"YUC_MX_ISIDORE","5","ISIDORE_MX_YUC_2002",2011-04-01,36.8,"SG"
"AL_US_IVAN","4","IVAN_US_AL_2004",2011-05-01,29.8,"SUS"
"AL_US_SALLY","4","SALLY_US_AL_2020",2011-05-01,29.7,"SUS"
"ALEX","6","ALEX_2010",2011-05-01,37.5,"WG"
"BELICE_RICHARD","3","RICHARD_BELICE_2010",2011-05-01,34.2,"C"
"BELIZE_IRIS","2","IRIS_BELIZE_2001",2011-05-01,34.1,"CA"
"BETA","2","BETA_2005",2011-05-01,31.7,"CA"
"CR_OTTO","2","OTTO_CR_2016",2011-05-01,32.4,"CA"
"CUBA_DENNIS","3","DENNIS_CUBA_2005",2011-05-01,33.2,"C"
"CUBA_GUSTAV","3","GUSTAV_CUBA_2008",2011-05-01,32.6,"C"
"CUBA_IAN","3","IAN_CUBA_2022",2011-05-01,32.6,"C"
"CUBA_MICHELLE","3","MICHELLE_CUBA_2001",2011-05-01,33,"C"
"CUBA_PALOMA","3","PALOMA_CUBA_2008",2011-05-01,32.5,"C"
"CUBA_SANDY","3","SANDY_CUBA_2012",2011-05-01,32.6,"C"
"DEAN_QROO_MX","5","DEAN_QROO_MX_2007",2011-05-01,36.2,"SG"
"FL_US_CHARLEY","1","CHARLEY_2004",2011-05-01,33.1,"FP"
"FL_US_FRANCES","1","FRANCES_US_FL_2004",2011-05-01,32.8,"FP"
"FL_US_IAN","1","IAN_US_FL_2022",2011-05-01,33.2,"FP"
"FL_US_IRMA","1","IRMA_US_FL_2017",2011-05-01,33.2,"FP"
"FL_US_JEANNE","1","JEANNE_US_FL_2004",2011-05-01,32.8,"FP"
"FL_US_MICHAEL","4","MICHAEL_US_FL_2018",2011-05-01,31.1,"SUS"
"FL_US_WILMA","1","WILMA_US_FL_2005",2011-05-01,32.7,"FP"
"LA_US_GUSTAV","4","GUSTAV_US_LA_2008",2011-05-01,29.8,"SUS"
"LA_US_IDA","4","IDA_US_LA_2009",2011-05-01,30.1,"SUS"
"LA_US_KATRINA","4","KATRINA_US_LA_2005",2011-05-01,29.7,"SUS"
"LA_US_LAURA","4","LAURA_US_LA_2020",2011-05-01,30.5,"SUS"
"LA_US_ZETA","4","ZETA_US_LA_2020",2011-05-01,30.3,"SUS"
"MX_ERNESTO","5","ERNESTO_MX_2012",2011-05-01,36.2,"SG"
"MX_GRACE","3","GRACE_MX_2021",2011-05-01,35.9,"C"
"MX_TAMPS_EMILY","6","EMILY_TAMPS_MX_2005",2011-05-01,36.6,"WG"
"NC_US_ISABEL","4","ISABEL_US_NC_2003",2011-05-01,27.9,"SUS"
"NIC_ETA","2","ETA_NIC_2020",2011-05-01,32.8,"CA"
"NIC_FELIX","2","FELIX_NIC_2007",2011-05-01,32.4,"CA"
"NIC_IOTA","2","IOTA_NIC_2020",2011-05-01,32.8,"CA"
"PR_USA_MARIA","3","MARIA_US_PR_2017",2011-05-01,31.9,"C"
"QROO_WILMA","3","WILMA_QROO_2005",2011-05-01,34.8,"C"
"TX_US_HARVEY","6","HARVEY_US_TX_2017",2011-05-01,32.8,"WG"
"TX_US_IKE","4","IKE_US_TX_2008",2011-05-01,31.1,"SUS"
"TX_US_RITA","4","RITA_US_TX_2005",2011-05-01,31.2,"SUS"
"US_FL_DELTA","4","DELTA_US_LA_2020",2011-05-01,30.3,"SUS"
"US_FL_DENNIS","4","DENNIS_US_FL_2005",2011-05-01,29.8,"SUS"
"VER_MX_KARL","5","KARL_MX_VER_2010",2011-05-01,37.6,"SG"
"YUC_DELTA","5","DELTA_YUCATAN_MX_2020",2011-05-01,36.1,"SG"
"YUC_MX_EMILY","5","EMILY_MX_YUC_2005",2011-05-01,37,"SG"
"YUC_MX_ISIDORE","5","ISIDORE_MX_YUC_2002",2011-05-01,38.2,"SG"
"AL_US_IVAN","4","IVAN_US_AL_2004",2011-06-01,35.5,"SUS"
"AL_US_SALLY","4","SALLY_US_AL_2020",2011-06-01,35,"SUS"
"ALEX","6","ALEX_2010",2011-06-01,38.1,"WG"
"BELICE_RICHARD","3","RICHARD_BELICE_2010",2011-06-01,33.1,"C"
"BELIZE_IRIS","2","IRIS_BELIZE_2001",2011-06-01,32.9,"CA"
"BETA","2","BETA_2005",2011-06-01,30,"CA"
"CR_OTTO","2","OTTO_CR_2016",2011-06-01,31,"CA"
"CUBA_DENNIS","3","DENNIS_CUBA_2005",2011-06-01,33.1,"C"
"CUBA_GUSTAV","3","GUSTAV_CUBA_2008",2011-06-01,33.1,"C"
"CUBA_IAN","3","IAN_CUBA_2022",2011-06-01,33.1,"C"
"CUBA_MICHELLE","3","MICHELLE_CUBA_2001",2011-06-01,33,"C"
"CUBA_PALOMA","3","PALOMA_CUBA_2008",2011-06-01,32,"C"
"CUBA_SANDY","3","SANDY_CUBA_2012",2011-06-01,32.5,"C"
"DEAN_QROO_MX","5","DEAN_QROO_MX_2007",2011-06-01,34.6,"SG"
"FL_US_CHARLEY","1","CHARLEY_2004",2011-06-01,34.6,"FP"
"FL_US_FRANCES","1","FRANCES_US_FL_2004",2011-06-01,34.3,"FP"
"FL_US_IAN","1","IAN_US_FL_2022",2011-06-01,34.5,"FP"
"FL_US_IRMA","1","IRMA_US_FL_2017",2011-06-01,34.3,"FP"
"FL_US_JEANNE","1","JEANNE_US_FL_2004",2011-06-01,34.3,"FP"
"FL_US_MICHAEL","4","MICHAEL_US_FL_2018",2011-06-01,35.7,"SUS"
"FL_US_WILMA","1","WILMA_US_FL_2005",2011-06-01,33.8,"FP"
"LA_US_GUSTAV","4","GUSTAV_US_LA_2008",2011-06-01,34.7,"SUS"
"LA_US_IDA","4","IDA_US_LA_2009",2011-06-01,35.1,"SUS"
"LA_US_KATRINA","4","KATRINA_US_LA_2005",2011-06-01,35.3,"SUS"
"LA_US_LAURA","4","LAURA_US_LA_2020",2011-06-01,35.6,"SUS"
"LA_US_ZETA","4","ZETA_US_LA_2020",2011-06-01,35,"SUS"
"MX_ERNESTO","5","ERNESTO_MX_2012",2011-06-01,34.6,"SG"
"MX_GRACE","3","GRACE_MX_2021",2011-06-01,35.5,"C"
"MX_TAMPS_EMILY","6","EMILY_TAMPS_MX_2005",2011-06-01,37.4,"WG"
"NC_US_ISABEL","4","ISABEL_US_NC_2003",2011-06-01,32.6,"SUS"
"NIC_ETA","2","ETA_NIC_2020",2011-06-01,30.2,"CA"
"NIC_FELIX","2","FELIX_NIC_2007",2011-06-01,30.4,"CA"
"NIC_IOTA","2","IOTA_NIC_2020",2011-06-01,30.3,"CA"
"PR_USA_MARIA","3","MARIA_US_PR_2017",2011-06-01,33,"C"
"QROO_WILMA","3","WILMA_QROO_2005",2011-06-01,34.6,"C"
"TX_US_HARVEY","6","HARVEY_US_TX_2017",2011-06-01,36.7,"WG"
"TX_US_IKE","4","IKE_US_TX_2008",2011-06-01,36.2,"SUS"
"TX_US_RITA","4","RITA_US_TX_2005",2011-06-01,36.1,"SUS"
"US_FL_DELTA","4","DELTA_US_LA_2020",2011-06-01,35.3,"SUS"
"US_FL_DENNIS","4","DENNIS_US_FL_2005",2011-06-01,35.5,"SUS"
"VER_MX_KARL","5","KARL_MX_VER_2010",2011-06-01,35.5,"SG"
"YUC_DELTA","5","DELTA_YUCATAN_MX_2020",2011-06-01,35.1,"SG"
"YUC_MX_EMILY","5","EMILY_MX_YUC_2005",2011-06-01,35.7,"SG"
"YUC_MX_ISIDORE","5","ISIDORE_MX_YUC_2002",2011-06-01,36.5,"SG"
"AL_US_IVAN","4","IVAN_US_AL_2004",2011-07-01,34.2,"SUS"
"AL_US_SALLY","4","SALLY_US_AL_2020",2011-07-01,33.4,"SUS"
"ALEX","6","ALEX_2010",2011-07-01,36.8,"WG"
"BELICE_RICHARD","3","RICHARD_BELICE_2010",2011-07-01,31.7,"C"
"BELIZE_IRIS","2","IRIS_BELIZE_2001",2011-07-01,31.1,"CA"
"BETA","2","BETA_2005",2011-07-01,29.5,"CA"
"CR_OTTO","2","OTTO_CR_2016",2011-07-01,30.7,"CA"
"CUBA_DENNIS","3","DENNIS_CUBA_2005",2011-07-01,33.8,"C"
"CUBA_GUSTAV","3","GUSTAV_CUBA_2008",2011-07-01,33,"C"
"CUBA_IAN","3","IAN_CUBA_2022",2011-07-01,33.1,"C"
"CUBA_MICHELLE","3","MICHELLE_CUBA_2001",2011-07-01,33.6,"C"
"CUBA_PALOMA","3","PALOMA_CUBA_2008",2011-07-01,33.2,"C"
"CUBA_SANDY","3","SANDY_CUBA_2012",2011-07-01,33.4,"C"
"DEAN_QROO_MX","5","DEAN_QROO_MX_2007",2011-07-01,33.4,"SG"
"FL_US_CHARLEY","1","CHARLEY_2004",2011-07-01,34.2,"FP"
"FL_US_FRANCES","1","FRANCES_US_FL_2004",2011-07-01,34.1,"FP"
"FL_US_IAN","1","IAN_US_FL_2022",2011-07-01,34.3,"FP"
"FL_US_IRMA","1","IRMA_US_FL_2017",2011-07-01,34.2,"FP"
"FL_US_JEANNE","1","JEANNE_US_FL_2004",2011-07-01,34.1,"FP"
"FL_US_MICHAEL","4","MICHAEL_US_FL_2018",2011-07-01,34.1,"SUS"
"FL_US_WILMA","1","WILMA_US_FL_2005",2011-07-01,34,"FP"
"LA_US_GUSTAV","4","GUSTAV_US_LA_2008",2011-07-01,33.7,"SUS"
"LA_US_IDA","4","IDA_US_LA_2009",2011-07-01,33.9,"SUS"
"LA_US_KATRINA","4","KATRINA_US_LA_2005",2011-07-01,34.1,"SUS"
"LA_US_LAURA","4","LAURA_US_LA_2020",2011-07-01,35.9,"SUS"
"LA_US_ZETA","4","ZETA_US_LA_2020",2011-07-01,33.9,"SUS"
"MX_ERNESTO","5","ERNESTO_MX_2012",2011-07-01,33.2,"SG"
"MX_GRACE","3","GRACE_MX_2021",2011-07-01,33.4,"C"
"MX_TAMPS_EMILY","6","EMILY_TAMPS_MX_2005",2011-07-01,36.5,"WG"
"NC_US_ISABEL","4","ISABEL_US_NC_2003",2011-07-01,33.9,"SUS"
"NIC_ETA","2","ETA_NIC_2020",2011-07-01,30,"CA"
"NIC_FELIX","2","FELIX_NIC_2007",2011-07-01,30.3,"CA"
"NIC_IOTA","2","IOTA_NIC_2020",2011-07-01,30.1,"CA"
"PR_USA_MARIA","3","MARIA_US_PR_2017",2011-07-01,32.9,"C"
"QROO_WILMA","3","WILMA_QROO_2005",2011-07-01,34.1,"C"
"TX_US_HARVEY","6","HARVEY_US_TX_2017",2011-07-01,37.6,"WG"
"TX_US_IKE","4","IKE_US_TX_2008",2011-07-01,37.1,"SUS"
"TX_US_RITA","4","RITA_US_TX_2005",2011-07-01,36.6,"SUS"
"US_FL_DELTA","4","DELTA_US_LA_2020",2011-07-01,34.9,"SUS"
"US_FL_DENNIS","4","DENNIS_US_FL_2005",2011-07-01,34.2,"SUS"
"VER_MX_KARL","5","KARL_MX_VER_2010",2011-07-01,32.5,"SG"
"YUC_DELTA","5","DELTA_YUCATAN_MX_2020",2011-07-01,34.2,"SG"
"YUC_MX_EMILY","5","EMILY_MX_YUC_2005",2011-07-01,34.5,"SG"
"YUC_MX_ISIDORE","5","ISIDORE_MX_YUC_2002",2011-07-01,34.6,"SG"
"AL_US_IVAN","4","IVAN_US_AL_2004",2011-08-01,35.7,"SUS"
"AL_US_SALLY","4","SALLY_US_AL_2020",2011-08-01,35.1,"SUS"
"ALEX","6","ALEX_2010",2011-08-01,38,"WG"
"BELICE_RICHARD","3","RICHARD_BELICE_2010",2011-08-01,33,"C"
"BELIZE_IRIS","2","IRIS_BELIZE_2001",2011-08-01,32.3,"CA"
"BETA","2","BETA_2005",2011-08-01,29.9,"CA"
"CR_OTTO","2","OTTO_CR_2016",2011-08-01,30.7,"CA"
"CUBA_DENNIS","3","DENNIS_CUBA_2005",2011-08-01,34.4,"C"
"CUBA_GUSTAV","3","GUSTAV_CUBA_2008",2011-08-01,33.4,"C"
"CUBA_IAN","3","IAN_CUBA_2022",2011-08-01,33.5,"C"
"CUBA_MICHELLE","3","MICHELLE_CUBA_2001",2011-08-01,34.3,"C"
"CUBA_PALOMA","3","PALOMA_CUBA_2008",2011-08-01,33.4,"C"
"CUBA_SANDY","3","SANDY_CUBA_2012",2011-08-01,33.5,"C"
"DEAN_QROO_MX","5","DEAN_QROO_MX_2007",2011-08-01,34.1,"SG"
"FL_US_CHARLEY","1","CHARLEY_2004",2011-08-01,34.6,"FP"
"FL_US_FRANCES","1","FRANCES_US_FL_2004",2011-08-01,34.6,"FP"
"FL_US_IAN","1","IAN_US_FL_2022",2011-08-01,34.8,"FP"
"FL_US_IRMA","1","IRMA_US_FL_2017",2011-08-01,34.6,"FP"
"FL_US_JEANNE","1","JEANNE_US_FL_2004",2011-08-01,34.6,"FP"
"FL_US_MICHAEL","4","MICHAEL_US_FL_2018",2011-08-01,35.9,"SUS"
"FL_US_WILMA","1","WILMA_US_FL_2005",2011-08-01,34.6,"FP"
"LA_US_GUSTAV","4","GUSTAV_US_LA_2008",2011-08-01,35.2,"SUS"
"LA_US_IDA","4","IDA_US_LA_2009",2011-08-01,35.5,"SUS"
"LA_US_KATRINA","4","KATRINA_US_LA_2005",2011-08-01,35.8,"SUS"
"LA_US_LAURA","4","LAURA_US_LA_2020",2011-08-01,37.1,"SUS"
"LA_US_ZETA","4","ZETA_US_LA_2020",2011-08-01,35.7,"SUS"
"MX_ERNESTO","5","ERNESTO_MX_2012",2011-08-01,34,"SG"
"MX_GRACE","3","GRACE_MX_2021",2011-08-01,34.2,"C"
"MX_TAMPS_EMILY","6","EMILY_TAMPS_MX_2005",2011-08-01,38.2,"WG"
"NC_US_ISABEL","4","ISABEL_US_NC_2003",2011-08-01,32.4,"SUS"
"NIC_ETA","2","ETA_NIC_2020",2011-08-01,30.4,"CA"
"NIC_FELIX","2","FELIX_NIC_2007",2011-08-01,30.6,"CA"
"NIC_IOTA","2","IOTA_NIC_2020",2011-08-01,30.4,"CA"
"PR_USA_MARIA","3","MARIA_US_PR_2017",2011-08-01,33.3,"C"
"QROO_WILMA","3","WILMA_QROO_2005",2011-08-01,34.5,"C"
"TX_US_HARVEY","6","HARVEY_US_TX_2017",2011-08-01,39.1,"WG"
"TX_US_IKE","4","IKE_US_TX_2008",2011-08-01,38.5,"SUS"
"TX_US_RITA","4","RITA_US_TX_2005",2011-08-01,37.7,"SUS"
"US_FL_DELTA","4","DELTA_US_LA_2020",2011-08-01,36.5,"SUS"
"US_FL_DENNIS","4","DENNIS_US_FL_2005",2011-08-01,35.7,"SUS"
"VER_MX_KARL","5","KARL_MX_VER_2010",2011-08-01,33.1,"SG"
"YUC_DELTA","5","DELTA_YUCATAN_MX_2020",2011-08-01,34.5,"SG"
"YUC_MX_EMILY","5","EMILY_MX_YUC_2005",2011-08-01,34.8,"SG"
"YUC_MX_ISIDORE","5","ISIDORE_MX_YUC_2002",2011-08-01,35,"SG"
"AL_US_IVAN","4","IVAN_US_AL_2004",2011-09-01,30.2,"SUS"
"AL_US_SALLY","4","SALLY_US_AL_2020",2011-09-01,30,"SUS"
"ALEX","6","ALEX_2010",2011-09-01,36.7,"WG"
"BELICE_RICHARD","3","RICHARD_BELICE_2010",2011-09-01,32.5,"C"
"BELIZE_IRIS","2","IRIS_BELIZE_2001",2011-09-01,32,"CA"
"BETA","2","BETA_2005",2011-09-01,30.5,"CA"
"CR_OTTO","2","OTTO_CR_2016",2011-09-01,30.8,"CA"
"CUBA_DENNIS","3","DENNIS_CUBA_2005",2011-09-01,33.7,"C"
"CUBA_GUSTAV","3","GUSTAV_CUBA_2008",2011-09-01,32.6,"C"
"CUBA_IAN","3","IAN_CUBA_2022",2011-09-01,32.8,"C"
"CUBA_MICHELLE","3","MICHELLE_CUBA_2001",2011-09-01,33.7,"C"
"CUBA_PALOMA","3","PALOMA_CUBA_2008",2011-09-01,33.3,"C"
"CUBA_SANDY","3","SANDY_CUBA_2012",2011-09-01,33.5,"C"
"DEAN_QROO_MX","5","DEAN_QROO_MX_2007",2011-09-01,33.2,"SG"
"FL_US_CHARLEY","1","CHARLEY_2004",2011-09-01,33.3,"FP"
"FL_US_FRANCES","1","FRANCES_US_FL_2004",2011-09-01,33.1,"FP"
"FL_US_IAN","1","IAN_US_FL_2022",2011-09-01,33.3,"FP"
"FL_US_IRMA","1","IRMA_US_FL_2017",2011-09-01,33.4,"FP"
"FL_US_JEANNE","1","JEANNE_US_FL_2004",2011-09-01,33.1,"FP"
"FL_US_MICHAEL","4","MICHAEL_US_FL_2018",2011-09-01,31.4,"SUS"
"FL_US_WILMA","1","WILMA_US_FL_2005",2011-09-01,33.4,"FP"
"LA_US_GUSTAV","4","GUSTAV_US_LA_2008",2011-09-01,30.9,"SUS"
"LA_US_IDA","4","IDA_US_LA_2009",2011-09-01,31,"SUS"
"LA_US_KATRINA","4","KATRINA_US_LA_2005",2011-09-01,30.6,"SUS"
"LA_US_LAURA","4","LAURA_US_LA_2020",2011-09-01,32.9,"SUS"
"LA_US_ZETA","4","ZETA_US_LA_2020",2011-09-01,30.8,"SUS"
"MX_ERNESTO","5","ERNESTO_MX_2012",2011-09-01,33.1,"SG"
"MX_GRACE","3","GRACE_MX_2021",2011-09-01,33.8,"C"
"MX_TAMPS_EMILY","6","EMILY_TAMPS_MX_2005",2011-09-01,36.6,"WG"
"NC_US_ISABEL","4","ISABEL_US_NC_2003",2011-09-01,28.9,"SUS"
"NIC_ETA","2","ETA_NIC_2020",2011-09-01,31,"CA"
"NIC_FELIX","2","FELIX_NIC_2007",2011-09-01,31,"CA"
"NIC_IOTA","2","IOTA_NIC_2020",2011-09-01,31,"CA"
"PR_USA_MARIA","3","MARIA_US_PR_2017",2011-09-01,33.5,"C"
"QROO_WILMA","3","WILMA_QROO_2005",2011-09-01,33.4,"C"
"TX_US_HARVEY","6","HARVEY_US_TX_2017",2011-09-01,36.4,"WG"
"TX_US_IKE","4","IKE_US_TX_2008",2011-09-01,34.5,"SUS"
"TX_US_RITA","4","RITA_US_TX_2005",2011-09-01,33.5,"SUS"
"US_FL_DELTA","4","DELTA_US_LA_2020",2011-09-01,32,"SUS"
"US_FL_DENNIS","4","DENNIS_US_FL_2005",2011-09-01,30.2,"SUS"
"VER_MX_KARL","5","KARL_MX_VER_2010",2011-09-01,32.8,"SG"
"YUC_DELTA","5","DELTA_YUCATAN_MX_2020",2011-09-01,33.3,"SG"
"YUC_MX_EMILY","5","EMILY_MX_YUC_2005",2011-09-01,33.7,"SG"
"YUC_MX_ISIDORE","5","ISIDORE_MX_YUC_2002",2011-09-01,33.7,"SG"
"AL_US_IVAN","4","IVAN_US_AL_2004",2011-10-01,26.2,"SUS"
"AL_US_SALLY","4","SALLY_US_AL_2020",2011-10-01,25.7,"SUS"
"ALEX","6","ALEX_2010",2011-10-01,33.1,"WG"
"BELICE_RICHARD","3","RICHARD_BELICE_2010",2011-10-01,30.1,"C"
"BELIZE_IRIS","2","IRIS_BELIZE_2001",2011-10-01,29.2,"CA"
"BETA","2","BETA_2005",2011-10-01,29.9,"CA"
"CR_OTTO","2","OTTO_CR_2016",2011-10-01,29.9,"CA"
"CUBA_DENNIS","3","DENNIS_CUBA_2005",2011-10-01,31.4,"C"
"CUBA_GUSTAV","3","GUSTAV_CUBA_2008",2011-10-01,30.1,"C"
"CUBA_IAN","3","IAN_CUBA_2022",2011-10-01,30.1,"C"
"CUBA_MICHELLE","3","MICHELLE_CUBA_2001",2011-10-01,31.4,"C"
"CUBA_PALOMA","3","PALOMA_CUBA_2008",2011-10-01,31.4,"C"
"CUBA_SANDY","3","SANDY_CUBA_2012",2011-10-01,31.7,"C"
"DEAN_QROO_MX","5","DEAN_QROO_MX_2007",2011-10-01,30.4,"SG"
"FL_US_CHARLEY","1","CHARLEY_2004",2011-10-01,29.6,"FP"
"FL_US_FRANCES","1","FRANCES_US_FL_2004",2011-10-01,29.1,"FP"
"FL_US_IAN","1","IAN_US_FL_2022",2011-10-01,29.8,"FP"
"FL_US_IRMA","1","IRMA_US_FL_2017",2011-10-01,30.2,"FP"
"FL_US_JEANNE","1","JEANNE_US_FL_2004",2011-10-01,29.2,"FP"
"FL_US_MICHAEL","4","MICHAEL_US_FL_2018",2011-10-01,26.7,"SUS"
"FL_US_WILMA","1","WILMA_US_FL_2005",2011-10-01,30.1,"FP"
"LA_US_GUSTAV","4","GUSTAV_US_LA_2008",2011-10-01,27.4,"SUS"
"LA_US_IDA","4","IDA_US_LA_2009",2011-10-01,27.4,"SUS"
"LA_US_KATRINA","4","KATRINA_US_LA_2005",2011-10-01,27.7,"SUS"
"LA_US_LAURA","4","LAURA_US_LA_2020",2011-10-01,28.4,"SUS"
"LA_US_ZETA","4","ZETA_US_LA_2020",2011-10-01,27.4,"SUS"
"MX_ERNESTO","5","ERNESTO_MX_2012",2011-10-01,30.3,"SG"
"MX_GRACE","3","GRACE_MX_2021",2011-10-01,32,"C"
"MX_TAMPS_EMILY","6","EMILY_TAMPS_MX_2005",2011-10-01,32.8,"WG"
"NC_US_ISABEL","4","ISABEL_US_NC_2003",2011-10-01,23.3,"SUS"
"NIC_ETA","2","ETA_NIC_2020",2011-10-01,30,"CA"
"NIC_FELIX","2","FELIX_NIC_2007",2011-10-01,30,"CA"
"NIC_IOTA","2","IOTA_NIC_2020",2011-10-01,30,"CA"
"PR_USA_MARIA","3","MARIA_US_PR_2017",2011-10-01,33.1,"C"
"QROO_WILMA","3","WILMA_QROO_2005",2011-10-01,30.4,"C"
"TX_US_HARVEY","6","HARVEY_US_TX_2017",2011-10-01,30.6,"WG"
"TX_US_IKE","4","IKE_US_TX_2008",2011-10-01,29.1,"SUS"
"TX_US_RITA","4","RITA_US_TX_2005",2011-10-01,29,"SUS"
"US_FL_DELTA","4","DELTA_US_LA_2020",2011-10-01,28,"SUS"
"US_FL_DENNIS","4","DENNIS_US_FL_2005",2011-10-01,25.9,"SUS"
"VER_MX_KARL","5","KARL_MX_VER_2010",2011-10-01,32.8,"SG"
"YUC_DELTA","5","DELTA_YUCATAN_MX_2020",2011-10-01,30.4,"SG"
"YUC_MX_EMILY","5","EMILY_MX_YUC_2005",2011-10-01,31,"SG"
"YUC_MX_ISIDORE","5","ISIDORE_MX_YUC_2002",2011-10-01,30.6,"SG"
"AL_US_IVAN","4","IVAN_US_AL_2004",2011-11-01,22.2,"SUS"
"AL_US_SALLY","4","SALLY_US_AL_2020",2011-11-01,21.9,"SUS"
"ALEX","6","ALEX_2010",2011-11-01,30.6,"WG"
"BELICE_RICHARD","3","RICHARD_BELICE_2010",2011-11-01,29.5,"C"
"BELIZE_IRIS","2","IRIS_BELIZE_2001",2011-11-01,28.8,"CA"
"BETA","2","BETA_2005",2011-11-01,29.1,"CA"
"CR_OTTO","2","OTTO_CR_2016",2011-11-01,29.6,"CA"
"CUBA_DENNIS","3","DENNIS_CUBA_2005",2011-11-01,30.4,"C"
"CUBA_GUSTAV","3","GUSTAV_CUBA_2008",2011-11-01,29.5,"C"
"CUBA_IAN","3","IAN_CUBA_2022",2011-11-01,29.2,"C"
"CUBA_MICHELLE","3","MICHELLE_CUBA_2001",2011-11-01,30.3,"C"
"CUBA_PALOMA","3","PALOMA_CUBA_2008",2011-11-01,31.4,"C"
"CUBA_SANDY","3","SANDY_CUBA_2012",2011-11-01,31.3,"C"
"DEAN_QROO_MX","5","DEAN_QROO_MX_2007",2011-11-01,30,"SG"
"FL_US_CHARLEY","1","CHARLEY_2004",2011-11-01,27.9,"FP"
"FL_US_FRANCES","1","FRANCES_US_FL_2004",2011-11-01,27.2,"FP"
"FL_US_IAN","1","IAN_US_FL_2022",2011-11-01,28.2,"FP"
"FL_US_IRMA","1","IRMA_US_FL_2017",2011-11-01,28.6,"FP"
"FL_US_JEANNE","1","JEANNE_US_FL_2004",2011-11-01,27.3,"FP"
"FL_US_MICHAEL","4","MICHAEL_US_FL_2018",2011-11-01,23.5,"SUS"
"FL_US_WILMA","1","WILMA_US_FL_2005",2011-11-01,28.4,"FP"
"LA_US_GUSTAV","4","GUSTAV_US_LA_2008",2011-11-01,24.3,"SUS"
"LA_US_IDA","4","IDA_US_LA_2009",2011-11-01,24.3,"SUS"
"LA_US_KATRINA","4","KATRINA_US_LA_2005",2011-11-01,24.2,"SUS"
"LA_US_LAURA","4","LAURA_US_LA_2020",2011-11-01,23.8,"SUS"
"LA_US_ZETA","4","ZETA_US_LA_2020",2011-11-01,24,"SUS"
"MX_ERNESTO","5","ERNESTO_MX_2012",2011-11-01,30,"SG"
"MX_GRACE","3","GRACE_MX_2021",2011-11-01,29.8,"C"
"MX_TAMPS_EMILY","6","EMILY_TAMPS_MX_2005",2011-11-01,29.7,"WG"
"NC_US_ISABEL","4","ISABEL_US_NC_2003",2011-11-01,20.8,"SUS"
"NIC_ETA","2","ETA_NIC_2020",2011-11-01,29.2,"CA"
"NIC_FELIX","2","FELIX_NIC_2007",2011-11-01,29.2,"CA"
"NIC_IOTA","2","IOTA_NIC_2020",2011-11-01,29.2,"CA"
"PR_USA_MARIA","3","MARIA_US_PR_2017",2011-11-01,32.1,"C"
"QROO_WILMA","3","WILMA_QROO_2005",2011-11-01,30,"C"
"TX_US_HARVEY","6","HARVEY_US_TX_2017",2011-11-01,26.3,"WG"
"TX_US_IKE","4","IKE_US_TX_2008",2011-11-01,24.7,"SUS"
"TX_US_RITA","4","RITA_US_TX_2005",2011-11-01,24.5,"SUS"
"US_FL_DELTA","4","DELTA_US_LA_2020",2011-11-01,23.8,"SUS"
"US_FL_DENNIS","4","DENNIS_US_FL_2005",2011-11-01,22.1,"SUS"
"VER_MX_KARL","5","KARL_MX_VER_2010",2011-11-01,32.2,"SG"
"YUC_DELTA","5","DELTA_YUCATAN_MX_2020",2011-11-01,30,"SG"
"YUC_MX_EMILY","5","EMILY_MX_YUC_2005",2011-11-01,30.7,"SG"
"YUC_MX_ISIDORE","5","ISIDORE_MX_YUC_2002",2011-11-01,30.6,"SG"
"AL_US_IVAN","4","IVAN_US_AL_2004",2011-12-01,18.7,"SUS"
"AL_US_SALLY","4","SALLY_US_AL_2020",2011-12-01,18.9,"SUS"
"ALEX","6","ALEX_2010",2011-12-01,25.1,"WG"
"BELICE_RICHARD","3","RICHARD_BELICE_2010",2011-12-01,28.8,"C"
"BELIZE_IRIS","2","IRIS_BELIZE_2001",2011-12-01,28.2,"CA"
"BETA","2","BETA_2005",2011-12-01,28.5,"CA"
"CR_OTTO","2","OTTO_CR_2016",2011-12-01,30.1,"CA"
"CUBA_DENNIS","3","DENNIS_CUBA_2005",2011-12-01,30.5,"C"
"CUBA_GUSTAV","3","GUSTAV_CUBA_2008",2011-12-01,29.3,"C"
"CUBA_IAN","3","IAN_CUBA_2022",2011-12-01,29,"C"
"CUBA_MICHELLE","3","MICHELLE_CUBA_2001",2011-12-01,30.4,"C"
"CUBA_PALOMA","3","PALOMA_CUBA_2008",2011-12-01,30.2,"C"
"CUBA_SANDY","3","SANDY_CUBA_2012",2011-12-01,30.1,"C"
"DEAN_QROO_MX","5","DEAN_QROO_MX_2007",2011-12-01,29.2,"SG"
"FL_US_CHARLEY","1","CHARLEY_2004",2011-12-01,26.5,"FP"
"FL_US_FRANCES","1","FRANCES_US_FL_2004",2011-12-01,26.2,"FP"
"FL_US_IAN","1","IAN_US_FL_2022",2011-12-01,26.7,"FP"
"FL_US_IRMA","1","IRMA_US_FL_2017",2011-12-01,27.3,"FP"
"FL_US_JEANNE","1","JEANNE_US_FL_2004",2011-12-01,26.3,"FP"
"FL_US_MICHAEL","4","MICHAEL_US_FL_2018",2011-12-01,20.7,"SUS"
"FL_US_WILMA","1","WILMA_US_FL_2005",2011-12-01,27.2,"FP"
"LA_US_GUSTAV","4","GUSTAV_US_LA_2008",2011-12-01,20.2,"SUS"
"LA_US_IDA","4","IDA_US_LA_2009",2011-12-01,20.2,"SUS"
"LA_US_KATRINA","4","KATRINA_US_LA_2005",2011-12-01,20,"SUS"
"LA_US_LAURA","4","LAURA_US_LA_2020",2011-12-01,18.1,"SUS"
"LA_US_ZETA","4","ZETA_US_LA_2020",2011-12-01,19.9,"SUS"
"MX_ERNESTO","5","ERNESTO_MX_2012",2011-12-01,29.1,"SG"
"MX_GRACE","3","GRACE_MX_2021",2011-12-01,25.6,"C"
"MX_TAMPS_EMILY","6","EMILY_TAMPS_MX_2005",2011-12-01,23.9,"WG"
"NC_US_ISABEL","4","ISABEL_US_NC_2003",2011-12-01,17.4,"SUS"
"NIC_ETA","2","ETA_NIC_2020",2011-12-01,28.5,"CA"
"NIC_FELIX","2","FELIX_NIC_2007",2011-12-01,29.1,"CA"
"NIC_IOTA","2","IOTA_NIC_2020",2011-12-01,28.6,"CA"
"PR_USA_MARIA","3","MARIA_US_PR_2017",2011-12-01,31.4,"C"
"QROO_WILMA","3","WILMA_QROO_2005",2011-12-01,29.8,"C"
"TX_US_HARVEY","6","HARVEY_US_TX_2017",2011-12-01,20,"WG"
"TX_US_IKE","4","IKE_US_TX_2008",2011-12-01,18.6,"SUS"
"TX_US_RITA","4","RITA_US_TX_2005",2011-12-01,18.6,"SUS"
"US_FL_DELTA","4","DELTA_US_LA_2020",2011-12-01,18.4,"SUS"
"US_FL_DENNIS","4","DENNIS_US_FL_2005",2011-12-01,18.9,"SUS"
"VER_MX_KARL","5","KARL_MX_VER_2010",2011-12-01,29,"SG"
"YUC_DELTA","5","DELTA_YUCATAN_MX_2020",2011-12-01,29.8,"SG"
"YUC_MX_EMILY","5","EMILY_MX_YUC_2005",2011-12-01,30.4,"SG"
"YUC_MX_ISIDORE","5","ISIDORE_MX_YUC_2002",2011-12-01,29.9,"SG"
"AL_US_IVAN","4","IVAN_US_AL_2004",2012-01-01,20.1,"SUS"
"AL_US_SALLY","4","SALLY_US_AL_2020",2012-01-01,20.1,"SUS"
"ALEX","6","ALEX_2010",2012-01-01,27.2,"WG"
"BELICE_RICHARD","3","RICHARD_BELICE_2010",2012-01-01,29.2,"C"
"BELIZE_IRIS","2","IRIS_BELIZE_2001",2012-01-01,28.7,"CA"
"BETA","2","BETA_2005",2012-01-01,28.9,"CA"
"CR_OTTO","2","OTTO_CR_2016",2012-01-01,31.1,"CA"
"CUBA_DENNIS","3","DENNIS_CUBA_2005",2012-01-01,29.3,"C"
"CUBA_GUSTAV","3","GUSTAV_CUBA_2008",2012-01-01,28.3,"C"
"CUBA_IAN","3","IAN_CUBA_2022",2012-01-01,28,"C"
"CUBA_MICHELLE","3","MICHELLE_CUBA_2001",2012-01-01,29.1,"C"
"CUBA_PALOMA","3","PALOMA_CUBA_2008",2012-01-01,29.3,"C"
"CUBA_SANDY","3","SANDY_CUBA_2012",2012-01-01,29.4,"C"
"DEAN_QROO_MX","5","DEAN_QROO_MX_2007",2012-01-01,29.7,"SG"
"FL_US_CHARLEY","1","CHARLEY_2004",2012-01-01,24.7,"FP"
"FL_US_FRANCES","1","FRANCES_US_FL_2004",2012-01-01,24.7,"FP"
"FL_US_IAN","1","IAN_US_FL_2022",2012-01-01,25.1,"FP"
"FL_US_IRMA","1","IRMA_US_FL_2017",2012-01-01,25.7,"FP"
"FL_US_JEANNE","1","JEANNE_US_FL_2004",2012-01-01,24.9,"FP"
"FL_US_MICHAEL","4","MICHAEL_US_FL_2018",2012-01-01,21,"SUS"
"FL_US_WILMA","1","WILMA_US_FL_2005",2012-01-01,25.6,"FP"
"LA_US_GUSTAV","4","GUSTAV_US_LA_2008",2012-01-01,22.6,"SUS"
"LA_US_IDA","4","IDA_US_LA_2009",2012-01-01,22.2,"SUS"
"LA_US_KATRINA","4","KATRINA_US_LA_2005",2012-01-01,21.5,"SUS"
"LA_US_LAURA","4","LAURA_US_LA_2020",2012-01-01,21.1,"SUS"
"LA_US_ZETA","4","ZETA_US_LA_2020",2012-01-01,22,"SUS"
"MX_ERNESTO","5","ERNESTO_MX_2012",2012-01-01,29.6,"SG"
"MX_GRACE","3","GRACE_MX_2021",2012-01-01,26.6,"C"
"MX_TAMPS_EMILY","6","EMILY_TAMPS_MX_2005",2012-01-01,25.9,"WG"
"NC_US_ISABEL","4","ISABEL_US_NC_2003",2012-01-01,15.9,"SUS"
"NIC_ETA","2","ETA_NIC_2020",2012-01-01,29.2,"CA"
"NIC_FELIX","2","FELIX_NIC_2007",2012-01-01,29.3,"CA"
"NIC_IOTA","2","IOTA_NIC_2020",2012-01-01,29.4,"CA"
"PR_USA_MARIA","3","MARIA_US_PR_2017",2012-01-01,30.6,"C"
"QROO_WILMA","3","WILMA_QROO_2005",2012-01-01,29.4,"C"
"TX_US_HARVEY","6","HARVEY_US_TX_2017",2012-01-01,23.1,"WG"
"TX_US_IKE","4","IKE_US_TX_2008",2012-01-01,21.6,"SUS"
"TX_US_RITA","4","RITA_US_TX_2005",2012-01-01,21.5,"SUS"
"US_FL_DELTA","4","DELTA_US_LA_2020",2012-01-01,20.8,"SUS"
"US_FL_DENNIS","4","DENNIS_US_FL_2005",2012-01-01,20.1,"SUS"
"VER_MX_KARL","5","KARL_MX_VER_2010",2012-01-01,30,"SG"
"YUC_DELTA","5","DELTA_YUCATAN_MX_2020",2012-01-01,29.6,"SG"
"YUC_MX_EMILY","5","EMILY_MX_YUC_2005",2012-01-01,30.5,"SG"
"YUC_MX_ISIDORE","5","ISIDORE_MX_YUC_2002",2012-01-01,30.4,"SG"
"AL_US_IVAN","4","IVAN_US_AL_2004",2012-02-01,19.4,"SUS"
"AL_US_SALLY","4","SALLY_US_AL_2020",2012-02-01,19.5,"SUS"
"ALEX","6","ALEX_2010",2012-02-01,25.2,"WG"
"BELICE_RICHARD","3","RICHARD_BELICE_2010",2012-02-01,29.7,"C"
"BELIZE_IRIS","2","IRIS_BELIZE_2001",2012-02-01,29.9,"CA"
"BETA","2","BETA_2005",2012-02-01,29.9,"CA"
"CR_OTTO","2","OTTO_CR_2016",2012-02-01,32,"CA"
"CUBA_DENNIS","3","DENNIS_CUBA_2005",2012-02-01,30.7,"C"
"CUBA_GUSTAV","3","GUSTAV_CUBA_2008",2012-02-01,29.6,"C"
"CUBA_IAN","3","IAN_CUBA_2022",2012-02-01,29.5,"C"
"CUBA_MICHELLE","3","MICHELLE_CUBA_2001",2012-02-01,30.6,"C"
"CUBA_PALOMA","3","PALOMA_CUBA_2008",2012-02-01,30.1,"C"
"CUBA_SANDY","3","SANDY_CUBA_2012",2012-02-01,30.1,"C"
"DEAN_QROO_MX","5","DEAN_QROO_MX_2007",2012-02-01,31.3,"SG"
"FL_US_CHARLEY","1","CHARLEY_2004",2012-02-01,26.1,"FP"
"FL_US_FRANCES","1","FRANCES_US_FL_2004",2012-02-01,26.1,"FP"
"FL_US_IAN","1","IAN_US_FL_2022",2012-02-01,26.5,"FP"
"FL_US_IRMA","1","IRMA_US_FL_2017",2012-02-01,27,"FP"
"FL_US_JEANNE","1","JEANNE_US_FL_2004",2012-02-01,26.1,"FP"
"FL_US_MICHAEL","4","MICHAEL_US_FL_2018",2012-02-01,20.4,"SUS"
"FL_US_WILMA","1","WILMA_US_FL_2005",2012-02-01,26.8,"FP"
"LA_US_GUSTAV","4","GUSTAV_US_LA_2008",2012-02-01,20.4,"SUS"
"LA_US_IDA","4","IDA_US_LA_2009",2012-02-01,20.4,"SUS"
"LA_US_KATRINA","4","KATRINA_US_LA_2005",2012-02-01,19.9,"SUS"
"LA_US_LAURA","4","LAURA_US_LA_2020",2012-02-01,19.9,"SUS"
"LA_US_ZETA","4","ZETA_US_LA_2020",2012-02-01,20.2,"SUS"
"MX_ERNESTO","5","ERNESTO_MX_2012",2012-02-01,31.1,"SG"
"MX_GRACE","3","GRACE_MX_2021",2012-02-01,25.2,"C"
"MX_TAMPS_EMILY","6","EMILY_TAMPS_MX_2005",2012-02-01,24.1,"WG"
"NC_US_ISABEL","4","ISABEL_US_NC_2003",2012-02-01,16.3,"SUS"
"NIC_ETA","2","ETA_NIC_2020",2012-02-01,29.7,"CA"
"NIC_FELIX","2","FELIX_NIC_2007",2012-02-01,29.3,"CA"
"NIC_IOTA","2","IOTA_NIC_2020",2012-02-01,29.8,"CA"
"PR_USA_MARIA","3","MARIA_US_PR_2017",2012-02-01,30.5,"C"
"QROO_WILMA","3","WILMA_QROO_2005",2012-02-01,30.9,"C"
"TX_US_HARVEY","6","HARVEY_US_TX_2017",2012-02-01,21.3,"WG"
"TX_US_IKE","4","IKE_US_TX_2008",2012-02-01,20,"SUS"
"TX_US_RITA","4","RITA_US_TX_2005",2012-02-01,20.5,"SUS"
"US_FL_DELTA","4","DELTA_US_LA_2020",2012-02-01,19.6,"SUS"
"US_FL_DENNIS","4","DENNIS_US_FL_2005",2012-02-01,19.5,"SUS"
"VER_MX_KARL","5","KARL_MX_VER_2010",2012-02-01,28.8,"SG"
"YUC_DELTA","5","DELTA_YUCATAN_MX_2020",2012-02-01,31.6,"SG"
"YUC_MX_EMILY","5","EMILY_MX_YUC_2005",2012-02-01,32.4,"SG"
"YUC_MX_ISIDORE","5","ISIDORE_MX_YUC_2002",2012-02-01,32.7,"SG"
"AL_US_IVAN","4","IVAN_US_AL_2004",2012-03-01,26.2,"SUS"
"AL_US_SALLY","4","SALLY_US_AL_2020",2012-03-01,26,"SUS"
"ALEX","6","ALEX_2010",2012-03-01,30.9,"WG"
"BELICE_RICHARD","3","RICHARD_BELICE_2010",2012-03-01,31.7,"C"
"BELIZE_IRIS","2","IRIS_BELIZE_2001",2012-03-01,32.1,"CA"
"BETA","2","BETA_2005",2012-03-01,31,"CA"
"CR_OTTO","2","OTTO_CR_2016",2012-03-01,32.9,"CA"
"CUBA_DENNIS","3","DENNIS_CUBA_2005",2012-03-01,31.9,"C"
"CUBA_GUSTAV","3","GUSTAV_CUBA_2008",2012-03-01,31.2,"C"
"CUBA_IAN","3","IAN_CUBA_2022",2012-03-01,31.1,"C"
"CUBA_MICHELLE","3","MICHELLE_CUBA_2001",2012-03-01,31.8,"C"
"CUBA_PALOMA","3","PALOMA_CUBA_2008",2012-03-01,31.3,"C"
"CUBA_SANDY","3","SANDY_CUBA_2012",2012-03-01,30.4,"C"
"DEAN_QROO_MX","5","DEAN_QROO_MX_2007",2012-03-01,34.1,"SG"
"FL_US_CHARLEY","1","CHARLEY_2004",2012-03-01,29.2,"FP"
"FL_US_FRANCES","1","FRANCES_US_FL_2004",2012-03-01,29.1,"FP"
"FL_US_IAN","1","IAN_US_FL_2022",2012-03-01,29.3,"FP"
"FL_US_IRMA","1","IRMA_US_FL_2017",2012-03-01,29.4,"FP"
"FL_US_JEANNE","1","JEANNE_US_FL_2004",2012-03-01,29.1,"FP"
"FL_US_MICHAEL","4","MICHAEL_US_FL_2018",2012-03-01,26.9,"SUS"
"FL_US_WILMA","1","WILMA_US_FL_2005",2012-03-01,29.2,"FP"
"LA_US_GUSTAV","4","GUSTAV_US_LA_2008",2012-03-01,26.3,"SUS"
"LA_US_IDA","4","IDA_US_LA_2009",2012-03-01,26.2,"SUS"
"LA_US_KATRINA","4","KATRINA_US_LA_2005",2012-03-01,26,"SUS"
"LA_US_LAURA","4","LAURA_US_LA_2020",2012-03-01,25.9,"SUS"
"LA_US_ZETA","4","ZETA_US_LA_2020",2012-03-01,27.5,"SUS"
"MX_ERNESTO","5","ERNESTO_MX_2012",2012-03-01,34,"SG"
"MX_GRACE","3","GRACE_MX_2021",2012-03-01,29.7,"C"
"MX_TAMPS_EMILY","6","EMILY_TAMPS_MX_2005",2012-03-01,29.9,"WG"
"NC_US_ISABEL","4","ISABEL_US_NC_2003",2012-03-01,22.9,"SUS"
"NIC_ETA","2","ETA_NIC_2020",2012-03-01,31.8,"CA"
"NIC_FELIX","2","FELIX_NIC_2007",2012-03-01,31,"CA"
"NIC_IOTA","2","IOTA_NIC_2020",2012-03-01,31.9,"CA"
"PR_USA_MARIA","3","MARIA_US_PR_2017",2012-03-01,30.8,"C"
"QROO_WILMA","3","WILMA_QROO_2005",2012-03-01,33,"C"
"TX_US_HARVEY","6","HARVEY_US_TX_2017",2012-03-01,26.9,"WG"
"TX_US_IKE","4","IKE_US_TX_2008",2012-03-01,25.6,"SUS"
"TX_US_RITA","4","RITA_US_TX_2005",2012-03-01,26.2,"SUS"
"US_FL_DELTA","4","DELTA_US_LA_2020",2012-03-01,25.9,"SUS"
"US_FL_DENNIS","4","DENNIS_US_FL_2005",2012-03-01,26.2,"SUS"
"VER_MX_KARL","5","KARL_MX_VER_2010",2012-03-01,33.4,"SG"
"YUC_DELTA","5","DELTA_YUCATAN_MX_2020",2012-03-01,34.2,"SG"
"YUC_MX_EMILY","5","EMILY_MX_YUC_2005",2012-03-01,35,"SG"
"YUC_MX_ISIDORE","5","ISIDORE_MX_YUC_2002",2012-03-01,36,"SG"
"AL_US_IVAN","4","IVAN_US_AL_2004",2012-04-01,27.2,"SUS"
"AL_US_SALLY","4","SALLY_US_AL_2020",2012-04-01,26.8,"SUS"
"ALEX","6","ALEX_2010",2012-04-01,34.3,"WG"
"BELICE_RICHARD","3","RICHARD_BELICE_2010",2012-04-01,32.9,"C"
"BELIZE_IRIS","2","IRIS_BELIZE_2001",2012-04-01,33,"CA"
"BETA","2","BETA_2005",2012-04-01,31.6,"CA"
"CR_OTTO","2","OTTO_CR_2016",2012-04-01,33.1,"CA"
"CUBA_DENNIS","3","DENNIS_CUBA_2005",2012-04-01,32,"C"
"CUBA_GUSTAV","3","GUSTAV_CUBA_2008",2012-04-01,30.8,"C"
"CUBA_IAN","3","IAN_CUBA_2022",2012-04-01,30.8,"C"
"CUBA_MICHELLE","3","MICHELLE_CUBA_2001",2012-04-01,31.9,"C"
"CUBA_PALOMA","3","PALOMA_CUBA_2008",2012-04-01,31.6,"C"
"CUBA_SANDY","3","SANDY_CUBA_2012",2012-04-01,31.1,"C"
"DEAN_QROO_MX","5","DEAN_QROO_MX_2007",2012-04-01,34.2,"SG"
"FL_US_CHARLEY","1","CHARLEY_2004",2012-04-01,30,"FP"
"FL_US_FRANCES","1","FRANCES_US_FL_2004",2012-04-01,29.8,"FP"
"FL_US_IAN","1","IAN_US_FL_2022",2012-04-01,30.1,"FP"
"FL_US_IRMA","1","IRMA_US_FL_2017",2012-04-01,30.2,"FP"
"FL_US_JEANNE","1","JEANNE_US_FL_2004",2012-04-01,29.8,"FP"
"FL_US_MICHAEL","4","MICHAEL_US_FL_2018",2012-04-01,28,"SUS"
"FL_US_WILMA","1","WILMA_US_FL_2005",2012-04-01,29.7,"FP"
"LA_US_GUSTAV","4","GUSTAV_US_LA_2008",2012-04-01,27.3,"SUS"
"LA_US_IDA","4","IDA_US_LA_2009",2012-04-01,27.6,"SUS"
"LA_US_KATRINA","4","KATRINA_US_LA_2005",2012-04-01,26.9,"SUS"
"LA_US_LAURA","4","LAURA_US_LA_2020",2012-04-01,27.7,"SUS"
"LA_US_ZETA","4","ZETA_US_LA_2020",2012-04-01,27.9,"SUS"
"MX_ERNESTO","5","ERNESTO_MX_2012",2012-04-01,34.1,"SG"
"MX_GRACE","3","GRACE_MX_2021",2012-04-01,32.2,"C"
"MX_TAMPS_EMILY","6","EMILY_TAMPS_MX_2005",2012-04-01,33.4,"WG"
"NC_US_ISABEL","4","ISABEL_US_NC_2003",2012-04-01,23.2,"SUS"
"NIC_ETA","2","ETA_NIC_2020",2012-04-01,31.9,"CA"
"NIC_FELIX","2","FELIX_NIC_2007",2012-04-01,31.3,"CA"
"NIC_IOTA","2","IOTA_NIC_2020",2012-04-01,32,"CA"
"PR_USA_MARIA","3","MARIA_US_PR_2017",2012-04-01,31.7,"C"
"QROO_WILMA","3","WILMA_QROO_2005",2012-04-01,32.7,"C"
"TX_US_HARVEY","6","HARVEY_US_TX_2017",2012-04-01,30.7,"WG"
"TX_US_IKE","4","IKE_US_TX_2008",2012-04-01,28.5,"SUS"
"TX_US_RITA","4","RITA_US_TX_2005",2012-04-01,28.6,"SUS"
"US_FL_DELTA","4","DELTA_US_LA_2020",2012-04-01,27.5,"SUS"
"US_FL_DENNIS","4","DENNIS_US_FL_2005",2012-04-01,27.2,"SUS"
"VER_MX_KARL","5","KARL_MX_VER_2010",2012-04-01,34.9,"SG"
"YUC_DELTA","5","DELTA_YUCATAN_MX_2020",2012-04-01,34.1,"SG"
"YUC_MX_EMILY","5","EMILY_MX_YUC_2005",2012-04-01,34.8,"SG"
"YUC_MX_ISIDORE","5","ISIDORE_MX_YUC_2002",2012-04-01,35.9,"SG"
"AL_US_IVAN","4","IVAN_US_AL_2004",2012-05-01,31.3,"SUS"
"AL_US_SALLY","4","SALLY_US_AL_2020",2012-05-01,31,"SUS"
"ALEX","6","ALEX_2010",2012-05-01,37.3,"WG"
"BELICE_RICHARD","3","RICHARD_BELICE_2010",2012-05-01,32.1,"C"
"BELIZE_IRIS","2","IRIS_BELIZE_2001",2012-05-01,32.1,"CA"
"BETA","2","BETA_2005",2012-05-01,31.3,"CA"
"CR_OTTO","2","OTTO_CR_2016",2012-05-01,32.3,"CA"
"CUBA_DENNIS","3","DENNIS_CUBA_2005",2012-05-01,32.2,"C"
"CUBA_GUSTAV","3","GUSTAV_CUBA_2008",2012-05-01,31.6,"C"
"CUBA_IAN","3","IAN_CUBA_2022",2012-05-01,31.5,"C"
"CUBA_MICHELLE","3","MICHELLE_CUBA_2001",2012-05-01,32.1,"C"
"CUBA_PALOMA","3","PALOMA_CUBA_2008",2012-05-01,31.8,"C"
"CUBA_SANDY","3","SANDY_CUBA_2012",2012-05-01,31.4,"C"
"DEAN_QROO_MX","5","DEAN_QROO_MX_2007",2012-05-01,34,"SG"
"FL_US_CHARLEY","1","CHARLEY_2004",2012-05-01,32.2,"FP"
"FL_US_FRANCES","1","FRANCES_US_FL_2004",2012-05-01,31.9,"FP"
"FL_US_IAN","1","IAN_US_FL_2022",2012-05-01,32.3,"FP"
"FL_US_IRMA","1","IRMA_US_FL_2017",2012-05-01,32.3,"FP"
"FL_US_JEANNE","1","JEANNE_US_FL_2004",2012-05-01,31.8,"FP"
"FL_US_MICHAEL","4","MICHAEL_US_FL_2018",2012-05-01,31.6,"SUS"
"FL_US_WILMA","1","WILMA_US_FL_2005",2012-05-01,31.7,"FP"
"LA_US_GUSTAV","4","GUSTAV_US_LA_2008",2012-05-01,30.8,"SUS"
"LA_US_IDA","4","IDA_US_LA_2009",2012-05-01,31.2,"SUS"
"LA_US_KATRINA","4","KATRINA_US_LA_2005",2012-05-01,31,"SUS"
"LA_US_LAURA","4","LAURA_US_LA_2020",2012-05-01,31.2,"SUS"
"LA_US_ZETA","4","ZETA_US_LA_2020",2012-05-01,31.5,"SUS"
"MX_ERNESTO","5","ERNESTO_MX_2012",2012-05-01,34,"SG"
"MX_GRACE","3","GRACE_MX_2021",2012-05-01,35.8,"C"
"MX_TAMPS_EMILY","6","EMILY_TAMPS_MX_2005",2012-05-01,36.3,"WG"
"NC_US_ISABEL","4","ISABEL_US_NC_2003",2012-05-01,28.2,"SUS"
"NIC_ETA","2","ETA_NIC_2020",2012-05-01,31.6,"CA"
"NIC_FELIX","2","FELIX_NIC_2007",2012-05-01,31.8,"CA"
"NIC_IOTA","2","IOTA_NIC_2020",2012-05-01,31.7,"CA"
"PR_USA_MARIA","3","MARIA_US_PR_2017",2012-05-01,32,"C"
"QROO_WILMA","3","WILMA_QROO_2005",2012-05-01,32.8,"C"
"TX_US_HARVEY","6","HARVEY_US_TX_2017",2012-05-01,32.3,"WG"
"TX_US_IKE","4","IKE_US_TX_2008",2012-05-01,31.2,"SUS"
"TX_US_RITA","4","RITA_US_TX_2005",2012-05-01,31.5,"SUS"
"US_FL_DELTA","4","DELTA_US_LA_2020",2012-05-01,31.1,"SUS"
"US_FL_DENNIS","4","DENNIS_US_FL_2005",2012-05-01,31.3,"SUS"
"VER_MX_KARL","5","KARL_MX_VER_2010",2012-05-01,37.6,"SG"
"YUC_DELTA","5","DELTA_YUCATAN_MX_2020",2012-05-01,34,"SG"
"YUC_MX_EMILY","5","EMILY_MX_YUC_2005",2012-05-01,34.6,"SG"
"YUC_MX_ISIDORE","5","ISIDORE_MX_YUC_2002",2012-05-01,35.8,"SG"
"AL_US_IVAN","4","IVAN_US_AL_2004",2012-06-01,32.6,"SUS"
"AL_US_SALLY","4","SALLY_US_AL_2020",2012-06-01,31.9,"SUS"
"ALEX","6","ALEX_2010",2012-06-01,37.6,"WG"
"BELICE_RICHARD","3","RICHARD_BELICE_2010",2012-06-01,31.6,"C"
"BELIZE_IRIS","2","IRIS_BELIZE_2001",2012-06-01,32,"CA"
"BETA","2","BETA_2005",2012-06-01,30.2,"CA"
"CR_OTTO","2","OTTO_CR_2016",2012-06-01,31.2,"CA"
"CUBA_DENNIS","3","DENNIS_CUBA_2005",2012-06-01,32,"C"
"CUBA_GUSTAV","3","GUSTAV_CUBA_2008",2012-06-01,31.4,"C"
"CUBA_IAN","3","IAN_CUBA_2022",2012-06-01,31.4,"C"
"CUBA_MICHELLE","3","MICHELLE_CUBA_2001",2012-06-01,32,"C"
"CUBA_PALOMA","3","PALOMA_CUBA_2008",2012-06-01,32,"C"
"CUBA_SANDY","3","SANDY_CUBA_2012",2012-06-01,32.7,"C"
"DEAN_QROO_MX","5","DEAN_QROO_MX_2007",2012-06-01,32.8,"SG"
"FL_US_CHARLEY","1","CHARLEY_2004",2012-06-01,32.2,"FP"
"FL_US_FRANCES","1","FRANCES_US_FL_2004",2012-06-01,32.1,"FP"
"FL_US_IAN","1","IAN_US_FL_2022",2012-06-01,32.3,"FP"
"FL_US_IRMA","1","IRMA_US_FL_2017",2012-06-01,32.3,"FP"
"FL_US_JEANNE","1","JEANNE_US_FL_2004",2012-06-01,32.1,"FP"
"FL_US_MICHAEL","4","MICHAEL_US_FL_2018",2012-06-01,32.2,"SUS"
"FL_US_WILMA","1","WILMA_US_FL_2005",2012-06-01,32,"FP"
"LA_US_GUSTAV","4","GUSTAV_US_LA_2008",2012-06-01,32.5,"SUS"
"LA_US_IDA","4","IDA_US_LA_2009",2012-06-01,32.7,"SUS"
"LA_US_KATRINA","4","KATRINA_US_LA_2005",2012-06-01,32.6,"SUS"
"LA_US_LAURA","4","LAURA_US_LA_2020",2012-06-01,33.9,"SUS"
"LA_US_ZETA","4","ZETA_US_LA_2020",2012-06-01,32.5,"SUS"
"MX_ERNESTO","5","ERNESTO_MX_2012",2012-06-01,32.8,"SG"
"MX_GRACE","3","GRACE_MX_2021",2012-06-01,34.8,"C"
"MX_TAMPS_EMILY","6","EMILY_TAMPS_MX_2005",2012-06-01,37.2,"WG"
"NC_US_ISABEL","4","ISABEL_US_NC_2003",2012-06-01,30.2,"SUS"
"NIC_ETA","2","ETA_NIC_2020",2012-06-01,30,"CA"
"NIC_FELIX","2","FELIX_NIC_2007",2012-06-01,30.4,"CA"
"NIC_IOTA","2","IOTA_NIC_2020",2012-06-01,30.1,"CA"
"PR_USA_MARIA","3","MARIA_US_PR_2017",2012-06-01,33.5,"C"
"QROO_WILMA","3","WILMA_QROO_2005",2012-06-01,32.6,"C"
"TX_US_HARVEY","6","HARVEY_US_TX_2017",2012-06-01,35.8,"WG"
"TX_US_IKE","4","IKE_US_TX_2008",2012-06-01,34.6,"SUS"
"TX_US_RITA","4","RITA_US_TX_2005",2012-06-01,34.5,"SUS"
"US_FL_DELTA","4","DELTA_US_LA_2020",2012-06-01,33.5,"SUS"
"US_FL_DENNIS","4","DENNIS_US_FL_2005",2012-06-01,32.6,"SUS"
"VER_MX_KARL","5","KARL_MX_VER_2010",2012-06-01,34.3,"SG"
"YUC_DELTA","5","DELTA_YUCATAN_MX_2020",2012-06-01,33.2,"SG"
"YUC_MX_EMILY","5","EMILY_MX_YUC_2005",2012-06-01,33.7,"SG"
"YUC_MX_ISIDORE","5","ISIDORE_MX_YUC_2002",2012-06-01,34.4,"SG"
"AL_US_IVAN","4","IVAN_US_AL_2004",2012-07-01,33.9,"SUS"
"AL_US_SALLY","4","SALLY_US_AL_2020",2012-07-01,33.2,"SUS"
"ALEX","6","ALEX_2010",2012-07-01,36.9,"WG"
"BELICE_RICHARD","3","RICHARD_BELICE_2010",2012-07-01,31.8,"C"
"BELIZE_IRIS","2","IRIS_BELIZE_2001",2012-07-01,31.5,"CA"
"BETA","2","BETA_2005",2012-07-01,30.1,"CA"
"CR_OTTO","2","OTTO_CR_2016",2012-07-01,31.5,"CA"
"CUBA_DENNIS","3","DENNIS_CUBA_2005",2012-07-01,33,"C"
"CUBA_GUSTAV","3","GUSTAV_CUBA_2008",2012-07-01,32.2,"C"
"CUBA_IAN","3","IAN_CUBA_2022",2012-07-01,32.2,"C"
"CUBA_MICHELLE","3","MICHELLE_CUBA_2001",2012-07-01,33,"C"
"CUBA_PALOMA","3","PALOMA_CUBA_2008",2012-07-01,33.1,"C"
"CUBA_SANDY","3","SANDY_CUBA_2012",2012-07-01,33.1,"C"
"DEAN_QROO_MX","5","DEAN_QROO_MX_2007",2012-07-01,33.4,"SG"
"FL_US_CHARLEY","1","CHARLEY_2004",2012-07-01,33.7,"FP"
"FL_US_FRANCES","1","FRANCES_US_FL_2004",2012-07-01,33.6,"FP"
"FL_US_IAN","1","IAN_US_FL_2022",2012-07-01,33.8,"FP"
"FL_US_IRMA","1","IRMA_US_FL_2017",2012-07-01,33.6,"FP"
"FL_US_JEANNE","1","JEANNE_US_FL_2004",2012-07-01,33.6,"FP"
"FL_US_MICHAEL","4","MICHAEL_US_FL_2018",2012-07-01,34.2,"SUS"
"FL_US_WILMA","1","WILMA_US_FL_2005",2012-07-01,33.3,"FP"
"LA_US_GUSTAV","4","GUSTAV_US_LA_2008",2012-07-01,32.3,"SUS"
"LA_US_IDA","4","IDA_US_LA_2009",2012-07-01,32.9,"SUS"
"LA_US_KATRINA","4","KATRINA_US_LA_2005",2012-07-01,33.4,"SUS"
"LA_US_LAURA","4","LAURA_US_LA_2020",2012-07-01,33.6,"SUS"
"LA_US_ZETA","4","ZETA_US_LA_2020",2012-07-01,32.9,"SUS"
"MX_ERNESTO","5","ERNESTO_MX_2012",2012-07-01,33.2,"SG"
"MX_GRACE","3","GRACE_MX_2021",2012-07-01,33.9,"C"
"MX_TAMPS_EMILY","6","EMILY_TAMPS_MX_2005",2012-07-01,36.5,"WG"
"NC_US_ISABEL","4","ISABEL_US_NC_2003",2012-07-01,33.9,"SUS"
"NIC_ETA","2","ETA_NIC_2020",2012-07-01,30.3,"CA"
"NIC_FELIX","2","FELIX_NIC_2007",2012-07-01,30.6,"CA"
"NIC_IOTA","2","IOTA_NIC_2020",2012-07-01,30.4,"CA"
"PR_USA_MARIA","3","MARIA_US_PR_2017",2012-07-01,33.3,"C"
"QROO_WILMA","3","WILMA_QROO_2005",2012-07-01,33.7,"C"
"TX_US_HARVEY","6","HARVEY_US_TX_2017",2012-07-01,35.2,"WG"
"TX_US_IKE","4","IKE_US_TX_2008",2012-07-01,34.5,"SUS"
"TX_US_RITA","4","RITA_US_TX_2005",2012-07-01,34.1,"SUS"
"US_FL_DELTA","4","DELTA_US_LA_2020",2012-07-01,33.2,"SUS"
"US_FL_DENNIS","4","DENNIS_US_FL_2005",2012-07-01,33.9,"SUS"
"VER_MX_KARL","5","KARL_MX_VER_2010",2012-07-01,33.2,"SG"
"YUC_DELTA","5","DELTA_YUCATAN_MX_2020",2012-07-01,33.9,"SG"
"YUC_MX_EMILY","5","EMILY_MX_YUC_2005",2012-07-01,34.3,"SG"
"YUC_MX_ISIDORE","5","ISIDORE_MX_YUC_2002",2012-07-01,34.5,"SG"
"AL_US_IVAN","4","IVAN_US_AL_2004",2012-08-01,32.5,"SUS"
"AL_US_SALLY","4","SALLY_US_AL_2020",2012-08-01,31.8,"SUS"
"ALEX","6","ALEX_2010",2012-08-01,37.2,"WG"
"BELICE_RICHARD","3","RICHARD_BELICE_2010",2012-08-01,32.1,"C"
"BELIZE_IRIS","2","IRIS_BELIZE_2001",2012-08-01,31.6,"CA"
"BETA","2","BETA_2005",2012-08-01,29.6,"CA"
"CR_OTTO","2","OTTO_CR_2016",2012-08-01,30.7,"CA"
"CUBA_DENNIS","3","DENNIS_CUBA_2005",2012-08-01,33.5,"C"
"CUBA_GUSTAV","3","GUSTAV_CUBA_2008",2012-08-01,32.6,"C"
"CUBA_IAN","3","IAN_CUBA_2022",2012-08-01,32.7,"C"
"CUBA_MICHELLE","3","MICHELLE_CUBA_2001",2012-08-01,33.5,"C"
"CUBA_PALOMA","3","PALOMA_CUBA_2008",2012-08-01,33.4,"C"
"CUBA_SANDY","3","SANDY_CUBA_2012",2012-08-01,33.8,"C"
"DEAN_QROO_MX","5","DEAN_QROO_MX_2007",2012-08-01,33.6,"SG"
"FL_US_CHARLEY","1","CHARLEY_2004",2012-08-01,33.2,"FP"
"FL_US_FRANCES","1","FRANCES_US_FL_2004",2012-08-01,33.2,"FP"
"FL_US_IAN","1","IAN_US_FL_2022",2012-08-01,33.4,"FP"
"FL_US_IRMA","1","IRMA_US_FL_2017",2012-08-01,33.4,"FP"
"FL_US_JEANNE","1","JEANNE_US_FL_2004",2012-08-01,33.2,"FP"
"FL_US_MICHAEL","4","MICHAEL_US_FL_2018",2012-08-01,32.3,"SUS"
"FL_US_WILMA","1","WILMA_US_FL_2005",2012-08-01,33.3,"FP"
"LA_US_GUSTAV","4","GUSTAV_US_LA_2008",2012-08-01,32.1,"SUS"
"LA_US_IDA","4","IDA_US_LA_2009",2012-08-01,32.3,"SUS"
"LA_US_KATRINA","4","KATRINA_US_LA_2005",2012-08-01,32.6,"SUS"
"LA_US_LAURA","4","LAURA_US_LA_2020",2012-08-01,34.2,"SUS"
"LA_US_ZETA","4","ZETA_US_LA_2020",2012-08-01,32.6,"SUS"
"MX_ERNESTO","5","ERNESTO_MX_2012",2012-08-01,33.5,"SG"
"MX_GRACE","3","GRACE_MX_2021",2012-08-01,33.6,"C"
"MX_TAMPS_EMILY","6","EMILY_TAMPS_MX_2005",2012-08-01,37.3,"WG"
"NC_US_ISABEL","4","ISABEL_US_NC_2003",2012-08-01,31,"SUS"
"NIC_ETA","2","ETA_NIC_2020",2012-08-01,29.9,"CA"
"NIC_FELIX","2","FELIX_NIC_2007",2012-08-01,30.1,"CA"
"NIC_IOTA","2","IOTA_NIC_2020",2012-08-01,29.9,"CA"
"PR_USA_MARIA","3","MARIA_US_PR_2017",2012-08-01,33.3,"C"
"QROO_WILMA","3","WILMA_QROO_2005",2012-08-01,34,"C"
"TX_US_HARVEY","6","HARVEY_US_TX_2017",2012-08-01,37.3,"WG"
"TX_US_IKE","4","IKE_US_TX_2008",2012-08-01,35.7,"SUS"
"TX_US_RITA","4","RITA_US_TX_2005",2012-08-01,35,"SUS"
"US_FL_DELTA","4","DELTA_US_LA_2020",2012-08-01,33.5,"SUS"
"US_FL_DENNIS","4","DENNIS_US_FL_2005",2012-08-01,32.5,"SUS"
"VER_MX_KARL","5","KARL_MX_VER_2010",2012-08-01,32.7,"SG"
"YUC_DELTA","5","DELTA_YUCATAN_MX_2020",2012-08-01,34.1,"SG"
"YUC_MX_EMILY","5","EMILY_MX_YUC_2005",2012-08-01,34.5,"SG"
"YUC_MX_ISIDORE","5","ISIDORE_MX_YUC_2002",2012-08-01,34.8,"SG"
"AL_US_IVAN","4","IVAN_US_AL_2004",2012-09-01,30.9,"SUS"
"AL_US_SALLY","4","SALLY_US_AL_2020",2012-09-01,30.6,"SUS"
"ALEX","6","ALEX_2010",2012-09-01,35.3,"WG"
"BELICE_RICHARD","3","RICHARD_BELICE_2010",2012-09-01,32.9,"C"
"BELIZE_IRIS","2","IRIS_BELIZE_2001",2012-09-01,32.5,"CA"
"BETA","2","BETA_2005",2012-09-01,30,"CA"
"CR_OTTO","2","OTTO_CR_2016",2012-09-01,30.6,"CA"
"CUBA_DENNIS","3","DENNIS_CUBA_2005",2012-09-01,33,"C"
"CUBA_GUSTAV","3","GUSTAV_CUBA_2008",2012-09-01,32,"C"
"CUBA_IAN","3","IAN_CUBA_2022",2012-09-01,32.2,"C"
"CUBA_MICHELLE","3","MICHELLE_CUBA_2001",2012-09-01,33,"C"
"CUBA_PALOMA","3","PALOMA_CUBA_2008",2012-09-01,32.7,"C"
"CUBA_SANDY","3","SANDY_CUBA_2012",2012-09-01,33.1,"C"
"DEAN_QROO_MX","5","DEAN_QROO_MX_2007",2012-09-01,33.8,"SG"
"FL_US_CHARLEY","1","CHARLEY_2004",2012-09-01,32.5,"FP"
"FL_US_FRANCES","1","FRANCES_US_FL_2004",2012-09-01,32.5,"FP"
"FL_US_IAN","1","IAN_US_FL_2022",2012-09-01,32.6,"FP"
"FL_US_IRMA","1","IRMA_US_FL_2017",2012-09-01,32.6,"FP"
"FL_US_JEANNE","1","JEANNE_US_FL_2004",2012-09-01,32.5,"FP"
"FL_US_MICHAEL","4","MICHAEL_US_FL_2018",2012-09-01,31.5,"SUS"
"FL_US_WILMA","1","WILMA_US_FL_2005",2012-09-01,32.6,"FP"
"LA_US_GUSTAV","4","GUSTAV_US_LA_2008",2012-09-01,31,"SUS"
"LA_US_IDA","4","IDA_US_LA_2009",2012-09-01,31.2,"SUS"
"LA_US_KATRINA","4","KATRINA_US_LA_2005",2012-09-01,31.2,"SUS"
"LA_US_LAURA","4","LAURA_US_LA_2020",2012-09-01,31.9,"SUS"
"LA_US_ZETA","4","ZETA_US_LA_2020",2012-09-01,31.2,"SUS"
"MX_ERNESTO","5","ERNESTO_MX_2012",2012-09-01,33.7,"SG"
"MX_GRACE","3","GRACE_MX_2021",2012-09-01,33.4,"C"
"MX_TAMPS_EMILY","6","EMILY_TAMPS_MX_2005",2012-09-01,34.9,"WG"
"NC_US_ISABEL","4","ISABEL_US_NC_2003",2012-09-01,28.5,"SUS"
"NIC_ETA","2","ETA_NIC_2020",2012-09-01,31,"CA"
"NIC_FELIX","2","FELIX_NIC_2007",2012-09-01,31,"CA"
"NIC_IOTA","2","IOTA_NIC_2020",2012-09-01,31,"CA"
"PR_USA_MARIA","3","MARIA_US_PR_2017",2012-09-01,33.8,"C"
"QROO_WILMA","3","WILMA_QROO_2005",2012-09-01,33.5,"C"
"TX_US_HARVEY","6","HARVEY_US_TX_2017",2012-09-01,34.1,"WG"
"TX_US_IKE","4","IKE_US_TX_2008",2012-09-01,32.6,"SUS"
"TX_US_RITA","4","RITA_US_TX_2005",2012-09-01,32.3,"SUS"
"US_FL_DELTA","4","DELTA_US_LA_2020",2012-09-01,31.6,"SUS"
"US_FL_DENNIS","4","DENNIS_US_FL_2005",2012-09-01,30.9,"SUS"
"VER_MX_KARL","5","KARL_MX_VER_2010",2012-09-01,33.5,"SG"
"YUC_DELTA","5","DELTA_YUCATAN_MX_2020",2012-09-01,33.5,"SG"
"YUC_MX_EMILY","5","EMILY_MX_YUC_2005",2012-09-01,34.1,"SG"
"YUC_MX_ISIDORE","5","ISIDORE_MX_YUC_2002",2012-09-01,34.4,"SG"
"AL_US_IVAN","4","IVAN_US_AL_2004",2012-10-01,26.8,"SUS"
"AL_US_SALLY","4","SALLY_US_AL_2020",2012-10-01,26.5,"SUS"
"ALEX","6","ALEX_2010",2012-10-01,32.6,"WG"
"BELICE_RICHARD","3","RICHARD_BELICE_2010",2012-10-01,31.4,"C"
"BELIZE_IRIS","2","IRIS_BELIZE_2001",2012-10-01,30.6,"CA"
"BETA","2","BETA_2005",2012-10-01,30.3,"CA"
"CR_OTTO","2","OTTO_CR_2016",2012-10-01,30.5,"CA"
"CUBA_DENNIS","3","DENNIS_CUBA_2005",2012-10-01,32.1,"C"
"CUBA_GUSTAV","3","GUSTAV_CUBA_2008",2012-10-01,31.1,"C"
"CUBA_IAN","3","IAN_CUBA_2022",2012-10-01,31,"C"
"CUBA_MICHELLE","3","MICHELLE_CUBA_2001",2012-10-01,32.1,"C"
"CUBA_PALOMA","3","PALOMA_CUBA_2008",2012-10-01,32.2,"C"
"CUBA_SANDY","3","SANDY_CUBA_2012",2012-10-01,32.8,"C"
"DEAN_QROO_MX","5","DEAN_QROO_MX_2007",2012-10-01,32,"SG"
"FL_US_CHARLEY","1","CHARLEY_2004",2012-10-01,30.6,"FP"
"FL_US_FRANCES","1","FRANCES_US_FL_2004",2012-10-01,30.2,"FP"
"FL_US_IAN","1","IAN_US_FL_2022",2012-10-01,30.7,"FP"
"FL_US_IRMA","1","IRMA_US_FL_2017",2012-10-01,31,"FP"
"FL_US_JEANNE","1","JEANNE_US_FL_2004",2012-10-01,30.2,"FP"
"FL_US_MICHAEL","4","MICHAEL_US_FL_2018",2012-10-01,27.7,"SUS"
"FL_US_WILMA","1","WILMA_US_FL_2005",2012-10-01,30.9,"FP"
"LA_US_GUSTAV","4","GUSTAV_US_LA_2008",2012-10-01,27.5,"SUS"
"LA_US_IDA","4","IDA_US_LA_2009",2012-10-01,27.5,"SUS"
"LA_US_KATRINA","4","KATRINA_US_LA_2005",2012-10-01,28.1,"SUS"
"LA_US_LAURA","4","LAURA_US_LA_2020",2012-10-01,27.4,"SUS"
"LA_US_ZETA","4","ZETA_US_LA_2020",2012-10-01,27.4,"SUS"
"MX_ERNESTO","5","ERNESTO_MX_2012",2012-10-01,31.9,"SG"
"MX_GRACE","3","GRACE_MX_2021",2012-10-01,31.4,"C"
"MX_TAMPS_EMILY","6","EMILY_TAMPS_MX_2005",2012-10-01,32.3,"WG"
"NC_US_ISABEL","4","ISABEL_US_NC_2003",2012-10-01,23.5,"SUS"
"NIC_ETA","2","ETA_NIC_2020",2012-10-01,30.5,"CA"
"NIC_FELIX","2","FELIX_NIC_2007",2012-10-01,30.5,"CA"
"NIC_IOTA","2","IOTA_NIC_2020",2012-10-01,30.5,"CA"
"PR_USA_MARIA","3","MARIA_US_PR_2017",2012-10-01,33.4,"C"
"QROO_WILMA","3","WILMA_QROO_2005",2012-10-01,31.9,"C"
"TX_US_HARVEY","6","HARVEY_US_TX_2017",2012-10-01,29.7,"WG"
"TX_US_IKE","4","IKE_US_TX_2008",2012-10-01,27.8,"SUS"
"TX_US_RITA","4","RITA_US_TX_2005",2012-10-01,28,"SUS"
"US_FL_DELTA","4","DELTA_US_LA_2020",2012-10-01,27.4,"SUS"
"US_FL_DENNIS","4","DENNIS_US_FL_2005",2012-10-01,26.5,"SUS"
"VER_MX_KARL","5","KARL_MX_VER_2010",2012-10-01,31.8,"SG"
"YUC_DELTA","5","DELTA_YUCATAN_MX_2020",2012-10-01,32,"SG"
"YUC_MX_EMILY","5","EMILY_MX_YUC_2005",2012-10-01,32.7,"SG"
"YUC_MX_ISIDORE","5","ISIDORE_MX_YUC_2002",2012-10-01,32.6,"SG"
"AL_US_IVAN","4","IVAN_US_AL_2004",2012-11-01,21.4,"SUS"
"AL_US_SALLY","4","SALLY_US_AL_2020",2012-11-01,21.1,"SUS"
"ALEX","6","ALEX_2010",2012-11-01,28.6,"WG"
"BELICE_RICHARD","3","RICHARD_BELICE_2010",2012-11-01,30.3,"C"
"BELIZE_IRIS","2","IRIS_BELIZE_2001",2012-11-01,30.1,"CA"
"BETA","2","BETA_2005",2012-11-01,29.2,"CA"
"CR_OTTO","2","OTTO_CR_2016",2012-11-01,30.2,"CA"
"CUBA_DENNIS","3","DENNIS_CUBA_2005",2012-11-01,29.4,"C"
"CUBA_GUSTAV","3","GUSTAV_CUBA_2008",2012-11-01,28.6,"C"
"CUBA_IAN","3","IAN_CUBA_2022",2012-11-01,28.3,"C"
"CUBA_MICHELLE","3","MICHELLE_CUBA_2001",2012-11-01,29.4,"C"
"CUBA_PALOMA","3","PALOMA_CUBA_2008",2012-11-01,30.9,"C"
"CUBA_SANDY","3","SANDY_CUBA_2012",2012-11-01,31.1,"C"
"DEAN_QROO_MX","5","DEAN_QROO_MX_2007",2012-11-01,30.7,"SG"
"FL_US_CHARLEY","1","CHARLEY_2004",2012-11-01,26.4,"FP"
"FL_US_FRANCES","1","FRANCES_US_FL_2004",2012-11-01,25.9,"FP"
"FL_US_IAN","1","IAN_US_FL_2022",2012-11-01,26.7,"FP"
"FL_US_IRMA","1","IRMA_US_FL_2017",2012-11-01,27.1,"FP"
"FL_US_JEANNE","1","JEANNE_US_FL_2004",2012-11-01,26.1,"FP"
"FL_US_MICHAEL","4","MICHAEL_US_FL_2018",2012-11-01,22.4,"SUS"
"FL_US_WILMA","1","WILMA_US_FL_2005",2012-11-01,27,"FP"
"LA_US_GUSTAV","4","GUSTAV_US_LA_2008",2012-11-01,23.5,"SUS"
"LA_US_IDA","4","IDA_US_LA_2009",2012-11-01,23.5,"SUS"
"LA_US_KATRINA","4","KATRINA_US_LA_2005",2012-11-01,23.2,"SUS"
"LA_US_LAURA","4","LAURA_US_LA_2020",2012-11-01,23.7,"SUS"
"LA_US_ZETA","4","ZETA_US_LA_2020",2012-11-01,23.2,"SUS"
"MX_ERNESTO","5","ERNESTO_MX_2012",2012-11-01,30.6,"SG"
"MX_GRACE","3","GRACE_MX_2021",2012-11-01,27.4,"C"
"MX_TAMPS_EMILY","6","EMILY_TAMPS_MX_2005",2012-11-01,28.4,"WG"
"NC_US_ISABEL","4","ISABEL_US_NC_2003",2012-11-01,16.5,"SUS"
"NIC_ETA","2","ETA_NIC_2020",2012-11-01,29.5,"CA"
"NIC_FELIX","2","FELIX_NIC_2007",2012-11-01,29.5,"CA"
"NIC_IOTA","2","IOTA_NIC_2020",2012-11-01,29.5,"CA"
"PR_USA_MARIA","3","MARIA_US_PR_2017",2012-11-01,32.6,"C"
"QROO_WILMA","3","WILMA_QROO_2005",2012-11-01,30,"C"
"TX_US_HARVEY","6","HARVEY_US_TX_2017",2012-11-01,27,"WG"
"TX_US_IKE","4","IKE_US_TX_2008",2012-11-01,24.9,"SUS"
"TX_US_RITA","4","RITA_US_TX_2005",2012-11-01,24.6,"SUS"
"US_FL_DELTA","4","DELTA_US_LA_2020",2012-11-01,23.4,"SUS"
"US_FL_DENNIS","4","DENNIS_US_FL_2005",2012-11-01,21.2,"SUS"
"VER_MX_KARL","5","KARL_MX_VER_2010",2012-11-01,29.6,"SG"
"YUC_DELTA","5","DELTA_YUCATAN_MX_2020",2012-11-01,30.3,"SG"
"YUC_MX_EMILY","5","EMILY_MX_YUC_2005",2012-11-01,31.3,"SG"
"YUC_MX_ISIDORE","5","ISIDORE_MX_YUC_2002",2012-11-01,31.5,"SG"
"AL_US_IVAN","4","IVAN_US_AL_2004",2012-12-01,19.7,"SUS"
"AL_US_SALLY","4","SALLY_US_AL_2020",2012-12-01,19.8,"SUS"
"ALEX","6","ALEX_2010",2012-12-01,27.8,"WG"
"BELICE_RICHARD","3","RICHARD_BELICE_2010",2012-12-01,30.5,"C"
"BELIZE_IRIS","2","IRIS_BELIZE_2001",2012-12-01,29.8,"CA"
"BETA","2","BETA_2005",2012-12-01,29.3,"CA"
"CR_OTTO","2","OTTO_CR_2016",2012-12-01,31.1,"CA"
"CUBA_DENNIS","3","DENNIS_CUBA_2005",2012-12-01,30.7,"C"
"CUBA_GUSTAV","3","GUSTAV_CUBA_2008",2012-12-01,29.6,"C"
"CUBA_IAN","3","IAN_CUBA_2022",2012-12-01,29.3,"C"
"CUBA_MICHELLE","3","MICHELLE_CUBA_2001",2012-12-01,30.6,"C"
"CUBA_PALOMA","3","PALOMA_CUBA_2008",2012-12-01,30.2,"C"
"CUBA_SANDY","3","SANDY_CUBA_2012",2012-12-01,30.5,"C"
"DEAN_QROO_MX","5","DEAN_QROO_MX_2007",2012-12-01,31.1,"SG"
"FL_US_CHARLEY","1","CHARLEY_2004",2012-12-01,26.4,"FP"
"FL_US_FRANCES","1","FRANCES_US_FL_2004",2012-12-01,26.1,"FP"
"FL_US_IAN","1","IAN_US_FL_2022",2012-12-01,26.6,"FP"
"FL_US_IRMA","1","IRMA_US_FL_2017",2012-12-01,27.2,"FP"
"FL_US_JEANNE","1","JEANNE_US_FL_2004",2012-12-01,26.3,"FP"
"FL_US_MICHAEL","4","MICHAEL_US_FL_2018",2012-12-01,21.2,"SUS"
"FL_US_WILMA","1","WILMA_US_FL_2005",2012-12-01,27.1,"FP"
"LA_US_GUSTAV","4","GUSTAV_US_LA_2008",2012-12-01,21.9,"SUS"
"LA_US_IDA","4","IDA_US_LA_2009",2012-12-01,21.9,"SUS"
"LA_US_KATRINA","4","KATRINA_US_LA_2005",2012-12-01,21.3,"SUS"
"LA_US_LAURA","4","LAURA_US_LA_2020",2012-12-01,20.8,"SUS"
"LA_US_ZETA","4","ZETA_US_LA_2020",2012-12-01,21.6,"SUS"
"MX_ERNESTO","5","ERNESTO_MX_2012",2012-12-01,31,"SG"
"MX_GRACE","3","GRACE_MX_2021",2012-12-01,27.4,"C"
"MX_TAMPS_EMILY","6","EMILY_TAMPS_MX_2005",2012-12-01,27,"WG"
"NC_US_ISABEL","4","ISABEL_US_NC_2003",2012-12-01,17,"SUS"
"NIC_ETA","2","ETA_NIC_2020",2012-12-01,29.2,"CA"
"NIC_FELIX","2","FELIX_NIC_2007",2012-12-01,29.6,"CA"
"NIC_IOTA","2","IOTA_NIC_2020",2012-12-01,29.2,"CA"
"PR_USA_MARIA","3","MARIA_US_PR_2017",2012-12-01,31.7,"C"
"QROO_WILMA","3","WILMA_QROO_2005",2012-12-01,31,"C"
"TX_US_HARVEY","6","HARVEY_US_TX_2017",2012-12-01,23.6,"WG"
"TX_US_IKE","4","IKE_US_TX_2008",2012-12-01,21.9,"SUS"
"TX_US_RITA","4","RITA_US_TX_2005",2012-12-01,21.5,"SUS"
"US_FL_DELTA","4","DELTA_US_LA_2020",2012-12-01,20.7,"SUS"
"US_FL_DENNIS","4","DENNIS_US_FL_2005",2012-12-01,19.8,"SUS"
"VER_MX_KARL","5","KARL_MX_VER_2010",2012-12-01,30.9,"SG"
"YUC_DELTA","5","DELTA_YUCATAN_MX_2020",2012-12-01,31.4,"SG"
"YUC_MX_EMILY","5","EMILY_MX_YUC_2005",2012-12-01,32.2,"SG"
"YUC_MX_ISIDORE","5","ISIDORE_MX_YUC_2002",2012-12-01,31.9,"SG"
"AL_US_IVAN","4","IVAN_US_AL_2004",2013-01-01,18.7,"SUS"
"AL_US_SALLY","4","SALLY_US_AL_2020",2013-01-01,18.8,"SUS"
"ALEX","6","ALEX_2010",2013-01-01,24.5,"WG"
"BELICE_RICHARD","3","RICHARD_BELICE_2010",2013-01-01,28.9,"C"
"BELIZE_IRIS","2","IRIS_BELIZE_2001",2013-01-01,28.5,"CA"
"BETA","2","BETA_2005",2013-01-01,29.6,"CA"
"CR_OTTO","2","OTTO_CR_2016",2013-01-01,32.3,"CA"
"CUBA_DENNIS","3","DENNIS_CUBA_2005",2013-01-01,30.7,"C"
"CUBA_GUSTAV","3","GUSTAV_CUBA_2008",2013-01-01,29.9,"C"
"CUBA_IAN","3","IAN_CUBA_2022",2013-01-01,29.6,"C"
"CUBA_MICHELLE","3","MICHELLE_CUBA_2001",2013-01-01,30.5,"C"
"CUBA_PALOMA","3","PALOMA_CUBA_2008",2013-01-01,29.8,"C"
"CUBA_SANDY","3","SANDY_CUBA_2012",2013-01-01,30,"C"
"DEAN_QROO_MX","5","DEAN_QROO_MX_2007",2013-01-01,29.7,"SG"
"FL_US_CHARLEY","1","CHARLEY_2004",2013-01-01,26.4,"FP"
"FL_US_FRANCES","1","FRANCES_US_FL_2004",2013-01-01,26.4,"FP"
"FL_US_IAN","1","IAN_US_FL_2022",2013-01-01,26.8,"FP"
"FL_US_IRMA","1","IRMA_US_FL_2017",2013-01-01,27.4,"FP"
"FL_US_JEANNE","1","JEANNE_US_FL_2004",2013-01-01,26.6,"FP"
"FL_US_MICHAEL","4","MICHAEL_US_FL_2018",2013-01-01,21,"SUS"
"FL_US_WILMA","1","WILMA_US_FL_2005",2013-01-01,27.3,"FP"
"LA_US_GUSTAV","4","GUSTAV_US_LA_2008",2013-01-01,20.1,"SUS"
"LA_US_IDA","4","IDA_US_LA_2009",2013-01-01,19.6,"SUS"
"LA_US_KATRINA","4","KATRINA_US_LA_2005",2013-01-01,19.4,"SUS"
"LA_US_LAURA","4","LAURA_US_LA_2020",2013-01-01,18,"SUS"
"LA_US_ZETA","4","ZETA_US_LA_2020",2013-01-01,19.4,"SUS"
"MX_ERNESTO","5","ERNESTO_MX_2012",2013-01-01,29.6,"SG"
"MX_GRACE","3","GRACE_MX_2021",2013-01-01,25.4,"C"
"MX_TAMPS_EMILY","6","EMILY_TAMPS_MX_2005",2013-01-01,23.2,"WG"
"NC_US_ISABEL","4","ISABEL_US_NC_2003",2013-01-01,14.7,"SUS"
"NIC_ETA","2","ETA_NIC_2020",2013-01-01,29.3,"CA"
"NIC_FELIX","2","FELIX_NIC_2007",2013-01-01,29.6,"CA"
"NIC_IOTA","2","IOTA_NIC_2020",2013-01-01,29.5,"CA"
"PR_USA_MARIA","3","MARIA_US_PR_2017",2013-01-01,31,"C"
"QROO_WILMA","3","WILMA_QROO_2005",2013-01-01,30.1,"C"
"TX_US_HARVEY","6","HARVEY_US_TX_2017",2013-01-01,20.6,"WG"
"TX_US_IKE","4","IKE_US_TX_2008",2013-01-01,18.8,"SUS"
"TX_US_RITA","4","RITA_US_TX_2005",2013-01-01,18.5,"SUS"
"US_FL_DELTA","4","DELTA_US_LA_2020",2013-01-01,17.8,"SUS"
"US_FL_DENNIS","4","DENNIS_US_FL_2005",2013-01-01,18.8,"SUS"
"VER_MX_KARL","5","KARL_MX_VER_2010",2013-01-01,28.9,"SG"
"YUC_DELTA","5","DELTA_YUCATAN_MX_2020",2013-01-01,30.1,"SG"
"YUC_MX_EMILY","5","EMILY_MX_YUC_2005",2013-01-01,30.8,"SG"
"YUC_MX_ISIDORE","5","ISIDORE_MX_YUC_2002",2013-01-01,30.6,"SG"
"AL_US_IVAN","4","IVAN_US_AL_2004",2013-02-01,18.3,"SUS"
"AL_US_SALLY","4","SALLY_US_AL_2020",2013-02-01,18.4,"SUS"
"ALEX","6","ALEX_2010",2013-02-01,28.8,"WG"
"BELICE_RICHARD","3","RICHARD_BELICE_2010",2013-02-01,30.5,"C"
"BELIZE_IRIS","2","IRIS_BELIZE_2001",2013-02-01,30.7,"CA"
"BETA","2","BETA_2005",2013-02-01,30.2,"CA"
"CR_OTTO","2","OTTO_CR_2016",2013-02-01,32.5,"CA"
"CUBA_DENNIS","3","DENNIS_CUBA_2005",2013-02-01,30.3,"C"
"CUBA_GUSTAV","3","GUSTAV_CUBA_2008",2013-02-01,29.2,"C"
"CUBA_IAN","3","IAN_CUBA_2022",2013-02-01,29.1,"C"
"CUBA_MICHELLE","3","MICHELLE_CUBA_2001",2013-02-01,30.3,"C"
"CUBA_PALOMA","3","PALOMA_CUBA_2008",2013-02-01,29.8,"C"
"CUBA_SANDY","3","SANDY_CUBA_2012",2013-02-01,30.1,"C"
"DEAN_QROO_MX","5","DEAN_QROO_MX_2007",2013-02-01,32,"SG"
"FL_US_CHARLEY","1","CHARLEY_2004",2013-02-01,25.7,"FP"
"FL_US_FRANCES","1","FRANCES_US_FL_2004",2013-02-01,25.8,"FP"
"FL_US_IAN","1","IAN_US_FL_2022",2013-02-01,26.1,"FP"
"FL_US_IRMA","1","IRMA_US_FL_2017",2013-02-01,26.7,"FP"
"FL_US_JEANNE","1","JEANNE_US_FL_2004",2013-02-01,25.9,"FP"
"FL_US_MICHAEL","4","MICHAEL_US_FL_2018",2013-02-01,19.4,"SUS"
"FL_US_WILMA","1","WILMA_US_FL_2005",2013-02-01,26.6,"FP"
"LA_US_GUSTAV","4","GUSTAV_US_LA_2008",2013-02-01,19.7,"SUS"
"LA_US_IDA","4","IDA_US_LA_2009",2013-02-01,19.7,"SUS"
"LA_US_KATRINA","4","KATRINA_US_LA_2005",2013-02-01,18.9,"SUS"
"LA_US_LAURA","4","LAURA_US_LA_2020",2013-02-01,19.9,"SUS"
"LA_US_ZETA","4","ZETA_US_LA_2020",2013-02-01,19.4,"SUS"
"MX_ERNESTO","5","ERNESTO_MX_2012",2013-02-01,31.9,"SG"
"MX_GRACE","3","GRACE_MX_2021",2013-02-01,28.4,"C"
"MX_TAMPS_EMILY","6","EMILY_TAMPS_MX_2005",2013-02-01,27.6,"WG"
"NC_US_ISABEL","4","ISABEL_US_NC_2003",2013-02-01,13.3,"SUS"
"NIC_ETA","2","ETA_NIC_2020",2013-02-01,30.3,"CA"
"NIC_FELIX","2","FELIX_NIC_2007",2013-02-01,29.8,"CA"
"NIC_IOTA","2","IOTA_NIC_2020",2013-02-01,30.4,"CA"
"PR_USA_MARIA","3","MARIA_US_PR_2017",2013-02-01,30.9,"C"
"QROO_WILMA","3","WILMA_QROO_2005",2013-02-01,31.1,"C"
"TX_US_HARVEY","6","HARVEY_US_TX_2017",2013-02-01,23.6,"WG"
"TX_US_IKE","4","IKE_US_TX_2008",2013-02-01,21,"SUS"
"TX_US_RITA","4","RITA_US_TX_2005",2013-02-01,20.9,"SUS"
"US_FL_DELTA","4","DELTA_US_LA_2020",2013-02-01,19.5,"SUS"
"US_FL_DENNIS","4","DENNIS_US_FL_2005",2013-02-01,18.4,"SUS"
"VER_MX_KARL","5","KARL_MX_VER_2010",2013-02-01,31.6,"SG"
"YUC_DELTA","5","DELTA_YUCATAN_MX_2020",2013-02-01,31.9,"SG"
"YUC_MX_EMILY","5","EMILY_MX_YUC_2005",2013-02-01,32.9,"SG"
"YUC_MX_ISIDORE","5","ISIDORE_MX_YUC_2002",2013-02-01,33.1,"SG"
"AL_US_IVAN","4","IVAN_US_AL_2004",2013-03-01,19.9,"SUS"
"AL_US_SALLY","4","SALLY_US_AL_2020",2013-03-01,19.8,"SUS"
"ALEX","6","ALEX_2010",2013-03-01,30,"WG"
"BELICE_RICHARD","3","RICHARD_BELICE_2010",2013-03-01,30.6,"C"
"BELIZE_IRIS","2","IRIS_BELIZE_2001",2013-03-01,31.5,"CA"
"BETA","2","BETA_2005",2013-03-01,31.1,"CA"
"CR_OTTO","2","OTTO_CR_2016",2013-03-01,33.7,"CA"
"CUBA_DENNIS","3","DENNIS_CUBA_2005",2013-03-01,28.9,"C"
"CUBA_GUSTAV","3","GUSTAV_CUBA_2008",2013-03-01,27.4,"C"
"CUBA_IAN","3","IAN_CUBA_2022",2013-03-01,27.4,"C"
"CUBA_MICHELLE","3","MICHELLE_CUBA_2001",2013-03-01,28.9,"C"
"CUBA_PALOMA","3","PALOMA_CUBA_2008",2013-03-01,30.2,"C"
"CUBA_SANDY","3","SANDY_CUBA_2012",2013-03-01,30.5,"C"
"DEAN_QROO_MX","5","DEAN_QROO_MX_2007",2013-03-01,32.3,"SG"
"FL_US_CHARLEY","1","CHARLEY_2004",2013-03-01,24.6,"FP"
"FL_US_FRANCES","1","FRANCES_US_FL_2004",2013-03-01,24.6,"FP"
"FL_US_IAN","1","IAN_US_FL_2022",2013-03-01,24.9,"FP"
"FL_US_IRMA","1","IRMA_US_FL_2017",2013-03-01,25.3,"FP"
"FL_US_JEANNE","1","JEANNE_US_FL_2004",2013-03-01,24.6,"FP"
"FL_US_MICHAEL","4","MICHAEL_US_FL_2018",2013-03-01,20.2,"SUS"
"FL_US_WILMA","1","WILMA_US_FL_2005",2013-03-01,25.2,"FP"
"LA_US_GUSTAV","4","GUSTAV_US_LA_2008",2013-03-01,21.1,"SUS"
"LA_US_IDA","4","IDA_US_LA_2009",2013-03-01,20.7,"SUS"
"LA_US_KATRINA","4","KATRINA_US_LA_2005",2013-03-01,20.1,"SUS"
"LA_US_LAURA","4","LAURA_US_LA_2020",2013-03-01,21.7,"SUS"
"LA_US_ZETA","4","ZETA_US_LA_2020",2013-03-01,21.8,"SUS"
"MX_ERNESTO","5","ERNESTO_MX_2012",2013-03-01,32.3,"SG"
"MX_GRACE","3","GRACE_MX_2021",2013-03-01,28.3,"C"
"MX_TAMPS_EMILY","6","EMILY_TAMPS_MX_2005",2013-03-01,28.9,"WG"
"NC_US_ISABEL","4","ISABEL_US_NC_2003",2013-03-01,14.8,"SUS"
"NIC_ETA","2","ETA_NIC_2020",2013-03-01,31.9,"CA"
"NIC_FELIX","2","FELIX_NIC_2007",2013-03-01,31.1,"CA"
"NIC_IOTA","2","IOTA_NIC_2020",2013-03-01,32,"CA"
"PR_USA_MARIA","3","MARIA_US_PR_2017",2013-03-01,31.1,"C"
"QROO_WILMA","3","WILMA_QROO_2005",2013-03-01,30.2,"C"
"TX_US_HARVEY","6","HARVEY_US_TX_2017",2013-03-01,25.9,"WG"
"TX_US_IKE","4","IKE_US_TX_2008",2013-03-01,22.8,"SUS"
"TX_US_RITA","4","RITA_US_TX_2005",2013-03-01,22.6,"SUS"
"US_FL_DELTA","4","DELTA_US_LA_2020",2013-03-01,21.1,"SUS"
"US_FL_DENNIS","4","DENNIS_US_FL_2005",2013-03-01,19.9,"SUS"
"VER_MX_KARL","5","KARL_MX_VER_2010",2013-03-01,31.3,"SG"
"YUC_DELTA","5","DELTA_YUCATAN_MX_2020",2013-03-01,31.4,"SG"
"YUC_MX_EMILY","5","EMILY_MX_YUC_2005",2013-03-01,32.6,"SG"
"YUC_MX_ISIDORE","5","ISIDORE_MX_YUC_2002",2013-03-01,33.6,"SG"
"AL_US_IVAN","4","IVAN_US_AL_2004",2013-04-01,25.1,"SUS"
"AL_US_SALLY","4","SALLY_US_AL_2020",2013-04-01,24.8,"SUS"
"ALEX","6","ALEX_2010",2013-04-01,33.4,"WG"
"BELICE_RICHARD","3","RICHARD_BELICE_2010",2013-04-01,33.2,"C"
"BELIZE_IRIS","2","IRIS_BELIZE_2001",2013-04-01,33.3,"CA"
"BETA","2","BETA_2005",2013-04-01,32.4,"CA"
"CR_OTTO","2","OTTO_CR_2016",2013-04-01,34.1,"CA"
"CUBA_DENNIS","3","DENNIS_CUBA_2005",2013-04-01,32.9,"C"
"CUBA_GUSTAV","3","GUSTAV_CUBA_2008",2013-04-01,31.7,"C"
"CUBA_IAN","3","IAN_CUBA_2022",2013-04-01,31.6,"C"
"CUBA_MICHELLE","3","MICHELLE_CUBA_2001",2013-04-01,32.8,"C"
"CUBA_PALOMA","3","PALOMA_CUBA_2008",2013-04-01,32.2,"C"
"CUBA_SANDY","3","SANDY_CUBA_2012",2013-04-01,31.6,"C"
"DEAN_QROO_MX","5","DEAN_QROO_MX_2007",2013-04-01,34.6,"SG"
"FL_US_CHARLEY","1","CHARLEY_2004",2013-04-01,30.5,"FP"
"FL_US_FRANCES","1","FRANCES_US_FL_2004",2013-04-01,30,"FP"
"FL_US_IAN","1","IAN_US_FL_2022",2013-04-01,30.6,"FP"
"FL_US_IRMA","1","IRMA_US_FL_2017",2013-04-01,30.7,"FP"
"FL_US_JEANNE","1","JEANNE_US_FL_2004",2013-04-01,30.1,"FP"
"FL_US_MICHAEL","4","MICHAEL_US_FL_2018",2013-04-01,26,"SUS"
"FL_US_WILMA","1","WILMA_US_FL_2005",2013-04-01,30.3,"FP"
"LA_US_GUSTAV","4","GUSTAV_US_LA_2008",2013-04-01,24.6,"SUS"
"LA_US_IDA","4","IDA_US_LA_2009",2013-04-01,24.9,"SUS"
"LA_US_KATRINA","4","KATRINA_US_LA_2005",2013-04-01,24.6,"SUS"
"LA_US_LAURA","4","LAURA_US_LA_2020",2013-04-01,24.8,"SUS"
"LA_US_ZETA","4","ZETA_US_LA_2020",2013-04-01,25.5,"SUS"
"MX_ERNESTO","5","ERNESTO_MX_2012",2013-04-01,34.6,"SG"
"MX_GRACE","3","GRACE_MX_2021",2013-04-01,33.1,"C"
"MX_TAMPS_EMILY","6","EMILY_TAMPS_MX_2005",2013-04-01,31.7,"WG"
"NC_US_ISABEL","4","ISABEL_US_NC_2003",2013-04-01,22.6,"SUS"
"NIC_ETA","2","ETA_NIC_2020",2013-04-01,32.3,"CA"
"NIC_FELIX","2","FELIX_NIC_2007",2013-04-01,31.8,"CA"
"NIC_IOTA","2","IOTA_NIC_2020",2013-04-01,32.5,"CA"
"PR_USA_MARIA","3","MARIA_US_PR_2017",2013-04-01,31.8,"C"
"QROO_WILMA","3","WILMA_QROO_2005",2013-04-01,33.3,"C"
"TX_US_HARVEY","6","HARVEY_US_TX_2017",2013-04-01,27.3,"WG"
"TX_US_IKE","4","IKE_US_TX_2008",2013-04-01,25.1,"SUS"
"TX_US_RITA","4","RITA_US_TX_2005",2013-04-01,25.4,"SUS"
"US_FL_DELTA","4","DELTA_US_LA_2020",2013-04-01,24.9,"SUS"
"US_FL_DENNIS","4","DENNIS_US_FL_2005",2013-04-01,25.1,"SUS"
"VER_MX_KARL","5","KARL_MX_VER_2010",2013-04-01,36,"SG"
"YUC_DELTA","5","DELTA_YUCATAN_MX_2020",2013-04-01,34.8,"SG"
"YUC_MX_EMILY","5","EMILY_MX_YUC_2005",2013-04-01,35.5,"SG"
"YUC_MX_ISIDORE","5","ISIDORE_MX_YUC_2002",2013-04-01,36.4,"SG"
"AL_US_IVAN","4","IVAN_US_AL_2004",2013-05-01,27.8,"SUS"
"AL_US_SALLY","4","SALLY_US_AL_2020",2013-05-01,27.7,"SUS"
"ALEX","6","ALEX_2010",2013-05-01,35,"WG"
"BELICE_RICHARD","3","RICHARD_BELICE_2010",2013-05-01,32.8,"C"
"BELIZE_IRIS","2","IRIS_BELIZE_2001",2013-05-01,33.2,"CA"
"BETA","2","BETA_2005",2013-05-01,31.7,"CA"
"CR_OTTO","2","OTTO_CR_2016",2013-05-01,32.2,"CA"
"CUBA_DENNIS","3","DENNIS_CUBA_2005",2013-05-01,32.2,"C"
"CUBA_GUSTAV","3","GUSTAV_CUBA_2008",2013-05-01,31.7,"C"
"CUBA_IAN","3","IAN_CUBA_2022",2013-05-01,31.7,"C"
"CUBA_MICHELLE","3","MICHELLE_CUBA_2001",2013-05-01,32.1,"C"
"CUBA_PALOMA","3","PALOMA_CUBA_2008",2013-05-01,31.5,"C"
"CUBA_SANDY","3","SANDY_CUBA_2012",2013-05-01,31.1,"C"
"DEAN_QROO_MX","5","DEAN_QROO_MX_2007",2013-05-01,34.6,"SG"
"FL_US_CHARLEY","1","CHARLEY_2004",2013-05-01,31.3,"FP"
"FL_US_FRANCES","1","FRANCES_US_FL_2004",2013-05-01,30.7,"FP"
"FL_US_IAN","1","IAN_US_FL_2022",2013-05-01,31.4,"FP"
"FL_US_IRMA","1","IRMA_US_FL_2017",2013-05-01,31.4,"FP"
"FL_US_JEANNE","1","JEANNE_US_FL_2004",2013-05-01,30.7,"FP"
"FL_US_MICHAEL","4","MICHAEL_US_FL_2018",2013-05-01,28.7,"SUS"
"FL_US_WILMA","1","WILMA_US_FL_2005",2013-05-01,30.9,"FP"
"LA_US_GUSTAV","4","GUSTAV_US_LA_2008",2013-05-01,27.6,"SUS"
"LA_US_IDA","4","IDA_US_LA_2009",2013-05-01,28,"SUS"
"LA_US_KATRINA","4","KATRINA_US_LA_2005",2013-05-01,27.6,"SUS"
"LA_US_LAURA","4","LAURA_US_LA_2020",2013-05-01,28.7,"SUS"
"LA_US_ZETA","4","ZETA_US_LA_2020",2013-05-01,28.2,"SUS"
"MX_ERNESTO","5","ERNESTO_MX_2012",2013-05-01,34.6,"SG"
"MX_GRACE","3","GRACE_MX_2021",2013-05-01,33.7,"C"
"MX_TAMPS_EMILY","6","EMILY_TAMPS_MX_2005",2013-05-01,34.1,"WG"
"NC_US_ISABEL","4","ISABEL_US_NC_2003",2013-05-01,26,"SUS"
"NIC_ETA","2","ETA_NIC_2020",2013-05-01,32.1,"CA"
"NIC_FELIX","2","FELIX_NIC_2007",2013-05-01,32,"CA"
"NIC_IOTA","2","IOTA_NIC_2020",2013-05-01,32.2,"CA"
"PR_USA_MARIA","3","MARIA_US_PR_2017",2013-05-01,32.1,"C"
"QROO_WILMA","3","WILMA_QROO_2005",2013-05-01,33.3,"C"
"TX_US_HARVEY","6","HARVEY_US_TX_2017",2013-05-01,30.7,"WG"
"TX_US_IKE","4","IKE_US_TX_2008",2013-05-01,29.3,"SUS"
"TX_US_RITA","4","RITA_US_TX_2005",2013-05-01,29.3,"SUS"
"US_FL_DELTA","4","DELTA_US_LA_2020",2013-05-01,28.3,"SUS"
"US_FL_DENNIS","4","DENNIS_US_FL_2005",2013-05-01,27.8,"SUS"
"VER_MX_KARL","5","KARL_MX_VER_2010",2013-05-01,35.4,"SG"
"YUC_DELTA","5","DELTA_YUCATAN_MX_2020",2013-05-01,34.5,"SG"
"YUC_MX_EMILY","5","EMILY_MX_YUC_2005",2013-05-01,35.2,"SG"
"YUC_MX_ISIDORE","5","ISIDORE_MX_YUC_2002",2013-05-01,36.3,"SG"
"AL_US_IVAN","4","IVAN_US_AL_2004",2013-06-01,32.5,"SUS"
"AL_US_SALLY","4","SALLY_US_AL_2020",2013-06-01,32,"SUS"
"ALEX","6","ALEX_2010",2013-06-01,37.6,"WG"
"BELICE_RICHARD","3","RICHARD_BELICE_2010",2013-06-01,31.6,"C"
"BELIZE_IRIS","2","IRIS_BELIZE_2001",2013-06-01,31.9,"CA"
"BETA","2","BETA_2005",2013-06-01,29.8,"CA"
"CR_OTTO","2","OTTO_CR_2016",2013-06-01,30.7,"CA"
"CUBA_DENNIS","3","DENNIS_CUBA_2005",2013-06-01,32.5,"C"
"CUBA_GUSTAV","3","GUSTAV_CUBA_2008",2013-06-01,31.9,"C"
"CUBA_IAN","3","IAN_CUBA_2022",2013-06-01,31.9,"C"
"CUBA_MICHELLE","3","MICHELLE_CUBA_2001",2013-06-01,32.5,"C"
"CUBA_PALOMA","3","PALOMA_CUBA_2008",2013-06-01,32.3,"C"
"CUBA_SANDY","3","SANDY_CUBA_2012",2013-06-01,32.9,"C"
"DEAN_QROO_MX","5","DEAN_QROO_MX_2007",2013-06-01,32.8,"SG"
"FL_US_CHARLEY","1","CHARLEY_2004",2013-06-01,32.8,"FP"
"FL_US_FRANCES","1","FRANCES_US_FL_2004",2013-06-01,32.7,"FP"
"FL_US_IAN","1","IAN_US_FL_2022",2013-06-01,32.9,"FP"
"FL_US_IRMA","1","IRMA_US_FL_2017",2013-06-01,32.9,"FP"
"FL_US_JEANNE","1","JEANNE_US_FL_2004",2013-06-01,32.7,"FP"
"FL_US_MICHAEL","4","MICHAEL_US_FL_2018",2013-06-01,32.4,"SUS"
"FL_US_WILMA","1","WILMA_US_FL_2005",2013-06-01,32.5,"FP"
"LA_US_GUSTAV","4","GUSTAV_US_LA_2008",2013-06-01,32.2,"SUS"
"LA_US_IDA","4","IDA_US_LA_2009",2013-06-01,32.5,"SUS"
"LA_US_KATRINA","4","KATRINA_US_LA_2005",2013-06-01,32.4,"SUS"
"LA_US_LAURA","4","LAURA_US_LA_2020",2013-06-01,33.5,"SUS"
"LA_US_ZETA","4","ZETA_US_LA_2020",2013-06-01,32.3,"SUS"
"MX_ERNESTO","5","ERNESTO_MX_2012",2013-06-01,32.8,"SG"
"MX_GRACE","3","GRACE_MX_2021",2013-06-01,35,"C"
"MX_TAMPS_EMILY","6","EMILY_TAMPS_MX_2005",2013-06-01,36.9,"WG"
"NC_US_ISABEL","4","ISABEL_US_NC_2003",2013-06-01,30.4,"SUS"
"NIC_ETA","2","ETA_NIC_2020",2013-06-01,29.9,"CA"
"NIC_FELIX","2","FELIX_NIC_2007",2013-06-01,30.2,"CA"
"NIC_IOTA","2","IOTA_NIC_2020",2013-06-01,29.9,"CA"
"PR_USA_MARIA","3","MARIA_US_PR_2017",2013-06-01,32.3,"C"
"QROO_WILMA","3","WILMA_QROO_2005",2013-06-01,32.8,"C"
"TX_US_HARVEY","6","HARVEY_US_TX_2017",2013-06-01,35.3,"WG"
"TX_US_IKE","4","IKE_US_TX_2008",2013-06-01,34.3,"SUS"
"TX_US_RITA","4","RITA_US_TX_2005",2013-06-01,34.2,"SUS"
"US_FL_DELTA","4","DELTA_US_LA_2020",2013-06-01,33.2,"SUS"
"US_FL_DENNIS","4","DENNIS_US_FL_2005",2013-06-01,32.5,"SUS"
"VER_MX_KARL","5","KARL_MX_VER_2010",2013-06-01,34.8,"SG"
"YUC_DELTA","5","DELTA_YUCATAN_MX_2020",2013-06-01,33.4,"SG"
"YUC_MX_EMILY","5","EMILY_MX_YUC_2005",2013-06-01,33.8,"SG"
"YUC_MX_ISIDORE","5","ISIDORE_MX_YUC_2002",2013-06-01,34.5,"SG"
"AL_US_IVAN","4","IVAN_US_AL_2004",2013-07-01,31.7,"SUS"
"AL_US_SALLY","4","SALLY_US_AL_2020",2013-07-01,31,"SUS"
"ALEX","6","ALEX_2010",2013-07-01,36.5,"WG"
"BELICE_RICHARD","3","RICHARD_BELICE_2010",2013-07-01,31.5,"C"
"BELIZE_IRIS","2","IRIS_BELIZE_2001",2013-07-01,31.2,"CA"
"BETA","2","BETA_2005",2013-07-01,29.9,"CA"
"CR_OTTO","2","OTTO_CR_2016",2013-07-01,31,"CA"
"CUBA_DENNIS","3","DENNIS_CUBA_2005",2013-07-01,32.4,"C"
"CUBA_GUSTAV","3","GUSTAV_CUBA_2008",2013-07-01,31.8,"C"
"CUBA_IAN","3","IAN_CUBA_2022",2013-07-01,31.8,"C"
"CUBA_MICHELLE","3","MICHELLE_CUBA_2001",2013-07-01,32.4,"C"
"CUBA_PALOMA","3","PALOMA_CUBA_2008",2013-07-01,32.2,"C"
"CUBA_SANDY","3","SANDY_CUBA_2012",2013-07-01,32.3,"C"
"DEAN_QROO_MX","5","DEAN_QROO_MX_2007",2013-07-01,32.9,"SG"
"FL_US_CHARLEY","1","CHARLEY_2004",2013-07-01,32.9,"FP"
"FL_US_FRANCES","1","FRANCES_US_FL_2004",2013-07-01,32.9,"FP"
"FL_US_IAN","1","IAN_US_FL_2022",2013-07-01,33.1,"FP"
"FL_US_IRMA","1","IRMA_US_FL_2017",2013-07-01,33,"FP"
"FL_US_JEANNE","1","JEANNE_US_FL_2004",2013-07-01,32.9,"FP"
"FL_US_MICHAEL","4","MICHAEL_US_FL_2018",2013-07-01,31.5,"SUS"
"FL_US_WILMA","1","WILMA_US_FL_2005",2013-07-01,32.7,"FP"
"LA_US_GUSTAV","4","GUSTAV_US_LA_2008",2013-07-01,32.1,"SUS"
"LA_US_IDA","4","IDA_US_LA_2009",2013-07-01,32.2,"SUS"
"LA_US_KATRINA","4","KATRINA_US_LA_2005",2013-07-01,32,"SUS"
"LA_US_LAURA","4","LAURA_US_LA_2020",2013-07-01,34.2,"SUS"
"LA_US_ZETA","4","ZETA_US_LA_2020",2013-07-01,32.2,"SUS"
"MX_ERNESTO","5","ERNESTO_MX_2012",2013-07-01,32.8,"SG"
"MX_GRACE","3","GRACE_MX_2021",2013-07-01,33.7,"C"
"MX_TAMPS_EMILY","6","EMILY_TAMPS_MX_2005",2013-07-01,36,"WG"
"NC_US_ISABEL","4","ISABEL_US_NC_2003",2013-07-01,31.7,"SUS"
"NIC_ETA","2","ETA_NIC_2020",2013-07-01,30.1,"CA"
"NIC_FELIX","2","FELIX_NIC_2007",2013-07-01,30.4,"CA"
"NIC_IOTA","2","IOTA_NIC_2020",2013-07-01,30.2,"CA"
"PR_USA_MARIA","3","MARIA_US_PR_2017",2013-07-01,32.7,"C"
"QROO_WILMA","3","WILMA_QROO_2005",2013-07-01,33.2,"C"
"TX_US_HARVEY","6","HARVEY_US_TX_2017",2013-07-01,35.7,"WG"
"TX_US_IKE","4","IKE_US_TX_2008",2013-07-01,35,"SUS"
"TX_US_RITA","4","RITA_US_TX_2005",2013-07-01,34.8,"SUS"
"US_FL_DELTA","4","DELTA_US_LA_2020",2013-07-01,33.4,"SUS"
"US_FL_DENNIS","4","DENNIS_US_FL_2005",2013-07-01,31.7,"SUS"
"VER_MX_KARL","5","KARL_MX_VER_2010",2013-07-01,32.8,"SG"
"YUC_DELTA","5","DELTA_YUCATAN_MX_2020",2013-07-01,33.2,"SG"
"YUC_MX_EMILY","5","EMILY_MX_YUC_2005",2013-07-01,33.7,"SG"
"YUC_MX_ISIDORE","5","ISIDORE_MX_YUC_2002",2013-07-01,33.8,"SG"
"AL_US_IVAN","4","IVAN_US_AL_2004",2013-08-01,32.4,"SUS"
"AL_US_SALLY","4","SALLY_US_AL_2020",2013-08-01,31.7,"SUS"
"ALEX","6","ALEX_2010",2013-08-01,36.7,"WG"
"BELICE_RICHARD","3","RICHARD_BELICE_2010",2013-08-01,31.8,"C"
"BELIZE_IRIS","2","IRIS_BELIZE_2001",2013-08-01,31.2,"CA"
"BETA","2","BETA_2005",2013-08-01,29.6,"CA"
"CR_OTTO","2","OTTO_CR_2016",2013-08-01,30.7,"CA"
"CUBA_DENNIS","3","DENNIS_CUBA_2005",2013-08-01,33.6,"C"
"CUBA_GUSTAV","3","GUSTAV_CUBA_2008",2013-08-01,32.7,"C"
"CUBA_IAN","3","IAN_CUBA_2022",2013-08-01,32.7,"C"
"CUBA_MICHELLE","3","MICHELLE_CUBA_2001",2013-08-01,33.5,"C"
"CUBA_PALOMA","3","PALOMA_CUBA_2008",2013-08-01,33,"C"
"CUBA_SANDY","3","SANDY_CUBA_2012",2013-08-01,33.1,"C"
"DEAN_QROO_MX","5","DEAN_QROO_MX_2007",2013-08-01,33,"SG"
"FL_US_CHARLEY","1","CHARLEY_2004",2013-08-01,33.8,"FP"
"FL_US_FRANCES","1","FRANCES_US_FL_2004",2013-08-01,33.7,"FP"
"FL_US_IAN","1","IAN_US_FL_2022",2013-08-01,34,"FP"
"FL_US_IRMA","1","IRMA_US_FL_2017",2013-08-01,33.7,"FP"
"FL_US_JEANNE","1","JEANNE_US_FL_2004",2013-08-01,33.7,"FP"
"FL_US_MICHAEL","4","MICHAEL_US_FL_2018",2013-08-01,32.4,"SUS"
"FL_US_WILMA","1","WILMA_US_FL_2005",2013-08-01,33.6,"FP"
"LA_US_GUSTAV","4","GUSTAV_US_LA_2008",2013-08-01,32.6,"SUS"
"LA_US_IDA","4","IDA_US_LA_2009",2013-08-01,32.8,"SUS"
"LA_US_KATRINA","4","KATRINA_US_LA_2005",2013-08-01,32.8,"SUS"
"LA_US_LAURA","4","LAURA_US_LA_2020",2013-08-01,35.1,"SUS"
"LA_US_ZETA","4","ZETA_US_LA_2020",2013-08-01,32.9,"SUS"
"MX_ERNESTO","5","ERNESTO_MX_2012",2013-08-01,32.9,"SG"
"MX_GRACE","3","GRACE_MX_2021",2013-08-01,33.6,"C"
"MX_TAMPS_EMILY","6","EMILY_TAMPS_MX_2005",2013-08-01,36.8,"WG"
"NC_US_ISABEL","4","ISABEL_US_NC_2003",2013-08-01,30.2,"SUS"
"NIC_ETA","2","ETA_NIC_2020",2013-08-01,29.9,"CA"
"NIC_FELIX","2","FELIX_NIC_2007",2013-08-01,30.1,"CA"
"NIC_IOTA","2","IOTA_NIC_2020",2013-08-01,29.9,"CA"
"PR_USA_MARIA","3","MARIA_US_PR_2017",2013-08-01,33.5,"C"
"QROO_WILMA","3","WILMA_QROO_2005",2013-08-01,33.6,"C"
"TX_US_HARVEY","6","HARVEY_US_TX_2017",2013-08-01,37.3,"WG"
"TX_US_IKE","4","IKE_US_TX_2008",2013-08-01,36.2,"SUS"
"TX_US_RITA","4","RITA_US_TX_2005",2013-08-01,35.6,"SUS"
"US_FL_DELTA","4","DELTA_US_LA_2020",2013-08-01,34.3,"SUS"
"US_FL_DENNIS","4","DENNIS_US_FL_2005",2013-08-01,32.4,"SUS"
"VER_MX_KARL","5","KARL_MX_VER_2010",2013-08-01,32.8,"SG"
"YUC_DELTA","5","DELTA_YUCATAN_MX_2020",2013-08-01,33.6,"SG"
"YUC_MX_EMILY","5","EMILY_MX_YUC_2005",2013-08-01,33.9,"SG"
"YUC_MX_ISIDORE","5","ISIDORE_MX_YUC_2002",2013-08-01,33.9,"SG"
"AL_US_IVAN","4","IVAN_US_AL_2004",2013-09-01,32.3,"SUS"
"AL_US_SALLY","4","SALLY_US_AL_2020",2013-09-01,31.8,"SUS"
"ALEX","6","ALEX_2010",2013-09-01,33,"WG"
"BELICE_RICHARD","3","RICHARD_BELICE_2010",2013-09-01,30.8,"C"
"BELIZE_IRIS","2","IRIS_BELIZE_2001",2013-09-01,30.3,"CA"
"BETA","2","BETA_2005",2013-09-01,30.3,"CA"
"CR_OTTO","2","OTTO_CR_2016",2013-09-01,30.8,"CA"
"CUBA_DENNIS","3","DENNIS_CUBA_2005",2013-09-01,33.1,"C"
"CUBA_GUSTAV","3","GUSTAV_CUBA_2008",2013-09-01,31.7,"C"
"CUBA_IAN","3","IAN_CUBA_2022",2013-09-01,31.9,"C"
"CUBA_MICHELLE","3","MICHELLE_CUBA_2001",2013-09-01,33.1,"C"
"CUBA_PALOMA","3","PALOMA_CUBA_2008",2013-09-01,32.9,"C"
"CUBA_SANDY","3","SANDY_CUBA_2012",2013-09-01,33.2,"C"
"DEAN_QROO_MX","5","DEAN_QROO_MX_2007",2013-09-01,31.5,"SG"
"FL_US_CHARLEY","1","CHARLEY_2004",2013-09-01,32.6,"FP"
"FL_US_FRANCES","1","FRANCES_US_FL_2004",2013-09-01,32.6,"FP"
"FL_US_IAN","1","IAN_US_FL_2022",2013-09-01,32.7,"FP"
"FL_US_IRMA","1","IRMA_US_FL_2017",2013-09-01,32.8,"FP"
"FL_US_JEANNE","1","JEANNE_US_FL_2004",2013-09-01,32.6,"FP"
"FL_US_MICHAEL","4","MICHAEL_US_FL_2018",2013-09-01,32.2,"SUS"
"FL_US_WILMA","1","WILMA_US_FL_2005",2013-09-01,32.7,"FP"
"LA_US_GUSTAV","4","GUSTAV_US_LA_2008",2013-09-01,32.4,"SUS"
"LA_US_IDA","4","IDA_US_LA_2009",2013-09-01,32.7,"SUS"
"LA_US_KATRINA","4","KATRINA_US_LA_2005",2013-09-01,32.6,"SUS"
"LA_US_LAURA","4","LAURA_US_LA_2020",2013-09-01,33.6,"SUS"
"LA_US_ZETA","4","ZETA_US_LA_2020",2013-09-01,32.6,"SUS"
"MX_ERNESTO","5","ERNESTO_MX_2012",2013-09-01,31.4,"SG"
"MX_GRACE","3","GRACE_MX_2021",2013-09-01,30.8,"C"
"MX_TAMPS_EMILY","6","EMILY_TAMPS_MX_2005",2013-09-01,32.9,"WG"
"NC_US_ISABEL","4","ISABEL_US_NC_2003",2013-09-01,28.6,"SUS"
"NIC_ETA","2","ETA_NIC_2020",2013-09-01,30.5,"CA"
"NIC_FELIX","2","FELIX_NIC_2007",2013-09-01,30.4,"CA"
"NIC_IOTA","2","IOTA_NIC_2020",2013-09-01,30.5,"CA"
"PR_USA_MARIA","3","MARIA_US_PR_2017",2013-09-01,33.6,"C"
"QROO_WILMA","3","WILMA_QROO_2005",2013-09-01,32,"C"
"TX_US_HARVEY","6","HARVEY_US_TX_2017",2013-09-01,34.8,"WG"
"TX_US_IKE","4","IKE_US_TX_2008",2013-09-01,34.2,"SUS"
"TX_US_RITA","4","RITA_US_TX_2005",2013-09-01,33.8,"SUS"
"US_FL_DELTA","4","DELTA_US_LA_2020",2013-09-01,33.2,"SUS"
"US_FL_DENNIS","4","DENNIS_US_FL_2005",2013-09-01,32.3,"SUS"
"VER_MX_KARL","5","KARL_MX_VER_2010",2013-09-01,30.7,"SG"
"YUC_DELTA","5","DELTA_YUCATAN_MX_2020",2013-09-01,31.8,"SG"
"YUC_MX_EMILY","5","EMILY_MX_YUC_2005",2013-09-01,32,"SG"
"YUC_MX_ISIDORE","5","ISIDORE_MX_YUC_2002",2013-09-01,32,"SG"
"AL_US_IVAN","4","IVAN_US_AL_2004",2013-10-01,27.1,"SUS"
"AL_US_SALLY","4","SALLY_US_AL_2020",2013-10-01,26.8,"SUS"
"ALEX","6","ALEX_2010",2013-10-01,32.6,"WG"
"BELICE_RICHARD","3","RICHARD_BELICE_2010",2013-10-01,31.4,"C"
"BELIZE_IRIS","2","IRIS_BELIZE_2001",2013-10-01,30.4,"CA"
"BETA","2","BETA_2005",2013-10-01,29.8,"CA"
"CR_OTTO","2","OTTO_CR_2016",2013-10-01,30.3,"CA"
"CUBA_DENNIS","3","DENNIS_CUBA_2005",2013-10-01,32.6,"C"
"CUBA_GUSTAV","3","GUSTAV_CUBA_2008",2013-10-01,31.7,"C"
"CUBA_IAN","3","IAN_CUBA_2022",2013-10-01,31.6,"C"
"CUBA_MICHELLE","3","MICHELLE_CUBA_2001",2013-10-01,32.6,"C"
"CUBA_PALOMA","3","PALOMA_CUBA_2008",2013-10-01,32.1,"C"
"CUBA_SANDY","3","SANDY_CUBA_2012",2013-10-01,32.4,"C"
"DEAN_QROO_MX","5","DEAN_QROO_MX_2007",2013-10-01,31.7,"SG"
"FL_US_CHARLEY","1","CHARLEY_2004",2013-10-01,31.4,"FP"
"FL_US_FRANCES","1","FRANCES_US_FL_2004",2013-10-01,31.1,"FP"
"FL_US_IAN","1","IAN_US_FL_2022",2013-10-01,31.5,"FP"
"FL_US_IRMA","1","IRMA_US_FL_2017",2013-10-01,31.8,"FP"
"FL_US_JEANNE","1","JEANNE_US_FL_2004",2013-10-01,31.1,"FP"
"FL_US_MICHAEL","4","MICHAEL_US_FL_2018",2013-10-01,27.9,"SUS"
"FL_US_WILMA","1","WILMA_US_FL_2005",2013-10-01,31.7,"FP"
"LA_US_GUSTAV","4","GUSTAV_US_LA_2008",2013-10-01,27.6,"SUS"
"LA_US_IDA","4","IDA_US_LA_2009",2013-10-01,27.6,"SUS"
"LA_US_KATRINA","4","KATRINA_US_LA_2005",2013-10-01,28.4,"SUS"
"LA_US_LAURA","4","LAURA_US_LA_2020",2013-10-01,27.5,"SUS"
"LA_US_ZETA","4","ZETA_US_LA_2020",2013-10-01,27.6,"SUS"
"MX_ERNESTO","5","ERNESTO_MX_2012",2013-10-01,31.7,"SG"
"MX_GRACE","3","GRACE_MX_2021",2013-10-01,31,"C"
"MX_TAMPS_EMILY","6","EMILY_TAMPS_MX_2005",2013-10-01,32.4,"WG"
"NC_US_ISABEL","4","ISABEL_US_NC_2003",2013-10-01,24,"SUS"
"NIC_ETA","2","ETA_NIC_2020",2013-10-01,30.5,"CA"
"NIC_FELIX","2","FELIX_NIC_2007",2013-10-01,30.6,"CA"
"NIC_IOTA","2","IOTA_NIC_2020",2013-10-01,30.5,"CA"
"PR_USA_MARIA","3","MARIA_US_PR_2017",2013-10-01,33.4,"C"
"QROO_WILMA","3","WILMA_QROO_2005",2013-10-01,31.9,"C"
"TX_US_HARVEY","6","HARVEY_US_TX_2017",2013-10-01,30.1,"WG"
"TX_US_IKE","4","IKE_US_TX_2008",2013-10-01,28,"SUS"
"TX_US_RITA","4","RITA_US_TX_2005",2013-10-01,28.1,"SUS"
"US_FL_DELTA","4","DELTA_US_LA_2020",2013-10-01,27.4,"SUS"
"US_FL_DENNIS","4","DENNIS_US_FL_2005",2013-10-01,26.8,"SUS"
"VER_MX_KARL","5","KARL_MX_VER_2010",2013-10-01,31.7,"SG"
"YUC_DELTA","5","DELTA_YUCATAN_MX_2020",2013-10-01,31.9,"SG"
"YUC_MX_EMILY","5","EMILY_MX_YUC_2005",2013-10-01,32.5,"SG"
"YUC_MX_ISIDORE","5","ISIDORE_MX_YUC_2002",2013-10-01,32.2,"SG"
"AL_US_IVAN","4","IVAN_US_AL_2004",2013-11-01,20.2,"SUS"
"AL_US_SALLY","4","SALLY_US_AL_2020",2013-11-01,20.2,"SUS"
"ALEX","6","ALEX_2010",2013-11-01,26.1,"WG"
"BELICE_RICHARD","3","RICHARD_BELICE_2010",2013-11-01,29.2,"C"
"BELIZE_IRIS","2","IRIS_BELIZE_2001",2013-11-01,28.4,"CA"
"BETA","2","BETA_2005",2013-11-01,29.4,"CA"
"CR_OTTO","2","OTTO_CR_2016",2013-11-01,30.1,"CA"
"CUBA_DENNIS","3","DENNIS_CUBA_2005",2013-11-01,30.5,"C"
"CUBA_GUSTAV","3","GUSTAV_CUBA_2008",2013-11-01,29.8,"C"
"CUBA_IAN","3","IAN_CUBA_2022",2013-11-01,29.5,"C"
"CUBA_MICHELLE","3","MICHELLE_CUBA_2001",2013-11-01,30.3,"C"
"CUBA_PALOMA","3","PALOMA_CUBA_2008",2013-11-01,30.7,"C"
"CUBA_SANDY","3","SANDY_CUBA_2012",2013-11-01,31,"C"
"DEAN_QROO_MX","5","DEAN_QROO_MX_2007",2013-11-01,29.8,"SG"
"FL_US_CHARLEY","1","CHARLEY_2004",2013-11-01,28.2,"FP"
"FL_US_FRANCES","1","FRANCES_US_FL_2004",2013-11-01,27.8,"FP"
"FL_US_IAN","1","IAN_US_FL_2022",2013-11-01,28.5,"FP"
"FL_US_IRMA","1","IRMA_US_FL_2017",2013-11-01,29,"FP"
"FL_US_JEANNE","1","JEANNE_US_FL_2004",2013-11-01,27.9,"FP"
"FL_US_MICHAEL","4","MICHAEL_US_FL_2018",2013-11-01,21.9,"SUS"
"FL_US_WILMA","1","WILMA_US_FL_2005",2013-11-01,28.9,"FP"
"LA_US_GUSTAV","4","GUSTAV_US_LA_2008",2013-11-01,21.5,"SUS"
"LA_US_IDA","4","IDA_US_LA_2009",2013-11-01,21.5,"SUS"
"LA_US_KATRINA","4","KATRINA_US_LA_2005",2013-11-01,21.7,"SUS"
"LA_US_LAURA","4","LAURA_US_LA_2020",2013-11-01,20.3,"SUS"
"LA_US_ZETA","4","ZETA_US_LA_2020",2013-11-01,21.3,"SUS"
"MX_ERNESTO","5","ERNESTO_MX_2012",2013-11-01,29.8,"SG"
"MX_GRACE","3","GRACE_MX_2021",2013-11-01,26.1,"C"
"MX_TAMPS_EMILY","6","EMILY_TAMPS_MX_2005",2013-11-01,25.5,"WG"
"NC_US_ISABEL","4","ISABEL_US_NC_2003",2013-11-01,17.9,"SUS"
"NIC_ETA","2","ETA_NIC_2020",2013-11-01,29.7,"CA"
"NIC_FELIX","2","FELIX_NIC_2007",2013-11-01,29.7,"CA"
"NIC_IOTA","2","IOTA_NIC_2020",2013-11-01,29.7,"CA"
"PR_USA_MARIA","3","MARIA_US_PR_2017",2013-11-01,32.1,"C"
"QROO_WILMA","3","WILMA_QROO_2005",2013-11-01,30.1,"C"
"TX_US_HARVEY","6","HARVEY_US_TX_2017",2013-11-01,22.6,"WG"
"TX_US_IKE","4","IKE_US_TX_2008",2013-11-01,21,"SUS"
"TX_US_RITA","4","RITA_US_TX_2005",2013-11-01,20.9,"SUS"
"US_FL_DELTA","4","DELTA_US_LA_2020",2013-11-01,20.4,"SUS"
"US_FL_DENNIS","4","DENNIS_US_FL_2005",2013-11-01,20.3,"SUS"
"VER_MX_KARL","5","KARL_MX_VER_2010",2013-11-01,28.3,"SG"
"YUC_DELTA","5","DELTA_YUCATAN_MX_2020",2013-11-01,30.2,"SG"
"YUC_MX_EMILY","5","EMILY_MX_YUC_2005",2013-11-01,30.7,"SG"
"YUC_MX_ISIDORE","5","ISIDORE_MX_YUC_2002",2013-11-01,30.7,"SG"
"AL_US_IVAN","4","IVAN_US_AL_2004",2013-12-01,17.8,"SUS"
"AL_US_SALLY","4","SALLY_US_AL_2020",2013-12-01,18.3,"SUS"
"ALEX","6","ALEX_2010",2013-12-01,23.3,"WG"
"BELICE_RICHARD","3","RICHARD_BELICE_2010",2013-12-01,28.7,"C"
"BELIZE_IRIS","2","IRIS_BELIZE_2001",2013-12-01,27.8,"CA"
"BETA","2","BETA_2005",2013-12-01,29.1,"CA"
"CR_OTTO","2","OTTO_CR_2016",2013-12-01,30.9,"CA"
"CUBA_DENNIS","3","DENNIS_CUBA_2005",2013-12-01,31,"C"
"CUBA_GUSTAV","3","GUSTAV_CUBA_2008",2013-12-01,29.9,"C"
"CUBA_IAN","3","IAN_CUBA_2022",2013-12-01,29.5,"C"
"CUBA_MICHELLE","3","MICHELLE_CUBA_2001",2013-12-01,30.9,"C"
"CUBA_PALOMA","3","PALOMA_CUBA_2008",2013-12-01,30.3,"C"
"CUBA_SANDY","3","SANDY_CUBA_2012",2013-12-01,30.7,"C"
"DEAN_QROO_MX","5","DEAN_QROO_MX_2007",2013-12-01,29,"SG"
"FL_US_CHARLEY","1","CHARLEY_2004",2013-12-01,27.4,"FP"
"FL_US_FRANCES","1","FRANCES_US_FL_2004",2013-12-01,27.1,"FP"
"FL_US_IAN","1","IAN_US_FL_2022",2013-12-01,27.6,"FP"
"FL_US_IRMA","1","IRMA_US_FL_2017",2013-12-01,28.2,"FP"
"FL_US_JEANNE","1","JEANNE_US_FL_2004",2013-12-01,27.3,"FP"
"FL_US_MICHAEL","4","MICHAEL_US_FL_2018",2013-12-01,20.5,"SUS"
"FL_US_WILMA","1","WILMA_US_FL_2005",2013-12-01,28.1,"FP"
"LA_US_GUSTAV","4","GUSTAV_US_LA_2008",2013-12-01,18.8,"SUS"
"LA_US_IDA","4","IDA_US_LA_2009",2013-12-01,18.8,"SUS"
"LA_US_KATRINA","4","KATRINA_US_LA_2005",2013-12-01,18.8,"SUS"
"LA_US_LAURA","4","LAURA_US_LA_2020",2013-12-01,16.6,"SUS"
"LA_US_ZETA","4","ZETA_US_LA_2020",2013-12-01,18.5,"SUS"
"MX_ERNESTO","5","ERNESTO_MX_2012",2013-12-01,29,"SG"
"MX_GRACE","3","GRACE_MX_2021",2013-12-01,23.8,"C"
"MX_TAMPS_EMILY","6","EMILY_TAMPS_MX_2005",2013-12-01,22.6,"WG"
"NC_US_ISABEL","4","ISABEL_US_NC_2003",2013-12-01,16.4,"SUS"
"NIC_ETA","2","ETA_NIC_2020",2013-12-01,28.9,"CA"
"NIC_FELIX","2","FELIX_NIC_2007",2013-12-01,29.4,"CA"
"NIC_IOTA","2","IOTA_NIC_2020",2013-12-01,28.9,"CA"
"PR_USA_MARIA","3","MARIA_US_PR_2017",2013-12-01,31.5,"C"
"QROO_WILMA","3","WILMA_QROO_2005",2013-12-01,29.8,"C"
"TX_US_HARVEY","6","HARVEY_US_TX_2017",2013-12-01,19,"WG"
"TX_US_IKE","4","IKE_US_TX_2008",2013-12-01,17.1,"SUS"
"TX_US_RITA","4","RITA_US_TX_2005",2013-12-01,17,"SUS"
"US_FL_DELTA","4","DELTA_US_LA_2020",2013-12-01,16.6,"SUS"
"US_FL_DENNIS","4","DENNIS_US_FL_2005",2013-12-01,18.3,"SUS"
"VER_MX_KARL","5","KARL_MX_VER_2010",2013-12-01,27.3,"SG"
"YUC_DELTA","5","DELTA_YUCATAN_MX_2020",2013-12-01,29.8,"SG"
"YUC_MX_EMILY","5","EMILY_MX_YUC_2005",2013-12-01,30.3,"SG"
"YUC_MX_ISIDORE","5","ISIDORE_MX_YUC_2002",2013-12-01,29.3,"SG"
"AL_US_IVAN","4","IVAN_US_AL_2004",2014-01-01,13.7,"SUS"
"AL_US_SALLY","4","SALLY_US_AL_2020",2014-01-01,13.7,"SUS"
"ALEX","6","ALEX_2010",2014-01-01,24.3,"WG"
"BELICE_RICHARD","3","RICHARD_BELICE_2010",2014-01-01,27.5,"C"
"BELIZE_IRIS","2","IRIS_BELIZE_2001",2014-01-01,29.2,"CA"
"BETA","2","BETA_2005",2014-01-01,30,"CA"
"CR_OTTO","2","OTTO_CR_2016",2014-01-01,32.2,"CA"
"CUBA_DENNIS","3","DENNIS_CUBA_2005",2014-01-01,28.7,"C"
"CUBA_GUSTAV","3","GUSTAV_CUBA_2008",2014-01-01,27.2,"C"
"CUBA_IAN","3","IAN_CUBA_2022",2014-01-01,26.9,"C"
"CUBA_MICHELLE","3","MICHELLE_CUBA_2001",2014-01-01,28.5,"C"
"CUBA_PALOMA","3","PALOMA_CUBA_2008",2014-01-01,29.4,"C"
"CUBA_SANDY","3","SANDY_CUBA_2012",2014-01-01,30.5,"C"
"DEAN_QROO_MX","5","DEAN_QROO_MX_2007",2014-01-01,28,"SG"
"FL_US_CHARLEY","1","CHARLEY_2004",2014-01-01,22.8,"FP"
"FL_US_FRANCES","1","FRANCES_US_FL_2004",2014-01-01,23.1,"FP"
"FL_US_IAN","1","IAN_US_FL_2022",2014-01-01,23.3,"FP"
"FL_US_IRMA","1","IRMA_US_FL_2017",2014-01-01,24.2,"FP"
"FL_US_JEANNE","1","JEANNE_US_FL_2004",2014-01-01,23.2,"FP"
"FL_US_MICHAEL","4","MICHAEL_US_FL_2018",2014-01-01,15.1,"SUS"
"FL_US_WILMA","1","WILMA_US_FL_2005",2014-01-01,24.2,"FP"
"LA_US_GUSTAV","4","GUSTAV_US_LA_2008",2014-01-01,16.1,"SUS"
"LA_US_IDA","4","IDA_US_LA_2009",2014-01-01,15.6,"SUS"
"LA_US_KATRINA","4","KATRINA_US_LA_2005",2014-01-01,14.9,"SUS"
"LA_US_LAURA","4","LAURA_US_LA_2020",2014-01-01,15.6,"SUS"
"LA_US_ZETA","4","ZETA_US_LA_2020",2014-01-01,15.4,"SUS"
"MX_ERNESTO","5","ERNESTO_MX_2012",2014-01-01,27.8,"SG"
"MX_GRACE","3","GRACE_MX_2021",2014-01-01,25,"C"
"MX_TAMPS_EMILY","6","EMILY_TAMPS_MX_2005",2014-01-01,22.8,"WG"
"NC_US_ISABEL","4","ISABEL_US_NC_2003",2014-01-01,11.7,"SUS"
"NIC_ETA","2","ETA_NIC_2020",2014-01-01,30.3,"CA"
"NIC_FELIX","2","FELIX_NIC_2007",2014-01-01,30.1,"CA"
"NIC_IOTA","2","IOTA_NIC_2020",2014-01-01,30.4,"CA"
"PR_USA_MARIA","3","MARIA_US_PR_2017",2014-01-01,32.3,"C"
"QROO_WILMA","3","WILMA_QROO_2005",2014-01-01,27.7,"C"
"TX_US_HARVEY","6","HARVEY_US_TX_2017",2014-01-01,19.8,"WG"
"TX_US_IKE","4","IKE_US_TX_2008",2014-01-01,17.2,"SUS"
"TX_US_RITA","4","RITA_US_TX_2005",2014-01-01,16.5,"SUS"
"US_FL_DELTA","4","DELTA_US_LA_2020",2014-01-01,15.2,"SUS"
"US_FL_DENNIS","4","DENNIS_US_FL_2005",2014-01-01,13.7,"SUS"
"VER_MX_KARL","5","KARL_MX_VER_2010",2014-01-01,28.5,"SG"
"YUC_DELTA","5","DELTA_YUCATAN_MX_2020",2014-01-01,28,"SG"
"YUC_MX_EMILY","5","EMILY_MX_YUC_2005",2014-01-01,28.9,"SG"
"YUC_MX_ISIDORE","5","ISIDORE_MX_YUC_2002",2014-01-01,28.6,"SG"
"AL_US_IVAN","4","IVAN_US_AL_2004",2014-02-01,17.9,"SUS"
"AL_US_SALLY","4","SALLY_US_AL_2020",2014-02-01,18.2,"SUS"
"ALEX","6","ALEX_2010",2014-02-01,26.2,"WG"
"BELICE_RICHARD","3","RICHARD_BELICE_2010",2014-02-01,30.6,"C"
"BELIZE_IRIS","2","IRIS_BELIZE_2001",2014-02-01,30.9,"CA"
"BETA","2","BETA_2005",2014-02-01,30.2,"CA"
"CR_OTTO","2","OTTO_CR_2016",2014-02-01,32.5,"CA"
"CUBA_DENNIS","3","DENNIS_CUBA_2005",2014-02-01,31,"C"
"CUBA_GUSTAV","3","GUSTAV_CUBA_2008",2014-02-01,29.7,"C"
"CUBA_IAN","3","IAN_CUBA_2022",2014-02-01,29.5,"C"
"CUBA_MICHELLE","3","MICHELLE_CUBA_2001",2014-02-01,30.9,"C"
"CUBA_PALOMA","3","PALOMA_CUBA_2008",2014-02-01,30.5,"C"
"CUBA_SANDY","3","SANDY_CUBA_2012",2014-02-01,30.9,"C"
"DEAN_QROO_MX","5","DEAN_QROO_MX_2007",2014-02-01,31.9,"SG"
"FL_US_CHARLEY","1","CHARLEY_2004",2014-02-01,26.1,"FP"
"FL_US_FRANCES","1","FRANCES_US_FL_2004",2014-02-01,26.3,"FP"
"FL_US_IAN","1","IAN_US_FL_2022",2014-02-01,26.6,"FP"
"FL_US_IRMA","1","IRMA_US_FL_2017",2014-02-01,27.2,"FP"
"FL_US_JEANNE","1","JEANNE_US_FL_2004",2014-02-01,26.4,"FP"
"FL_US_MICHAEL","4","MICHAEL_US_FL_2018",2014-02-01,19.6,"SUS"
"FL_US_WILMA","1","WILMA_US_FL_2005",2014-02-01,27.1,"FP"
"LA_US_GUSTAV","4","GUSTAV_US_LA_2008",2014-02-01,18.4,"SUS"
"LA_US_IDA","4","IDA_US_LA_2009",2014-02-01,18.4,"SUS"
"LA_US_KATRINA","4","KATRINA_US_LA_2005",2014-02-01,18.1,"SUS"
"LA_US_LAURA","4","LAURA_US_LA_2020",2014-02-01,17.4,"SUS"
"LA_US_ZETA","4","ZETA_US_LA_2020",2014-02-01,18.3,"SUS"
"MX_ERNESTO","5","ERNESTO_MX_2012",2014-02-01,31.8,"SG"
"MX_GRACE","3","GRACE_MX_2021",2014-02-01,26.3,"C"
"MX_TAMPS_EMILY","6","EMILY_TAMPS_MX_2005",2014-02-01,25,"WG"
"NC_US_ISABEL","4","ISABEL_US_NC_2003",2014-02-01,13.9,"SUS"
"NIC_ETA","2","ETA_NIC_2020",2014-02-01,30.4,"CA"
"NIC_FELIX","2","FELIX_NIC_2007",2014-02-01,29.8,"CA"
"NIC_IOTA","2","IOTA_NIC_2020",2014-02-01,30.5,"CA"
"PR_USA_MARIA","3","MARIA_US_PR_2017",2014-02-01,31,"C"
"QROO_WILMA","3","WILMA_QROO_2005",2014-02-01,31.3,"C"
"TX_US_HARVEY","6","HARVEY_US_TX_2017",2014-02-01,20.9,"WG"
"TX_US_IKE","4","IKE_US_TX_2008",2014-02-01,18.2,"SUS"
"TX_US_RITA","4","RITA_US_TX_2005",2014-02-01,18.1,"SUS"
"US_FL_DELTA","4","DELTA_US_LA_2020",2014-02-01,17.1,"SUS"
"US_FL_DENNIS","4","DENNIS_US_FL_2005",2014-02-01,18.2,"SUS"
"VER_MX_KARL","5","KARL_MX_VER_2010",2014-02-01,29.5,"SG"
"YUC_DELTA","5","DELTA_YUCATAN_MX_2020",2014-02-01,32,"SG"
"YUC_MX_EMILY","5","EMILY_MX_YUC_2005",2014-02-01,32.9,"SG"
"YUC_MX_ISIDORE","5","ISIDORE_MX_YUC_2002",2014-02-01,33,"SG"
"AL_US_IVAN","4","IVAN_US_AL_2004",2014-03-01,20.6,"SUS"
"AL_US_SALLY","4","SALLY_US_AL_2020",2014-03-01,20.6,"SUS"
"ALEX","6","ALEX_2010",2014-03-01,28.5,"WG"
"BELICE_RICHARD","3","RICHARD_BELICE_2010",2014-03-01,31.5,"C"
"BELIZE_IRIS","2","IRIS_BELIZE_2001",2014-03-01,32,"CA"
"BETA","2","BETA_2005",2014-03-01,31.3,"CA"
"CR_OTTO","2","OTTO_CR_2016",2014-03-01,33.5,"CA"
"CUBA_DENNIS","3","DENNIS_CUBA_2005",2014-03-01,31.1,"C"
"CUBA_GUSTAV","3","GUSTAV_CUBA_2008",2014-03-01,29.7,"C"
"CUBA_IAN","3","IAN_CUBA_2022",2014-03-01,29.6,"C"
"CUBA_MICHELLE","3","MICHELLE_CUBA_2001",2014-03-01,31.1,"C"
"CUBA_PALOMA","3","PALOMA_CUBA_2008",2014-03-01,31.6,"C"
"CUBA_SANDY","3","SANDY_CUBA_2012",2014-03-01,31.3,"C"
"DEAN_QROO_MX","5","DEAN_QROO_MX_2007",2014-03-01,33.4,"SG"
"FL_US_CHARLEY","1","CHARLEY_2004",2014-03-01,26.7,"FP"
"FL_US_FRANCES","1","FRANCES_US_FL_2004",2014-03-01,26.7,"FP"
"FL_US_IAN","1","IAN_US_FL_2022",2014-03-01,27,"FP"
"FL_US_IRMA","1","IRMA_US_FL_2017",2014-03-01,27.6,"FP"
"FL_US_JEANNE","1","JEANNE_US_FL_2004",2014-03-01,26.8,"FP"
"FL_US_MICHAEL","4","MICHAEL_US_FL_2018",2014-03-01,21.3,"SUS"
"FL_US_WILMA","1","WILMA_US_FL_2005",2014-03-01,27.4,"FP"
"LA_US_GUSTAV","4","GUSTAV_US_LA_2008",2014-03-01,20.6,"SUS"
"LA_US_IDA","4","IDA_US_LA_2009",2014-03-01,20.5,"SUS"
"LA_US_KATRINA","4","KATRINA_US_LA_2005",2014-03-01,20.2,"SUS"
"LA_US_LAURA","4","LAURA_US_LA_2020",2014-03-01,20.4,"SUS"
"LA_US_ZETA","4","ZETA_US_LA_2020",2014-03-01,21.6,"SUS"
"MX_ERNESTO","5","ERNESTO_MX_2012",2014-03-01,33.3,"SG"
"MX_GRACE","3","GRACE_MX_2021",2014-03-01,28.3,"C"
"MX_TAMPS_EMILY","6","EMILY_TAMPS_MX_2005",2014-03-01,27.1,"WG"
"NC_US_ISABEL","4","ISABEL_US_NC_2003",2014-03-01,16,"SUS"
"NIC_ETA","2","ETA_NIC_2020",2014-03-01,32.1,"CA"
"NIC_FELIX","2","FELIX_NIC_2007",2014-03-01,31.4,"CA"
"NIC_IOTA","2","IOTA_NIC_2020",2014-03-01,32.2,"CA"
"PR_USA_MARIA","3","MARIA_US_PR_2017",2014-03-01,31.4,"C"
"QROO_WILMA","3","WILMA_QROO_2005",2014-03-01,31.9,"C"
"TX_US_HARVEY","6","HARVEY_US_TX_2017",2014-03-01,23.4,"WG"
"TX_US_IKE","4","IKE_US_TX_2008",2014-03-01,21.1,"SUS"
"TX_US_RITA","4","RITA_US_TX_2005",2014-03-01,21,"SUS"
"US_FL_DELTA","4","DELTA_US_LA_2020",2014-03-01,20.2,"SUS"
"US_FL_DENNIS","4","DENNIS_US_FL_2005",2014-03-01,20.6,"SUS"
"VER_MX_KARL","5","KARL_MX_VER_2010",2014-03-01,31.7,"SG"
"YUC_DELTA","5","DELTA_YUCATAN_MX_2020",2014-03-01,32.9,"SG"
"YUC_MX_EMILY","5","EMILY_MX_YUC_2005",2014-03-01,33.9,"SG"
"YUC_MX_ISIDORE","5","ISIDORE_MX_YUC_2002",2014-03-01,34.7,"SG"
"AL_US_IVAN","4","IVAN_US_AL_2004",2014-04-01,25.3,"SUS"
"AL_US_SALLY","4","SALLY_US_AL_2020",2014-04-01,24.9,"SUS"
"ALEX","6","ALEX_2010",2014-04-01,32.8,"WG"
"BELICE_RICHARD","3","RICHARD_BELICE_2010",2014-04-01,33,"C"
"BELIZE_IRIS","2","IRIS_BELIZE_2001",2014-04-01,33.2,"CA"
"BETA","2","BETA_2005",2014-04-01,32.2,"CA"
"CR_OTTO","2","OTTO_CR_2016",2014-04-01,33.6,"CA"
"CUBA_DENNIS","3","DENNIS_CUBA_2005",2014-04-01,32.9,"C"
"CUBA_GUSTAV","3","GUSTAV_CUBA_2008",2014-04-01,31.2,"C"
"CUBA_IAN","3","IAN_CUBA_2022",2014-04-01,31.2,"C"
"CUBA_MICHELLE","3","MICHELLE_CUBA_2001",2014-04-01,32.9,"C"
"CUBA_PALOMA","3","PALOMA_CUBA_2008",2014-04-01,32.6,"C"
"CUBA_SANDY","3","SANDY_CUBA_2012",2014-04-01,32.3,"C"
"DEAN_QROO_MX","5","DEAN_QROO_MX_2007",2014-04-01,34,"SG"
"FL_US_CHARLEY","1","CHARLEY_2004",2014-04-01,30,"FP"
"FL_US_FRANCES","1","FRANCES_US_FL_2004",2014-04-01,29.8,"FP"
"FL_US_IAN","1","IAN_US_FL_2022",2014-04-01,30.1,"FP"
"FL_US_IRMA","1","IRMA_US_FL_2017",2014-04-01,30.3,"FP"
"FL_US_JEANNE","1","JEANNE_US_FL_2004",2014-04-01,29.9,"FP"
"FL_US_MICHAEL","4","MICHAEL_US_FL_2018",2014-04-01,25.9,"SUS"
"FL_US_WILMA","1","WILMA_US_FL_2005",2014-04-01,30.1,"FP"
"LA_US_GUSTAV","4","GUSTAV_US_LA_2008",2014-04-01,25.2,"SUS"
"LA_US_IDA","4","IDA_US_LA_2009",2014-04-01,25.4,"SUS"
"LA_US_KATRINA","4","KATRINA_US_LA_2005",2014-04-01,24.9,"SUS"
"LA_US_LAURA","4","LAURA_US_LA_2020",2014-04-01,25.5,"SUS"
"LA_US_ZETA","4","ZETA_US_LA_2020",2014-04-01,25.9,"SUS"
"MX_ERNESTO","5","ERNESTO_MX_2012",2014-04-01,34,"SG"
"MX_GRACE","3","GRACE_MX_2021",2014-04-01,31.8,"C"
"MX_TAMPS_EMILY","6","EMILY_TAMPS_MX_2005",2014-04-01,31.7,"WG"
"NC_US_ISABEL","4","ISABEL_US_NC_2003",2014-04-01,23,"SUS"
"NIC_ETA","2","ETA_NIC_2020",2014-04-01,32.4,"CA"
"NIC_FELIX","2","FELIX_NIC_2007",2014-04-01,31.8,"CA"
"NIC_IOTA","2","IOTA_NIC_2020",2014-04-01,32.5,"CA"
"PR_USA_MARIA","3","MARIA_US_PR_2017",2014-04-01,32.2,"C"
"QROO_WILMA","3","WILMA_QROO_2005",2014-04-01,32.5,"C"
"TX_US_HARVEY","6","HARVEY_US_TX_2017",2014-04-01,28.8,"WG"
"TX_US_IKE","4","IKE_US_TX_2008",2014-04-01,26.2,"SUS"
"TX_US_RITA","4","RITA_US_TX_2005",2014-04-01,26.3,"SUS"
"US_FL_DELTA","4","DELTA_US_LA_2020",2014-04-01,25.5,"SUS"
"US_FL_DENNIS","4","DENNIS_US_FL_2005",2014-04-01,25.3,"SUS"
"VER_MX_KARL","5","KARL_MX_VER_2010",2014-04-01,34.7,"SG"
"YUC_DELTA","5","DELTA_YUCATAN_MX_2020",2014-04-01,33.9,"SG"
"YUC_MX_EMILY","5","EMILY_MX_YUC_2005",2014-04-01,34.6,"SG"
"YUC_MX_ISIDORE","5","ISIDORE_MX_YUC_2002",2014-04-01,35.5,"SG"
"AL_US_IVAN","4","IVAN_US_AL_2004",2014-05-01,29,"SUS"
"AL_US_SALLY","4","SALLY_US_AL_2020",2014-05-01,28.9,"SUS"
"ALEX","6","ALEX_2010",2014-05-01,34.6,"WG"
"BELICE_RICHARD","3","RICHARD_BELICE_2010",2014-05-01,31.7,"C"
"BELIZE_IRIS","2","IRIS_BELIZE_2001",2014-05-01,31.6,"CA"
"BETA","2","BETA_2005",2014-05-01,32.6,"CA"
"CR_OTTO","2","OTTO_CR_2016",2014-05-01,33.1,"CA"
"CUBA_DENNIS","3","DENNIS_CUBA_2005",2014-05-01,32.3,"C"
"CUBA_GUSTAV","3","GUSTAV_CUBA_2008",2014-05-01,31.4,"C"
"CUBA_IAN","3","IAN_CUBA_2022",2014-05-01,31.3,"C"
"CUBA_MICHELLE","3","MICHELLE_CUBA_2001",2014-05-01,32.2,"C"
"CUBA_PALOMA","3","PALOMA_CUBA_2008",2014-05-01,31.6,"C"
"CUBA_SANDY","3","SANDY_CUBA_2012",2014-05-01,31.2,"C"
"DEAN_QROO_MX","5","DEAN_QROO_MX_2007",2014-05-01,33.3,"SG"
"FL_US_CHARLEY","1","CHARLEY_2004",2014-05-01,32,"FP"
"FL_US_FRANCES","1","FRANCES_US_FL_2004",2014-05-01,31.8,"FP"
"FL_US_IAN","1","IAN_US_FL_2022",2014-05-01,32.2,"FP"
"FL_US_IRMA","1","IRMA_US_FL_2017",2014-05-01,32.2,"FP"
"FL_US_JEANNE","1","JEANNE_US_FL_2004",2014-05-01,31.7,"FP"
"FL_US_MICHAEL","4","MICHAEL_US_FL_2018",2014-05-01,30,"SUS"
"FL_US_WILMA","1","WILMA_US_FL_2005",2014-05-01,31.7,"FP"
"LA_US_GUSTAV","4","GUSTAV_US_LA_2008",2014-05-01,28.6,"SUS"
"LA_US_IDA","4","IDA_US_LA_2009",2014-05-01,29,"SUS"
"LA_US_KATRINA","4","KATRINA_US_LA_2005",2014-05-01,28.7,"SUS"
"LA_US_LAURA","4","LAURA_US_LA_2020",2014-05-01,29,"SUS"
"LA_US_ZETA","4","ZETA_US_LA_2020",2014-05-01,29.2,"SUS"
"MX_ERNESTO","5","ERNESTO_MX_2012",2014-05-01,33.3,"SG"
"MX_GRACE","3","GRACE_MX_2021",2014-05-01,33.4,"C"
"MX_TAMPS_EMILY","6","EMILY_TAMPS_MX_2005",2014-05-01,33.8,"WG"
"NC_US_ISABEL","4","ISABEL_US_NC_2003",2014-05-01,28.3,"SUS"
"NIC_ETA","2","ETA_NIC_2020",2014-05-01,31.9,"CA"
"NIC_FELIX","2","FELIX_NIC_2007",2014-05-01,31.9,"CA"
"NIC_IOTA","2","IOTA_NIC_2020",2014-05-01,31.9,"CA"
"PR_USA_MARIA","3","MARIA_US_PR_2017",2014-05-01,31.9,"C"
"QROO_WILMA","3","WILMA_QROO_2005",2014-05-01,32.1,"C"
"TX_US_HARVEY","6","HARVEY_US_TX_2017",2014-05-01,30.8,"WG"
"TX_US_IKE","4","IKE_US_TX_2008",2014-05-01,29.4,"SUS"
"TX_US_RITA","4","RITA_US_TX_2005",2014-05-01,29.5,"SUS"
"US_FL_DELTA","4","DELTA_US_LA_2020",2014-05-01,29,"SUS"
"US_FL_DENNIS","4","DENNIS_US_FL_2005",2014-05-01,29,"SUS"
"VER_MX_KARL","5","KARL_MX_VER_2010",2014-05-01,35.2,"SG"
"YUC_DELTA","5","DELTA_YUCATAN_MX_2020",2014-05-01,33.2,"SG"
"YUC_MX_EMILY","5","EMILY_MX_YUC_2005",2014-05-01,33.8,"SG"
"YUC_MX_ISIDORE","5","ISIDORE_MX_YUC_2002",2014-05-01,34.9,"SG"
"AL_US_IVAN","4","IVAN_US_AL_2004",2014-06-01,32,"SUS"
"AL_US_SALLY","4","SALLY_US_AL_2020",2014-06-01,31.6,"SUS"
"ALEX","6","ALEX_2010",2014-06-01,36.5,"WG"
"BELICE_RICHARD","3","RICHARD_BELICE_2010",2014-06-01,33.6,"C"
"BELIZE_IRIS","2","IRIS_BELIZE_2001",2014-06-01,34,"CA"
"BETA","2","BETA_2005",2014-06-01,30,"CA"
"CR_OTTO","2","OTTO_CR_2016",2014-06-01,31.3,"CA"
"CUBA_DENNIS","3","DENNIS_CUBA_2005",2014-06-01,32.5,"C"
"CUBA_GUSTAV","3","GUSTAV_CUBA_2008",2014-06-01,32.1,"C"
"CUBA_IAN","3","IAN_CUBA_2022",2014-06-01,32.1,"C"
"CUBA_MICHELLE","3","MICHELLE_CUBA_2001",2014-06-01,32.5,"C"
"CUBA_PALOMA","3","PALOMA_CUBA_2008",2014-06-01,32.6,"C"
"CUBA_SANDY","3","SANDY_CUBA_2012",2014-06-01,33,"C"
"DEAN_QROO_MX","5","DEAN_QROO_MX_2007",2014-06-01,34.6,"SG"
"FL_US_CHARLEY","1","CHARLEY_2004",2014-06-01,33.3,"FP"
"FL_US_FRANCES","1","FRANCES_US_FL_2004",2014-06-01,33.2,"FP"
"FL_US_IAN","1","IAN_US_FL_2022",2014-06-01,33.4,"FP"
"FL_US_IRMA","1","IRMA_US_FL_2017",2014-06-01,33.3,"FP"
"FL_US_JEANNE","1","JEANNE_US_FL_2004",2014-06-01,33.2,"FP"
"FL_US_MICHAEL","4","MICHAEL_US_FL_2018",2014-06-01,32.7,"SUS"
"FL_US_WILMA","1","WILMA_US_FL_2005",2014-06-01,32.8,"FP"
"LA_US_GUSTAV","4","GUSTAV_US_LA_2008",2014-06-01,31.4,"SUS"
"LA_US_IDA","4","IDA_US_LA_2009",2014-06-01,31.7,"SUS"
"LA_US_KATRINA","4","KATRINA_US_LA_2005",2014-06-01,31.8,"SUS"
"LA_US_LAURA","4","LAURA_US_LA_2020",2014-06-01,32.1,"SUS"
"LA_US_ZETA","4","ZETA_US_LA_2020",2014-06-01,31.6,"SUS"
"MX_ERNESTO","5","ERNESTO_MX_2012",2014-06-01,34.6,"SG"
"MX_GRACE","3","GRACE_MX_2021",2014-06-01,33.8,"C"
"MX_TAMPS_EMILY","6","EMILY_TAMPS_MX_2005",2014-06-01,35.8,"WG"
"NC_US_ISABEL","4","ISABEL_US_NC_2003",2014-06-01,31.1,"SUS"
"NIC_ETA","2","ETA_NIC_2020",2014-06-01,31.1,"CA"
"NIC_FELIX","2","FELIX_NIC_2007",2014-06-01,31.3,"CA"
"NIC_IOTA","2","IOTA_NIC_2020",2014-06-01,31,"CA"
"PR_USA_MARIA","3","MARIA_US_PR_2017",2014-06-01,32.8,"C"
"QROO_WILMA","3","WILMA_QROO_2005",2014-06-01,34.2,"C"
"TX_US_HARVEY","6","HARVEY_US_TX_2017",2014-06-01,33.6,"WG"
"TX_US_IKE","4","IKE_US_TX_2008",2014-06-01,32.5,"SUS"
"TX_US_RITA","4","RITA_US_TX_2005",2014-06-01,32.5,"SUS"
"US_FL_DELTA","4","DELTA_US_LA_2020",2014-06-01,32.1,"SUS"
"US_FL_DENNIS","4","DENNIS_US_FL_2005",2014-06-01,32,"SUS"
"VER_MX_KARL","5","KARL_MX_VER_2010",2014-06-01,33.7,"SG"
"YUC_DELTA","5","DELTA_YUCATAN_MX_2020",2014-06-01,34.8,"SG"
"YUC_MX_EMILY","5","EMILY_MX_YUC_2005",2014-06-01,35.4,"SG"
"YUC_MX_ISIDORE","5","ISIDORE_MX_YUC_2002",2014-06-01,36.1,"SG"
"AL_US_IVAN","4","IVAN_US_AL_2004",2014-07-01,32.6,"SUS"
"AL_US_SALLY","4","SALLY_US_AL_2020",2014-07-01,32,"SUS"
"ALEX","6","ALEX_2010",2014-07-01,36.9,"WG"
"BELICE_RICHARD","3","RICHARD_BELICE_2010",2014-07-01,32.8,"C"
"BELIZE_IRIS","2","IRIS_BELIZE_2001",2014-07-01,32.7,"CA"
"BETA","2","BETA_2005",2014-07-01,30.5,"CA"
"CR_OTTO","2","OTTO_CR_2016",2014-07-01,31.9,"CA"
"CUBA_DENNIS","3","DENNIS_CUBA_2005",2014-07-01,34.1,"C"
"CUBA_GUSTAV","3","GUSTAV_CUBA_2008",2014-07-01,33,"C"
"CUBA_IAN","3","IAN_CUBA_2022",2014-07-01,33,"C"
"CUBA_MICHELLE","3","MICHELLE_CUBA_2001",2014-07-01,34.1,"C"
"CUBA_PALOMA","3","PALOMA_CUBA_2008",2014-07-01,34,"C"
"CUBA_SANDY","3","SANDY_CUBA_2012",2014-07-01,34.2,"C"
"DEAN_QROO_MX","5","DEAN_QROO_MX_2007",2014-07-01,34.1,"SG"
"FL_US_CHARLEY","1","CHARLEY_2004",2014-07-01,33.7,"FP"
"FL_US_FRANCES","1","FRANCES_US_FL_2004",2014-07-01,33.8,"FP"
"FL_US_IAN","1","IAN_US_FL_2022",2014-07-01,34,"FP"
"FL_US_IRMA","1","IRMA_US_FL_2017",2014-07-01,33.9,"FP"
"FL_US_JEANNE","1","JEANNE_US_FL_2004",2014-07-01,33.8,"FP"
"FL_US_MICHAEL","4","MICHAEL_US_FL_2018",2014-07-01,32.9,"SUS"
"FL_US_WILMA","1","WILMA_US_FL_2005",2014-07-01,33.7,"FP"
"LA_US_GUSTAV","4","GUSTAV_US_LA_2008",2014-07-01,31.8,"SUS"
"LA_US_IDA","4","IDA_US_LA_2009",2014-07-01,32.1,"SUS"
"LA_US_KATRINA","4","KATRINA_US_LA_2005",2014-07-01,32.2,"SUS"
"LA_US_LAURA","4","LAURA_US_LA_2020",2014-07-01,33.2,"SUS"
"LA_US_ZETA","4","ZETA_US_LA_2020",2014-07-01,32.2,"SUS"
"MX_ERNESTO","5","ERNESTO_MX_2012",2014-07-01,34,"SG"
"MX_GRACE","3","GRACE_MX_2021",2014-07-01,34,"C"
"MX_TAMPS_EMILY","6","EMILY_TAMPS_MX_2005",2014-07-01,36.5,"WG"
"NC_US_ISABEL","4","ISABEL_US_NC_2003",2014-07-01,31.6,"SUS"
"NIC_ETA","2","ETA_NIC_2020",2014-07-01,31,"CA"
"NIC_FELIX","2","FELIX_NIC_2007",2014-07-01,31.1,"CA"
"NIC_IOTA","2","IOTA_NIC_2020",2014-07-01,31.1,"CA"
"PR_USA_MARIA","3","MARIA_US_PR_2017",2014-07-01,33.2,"C"
"QROO_WILMA","3","WILMA_QROO_2005",2014-07-01,34.3,"C"
"TX_US_HARVEY","6","HARVEY_US_TX_2017",2014-07-01,35.3,"WG"
"TX_US_IKE","4","IKE_US_TX_2008",2014-07-01,34.1,"SUS"
"TX_US_RITA","4","RITA_US_TX_2005",2014-07-01,33.8,"SUS"
"US_FL_DELTA","4","DELTA_US_LA_2020",2014-07-01,32.8,"SUS"
"US_FL_DENNIS","4","DENNIS_US_FL_2005",2014-07-01,32.6,"SUS"
"VER_MX_KARL","5","KARL_MX_VER_2010",2014-07-01,33.3,"SG"
"YUC_DELTA","5","DELTA_YUCATAN_MX_2020",2014-07-01,34.5,"SG"
"YUC_MX_EMILY","5","EMILY_MX_YUC_2005",2014-07-01,34.9,"SG"
"YUC_MX_ISIDORE","5","ISIDORE_MX_YUC_2002",2014-07-01,34.9,"SG"
"AL_US_IVAN","4","IVAN_US_AL_2004",2014-08-01,33.9,"SUS"
"AL_US_SALLY","4","SALLY_US_AL_2020",2014-08-01,33.3,"SUS"
"ALEX","6","ALEX_2010",2014-08-01,37.5,"WG"
"BELICE_RICHARD","3","RICHARD_BELICE_2010",2014-08-01,33.4,"C"
"BELIZE_IRIS","2","IRIS_BELIZE_2001",2014-08-01,33,"CA"
"BETA","2","BETA_2005",2014-08-01,29.9,"CA"
"CR_OTTO","2","OTTO_CR_2016",2014-08-01,31.1,"CA"
"CUBA_DENNIS","3","DENNIS_CUBA_2005",2014-08-01,34.5,"C"
"CUBA_GUSTAV","3","GUSTAV_CUBA_2008",2014-08-01,33.5,"C"
"CUBA_IAN","3","IAN_CUBA_2022",2014-08-01,33.5,"C"
"CUBA_MICHELLE","3","MICHELLE_CUBA_2001",2014-08-01,34.5,"C"
"CUBA_PALOMA","3","PALOMA_CUBA_2008",2014-08-01,34.4,"C"
"CUBA_SANDY","3","SANDY_CUBA_2012",2014-08-01,34.8,"C"
"DEAN_QROO_MX","5","DEAN_QROO_MX_2007",2014-08-01,34.6,"SG"
"FL_US_CHARLEY","1","CHARLEY_2004",2014-08-01,34.4,"FP"
"FL_US_FRANCES","1","FRANCES_US_FL_2004",2014-08-01,34.5,"FP"
"FL_US_IAN","1","IAN_US_FL_2022",2014-08-01,34.7,"FP"
"FL_US_IRMA","1","IRMA_US_FL_2017",2014-08-01,34.4,"FP"
"FL_US_JEANNE","1","JEANNE_US_FL_2004",2014-08-01,34.5,"FP"
"FL_US_MICHAEL","4","MICHAEL_US_FL_2018",2014-08-01,34.2,"SUS"
"FL_US_WILMA","1","WILMA_US_FL_2005",2014-08-01,34.4,"FP"
"LA_US_GUSTAV","4","GUSTAV_US_LA_2008",2014-08-01,33.1,"SUS"
"LA_US_IDA","4","IDA_US_LA_2009",2014-08-01,33.4,"SUS"
"LA_US_KATRINA","4","KATRINA_US_LA_2005",2014-08-01,33.8,"SUS"
"LA_US_LAURA","4","LAURA_US_LA_2020",2014-08-01,34.3,"SUS"
"LA_US_ZETA","4","ZETA_US_LA_2020",2014-08-01,33.7,"SUS"
"MX_ERNESTO","5","ERNESTO_MX_2012",2014-08-01,34.5,"SG"
"MX_GRACE","3","GRACE_MX_2021",2014-08-01,34.7,"C"
"MX_TAMPS_EMILY","6","EMILY_TAMPS_MX_2005",2014-08-01,37.3,"WG"
"NC_US_ISABEL","4","ISABEL_US_NC_2003",2014-08-01,29.8,"SUS"
"NIC_ETA","2","ETA_NIC_2020",2014-08-01,30.8,"CA"
"NIC_FELIX","2","FELIX_NIC_2007",2014-08-01,30.9,"CA"
"NIC_IOTA","2","IOTA_NIC_2020",2014-08-01,30.8,"CA"
"PR_USA_MARIA","3","MARIA_US_PR_2017",2014-08-01,33,"C"
"QROO_WILMA","3","WILMA_QROO_2005",2014-08-01,34.9,"C"
"TX_US_HARVEY","6","HARVEY_US_TX_2017",2014-08-01,37,"WG"
"TX_US_IKE","4","IKE_US_TX_2008",2014-08-01,35.5,"SUS"
"TX_US_RITA","4","RITA_US_TX_2005",2014-08-01,34.9,"SUS"
"US_FL_DELTA","4","DELTA_US_LA_2020",2014-08-01,33.9,"SUS"
"US_FL_DENNIS","4","DENNIS_US_FL_2005",2014-08-01,33.9,"SUS"
"VER_MX_KARL","5","KARL_MX_VER_2010",2014-08-01,34.2,"SG"
"YUC_DELTA","5","DELTA_YUCATAN_MX_2020",2014-08-01,34.9,"SG"
"YUC_MX_EMILY","5","EMILY_MX_YUC_2005",2014-08-01,35.3,"SG"
"YUC_MX_ISIDORE","5","ISIDORE_MX_YUC_2002",2014-08-01,35.5,"SG"
"AL_US_IVAN","4","IVAN_US_AL_2004",2014-09-01,31.7,"SUS"
"AL_US_SALLY","4","SALLY_US_AL_2020",2014-09-01,31.2,"SUS"
"ALEX","6","ALEX_2010",2014-09-01,33.2,"WG"
"BELICE_RICHARD","3","RICHARD_BELICE_2010",2014-09-01,31.3,"C"
"BELIZE_IRIS","2","IRIS_BELIZE_2001",2014-09-01,31.1,"CA"
"BETA","2","BETA_2005",2014-09-01,29.7,"CA"
"CR_OTTO","2","OTTO_CR_2016",2014-09-01,30.4,"CA"
"CUBA_DENNIS","3","DENNIS_CUBA_2005",2014-09-01,33.4,"C"
"CUBA_GUSTAV","3","GUSTAV_CUBA_2008",2014-09-01,31.9,"C"
"CUBA_IAN","3","IAN_CUBA_2022",2014-09-01,32,"C"
"CUBA_MICHELLE","3","MICHELLE_CUBA_2001",2014-09-01,33.4,"C"
"CUBA_PALOMA","3","PALOMA_CUBA_2008",2014-09-01,33.5,"C"
"CUBA_SANDY","3","SANDY_CUBA_2012",2014-09-01,34.2,"C"
"DEAN_QROO_MX","5","DEAN_QROO_MX_2007",2014-09-01,32.1,"SG"
"FL_US_CHARLEY","1","CHARLEY_2004",2014-09-01,32.4,"FP"
"FL_US_FRANCES","1","FRANCES_US_FL_2004",2014-09-01,32.4,"FP"
"FL_US_IAN","1","IAN_US_FL_2022",2014-09-01,32.5,"FP"
"FL_US_IRMA","1","IRMA_US_FL_2017",2014-09-01,32.6,"FP"
"FL_US_JEANNE","1","JEANNE_US_FL_2004",2014-09-01,32.4,"FP"
"FL_US_MICHAEL","4","MICHAEL_US_FL_2018",2014-09-01,31.6,"SUS"
"FL_US_WILMA","1","WILMA_US_FL_2005",2014-09-01,32.6,"FP"
"LA_US_GUSTAV","4","GUSTAV_US_LA_2008",2014-09-01,31.6,"SUS"
"LA_US_IDA","4","IDA_US_LA_2009",2014-09-01,31.8,"SUS"
"LA_US_KATRINA","4","KATRINA_US_LA_2005",2014-09-01,31.9,"SUS"
"LA_US_LAURA","4","LAURA_US_LA_2020",2014-09-01,32.2,"SUS"
"LA_US_ZETA","4","ZETA_US_LA_2020",2014-09-01,31.8,"SUS"
"MX_ERNESTO","5","ERNESTO_MX_2012",2014-09-01,32,"SG"
"MX_GRACE","3","GRACE_MX_2021",2014-09-01,31.4,"C"
"MX_TAMPS_EMILY","6","EMILY_TAMPS_MX_2005",2014-09-01,32.9,"WG"
"NC_US_ISABEL","4","ISABEL_US_NC_2003",2014-09-01,28.1,"SUS"
"NIC_ETA","2","ETA_NIC_2020",2014-09-01,30.5,"CA"
"NIC_FELIX","2","FELIX_NIC_2007",2014-09-01,30.7,"CA"
"NIC_IOTA","2","IOTA_NIC_2020",2014-09-01,30.5,"CA"
"PR_USA_MARIA","3","MARIA_US_PR_2017",2014-09-01,33.2,"C"
"QROO_WILMA","3","WILMA_QROO_2005",2014-09-01,32.3,"C"
"TX_US_HARVEY","6","HARVEY_US_TX_2017",2014-09-01,33.4,"WG"
"TX_US_IKE","4","IKE_US_TX_2008",2014-09-01,32.6,"SUS"
"TX_US_RITA","4","RITA_US_TX_2005",2014-09-01,32.4,"SUS"
"US_FL_DELTA","4","DELTA_US_LA_2020",2014-09-01,32,"SUS"
"US_FL_DENNIS","4","DENNIS_US_FL_2005",2014-09-01,31.7,"SUS"
"VER_MX_KARL","5","KARL_MX_VER_2010",2014-09-01,31.2,"SG"
"YUC_DELTA","5","DELTA_YUCATAN_MX_2020",2014-09-01,32.2,"SG"
"YUC_MX_EMILY","5","EMILY_MX_YUC_2005",2014-09-01,32.5,"SG"
"YUC_MX_ISIDORE","5","ISIDORE_MX_YUC_2002",2014-09-01,32.6,"SG"
"AL_US_IVAN","4","IVAN_US_AL_2004",2014-10-01,27.8,"SUS"
"AL_US_SALLY","4","SALLY_US_AL_2020",2014-10-01,27.5,"SUS"
"ALEX","6","ALEX_2010",2014-10-01,32.5,"WG"
"BELICE_RICHARD","3","RICHARD_BELICE_2010",2014-10-01,31.6,"C"
"BELIZE_IRIS","2","IRIS_BELIZE_2001",2014-10-01,30.7,"CA"
"BETA","2","BETA_2005",2014-10-01,30.3,"CA"
"CR_OTTO","2","OTTO_CR_2016",2014-10-01,30.7,"CA"
"CUBA_DENNIS","3","DENNIS_CUBA_2005",2014-10-01,32.3,"C"
"CUBA_GUSTAV","3","GUSTAV_CUBA_2008",2014-10-01,31.1,"C"
"CUBA_IAN","3","IAN_CUBA_2022",2014-10-01,31,"C"
"CUBA_MICHELLE","3","MICHELLE_CUBA_2001",2014-10-01,32.3,"C"
"CUBA_PALOMA","3","PALOMA_CUBA_2008",2014-10-01,32,"C"
"CUBA_SANDY","3","SANDY_CUBA_2012",2014-10-01,32.5,"C"
"DEAN_QROO_MX","5","DEAN_QROO_MX_2007",2014-10-01,31.7,"SG"
"FL_US_CHARLEY","1","CHARLEY_2004",2014-10-01,31,"FP"
"FL_US_FRANCES","1","FRANCES_US_FL_2004",2014-10-01,30.6,"FP"
"FL_US_IAN","1","IAN_US_FL_2022",2014-10-01,31.1,"FP"
"FL_US_IRMA","1","IRMA_US_FL_2017",2014-10-01,31.4,"FP"
"FL_US_JEANNE","1","JEANNE_US_FL_2004",2014-10-01,30.6,"FP"
"FL_US_MICHAEL","4","MICHAEL_US_FL_2018",2014-10-01,28.6,"SUS"
"FL_US_WILMA","1","WILMA_US_FL_2005",2014-10-01,31.3,"FP"
"LA_US_GUSTAV","4","GUSTAV_US_LA_2008",2014-10-01,28.5,"SUS"
"LA_US_IDA","4","IDA_US_LA_2009",2014-10-01,28.5,"SUS"
"LA_US_KATRINA","4","KATRINA_US_LA_2005",2014-10-01,29.2,"SUS"
"LA_US_LAURA","4","LAURA_US_LA_2020",2014-10-01,28.8,"SUS"
"LA_US_ZETA","4","ZETA_US_LA_2020",2014-10-01,28.5,"SUS"
"MX_ERNESTO","5","ERNESTO_MX_2012",2014-10-01,31.7,"SG"
"MX_GRACE","3","GRACE_MX_2021",2014-10-01,30.8,"C"
"MX_TAMPS_EMILY","6","EMILY_TAMPS_MX_2005",2014-10-01,32.5,"WG"
"NC_US_ISABEL","4","ISABEL_US_NC_2003",2014-10-01,24.6,"SUS"
"NIC_ETA","2","ETA_NIC_2020",2014-10-01,30.7,"CA"
"NIC_FELIX","2","FELIX_NIC_2007",2014-10-01,30.6,"CA"
"NIC_IOTA","2","IOTA_NIC_2020",2014-10-01,30.7,"CA"
"PR_USA_MARIA","3","MARIA_US_PR_2017",2014-10-01,33.2,"C"
"QROO_WILMA","3","WILMA_QROO_2005",2014-10-01,31.5,"C"
"TX_US_HARVEY","6","HARVEY_US_TX_2017",2014-10-01,31.6,"WG"
"TX_US_IKE","4","IKE_US_TX_2008",2014-10-01,29.7,"SUS"
"TX_US_RITA","4","RITA_US_TX_2005",2014-10-01,29.5,"SUS"
"US_FL_DELTA","4","DELTA_US_LA_2020",2014-10-01,28.7,"SUS"
"US_FL_DENNIS","4","DENNIS_US_FL_2005",2014-10-01,27.7,"SUS"
"VER_MX_KARL","5","KARL_MX_VER_2010",2014-10-01,31.3,"SG"
"YUC_DELTA","5","DELTA_YUCATAN_MX_2020",2014-10-01,31.5,"SG"
"YUC_MX_EMILY","5","EMILY_MX_YUC_2005",2014-10-01,32.3,"SG"
"YUC_MX_ISIDORE","5","ISIDORE_MX_YUC_2002",2014-10-01,31.9,"SG"
"AL_US_IVAN","4","IVAN_US_AL_2004",2014-11-01,19.4,"SUS"
"AL_US_SALLY","4","SALLY_US_AL_2020",2014-11-01,19.2,"SUS"
"ALEX","6","ALEX_2010",2014-11-01,25.5,"WG"
"BELICE_RICHARD","3","RICHARD_BELICE_2010",2014-11-01,29.7,"C"
"BELIZE_IRIS","2","IRIS_BELIZE_2001",2014-11-01,29.4,"CA"
"BETA","2","BETA_2005",2014-11-01,29.6,"CA"
"CR_OTTO","2","OTTO_CR_2016",2014-11-01,30.2,"CA"
"CUBA_DENNIS","3","DENNIS_CUBA_2005",2014-11-01,29.3,"C"
"CUBA_GUSTAV","3","GUSTAV_CUBA_2008",2014-11-01,28.2,"C"
"CUBA_IAN","3","IAN_CUBA_2022",2014-11-01,27.9,"C"
"CUBA_MICHELLE","3","MICHELLE_CUBA_2001",2014-11-01,29.3,"C"
"CUBA_PALOMA","3","PALOMA_CUBA_2008",2014-11-01,30.5,"C"
"CUBA_SANDY","3","SANDY_CUBA_2012",2014-11-01,31.4,"C"
"DEAN_QROO_MX","5","DEAN_QROO_MX_2007",2014-11-01,30,"SG"
"FL_US_CHARLEY","1","CHARLEY_2004",2014-11-01,26.3,"FP"
"FL_US_FRANCES","1","FRANCES_US_FL_2004",2014-11-01,26,"FP"
"FL_US_IAN","1","IAN_US_FL_2022",2014-11-01,26.7,"FP"
"FL_US_IRMA","1","IRMA_US_FL_2017",2014-11-01,27.2,"FP"
"FL_US_JEANNE","1","JEANNE_US_FL_2004",2014-11-01,26.1,"FP"
"FL_US_MICHAEL","4","MICHAEL_US_FL_2018",2014-11-01,20.6,"SUS"
"FL_US_WILMA","1","WILMA_US_FL_2005",2014-11-01,27.1,"FP"
"LA_US_GUSTAV","4","GUSTAV_US_LA_2008",2014-11-01,21,"SUS"
"LA_US_IDA","4","IDA_US_LA_2009",2014-11-01,21,"SUS"
"LA_US_KATRINA","4","KATRINA_US_LA_2005",2014-11-01,21.2,"SUS"
"LA_US_LAURA","4","LAURA_US_LA_2020",2014-11-01,20,"SUS"
"LA_US_ZETA","4","ZETA_US_LA_2020",2014-11-01,20.8,"SUS"
"MX_ERNESTO","5","ERNESTO_MX_2012",2014-11-01,30,"SG"
"MX_GRACE","3","GRACE_MX_2021",2014-11-01,25.9,"C"
"MX_TAMPS_EMILY","6","EMILY_TAMPS_MX_2005",2014-11-01,24.8,"WG"
"NC_US_ISABEL","4","ISABEL_US_NC_2003",2014-11-01,16.9,"SUS"
"NIC_ETA","2","ETA_NIC_2020",2014-11-01,29.8,"CA"
"NIC_FELIX","2","FELIX_NIC_2007",2014-11-01,29.7,"CA"
"NIC_IOTA","2","IOTA_NIC_2020",2014-11-01,29.8,"CA"
"PR_USA_MARIA","3","MARIA_US_PR_2017",2014-11-01,32.1,"C"
"QROO_WILMA","3","WILMA_QROO_2005",2014-11-01,29.4,"C"
"TX_US_HARVEY","6","HARVEY_US_TX_2017",2014-11-01,21.9,"WG"
"TX_US_IKE","4","IKE_US_TX_2008",2014-11-01,20.7,"SUS"
"TX_US_RITA","4","RITA_US_TX_2005",2014-11-01,20.6,"SUS"
"US_FL_DELTA","4","DELTA_US_LA_2020",2014-11-01,20.2,"SUS"
"US_FL_DENNIS","4","DENNIS_US_FL_2005",2014-11-01,19.3,"SUS"
"VER_MX_KARL","5","KARL_MX_VER_2010",2014-11-01,28.4,"SG"
"YUC_DELTA","5","DELTA_YUCATAN_MX_2020",2014-11-01,29.7,"SG"
"YUC_MX_EMILY","5","EMILY_MX_YUC_2005",2014-11-01,30.6,"SG"
"YUC_MX_ISIDORE","5","ISIDORE_MX_YUC_2002",2014-11-01,30.7,"SG"
"AL_US_IVAN","4","IVAN_US_AL_2004",2014-12-01,18.8,"SUS"
"AL_US_SALLY","4","SALLY_US_AL_2020",2014-12-01,18.9,"SUS"
"ALEX","6","ALEX_2010",2014-12-01,23.3,"WG"
"BELICE_RICHARD","3","RICHARD_BELICE_2010",2014-12-01,29.6,"C"
"BELIZE_IRIS","2","IRIS_BELIZE_2001",2014-12-01,29.2,"CA"
"BETA","2","BETA_2005",2014-12-01,29.4,"CA"
"CR_OTTO","2","OTTO_CR_2016",2014-12-01,30.8,"CA"
"CUBA_DENNIS","3","DENNIS_CUBA_2005",2014-12-01,29.6,"C"
"CUBA_GUSTAV","3","GUSTAV_CUBA_2008",2014-12-01,28.4,"C"
"CUBA_IAN","3","IAN_CUBA_2022",2014-12-01,28,"C"
"CUBA_MICHELLE","3","MICHELLE_CUBA_2001",2014-12-01,29.5,"C"
"CUBA_PALOMA","3","PALOMA_CUBA_2008",2014-12-01,29.6,"C"
"CUBA_SANDY","3","SANDY_CUBA_2012",2014-12-01,30.6,"C"
"DEAN_QROO_MX","5","DEAN_QROO_MX_2007",2014-12-01,29.9,"SG"
"FL_US_CHARLEY","1","CHARLEY_2004",2014-12-01,25.8,"FP"
"FL_US_FRANCES","1","FRANCES_US_FL_2004",2014-12-01,25.6,"FP"
"FL_US_IAN","1","IAN_US_FL_2022",2014-12-01,26,"FP"
"FL_US_IRMA","1","IRMA_US_FL_2017",2014-12-01,26.6,"FP"
"FL_US_JEANNE","1","JEANNE_US_FL_2004",2014-12-01,25.8,"FP"
"FL_US_MICHAEL","4","MICHAEL_US_FL_2018",2014-12-01,20.5,"SUS"
"FL_US_WILMA","1","WILMA_US_FL_2005",2014-12-01,26.5,"FP"
"LA_US_GUSTAV","4","GUSTAV_US_LA_2008",2014-12-01,20.6,"SUS"
"LA_US_IDA","4","IDA_US_LA_2009",2014-12-01,20.6,"SUS"
"LA_US_KATRINA","4","KATRINA_US_LA_2005",2014-12-01,20.2,"SUS"
"LA_US_LAURA","4","LAURA_US_LA_2020",2014-12-01,18.6,"SUS"
"LA_US_ZETA","4","ZETA_US_LA_2020",2014-12-01,20.3,"SUS"
"MX_ERNESTO","5","ERNESTO_MX_2012",2014-12-01,29.7,"SG"
"MX_GRACE","3","GRACE_MX_2021",2014-12-01,23.1,"C"
"MX_TAMPS_EMILY","6","EMILY_TAMPS_MX_2005",2014-12-01,23.1,"WG"
"NC_US_ISABEL","4","ISABEL_US_NC_2003",2014-12-01,15,"SUS"
"NIC_ETA","2","ETA_NIC_2020",2014-12-01,28.7,"CA"
"NIC_FELIX","2","FELIX_NIC_2007",2014-12-01,29.2,"CA"
"NIC_IOTA","2","IOTA_NIC_2020",2014-12-01,28.8,"CA"
"PR_USA_MARIA","3","MARIA_US_PR_2017",2014-12-01,31.4,"C"
"QROO_WILMA","3","WILMA_QROO_2005",2014-12-01,29.5,"C"
"TX_US_HARVEY","6","HARVEY_US_TX_2017",2014-12-01,20.8,"WG"
"TX_US_IKE","4","IKE_US_TX_2008",2014-12-01,19.2,"SUS"
"TX_US_RITA","4","RITA_US_TX_2005",2014-12-01,19.1,"SUS"
"US_FL_DELTA","4","DELTA_US_LA_2020",2014-12-01,18.9,"SUS"
"US_FL_DENNIS","4","DENNIS_US_FL_2005",2014-12-01,18.9,"SUS"
"VER_MX_KARL","5","KARL_MX_VER_2010",2014-12-01,26.6,"SG"
"YUC_DELTA","5","DELTA_YUCATAN_MX_2020",2014-12-01,29.7,"SG"
"YUC_MX_EMILY","5","EMILY_MX_YUC_2005",2014-12-01,30.6,"SG"
"YUC_MX_ISIDORE","5","ISIDORE_MX_YUC_2002",2014-12-01,30.3,"SG"
"AL_US_IVAN","4","IVAN_US_AL_2004",2015-01-01,16,"SUS"
"AL_US_SALLY","4","SALLY_US_AL_2020",2015-01-01,16.1,"SUS"
"ALEX","6","ALEX_2010",2015-01-01,21.7,"WG"
"BELICE_RICHARD","3","RICHARD_BELICE_2010",2015-01-01,29.6,"C"
"BELIZE_IRIS","2","IRIS_BELIZE_2001",2015-01-01,29.7,"CA"
"BETA","2","BETA_2005",2015-01-01,29.5,"CA"
"CR_OTTO","2","OTTO_CR_2016",2015-01-01,31.8,"CA"
"CUBA_DENNIS","3","DENNIS_CUBA_2005",2015-01-01,29.6,"C"
"CUBA_GUSTAV","3","GUSTAV_CUBA_2008",2015-01-01,28.2,"C"
"CUBA_IAN","3","IAN_CUBA_2022",2015-01-01,27.8,"C"
"CUBA_MICHELLE","3","MICHELLE_CUBA_2001",2015-01-01,29.4,"C"
"CUBA_PALOMA","3","PALOMA_CUBA_2008",2015-01-01,30.3,"C"
"CUBA_SANDY","3","SANDY_CUBA_2012",2015-01-01,31.2,"C"
"DEAN_QROO_MX","5","DEAN_QROO_MX_2007",2015-01-01,30.2,"SG"
"FL_US_CHARLEY","1","CHARLEY_2004",2015-01-01,24.6,"FP"
"FL_US_FRANCES","1","FRANCES_US_FL_2004",2015-01-01,24.5,"FP"
"FL_US_IAN","1","IAN_US_FL_2022",2015-01-01,24.9,"FP"
"FL_US_IRMA","1","IRMA_US_FL_2017",2015-01-01,25.7,"FP"
"FL_US_JEANNE","1","JEANNE_US_FL_2004",2015-01-01,24.7,"FP"
"FL_US_MICHAEL","4","MICHAEL_US_FL_2018",2015-01-01,17.5,"SUS"
"FL_US_WILMA","1","WILMA_US_FL_2005",2015-01-01,25.6,"FP"
"LA_US_GUSTAV","4","GUSTAV_US_LA_2008",2015-01-01,17.7,"SUS"
"LA_US_IDA","4","IDA_US_LA_2009",2015-01-01,17.3,"SUS"
"LA_US_KATRINA","4","KATRINA_US_LA_2005",2015-01-01,16.9,"SUS"
"LA_US_LAURA","4","LAURA_US_LA_2020",2015-01-01,15.6,"SUS"
"LA_US_ZETA","4","ZETA_US_LA_2020",2015-01-01,17,"SUS"
"MX_ERNESTO","5","ERNESTO_MX_2012",2015-01-01,30,"SG"
"MX_GRACE","3","GRACE_MX_2021",2015-01-01,22.8,"C"
"MX_TAMPS_EMILY","6","EMILY_TAMPS_MX_2005",2015-01-01,20.2,"WG"
"NC_US_ISABEL","4","ISABEL_US_NC_2003",2015-01-01,12.5,"SUS"
"NIC_ETA","2","ETA_NIC_2020",2015-01-01,29.7,"CA"
"NIC_FELIX","2","FELIX_NIC_2007",2015-01-01,29.6,"CA"
"NIC_IOTA","2","IOTA_NIC_2020",2015-01-01,29.7,"CA"
"PR_USA_MARIA","3","MARIA_US_PR_2017",2015-01-01,31.3,"C"
"QROO_WILMA","3","WILMA_QROO_2005",2015-01-01,29.5,"C"
"TX_US_HARVEY","6","HARVEY_US_TX_2017",2015-01-01,17.6,"WG"
"TX_US_IKE","4","IKE_US_TX_2008",2015-01-01,16,"SUS"
"TX_US_RITA","4","RITA_US_TX_2005",2015-01-01,15.9,"SUS"
"US_FL_DELTA","4","DELTA_US_LA_2020",2015-01-01,15.3,"SUS"
"US_FL_DENNIS","4","DENNIS_US_FL_2005",2015-01-01,16.1,"SUS"
"VER_MX_KARL","5","KARL_MX_VER_2010",2015-01-01,26.1,"SG"
"YUC_DELTA","5","DELTA_YUCATAN_MX_2020",2015-01-01,29.8,"SG"
"YUC_MX_EMILY","5","EMILY_MX_YUC_2005",2015-01-01,30.9,"SG"
"YUC_MX_ISIDORE","5","ISIDORE_MX_YUC_2002",2015-01-01,30.7,"SG"
"AL_US_IVAN","4","IVAN_US_AL_2004",2015-02-01,15.1,"SUS"
"AL_US_SALLY","4","SALLY_US_AL_2020",2015-02-01,15.3,"SUS"
"ALEX","6","ALEX_2010",2015-02-01,24.3,"WG"
"BELICE_RICHARD","3","RICHARD_BELICE_2010",2015-02-01,30.3,"C"
"BELIZE_IRIS","2","IRIS_BELIZE_2001",2015-02-01,30.9,"CA"
"BETA","2","BETA_2005",2015-02-01,30.4,"CA"
"CR_OTTO","2","OTTO_CR_2016",2015-02-01,32.2,"CA"
"CUBA_DENNIS","3","DENNIS_CUBA_2005",2015-02-01,29,"C"
"CUBA_GUSTAV","3","GUSTAV_CUBA_2008",2015-02-01,27.4,"C"
"CUBA_IAN","3","IAN_CUBA_2022",2015-02-01,27.3,"C"
"CUBA_MICHELLE","3","MICHELLE_CUBA_2001",2015-02-01,29,"C"
"CUBA_PALOMA","3","PALOMA_CUBA_2008",2015-02-01,29.6,"C"
"CUBA_SANDY","3","SANDY_CUBA_2012",2015-02-01,30.7,"C"
"DEAN_QROO_MX","5","DEAN_QROO_MX_2007",2015-02-01,31.3,"SG"
"FL_US_CHARLEY","1","CHARLEY_2004",2015-02-01,23.4,"FP"
"FL_US_FRANCES","1","FRANCES_US_FL_2004",2015-02-01,23.5,"FP"
"FL_US_IAN","1","IAN_US_FL_2022",2015-02-01,23.9,"FP"
"FL_US_IRMA","1","IRMA_US_FL_2017",2015-02-01,24.5,"FP"
"FL_US_JEANNE","1","JEANNE_US_FL_2004",2015-02-01,23.6,"FP"
"FL_US_MICHAEL","4","MICHAEL_US_FL_2018",2015-02-01,16.3,"SUS"
"FL_US_WILMA","1","WILMA_US_FL_2005",2015-02-01,24.5,"FP"
"LA_US_GUSTAV","4","GUSTAV_US_LA_2008",2015-02-01,16.6,"SUS"
"LA_US_IDA","4","IDA_US_LA_2009",2015-02-01,16.6,"SUS"
"LA_US_KATRINA","4","KATRINA_US_LA_2005",2015-02-01,15.8,"SUS"
"LA_US_LAURA","4","LAURA_US_LA_2020",2015-02-01,16.4,"SUS"
"LA_US_ZETA","4","ZETA_US_LA_2020",2015-02-01,16.4,"SUS"
"MX_ERNESTO","5","ERNESTO_MX_2012",2015-02-01,31.2,"SG"
"MX_GRACE","3","GRACE_MX_2021",2015-02-01,24.8,"C"
"MX_TAMPS_EMILY","6","EMILY_TAMPS_MX_2005",2015-02-01,23,"WG"
"NC_US_ISABEL","4","ISABEL_US_NC_2003",2015-02-01,9.6,"SUS"
"NIC_ETA","2","ETA_NIC_2020",2015-02-01,30.5,"CA"
"NIC_FELIX","2","FELIX_NIC_2007",2015-02-01,30.4,"CA"
"NIC_IOTA","2","IOTA_NIC_2020",2015-02-01,30.5,"CA"
"PR_USA_MARIA","3","MARIA_US_PR_2017",2015-02-01,31.3,"C"
"QROO_WILMA","3","WILMA_QROO_2005",2015-02-01,30,"C"
"TX_US_HARVEY","6","HARVEY_US_TX_2017",2015-02-01,19.2,"WG"
"TX_US_IKE","4","IKE_US_TX_2008",2015-02-01,17.1,"SUS"
"TX_US_RITA","4","RITA_US_TX_2005",2015-02-01,17.3,"SUS"
"US_FL_DELTA","4","DELTA_US_LA_2020",2015-02-01,16.1,"SUS"
"US_FL_DENNIS","4","DENNIS_US_FL_2005",2015-02-01,15.3,"SUS"
"VER_MX_KARL","5","KARL_MX_VER_2010",2015-02-01,28,"SG"
"YUC_DELTA","5","DELTA_YUCATAN_MX_2020",2015-02-01,30.8,"SG"
"YUC_MX_EMILY","5","EMILY_MX_YUC_2005",2015-02-01,32,"SG"
"YUC_MX_ISIDORE","5","ISIDORE_MX_YUC_2002",2015-02-01,32.1,"SG"
"AL_US_IVAN","4","IVAN_US_AL_2004",2015-03-01,23.2,"SUS"
"AL_US_SALLY","4","SALLY_US_AL_2020",2015-03-01,23.4,"SUS"
"ALEX","6","ALEX_2010",2015-03-01,26.6,"WG"
"BELICE_RICHARD","3","RICHARD_BELICE_2010",2015-03-01,31.4,"C"
"BELIZE_IRIS","2","IRIS_BELIZE_2001",2015-03-01,32,"CA"
"BETA","2","BETA_2005",2015-03-01,31,"CA"
"CR_OTTO","2","OTTO_CR_2016",2015-03-01,33.1,"CA"
"CUBA_DENNIS","3","DENNIS_CUBA_2005",2015-03-01,32.2,"C"
"CUBA_GUSTAV","3","GUSTAV_CUBA_2008",2015-03-01,30.9,"C"
"CUBA_IAN","3","IAN_CUBA_2022",2015-03-01,30.8,"C"
"CUBA_MICHELLE","3","MICHELLE_CUBA_2001",2015-03-01,32,"C"
"CUBA_PALOMA","3","PALOMA_CUBA_2008",2015-03-01,32,"C"
"CUBA_SANDY","3","SANDY_CUBA_2012",2015-03-01,31.9,"C"
"DEAN_QROO_MX","5","DEAN_QROO_MX_2007",2015-03-01,33.5,"SG"
"FL_US_CHARLEY","1","CHARLEY_2004",2015-03-01,29.1,"FP"
"FL_US_FRANCES","1","FRANCES_US_FL_2004",2015-03-01,29.2,"FP"
"FL_US_IAN","1","IAN_US_FL_2022",2015-03-01,29.4,"FP"
"FL_US_IRMA","1","IRMA_US_FL_2017",2015-03-01,29.7,"FP"
"FL_US_JEANNE","1","JEANNE_US_FL_2004",2015-03-01,29.3,"FP"
"FL_US_MICHAEL","4","MICHAEL_US_FL_2018",2015-03-01,24.4,"SUS"
"FL_US_WILMA","1","WILMA_US_FL_2005",2015-03-01,29.5,"FP"
"LA_US_GUSTAV","4","GUSTAV_US_LA_2008",2015-03-01,23.5,"SUS"
"LA_US_IDA","4","IDA_US_LA_2009",2015-03-01,23.5,"SUS"
"LA_US_KATRINA","4","KATRINA_US_LA_2005",2015-03-01,23.1,"SUS"
"LA_US_LAURA","4","LAURA_US_LA_2020",2015-03-01,22.3,"SUS"
"LA_US_ZETA","4","ZETA_US_LA_2020",2015-03-01,24.8,"SUS"
"MX_ERNESTO","5","ERNESTO_MX_2012",2015-03-01,33.4,"SG"
"MX_GRACE","3","GRACE_MX_2021",2015-03-01,25.7,"C"
"MX_TAMPS_EMILY","6","EMILY_TAMPS_MX_2005",2015-03-01,25.5,"WG"
"NC_US_ISABEL","4","ISABEL_US_NC_2003",2015-03-01,17.4,"SUS"
"NIC_ETA","2","ETA_NIC_2020",2015-03-01,31.9,"CA"
"NIC_FELIX","2","FELIX_NIC_2007",2015-03-01,31.3,"CA"
"NIC_IOTA","2","IOTA_NIC_2020",2015-03-01,32,"CA"
"PR_USA_MARIA","3","MARIA_US_PR_2017",2015-03-01,31.3,"C"
"QROO_WILMA","3","WILMA_QROO_2005",2015-03-01,32.5,"C"
"TX_US_HARVEY","6","HARVEY_US_TX_2017",2015-03-01,23.1,"WG"
"TX_US_IKE","4","IKE_US_TX_2008",2015-03-01,21.8,"SUS"
"TX_US_RITA","4","RITA_US_TX_2005",2015-03-01,22.4,"SUS"
"US_FL_DELTA","4","DELTA_US_LA_2020",2015-03-01,22.4,"SUS"
"US_FL_DENNIS","4","DENNIS_US_FL_2005",2015-03-01,23.4,"SUS"
"VER_MX_KARL","5","KARL_MX_VER_2010",2015-03-01,29,"SG"
"YUC_DELTA","5","DELTA_YUCATAN_MX_2020",2015-03-01,33.4,"SG"
"YUC_MX_EMILY","5","EMILY_MX_YUC_2005",2015-03-01,34.3,"SG"
"YUC_MX_ISIDORE","5","ISIDORE_MX_YUC_2002",2015-03-01,34.9,"SG"
"AL_US_IVAN","4","IVAN_US_AL_2004",2015-04-01,26.8,"SUS"
"AL_US_SALLY","4","SALLY_US_AL_2020",2015-04-01,26.5,"SUS"
"ALEX","6","ALEX_2010",2015-04-01,31.6,"WG"
"BELICE_RICHARD","3","RICHARD_BELICE_2010",2015-04-01,33.7,"C"
"BELIZE_IRIS","2","IRIS_BELIZE_2001",2015-04-01,33.7,"CA"
"BETA","2","BETA_2005",2015-04-01,31.6,"CA"
"CR_OTTO","2","OTTO_CR_2016",2015-04-01,33.2,"CA"
"CUBA_DENNIS","3","DENNIS_CUBA_2005",2015-04-01,33.3,"C"
"CUBA_GUSTAV","3","GUSTAV_CUBA_2008",2015-04-01,32.1,"C"
"CUBA_IAN","3","IAN_CUBA_2022",2015-04-01,32.1,"C"
"CUBA_MICHELLE","3","MICHELLE_CUBA_2001",2015-04-01,33.3,"C"
"CUBA_PALOMA","3","PALOMA_CUBA_2008",2015-04-01,32.5,"C"
"CUBA_SANDY","3","SANDY_CUBA_2012",2015-04-01,32.7,"C"
"DEAN_QROO_MX","5","DEAN_QROO_MX_2007",2015-04-01,35.1,"SG"
"FL_US_CHARLEY","1","CHARLEY_2004",2015-04-01,31.4,"FP"
"FL_US_FRANCES","1","FRANCES_US_FL_2004",2015-04-01,31.2,"FP"
"FL_US_IAN","1","IAN_US_FL_2022",2015-04-01,31.5,"FP"
"FL_US_IRMA","1","IRMA_US_FL_2017",2015-04-01,31.7,"FP"
"FL_US_JEANNE","1","JEANNE_US_FL_2004",2015-04-01,31.3,"FP"
"FL_US_MICHAEL","4","MICHAEL_US_FL_2018",2015-04-01,27.4,"SUS"
"FL_US_WILMA","1","WILMA_US_FL_2005",2015-04-01,31.3,"FP"
"LA_US_GUSTAV","4","GUSTAV_US_LA_2008",2015-04-01,26.7,"SUS"
"LA_US_IDA","4","IDA_US_LA_2009",2015-04-01,26.9,"SUS"
"LA_US_KATRINA","4","KATRINA_US_LA_2005",2015-04-01,26.5,"SUS"
"LA_US_LAURA","4","LAURA_US_LA_2020",2015-04-01,26.6,"SUS"
"LA_US_ZETA","4","ZETA_US_LA_2020",2015-04-01,27.5,"SUS"
"MX_ERNESTO","5","ERNESTO_MX_2012",2015-04-01,35,"SG"
"MX_GRACE","3","GRACE_MX_2021",2015-04-01,31.3,"C"
"MX_TAMPS_EMILY","6","EMILY_TAMPS_MX_2005",2015-04-01,30.5,"WG"
"NC_US_ISABEL","4","ISABEL_US_NC_2003",2015-04-01,23.1,"SUS"
"NIC_ETA","2","ETA_NIC_2020",2015-04-01,32.4,"CA"
"NIC_FELIX","2","FELIX_NIC_2007",2015-04-01,31.9,"CA"
"NIC_IOTA","2","IOTA_NIC_2020",2015-04-01,32.5,"CA"
"PR_USA_MARIA","3","MARIA_US_PR_2017",2015-04-01,31.8,"C"
"QROO_WILMA","3","WILMA_QROO_2005",2015-04-01,33.8,"C"
"TX_US_HARVEY","6","HARVEY_US_TX_2017",2015-04-01,28,"WG"
"TX_US_IKE","4","IKE_US_TX_2008",2015-04-01,26.8,"SUS"
"TX_US_RITA","4","RITA_US_TX_2005",2015-04-01,27.3,"SUS"
"US_FL_DELTA","4","DELTA_US_LA_2020",2015-04-01,26.8,"SUS"
"US_FL_DENNIS","4","DENNIS_US_FL_2005",2015-04-01,26.8,"SUS"
"VER_MX_KARL","5","KARL_MX_VER_2010",2015-04-01,34,"SG"
"YUC_DELTA","5","DELTA_YUCATAN_MX_2020",2015-04-01,35.2,"SG"
"YUC_MX_EMILY","5","EMILY_MX_YUC_2005",2015-04-01,35.8,"SG"
"YUC_MX_ISIDORE","5","ISIDORE_MX_YUC_2002",2015-04-01,36.8,"SG"
"AL_US_IVAN","4","IVAN_US_AL_2004",2015-05-01,30,"SUS"
"AL_US_SALLY","4","SALLY_US_AL_2020",2015-05-01,29.9,"SUS"
"ALEX","6","ALEX_2010",2015-05-01,34.6,"WG"
"BELICE_RICHARD","3","RICHARD_BELICE_2010",2015-05-01,33.6,"C"
"BELIZE_IRIS","2","IRIS_BELIZE_2001",2015-05-01,33.5,"CA"
"BETA","2","BETA_2005",2015-05-01,31.6,"CA"
"CR_OTTO","2","OTTO_CR_2016",2015-05-01,32.8,"CA"
"CUBA_DENNIS","3","DENNIS_CUBA_2005",2015-05-01,32.6,"C"
"CUBA_GUSTAV","3","GUSTAV_CUBA_2008",2015-05-01,32.1,"C"
"CUBA_IAN","3","IAN_CUBA_2022",2015-05-01,32.1,"C"
"CUBA_MICHELLE","3","MICHELLE_CUBA_2001",2015-05-01,32.5,"C"
"CUBA_PALOMA","3","PALOMA_CUBA_2008",2015-05-01,32.2,"C"
"CUBA_SANDY","3","SANDY_CUBA_2012",2015-05-01,32.5,"C"
"DEAN_QROO_MX","5","DEAN_QROO_MX_2007",2015-05-01,35.5,"SG"
"FL_US_CHARLEY","1","CHARLEY_2004",2015-05-01,32.6,"FP"
"FL_US_FRANCES","1","FRANCES_US_FL_2004",2015-05-01,32.3,"FP"
"FL_US_IAN","1","IAN_US_FL_2022",2015-05-01,32.7,"FP"
"FL_US_IRMA","1","IRMA_US_FL_2017",2015-05-01,32.6,"FP"
"FL_US_JEANNE","1","JEANNE_US_FL_2004",2015-05-01,32.2,"FP"
"FL_US_MICHAEL","4","MICHAEL_US_FL_2018",2015-05-01,31.2,"SUS"
"FL_US_WILMA","1","WILMA_US_FL_2005",2015-05-01,32,"FP"
"LA_US_GUSTAV","4","GUSTAV_US_LA_2008",2015-05-01,29.8,"SUS"
"LA_US_IDA","4","IDA_US_LA_2009",2015-05-01,30.1,"SUS"
"LA_US_KATRINA","4","KATRINA_US_LA_2005",2015-05-01,29.8,"SUS"
"LA_US_LAURA","4","LAURA_US_LA_2020",2015-05-01,29.9,"SUS"
"LA_US_ZETA","4","ZETA_US_LA_2020",2015-05-01,30.4,"SUS"
"MX_ERNESTO","5","ERNESTO_MX_2012",2015-05-01,35.5,"SG"
"MX_GRACE","3","GRACE_MX_2021",2015-05-01,33.3,"C"
"MX_TAMPS_EMILY","6","EMILY_TAMPS_MX_2005",2015-05-01,33.6,"WG"
"NC_US_ISABEL","4","ISABEL_US_NC_2003",2015-05-01,28.4,"SUS"
"NIC_ETA","2","ETA_NIC_2020",2015-05-01,32.5,"CA"
"NIC_FELIX","2","FELIX_NIC_2007",2015-05-01,32.3,"CA"
"NIC_IOTA","2","IOTA_NIC_2020",2015-05-01,32.5,"CA"
"PR_USA_MARIA","3","MARIA_US_PR_2017",2015-05-01,32.3,"C"
"QROO_WILMA","3","WILMA_QROO_2005",2015-05-01,34.1,"C"
"TX_US_HARVEY","6","HARVEY_US_TX_2017",2015-05-01,30.1,"WG"
"TX_US_IKE","4","IKE_US_TX_2008",2015-05-01,29.7,"SUS"
"TX_US_RITA","4","RITA_US_TX_2005",2015-05-01,30.3,"SUS"
"US_FL_DELTA","4","DELTA_US_LA_2020",2015-05-01,30.1,"SUS"
"US_FL_DENNIS","4","DENNIS_US_FL_2005",2015-05-01,30,"SUS"
"VER_MX_KARL","5","KARL_MX_VER_2010",2015-05-01,35.1,"SG"
"YUC_DELTA","5","DELTA_YUCATAN_MX_2020",2015-05-01,35.3,"SG"
"YUC_MX_EMILY","5","EMILY_MX_YUC_2005",2015-05-01,36.1,"SG"
"YUC_MX_ISIDORE","5","ISIDORE_MX_YUC_2002",2015-05-01,37.3,"SG"
"AL_US_IVAN","4","IVAN_US_AL_2004",2015-06-01,32.6,"SUS"
"AL_US_SALLY","4","SALLY_US_AL_2020",2015-06-01,32,"SUS"
"ALEX","6","ALEX_2010",2015-06-01,35,"WG"
"BELICE_RICHARD","3","RICHARD_BELICE_2010",2015-06-01,31.7,"C"
"BELIZE_IRIS","2","IRIS_BELIZE_2001",2015-06-01,32.2,"CA"
"BETA","2","BETA_2005",2015-06-01,30.3,"CA"
"CR_OTTO","2","OTTO_CR_2016",2015-06-01,31.7,"CA"
"CUBA_DENNIS","3","DENNIS_CUBA_2005",2015-06-01,32.7,"C"
"CUBA_GUSTAV","3","GUSTAV_CUBA_2008",2015-06-01,32,"C"
"CUBA_IAN","3","IAN_CUBA_2022",2015-06-01,32,"C"
"CUBA_MICHELLE","3","MICHELLE_CUBA_2001",2015-06-01,32.7,"C"
"CUBA_PALOMA","3","PALOMA_CUBA_2008",2015-06-01,32.5,"C"
"CUBA_SANDY","3","SANDY_CUBA_2012",2015-06-01,33,"C"
"DEAN_QROO_MX","5","DEAN_QROO_MX_2007",2015-06-01,32.7,"SG"
"FL_US_CHARLEY","1","CHARLEY_2004",2015-06-01,33.7,"FP"
"FL_US_FRANCES","1","FRANCES_US_FL_2004",2015-06-01,33.6,"FP"
"FL_US_IAN","1","IAN_US_FL_2022",2015-06-01,33.8,"FP"
"FL_US_IRMA","1","IRMA_US_FL_2017",2015-06-01,33.6,"FP"
"FL_US_JEANNE","1","JEANNE_US_FL_2004",2015-06-01,33.6,"FP"
"FL_US_MICHAEL","4","MICHAEL_US_FL_2018",2015-06-01,33.2,"SUS"
"FL_US_WILMA","1","WILMA_US_FL_2005",2015-06-01,33.1,"FP"
"LA_US_GUSTAV","4","GUSTAV_US_LA_2008",2015-06-01,32,"SUS"
"LA_US_IDA","4","IDA_US_LA_2009",2015-06-01,32.3,"SUS"
"LA_US_KATRINA","4","KATRINA_US_LA_2005",2015-06-01,32.4,"SUS"
"LA_US_LAURA","4","LAURA_US_LA_2020",2015-06-01,32.9,"SUS"
"LA_US_ZETA","4","ZETA_US_LA_2020",2015-06-01,32.2,"SUS"
"MX_ERNESTO","5","ERNESTO_MX_2012",2015-06-01,32.7,"SG"
"MX_GRACE","3","GRACE_MX_2021",2015-06-01,33.2,"C"
"MX_TAMPS_EMILY","6","EMILY_TAMPS_MX_2005",2015-06-01,34.3,"WG"
"NC_US_ISABEL","4","ISABEL_US_NC_2003",2015-06-01,31.8,"SUS"
"NIC_ETA","2","ETA_NIC_2020",2015-06-01,30.2,"CA"
"NIC_FELIX","2","FELIX_NIC_2007",2015-06-01,30.4,"CA"
"NIC_IOTA","2","IOTA_NIC_2020",2015-06-01,30.2,"CA"
"PR_USA_MARIA","3","MARIA_US_PR_2017",2015-06-01,33,"C"
"QROO_WILMA","3","WILMA_QROO_2005",2015-06-01,32.7,"C"
"TX_US_HARVEY","6","HARVEY_US_TX_2017",2015-06-01,33.1,"WG"
"TX_US_IKE","4","IKE_US_TX_2008",2015-06-01,32.8,"SUS"
"TX_US_RITA","4","RITA_US_TX_2005",2015-06-01,33.1,"SUS"
"US_FL_DELTA","4","DELTA_US_LA_2020",2015-06-01,32.8,"SUS"
"US_FL_DENNIS","4","DENNIS_US_FL_2005",2015-06-01,32.6,"SUS"
"VER_MX_KARL","5","KARL_MX_VER_2010",2015-06-01,33.1,"SG"
"YUC_DELTA","5","DELTA_YUCATAN_MX_2020",2015-06-01,33.2,"SG"
"YUC_MX_EMILY","5","EMILY_MX_YUC_2005",2015-06-01,33.7,"SG"
"YUC_MX_ISIDORE","5","ISIDORE_MX_YUC_2002",2015-06-01,34.4,"SG"
"AL_US_IVAN","4","IVAN_US_AL_2004",2015-07-01,34.7,"SUS"
"AL_US_SALLY","4","SALLY_US_AL_2020",2015-07-01,34.2,"SUS"
"ALEX","6","ALEX_2010",2015-07-01,37.1,"WG"
"BELICE_RICHARD","3","RICHARD_BELICE_2010",2015-07-01,32.8,"C"
"BELIZE_IRIS","2","IRIS_BELIZE_2001",2015-07-01,32.5,"CA"
"BETA","2","BETA_2005",2015-07-01,29.8,"CA"
"CR_OTTO","2","OTTO_CR_2016",2015-07-01,31.5,"CA"
"CUBA_DENNIS","3","DENNIS_CUBA_2005",2015-07-01,34.1,"C"
"CUBA_GUSTAV","3","GUSTAV_CUBA_2008",2015-07-01,33,"C"
"CUBA_IAN","3","IAN_CUBA_2022",2015-07-01,33,"C"
"CUBA_MICHELLE","3","MICHELLE_CUBA_2001",2015-07-01,34.1,"C"
"CUBA_PALOMA","3","PALOMA_CUBA_2008",2015-07-01,34.3,"C"
"CUBA_SANDY","3","SANDY_CUBA_2012",2015-07-01,34.5,"C"
"DEAN_QROO_MX","5","DEAN_QROO_MX_2007",2015-07-01,34.1,"SG"
"FL_US_CHARLEY","1","CHARLEY_2004",2015-07-01,34.1,"FP"
"FL_US_FRANCES","1","FRANCES_US_FL_2004",2015-07-01,34.2,"FP"
"FL_US_IAN","1","IAN_US_FL_2022",2015-07-01,34.4,"FP"
"FL_US_IRMA","1","IRMA_US_FL_2017",2015-07-01,34.2,"FP"
"FL_US_JEANNE","1","JEANNE_US_FL_2004",2015-07-01,34.2,"FP"
"FL_US_MICHAEL","4","MICHAEL_US_FL_2018",2015-07-01,34.9,"SUS"
"FL_US_WILMA","1","WILMA_US_FL_2005",2015-07-01,34.1,"FP"
"LA_US_GUSTAV","4","GUSTAV_US_LA_2008",2015-07-01,34,"SUS"
"LA_US_IDA","4","IDA_US_LA_2009",2015-07-01,34.4,"SUS"
"LA_US_KATRINA","4","KATRINA_US_LA_2005",2015-07-01,34.5,"SUS"
"LA_US_LAURA","4","LAURA_US_LA_2020",2015-07-01,35.2,"SUS"
"LA_US_ZETA","4","ZETA_US_LA_2020",2015-07-01,34.5,"SUS"
"MX_ERNESTO","5","ERNESTO_MX_2012",2015-07-01,34,"SG"
"MX_GRACE","3","GRACE_MX_2021",2015-07-01,34.3,"C"
"MX_TAMPS_EMILY","6","EMILY_TAMPS_MX_2005",2015-07-01,36.5,"WG"
"NC_US_ISABEL","4","ISABEL_US_NC_2003",2015-07-01,31.9,"SUS"
"NIC_ETA","2","ETA_NIC_2020",2015-07-01,30.5,"CA"
"NIC_FELIX","2","FELIX_NIC_2007",2015-07-01,30.7,"CA"
"NIC_IOTA","2","IOTA_NIC_2020",2015-07-01,30.6,"CA"
"PR_USA_MARIA","3","MARIA_US_PR_2017",2015-07-01,32.9,"C"
"QROO_WILMA","3","WILMA_QROO_2005",2015-07-01,34.4,"C"
"TX_US_HARVEY","6","HARVEY_US_TX_2017",2015-07-01,35.7,"WG"
"TX_US_IKE","4","IKE_US_TX_2008",2015-07-01,35.5,"SUS"
"TX_US_RITA","4","RITA_US_TX_2005",2015-07-01,35.5,"SUS"
"US_FL_DELTA","4","DELTA_US_LA_2020",2015-07-01,35,"SUS"
"US_FL_DENNIS","4","DENNIS_US_FL_2005",2015-07-01,34.7,"SUS"
"VER_MX_KARL","5","KARL_MX_VER_2010",2015-07-01,33.9,"SG"
"YUC_DELTA","5","DELTA_YUCATAN_MX_2020",2015-07-01,34.4,"SG"
"YUC_MX_EMILY","5","EMILY_MX_YUC_2005",2015-07-01,35,"SG"
"YUC_MX_ISIDORE","5","ISIDORE_MX_YUC_2002",2015-07-01,35,"SG"
"AL_US_IVAN","4","IVAN_US_AL_2004",2015-08-01,33.9,"SUS"
"AL_US_SALLY","4","SALLY_US_AL_2020",2015-08-01,33.1,"SUS"
"ALEX","6","ALEX_2010",2015-08-01,37.1,"WG"
"BELICE_RICHARD","3","RICHARD_BELICE_2010",2015-08-01,33.9,"C"
"BELIZE_IRIS","2","IRIS_BELIZE_2001",2015-08-01,33.2,"CA"
"BETA","2","BETA_2005",2015-08-01,30.4,"CA"
"CR_OTTO","2","OTTO_CR_2016",2015-08-01,31.9,"CA"
"CUBA_DENNIS","3","DENNIS_CUBA_2005",2015-08-01,34.5,"C"
"CUBA_GUSTAV","3","GUSTAV_CUBA_2008",2015-08-01,33.5,"C"
"CUBA_IAN","3","IAN_CUBA_2022",2015-08-01,33.5,"C"
"CUBA_MICHELLE","3","MICHELLE_CUBA_2001",2015-08-01,34.4,"C"
"CUBA_PALOMA","3","PALOMA_CUBA_2008",2015-08-01,34.7,"C"
"CUBA_SANDY","3","SANDY_CUBA_2012",2015-08-01,35.1,"C"
"DEAN_QROO_MX","5","DEAN_QROO_MX_2007",2015-08-01,35,"SG"
"FL_US_CHARLEY","1","CHARLEY_2004",2015-08-01,33.9,"FP"
"FL_US_FRANCES","1","FRANCES_US_FL_2004",2015-08-01,33.9,"FP"
"FL_US_IAN","1","IAN_US_FL_2022",2015-08-01,34.1,"FP"
"FL_US_IRMA","1","IRMA_US_FL_2017",2015-08-01,34.1,"FP"
"FL_US_JEANNE","1","JEANNE_US_FL_2004",2015-08-01,33.9,"FP"
"FL_US_MICHAEL","4","MICHAEL_US_FL_2018",2015-08-01,33.7,"SUS"
"FL_US_WILMA","1","WILMA_US_FL_2005",2015-08-01,34.1,"FP"
"LA_US_GUSTAV","4","GUSTAV_US_LA_2008",2015-08-01,33.7,"SUS"
"LA_US_IDA","4","IDA_US_LA_2009",2015-08-01,34,"SUS"
"LA_US_KATRINA","4","KATRINA_US_LA_2005",2015-08-01,34.3,"SUS"
"LA_US_LAURA","4","LAURA_US_LA_2020",2015-08-01,35.4,"SUS"
"LA_US_ZETA","4","ZETA_US_LA_2020",2015-08-01,34.2,"SUS"
"MX_ERNESTO","5","ERNESTO_MX_2012",2015-08-01,34.9,"SG"
"MX_GRACE","3","GRACE_MX_2021",2015-08-01,34,"C"
"MX_TAMPS_EMILY","6","EMILY_TAMPS_MX_2005",2015-08-01,37,"WG"
"NC_US_ISABEL","4","ISABEL_US_NC_2003",2015-08-01,31.3,"SUS"
"NIC_ETA","2","ETA_NIC_2020",2015-08-01,31,"CA"
"NIC_FELIX","2","FELIX_NIC_2007",2015-08-01,31,"CA"
"NIC_IOTA","2","IOTA_NIC_2020",2015-08-01,31,"CA"
"PR_USA_MARIA","3","MARIA_US_PR_2017",2015-08-01,33.3,"C"
"QROO_WILMA","3","WILMA_QROO_2005",2015-08-01,35.2,"C"
"TX_US_HARVEY","6","HARVEY_US_TX_2017",2015-08-01,37,"WG"
"TX_US_IKE","4","IKE_US_TX_2008",2015-08-01,36.2,"SUS"
"TX_US_RITA","4","RITA_US_TX_2005",2015-08-01,35.7,"SUS"
"US_FL_DELTA","4","DELTA_US_LA_2020",2015-08-01,34.9,"SUS"
"US_FL_DENNIS","4","DENNIS_US_FL_2005",2015-08-01,33.9,"SUS"
"VER_MX_KARL","5","KARL_MX_VER_2010",2015-08-01,33.3,"SG"
"YUC_DELTA","5","DELTA_YUCATAN_MX_2020",2015-08-01,35.2,"SG"
"YUC_MX_EMILY","5","EMILY_MX_YUC_2005",2015-08-01,35.6,"SG"
"YUC_MX_ISIDORE","5","ISIDORE_MX_YUC_2002",2015-08-01,35.8,"SG"
"AL_US_IVAN","4","IVAN_US_AL_2004",2015-09-01,31.8,"SUS"
"AL_US_SALLY","4","SALLY_US_AL_2020",2015-09-01,31.3,"SUS"
"ALEX","6","ALEX_2010",2015-09-01,35.5,"WG"
"BELICE_RICHARD","3","RICHARD_BELICE_2010",2015-09-01,33.3,"C"
"BELIZE_IRIS","2","IRIS_BELIZE_2001",2015-09-01,32.9,"CA"
"BETA","2","BETA_2005",2015-09-01,30.8,"CA"
"CR_OTTO","2","OTTO_CR_2016",2015-09-01,31.7,"CA"
"CUBA_DENNIS","3","DENNIS_CUBA_2005",2015-09-01,33.9,"C"
"CUBA_GUSTAV","3","GUSTAV_CUBA_2008",2015-09-01,32.7,"C"
"CUBA_IAN","3","IAN_CUBA_2022",2015-09-01,32.9,"C"
"CUBA_MICHELLE","3","MICHELLE_CUBA_2001",2015-09-01,33.9,"C"
"CUBA_PALOMA","3","PALOMA_CUBA_2008",2015-09-01,33.8,"C"
"CUBA_SANDY","3","SANDY_CUBA_2012",2015-09-01,34.7,"C"
"DEAN_QROO_MX","5","DEAN_QROO_MX_2007",2015-09-01,34,"SG"
"FL_US_CHARLEY","1","CHARLEY_2004",2015-09-01,32.9,"FP"
"FL_US_FRANCES","1","FRANCES_US_FL_2004",2015-09-01,32.9,"FP"
"FL_US_IAN","1","IAN_US_FL_2022",2015-09-01,33,"FP"
"FL_US_IRMA","1","IRMA_US_FL_2017",2015-09-01,33.2,"FP"
"FL_US_JEANNE","1","JEANNE_US_FL_2004",2015-09-01,32.9,"FP"
"FL_US_MICHAEL","4","MICHAEL_US_FL_2018",2015-09-01,31.5,"SUS"
"FL_US_WILMA","1","WILMA_US_FL_2005",2015-09-01,33.2,"FP"
"LA_US_GUSTAV","4","GUSTAV_US_LA_2008",2015-09-01,31.6,"SUS"
"LA_US_IDA","4","IDA_US_LA_2009",2015-09-01,31.9,"SUS"
"LA_US_KATRINA","4","KATRINA_US_LA_2005",2015-09-01,32.1,"SUS"
"LA_US_LAURA","4","LAURA_US_LA_2020",2015-09-01,32.8,"SUS"
"LA_US_ZETA","4","ZETA_US_LA_2020",2015-09-01,31.9,"SUS"
"MX_ERNESTO","5","ERNESTO_MX_2012",2015-09-01,34,"SG"
"MX_GRACE","3","GRACE_MX_2021",2015-09-01,33.7,"C"
"MX_TAMPS_EMILY","6","EMILY_TAMPS_MX_2005",2015-09-01,35.1,"WG"
"NC_US_ISABEL","4","ISABEL_US_NC_2003",2015-09-01,29.6,"SUS"
"NIC_ETA","2","ETA_NIC_2020",2015-09-01,31.5,"CA"
"NIC_FELIX","2","FELIX_NIC_2007",2015-09-01,31.4,"CA"
"NIC_IOTA","2","IOTA_NIC_2020",2015-09-01,31.5,"CA"
"PR_USA_MARIA","3","MARIA_US_PR_2017",2015-09-01,33.6,"C"
"QROO_WILMA","3","WILMA_QROO_2005",2015-09-01,33.9,"C"
"TX_US_HARVEY","6","HARVEY_US_TX_2017",2015-09-01,34.7,"WG"
"TX_US_IKE","4","IKE_US_TX_2008",2015-09-01,33.5,"SUS"
"TX_US_RITA","4","RITA_US_TX_2005",2015-09-01,33,"SUS"
"US_FL_DELTA","4","DELTA_US_LA_2020",2015-09-01,32.4,"SUS"
"US_FL_DENNIS","4","DENNIS_US_FL_2005",2015-09-01,31.8,"SUS"
"VER_MX_KARL","5","KARL_MX_VER_2010",2015-09-01,33.6,"SG"
"YUC_DELTA","5","DELTA_YUCATAN_MX_2020",2015-09-01,33.9,"SG"
"YUC_MX_EMILY","5","EMILY_MX_YUC_2005",2015-09-01,34.4,"SG"
"YUC_MX_ISIDORE","5","ISIDORE_MX_YUC_2002",2015-09-01,34.5,"SG"
"AL_US_IVAN","4","IVAN_US_AL_2004",2015-10-01,27.3,"SUS"
"AL_US_SALLY","4","SALLY_US_AL_2020",2015-10-01,26.9,"SUS"
"ALEX","6","ALEX_2010",2015-10-01,32.9,"WG"
"BELICE_RICHARD","3","RICHARD_BELICE_2010",2015-10-01,31.7,"C"
"BELIZE_IRIS","2","IRIS_BELIZE_2001",2015-10-01,31,"CA"
"BETA","2","BETA_2005",2015-10-01,31.2,"CA"
"CR_OTTO","2","OTTO_CR_2016",2015-10-01,31.6,"CA"
"CUBA_DENNIS","3","DENNIS_CUBA_2005",2015-10-01,32.7,"C"
"CUBA_GUSTAV","3","GUSTAV_CUBA_2008",2015-10-01,31.5,"C"
"CUBA_IAN","3","IAN_CUBA_2022",2015-10-01,31.3,"C"
"CUBA_MICHELLE","3","MICHELLE_CUBA_2001",2015-10-01,32.7,"C"
"CUBA_PALOMA","3","PALOMA_CUBA_2008",2015-10-01,32.4,"C"
"CUBA_SANDY","3","SANDY_CUBA_2012",2015-10-01,32.9,"C"
"DEAN_QROO_MX","5","DEAN_QROO_MX_2007",2015-10-01,32,"SG"
"FL_US_CHARLEY","1","CHARLEY_2004",2015-10-01,31.2,"FP"
"FL_US_FRANCES","1","FRANCES_US_FL_2004",2015-10-01,30.8,"FP"
"FL_US_IAN","1","IAN_US_FL_2022",2015-10-01,31.3,"FP"
"FL_US_IRMA","1","IRMA_US_FL_2017",2015-10-01,31.6,"FP"
"FL_US_JEANNE","1","JEANNE_US_FL_2004",2015-10-01,30.8,"FP"
"FL_US_MICHAEL","4","MICHAEL_US_FL_2018",2015-10-01,27.9,"SUS"
"FL_US_WILMA","1","WILMA_US_FL_2005",2015-10-01,31.5,"FP"
"LA_US_GUSTAV","4","GUSTAV_US_LA_2008",2015-10-01,28.3,"SUS"
"LA_US_IDA","4","IDA_US_LA_2009",2015-10-01,28.3,"SUS"
"LA_US_KATRINA","4","KATRINA_US_LA_2005",2015-10-01,28.8,"SUS"
"LA_US_LAURA","4","LAURA_US_LA_2020",2015-10-01,28.8,"SUS"
"LA_US_ZETA","4","ZETA_US_LA_2020",2015-10-01,28.2,"SUS"
"MX_ERNESTO","5","ERNESTO_MX_2012",2015-10-01,31.9,"SG"
"MX_GRACE","3","GRACE_MX_2021",2015-10-01,31.4,"C"
"MX_TAMPS_EMILY","6","EMILY_TAMPS_MX_2005",2015-10-01,32.7,"WG"
"NC_US_ISABEL","4","ISABEL_US_NC_2003",2015-10-01,23,"SUS"
"NIC_ETA","2","ETA_NIC_2020",2015-10-01,31.1,"CA"
"NIC_FELIX","2","FELIX_NIC_2007",2015-10-01,31.1,"CA"
"NIC_IOTA","2","IOTA_NIC_2020",2015-10-01,31.1,"CA"
"PR_USA_MARIA","3","MARIA_US_PR_2017",2015-10-01,33.7,"C"
"QROO_WILMA","3","WILMA_QROO_2005",2015-10-01,31.8,"C"
"TX_US_HARVEY","6","HARVEY_US_TX_2017",2015-10-01,31.6,"WG"
"TX_US_IKE","4","IKE_US_TX_2008",2015-10-01,29.9,"SUS"
"TX_US_RITA","4","RITA_US_TX_2005",2015-10-01,29.6,"SUS"
"US_FL_DELTA","4","DELTA_US_LA_2020",2015-10-01,28.6,"SUS"
"US_FL_DENNIS","4","DENNIS_US_FL_2005",2015-10-01,27.1,"SUS"
"VER_MX_KARL","5","KARL_MX_VER_2010",2015-10-01,31.9,"SG"
"YUC_DELTA","5","DELTA_YUCATAN_MX_2020",2015-10-01,31.8,"SG"
"YUC_MX_EMILY","5","EMILY_MX_YUC_2005",2015-10-01,32.6,"SG"
"YUC_MX_ISIDORE","5","ISIDORE_MX_YUC_2002",2015-10-01,32.3,"SG"
"AL_US_IVAN","4","IVAN_US_AL_2004",2015-11-01,23.4,"SUS"
"AL_US_SALLY","4","SALLY_US_AL_2020",2015-11-01,23.3,"SUS"
"ALEX","6","ALEX_2010",2015-11-01,28.9,"WG"
"BELICE_RICHARD","3","RICHARD_BELICE_2010",2015-11-01,30.5,"C"
"BELIZE_IRIS","2","IRIS_BELIZE_2001",2015-11-01,29.7,"CA"
"BETA","2","BETA_2005",2015-11-01,29.8,"CA"
"CR_OTTO","2","OTTO_CR_2016",2015-11-01,30.6,"CA"
"CUBA_DENNIS","3","DENNIS_CUBA_2005",2015-11-01,31.7,"C"
"CUBA_GUSTAV","3","GUSTAV_CUBA_2008",2015-11-01,31.1,"C"
"CUBA_IAN","3","IAN_CUBA_2022",2015-11-01,30.8,"C"
"CUBA_MICHELLE","3","MICHELLE_CUBA_2001",2015-11-01,31.5,"C"
"CUBA_PALOMA","3","PALOMA_CUBA_2008",2015-11-01,31.6,"C"
"CUBA_SANDY","3","SANDY_CUBA_2012",2015-11-01,32.4,"C"
"DEAN_QROO_MX","5","DEAN_QROO_MX_2007",2015-11-01,31.1,"SG"
"FL_US_CHARLEY","1","CHARLEY_2004",2015-11-01,30,"FP"
"FL_US_FRANCES","1","FRANCES_US_FL_2004",2015-11-01,29.5,"FP"
"FL_US_IAN","1","IAN_US_FL_2022",2015-11-01,30.3,"FP"
"FL_US_IRMA","1","IRMA_US_FL_2017",2015-11-01,30.6,"FP"
"FL_US_JEANNE","1","JEANNE_US_FL_2004",2015-11-01,29.5,"FP"
"FL_US_MICHAEL","4","MICHAEL_US_FL_2018",2015-11-01,25.1,"SUS"
"FL_US_WILMA","1","WILMA_US_FL_2005",2015-11-01,30.5,"FP"
"LA_US_GUSTAV","4","GUSTAV_US_LA_2008",2015-11-01,24.9,"SUS"
"LA_US_IDA","4","IDA_US_LA_2009",2015-11-01,24.9,"SUS"
"LA_US_KATRINA","4","KATRINA_US_LA_2005",2015-11-01,25,"SUS"
"LA_US_LAURA","4","LAURA_US_LA_2020",2015-11-01,23.7,"SUS"
"LA_US_ZETA","4","ZETA_US_LA_2020",2015-11-01,24.6,"SUS"
"MX_ERNESTO","5","ERNESTO_MX_2012",2015-11-01,31.1,"SG"
"MX_GRACE","3","GRACE_MX_2021",2015-11-01,28.3,"C"
"MX_TAMPS_EMILY","6","EMILY_TAMPS_MX_2005",2015-11-01,28.3,"WG"
"NC_US_ISABEL","4","ISABEL_US_NC_2003",2015-11-01,20.9,"SUS"
"NIC_ETA","2","ETA_NIC_2020",2015-11-01,30.3,"CA"
"NIC_FELIX","2","FELIX_NIC_2007",2015-11-01,30.3,"CA"
"NIC_IOTA","2","IOTA_NIC_2020",2015-11-01,30.3,"CA"
"PR_USA_MARIA","3","MARIA_US_PR_2017",2015-11-01,32.4,"C"
"QROO_WILMA","3","WILMA_QROO_2005",2015-11-01,31.4,"C"
"TX_US_HARVEY","6","HARVEY_US_TX_2017",2015-11-01,24.9,"WG"
"TX_US_IKE","4","IKE_US_TX_2008",2015-11-01,23.8,"SUS"
"TX_US_RITA","4","RITA_US_TX_2005",2015-11-01,23.9,"SUS"
"US_FL_DELTA","4","DELTA_US_LA_2020",2015-11-01,23.8,"SUS"
"US_FL_DENNIS","4","DENNIS_US_FL_2005",2015-11-01,23.5,"SUS"
"VER_MX_KARL","5","KARL_MX_VER_2010",2015-11-01,30.5,"SG"
"YUC_DELTA","5","DELTA_YUCATAN_MX_2020",2015-11-01,31.5,"SG"
"YUC_MX_EMILY","5","EMILY_MX_YUC_2005",2015-11-01,32,"SG"
"YUC_MX_ISIDORE","5","ISIDORE_MX_YUC_2002",2015-11-01,32,"SG"
"AL_US_IVAN","4","IVAN_US_AL_2004",2015-12-01,21.9,"SUS"
"AL_US_SALLY","4","SALLY_US_AL_2020",2015-12-01,22.1,"SUS"
"ALEX","6","ALEX_2010",2015-12-01,27.1,"WG"
"BELICE_RICHARD","3","RICHARD_BELICE_2010",2015-12-01,30.3,"C"
"BELIZE_IRIS","2","IRIS_BELIZE_2001",2015-12-01,29.5,"CA"
"BETA","2","BETA_2005",2015-12-01,29.9,"CA"
"CR_OTTO","2","OTTO_CR_2016",2015-12-01,31.9,"CA"
"CUBA_DENNIS","3","DENNIS_CUBA_2005",2015-12-01,31.9,"C"
"CUBA_GUSTAV","3","GUSTAV_CUBA_2008",2015-12-01,30.7,"C"
"CUBA_IAN","3","IAN_CUBA_2022",2015-12-01,30.4,"C"
"CUBA_MICHELLE","3","MICHELLE_CUBA_2001",2015-12-01,31.8,"C"
"CUBA_PALOMA","3","PALOMA_CUBA_2008",2015-12-01,31.3,"C"
"CUBA_SANDY","3","SANDY_CUBA_2012",2015-12-01,32.2,"C"
"DEAN_QROO_MX","5","DEAN_QROO_MX_2007",2015-12-01,30.7,"SG"
"FL_US_CHARLEY","1","CHARLEY_2004",2015-12-01,28.5,"FP"
"FL_US_FRANCES","1","FRANCES_US_FL_2004",2015-12-01,28.3,"FP"
"FL_US_IAN","1","IAN_US_FL_2022",2015-12-01,28.7,"FP"
"FL_US_IRMA","1","IRMA_US_FL_2017",2015-12-01,29.2,"FP"
"FL_US_JEANNE","1","JEANNE_US_FL_2004",2015-12-01,28.4,"FP"
"FL_US_MICHAEL","4","MICHAEL_US_FL_2018",2015-12-01,23.8,"SUS"
"FL_US_WILMA","1","WILMA_US_FL_2005",2015-12-01,29.1,"FP"
"LA_US_GUSTAV","4","GUSTAV_US_LA_2008",2015-12-01,23.4,"SUS"
"LA_US_IDA","4","IDA_US_LA_2009",2015-12-01,23.4,"SUS"
"LA_US_KATRINA","4","KATRINA_US_LA_2005",2015-12-01,23.3,"SUS"
"LA_US_LAURA","4","LAURA_US_LA_2020",2015-12-01,21.5,"SUS"
"LA_US_ZETA","4","ZETA_US_LA_2020",2015-12-01,23.2,"SUS"
"MX_ERNESTO","5","ERNESTO_MX_2012",2015-12-01,30.6,"SG"
"MX_GRACE","3","GRACE_MX_2021",2015-12-01,26.9,"C"
"MX_TAMPS_EMILY","6","EMILY_TAMPS_MX_2005",2015-12-01,26.5,"WG"
"NC_US_ISABEL","4","ISABEL_US_NC_2003",2015-12-01,20.3,"SUS"
"NIC_ETA","2","ETA_NIC_2020",2015-12-01,30,"CA"
"NIC_FELIX","2","FELIX_NIC_2007",2015-12-01,30.4,"CA"
"NIC_IOTA","2","IOTA_NIC_2020",2015-12-01,30,"CA"
"PR_USA_MARIA","3","MARIA_US_PR_2017",2015-12-01,32,"C"
"QROO_WILMA","3","WILMA_QROO_2005",2015-12-01,31,"C"
"TX_US_HARVEY","6","HARVEY_US_TX_2017",2015-12-01,23.2,"WG"
"TX_US_IKE","4","IKE_US_TX_2008",2015-12-01,21.6,"SUS"
"TX_US_RITA","4","RITA_US_TX_2005",2015-12-01,21.8,"SUS"
"US_FL_DELTA","4","DELTA_US_LA_2020",2015-12-01,21.5,"SUS"
"US_FL_DENNIS","4","DENNIS_US_FL_2005",2015-12-01,22.1,"SUS"
"VER_MX_KARL","5","KARL_MX_VER_2010",2015-12-01,30.5,"SG"
"YUC_DELTA","5","DELTA_YUCATAN_MX_2020",2015-12-01,31,"SG"
"YUC_MX_EMILY","5","EMILY_MX_YUC_2005",2015-12-01,31.8,"SG"
"YUC_MX_ISIDORE","5","ISIDORE_MX_YUC_2002",2015-12-01,31.2,"SG"
"AL_US_IVAN","4","IVAN_US_AL_2004",2016-01-01,15.9,"SUS"
"AL_US_SALLY","4","SALLY_US_AL_2020",2016-01-01,15.9,"SUS"
"ALEX","6","ALEX_2010",2016-01-01,24.2,"WG"
"BELICE_RICHARD","3","RICHARD_BELICE_2010",2016-01-01,29.1,"C"
"BELIZE_IRIS","2","IRIS_BELIZE_2001",2016-01-01,28.6,"CA"
"BETA","2","BETA_2005",2016-01-01,30,"CA"
"CR_OTTO","2","OTTO_CR_2016",2016-01-01,33.6,"CA"
"CUBA_DENNIS","3","DENNIS_CUBA_2005",2016-01-01,28.4,"C"
"CUBA_GUSTAV","3","GUSTAV_CUBA_2008",2016-01-01,27.2,"C"
"CUBA_IAN","3","IAN_CUBA_2022",2016-01-01,27,"C"
"CUBA_MICHELLE","3","MICHELLE_CUBA_2001",2016-01-01,28.4,"C"
"CUBA_PALOMA","3","PALOMA_CUBA_2008",2016-01-01,29.5,"C"
"CUBA_SANDY","3","SANDY_CUBA_2012",2016-01-01,30.6,"C"
"DEAN_QROO_MX","5","DEAN_QROO_MX_2007",2016-01-01,29.4,"SG"
"FL_US_CHARLEY","1","CHARLEY_2004",2016-01-01,23,"FP"
"FL_US_FRANCES","1","FRANCES_US_FL_2004",2016-01-01,22.9,"FP"
"FL_US_IAN","1","IAN_US_FL_2022",2016-01-01,23.4,"FP"
"FL_US_IRMA","1","IRMA_US_FL_2017",2016-01-01,24.1,"FP"
"FL_US_JEANNE","1","JEANNE_US_FL_2004",2016-01-01,23.1,"FP"
"FL_US_MICHAEL","4","MICHAEL_US_FL_2018",2016-01-01,16.9,"SUS"
"FL_US_WILMA","1","WILMA_US_FL_2005",2016-01-01,24,"FP"
"LA_US_GUSTAV","4","GUSTAV_US_LA_2008",2016-01-01,18.4,"SUS"
"LA_US_IDA","4","IDA_US_LA_2009",2016-01-01,17.9,"SUS"
"LA_US_KATRINA","4","KATRINA_US_LA_2005",2016-01-01,17.3,"SUS"
"LA_US_LAURA","4","LAURA_US_LA_2020",2016-01-01,17,"SUS"
"LA_US_ZETA","4","ZETA_US_LA_2020",2016-01-01,17.7,"SUS"
"MX_ERNESTO","5","ERNESTO_MX_2012",2016-01-01,29.2,"SG"
"MX_GRACE","3","GRACE_MX_2021",2016-01-01,24.8,"C"
"MX_TAMPS_EMILY","6","EMILY_TAMPS_MX_2005",2016-01-01,22.8,"WG"
"NC_US_ISABEL","4","ISABEL_US_NC_2003",2016-01-01,12.2,"SUS"
"NIC_ETA","2","ETA_NIC_2020",2016-01-01,29.2,"CA"
"NIC_FELIX","2","FELIX_NIC_2007",2016-01-01,29.5,"CA"
"NIC_IOTA","2","IOTA_NIC_2020",2016-01-01,29.5,"CA"
"PR_USA_MARIA","3","MARIA_US_PR_2017",2016-01-01,31.2,"C"
"QROO_WILMA","3","WILMA_QROO_2005",2016-01-01,28.7,"C"
"TX_US_HARVEY","6","HARVEY_US_TX_2017",2016-01-01,19.9,"WG"
"TX_US_IKE","4","IKE_US_TX_2008",2016-01-01,18,"SUS"
"TX_US_RITA","4","RITA_US_TX_2005",2016-01-01,17.6,"SUS"
"US_FL_DELTA","4","DELTA_US_LA_2020",2016-01-01,16.7,"SUS"
"US_FL_DENNIS","4","DENNIS_US_FL_2005",2016-01-01,15.8,"SUS"
"VER_MX_KARL","5","KARL_MX_VER_2010",2016-01-01,28.1,"SG"
"YUC_DELTA","5","DELTA_YUCATAN_MX_2020",2016-01-01,29.1,"SG"
"YUC_MX_EMILY","5","EMILY_MX_YUC_2005",2016-01-01,30,"SG"
"YUC_MX_ISIDORE","5","ISIDORE_MX_YUC_2002",2016-01-01,29.9,"SG"
"AL_US_IVAN","4","IVAN_US_AL_2004",2016-02-01,19.6,"SUS"
"AL_US_SALLY","4","SALLY_US_AL_2020",2016-02-01,19.5,"SUS"
"ALEX","6","ALEX_2010",2016-02-01,28.8,"WG"
"BELICE_RICHARD","3","RICHARD_BELICE_2010",2016-02-01,29.2,"C"
"BELIZE_IRIS","2","IRIS_BELIZE_2001",2016-02-01,29.3,"CA"
"BETA","2","BETA_2005",2016-02-01,30.4,"CA"
"CR_OTTO","2","OTTO_CR_2016",2016-02-01,34.1,"CA"
"CUBA_DENNIS","3","DENNIS_CUBA_2005",2016-02-01,29.1,"C"
"CUBA_GUSTAV","3","GUSTAV_CUBA_2008",2016-02-01,27.8,"C"
"CUBA_IAN","3","IAN_CUBA_2022",2016-02-01,27.6,"C"
"CUBA_MICHELLE","3","MICHELLE_CUBA_2001",2016-02-01,29.1,"C"
"CUBA_PALOMA","3","PALOMA_CUBA_2008",2016-02-01,29.4,"C"
"CUBA_SANDY","3","SANDY_CUBA_2012",2016-02-01,30.3,"C"
"DEAN_QROO_MX","5","DEAN_QROO_MX_2007",2016-02-01,30.3,"SG"
"FL_US_CHARLEY","1","CHARLEY_2004",2016-02-01,24,"FP"
"FL_US_FRANCES","1","FRANCES_US_FL_2004",2016-02-01,24.2,"FP"
"FL_US_IAN","1","IAN_US_FL_2022",2016-02-01,24.4,"FP"
"FL_US_IRMA","1","IRMA_US_FL_2017",2016-02-01,25,"FP"
"FL_US_JEANNE","1","JEANNE_US_FL_2004",2016-02-01,24.1,"FP"
"FL_US_MICHAEL","4","MICHAEL_US_FL_2018",2016-02-01,20.1,"SUS"
"FL_US_WILMA","1","WILMA_US_FL_2005",2016-02-01,24.9,"FP"
"LA_US_GUSTAV","4","GUSTAV_US_LA_2008",2016-02-01,20.8,"SUS"
"LA_US_IDA","4","IDA_US_LA_2009",2016-02-01,20.8,"SUS"
"LA_US_KATRINA","4","KATRINA_US_LA_2005",2016-02-01,20.2,"SUS"
"LA_US_LAURA","4","LAURA_US_LA_2020",2016-02-01,20.9,"SUS"
"LA_US_ZETA","4","ZETA_US_LA_2020",2016-02-01,20.6,"SUS"
"MX_ERNESTO","5","ERNESTO_MX_2012",2016-02-01,30.2,"SG"
"MX_GRACE","3","GRACE_MX_2021",2016-02-01,27.2,"C"
"MX_TAMPS_EMILY","6","EMILY_TAMPS_MX_2005",2016-02-01,27.7,"WG"
"NC_US_ISABEL","4","ISABEL_US_NC_2003",2016-02-01,14.2,"SUS"
"NIC_ETA","2","ETA_NIC_2020",2016-02-01,29.5,"CA"
"NIC_FELIX","2","FELIX_NIC_2007",2016-02-01,29.1,"CA"
"NIC_IOTA","2","IOTA_NIC_2020",2016-02-01,29.7,"CA"
"PR_USA_MARIA","3","MARIA_US_PR_2017",2016-02-01,31.3,"C"
"QROO_WILMA","3","WILMA_QROO_2005",2016-02-01,29.6,"C"
"TX_US_HARVEY","6","HARVEY_US_TX_2017",2016-02-01,24.2,"WG"
"TX_US_IKE","4","IKE_US_TX_2008",2016-02-01,21.8,"SUS"
"TX_US_RITA","4","RITA_US_TX_2005",2016-02-01,21.8,"SUS"
"US_FL_DELTA","4","DELTA_US_LA_2020",2016-02-01,20.5,"SUS"
"US_FL_DENNIS","4","DENNIS_US_FL_2005",2016-02-01,19.5,"SUS"
"VER_MX_KARL","5","KARL_MX_VER_2010",2016-02-01,29.5,"SG"
"YUC_DELTA","5","DELTA_YUCATAN_MX_2020",2016-02-01,30.3,"SG"
"YUC_MX_EMILY","5","EMILY_MX_YUC_2005",2016-02-01,31.3,"SG"
"YUC_MX_ISIDORE","5","ISIDORE_MX_YUC_2002",2016-02-01,31.3,"SG"
"AL_US_IVAN","4","IVAN_US_AL_2004",2016-03-01,23.9,"SUS"
"AL_US_SALLY","4","SALLY_US_AL_2020",2016-03-01,23.7,"SUS"
"ALEX","6","ALEX_2010",2016-03-01,29.8,"WG"
"BELICE_RICHARD","3","RICHARD_BELICE_2010",2016-03-01,31,"C"
"BELIZE_IRIS","2","IRIS_BELIZE_2001",2016-03-01,31.6,"CA"
"BETA","2","BETA_2005",2016-03-01,31.7,"CA"
"CR_OTTO","2","OTTO_CR_2016",2016-03-01,36.1,"CA"
"CUBA_DENNIS","3","DENNIS_CUBA_2005",2016-03-01,31.8,"C"
"CUBA_GUSTAV","3","GUSTAV_CUBA_2008",2016-03-01,30.7,"C"
"CUBA_IAN","3","IAN_CUBA_2022",2016-03-01,30.6,"C"
"CUBA_MICHELLE","3","MICHELLE_CUBA_2001",2016-03-01,31.7,"C"
"CUBA_PALOMA","3","PALOMA_CUBA_2008",2016-03-01,32.1,"C"
"CUBA_SANDY","3","SANDY_CUBA_2012",2016-03-01,31.8,"C"
"DEAN_QROO_MX","5","DEAN_QROO_MX_2007",2016-03-01,32.9,"SG"
"FL_US_CHARLEY","1","CHARLEY_2004",2016-03-01,28.6,"FP"
"FL_US_FRANCES","1","FRANCES_US_FL_2004",2016-03-01,28.6,"FP"
"FL_US_IAN","1","IAN_US_FL_2022",2016-03-01,28.9,"FP"
"FL_US_IRMA","1","IRMA_US_FL_2017",2016-03-01,29.1,"FP"
"FL_US_JEANNE","1","JEANNE_US_FL_2004",2016-03-01,28.7,"FP"
"FL_US_MICHAEL","4","MICHAEL_US_FL_2018",2016-03-01,24.7,"SUS"
"FL_US_WILMA","1","WILMA_US_FL_2005",2016-03-01,29,"FP"
"LA_US_GUSTAV","4","GUSTAV_US_LA_2008",2016-03-01,24.3,"SUS"
"LA_US_IDA","4","IDA_US_LA_2009",2016-03-01,24.3,"SUS"
"LA_US_KATRINA","4","KATRINA_US_LA_2005",2016-03-01,23.8,"SUS"
"LA_US_LAURA","4","LAURA_US_LA_2020",2016-03-01,24.2,"SUS"
"LA_US_ZETA","4","ZETA_US_LA_2020",2016-03-01,25.4,"SUS"
"MX_ERNESTO","5","ERNESTO_MX_2012",2016-03-01,32.8,"SG"
"MX_GRACE","3","GRACE_MX_2021",2016-03-01,28.6,"C"
"MX_TAMPS_EMILY","6","EMILY_TAMPS_MX_2005",2016-03-01,28.9,"WG"
"NC_US_ISABEL","4","ISABEL_US_NC_2003",2016-03-01,21.4,"SUS"
"NIC_ETA","2","ETA_NIC_2020",2016-03-01,32,"CA"
"NIC_FELIX","2","FELIX_NIC_2007",2016-03-01,31.4,"CA"
"NIC_IOTA","2","IOTA_NIC_2020",2016-03-01,32.2,"CA"
"PR_USA_MARIA","3","MARIA_US_PR_2017",2016-03-01,31.6,"C"
"QROO_WILMA","3","WILMA_QROO_2005",2016-03-01,31.8,"C"
"TX_US_HARVEY","6","HARVEY_US_TX_2017",2016-03-01,26.2,"WG"
"TX_US_IKE","4","IKE_US_TX_2008",2016-03-01,24.5,"SUS"
"TX_US_RITA","4","RITA_US_TX_2005",2016-03-01,24.7,"SUS"
"US_FL_DELTA","4","DELTA_US_LA_2020",2016-03-01,24.1,"SUS"
"US_FL_DENNIS","4","DENNIS_US_FL_2005",2016-03-01,23.9,"SUS"
"VER_MX_KARL","5","KARL_MX_VER_2010",2016-03-01,32,"SG"
"YUC_DELTA","5","DELTA_YUCATAN_MX_2020",2016-03-01,32.9,"SG"
"YUC_MX_EMILY","5","EMILY_MX_YUC_2005",2016-03-01,33.7,"SG"
"YUC_MX_ISIDORE","5","ISIDORE_MX_YUC_2002",2016-03-01,34.3,"SG"
"AL_US_IVAN","4","IVAN_US_AL_2004",2016-04-01,26.1,"SUS"
"AL_US_SALLY","4","SALLY_US_AL_2020",2016-04-01,25.7,"SUS"
"ALEX","6","ALEX_2010",2016-04-01,32.8,"WG"
"BELICE_RICHARD","3","RICHARD_BELICE_2010",2016-04-01,33.6,"C"
"BELIZE_IRIS","2","IRIS_BELIZE_2001",2016-04-01,33.9,"CA"
"BETA","2","BETA_2005",2016-04-01,32.3,"CA"
"CR_OTTO","2","OTTO_CR_2016",2016-04-01,36.4,"CA"
"CUBA_DENNIS","3","DENNIS_CUBA_2005",2016-04-01,32.5,"C"
"CUBA_GUSTAV","3","GUSTAV_CUBA_2008",2016-04-01,31.2,"C"
"CUBA_IAN","3","IAN_CUBA_2022",2016-04-01,31.2,"C"
"CUBA_MICHELLE","3","MICHELLE_CUBA_2001",2016-04-01,32.5,"C"
"CUBA_PALOMA","3","PALOMA_CUBA_2008",2016-04-01,32.4,"C"
"CUBA_SANDY","3","SANDY_CUBA_2012",2016-04-01,32.3,"C"
"DEAN_QROO_MX","5","DEAN_QROO_MX_2007",2016-04-01,34.5,"SG"
"FL_US_CHARLEY","1","CHARLEY_2004",2016-04-01,30,"FP"
"FL_US_FRANCES","1","FRANCES_US_FL_2004",2016-04-01,29.8,"FP"
"FL_US_IAN","1","IAN_US_FL_2022",2016-04-01,30.1,"FP"
"FL_US_IRMA","1","IRMA_US_FL_2017",2016-04-01,30.3,"FP"
"FL_US_JEANNE","1","JEANNE_US_FL_2004",2016-04-01,29.8,"FP"
"FL_US_MICHAEL","4","MICHAEL_US_FL_2018",2016-04-01,26.6,"SUS"
"FL_US_WILMA","1","WILMA_US_FL_2005",2016-04-01,29.9,"FP"
"LA_US_GUSTAV","4","GUSTAV_US_LA_2008",2016-04-01,26.1,"SUS"
"LA_US_IDA","4","IDA_US_LA_2009",2016-04-01,26.3,"SUS"
"LA_US_KATRINA","4","KATRINA_US_LA_2005",2016-04-01,25.8,"SUS"
"LA_US_LAURA","4","LAURA_US_LA_2020",2016-04-01,26.2,"SUS"
"LA_US_ZETA","4","ZETA_US_LA_2020",2016-04-01,26.7,"SUS"
"MX_ERNESTO","5","ERNESTO_MX_2012",2016-04-01,34.5,"SG"
"MX_GRACE","3","GRACE_MX_2021",2016-04-01,31.9,"C"
"MX_TAMPS_EMILY","6","EMILY_TAMPS_MX_2005",2016-04-01,31.5,"WG"
"NC_US_ISABEL","4","ISABEL_US_NC_2003",2016-04-01,22.9,"SUS"
"NIC_ETA","2","ETA_NIC_2020",2016-04-01,32.4,"CA"
"NIC_FELIX","2","FELIX_NIC_2007",2016-04-01,31.9,"CA"
"NIC_IOTA","2","IOTA_NIC_2020",2016-04-01,32.6,"CA"
"PR_USA_MARIA","3","MARIA_US_PR_2017",2016-04-01,32.3,"C"
"QROO_WILMA","3","WILMA_QROO_2005",2016-04-01,32.9,"C"
"TX_US_HARVEY","6","HARVEY_US_TX_2017",2016-04-01,28.3,"WG"
"TX_US_IKE","4","IKE_US_TX_2008",2016-04-01,26.6,"SUS"
"TX_US_RITA","4","RITA_US_TX_2005",2016-04-01,26.8,"SUS"
"US_FL_DELTA","4","DELTA_US_LA_2020",2016-04-01,26.2,"SUS"
"US_FL_DENNIS","4","DENNIS_US_FL_2005",2016-04-01,26.1,"SUS"
"VER_MX_KARL","5","KARL_MX_VER_2010",2016-04-01,34.7,"SG"
"YUC_DELTA","5","DELTA_YUCATAN_MX_2020",2016-04-01,34.3,"SG"
"YUC_MX_EMILY","5","EMILY_MX_YUC_2005",2016-04-01,35.1,"SG"
"YUC_MX_ISIDORE","5","ISIDORE_MX_YUC_2002",2016-04-01,36,"SG"
"AL_US_IVAN","4","IVAN_US_AL_2004",2016-05-01,29.4,"SUS"
"AL_US_SALLY","4","SALLY_US_AL_2020",2016-05-01,29.3,"SUS"
"ALEX","6","ALEX_2010",2016-05-01,35.4,"WG"
"BELICE_RICHARD","3","RICHARD_BELICE_2010",2016-05-01,34.5,"C"
"BELIZE_IRIS","2","IRIS_BELIZE_2001",2016-05-01,34.3,"CA"
"BETA","2","BETA_2005",2016-05-01,32.7,"CA"
"CR_OTTO","2","OTTO_CR_2016",2016-05-01,33.5,"CA"
"CUBA_DENNIS","3","DENNIS_CUBA_2005",2016-05-01,32.6,"C"
"CUBA_GUSTAV","3","GUSTAV_CUBA_2008",2016-05-01,32.3,"C"
"CUBA_IAN","3","IAN_CUBA_2022",2016-05-01,32.3,"C"
"CUBA_MICHELLE","3","MICHELLE_CUBA_2001",2016-05-01,32.6,"C"
"CUBA_PALOMA","3","PALOMA_CUBA_2008",2016-05-01,32.4,"C"
"CUBA_SANDY","3","SANDY_CUBA_2012",2016-05-01,32.4,"C"
"DEAN_QROO_MX","5","DEAN_QROO_MX_2007",2016-05-01,36.1,"SG"
"FL_US_CHARLEY","1","CHARLEY_2004",2016-05-01,32.2,"FP"
"FL_US_FRANCES","1","FRANCES_US_FL_2004",2016-05-01,32,"FP"
"FL_US_IAN","1","IAN_US_FL_2022",2016-05-01,32.3,"FP"
"FL_US_IRMA","1","IRMA_US_FL_2017",2016-05-01,32.3,"FP"
"FL_US_JEANNE","1","JEANNE_US_FL_2004",2016-05-01,31.9,"FP"
"FL_US_MICHAEL","4","MICHAEL_US_FL_2018",2016-05-01,30.4,"SUS"
"FL_US_WILMA","1","WILMA_US_FL_2005",2016-05-01,31.8,"FP"
"LA_US_GUSTAV","4","GUSTAV_US_LA_2008",2016-05-01,29.1,"SUS"
"LA_US_IDA","4","IDA_US_LA_2009",2016-05-01,29.4,"SUS"
"LA_US_KATRINA","4","KATRINA_US_LA_2005",2016-05-01,29.1,"SUS"
"LA_US_LAURA","4","LAURA_US_LA_2020",2016-05-01,29,"SUS"
"LA_US_ZETA","4","ZETA_US_LA_2020",2016-05-01,29.7,"SUS"
"MX_ERNESTO","5","ERNESTO_MX_2012",2016-05-01,36.1,"SG"
"MX_GRACE","3","GRACE_MX_2021",2016-05-01,34.6,"C"
"MX_TAMPS_EMILY","6","EMILY_TAMPS_MX_2005",2016-05-01,34.4,"WG"
"NC_US_ISABEL","4","ISABEL_US_NC_2003",2016-05-01,25.7,"SUS"
"NIC_ETA","2","ETA_NIC_2020",2016-05-01,32.9,"CA"
"NIC_FELIX","2","FELIX_NIC_2007",2016-05-01,32.9,"CA"
"NIC_IOTA","2","IOTA_NIC_2020",2016-05-01,33,"CA"
"PR_USA_MARIA","3","MARIA_US_PR_2017",2016-05-01,32.6,"C"
"QROO_WILMA","3","WILMA_QROO_2005",2016-05-01,34.4,"C"
"TX_US_HARVEY","6","HARVEY_US_TX_2017",2016-05-01,30,"WG"
"TX_US_IKE","4","IKE_US_TX_2008",2016-05-01,28.9,"SUS"
"TX_US_RITA","4","RITA_US_TX_2005",2016-05-01,29.4,"SUS"
"US_FL_DELTA","4","DELTA_US_LA_2020",2016-05-01,29.3,"SUS"
"US_FL_DENNIS","4","DENNIS_US_FL_2005",2016-05-01,29.4,"SUS"
"VER_MX_KARL","5","KARL_MX_VER_2010",2016-05-01,36.2,"SG"
"YUC_DELTA","5","DELTA_YUCATAN_MX_2020",2016-05-01,35.6,"SG"
"YUC_MX_EMILY","5","EMILY_MX_YUC_2005",2016-05-01,36.4,"SG"
"YUC_MX_ISIDORE","5","ISIDORE_MX_YUC_2002",2016-05-01,37.6,"SG"
"AL_US_IVAN","4","IVAN_US_AL_2004",2016-06-01,33.7,"SUS"
"AL_US_SALLY","4","SALLY_US_AL_2020",2016-06-01,33.1,"SUS"
"ALEX","6","ALEX_2010",2016-06-01,36.6,"WG"
"BELICE_RICHARD","3","RICHARD_BELICE_2010",2016-06-01,33.1,"C"
"BELIZE_IRIS","2","IRIS_BELIZE_2001",2016-06-01,33.3,"CA"
"BETA","2","BETA_2005",2016-06-01,31,"CA"
"CR_OTTO","2","OTTO_CR_2016",2016-06-01,31.9,"CA"
"CUBA_DENNIS","3","DENNIS_CUBA_2005",2016-06-01,33,"C"
"CUBA_GUSTAV","3","GUSTAV_CUBA_2008",2016-06-01,32.5,"C"
"CUBA_IAN","3","IAN_CUBA_2022",2016-06-01,32.4,"C"
"CUBA_MICHELLE","3","MICHELLE_CUBA_2001",2016-06-01,32.9,"C"
"CUBA_PALOMA","3","PALOMA_CUBA_2008",2016-06-01,32.8,"C"
"CUBA_SANDY","3","SANDY_CUBA_2012",2016-06-01,33.3,"C"
"DEAN_QROO_MX","5","DEAN_QROO_MX_2007",2016-06-01,33.9,"SG"
"FL_US_CHARLEY","1","CHARLEY_2004",2016-06-01,33.8,"FP"
"FL_US_FRANCES","1","FRANCES_US_FL_2004",2016-06-01,33.6,"FP"
"FL_US_IAN","1","IAN_US_FL_2022",2016-06-01,33.9,"FP"
"FL_US_IRMA","1","IRMA_US_FL_2017",2016-06-01,33.6,"FP"
"FL_US_JEANNE","1","JEANNE_US_FL_2004",2016-06-01,33.7,"FP"
"FL_US_MICHAEL","4","MICHAEL_US_FL_2018",2016-06-01,34.1,"SUS"
"FL_US_WILMA","1","WILMA_US_FL_2005",2016-06-01,33.3,"FP"
"LA_US_GUSTAV","4","GUSTAV_US_LA_2008",2016-06-01,32.7,"SUS"
"LA_US_IDA","4","IDA_US_LA_2009",2016-06-01,33.1,"SUS"
"LA_US_KATRINA","4","KATRINA_US_LA_2005",2016-06-01,33.4,"SUS"
"LA_US_LAURA","4","LAURA_US_LA_2020",2016-06-01,33,"SUS"
"LA_US_ZETA","4","ZETA_US_LA_2020",2016-06-01,33,"SUS"
"MX_ERNESTO","5","ERNESTO_MX_2012",2016-06-01,33.9,"SG"
"MX_GRACE","3","GRACE_MX_2021",2016-06-01,34.2,"C"
"MX_TAMPS_EMILY","6","EMILY_TAMPS_MX_2005",2016-06-01,35.9,"WG"
"NC_US_ISABEL","4","ISABEL_US_NC_2003",2016-06-01,30.6,"SUS"
"NIC_ETA","2","ETA_NIC_2020",2016-06-01,30.5,"CA"
"NIC_FELIX","2","FELIX_NIC_2007",2016-06-01,30.7,"CA"
"NIC_IOTA","2","IOTA_NIC_2020",2016-06-01,30.6,"CA"
"PR_USA_MARIA","3","MARIA_US_PR_2017",2016-06-01,33.2,"C"
"QROO_WILMA","3","WILMA_QROO_2005",2016-06-01,33.6,"C"
"TX_US_HARVEY","6","HARVEY_US_TX_2017",2016-06-01,34,"WG"
"TX_US_IKE","4","IKE_US_TX_2008",2016-06-01,33.2,"SUS"
"TX_US_RITA","4","RITA_US_TX_2005",2016-06-01,33.3,"SUS"
"US_FL_DELTA","4","DELTA_US_LA_2020",2016-06-01,33.1,"SUS"
"US_FL_DENNIS","4","DENNIS_US_FL_2005",2016-06-01,33.7,"SUS"
"VER_MX_KARL","5","KARL_MX_VER_2010",2016-06-01,34.1,"SG"
"YUC_DELTA","5","DELTA_YUCATAN_MX_2020",2016-06-01,34.2,"SG"
"YUC_MX_EMILY","5","EMILY_MX_YUC_2005",2016-06-01,34.7,"SG"
"YUC_MX_ISIDORE","5","ISIDORE_MX_YUC_2002",2016-06-01,35.3,"SG"
"AL_US_IVAN","4","IVAN_US_AL_2004",2016-07-01,34.6,"SUS"
"AL_US_SALLY","4","SALLY_US_AL_2020",2016-07-01,34,"SUS"
"ALEX","6","ALEX_2010",2016-07-01,37.9,"WG"
"BELICE_RICHARD","3","RICHARD_BELICE_2010",2016-07-01,33.2,"C"
"BELIZE_IRIS","2","IRIS_BELIZE_2001",2016-07-01,32.5,"CA"
"BETA","2","BETA_2005",2016-07-01,30.3,"CA"
"CR_OTTO","2","OTTO_CR_2016",2016-07-01,31.9,"CA"
"CUBA_DENNIS","3","DENNIS_CUBA_2005",2016-07-01,34.1,"C"
"CUBA_GUSTAV","3","GUSTAV_CUBA_2008",2016-07-01,33.5,"C"
"CUBA_IAN","3","IAN_CUBA_2022",2016-07-01,33.6,"C"
"CUBA_MICHELLE","3","MICHELLE_CUBA_2001",2016-07-01,34,"C"
"CUBA_PALOMA","3","PALOMA_CUBA_2008",2016-07-01,33.8,"C"
"CUBA_SANDY","3","SANDY_CUBA_2012",2016-07-01,33.8,"C"
"DEAN_QROO_MX","5","DEAN_QROO_MX_2007",2016-07-01,34.5,"SG"
"FL_US_CHARLEY","1","CHARLEY_2004",2016-07-01,35,"FP"
"FL_US_FRANCES","1","FRANCES_US_FL_2004",2016-07-01,34.9,"FP"
"FL_US_IAN","1","IAN_US_FL_2022",2016-07-01,35.1,"FP"
"FL_US_IRMA","1","IRMA_US_FL_2017",2016-07-01,35,"FP"
"FL_US_JEANNE","1","JEANNE_US_FL_2004",2016-07-01,34.9,"FP"
"FL_US_MICHAEL","4","MICHAEL_US_FL_2018",2016-07-01,35.1,"SUS"
"FL_US_WILMA","1","WILMA_US_FL_2005",2016-07-01,34.7,"FP"
"LA_US_GUSTAV","4","GUSTAV_US_LA_2008",2016-07-01,33.5,"SUS"
"LA_US_IDA","4","IDA_US_LA_2009",2016-07-01,33.8,"SUS"
"LA_US_KATRINA","4","KATRINA_US_LA_2005",2016-07-01,34.2,"SUS"
"LA_US_LAURA","4","LAURA_US_LA_2020",2016-07-01,34.9,"SUS"
"LA_US_ZETA","4","ZETA_US_LA_2020",2016-07-01,33.9,"SUS"
"MX_ERNESTO","5","ERNESTO_MX_2012",2016-07-01,34.4,"SG"
"MX_GRACE","3","GRACE_MX_2021",2016-07-01,34.2,"C"
"MX_TAMPS_EMILY","6","EMILY_TAMPS_MX_2005",2016-07-01,37.6,"WG"
"NC_US_ISABEL","4","ISABEL_US_NC_2003",2016-07-01,33.2,"SUS"
"NIC_ETA","2","ETA_NIC_2020",2016-07-01,30.7,"CA"
"NIC_FELIX","2","FELIX_NIC_2007",2016-07-01,30.9,"CA"
"NIC_IOTA","2","IOTA_NIC_2020",2016-07-01,30.8,"CA"
"PR_USA_MARIA","3","MARIA_US_PR_2017",2016-07-01,33.1,"C"
"QROO_WILMA","3","WILMA_QROO_2005",2016-07-01,34.8,"C"
"TX_US_HARVEY","6","HARVEY_US_TX_2017",2016-07-01,36.7,"WG"
"TX_US_IKE","4","IKE_US_TX_2008",2016-07-01,35.8,"SUS"
"TX_US_RITA","4","RITA_US_TX_2005",2016-07-01,35.4,"SUS"
"US_FL_DELTA","4","DELTA_US_LA_2020",2016-07-01,34.4,"SUS"
"US_FL_DENNIS","4","DENNIS_US_FL_2005",2016-07-01,34.6,"SUS"
"VER_MX_KARL","5","KARL_MX_VER_2010",2016-07-01,33.1,"SG"
"YUC_DELTA","5","DELTA_YUCATAN_MX_2020",2016-07-01,34.8,"SG"
"YUC_MX_EMILY","5","EMILY_MX_YUC_2005",2016-07-01,35.1,"SG"
"YUC_MX_ISIDORE","5","ISIDORE_MX_YUC_2002",2016-07-01,35.2,"SG"
"AL_US_IVAN","4","IVAN_US_AL_2004",2016-08-01,33.9,"SUS"
"AL_US_SALLY","4","SALLY_US_AL_2020",2016-08-01,33.3,"SUS"
"ALEX","6","ALEX_2010",2016-08-01,36.9,"WG"
"BELICE_RICHARD","3","RICHARD_BELICE_2010",2016-08-01,33,"C"
"BELIZE_IRIS","2","IRIS_BELIZE_2001",2016-08-01,32.4,"CA"
"BETA","2","BETA_2005",2016-08-01,30.8,"CA"
"CR_OTTO","2","OTTO_CR_2016",2016-08-01,32.4,"CA"
"CUBA_DENNIS","3","DENNIS_CUBA_2005",2016-08-01,34.1,"C"
"CUBA_GUSTAV","3","GUSTAV_CUBA_2008",2016-08-01,33.1,"C"
"CUBA_IAN","3","IAN_CUBA_2022",2016-08-01,33.1,"C"
"CUBA_MICHELLE","3","MICHELLE_CUBA_2001",2016-08-01,34.1,"C"
"CUBA_PALOMA","3","PALOMA_CUBA_2008",2016-08-01,34.2,"C"
"CUBA_SANDY","3","SANDY_CUBA_2012",2016-08-01,34.5,"C"
"DEAN_QROO_MX","5","DEAN_QROO_MX_2007",2016-08-01,33.9,"SG"
"FL_US_CHARLEY","1","CHARLEY_2004",2016-08-01,34.3,"FP"
"FL_US_FRANCES","1","FRANCES_US_FL_2004",2016-08-01,34.1,"FP"
"FL_US_IAN","1","IAN_US_FL_2022",2016-08-01,34.3,"FP"
"FL_US_IRMA","1","IRMA_US_FL_2017",2016-08-01,34,"FP"
"FL_US_JEANNE","1","JEANNE_US_FL_2004",2016-08-01,34.1,"FP"
"FL_US_MICHAEL","4","MICHAEL_US_FL_2018",2016-08-01,34.2,"SUS"
"FL_US_WILMA","1","WILMA_US_FL_2005",2016-08-01,33.9,"FP"
"LA_US_GUSTAV","4","GUSTAV_US_LA_2008",2016-08-01,33,"SUS"
"LA_US_IDA","4","IDA_US_LA_2009",2016-08-01,33.3,"SUS"
"LA_US_KATRINA","4","KATRINA_US_LA_2005",2016-08-01,33.9,"SUS"
"LA_US_LAURA","4","LAURA_US_LA_2020",2016-08-01,34,"SUS"
"LA_US_ZETA","4","ZETA_US_LA_2020",2016-08-01,33.6,"SUS"
"MX_ERNESTO","5","ERNESTO_MX_2012",2016-08-01,33.9,"SG"
"MX_GRACE","3","GRACE_MX_2021",2016-08-01,34.2,"C"
"MX_TAMPS_EMILY","6","EMILY_TAMPS_MX_2005",2016-08-01,36.4,"WG"
"NC_US_ISABEL","4","ISABEL_US_NC_2003",2016-08-01,32.8,"SUS"
"NIC_ETA","2","ETA_NIC_2020",2016-08-01,30.7,"CA"
"NIC_FELIX","2","FELIX_NIC_2007",2016-08-01,30.8,"CA"
"NIC_IOTA","2","IOTA_NIC_2020",2016-08-01,30.7,"CA"
"PR_USA_MARIA","3","MARIA_US_PR_2017",2016-08-01,33.5,"C"
"QROO_WILMA","3","WILMA_QROO_2005",2016-08-01,34.2,"C"
"TX_US_HARVEY","6","HARVEY_US_TX_2017",2016-08-01,35.3,"WG"
"TX_US_IKE","4","IKE_US_TX_2008",2016-08-01,34.6,"SUS"
"TX_US_RITA","4","RITA_US_TX_2005",2016-08-01,34.1,"SUS"
"US_FL_DELTA","4","DELTA_US_LA_2020",2016-08-01,33.8,"SUS"
"US_FL_DENNIS","4","DENNIS_US_FL_2005",2016-08-01,33.9,"SUS"
"VER_MX_KARL","5","KARL_MX_VER_2010",2016-08-01,33.6,"SG"
"YUC_DELTA","5","DELTA_YUCATAN_MX_2020",2016-08-01,34.1,"SG"
"YUC_MX_EMILY","5","EMILY_MX_YUC_2005",2016-08-01,34.4,"SG"
"YUC_MX_ISIDORE","5","ISIDORE_MX_YUC_2002",2016-08-01,34.6,"SG"
"AL_US_IVAN","4","IVAN_US_AL_2004",2016-09-01,33.7,"SUS"
"AL_US_SALLY","4","SALLY_US_AL_2020",2016-09-01,33.3,"SUS"
"ALEX","6","ALEX_2010",2016-09-01,35.5,"WG"
"BELICE_RICHARD","3","RICHARD_BELICE_2010",2016-09-01,32.6,"C"
"BELIZE_IRIS","2","IRIS_BELIZE_2001",2016-09-01,32.3,"CA"
"BETA","2","BETA_2005",2016-09-01,30.7,"CA"
"CR_OTTO","2","OTTO_CR_2016",2016-09-01,31.3,"CA"
"CUBA_DENNIS","3","DENNIS_CUBA_2005",2016-09-01,33.5,"C"
"CUBA_GUSTAV","3","GUSTAV_CUBA_2008",2016-09-01,32.7,"C"
"CUBA_IAN","3","IAN_CUBA_2022",2016-09-01,32.8,"C"
"CUBA_MICHELLE","3","MICHELLE_CUBA_2001",2016-09-01,33.5,"C"
"CUBA_PALOMA","3","PALOMA_CUBA_2008",2016-09-01,33.2,"C"
"CUBA_SANDY","3","SANDY_CUBA_2012",2016-09-01,33.8,"C"
"DEAN_QROO_MX","5","DEAN_QROO_MX_2007",2016-09-01,33.2,"SG"
"FL_US_CHARLEY","1","CHARLEY_2004",2016-09-01,33.4,"FP"
"FL_US_FRANCES","1","FRANCES_US_FL_2004",2016-09-01,33.5,"FP"
"FL_US_IAN","1","IAN_US_FL_2022",2016-09-01,33.6,"FP"
"FL_US_IRMA","1","IRMA_US_FL_2017",2016-09-01,33.5,"FP"
"FL_US_JEANNE","1","JEANNE_US_FL_2004",2016-09-01,33.5,"FP"
"FL_US_MICHAEL","4","MICHAEL_US_FL_2018",2016-09-01,33.9,"SUS"
"FL_US_WILMA","1","WILMA_US_FL_2005",2016-09-01,33.4,"FP"
"LA_US_GUSTAV","4","GUSTAV_US_LA_2008",2016-09-01,32.9,"SUS"
"LA_US_IDA","4","IDA_US_LA_2009",2016-09-01,33.2,"SUS"
"LA_US_KATRINA","4","KATRINA_US_LA_2005",2016-09-01,33.5,"SUS"
"LA_US_LAURA","4","LAURA_US_LA_2020",2016-09-01,33.2,"SUS"
"LA_US_ZETA","4","ZETA_US_LA_2020",2016-09-01,33.3,"SUS"
"MX_ERNESTO","5","ERNESTO_MX_2012",2016-09-01,33.1,"SG"
"MX_GRACE","3","GRACE_MX_2021",2016-09-01,33.2,"C"
"MX_TAMPS_EMILY","6","EMILY_TAMPS_MX_2005",2016-09-01,35,"WG"
"NC_US_ISABEL","4","ISABEL_US_NC_2003",2016-09-01,30.5,"SUS"
"NIC_ETA","2","ETA_NIC_2020",2016-09-01,31.2,"CA"
"NIC_FELIX","2","FELIX_NIC_2007",2016-09-01,31.4,"CA"
"NIC_IOTA","2","IOTA_NIC_2020",2016-09-01,31.2,"CA"
"PR_USA_MARIA","3","MARIA_US_PR_2017",2016-09-01,33.6,"C"
"QROO_WILMA","3","WILMA_QROO_2005",2016-09-01,33.3,"C"
"TX_US_HARVEY","6","HARVEY_US_TX_2017",2016-09-01,34.6,"WG"
"TX_US_IKE","4","IKE_US_TX_2008",2016-09-01,33.5,"SUS"
"TX_US_RITA","4","RITA_US_TX_2005",2016-09-01,33.4,"SUS"
"US_FL_DELTA","4","DELTA_US_LA_2020",2016-09-01,33.3,"SUS"
"US_FL_DENNIS","4","DENNIS_US_FL_2005",2016-09-01,33.7,"SUS"
"VER_MX_KARL","5","KARL_MX_VER_2010",2016-09-01,32.8,"SG"
"YUC_DELTA","5","DELTA_YUCATAN_MX_2020",2016-09-01,33.1,"SG"
"YUC_MX_EMILY","5","EMILY_MX_YUC_2005",2016-09-01,33.4,"SG"
"YUC_MX_ISIDORE","5","ISIDORE_MX_YUC_2002",2016-09-01,33.6,"SG"
"AL_US_IVAN","4","IVAN_US_AL_2004",2016-10-01,30.5,"SUS"
"AL_US_SALLY","4","SALLY_US_AL_2020",2016-10-01,30.2,"SUS"
"ALEX","6","ALEX_2010",2016-10-01,33.8,"WG"
"BELICE_RICHARD","3","RICHARD_BELICE_2010",2016-10-01,32.8,"C"
"BELIZE_IRIS","2","IRIS_BELIZE_2001",2016-10-01,31.6,"CA"
"BETA","2","BETA_2005",2016-10-01,30.7,"CA"
"CR_OTTO","2","OTTO_CR_2016",2016-10-01,31,"CA"
"CUBA_DENNIS","3","DENNIS_CUBA_2005",2016-10-01,32.1,"C"
"CUBA_GUSTAV","3","GUSTAV_CUBA_2008",2016-10-01,31.5,"C"
"CUBA_IAN","3","IAN_CUBA_2022",2016-10-01,31.5,"C"
"CUBA_MICHELLE","3","MICHELLE_CUBA_2001",2016-10-01,32,"C"
"CUBA_PALOMA","3","PALOMA_CUBA_2008",2016-10-01,31.3,"C"
"CUBA_SANDY","3","SANDY_CUBA_2012",2016-10-01,31.8,"C"
"DEAN_QROO_MX","5","DEAN_QROO_MX_2007",2016-10-01,32.9,"SG"
"FL_US_CHARLEY","1","CHARLEY_2004",2016-10-01,31.3,"FP"
"FL_US_FRANCES","1","FRANCES_US_FL_2004",2016-10-01,31,"FP"
"FL_US_IAN","1","IAN_US_FL_2022",2016-10-01,31.4,"FP"
"FL_US_IRMA","1","IRMA_US_FL_2017",2016-10-01,31.5,"FP"
"FL_US_JEANNE","1","JEANNE_US_FL_2004",2016-10-01,31,"FP"
"FL_US_MICHAEL","4","MICHAEL_US_FL_2018",2016-10-01,30.9,"SUS"
"FL_US_WILMA","1","WILMA_US_FL_2005",2016-10-01,31.4,"FP"
"LA_US_GUSTAV","4","GUSTAV_US_LA_2008",2016-10-01,30.7,"SUS"
"LA_US_IDA","4","IDA_US_LA_2009",2016-10-01,30.7,"SUS"
"LA_US_KATRINA","4","KATRINA_US_LA_2005",2016-10-01,31.7,"SUS"
"LA_US_LAURA","4","LAURA_US_LA_2020",2016-10-01,30.4,"SUS"
"LA_US_ZETA","4","ZETA_US_LA_2020",2016-10-01,30.9,"SUS"
"MX_ERNESTO","5","ERNESTO_MX_2012",2016-10-01,32.8,"SG"
"MX_GRACE","3","GRACE_MX_2021",2016-10-01,31.7,"C"
"MX_TAMPS_EMILY","6","EMILY_TAMPS_MX_2005",2016-10-01,33.7,"WG"
"NC_US_ISABEL","4","ISABEL_US_NC_2003",2016-10-01,25.3,"SUS"
"NIC_ETA","2","ETA_NIC_2020",2016-10-01,30.8,"CA"
"NIC_FELIX","2","FELIX_NIC_2007",2016-10-01,30.7,"CA"
"NIC_IOTA","2","IOTA_NIC_2020",2016-10-01,30.8,"CA"
"PR_USA_MARIA","3","MARIA_US_PR_2017",2016-10-01,33.1,"C"
"QROO_WILMA","3","WILMA_QROO_2005",2016-10-01,32.6,"C"
"TX_US_HARVEY","6","HARVEY_US_TX_2017",2016-10-01,32.3,"WG"
"TX_US_IKE","4","IKE_US_TX_2008",2016-10-01,31,"SUS"
"TX_US_RITA","4","RITA_US_TX_2005",2016-10-01,30.8,"SUS"
"US_FL_DELTA","4","DELTA_US_LA_2020",2016-10-01,30.4,"SUS"
"US_FL_DENNIS","4","DENNIS_US_FL_2005",2016-10-01,30.5,"SUS"
"VER_MX_KARL","5","KARL_MX_VER_2010",2016-10-01,32,"SG"
"YUC_DELTA","5","DELTA_YUCATAN_MX_2020",2016-10-01,32.7,"SG"
"YUC_MX_EMILY","5","EMILY_MX_YUC_2005",2016-10-01,33.3,"SG"
"YUC_MX_ISIDORE","5","ISIDORE_MX_YUC_2002",2016-10-01,33.1,"SG"
"AL_US_IVAN","4","IVAN_US_AL_2004",2016-11-01,25,"SUS"
"AL_US_SALLY","4","SALLY_US_AL_2020",2016-11-01,24.6,"SUS"
"ALEX","6","ALEX_2010",2016-11-01,28.6,"WG"
"BELICE_RICHARD","3","RICHARD_BELICE_2010",2016-11-01,31,"C"
"BELIZE_IRIS","2","IRIS_BELIZE_2001",2016-11-01,30,"CA"
"BETA","2","BETA_2005",2016-11-01,29.4,"CA"
"CR_OTTO","2","OTTO_CR_2016",2016-11-01,30.4,"CA"
"CUBA_DENNIS","3","DENNIS_CUBA_2005",2016-11-01,30,"C"
"CUBA_GUSTAV","3","GUSTAV_CUBA_2008",2016-11-01,29.8,"C"
"CUBA_IAN","3","IAN_CUBA_2022",2016-11-01,29.7,"C"
"CUBA_MICHELLE","3","MICHELLE_CUBA_2001",2016-11-01,29.9,"C"
"CUBA_PALOMA","3","PALOMA_CUBA_2008",2016-11-01,30.2,"C"
"CUBA_SANDY","3","SANDY_CUBA_2012",2016-11-01,30.8,"C"
"DEAN_QROO_MX","5","DEAN_QROO_MX_2007",2016-11-01,31.4,"SG"
"FL_US_CHARLEY","1","CHARLEY_2004",2016-11-01,28.2,"FP"
"FL_US_FRANCES","1","FRANCES_US_FL_2004",2016-11-01,27.7,"FP"
"FL_US_IAN","1","IAN_US_FL_2022",2016-11-01,28.5,"FP"
"FL_US_IRMA","1","IRMA_US_FL_2017",2016-11-01,28.8,"FP"
"FL_US_JEANNE","1","JEANNE_US_FL_2004",2016-11-01,27.7,"FP"
"FL_US_MICHAEL","4","MICHAEL_US_FL_2018",2016-11-01,26.1,"SUS"
"FL_US_WILMA","1","WILMA_US_FL_2005",2016-11-01,28.7,"FP"
"LA_US_GUSTAV","4","GUSTAV_US_LA_2008",2016-11-01,26.4,"SUS"
"LA_US_IDA","4","IDA_US_LA_2009",2016-11-01,26.4,"SUS"
"LA_US_KATRINA","4","KATRINA_US_LA_2005",2016-11-01,26.7,"SUS"
"LA_US_LAURA","4","LAURA_US_LA_2020",2016-11-01,25.1,"SUS"
"LA_US_ZETA","4","ZETA_US_LA_2020",2016-11-01,26.2,"SUS"
"MX_ERNESTO","5","ERNESTO_MX_2012",2016-11-01,31.4,"SG"
"MX_GRACE","3","GRACE_MX_2021",2016-11-01,27.7,"C"
"MX_TAMPS_EMILY","6","EMILY_TAMPS_MX_2005",2016-11-01,28.5,"WG"
"NC_US_ISABEL","4","ISABEL_US_NC_2003",2016-11-01,20.4,"SUS"
"NIC_ETA","2","ETA_NIC_2020",2016-11-01,29.4,"CA"
"NIC_FELIX","2","FELIX_NIC_2007",2016-11-01,29.4,"CA"
"NIC_IOTA","2","IOTA_NIC_2020",2016-11-01,29.4,"CA"
"PR_USA_MARIA","3","MARIA_US_PR_2017",2016-11-01,32.1,"C"
"QROO_WILMA","3","WILMA_QROO_2005",2016-11-01,31.2,"C"
"TX_US_HARVEY","6","HARVEY_US_TX_2017",2016-11-01,26.9,"WG"
"TX_US_IKE","4","IKE_US_TX_2008",2016-11-01,25.9,"SUS"
"TX_US_RITA","4","RITA_US_TX_2005",2016-11-01,25.6,"SUS"
"US_FL_DELTA","4","DELTA_US_LA_2020",2016-11-01,25.4,"SUS"
"US_FL_DENNIS","4","DENNIS_US_FL_2005",2016-11-01,24.8,"SUS"
"VER_MX_KARL","5","KARL_MX_VER_2010",2016-11-01,30,"SG"
"YUC_DELTA","5","DELTA_YUCATAN_MX_2020",2016-11-01,31.3,"SG"
"YUC_MX_EMILY","5","EMILY_MX_YUC_2005",2016-11-01,32.1,"SG"
"YUC_MX_ISIDORE","5","ISIDORE_MX_YUC_2002",2016-11-01,32.1,"SG"
"AL_US_IVAN","4","IVAN_US_AL_2004",2016-12-01,19.5,"SUS"
"AL_US_SALLY","4","SALLY_US_AL_2020",2016-12-01,19.6,"SUS"
"ALEX","6","ALEX_2010",2016-12-01,26.4,"WG"
"BELICE_RICHARD","3","RICHARD_BELICE_2010",2016-12-01,31.1,"C"
"BELIZE_IRIS","2","IRIS_BELIZE_2001",2016-12-01,30.4,"CA"
"BETA","2","BETA_2005",2016-12-01,28.9,"CA"
"CR_OTTO","2","OTTO_CR_2016",2016-12-01,30.3,"CA"
"CUBA_DENNIS","3","DENNIS_CUBA_2005",2016-12-01,31.5,"C"
"CUBA_GUSTAV","3","GUSTAV_CUBA_2008",2016-12-01,30.7,"C"
"CUBA_IAN","3","IAN_CUBA_2022",2016-12-01,30.5,"C"
"CUBA_MICHELLE","3","MICHELLE_CUBA_2001",2016-12-01,31.3,"C"
"CUBA_PALOMA","3","PALOMA_CUBA_2008",2016-12-01,30.9,"C"
"CUBA_SANDY","3","SANDY_CUBA_2012",2016-12-01,31.6,"C"
"DEAN_QROO_MX","5","DEAN_QROO_MX_2007",2016-12-01,31.4,"SG"
"FL_US_CHARLEY","1","CHARLEY_2004",2016-12-01,27.8,"FP"
"FL_US_FRANCES","1","FRANCES_US_FL_2004",2016-12-01,27.5,"FP"
"FL_US_IAN","1","IAN_US_FL_2022",2016-12-01,28,"FP"
"FL_US_IRMA","1","IRMA_US_FL_2017",2016-12-01,28.7,"FP"
"FL_US_JEANNE","1","JEANNE_US_FL_2004",2016-12-01,27.6,"FP"
"FL_US_MICHAEL","4","MICHAEL_US_FL_2018",2016-12-01,21.4,"SUS"
"FL_US_WILMA","1","WILMA_US_FL_2005",2016-12-01,28.6,"FP"
"LA_US_GUSTAV","4","GUSTAV_US_LA_2008",2016-12-01,21.6,"SUS"
"LA_US_IDA","4","IDA_US_LA_2009",2016-12-01,21.6,"SUS"
"LA_US_KATRINA","4","KATRINA_US_LA_2005",2016-12-01,21,"SUS"
"LA_US_LAURA","4","LAURA_US_LA_2020",2016-12-01,19.7,"SUS"
"LA_US_ZETA","4","ZETA_US_LA_2020",2016-12-01,21.3,"SUS"
"MX_ERNESTO","5","ERNESTO_MX_2012",2016-12-01,31.3,"SG"
"MX_GRACE","3","GRACE_MX_2021",2016-12-01,26.3,"C"
"MX_TAMPS_EMILY","6","EMILY_TAMPS_MX_2005",2016-12-01,25.6,"WG"
"NC_US_ISABEL","4","ISABEL_US_NC_2003",2016-12-01,14.9,"SUS"
"NIC_ETA","2","ETA_NIC_2020",2016-12-01,29.5,"CA"
"NIC_FELIX","2","FELIX_NIC_2007",2016-12-01,30.1,"CA"
"NIC_IOTA","2","IOTA_NIC_2020",2016-12-01,29.7,"CA"
"PR_USA_MARIA","3","MARIA_US_PR_2017",2016-12-01,31.9,"C"
"QROO_WILMA","3","WILMA_QROO_2005",2016-12-01,31.7,"C"
"TX_US_HARVEY","6","HARVEY_US_TX_2017",2016-12-01,21.4,"WG"
"TX_US_IKE","4","IKE_US_TX_2008",2016-12-01,19.9,"SUS"
"TX_US_RITA","4","RITA_US_TX_2005",2016-12-01,19.9,"SUS"
"US_FL_DELTA","4","DELTA_US_LA_2020",2016-12-01,19.8,"SUS"
"US_FL_DENNIS","4","DENNIS_US_FL_2005",2016-12-01,19.5,"SUS"
"VER_MX_KARL","5","KARL_MX_VER_2010",2016-12-01,30,"SG"
"YUC_DELTA","5","DELTA_YUCATAN_MX_2020",2016-12-01,31.8,"SG"
"YUC_MX_EMILY","5","EMILY_MX_YUC_2005",2016-12-01,32.5,"SG"
"YUC_MX_ISIDORE","5","ISIDORE_MX_YUC_2002",2016-12-01,31.9,"SG"
"AL_US_IVAN","4","IVAN_US_AL_2004",2017-01-01,20.8,"SUS"
"AL_US_SALLY","4","SALLY_US_AL_2020",2017-01-01,20.6,"SUS"
"ALEX","6","ALEX_2010",2017-01-01,27.6,"WG"
"BELICE_RICHARD","3","RICHARD_BELICE_2010",2017-01-01,30.1,"C"
"BELIZE_IRIS","2","IRIS_BELIZE_2001",2017-01-01,29.5,"CA"
"BETA","2","BETA_2005",2017-01-01,29,"CA"
"CR_OTTO","2","OTTO_CR_2016",2017-01-01,31.6,"CA"
"CUBA_DENNIS","3","DENNIS_CUBA_2005",2017-01-01,30,"C"
"CUBA_GUSTAV","3","GUSTAV_CUBA_2008",2017-01-01,29.1,"C"
"CUBA_IAN","3","IAN_CUBA_2022",2017-01-01,28.7,"C"
"CUBA_MICHELLE","3","MICHELLE_CUBA_2001",2017-01-01,29.9,"C"
"CUBA_PALOMA","3","PALOMA_CUBA_2008",2017-01-01,30.3,"C"
"CUBA_SANDY","3","SANDY_CUBA_2012",2017-01-01,31.1,"C"
"DEAN_QROO_MX","5","DEAN_QROO_MX_2007",2017-01-01,30.7,"SG"
"FL_US_CHARLEY","1","CHARLEY_2004",2017-01-01,26,"FP"
"FL_US_FRANCES","1","FRANCES_US_FL_2004",2017-01-01,26,"FP"
"FL_US_IAN","1","IAN_US_FL_2022",2017-01-01,26.4,"FP"
"FL_US_IRMA","1","IRMA_US_FL_2017",2017-01-01,27,"FP"
"FL_US_JEANNE","1","JEANNE_US_FL_2004",2017-01-01,26.1,"FP"
"FL_US_MICHAEL","4","MICHAEL_US_FL_2018",2017-01-01,21.9,"SUS"
"FL_US_WILMA","1","WILMA_US_FL_2005",2017-01-01,26.9,"FP"
"LA_US_GUSTAV","4","GUSTAV_US_LA_2008",2017-01-01,22.9,"SUS"
"LA_US_IDA","4","IDA_US_LA_2009",2017-01-01,22.5,"SUS"
"LA_US_KATRINA","4","KATRINA_US_LA_2005",2017-01-01,21.9,"SUS"
"LA_US_LAURA","4","LAURA_US_LA_2020",2017-01-01,21,"SUS"
"LA_US_ZETA","4","ZETA_US_LA_2020",2017-01-01,22.2,"SUS"
"MX_ERNESTO","5","ERNESTO_MX_2012",2017-01-01,30.6,"SG"
"MX_GRACE","3","GRACE_MX_2021",2017-01-01,26.9,"C"
"MX_TAMPS_EMILY","6","EMILY_TAMPS_MX_2005",2017-01-01,26.4,"WG"
"NC_US_ISABEL","4","ISABEL_US_NC_2003",2017-01-01,15.2,"SUS"
"NIC_ETA","2","ETA_NIC_2020",2017-01-01,29,"CA"
"NIC_FELIX","2","FELIX_NIC_2007",2017-01-01,29.2,"CA"
"NIC_IOTA","2","IOTA_NIC_2020",2017-01-01,29.2,"CA"
"PR_USA_MARIA","3","MARIA_US_PR_2017",2017-01-01,30.8,"C"
"QROO_WILMA","3","WILMA_QROO_2005",2017-01-01,30,"C"
"TX_US_HARVEY","6","HARVEY_US_TX_2017",2017-01-01,23.5,"WG"
"TX_US_IKE","4","IKE_US_TX_2008",2017-01-01,21.6,"SUS"
"TX_US_RITA","4","RITA_US_TX_2005",2017-01-01,21.2,"SUS"
"US_FL_DELTA","4","DELTA_US_LA_2020",2017-01-01,20.7,"SUS"
"US_FL_DENNIS","4","DENNIS_US_FL_2005",2017-01-01,20.7,"SUS"
"VER_MX_KARL","5","KARL_MX_VER_2010",2017-01-01,29.6,"SG"
"YUC_DELTA","5","DELTA_YUCATAN_MX_2020",2017-01-01,30.2,"SG"
"YUC_MX_EMILY","5","EMILY_MX_YUC_2005",2017-01-01,31.2,"SG"
"YUC_MX_ISIDORE","5","ISIDORE_MX_YUC_2002",2017-01-01,31.2,"SG"
"AL_US_IVAN","4","IVAN_US_AL_2004",2017-02-01,23.2,"SUS"
"AL_US_SALLY","4","SALLY_US_AL_2020",2017-02-01,22.9,"SUS"
"ALEX","6","ALEX_2010",2017-02-01,30.1,"WG"
"BELICE_RICHARD","3","RICHARD_BELICE_2010",2017-02-01,31.6,"C"
"BELIZE_IRIS","2","IRIS_BELIZE_2001",2017-02-01,31.6,"CA"
"BETA","2","BETA_2005",2017-02-01,30.2,"CA"
"CR_OTTO","2","OTTO_CR_2016",2017-02-01,33.6,"CA"
"CUBA_DENNIS","3","DENNIS_CUBA_2005",2017-02-01,31.2,"C"
"CUBA_GUSTAV","3","GUSTAV_CUBA_2008",2017-02-01,30.1,"C"
"CUBA_IAN","3","IAN_CUBA_2022",2017-02-01,30,"C"
"CUBA_MICHELLE","3","MICHELLE_CUBA_2001",2017-02-01,31.1,"C"
"CUBA_PALOMA","3","PALOMA_CUBA_2008",2017-02-01,30.9,"C"
"CUBA_SANDY","3","SANDY_CUBA_2012",2017-02-01,31.6,"C"
"DEAN_QROO_MX","5","DEAN_QROO_MX_2007",2017-02-01,32.6,"SG"
"FL_US_CHARLEY","1","CHARLEY_2004",2017-02-01,27.6,"FP"
"FL_US_FRANCES","1","FRANCES_US_FL_2004",2017-02-01,27.6,"FP"
"FL_US_IAN","1","IAN_US_FL_2022",2017-02-01,27.8,"FP"
"FL_US_IRMA","1","IRMA_US_FL_2017",2017-02-01,28.2,"FP"
"FL_US_JEANNE","1","JEANNE_US_FL_2004",2017-02-01,27.6,"FP"
"FL_US_MICHAEL","4","MICHAEL_US_FL_2018",2017-02-01,23.6,"SUS"
"FL_US_WILMA","1","WILMA_US_FL_2005",2017-02-01,28.1,"FP"
"LA_US_GUSTAV","4","GUSTAV_US_LA_2008",2017-02-01,24.1,"SUS"
"LA_US_IDA","4","IDA_US_LA_2009",2017-02-01,24.1,"SUS"
"LA_US_KATRINA","4","KATRINA_US_LA_2005",2017-02-01,23.6,"SUS"
"LA_US_LAURA","4","LAURA_US_LA_2020",2017-02-01,23.5,"SUS"
"LA_US_ZETA","4","ZETA_US_LA_2020",2017-02-01,23.9,"SUS"
"MX_ERNESTO","5","ERNESTO_MX_2012",2017-02-01,32.6,"SG"
"MX_GRACE","3","GRACE_MX_2021",2017-02-01,28.9,"C"
"MX_TAMPS_EMILY","6","EMILY_TAMPS_MX_2005",2017-02-01,29.4,"WG"
"NC_US_ISABEL","4","ISABEL_US_NC_2003",2017-02-01,20,"SUS"
"NIC_ETA","2","ETA_NIC_2020",2017-02-01,30.3,"CA"
"NIC_FELIX","2","FELIX_NIC_2007",2017-02-01,29.8,"CA"
"NIC_IOTA","2","IOTA_NIC_2020",2017-02-01,30.4,"CA"
"PR_USA_MARIA","3","MARIA_US_PR_2017",2017-02-01,31,"C"
"QROO_WILMA","3","WILMA_QROO_2005",2017-02-01,31.8,"C"
"TX_US_HARVEY","6","HARVEY_US_TX_2017",2017-02-01,26.1,"WG"
"TX_US_IKE","4","IKE_US_TX_2008",2017-02-01,24.1,"SUS"
"TX_US_RITA","4","RITA_US_TX_2005",2017-02-01,24.4,"SUS"
"US_FL_DELTA","4","DELTA_US_LA_2020",2017-02-01,23.2,"SUS"
"US_FL_DENNIS","4","DENNIS_US_FL_2005",2017-02-01,23.2,"SUS"
"VER_MX_KARL","5","KARL_MX_VER_2010",2017-02-01,31.2,"SG"
"YUC_DELTA","5","DELTA_YUCATAN_MX_2020",2017-02-01,32.5,"SG"
"YUC_MX_EMILY","5","EMILY_MX_YUC_2005",2017-02-01,33.4,"SG"
"YUC_MX_ISIDORE","5","ISIDORE_MX_YUC_2002",2017-02-01,33.5,"SG"
"AL_US_IVAN","4","IVAN_US_AL_2004",2017-03-01,23.8,"SUS"
"AL_US_SALLY","4","SALLY_US_AL_2020",2017-03-01,23.6,"SUS"
"ALEX","6","ALEX_2010",2017-03-01,31,"WG"
"BELICE_RICHARD","3","RICHARD_BELICE_2010",2017-03-01,32,"C"
"BELIZE_IRIS","2","IRIS_BELIZE_2001",2017-03-01,32.5,"CA"
"BETA","2","BETA_2005",2017-03-01,30.6,"CA"
"CR_OTTO","2","OTTO_CR_2016",2017-03-01,33.8,"CA"
"CUBA_DENNIS","3","DENNIS_CUBA_2005",2017-03-01,30.8,"C"
"CUBA_GUSTAV","3","GUSTAV_CUBA_2008",2017-03-01,29.8,"C"
"CUBA_IAN","3","IAN_CUBA_2022",2017-03-01,29.7,"C"
"CUBA_MICHELLE","3","MICHELLE_CUBA_2001",2017-03-01,30.7,"C"
"CUBA_PALOMA","3","PALOMA_CUBA_2008",2017-03-01,30.7,"C"
"CUBA_SANDY","3","SANDY_CUBA_2012",2017-03-01,30.4,"C"
"DEAN_QROO_MX","5","DEAN_QROO_MX_2007",2017-03-01,33.8,"SG"
"FL_US_CHARLEY","1","CHARLEY_2004",2017-03-01,27.6,"FP"
"FL_US_FRANCES","1","FRANCES_US_FL_2004",2017-03-01,27.6,"FP"
"FL_US_IAN","1","IAN_US_FL_2022",2017-03-01,27.9,"FP"
"FL_US_IRMA","1","IRMA_US_FL_2017",2017-03-01,28.2,"FP"
"FL_US_JEANNE","1","JEANNE_US_FL_2004",2017-03-01,27.7,"FP"
"FL_US_MICHAEL","4","MICHAEL_US_FL_2018",2017-03-01,24,"SUS"
"FL_US_WILMA","1","WILMA_US_FL_2005",2017-03-01,28,"FP"
"LA_US_GUSTAV","4","GUSTAV_US_LA_2008",2017-03-01,24.7,"SUS"
"LA_US_IDA","4","IDA_US_LA_2009",2017-03-01,24.5,"SUS"
"LA_US_KATRINA","4","KATRINA_US_LA_2005",2017-03-01,24,"SUS"
"LA_US_LAURA","4","LAURA_US_LA_2020",2017-03-01,24.6,"SUS"
"LA_US_ZETA","4","ZETA_US_LA_2020",2017-03-01,25.7,"SUS"
"MX_ERNESTO","5","ERNESTO_MX_2012",2017-03-01,33.7,"SG"
"MX_GRACE","3","GRACE_MX_2021",2017-03-01,29.3,"C"
"MX_TAMPS_EMILY","6","EMILY_TAMPS_MX_2005",2017-03-01,29.9,"WG"
"NC_US_ISABEL","4","ISABEL_US_NC_2003",2017-03-01,18.5,"SUS"
"NIC_ETA","2","ETA_NIC_2020",2017-03-01,31.2,"CA"
"NIC_FELIX","2","FELIX_NIC_2007",2017-03-01,30.6,"CA"
"NIC_IOTA","2","IOTA_NIC_2020",2017-03-01,31.3,"CA"
"PR_USA_MARIA","3","MARIA_US_PR_2017",2017-03-01,31.1,"C"
"QROO_WILMA","3","WILMA_QROO_2005",2017-03-01,32.1,"C"
"TX_US_HARVEY","6","HARVEY_US_TX_2017",2017-03-01,27,"WG"
"TX_US_IKE","4","IKE_US_TX_2008",2017-03-01,25.2,"SUS"
"TX_US_RITA","4","RITA_US_TX_2005",2017-03-01,25.3,"SUS"
"US_FL_DELTA","4","DELTA_US_LA_2020",2017-03-01,24.4,"SUS"
"US_FL_DENNIS","4","DENNIS_US_FL_2005",2017-03-01,23.8,"SUS"
"VER_MX_KARL","5","KARL_MX_VER_2010",2017-03-01,32.4,"SG"
"YUC_DELTA","5","DELTA_YUCATAN_MX_2020",2017-03-01,33.2,"SG"
"YUC_MX_EMILY","5","EMILY_MX_YUC_2005",2017-03-01,34.1,"SG"
"YUC_MX_ISIDORE","5","ISIDORE_MX_YUC_2002",2017-03-01,34.9,"SG"
"AL_US_IVAN","4","IVAN_US_AL_2004",2017-04-01,28,"SUS"
"AL_US_SALLY","4","SALLY_US_AL_2020",2017-04-01,27.6,"SUS"
"ALEX","6","ALEX_2010",2017-04-01,34.3,"WG"
"BELICE_RICHARD","3","RICHARD_BELICE_2010",2017-04-01,33.1,"C"
"BELIZE_IRIS","2","IRIS_BELIZE_2001",2017-04-01,33.3,"CA"
"BETA","2","BETA_2005",2017-04-01,31,"CA"
"CR_OTTO","2","OTTO_CR_2016",2017-04-01,34,"CA"
"CUBA_DENNIS","3","DENNIS_CUBA_2005",2017-04-01,32.5,"C"
"CUBA_GUSTAV","3","GUSTAV_CUBA_2008",2017-04-01,31.1,"C"
"CUBA_IAN","3","IAN_CUBA_2022",2017-04-01,31.1,"C"
"CUBA_MICHELLE","3","MICHELLE_CUBA_2001",2017-04-01,32.4,"C"
"CUBA_PALOMA","3","PALOMA_CUBA_2008",2017-04-01,32,"C"
"CUBA_SANDY","3","SANDY_CUBA_2012",2017-04-01,31.7,"C"
"DEAN_QROO_MX","5","DEAN_QROO_MX_2007",2017-04-01,34,"SG"
"FL_US_CHARLEY","1","CHARLEY_2004",2017-04-01,30.7,"FP"
"FL_US_FRANCES","1","FRANCES_US_FL_2004",2017-04-01,30.7,"FP"
"FL_US_IAN","1","IAN_US_FL_2022",2017-04-01,30.8,"FP"
"FL_US_IRMA","1","IRMA_US_FL_2017",2017-04-01,31,"FP"
"FL_US_JEANNE","1","JEANNE_US_FL_2004",2017-04-01,30.7,"FP"
"FL_US_MICHAEL","4","MICHAEL_US_FL_2018",2017-04-01,28.5,"SUS"
"FL_US_WILMA","1","WILMA_US_FL_2005",2017-04-01,30.6,"FP"
"LA_US_GUSTAV","4","GUSTAV_US_LA_2008",2017-04-01,27.3,"SUS"
"LA_US_IDA","4","IDA_US_LA_2009",2017-04-01,27.5,"SUS"
"LA_US_KATRINA","4","KATRINA_US_LA_2005",2017-04-01,27.2,"SUS"
"LA_US_LAURA","4","LAURA_US_LA_2020",2017-04-01,27.2,"SUS"
"LA_US_ZETA","4","ZETA_US_LA_2020",2017-04-01,28.1,"SUS"
"MX_ERNESTO","5","ERNESTO_MX_2012",2017-04-01,34,"SG"
"MX_GRACE","3","GRACE_MX_2021",2017-04-01,32,"C"
"MX_TAMPS_EMILY","6","EMILY_TAMPS_MX_2005",2017-04-01,33,"WG"
"NC_US_ISABEL","4","ISABEL_US_NC_2003",2017-04-01,25.3,"SUS"
"NIC_ETA","2","ETA_NIC_2020",2017-04-01,32.5,"CA"
"NIC_FELIX","2","FELIX_NIC_2007",2017-04-01,32,"CA"
"NIC_IOTA","2","IOTA_NIC_2020",2017-04-01,32.7,"CA"
"PR_USA_MARIA","3","MARIA_US_PR_2017",2017-04-01,31.9,"C"
"QROO_WILMA","3","WILMA_QROO_2005",2017-04-01,32.4,"C"
"TX_US_HARVEY","6","HARVEY_US_TX_2017",2017-04-01,29.4,"WG"
"TX_US_IKE","4","IKE_US_TX_2008",2017-04-01,27.6,"SUS"
"TX_US_RITA","4","RITA_US_TX_2005",2017-04-01,27.8,"SUS"
"US_FL_DELTA","4","DELTA_US_LA_2020",2017-04-01,27.3,"SUS"
"US_FL_DENNIS","4","DENNIS_US_FL_2005",2017-04-01,28,"SUS"
"VER_MX_KARL","5","KARL_MX_VER_2010",2017-04-01,34.6,"SG"
"YUC_DELTA","5","DELTA_YUCATAN_MX_2020",2017-04-01,33.9,"SG"
"YUC_MX_EMILY","5","EMILY_MX_YUC_2005",2017-04-01,34.5,"SG"
"YUC_MX_ISIDORE","5","ISIDORE_MX_YUC_2002",2017-04-01,35.4,"SG"
"AL_US_IVAN","4","IVAN_US_AL_2004",2017-05-01,29.1,"SUS"
"AL_US_SALLY","4","SALLY_US_AL_2020",2017-05-01,29,"SUS"
"ALEX","6","ALEX_2010",2017-05-01,37.1,"WG"
"BELICE_RICHARD","3","RICHARD_BELICE_2010",2017-05-01,33.5,"C"
"BELIZE_IRIS","2","IRIS_BELIZE_2001",2017-05-01,33.4,"CA"
"BETA","2","BETA_2005",2017-05-01,31.6,"CA"
"CR_OTTO","2","OTTO_CR_2016",2017-05-01,32.2,"CA"
"CUBA_DENNIS","3","DENNIS_CUBA_2005",2017-05-01,33,"C"
"CUBA_GUSTAV","3","GUSTAV_CUBA_2008",2017-05-01,32.4,"C"
"CUBA_IAN","3","IAN_CUBA_2022",2017-05-01,32.4,"C"
"CUBA_MICHELLE","3","MICHELLE_CUBA_2001",2017-05-01,32.9,"C"
"CUBA_PALOMA","3","PALOMA_CUBA_2008",2017-05-01,32.4,"C"
"CUBA_SANDY","3","SANDY_CUBA_2012",2017-05-01,32.4,"C"
"DEAN_QROO_MX","5","DEAN_QROO_MX_2007",2017-05-01,35.1,"SG"
"FL_US_CHARLEY","1","CHARLEY_2004",2017-05-01,32.9,"FP"
"FL_US_FRANCES","1","FRANCES_US_FL_2004",2017-05-01,32.6,"FP"
"FL_US_IAN","1","IAN_US_FL_2022",2017-05-01,33,"FP"
"FL_US_IRMA","1","IRMA_US_FL_2017",2017-05-01,33.1,"FP"
"FL_US_JEANNE","1","JEANNE_US_FL_2004",2017-05-01,32.6,"FP"
"FL_US_MICHAEL","4","MICHAEL_US_FL_2018",2017-05-01,30.2,"SUS"
"FL_US_WILMA","1","WILMA_US_FL_2005",2017-05-01,32.6,"FP"
"LA_US_GUSTAV","4","GUSTAV_US_LA_2008",2017-05-01,28.4,"SUS"
"LA_US_IDA","4","IDA_US_LA_2009",2017-05-01,28.9,"SUS"
"LA_US_KATRINA","4","KATRINA_US_LA_2005",2017-05-01,28.7,"SUS"
"LA_US_LAURA","4","LAURA_US_LA_2020",2017-05-01,28.9,"SUS"
"LA_US_ZETA","4","ZETA_US_LA_2020",2017-05-01,29.2,"SUS"
"MX_ERNESTO","5","ERNESTO_MX_2012",2017-05-01,35.1,"SG"
"MX_GRACE","3","GRACE_MX_2021",2017-05-01,34.5,"C"
"MX_TAMPS_EMILY","6","EMILY_TAMPS_MX_2005",2017-05-01,35.8,"WG"
"NC_US_ISABEL","4","ISABEL_US_NC_2003",2017-05-01,26.9,"SUS"
"NIC_ETA","2","ETA_NIC_2020",2017-05-01,32.6,"CA"
"NIC_FELIX","2","FELIX_NIC_2007",2017-05-01,32.5,"CA"
"NIC_IOTA","2","IOTA_NIC_2020",2017-05-01,32.7,"CA"
"PR_USA_MARIA","3","MARIA_US_PR_2017",2017-05-01,32.2,"C"
"QROO_WILMA","3","WILMA_QROO_2005",2017-05-01,33.9,"C"
"TX_US_HARVEY","6","HARVEY_US_TX_2017",2017-05-01,31.1,"WG"
"TX_US_IKE","4","IKE_US_TX_2008",2017-05-01,29.5,"SUS"
"TX_US_RITA","4","RITA_US_TX_2005",2017-05-01,29.4,"SUS"
"US_FL_DELTA","4","DELTA_US_LA_2020",2017-05-01,28.4,"SUS"
"US_FL_DENNIS","4","DENNIS_US_FL_2005",2017-05-01,29.1,"SUS"
"VER_MX_KARL","5","KARL_MX_VER_2010",2017-05-01,35.7,"SG"
"YUC_DELTA","5","DELTA_YUCATAN_MX_2020",2017-05-01,34.9,"SG"
"YUC_MX_EMILY","5","EMILY_MX_YUC_2005",2017-05-01,35.6,"SG"
"YUC_MX_ISIDORE","5","ISIDORE_MX_YUC_2002",2017-05-01,36.6,"SG"
"AL_US_IVAN","4","IVAN_US_AL_2004",2017-06-01,30.2,"SUS"
"AL_US_SALLY","4","SALLY_US_AL_2020",2017-06-01,29.4,"SUS"
"ALEX","6","ALEX_2010",2017-06-01,38.6,"WG"
"BELICE_RICHARD","3","RICHARD_BELICE_2010",2017-06-01,32.3,"C"
"BELIZE_IRIS","2","IRIS_BELIZE_2001",2017-06-01,32.6,"CA"
"BETA","2","BETA_2005",2017-06-01,30.8,"CA"
"CR_OTTO","2","OTTO_CR_2016",2017-06-01,31.7,"CA"
"CUBA_DENNIS","3","DENNIS_CUBA_2005",2017-06-01,32.5,"C"
"CUBA_GUSTAV","3","GUSTAV_CUBA_2008",2017-06-01,31.8,"C"
"CUBA_IAN","3","IAN_CUBA_2022",2017-06-01,31.7,"C"
"CUBA_MICHELLE","3","MICHELLE_CUBA_2001",2017-06-01,32.4,"C"
"CUBA_PALOMA","3","PALOMA_CUBA_2008",2017-06-01,32.5,"C"
"CUBA_SANDY","3","SANDY_CUBA_2012",2017-06-01,33.3,"C"
"DEAN_QROO_MX","5","DEAN_QROO_MX_2007",2017-06-01,33.1,"SG"
"FL_US_CHARLEY","1","CHARLEY_2004",2017-06-01,31.9,"FP"
"FL_US_FRANCES","1","FRANCES_US_FL_2004",2017-06-01,31.7,"FP"
"FL_US_IAN","1","IAN_US_FL_2022",2017-06-01,31.9,"FP"
"FL_US_IRMA","1","IRMA_US_FL_2017",2017-06-01,32,"FP"
"FL_US_JEANNE","1","JEANNE_US_FL_2004",2017-06-01,31.8,"FP"
"FL_US_MICHAEL","4","MICHAEL_US_FL_2018",2017-06-01,30,"SUS"
"FL_US_WILMA","1","WILMA_US_FL_2005",2017-06-01,31.7,"FP"
"LA_US_GUSTAV","4","GUSTAV_US_LA_2008",2017-06-01,30.3,"SUS"
"LA_US_IDA","4","IDA_US_LA_2009",2017-06-01,30.6,"SUS"
"LA_US_KATRINA","4","KATRINA_US_LA_2005",2017-06-01,30.8,"SUS"
"LA_US_LAURA","4","LAURA_US_LA_2020",2017-06-01,31.8,"SUS"
"LA_US_ZETA","4","ZETA_US_LA_2020",2017-06-01,30.6,"SUS"
"MX_ERNESTO","5","ERNESTO_MX_2012",2017-06-01,33.1,"SG"
"MX_GRACE","3","GRACE_MX_2021",2017-06-01,35.3,"C"
"MX_TAMPS_EMILY","6","EMILY_TAMPS_MX_2005",2017-06-01,37.6,"WG"
"NC_US_ISABEL","4","ISABEL_US_NC_2003",2017-06-01,28.7,"SUS"
"NIC_ETA","2","ETA_NIC_2020",2017-06-01,30.4,"CA"
"NIC_FELIX","2","FELIX_NIC_2007",2017-06-01,30.6,"CA"
"NIC_IOTA","2","IOTA_NIC_2020",2017-06-01,30.4,"CA"
"PR_USA_MARIA","3","MARIA_US_PR_2017",2017-06-01,32.9,"C"
"QROO_WILMA","3","WILMA_QROO_2005",2017-06-01,33,"C"
"TX_US_HARVEY","6","HARVEY_US_TX_2017",2017-06-01,34.5,"WG"
"TX_US_IKE","4","IKE_US_TX_2008",2017-06-01,32.7,"SUS"
"TX_US_RITA","4","RITA_US_TX_2005",2017-06-01,32.5,"SUS"
"US_FL_DELTA","4","DELTA_US_LA_2020",2017-06-01,31.4,"SUS"
"US_FL_DENNIS","4","DENNIS_US_FL_2005",2017-06-01,30.2,"SUS"
"VER_MX_KARL","5","KARL_MX_VER_2010",2017-06-01,34.5,"SG"
"YUC_DELTA","5","DELTA_YUCATAN_MX_2020",2017-06-01,33.6,"SG"
"YUC_MX_EMILY","5","EMILY_MX_YUC_2005",2017-06-01,33.9,"SG"
"YUC_MX_ISIDORE","5","ISIDORE_MX_YUC_2002",2017-06-01,34.5,"SG"
"AL_US_IVAN","4","IVAN_US_AL_2004",2017-07-01,33.7,"SUS"
"AL_US_SALLY","4","SALLY_US_AL_2020",2017-07-01,33,"SUS"
"ALEX","6","ALEX_2010",2017-07-01,37.3,"WG"
"BELICE_RICHARD","3","RICHARD_BELICE_2010",2017-07-01,32.9,"C"
"BELIZE_IRIS","2","IRIS_BELIZE_2001",2017-07-01,32.3,"CA"
"BETA","2","BETA_2005",2017-07-01,30,"CA"
"CR_OTTO","2","OTTO_CR_2016",2017-07-01,31.1,"CA"
"CUBA_DENNIS","3","DENNIS_CUBA_2005",2017-07-01,34,"C"
"CUBA_GUSTAV","3","GUSTAV_CUBA_2008",2017-07-01,33.1,"C"
"CUBA_IAN","3","IAN_CUBA_2022",2017-07-01,33,"C"
"CUBA_MICHELLE","3","MICHELLE_CUBA_2001",2017-07-01,34,"C"
"CUBA_PALOMA","3","PALOMA_CUBA_2008",2017-07-01,34.1,"C"
"CUBA_SANDY","3","SANDY_CUBA_2012",2017-07-01,34.5,"C"
"DEAN_QROO_MX","5","DEAN_QROO_MX_2007",2017-07-01,34,"SG"
"FL_US_CHARLEY","1","CHARLEY_2004",2017-07-01,33.9,"FP"
"FL_US_FRANCES","1","FRANCES_US_FL_2004",2017-07-01,34,"FP"
"FL_US_IAN","1","IAN_US_FL_2022",2017-07-01,34.2,"FP"
"FL_US_IRMA","1","IRMA_US_FL_2017",2017-07-01,34.1,"FP"
"FL_US_JEANNE","1","JEANNE_US_FL_2004",2017-07-01,34,"FP"
"FL_US_MICHAEL","4","MICHAEL_US_FL_2018",2017-07-01,33.7,"SUS"
"FL_US_WILMA","1","WILMA_US_FL_2005",2017-07-01,33.9,"FP"
"LA_US_GUSTAV","4","GUSTAV_US_LA_2008",2017-07-01,32.6,"SUS"
"LA_US_IDA","4","IDA_US_LA_2009",2017-07-01,33.1,"SUS"
"LA_US_KATRINA","4","KATRINA_US_LA_2005",2017-07-01,33.3,"SUS"
"LA_US_LAURA","4","LAURA_US_LA_2020",2017-07-01,34.2,"SUS"
"LA_US_ZETA","4","ZETA_US_LA_2020",2017-07-01,33.2,"SUS"
"MX_ERNESTO","5","ERNESTO_MX_2012",2017-07-01,33.9,"SG"
"MX_GRACE","3","GRACE_MX_2021",2017-07-01,33.6,"C"
"MX_TAMPS_EMILY","6","EMILY_TAMPS_MX_2005",2017-07-01,37,"WG"
"NC_US_ISABEL","4","ISABEL_US_NC_2003",2017-07-01,33,"SUS"
"NIC_ETA","2","ETA_NIC_2020",2017-07-01,30.4,"CA"
"NIC_FELIX","2","FELIX_NIC_2007",2017-07-01,30.7,"CA"
"NIC_IOTA","2","IOTA_NIC_2020",2017-07-01,30.5,"CA"
"PR_USA_MARIA","3","MARIA_US_PR_2017",2017-07-01,33.2,"C"
"QROO_WILMA","3","WILMA_QROO_2005",2017-07-01,34.5,"C"
"TX_US_HARVEY","6","HARVEY_US_TX_2017",2017-07-01,36.4,"WG"
"TX_US_IKE","4","IKE_US_TX_2008",2017-07-01,35.4,"SUS"
"TX_US_RITA","4","RITA_US_TX_2005",2017-07-01,35,"SUS"
"US_FL_DELTA","4","DELTA_US_LA_2020",2017-07-01,33.3,"SUS"
"US_FL_DENNIS","4","DENNIS_US_FL_2005",2017-07-01,33.7,"SUS"
"VER_MX_KARL","5","KARL_MX_VER_2010",2017-07-01,32.7,"SG"
"YUC_DELTA","5","DELTA_YUCATAN_MX_2020",2017-07-01,34.6,"SG"
"YUC_MX_EMILY","5","EMILY_MX_YUC_2005",2017-07-01,34.7,"SG"
"YUC_MX_ISIDORE","5","ISIDORE_MX_YUC_2002",2017-07-01,34.8,"SG"
"AL_US_IVAN","4","IVAN_US_AL_2004",2017-08-01,32.6,"SUS"
"AL_US_SALLY","4","SALLY_US_AL_2020",2017-08-01,32,"SUS"
"ALEX","6","ALEX_2010",2017-08-01,37.4,"WG"
"BELICE_RICHARD","3","RICHARD_BELICE_2010",2017-08-01,32.7,"C"
"BELIZE_IRIS","2","IRIS_BELIZE_2001",2017-08-01,32.1,"CA"
"BETA","2","BETA_2005",2017-08-01,30.1,"CA"
"CR_OTTO","2","OTTO_CR_2016",2017-08-01,31.5,"CA"
"CUBA_DENNIS","3","DENNIS_CUBA_2005",2017-08-01,34.5,"C"
"CUBA_GUSTAV","3","GUSTAV_CUBA_2008",2017-08-01,33.3,"C"
"CUBA_IAN","3","IAN_CUBA_2022",2017-08-01,33.3,"C"
"CUBA_MICHELLE","3","MICHELLE_CUBA_2001",2017-08-01,34.5,"C"
"CUBA_PALOMA","3","PALOMA_CUBA_2008",2017-08-01,34.4,"C"
"CUBA_SANDY","3","SANDY_CUBA_2012",2017-08-01,34.8,"C"
"DEAN_QROO_MX","5","DEAN_QROO_MX_2007",2017-08-01,33.7,"SG"
"FL_US_CHARLEY","1","CHARLEY_2004",2017-08-01,34,"FP"
"FL_US_FRANCES","1","FRANCES_US_FL_2004",2017-08-01,34.1,"FP"
"FL_US_IAN","1","IAN_US_FL_2022",2017-08-01,34.3,"FP"
"FL_US_IRMA","1","IRMA_US_FL_2017",2017-08-01,34.1,"FP"
"FL_US_JEANNE","1","JEANNE_US_FL_2004",2017-08-01,34.1,"FP"
"FL_US_MICHAEL","4","MICHAEL_US_FL_2018",2017-08-01,32.9,"SUS"
"FL_US_WILMA","1","WILMA_US_FL_2005",2017-08-01,34,"FP"
"LA_US_GUSTAV","4","GUSTAV_US_LA_2008",2017-08-01,31.5,"SUS"
"LA_US_IDA","4","IDA_US_LA_2009",2017-08-01,32,"SUS"
"LA_US_KATRINA","4","KATRINA_US_LA_2005",2017-08-01,32.6,"SUS"
"LA_US_LAURA","4","LAURA_US_LA_2020",2017-08-01,32.7,"SUS"
"LA_US_ZETA","4","ZETA_US_LA_2020",2017-08-01,32.3,"SUS"
"MX_ERNESTO","5","ERNESTO_MX_2012",2017-08-01,33.7,"SG"
"MX_GRACE","3","GRACE_MX_2021",2017-08-01,34.2,"C"
"MX_TAMPS_EMILY","6","EMILY_TAMPS_MX_2005",2017-08-01,37,"WG"
"NC_US_ISABEL","4","ISABEL_US_NC_2003",2017-08-01,31,"SUS"
"NIC_ETA","2","ETA_NIC_2020",2017-08-01,30.4,"CA"
"NIC_FELIX","2","FELIX_NIC_2007",2017-08-01,30.5,"CA"
"NIC_IOTA","2","IOTA_NIC_2020",2017-08-01,30.4,"CA"
"PR_USA_MARIA","3","MARIA_US_PR_2017",2017-08-01,33.6,"C"
"QROO_WILMA","3","WILMA_QROO_2005",2017-08-01,34.3,"C"
"TX_US_HARVEY","6","HARVEY_US_TX_2017",2017-08-01,35.3,"WG"
"TX_US_IKE","4","IKE_US_TX_2008",2017-08-01,33.8,"SUS"
"TX_US_RITA","4","RITA_US_TX_2005",2017-08-01,33.2,"SUS"
"US_FL_DELTA","4","DELTA_US_LA_2020",2017-08-01,32.1,"SUS"
"US_FL_DENNIS","4","DENNIS_US_FL_2005",2017-08-01,32.6,"SUS"
"VER_MX_KARL","5","KARL_MX_VER_2010",2017-08-01,33.4,"SG"
"YUC_DELTA","5","DELTA_YUCATAN_MX_2020",2017-08-01,34.2,"SG"
"YUC_MX_EMILY","5","EMILY_MX_YUC_2005",2017-08-01,34.3,"SG"
"YUC_MX_ISIDORE","5","ISIDORE_MX_YUC_2002",2017-08-01,34.5,"SG"
"AL_US_IVAN","4","IVAN_US_AL_2004",2017-09-01,31.5,"SUS"
"AL_US_SALLY","4","SALLY_US_AL_2020",2017-09-01,31.1,"SUS"
"ALEX","6","ALEX_2010",2017-09-01,35.1,"WG"
"BELICE_RICHARD","3","RICHARD_BELICE_2010",2017-09-01,32.5,"C"
"BELIZE_IRIS","2","IRIS_BELIZE_2001",2017-09-01,32.1,"CA"
"BETA","2","BETA_2005",2017-09-01,31.6,"CA"
"CR_OTTO","2","OTTO_CR_2016",2017-09-01,31.7,"CA"
"CUBA_DENNIS","3","DENNIS_CUBA_2005",2017-09-01,33.4,"C"
"CUBA_GUSTAV","3","GUSTAV_CUBA_2008",2017-09-01,32.4,"C"
"CUBA_IAN","3","IAN_CUBA_2022",2017-09-01,32.5,"C"
"CUBA_MICHELLE","3","MICHELLE_CUBA_2001",2017-09-01,33.4,"C"
"CUBA_PALOMA","3","PALOMA_CUBA_2008",2017-09-01,33.4,"C"
"CUBA_SANDY","3","SANDY_CUBA_2012",2017-09-01,34.3,"C"
"DEAN_QROO_MX","5","DEAN_QROO_MX_2007",2017-09-01,33.1,"SG"
"FL_US_CHARLEY","1","CHARLEY_2004",2017-09-01,33,"FP"
"FL_US_FRANCES","1","FRANCES_US_FL_2004",2017-09-01,32.9,"FP"
"FL_US_IAN","1","IAN_US_FL_2022",2017-09-01,33.1,"FP"
"FL_US_IRMA","1","IRMA_US_FL_2017",2017-09-01,33.1,"FP"
"FL_US_JEANNE","1","JEANNE_US_FL_2004",2017-09-01,32.9,"FP"
"FL_US_MICHAEL","4","MICHAEL_US_FL_2018",2017-09-01,31.9,"SUS"
"FL_US_WILMA","1","WILMA_US_FL_2005",2017-09-01,33.1,"FP"
"LA_US_GUSTAV","4","GUSTAV_US_LA_2008",2017-09-01,31.3,"SUS"
"LA_US_IDA","4","IDA_US_LA_2009",2017-09-01,31.6,"SUS"
"LA_US_KATRINA","4","KATRINA_US_LA_2005",2017-09-01,31.8,"SUS"
"LA_US_LAURA","4","LAURA_US_LA_2020",2017-09-01,31.8,"SUS"
"LA_US_ZETA","4","ZETA_US_LA_2020",2017-09-01,31.7,"SUS"
"MX_ERNESTO","5","ERNESTO_MX_2012",2017-09-01,33.1,"SG"
"MX_GRACE","3","GRACE_MX_2021",2017-09-01,32.9,"C"
"MX_TAMPS_EMILY","6","EMILY_TAMPS_MX_2005",2017-09-01,34.5,"WG"
"NC_US_ISABEL","4","ISABEL_US_NC_2003",2017-09-01,29,"SUS"
"NIC_ETA","2","ETA_NIC_2020",2017-09-01,31.1,"CA"
"NIC_FELIX","2","FELIX_NIC_2007",2017-09-01,31,"CA"
"NIC_IOTA","2","IOTA_NIC_2020",2017-09-01,31.1,"CA"
"PR_USA_MARIA","3","MARIA_US_PR_2017",2017-09-01,33.6,"C"
"QROO_WILMA","3","WILMA_QROO_2005",2017-09-01,33.4,"C"
"TX_US_HARVEY","6","HARVEY_US_TX_2017",2017-09-01,33.7,"WG"
"TX_US_IKE","4","IKE_US_TX_2008",2017-09-01,32.5,"SUS"
"TX_US_RITA","4","RITA_US_TX_2005",2017-09-01,32.3,"SUS"
"US_FL_DELTA","4","DELTA_US_LA_2020",2017-09-01,31.7,"SUS"
"US_FL_DENNIS","4","DENNIS_US_FL_2005",2017-09-01,31.5,"SUS"
"VER_MX_KARL","5","KARL_MX_VER_2010",2017-09-01,32.6,"SG"
"YUC_DELTA","5","DELTA_YUCATAN_MX_2020",2017-09-01,33.1,"SG"
"YUC_MX_EMILY","5","EMILY_MX_YUC_2005",2017-09-01,33.4,"SG"
"YUC_MX_ISIDORE","5","ISIDORE_MX_YUC_2002",2017-09-01,33.5,"SG"
"AL_US_IVAN","4","IVAN_US_AL_2004",2017-10-01,27.6,"SUS"
"AL_US_SALLY","4","SALLY_US_AL_2020",2017-10-01,27.3,"SUS"
"ALEX","6","ALEX_2010",2017-10-01,32.3,"WG"
"BELICE_RICHARD","3","RICHARD_BELICE_2010",2017-10-01,30.9,"C"
"BELIZE_IRIS","2","IRIS_BELIZE_2001",2017-10-01,30.1,"CA"
"BETA","2","BETA_2005",2017-10-01,30.1,"CA"
"CR_OTTO","2","OTTO_CR_2016",2017-10-01,31,"CA"
"CUBA_DENNIS","3","DENNIS_CUBA_2005",2017-10-01,32,"C"
"CUBA_GUSTAV","3","GUSTAV_CUBA_2008",2017-10-01,31,"C"
"CUBA_IAN","3","IAN_CUBA_2022",2017-10-01,30.8,"C"
"CUBA_MICHELLE","3","MICHELLE_CUBA_2001",2017-10-01,32,"C"
"CUBA_PALOMA","3","PALOMA_CUBA_2008",2017-10-01,31.8,"C"
"CUBA_SANDY","3","SANDY_CUBA_2012",2017-10-01,32.4,"C"
"DEAN_QROO_MX","5","DEAN_QROO_MX_2007",2017-10-01,30.9,"SG"
"FL_US_CHARLEY","1","CHARLEY_2004",2017-10-01,30.9,"FP"
"FL_US_FRANCES","1","FRANCES_US_FL_2004",2017-10-01,30.7,"FP"
"FL_US_IAN","1","IAN_US_FL_2022",2017-10-01,31.1,"FP"
"FL_US_IRMA","1","IRMA_US_FL_2017",2017-10-01,31.3,"FP"
"FL_US_JEANNE","1","JEANNE_US_FL_2004",2017-10-01,30.7,"FP"
"FL_US_MICHAEL","4","MICHAEL_US_FL_2018",2017-10-01,28.6,"SUS"
"FL_US_WILMA","1","WILMA_US_FL_2005",2017-10-01,31.2,"FP"
"LA_US_GUSTAV","4","GUSTAV_US_LA_2008",2017-10-01,28.4,"SUS"
"LA_US_IDA","4","IDA_US_LA_2009",2017-10-01,28.4,"SUS"
"LA_US_KATRINA","4","KATRINA_US_LA_2005",2017-10-01,29.2,"SUS"
"LA_US_LAURA","4","LAURA_US_LA_2020",2017-10-01,28.4,"SUS"
"LA_US_ZETA","4","ZETA_US_LA_2020",2017-10-01,28.6,"SUS"
"MX_ERNESTO","5","ERNESTO_MX_2012",2017-10-01,30.9,"SG"
"MX_GRACE","3","GRACE_MX_2021",2017-10-01,30.9,"C"
"MX_TAMPS_EMILY","6","EMILY_TAMPS_MX_2005",2017-10-01,32,"WG"
"NC_US_ISABEL","4","ISABEL_US_NC_2003",2017-10-01,25.8,"SUS"
"NIC_ETA","2","ETA_NIC_2020",2017-10-01,30.4,"CA"
"NIC_FELIX","2","FELIX_NIC_2007",2017-10-01,30.3,"CA"
"NIC_IOTA","2","IOTA_NIC_2020",2017-10-01,30.4,"CA"
"PR_USA_MARIA","3","MARIA_US_PR_2017",2017-10-01,32.7,"C"
"QROO_WILMA","3","WILMA_QROO_2005",2017-10-01,31.1,"C"
"TX_US_HARVEY","6","HARVEY_US_TX_2017",2017-10-01,30.2,"WG"
"TX_US_IKE","4","IKE_US_TX_2008",2017-10-01,29.2,"SUS"
"TX_US_RITA","4","RITA_US_TX_2005",2017-10-01,28.9,"SUS"
"US_FL_DELTA","4","DELTA_US_LA_2020",2017-10-01,28.2,"SUS"
"US_FL_DENNIS","4","DENNIS_US_FL_2005",2017-10-01,27.5,"SUS"
"VER_MX_KARL","5","KARL_MX_VER_2010",2017-10-01,31.5,"SG"
"YUC_DELTA","5","DELTA_YUCATAN_MX_2020",2017-10-01,31.1,"SG"
"YUC_MX_EMILY","5","EMILY_MX_YUC_2005",2017-10-01,31.5,"SG"
"YUC_MX_ISIDORE","5","ISIDORE_MX_YUC_2002",2017-10-01,31.2,"SG"
"AL_US_IVAN","4","IVAN_US_AL_2004",2017-11-01,23.2,"SUS"
"AL_US_SALLY","4","SALLY_US_AL_2020",2017-11-01,22.8,"SUS"
"ALEX","6","ALEX_2010",2017-11-01,30.4,"WG"
"BELICE_RICHARD","3","RICHARD_BELICE_2010",2017-11-01,30.1,"C"
"BELIZE_IRIS","2","IRIS_BELIZE_2001",2017-11-01,29.4,"CA"
"BETA","2","BETA_2005",2017-11-01,30.3,"CA"
"CR_OTTO","2","OTTO_CR_2016",2017-11-01,30.7,"CA"
"CUBA_DENNIS","3","DENNIS_CUBA_2005",2017-11-01,30.4,"C"
"CUBA_GUSTAV","3","GUSTAV_CUBA_2008",2017-11-01,29.7,"C"
"CUBA_IAN","3","IAN_CUBA_2022",2017-11-01,29.4,"C"
"CUBA_MICHELLE","3","MICHELLE_CUBA_2001",2017-11-01,30.3,"C"
"CUBA_PALOMA","3","PALOMA_CUBA_2008",2017-11-01,30.7,"C"
"CUBA_SANDY","3","SANDY_CUBA_2012",2017-11-01,31.3,"C"
"DEAN_QROO_MX","5","DEAN_QROO_MX_2007",2017-11-01,30.4,"SG"
"FL_US_CHARLEY","1","CHARLEY_2004",2017-11-01,28.7,"FP"
"FL_US_FRANCES","1","FRANCES_US_FL_2004",2017-11-01,28.2,"FP"
"FL_US_IAN","1","IAN_US_FL_2022",2017-11-01,29,"FP"
"FL_US_IRMA","1","IRMA_US_FL_2017",2017-11-01,29.4,"FP"
"FL_US_JEANNE","1","JEANNE_US_FL_2004",2017-11-01,28.3,"FP"
"FL_US_MICHAEL","4","MICHAEL_US_FL_2018",2017-11-01,24.4,"SUS"
"FL_US_WILMA","1","WILMA_US_FL_2005",2017-11-01,29.2,"FP"
"LA_US_GUSTAV","4","GUSTAV_US_LA_2008",2017-11-01,25.1,"SUS"
"LA_US_IDA","4","IDA_US_LA_2009",2017-11-01,25.1,"SUS"
"LA_US_KATRINA","4","KATRINA_US_LA_2005",2017-11-01,25.3,"SUS"
"LA_US_LAURA","4","LAURA_US_LA_2020",2017-11-01,24.5,"SUS"
"LA_US_ZETA","4","ZETA_US_LA_2020",2017-11-01,24.9,"SUS"
"MX_ERNESTO","5","ERNESTO_MX_2012",2017-11-01,30.4,"SG"
"MX_GRACE","3","GRACE_MX_2021",2017-11-01,28.9,"C"
"MX_TAMPS_EMILY","6","EMILY_TAMPS_MX_2005",2017-11-01,30.1,"WG"
"NC_US_ISABEL","4","ISABEL_US_NC_2003",2017-11-01,19.2,"SUS"
"NIC_ETA","2","ETA_NIC_2020",2017-11-01,29.8,"CA"
"NIC_FELIX","2","FELIX_NIC_2007",2017-11-01,29.8,"CA"
"NIC_IOTA","2","IOTA_NIC_2020",2017-11-01,29.8,"CA"
"PR_USA_MARIA","3","MARIA_US_PR_2017",2017-11-01,32,"C"
"QROO_WILMA","3","WILMA_QROO_2005",2017-11-01,30.4,"C"
"TX_US_HARVEY","6","HARVEY_US_TX_2017",2017-11-01,27.3,"WG"
"TX_US_IKE","4","IKE_US_TX_2008",2017-11-01,25.8,"SUS"
"TX_US_RITA","4","RITA_US_TX_2005",2017-11-01,25.4,"SUS"
"US_FL_DELTA","4","DELTA_US_LA_2020",2017-11-01,24.4,"SUS"
"US_FL_DENNIS","4","DENNIS_US_FL_2005",2017-11-01,23,"SUS"
"VER_MX_KARL","5","KARL_MX_VER_2010",2017-11-01,30.3,"SG"
"YUC_DELTA","5","DELTA_YUCATAN_MX_2020",2017-11-01,30.5,"SG"
"YUC_MX_EMILY","5","EMILY_MX_YUC_2005",2017-11-01,31.1,"SG"
"YUC_MX_ISIDORE","5","ISIDORE_MX_YUC_2002",2017-11-01,31.1,"SG"
"AL_US_IVAN","4","IVAN_US_AL_2004",2017-12-01,16.8,"SUS"
"AL_US_SALLY","4","SALLY_US_AL_2020",2017-12-01,16.9,"SUS"
"ALEX","6","ALEX_2010",2017-12-01,24.5,"WG"
"BELICE_RICHARD","3","RICHARD_BELICE_2010",2017-12-01,29.7,"C"
"BELIZE_IRIS","2","IRIS_BELIZE_2001",2017-12-01,29.3,"CA"
"BETA","2","BETA_2005",2017-12-01,28.8,"CA"
"CR_OTTO","2","OTTO_CR_2016",2017-12-01,30.7,"CA"
"CUBA_DENNIS","3","DENNIS_CUBA_2005",2017-12-01,30.1,"C"
"CUBA_GUSTAV","3","GUSTAV_CUBA_2008",2017-12-01,28.8,"C"
"CUBA_IAN","3","IAN_CUBA_2022",2017-12-01,28.5,"C"
"CUBA_MICHELLE","3","MICHELLE_CUBA_2001",2017-12-01,29.9,"C"
"CUBA_PALOMA","3","PALOMA_CUBA_2008",2017-12-01,29.3,"C"
"CUBA_SANDY","3","SANDY_CUBA_2012",2017-12-01,30.1,"C"
"DEAN_QROO_MX","5","DEAN_QROO_MX_2007",2017-12-01,30,"SG"
"FL_US_CHARLEY","1","CHARLEY_2004",2017-12-01,26.2,"FP"
"FL_US_FRANCES","1","FRANCES_US_FL_2004",2017-12-01,25.9,"FP"
"FL_US_IAN","1","IAN_US_FL_2022",2017-12-01,26.4,"FP"
"FL_US_IRMA","1","IRMA_US_FL_2017",2017-12-01,27.1,"FP"
"FL_US_JEANNE","1","JEANNE_US_FL_2004",2017-12-01,26,"FP"
"FL_US_MICHAEL","4","MICHAEL_US_FL_2018",2017-12-01,19.1,"SUS"
"FL_US_WILMA","1","WILMA_US_FL_2005",2017-12-01,27,"FP"
"LA_US_GUSTAV","4","GUSTAV_US_LA_2008",2017-12-01,19,"SUS"
"LA_US_IDA","4","IDA_US_LA_2009",2017-12-01,19,"SUS"
"LA_US_KATRINA","4","KATRINA_US_LA_2005",2017-12-01,18.5,"SUS"
"LA_US_LAURA","4","LAURA_US_LA_2020",2017-12-01,17.4,"SUS"
"LA_US_ZETA","4","ZETA_US_LA_2020",2017-12-01,18.8,"SUS"
"MX_ERNESTO","5","ERNESTO_MX_2012",2017-12-01,29.9,"SG"
"MX_GRACE","3","GRACE_MX_2021",2017-12-01,24.7,"C"
"MX_TAMPS_EMILY","6","EMILY_TAMPS_MX_2005",2017-12-01,23.6,"WG"
"NC_US_ISABEL","4","ISABEL_US_NC_2003",2017-12-01,13.9,"SUS"
"NIC_ETA","2","ETA_NIC_2020",2017-12-01,29.3,"CA"
"NIC_FELIX","2","FELIX_NIC_2007",2017-12-01,29.9,"CA"
"NIC_IOTA","2","IOTA_NIC_2020",2017-12-01,29.5,"CA"
"PR_USA_MARIA","3","MARIA_US_PR_2017",2017-12-01,31.6,"C"
"QROO_WILMA","3","WILMA_QROO_2005",2017-12-01,29.7,"C"
"TX_US_HARVEY","6","HARVEY_US_TX_2017",2017-12-01,19.8,"WG"
"TX_US_IKE","4","IKE_US_TX_2008",2017-12-01,18.3,"SUS"
"TX_US_RITA","4","RITA_US_TX_2005",2017-12-01,18,"SUS"
"US_FL_DELTA","4","DELTA_US_LA_2020",2017-12-01,17.3,"SUS"
"US_FL_DENNIS","4","DENNIS_US_FL_2005",2017-12-01,16.9,"SUS"
"VER_MX_KARL","5","KARL_MX_VER_2010",2017-12-01,28.5,"SG"
"YUC_DELTA","5","DELTA_YUCATAN_MX_2020",2017-12-01,29.9,"SG"
"YUC_MX_EMILY","5","EMILY_MX_YUC_2005",2017-12-01,30.7,"SG"
"YUC_MX_ISIDORE","5","ISIDORE_MX_YUC_2002",2017-12-01,30.3,"SG"
"AL_US_IVAN","4","IVAN_US_AL_2004",2018-01-01,14.3,"SUS"
"AL_US_SALLY","4","SALLY_US_AL_2020",2018-01-01,14.3,"SUS"
"ALEX","6","ALEX_2010",2018-01-01,23.9,"WG"
"BELICE_RICHARD","3","RICHARD_BELICE_2010",2018-01-01,27,"C"
"BELIZE_IRIS","2","IRIS_BELIZE_2001",2018-01-01,26.7,"CA"
"BETA","2","BETA_2005",2018-01-01,28.3,"CA"
"CR_OTTO","2","OTTO_CR_2016",2018-01-01,30.7,"CA"
"CUBA_DENNIS","3","DENNIS_CUBA_2005",2018-01-01,27.7,"C"
"CUBA_GUSTAV","3","GUSTAV_CUBA_2008",2018-01-01,26.3,"C"
"CUBA_IAN","3","IAN_CUBA_2022",2018-01-01,25.9,"C"
"CUBA_MICHELLE","3","MICHELLE_CUBA_2001",2018-01-01,27.5,"C"
"CUBA_PALOMA","3","PALOMA_CUBA_2008",2018-01-01,28.1,"C"
"CUBA_SANDY","3","SANDY_CUBA_2012",2018-01-01,29.1,"C"
"DEAN_QROO_MX","5","DEAN_QROO_MX_2007",2018-01-01,27.5,"SG"
"FL_US_CHARLEY","1","CHARLEY_2004",2018-01-01,22.9,"FP"
"FL_US_FRANCES","1","FRANCES_US_FL_2004",2018-01-01,23,"FP"
"FL_US_IAN","1","IAN_US_FL_2022",2018-01-01,23.3,"FP"
"FL_US_IRMA","1","IRMA_US_FL_2017",2018-01-01,24.1,"FP"
"FL_US_JEANNE","1","JEANNE_US_FL_2004",2018-01-01,23.1,"FP"
"FL_US_MICHAEL","4","MICHAEL_US_FL_2018",2018-01-01,16.2,"SUS"
"FL_US_WILMA","1","WILMA_US_FL_2005",2018-01-01,24,"FP"
"LA_US_GUSTAV","4","GUSTAV_US_LA_2008",2018-01-01,16.5,"SUS"
"LA_US_IDA","4","IDA_US_LA_2009",2018-01-01,16.1,"SUS"
"LA_US_KATRINA","4","KATRINA_US_LA_2005",2018-01-01,15.5,"SUS"
"LA_US_LAURA","4","LAURA_US_LA_2020",2018-01-01,15.1,"SUS"
"LA_US_ZETA","4","ZETA_US_LA_2020",2018-01-01,15.8,"SUS"
"MX_ERNESTO","5","ERNESTO_MX_2012",2018-01-01,27.3,"SG"
"MX_GRACE","3","GRACE_MX_2021",2018-01-01,24.2,"C"
"MX_TAMPS_EMILY","6","EMILY_TAMPS_MX_2005",2018-01-01,22.4,"WG"
"NC_US_ISABEL","4","ISABEL_US_NC_2003",2018-01-01,11.6,"SUS"
"NIC_ETA","2","ETA_NIC_2020",2018-01-01,28,"CA"
"NIC_FELIX","2","FELIX_NIC_2007",2018-01-01,28.4,"CA"
"NIC_IOTA","2","IOTA_NIC_2020",2018-01-01,28.2,"CA"
"PR_USA_MARIA","3","MARIA_US_PR_2017",2018-01-01,31.1,"C"
"QROO_WILMA","3","WILMA_QROO_2005",2018-01-01,27,"C"
"TX_US_HARVEY","6","HARVEY_US_TX_2017",2018-01-01,18.7,"WG"
"TX_US_IKE","4","IKE_US_TX_2008",2018-01-01,16.6,"SUS"
"TX_US_RITA","4","RITA_US_TX_2005",2018-01-01,16,"SUS"
"US_FL_DELTA","4","DELTA_US_LA_2020",2018-01-01,14.7,"SUS"
"US_FL_DENNIS","4","DENNIS_US_FL_2005",2018-01-01,14.3,"SUS"
"VER_MX_KARL","5","KARL_MX_VER_2010",2018-01-01,27.4,"SG"
"YUC_DELTA","5","DELTA_YUCATAN_MX_2020",2018-01-01,27.2,"SG"
"YUC_MX_EMILY","5","EMILY_MX_YUC_2005",2018-01-01,28.2,"SG"
"YUC_MX_ISIDORE","5","ISIDORE_MX_YUC_2002",2018-01-01,28.1,"SG"
"AL_US_IVAN","4","IVAN_US_AL_2004",2018-02-01,23.1,"SUS"
"AL_US_SALLY","4","SALLY_US_AL_2020",2018-02-01,23.2,"SUS"
"ALEX","6","ALEX_2010",2018-02-01,28.2,"WG"
"BELICE_RICHARD","3","RICHARD_BELICE_2010",2018-02-01,29.6,"C"
"BELIZE_IRIS","2","IRIS_BELIZE_2001",2018-02-01,29.9,"CA"
"BETA","2","BETA_2005",2018-02-01,29.3,"CA"
"CR_OTTO","2","OTTO_CR_2016",2018-02-01,32,"CA"
"CUBA_DENNIS","3","DENNIS_CUBA_2005",2018-02-01,31.4,"C"
"CUBA_GUSTAV","3","GUSTAV_CUBA_2008",2018-02-01,30.4,"C"
"CUBA_IAN","3","IAN_CUBA_2022",2018-02-01,30.1,"C"
"CUBA_MICHELLE","3","MICHELLE_CUBA_2001",2018-02-01,31.3,"C"
"CUBA_PALOMA","3","PALOMA_CUBA_2008",2018-02-01,30.7,"C"
"CUBA_SANDY","3","SANDY_CUBA_2012",2018-02-01,31,"C"
"DEAN_QROO_MX","5","DEAN_QROO_MX_2007",2018-02-01,31.1,"SG"
"FL_US_CHARLEY","1","CHARLEY_2004",2018-02-01,27.9,"FP"
"FL_US_FRANCES","1","FRANCES_US_FL_2004",2018-02-01,27.9,"FP"
"FL_US_IAN","1","IAN_US_FL_2022",2018-02-01,28.3,"FP"
"FL_US_IRMA","1","IRMA_US_FL_2017",2018-02-01,28.8,"FP"
"FL_US_JEANNE","1","JEANNE_US_FL_2004",2018-02-01,27.9,"FP"
"FL_US_MICHAEL","4","MICHAEL_US_FL_2018",2018-02-01,23.9,"SUS"
"FL_US_WILMA","1","WILMA_US_FL_2005",2018-02-01,28.7,"FP"
"LA_US_GUSTAV","4","GUSTAV_US_LA_2008",2018-02-01,23.7,"SUS"
"LA_US_IDA","4","IDA_US_LA_2009",2018-02-01,23.7,"SUS"
"LA_US_KATRINA","4","KATRINA_US_LA_2005",2018-02-01,23.1,"SUS"
"LA_US_LAURA","4","LAURA_US_LA_2020",2018-02-01,21.8,"SUS"
"LA_US_ZETA","4","ZETA_US_LA_2020",2018-02-01,23.4,"SUS"
"MX_ERNESTO","5","ERNESTO_MX_2012",2018-02-01,31,"SG"
"MX_GRACE","3","GRACE_MX_2021",2018-02-01,27.5,"C"
"MX_TAMPS_EMILY","6","EMILY_TAMPS_MX_2005",2018-02-01,26.9,"WG"
"NC_US_ISABEL","4","ISABEL_US_NC_2003",2018-02-01,18.8,"SUS"
"NIC_ETA","2","ETA_NIC_2020",2018-02-01,29.7,"CA"
"NIC_FELIX","2","FELIX_NIC_2007",2018-02-01,29.2,"CA"
"NIC_IOTA","2","IOTA_NIC_2020",2018-02-01,29.8,"CA"
"PR_USA_MARIA","3","MARIA_US_PR_2017",2018-02-01,30.4,"C"
"QROO_WILMA","3","WILMA_QROO_2005",2018-02-01,31.2,"C"
"TX_US_HARVEY","6","HARVEY_US_TX_2017",2018-02-01,23,"WG"
"TX_US_IKE","4","IKE_US_TX_2008",2018-02-01,20.9,"SUS"
"TX_US_RITA","4","RITA_US_TX_2005",2018-02-01,21.5,"SUS"
"US_FL_DELTA","4","DELTA_US_LA_2020",2018-02-01,21.9,"SUS"
"US_FL_DENNIS","4","DENNIS_US_FL_2005",2018-02-01,23.2,"SUS"
"VER_MX_KARL","5","KARL_MX_VER_2010",2018-02-01,30.6,"SG"
"YUC_DELTA","5","DELTA_YUCATAN_MX_2020",2018-02-01,31.6,"SG"
"YUC_MX_EMILY","5","EMILY_MX_YUC_2005",2018-02-01,32.2,"SG"
"YUC_MX_ISIDORE","5","ISIDORE_MX_YUC_2002",2018-02-01,32.4,"SG"
"AL_US_IVAN","4","IVAN_US_AL_2004",2018-03-01,22.7,"SUS"
"AL_US_SALLY","4","SALLY_US_AL_2020",2018-03-01,22.3,"SUS"
"ALEX","6","ALEX_2010",2018-03-01,31.1,"WG"
"BELICE_RICHARD","3","RICHARD_BELICE_2010",2018-03-01,31,"C"
"BELIZE_IRIS","2","IRIS_BELIZE_2001",2018-03-01,31.6,"CA"
"BETA","2","BETA_2005",2018-03-01,30.5,"CA"
"CR_OTTO","2","OTTO_CR_2016",2018-03-01,34.1,"CA"
"CUBA_DENNIS","3","DENNIS_CUBA_2005",2018-03-01,30.2,"C"
"CUBA_GUSTAV","3","GUSTAV_CUBA_2008",2018-03-01,29.1,"C"
"CUBA_IAN","3","IAN_CUBA_2022",2018-03-01,29.1,"C"
"CUBA_MICHELLE","3","MICHELLE_CUBA_2001",2018-03-01,30.2,"C"
"CUBA_PALOMA","3","PALOMA_CUBA_2008",2018-03-01,30.7,"C"
"CUBA_SANDY","3","SANDY_CUBA_2012",2018-03-01,30.6,"C"
"DEAN_QROO_MX","5","DEAN_QROO_MX_2007",2018-03-01,32.8,"SG"
"FL_US_CHARLEY","1","CHARLEY_2004",2018-03-01,26.3,"FP"
"FL_US_FRANCES","1","FRANCES_US_FL_2004",2018-03-01,26.2,"FP"
"FL_US_IAN","1","IAN_US_FL_2022",2018-03-01,26.6,"FP"
"FL_US_IRMA","1","IRMA_US_FL_2017",2018-03-01,27,"FP"
"FL_US_JEANNE","1","JEANNE_US_FL_2004",2018-03-01,26.3,"FP"
"FL_US_MICHAEL","4","MICHAEL_US_FL_2018",2018-03-01,22.5,"SUS"
"FL_US_WILMA","1","WILMA_US_FL_2005",2018-03-01,26.8,"FP"
"LA_US_GUSTAV","4","GUSTAV_US_LA_2008",2018-03-01,23.9,"SUS"
"LA_US_IDA","4","IDA_US_LA_2009",2018-03-01,23.6,"SUS"
"LA_US_KATRINA","4","KATRINA_US_LA_2005",2018-03-01,23,"SUS"
"LA_US_LAURA","4","LAURA_US_LA_2020",2018-03-01,24.5,"SUS"
"LA_US_ZETA","4","ZETA_US_LA_2020",2018-03-01,24.7,"SUS"
"MX_ERNESTO","5","ERNESTO_MX_2012",2018-03-01,32.8,"SG"
"MX_GRACE","3","GRACE_MX_2021",2018-03-01,30.5,"C"
"MX_TAMPS_EMILY","6","EMILY_TAMPS_MX_2005",2018-03-01,30.1,"WG"
"NC_US_ISABEL","4","ISABEL_US_NC_2003",2018-03-01,14.9,"SUS"
"NIC_ETA","2","ETA_NIC_2020",2018-03-01,31,"CA"
"NIC_FELIX","2","FELIX_NIC_2007",2018-03-01,30.4,"CA"
"NIC_IOTA","2","IOTA_NIC_2020",2018-03-01,31.1,"CA"
"PR_USA_MARIA","3","MARIA_US_PR_2017",2018-03-01,31.1,"C"
"QROO_WILMA","3","WILMA_QROO_2005",2018-03-01,31.2,"C"
"TX_US_HARVEY","6","HARVEY_US_TX_2017",2018-03-01,27.5,"WG"
"TX_US_IKE","4","IKE_US_TX_2008",2018-03-01,25.2,"SUS"
"TX_US_RITA","4","RITA_US_TX_2005",2018-03-01,25.3,"SUS"
"US_FL_DELTA","4","DELTA_US_LA_2020",2018-03-01,23.9,"SUS"
"US_FL_DENNIS","4","DENNIS_US_FL_2005",2018-03-01,22.7,"SUS"
"VER_MX_KARL","5","KARL_MX_VER_2010",2018-03-01,33,"SG"
"YUC_DELTA","5","DELTA_YUCATAN_MX_2020",2018-03-01,32.4,"SG"
"YUC_MX_EMILY","5","EMILY_MX_YUC_2005",2018-03-01,33.3,"SG"
"YUC_MX_ISIDORE","5","ISIDORE_MX_YUC_2002",2018-03-01,34.2,"SG"
"AL_US_IVAN","4","IVAN_US_AL_2004",2018-04-01,24.8,"SUS"
"AL_US_SALLY","4","SALLY_US_AL_2020",2018-04-01,24.6,"SUS"
"ALEX","6","ALEX_2010",2018-04-01,33.2,"WG"
"BELICE_RICHARD","3","RICHARD_BELICE_2010",2018-04-01,32.7,"C"
"BELIZE_IRIS","2","IRIS_BELIZE_2001",2018-04-01,32.6,"CA"
"BETA","2","BETA_2005",2018-04-01,31.1,"CA"
"CR_OTTO","2","OTTO_CR_2016",2018-04-01,33.9,"CA"
"CUBA_DENNIS","3","DENNIS_CUBA_2005",2018-04-01,32.6,"C"
"CUBA_GUSTAV","3","GUSTAV_CUBA_2008",2018-04-01,31.2,"C"
"CUBA_IAN","3","IAN_CUBA_2022",2018-04-01,31.1,"C"
"CUBA_MICHELLE","3","MICHELLE_CUBA_2001",2018-04-01,32.5,"C"
"CUBA_PALOMA","3","PALOMA_CUBA_2008",2018-04-01,32.5,"C"
"CUBA_SANDY","3","SANDY_CUBA_2012",2018-04-01,32.2,"C"
"DEAN_QROO_MX","5","DEAN_QROO_MX_2007",2018-04-01,33.7,"SG"
"FL_US_CHARLEY","1","CHARLEY_2004",2018-04-01,30.2,"FP"
"FL_US_FRANCES","1","FRANCES_US_FL_2004",2018-04-01,30,"FP"
"FL_US_IAN","1","IAN_US_FL_2022",2018-04-01,30.3,"FP"
"FL_US_IRMA","1","IRMA_US_FL_2017",2018-04-01,30.6,"FP"
"FL_US_JEANNE","1","JEANNE_US_FL_2004",2018-04-01,30,"FP"
"FL_US_MICHAEL","4","MICHAEL_US_FL_2018",2018-04-01,25.8,"SUS"
"FL_US_WILMA","1","WILMA_US_FL_2005",2018-04-01,30.2,"FP"
"LA_US_GUSTAV","4","GUSTAV_US_LA_2008",2018-04-01,24.6,"SUS"
"LA_US_IDA","4","IDA_US_LA_2009",2018-04-01,24.8,"SUS"
"LA_US_KATRINA","4","KATRINA_US_LA_2005",2018-04-01,24.3,"SUS"
"LA_US_LAURA","4","LAURA_US_LA_2020",2018-04-01,24.7,"SUS"
"LA_US_ZETA","4","ZETA_US_LA_2020",2018-04-01,25.4,"SUS"
"MX_ERNESTO","5","ERNESTO_MX_2012",2018-04-01,33.6,"SG"
"MX_GRACE","3","GRACE_MX_2021",2018-04-01,31.7,"C"
"MX_TAMPS_EMILY","6","EMILY_TAMPS_MX_2005",2018-04-01,31.9,"WG"
"NC_US_ISABEL","4","ISABEL_US_NC_2003",2018-04-01,22.2,"SUS"
"NIC_ETA","2","ETA_NIC_2020",2018-04-01,31.6,"CA"
"NIC_FELIX","2","FELIX_NIC_2007",2018-04-01,31.2,"CA"
"NIC_IOTA","2","IOTA_NIC_2020",2018-04-01,31.7,"CA"
"PR_USA_MARIA","3","MARIA_US_PR_2017",2018-04-01,31.9,"C"
"QROO_WILMA","3","WILMA_QROO_2005",2018-04-01,32.4,"C"
"TX_US_HARVEY","6","HARVEY_US_TX_2017",2018-04-01,27.9,"WG"
"TX_US_IKE","4","IKE_US_TX_2008",2018-04-01,25.4,"SUS"
"TX_US_RITA","4","RITA_US_TX_2005",2018-04-01,25.5,"SUS"
"US_FL_DELTA","4","DELTA_US_LA_2020",2018-04-01,24.7,"SUS"
"US_FL_DENNIS","4","DENNIS_US_FL_2005",2018-04-01,24.8,"SUS"
"VER_MX_KARL","5","KARL_MX_VER_2010",2018-04-01,34.3,"SG"
"YUC_DELTA","5","DELTA_YUCATAN_MX_2020",2018-04-01,33.9,"SG"
"YUC_MX_EMILY","5","EMILY_MX_YUC_2005",2018-04-01,34.4,"SG"
"YUC_MX_ISIDORE","5","ISIDORE_MX_YUC_2002",2018-04-01,35.2,"SG"
"AL_US_IVAN","4","IVAN_US_AL_2004",2018-05-01,32,"SUS"
"AL_US_SALLY","4","SALLY_US_AL_2020",2018-05-01,31.5,"SUS"
"ALEX","6","ALEX_2010",2018-05-01,37.1,"WG"
"BELICE_RICHARD","3","RICHARD_BELICE_2010",2018-05-01,32.1,"C"
"BELIZE_IRIS","2","IRIS_BELIZE_2001",2018-05-01,32.3,"CA"
"BETA","2","BETA_2005",2018-05-01,31.8,"CA"
"CR_OTTO","2","OTTO_CR_2016",2018-05-01,33.5,"CA"
"CUBA_DENNIS","3","DENNIS_CUBA_2005",2018-05-01,31.3,"C"
"CUBA_GUSTAV","3","GUSTAV_CUBA_2008",2018-05-01,30.5,"C"
"CUBA_IAN","3","IAN_CUBA_2022",2018-05-01,30.5,"C"
"CUBA_MICHELLE","3","MICHELLE_CUBA_2001",2018-05-01,31.2,"C"
"CUBA_PALOMA","3","PALOMA_CUBA_2008",2018-05-01,31.1,"C"
"CUBA_SANDY","3","SANDY_CUBA_2012",2018-05-01,31.3,"C"
"DEAN_QROO_MX","5","DEAN_QROO_MX_2007",2018-05-01,33.7,"SG"
"FL_US_CHARLEY","1","CHARLEY_2004",2018-05-01,31.1,"FP"
"FL_US_FRANCES","1","FRANCES_US_FL_2004",2018-05-01,30.8,"FP"
"FL_US_IAN","1","IAN_US_FL_2022",2018-05-01,31.1,"FP"
"FL_US_IRMA","1","IRMA_US_FL_2017",2018-05-01,31.1,"FP"
"FL_US_JEANNE","1","JEANNE_US_FL_2004",2018-05-01,30.7,"FP"
"FL_US_MICHAEL","4","MICHAEL_US_FL_2018",2018-05-01,31.5,"SUS"
"FL_US_WILMA","1","WILMA_US_FL_2005",2018-05-01,30.6,"FP"
"LA_US_GUSTAV","4","GUSTAV_US_LA_2008",2018-05-01,32,"SUS"
"LA_US_IDA","4","IDA_US_LA_2009",2018-05-01,32.3,"SUS"
"LA_US_KATRINA","4","KATRINA_US_LA_2005",2018-05-01,32,"SUS"
"LA_US_LAURA","4","LAURA_US_LA_2020",2018-05-01,32.2,"SUS"
"LA_US_ZETA","4","ZETA_US_LA_2020",2018-05-01,32.5,"SUS"
"MX_ERNESTO","5","ERNESTO_MX_2012",2018-05-01,33.7,"SG"
"MX_GRACE","3","GRACE_MX_2021",2018-05-01,34.1,"C"
"MX_TAMPS_EMILY","6","EMILY_TAMPS_MX_2005",2018-05-01,36.4,"WG"
"NC_US_ISABEL","4","ISABEL_US_NC_2003",2018-05-01,29.6,"SUS"
"NIC_ETA","2","ETA_NIC_2020",2018-05-01,31.7,"CA"
"NIC_FELIX","2","FELIX_NIC_2007",2018-05-01,31.7,"CA"
"NIC_IOTA","2","IOTA_NIC_2020",2018-05-01,31.8,"CA"
"PR_USA_MARIA","3","MARIA_US_PR_2017",2018-05-01,31.6,"C"
"QROO_WILMA","3","WILMA_QROO_2005",2018-05-01,32.2,"C"
"TX_US_HARVEY","6","HARVEY_US_TX_2017",2018-05-01,33.8,"WG"
"TX_US_IKE","4","IKE_US_TX_2008",2018-05-01,32.6,"SUS"
"TX_US_RITA","4","RITA_US_TX_2005",2018-05-01,32.8,"SUS"
"US_FL_DELTA","4","DELTA_US_LA_2020",2018-05-01,32.2,"SUS"
"US_FL_DENNIS","4","DENNIS_US_FL_2005",2018-05-01,32,"SUS"
"VER_MX_KARL","5","KARL_MX_VER_2010",2018-05-01,35.5,"SG"
"YUC_DELTA","5","DELTA_YUCATAN_MX_2020",2018-05-01,33.3,"SG"
"YUC_MX_EMILY","5","EMILY_MX_YUC_2005",2018-05-01,34.1,"SG"
"YUC_MX_ISIDORE","5","ISIDORE_MX_YUC_2002",2018-05-01,35.3,"SG"
"AL_US_IVAN","4","IVAN_US_AL_2004",2018-06-01,33.4,"SUS"
"AL_US_SALLY","4","SALLY_US_AL_2020",2018-06-01,32.8,"SUS"
"ALEX","6","ALEX_2010",2018-06-01,37.8,"WG"
"BELICE_RICHARD","3","RICHARD_BELICE_2010",2018-06-01,31.7,"C"
"BELIZE_IRIS","2","IRIS_BELIZE_2001",2018-06-01,32.2,"CA"
"BETA","2","BETA_2005",2018-06-01,30.3,"CA"
"CR_OTTO","2","OTTO_CR_2016",2018-06-01,31.6,"CA"
"CUBA_DENNIS","3","DENNIS_CUBA_2005",2018-06-01,32.6,"C"
"CUBA_GUSTAV","3","GUSTAV_CUBA_2008",2018-06-01,31.9,"C"
"CUBA_IAN","3","IAN_CUBA_2022",2018-06-01,31.8,"C"
"CUBA_MICHELLE","3","MICHELLE_CUBA_2001",2018-06-01,32.5,"C"
"CUBA_PALOMA","3","PALOMA_CUBA_2008",2018-06-01,32.4,"C"
"CUBA_SANDY","3","SANDY_CUBA_2012",2018-06-01,33,"C"
"DEAN_QROO_MX","5","DEAN_QROO_MX_2007",2018-06-01,32.6,"SG"
"FL_US_CHARLEY","1","CHARLEY_2004",2018-06-01,33.4,"FP"
"FL_US_FRANCES","1","FRANCES_US_FL_2004",2018-06-01,33.2,"FP"
"FL_US_IAN","1","IAN_US_FL_2022",2018-06-01,33.5,"FP"
"FL_US_IRMA","1","IRMA_US_FL_2017",2018-06-01,33.3,"FP"
"FL_US_JEANNE","1","JEANNE_US_FL_2004",2018-06-01,33.3,"FP"
"FL_US_MICHAEL","4","MICHAEL_US_FL_2018",2018-06-01,33.6,"SUS"
"FL_US_WILMA","1","WILMA_US_FL_2005",2018-06-01,32.9,"FP"
"LA_US_GUSTAV","4","GUSTAV_US_LA_2008",2018-06-01,32.9,"SUS"
"LA_US_IDA","4","IDA_US_LA_2009",2018-06-01,33.2,"SUS"
"LA_US_KATRINA","4","KATRINA_US_LA_2005",2018-06-01,33.3,"SUS"
"LA_US_LAURA","4","LAURA_US_LA_2020",2018-06-01,34.1,"SUS"
"LA_US_ZETA","4","ZETA_US_LA_2020",2018-06-01,33.2,"SUS"
"MX_ERNESTO","5","ERNESTO_MX_2012",2018-06-01,32.6,"SG"
"MX_GRACE","3","GRACE_MX_2021",2018-06-01,34.5,"C"
"MX_TAMPS_EMILY","6","EMILY_TAMPS_MX_2005",2018-06-01,37.6,"WG"
"NC_US_ISABEL","4","ISABEL_US_NC_2003",2018-06-01,31.6,"SUS"
"NIC_ETA","2","ETA_NIC_2020",2018-06-01,30.1,"CA"
"NIC_FELIX","2","FELIX_NIC_2007",2018-06-01,30.4,"CA"
"NIC_IOTA","2","IOTA_NIC_2020",2018-06-01,30.2,"CA"
"PR_USA_MARIA","3","MARIA_US_PR_2017",2018-06-01,33.1,"C"
"QROO_WILMA","3","WILMA_QROO_2005",2018-06-01,32.6,"C"
"TX_US_HARVEY","6","HARVEY_US_TX_2017",2018-06-01,36.1,"WG"
"TX_US_IKE","4","IKE_US_TX_2008",2018-06-01,34.9,"SUS"
"TX_US_RITA","4","RITA_US_TX_2005",2018-06-01,34.8,"SUS"
"US_FL_DELTA","4","DELTA_US_LA_2020",2018-06-01,33.6,"SUS"
"US_FL_DENNIS","4","DENNIS_US_FL_2005",2018-06-01,33.4,"SUS"
"VER_MX_KARL","5","KARL_MX_VER_2010",2018-06-01,33.9,"SG"
"YUC_DELTA","5","DELTA_YUCATAN_MX_2020",2018-06-01,33.1,"SG"
"YUC_MX_EMILY","5","EMILY_MX_YUC_2005",2018-06-01,33.5,"SG"
"YUC_MX_ISIDORE","5","ISIDORE_MX_YUC_2002",2018-06-01,34.1,"SG"
"AL_US_IVAN","4","IVAN_US_AL_2004",2018-07-01,33.9,"SUS"
"AL_US_SALLY","4","SALLY_US_AL_2020",2018-07-01,33,"SUS"
"ALEX","6","ALEX_2010",2018-07-01,38,"WG"
"BELICE_RICHARD","3","RICHARD_BELICE_2010",2018-07-01,32.5,"C"
"BELIZE_IRIS","2","IRIS_BELIZE_2001",2018-07-01,31.9,"CA"
"BETA","2","BETA_2005",2018-07-01,30.5,"CA"
"CR_OTTO","2","OTTO_CR_2016",2018-07-01,31.4,"CA"
"CUBA_DENNIS","3","DENNIS_CUBA_2005",2018-07-01,34.1,"C"
"CUBA_GUSTAV","3","GUSTAV_CUBA_2008",2018-07-01,33.2,"C"
"CUBA_IAN","3","IAN_CUBA_2022",2018-07-01,33.3,"C"
"CUBA_MICHELLE","3","MICHELLE_CUBA_2001",2018-07-01,34.1,"C"
"CUBA_PALOMA","3","PALOMA_CUBA_2008",2018-07-01,34,"C"
"CUBA_SANDY","3","SANDY_CUBA_2012",2018-07-01,34.3,"C"
"DEAN_QROO_MX","5","DEAN_QROO_MX_2007",2018-07-01,33.9,"SG"
"FL_US_CHARLEY","1","CHARLEY_2004",2018-07-01,33.8,"FP"
"FL_US_FRANCES","1","FRANCES_US_FL_2004",2018-07-01,33.9,"FP"
"FL_US_IAN","1","IAN_US_FL_2022",2018-07-01,34.1,"FP"
"FL_US_IRMA","1","IRMA_US_FL_2017",2018-07-01,34,"FP"
"FL_US_JEANNE","1","JEANNE_US_FL_2004",2018-07-01,33.9,"FP"
"FL_US_MICHAEL","4","MICHAEL_US_FL_2018",2018-07-01,33.3,"SUS"
"FL_US_WILMA","1","WILMA_US_FL_2005",2018-07-01,33.8,"FP"
"LA_US_GUSTAV","4","GUSTAV_US_LA_2008",2018-07-01,33.4,"SUS"
"LA_US_IDA","4","IDA_US_LA_2009",2018-07-01,33.7,"SUS"
"LA_US_KATRINA","4","KATRINA_US_LA_2005",2018-07-01,33.8,"SUS"
"LA_US_LAURA","4","LAURA_US_LA_2020",2018-07-01,35.2,"SUS"
"LA_US_ZETA","4","ZETA_US_LA_2020",2018-07-01,33.8,"SUS"
"MX_ERNESTO","5","ERNESTO_MX_2012",2018-07-01,33.8,"SG"
"MX_GRACE","3","GRACE_MX_2021",2018-07-01,34.1,"C"
"MX_TAMPS_EMILY","6","EMILY_TAMPS_MX_2005",2018-07-01,37.6,"WG"
"NC_US_ISABEL","4","ISABEL_US_NC_2003",2018-07-01,32,"SUS"
"NIC_ETA","2","ETA_NIC_2020",2018-07-01,30.1,"CA"
"NIC_FELIX","2","FELIX_NIC_2007",2018-07-01,30.4,"CA"
"NIC_IOTA","2","IOTA_NIC_2020",2018-07-01,30.2,"CA"
"PR_USA_MARIA","3","MARIA_US_PR_2017",2018-07-01,32.7,"C"
"QROO_WILMA","3","WILMA_QROO_2005",2018-07-01,34.5,"C"
"TX_US_HARVEY","6","HARVEY_US_TX_2017",2018-07-01,36.9,"WG"
"TX_US_IKE","4","IKE_US_TX_2008",2018-07-01,36.3,"SUS"
"TX_US_RITA","4","RITA_US_TX_2005",2018-07-01,36,"SUS"
"US_FL_DELTA","4","DELTA_US_LA_2020",2018-07-01,34.3,"SUS"
"US_FL_DENNIS","4","DENNIS_US_FL_2005",2018-07-01,33.9,"SUS"
"VER_MX_KARL","5","KARL_MX_VER_2010",2018-07-01,33.1,"SG"
"YUC_DELTA","5","DELTA_YUCATAN_MX_2020",2018-07-01,34.6,"SG"
"YUC_MX_EMILY","5","EMILY_MX_YUC_2005",2018-07-01,34.8,"SG"
"YUC_MX_ISIDORE","5","ISIDORE_MX_YUC_2002",2018-07-01,34.8,"SG"
"AL_US_IVAN","4","IVAN_US_AL_2004",2018-08-01,33,"SUS"
"AL_US_SALLY","4","SALLY_US_AL_2020",2018-08-01,32.2,"SUS"
"ALEX","6","ALEX_2010",2018-08-01,37.9,"WG"
"BELICE_RICHARD","3","RICHARD_BELICE_2010",2018-08-01,32.1,"C"
"BELIZE_IRIS","2","IRIS_BELIZE_2001",2018-08-01,31.3,"CA"
"BETA","2","BETA_2005",2018-08-01,29.8,"CA"
"CR_OTTO","2","OTTO_CR_2016",2018-08-01,31.4,"CA"
"CUBA_DENNIS","3","DENNIS_CUBA_2005",2018-08-01,34.1,"C"
"CUBA_GUSTAV","3","GUSTAV_CUBA_2008",2018-08-01,32.8,"C"
"CUBA_IAN","3","IAN_CUBA_2022",2018-08-01,32.9,"C"
"CUBA_MICHELLE","3","MICHELLE_CUBA_2001",2018-08-01,34.1,"C"
"CUBA_PALOMA","3","PALOMA_CUBA_2008",2018-08-01,33.8,"C"
"CUBA_SANDY","3","SANDY_CUBA_2012",2018-08-01,34.3,"C"
"DEAN_QROO_MX","5","DEAN_QROO_MX_2007",2018-08-01,33.1,"SG"
"FL_US_CHARLEY","1","CHARLEY_2004",2018-08-01,33.8,"FP"
"FL_US_FRANCES","1","FRANCES_US_FL_2004",2018-08-01,33.9,"FP"
"FL_US_IAN","1","IAN_US_FL_2022",2018-08-01,34.1,"FP"
"FL_US_IRMA","1","IRMA_US_FL_2017",2018-08-01,33.9,"FP"
"FL_US_JEANNE","1","JEANNE_US_FL_2004",2018-08-01,33.9,"FP"
"FL_US_MICHAEL","4","MICHAEL_US_FL_2018",2018-08-01,33,"SUS"
"FL_US_WILMA","1","WILMA_US_FL_2005",2018-08-01,33.8,"FP"
"LA_US_GUSTAV","4","GUSTAV_US_LA_2008",2018-08-01,33,"SUS"
"LA_US_IDA","4","IDA_US_LA_2009",2018-08-01,33.1,"SUS"
"LA_US_KATRINA","4","KATRINA_US_LA_2005",2018-08-01,33.2,"SUS"
"LA_US_LAURA","4","LAURA_US_LA_2020",2018-08-01,35,"SUS"
"LA_US_ZETA","4","ZETA_US_LA_2020",2018-08-01,33.4,"SUS"
"MX_ERNESTO","5","ERNESTO_MX_2012",2018-08-01,33.1,"SG"
"MX_GRACE","3","GRACE_MX_2021",2018-08-01,34.2,"C"
"MX_TAMPS_EMILY","6","EMILY_TAMPS_MX_2005",2018-08-01,37.8,"WG"
"NC_US_ISABEL","4","ISABEL_US_NC_2003",2018-08-01,32.2,"SUS"
"NIC_ETA","2","ETA_NIC_2020",2018-08-01,29.8,"CA"
"NIC_FELIX","2","FELIX_NIC_2007",2018-08-01,30,"CA"
"NIC_IOTA","2","IOTA_NIC_2020",2018-08-01,29.8,"CA"
"PR_USA_MARIA","3","MARIA_US_PR_2017",2018-08-01,33.4,"C"
"QROO_WILMA","3","WILMA_QROO_2005",2018-08-01,33.7,"C"
"TX_US_HARVEY","6","HARVEY_US_TX_2017",2018-08-01,37.1,"WG"
"TX_US_IKE","4","IKE_US_TX_2008",2018-08-01,36.1,"SUS"
"TX_US_RITA","4","RITA_US_TX_2005",2018-08-01,35.6,"SUS"
"US_FL_DELTA","4","DELTA_US_LA_2020",2018-08-01,34,"SUS"
"US_FL_DENNIS","4","DENNIS_US_FL_2005",2018-08-01,33,"SUS"
"VER_MX_KARL","5","KARL_MX_VER_2010",2018-08-01,32.9,"SG"
"YUC_DELTA","5","DELTA_YUCATAN_MX_2020",2018-08-01,33.7,"SG"
"YUC_MX_EMILY","5","EMILY_MX_YUC_2005",2018-08-01,33.9,"SG"
"YUC_MX_ISIDORE","5","ISIDORE_MX_YUC_2002",2018-08-01,33.9,"SG"
"AL_US_IVAN","4","IVAN_US_AL_2004",2018-09-01,33,"SUS"
"AL_US_SALLY","4","SALLY_US_AL_2020",2018-09-01,32.7,"SUS"
"ALEX","6","ALEX_2010",2018-09-01,34.3,"WG"
"BELICE_RICHARD","3","RICHARD_BELICE_2010",2018-09-01,32.4,"C"
"BELIZE_IRIS","2","IRIS_BELIZE_2001",2018-09-01,32,"CA"
"BETA","2","BETA_2005",2018-09-01,31.3,"CA"
"CR_OTTO","2","OTTO_CR_2016",2018-09-01,31.9,"CA"
"CUBA_DENNIS","3","DENNIS_CUBA_2005",2018-09-01,33.4,"C"
"CUBA_GUSTAV","3","GUSTAV_CUBA_2008",2018-09-01,32.4,"C"
"CUBA_IAN","3","IAN_CUBA_2022",2018-09-01,32.5,"C"
"CUBA_MICHELLE","3","MICHELLE_CUBA_2001",2018-09-01,33.4,"C"
"CUBA_PALOMA","3","PALOMA_CUBA_2008",2018-09-01,33.1,"C"
"CUBA_SANDY","3","SANDY_CUBA_2012",2018-09-01,33.7,"C"
"DEAN_QROO_MX","5","DEAN_QROO_MX_2007",2018-09-01,33,"SG"
"FL_US_CHARLEY","1","CHARLEY_2004",2018-09-01,33.7,"FP"
"FL_US_FRANCES","1","FRANCES_US_FL_2004",2018-09-01,33.6,"FP"
"FL_US_IAN","1","IAN_US_FL_2022",2018-09-01,33.8,"FP"
"FL_US_IRMA","1","IRMA_US_FL_2017",2018-09-01,33.8,"FP"
"FL_US_JEANNE","1","JEANNE_US_FL_2004",2018-09-01,33.6,"FP"
"FL_US_MICHAEL","4","MICHAEL_US_FL_2018",2018-09-01,34,"SUS"
"FL_US_WILMA","1","WILMA_US_FL_2005",2018-09-01,33.7,"FP"
"LA_US_GUSTAV","4","GUSTAV_US_LA_2008",2018-09-01,32,"SUS"
"LA_US_IDA","4","IDA_US_LA_2009",2018-09-01,32.2,"SUS"
"LA_US_KATRINA","4","KATRINA_US_LA_2005",2018-09-01,32.6,"SUS"
"LA_US_LAURA","4","LAURA_US_LA_2020",2018-09-01,31.6,"SUS"
"LA_US_ZETA","4","ZETA_US_LA_2020",2018-09-01,32.4,"SUS"
"MX_ERNESTO","5","ERNESTO_MX_2012",2018-09-01,33,"SG"
"MX_GRACE","3","GRACE_MX_2021",2018-09-01,33,"C"
"MX_TAMPS_EMILY","6","EMILY_TAMPS_MX_2005",2018-09-01,33.6,"WG"
"NC_US_ISABEL","4","ISABEL_US_NC_2003",2018-09-01,30.5,"SUS"
"NIC_ETA","2","ETA_NIC_2020",2018-09-01,30.9,"CA"
"NIC_FELIX","2","FELIX_NIC_2007",2018-09-01,30.8,"CA"
"NIC_IOTA","2","IOTA_NIC_2020",2018-09-01,30.9,"CA"
"PR_USA_MARIA","3","MARIA_US_PR_2017",2018-09-01,33.1,"C"
"QROO_WILMA","3","WILMA_QROO_2005",2018-09-01,33.2,"C"
"TX_US_HARVEY","6","HARVEY_US_TX_2017",2018-09-01,32.7,"WG"
"TX_US_IKE","4","IKE_US_TX_2008",2018-09-01,31.7,"SUS"
"TX_US_RITA","4","RITA_US_TX_2005",2018-09-01,31.9,"SUS"
"US_FL_DELTA","4","DELTA_US_LA_2020",2018-09-01,31.9,"SUS"
"US_FL_DENNIS","4","DENNIS_US_FL_2005",2018-09-01,33,"SUS"
"VER_MX_KARL","5","KARL_MX_VER_2010",2018-09-01,32.8,"SG"
"YUC_DELTA","5","DELTA_YUCATAN_MX_2020",2018-09-01,33,"SG"
"YUC_MX_EMILY","5","EMILY_MX_YUC_2005",2018-09-01,33.4,"SG"
"YUC_MX_ISIDORE","5","ISIDORE_MX_YUC_2002",2018-09-01,33.5,"SG"
"AL_US_IVAN","4","IVAN_US_AL_2004",2018-10-01,28.3,"SUS"
"AL_US_SALLY","4","SALLY_US_AL_2020",2018-10-01,28.1,"SUS"
"ALEX","6","ALEX_2010",2018-10-01,30.2,"WG"
"BELICE_RICHARD","3","RICHARD_BELICE_2010",2018-10-01,31.7,"C"
"BELIZE_IRIS","2","IRIS_BELIZE_2001",2018-10-01,30.9,"CA"
"BETA","2","BETA_2005",2018-10-01,30.6,"CA"
"CR_OTTO","2","OTTO_CR_2016",2018-10-01,31,"CA"
"CUBA_DENNIS","3","DENNIS_CUBA_2005",2018-10-01,32.8,"C"
"CUBA_GUSTAV","3","GUSTAV_CUBA_2008",2018-10-01,31.9,"C"
"CUBA_IAN","3","IAN_CUBA_2022",2018-10-01,31.7,"C"
"CUBA_MICHELLE","3","MICHELLE_CUBA_2001",2018-10-01,32.7,"C"
"CUBA_PALOMA","3","PALOMA_CUBA_2008",2018-10-01,31.8,"C"
"CUBA_SANDY","3","SANDY_CUBA_2012",2018-10-01,32.3,"C"
"DEAN_QROO_MX","5","DEAN_QROO_MX_2007",2018-10-01,32,"SG"
"FL_US_CHARLEY","1","CHARLEY_2004",2018-10-01,32,"FP"
"FL_US_FRANCES","1","FRANCES_US_FL_2004",2018-10-01,31.8,"FP"
"FL_US_IAN","1","IAN_US_FL_2022",2018-10-01,32.1,"FP"
"FL_US_IRMA","1","IRMA_US_FL_2017",2018-10-01,32.4,"FP"
"FL_US_JEANNE","1","JEANNE_US_FL_2004",2018-10-01,31.8,"FP"
"FL_US_MICHAEL","4","MICHAEL_US_FL_2018",2018-10-01,29.3,"SUS"
"FL_US_WILMA","1","WILMA_US_FL_2005",2018-10-01,32.3,"FP"
"LA_US_GUSTAV","4","GUSTAV_US_LA_2008",2018-10-01,29,"SUS"
"LA_US_IDA","4","IDA_US_LA_2009",2018-10-01,29,"SUS"
"LA_US_KATRINA","4","KATRINA_US_LA_2005",2018-10-01,29.7,"SUS"
"LA_US_LAURA","4","LAURA_US_LA_2020",2018-10-01,27.9,"SUS"
"LA_US_ZETA","4","ZETA_US_LA_2020",2018-10-01,29,"SUS"
"MX_ERNESTO","5","ERNESTO_MX_2012",2018-10-01,31.9,"SG"
"MX_GRACE","3","GRACE_MX_2021",2018-10-01,29.8,"C"
"MX_TAMPS_EMILY","6","EMILY_TAMPS_MX_2005",2018-10-01,29.8,"WG"
"NC_US_ISABEL","4","ISABEL_US_NC_2003",2018-10-01,24.8,"SUS"
"NIC_ETA","2","ETA_NIC_2020",2018-10-01,30.5,"CA"
"NIC_FELIX","2","FELIX_NIC_2007",2018-10-01,30.5,"CA"
"NIC_IOTA","2","IOTA_NIC_2020",2018-10-01,30.5,"CA"
"PR_USA_MARIA","3","MARIA_US_PR_2017",2018-10-01,32.7,"C"
"QROO_WILMA","3","WILMA_QROO_2005",2018-10-01,32.3,"C"
"TX_US_HARVEY","6","HARVEY_US_TX_2017",2018-10-01,28.3,"WG"
"TX_US_IKE","4","IKE_US_TX_2008",2018-10-01,27.3,"SUS"
"TX_US_RITA","4","RITA_US_TX_2005",2018-10-01,27.8,"SUS"
"US_FL_DELTA","4","DELTA_US_LA_2020",2018-10-01,28,"SUS"
"US_FL_DENNIS","4","DENNIS_US_FL_2005",2018-10-01,28.2,"SUS"
"VER_MX_KARL","5","KARL_MX_VER_2010",2018-10-01,31,"SG"
"YUC_DELTA","5","DELTA_YUCATAN_MX_2020",2018-10-01,32.2,"SG"
"YUC_MX_EMILY","5","EMILY_MX_YUC_2005",2018-10-01,32.6,"SG"
"YUC_MX_ISIDORE","5","ISIDORE_MX_YUC_2002",2018-10-01,32.2,"SG"
"AL_US_IVAN","4","IVAN_US_AL_2004",2018-11-01,19.3,"SUS"
"AL_US_SALLY","4","SALLY_US_AL_2020",2018-11-01,19.1,"SUS"
"ALEX","6","ALEX_2010",2018-11-01,26.3,"WG"
"BELICE_RICHARD","3","RICHARD_BELICE_2010",2018-11-01,30.3,"C"
"BELIZE_IRIS","2","IRIS_BELIZE_2001",2018-11-01,29.5,"CA"
"BETA","2","BETA_2005",2018-11-01,29.7,"CA"
"CR_OTTO","2","OTTO_CR_2016",2018-11-01,31,"CA"
"CUBA_DENNIS","3","DENNIS_CUBA_2005",2018-11-01,31,"C"
"CUBA_GUSTAV","3","GUSTAV_CUBA_2008",2018-11-01,30.2,"C"
"CUBA_IAN","3","IAN_CUBA_2022",2018-11-01,29.9,"C"
"CUBA_MICHELLE","3","MICHELLE_CUBA_2001",2018-11-01,30.9,"C"
"CUBA_PALOMA","3","PALOMA_CUBA_2008",2018-11-01,31.4,"C"
"CUBA_SANDY","3","SANDY_CUBA_2012",2018-11-01,32.2,"C"
"DEAN_QROO_MX","5","DEAN_QROO_MX_2007",2018-11-01,30.7,"SG"
"FL_US_CHARLEY","1","CHARLEY_2004",2018-11-01,28.4,"FP"
"FL_US_FRANCES","1","FRANCES_US_FL_2004",2018-11-01,28,"FP"
"FL_US_IAN","1","IAN_US_FL_2022",2018-11-01,28.8,"FP"
"FL_US_IRMA","1","IRMA_US_FL_2017",2018-11-01,29.3,"FP"
"FL_US_JEANNE","1","JEANNE_US_FL_2004",2018-11-01,28.1,"FP"
"FL_US_MICHAEL","4","MICHAEL_US_FL_2018",2018-11-01,21.3,"SUS"
"FL_US_WILMA","1","WILMA_US_FL_2005",2018-11-01,29.2,"FP"
"LA_US_GUSTAV","4","GUSTAV_US_LA_2008",2018-11-01,21.4,"SUS"
"LA_US_IDA","4","IDA_US_LA_2009",2018-11-01,21.4,"SUS"
"LA_US_KATRINA","4","KATRINA_US_LA_2005",2018-11-01,21.3,"SUS"
"LA_US_LAURA","4","LAURA_US_LA_2020",2018-11-01,20,"SUS"
"LA_US_ZETA","4","ZETA_US_LA_2020",2018-11-01,21.1,"SUS"
"MX_ERNESTO","5","ERNESTO_MX_2012",2018-11-01,30.7,"SG"
"MX_GRACE","3","GRACE_MX_2021",2018-11-01,26.3,"C"
"MX_TAMPS_EMILY","6","EMILY_TAMPS_MX_2005",2018-11-01,25.4,"WG"
"NC_US_ISABEL","4","ISABEL_US_NC_2003",2018-11-01,17.3,"SUS"
"NIC_ETA","2","ETA_NIC_2020",2018-11-01,29.8,"CA"
"NIC_FELIX","2","FELIX_NIC_2007",2018-11-01,29.8,"CA"
"NIC_IOTA","2","IOTA_NIC_2020",2018-11-01,29.8,"CA"
"PR_USA_MARIA","3","MARIA_US_PR_2017",2018-11-01,32,"C"
"QROO_WILMA","3","WILMA_QROO_2005",2018-11-01,31,"C"
"TX_US_HARVEY","6","HARVEY_US_TX_2017",2018-11-01,22.5,"WG"
"TX_US_IKE","4","IKE_US_TX_2008",2018-11-01,20.8,"SUS"
"TX_US_RITA","4","RITA_US_TX_2005",2018-11-01,20.9,"SUS"
"US_FL_DELTA","4","DELTA_US_LA_2020",2018-11-01,20.1,"SUS"
"US_FL_DENNIS","4","DENNIS_US_FL_2005",2018-11-01,19.3,"SUS"
"VER_MX_KARL","5","KARL_MX_VER_2010",2018-11-01,29.3,"SG"
"YUC_DELTA","5","DELTA_YUCATAN_MX_2020",2018-11-01,31,"SG"
"YUC_MX_EMILY","5","EMILY_MX_YUC_2005",2018-11-01,31.7,"SG"
"YUC_MX_ISIDORE","5","ISIDORE_MX_YUC_2002",2018-11-01,31.5,"SG"
"AL_US_IVAN","4","IVAN_US_AL_2004",2018-12-01,18.8,"SUS"
"AL_US_SALLY","4","SALLY_US_AL_2020",2018-12-01,18.7,"SUS"
"ALEX","6","ALEX_2010",2018-12-01,24.9,"WG"
"BELICE_RICHARD","3","RICHARD_BELICE_2010",2018-12-01,29.1,"C"
"BELIZE_IRIS","2","IRIS_BELIZE_2001",2018-12-01,28.5,"CA"
"BETA","2","BETA_2005",2018-12-01,29.4,"CA"
"CR_OTTO","2","OTTO_CR_2016",2018-12-01,31.9,"CA"
"CUBA_DENNIS","3","DENNIS_CUBA_2005",2018-12-01,30.6,"C"
"CUBA_GUSTAV","3","GUSTAV_CUBA_2008",2018-12-01,29.1,"C"
"CUBA_IAN","3","IAN_CUBA_2022",2018-12-01,28.6,"C"
"CUBA_MICHELLE","3","MICHELLE_CUBA_2001",2018-12-01,30.5,"C"
"CUBA_PALOMA","3","PALOMA_CUBA_2008",2018-12-01,31.4,"C"
"CUBA_SANDY","3","SANDY_CUBA_2012",2018-12-01,31.6,"C"
"DEAN_QROO_MX","5","DEAN_QROO_MX_2007",2018-12-01,29.4,"SG"
"FL_US_CHARLEY","1","CHARLEY_2004",2018-12-01,25.9,"FP"
"FL_US_FRANCES","1","FRANCES_US_FL_2004",2018-12-01,26,"FP"
"FL_US_IAN","1","IAN_US_FL_2022",2018-12-01,26.2,"FP"
"FL_US_IRMA","1","IRMA_US_FL_2017",2018-12-01,26.8,"FP"
"FL_US_JEANNE","1","JEANNE_US_FL_2004",2018-12-01,26.2,"FP"
"FL_US_MICHAEL","4","MICHAEL_US_FL_2018",2018-12-01,19.6,"SUS"
"FL_US_WILMA","1","WILMA_US_FL_2005",2018-12-01,26.8,"FP"
"LA_US_GUSTAV","4","GUSTAV_US_LA_2008",2018-12-01,18.8,"SUS"
"LA_US_IDA","4","IDA_US_LA_2009",2018-12-01,18.7,"SUS"
"LA_US_KATRINA","4","KATRINA_US_LA_2005",2018-12-01,18.3,"SUS"
"LA_US_LAURA","4","LAURA_US_LA_2020",2018-12-01,17.7,"SUS"
"LA_US_ZETA","4","ZETA_US_LA_2020",2018-12-01,18.1,"SUS"
"MX_ERNESTO","5","ERNESTO_MX_2012",2018-12-01,29.4,"SG"
"MX_GRACE","3","GRACE_MX_2021",2018-12-01,25.2,"C"
"MX_TAMPS_EMILY","6","EMILY_TAMPS_MX_2005",2018-12-01,24.2,"WG"
"NC_US_ISABEL","4","ISABEL_US_NC_2003",2018-12-01,14.7,"SUS"
"NIC_ETA","2","ETA_NIC_2020",2018-12-01,28.9,"CA"
"NIC_FELIX","2","FELIX_NIC_2007",2018-12-01,29.5,"CA"
"NIC_IOTA","2","IOTA_NIC_2020",2018-12-01,28.9,"CA"
"PR_USA_MARIA","3","MARIA_US_PR_2017",2018-12-01,31.3,"C"
"QROO_WILMA","3","WILMA_QROO_2005",2018-12-01,29.6,"C"
"TX_US_HARVEY","6","HARVEY_US_TX_2017",2018-12-01,20.9,"WG"
"TX_US_IKE","4","IKE_US_TX_2008",2018-12-01,19.4,"SUS"
"TX_US_RITA","4","RITA_US_TX_2005",2018-12-01,18.5,"SUS"
"US_FL_DELTA","4","DELTA_US_LA_2020",2018-12-01,17.9,"SUS"
"US_FL_DENNIS","4","DENNIS_US_FL_2005",2018-12-01,18.7,"SUS"
"VER_MX_KARL","5","KARL_MX_VER_2010",2018-12-01,28.4,"SG"
"YUC_DELTA","5","DELTA_YUCATAN_MX_2020",2018-12-01,29.7,"SG"
"YUC_MX_EMILY","5","EMILY_MX_YUC_2005",2018-12-01,30.4,"SG"
"YUC_MX_ISIDORE","5","ISIDORE_MX_YUC_2002",2018-12-01,29.9,"SG"
"AL_US_IVAN","4","IVAN_US_AL_2004",2019-01-01,17.3,"SUS"
"AL_US_SALLY","4","SALLY_US_AL_2020",2019-01-01,17.3,"SUS"
"ALEX","6","ALEX_2010",2019-01-01,25.4,"WG"
"BELICE_RICHARD","3","RICHARD_BELICE_2010",2019-01-01,28.9,"C"
"BELIZE_IRIS","2","IRIS_BELIZE_2001",2019-01-01,28.5,"CA"
"BETA","2","BETA_2005",2019-01-01,29.5,"CA"
"CR_OTTO","2","OTTO_CR_2016",2019-01-01,31.8,"CA"
"CUBA_DENNIS","3","DENNIS_CUBA_2005",2019-01-01,29.1,"C"
"CUBA_GUSTAV","3","GUSTAV_CUBA_2008",2019-01-01,27.5,"C"
"CUBA_IAN","3","IAN_CUBA_2022",2019-01-01,27.1,"C"
"CUBA_MICHELLE","3","MICHELLE_CUBA_2001",2019-01-01,29,"C"
"CUBA_PALOMA","3","PALOMA_CUBA_2008",2019-01-01,30,"C"
"CUBA_SANDY","3","SANDY_CUBA_2012",2019-01-01,30.9,"C"
"DEAN_QROO_MX","5","DEAN_QROO_MX_2007",2019-01-01,29.2,"SG"
"FL_US_CHARLEY","1","CHARLEY_2004",2019-01-01,23.5,"FP"
"FL_US_FRANCES","1","FRANCES_US_FL_2004",2019-01-01,24.3,"FP"
"FL_US_IAN","1","IAN_US_FL_2022",2019-01-01,24,"FP"
"FL_US_IRMA","1","IRMA_US_FL_2017",2019-01-01,24.5,"FP"
"FL_US_JEANNE","1","JEANNE_US_FL_2004",2019-01-01,24.4,"FP"
"FL_US_MICHAEL","4","MICHAEL_US_FL_2018",2019-01-01,18.5,"SUS"
"FL_US_WILMA","1","WILMA_US_FL_2005",2019-01-01,24.7,"FP"
"LA_US_GUSTAV","4","GUSTAV_US_LA_2008",2019-01-01,17.9,"SUS"
"LA_US_IDA","4","IDA_US_LA_2009",2019-01-01,17.6,"SUS"
"LA_US_KATRINA","4","KATRINA_US_LA_2005",2019-01-01,17.9,"SUS"
"LA_US_LAURA","4","LAURA_US_LA_2020",2019-01-01,17,"SUS"
"LA_US_ZETA","4","ZETA_US_LA_2020",2019-01-01,17.5,"SUS"
"MX_ERNESTO","5","ERNESTO_MX_2012",2019-01-01,29.1,"SG"
"MX_GRACE","3","GRACE_MX_2021",2019-01-01,25.7,"C"
"MX_TAMPS_EMILY","6","EMILY_TAMPS_MX_2005",2019-01-01,24,"WG"
"NC_US_ISABEL","4","ISABEL_US_NC_2003",2019-01-01,13.7,"SUS"
"NIC_ETA","2","ETA_NIC_2020",2019-01-01,29.3,"CA"
"NIC_FELIX","2","FELIX_NIC_2007",2019-01-01,29.3,"CA"
"NIC_IOTA","2","IOTA_NIC_2020",2019-01-01,29.6,"CA"
"PR_USA_MARIA","3","MARIA_US_PR_2017",2019-01-01,30.6,"C"
"QROO_WILMA","3","WILMA_QROO_2005",2019-01-01,28.7,"C"
"TX_US_HARVEY","6","HARVEY_US_TX_2017",2019-01-01,20.2,"WG"
"TX_US_IKE","4","IKE_US_TX_2008",2019-01-01,17.8,"SUS"
"TX_US_RITA","4","RITA_US_TX_2005",2019-01-01,17.5,"SUS"
"US_FL_DELTA","4","DELTA_US_LA_2020",2019-01-01,16.7,"SUS"
"US_FL_DENNIS","4","DENNIS_US_FL_2005",2019-01-01,17.3,"SUS"
"VER_MX_KARL","5","KARL_MX_VER_2010",2019-01-01,28.4,"SG"
"YUC_DELTA","5","DELTA_YUCATAN_MX_2020",2019-01-01,29.2,"SG"
"YUC_MX_EMILY","5","EMILY_MX_YUC_2005",2019-01-01,29.9,"SG"
"YUC_MX_ISIDORE","5","ISIDORE_MX_YUC_2002",2019-01-01,29.1,"SG"
"AL_US_IVAN","4","IVAN_US_AL_2004",2019-02-01,23.8,"SUS"
"AL_US_SALLY","4","SALLY_US_AL_2020",2019-02-01,23.9,"SUS"
"ALEX","6","ALEX_2010",2019-02-01,28.5,"WG"
"BELICE_RICHARD","3","RICHARD_BELICE_2010",2019-02-01,31.6,"C"
"BELIZE_IRIS","2","IRIS_BELIZE_2001",2019-02-01,32.2,"CA"
"BETA","2","BETA_2005",2019-02-01,30.6,"CA"
"CR_OTTO","2","OTTO_CR_2016",2019-02-01,32.8,"CA"
"CUBA_DENNIS","3","DENNIS_CUBA_2005",2019-02-01,31.2,"C"
"CUBA_GUSTAV","3","GUSTAV_CUBA_2008",2019-02-01,29.4,"C"
"CUBA_IAN","3","IAN_CUBA_2022",2019-02-01,29.1,"C"
"CUBA_MICHELLE","3","MICHELLE_CUBA_2001",2019-02-01,31.1,"C"
"CUBA_PALOMA","3","PALOMA_CUBA_2008",2019-02-01,30.8,"C"
"CUBA_SANDY","3","SANDY_CUBA_2012",2019-02-01,31.2,"C"
"DEAN_QROO_MX","5","DEAN_QROO_MX_2007",2019-02-01,32.1,"SG"
"FL_US_CHARLEY","1","CHARLEY_2004",2019-02-01,28.5,"FP"
"FL_US_FRANCES","1","FRANCES_US_FL_2004",2019-02-01,28.5,"FP"
"FL_US_IAN","1","IAN_US_FL_2022",2019-02-01,28.6,"FP"
"FL_US_IRMA","1","IRMA_US_FL_2017",2019-02-01,28.7,"FP"
"FL_US_JEANNE","1","JEANNE_US_FL_2004",2019-02-01,28.4,"FP"
"FL_US_MICHAEL","4","MICHAEL_US_FL_2018",2019-02-01,24,"SUS"
"FL_US_WILMA","1","WILMA_US_FL_2005",2019-02-01,28.6,"FP"
"LA_US_GUSTAV","4","GUSTAV_US_LA_2008",2019-02-01,23.2,"SUS"
"LA_US_IDA","4","IDA_US_LA_2009",2019-02-01,23.3,"SUS"
"LA_US_KATRINA","4","KATRINA_US_LA_2005",2019-02-01,23.2,"SUS"
"LA_US_LAURA","4","LAURA_US_LA_2020",2019-02-01,22.1,"SUS"
"LA_US_ZETA","4","ZETA_US_LA_2020",2019-02-01,23.2,"SUS"
"MX_ERNESTO","5","ERNESTO_MX_2012",2019-02-01,32,"SG"
"MX_GRACE","3","GRACE_MX_2021",2019-02-01,28,"C"
"MX_TAMPS_EMILY","6","EMILY_TAMPS_MX_2005",2019-02-01,27.5,"WG"
"NC_US_ISABEL","4","ISABEL_US_NC_2003",2019-02-01,17.2,"SUS"
"NIC_ETA","2","ETA_NIC_2020",2019-02-01,30.7,"CA"
"NIC_FELIX","2","FELIX_NIC_2007",2019-02-01,29.9,"CA"
"NIC_IOTA","2","IOTA_NIC_2020",2019-02-01,30.8,"CA"
"PR_USA_MARIA","3","MARIA_US_PR_2017",2019-02-01,30.8,"C"
"QROO_WILMA","3","WILMA_QROO_2005",2019-02-01,31.3,"C"
"TX_US_HARVEY","6","HARVEY_US_TX_2017",2019-02-01,23.1,"WG"
"TX_US_IKE","4","IKE_US_TX_2008",2019-02-01,21.8,"SUS"
"TX_US_RITA","4","RITA_US_TX_2005",2019-02-01,22.1,"SUS"
"US_FL_DELTA","4","DELTA_US_LA_2020",2019-02-01,22,"SUS"
"US_FL_DENNIS","4","DENNIS_US_FL_2005",2019-02-01,23.9,"SUS"
"VER_MX_KARL","5","KARL_MX_VER_2010",2019-02-01,31.5,"SG"
"YUC_DELTA","5","DELTA_YUCATAN_MX_2020",2019-02-01,32.5,"SG"
"YUC_MX_EMILY","5","EMILY_MX_YUC_2005",2019-02-01,33.2,"SG"
"YUC_MX_ISIDORE","5","ISIDORE_MX_YUC_2002",2019-02-01,32.9,"SG"
"AL_US_IVAN","4","IVAN_US_AL_2004",2019-03-01,22.4,"SUS"
"AL_US_SALLY","4","SALLY_US_AL_2020",2019-03-01,22.4,"SUS"
"ALEX","6","ALEX_2010",2019-03-01,29.2,"WG"
"BELICE_RICHARD","3","RICHARD_BELICE_2010",2019-03-01,31.2,"C"
"BELIZE_IRIS","2","IRIS_BELIZE_2001",2019-03-01,32.6,"CA"
"BETA","2","BETA_2005",2019-03-01,31.4,"CA"
"CR_OTTO","2","OTTO_CR_2016",2019-03-01,33.1,"CA"
"CUBA_DENNIS","3","DENNIS_CUBA_2005",2019-03-01,31.2,"C"
"CUBA_GUSTAV","3","GUSTAV_CUBA_2008",2019-03-01,29.6,"C"
"CUBA_IAN","3","IAN_CUBA_2022",2019-03-01,29.4,"C"
"CUBA_MICHELLE","3","MICHELLE_CUBA_2001",2019-03-01,31.2,"C"
"CUBA_PALOMA","3","PALOMA_CUBA_2008",2019-03-01,31.9,"C"
"CUBA_SANDY","3","SANDY_CUBA_2012",2019-03-01,31.7,"C"
"DEAN_QROO_MX","5","DEAN_QROO_MX_2007",2019-03-01,33.1,"SG"
"FL_US_CHARLEY","1","CHARLEY_2004",2019-03-01,27.4,"FP"
"FL_US_FRANCES","1","FRANCES_US_FL_2004",2019-03-01,27.5,"FP"
"FL_US_IAN","1","IAN_US_FL_2022",2019-03-01,27.7,"FP"
"FL_US_IRMA","1","IRMA_US_FL_2017",2019-03-01,28,"FP"
"FL_US_JEANNE","1","JEANNE_US_FL_2004",2019-03-01,27.5,"FP"
"FL_US_MICHAEL","4","MICHAEL_US_FL_2018",2019-03-01,23,"SUS"
"FL_US_WILMA","1","WILMA_US_FL_2005",2019-03-01,28,"FP"
"LA_US_GUSTAV","4","GUSTAV_US_LA_2008",2019-03-01,22.1,"SUS"
"LA_US_IDA","4","IDA_US_LA_2009",2019-03-01,22.3,"SUS"
"LA_US_KATRINA","4","KATRINA_US_LA_2005",2019-03-01,22.3,"SUS"
"LA_US_LAURA","4","LAURA_US_LA_2020",2019-03-01,22.3,"SUS"
"LA_US_ZETA","4","ZETA_US_LA_2020",2019-03-01,23.4,"SUS"
"MX_ERNESTO","5","ERNESTO_MX_2012",2019-03-01,33.1,"SG"
"MX_GRACE","3","GRACE_MX_2021",2019-03-01,28.2,"C"
"MX_TAMPS_EMILY","6","EMILY_TAMPS_MX_2005",2019-03-01,28,"WG"
"NC_US_ISABEL","4","ISABEL_US_NC_2003",2019-03-01,17.6,"SUS"
"NIC_ETA","2","ETA_NIC_2020",2019-03-01,31.9,"CA"
"NIC_FELIX","2","FELIX_NIC_2007",2019-03-01,31,"CA"
"NIC_IOTA","2","IOTA_NIC_2020",2019-03-01,32,"CA"
"PR_USA_MARIA","3","MARIA_US_PR_2017",2019-03-01,31.2,"C"
"QROO_WILMA","3","WILMA_QROO_2005",2019-03-01,31.4,"C"
"TX_US_HARVEY","6","HARVEY_US_TX_2017",2019-03-01,24.4,"WG"
"TX_US_IKE","4","IKE_US_TX_2008",2019-03-01,22.6,"SUS"
"TX_US_RITA","4","RITA_US_TX_2005",2019-03-01,22.9,"SUS"
"US_FL_DELTA","4","DELTA_US_LA_2020",2019-03-01,22.2,"SUS"
"US_FL_DENNIS","4","DENNIS_US_FL_2005",2019-03-01,22.4,"SUS"
"VER_MX_KARL","5","KARL_MX_VER_2010",2019-03-01,32.2,"SG"
"YUC_DELTA","5","DELTA_YUCATAN_MX_2020",2019-03-01,33,"SG"
"YUC_MX_EMILY","5","EMILY_MX_YUC_2005",2019-03-01,33.8,"SG"
"YUC_MX_ISIDORE","5","ISIDORE_MX_YUC_2002",2019-03-01,33.9,"SG"
"AL_US_IVAN","4","IVAN_US_AL_2004",2019-04-01,26,"SUS"
"AL_US_SALLY","4","SALLY_US_AL_2020",2019-04-01,25.6,"SUS"
"ALEX","6","ALEX_2010",2019-04-01,32.7,"WG"
"BELICE_RICHARD","3","RICHARD_BELICE_2010",2019-04-01,33.9,"C"
"BELIZE_IRIS","2","IRIS_BELIZE_2001",2019-04-01,34.9,"CA"
"BETA","2","BETA_2005",2019-04-01,32.6,"CA"
"CR_OTTO","2","OTTO_CR_2016",2019-04-01,33.9,"CA"
"CUBA_DENNIS","3","DENNIS_CUBA_2005",2019-04-01,32.5,"C"
"CUBA_GUSTAV","3","GUSTAV_CUBA_2008",2019-04-01,31.1,"C"
"CUBA_IAN","3","IAN_CUBA_2022",2019-04-01,31,"C"
"CUBA_MICHELLE","3","MICHELLE_CUBA_2001",2019-04-01,32.5,"C"
"CUBA_PALOMA","3","PALOMA_CUBA_2008",2019-04-01,32.9,"C"
"CUBA_SANDY","3","SANDY_CUBA_2012",2019-04-01,32.8,"C"
"DEAN_QROO_MX","5","DEAN_QROO_MX_2007",2019-04-01,34.2,"SG"
"FL_US_CHARLEY","1","CHARLEY_2004",2019-04-01,30.6,"FP"
"FL_US_FRANCES","1","FRANCES_US_FL_2004",2019-04-01,30.6,"FP"
"FL_US_IAN","1","IAN_US_FL_2022",2019-04-01,30.8,"FP"
"FL_US_IRMA","1","IRMA_US_FL_2017",2019-04-01,30.8,"FP"
"FL_US_JEANNE","1","JEANNE_US_FL_2004",2019-04-01,30.6,"FP"
"FL_US_MICHAEL","4","MICHAEL_US_FL_2018",2019-04-01,26.5,"SUS"
"FL_US_WILMA","1","WILMA_US_FL_2005",2019-04-01,30.6,"FP"
"LA_US_GUSTAV","4","GUSTAV_US_LA_2008",2019-04-01,25.5,"SUS"
"LA_US_IDA","4","IDA_US_LA_2009",2019-04-01,25.7,"SUS"
"LA_US_KATRINA","4","KATRINA_US_LA_2005",2019-04-01,25.4,"SUS"
"LA_US_LAURA","4","LAURA_US_LA_2020",2019-04-01,25.2,"SUS"
"LA_US_ZETA","4","ZETA_US_LA_2020",2019-04-01,26.1,"SUS"
"MX_ERNESTO","5","ERNESTO_MX_2012",2019-04-01,34.2,"SG"
"MX_GRACE","3","GRACE_MX_2021",2019-04-01,31.7,"C"
"MX_TAMPS_EMILY","6","EMILY_TAMPS_MX_2005",2019-04-01,31.6,"WG"
"NC_US_ISABEL","4","ISABEL_US_NC_2003",2019-04-01,24.8,"SUS"
"NIC_ETA","2","ETA_NIC_2020",2019-04-01,33,"CA"
"NIC_FELIX","2","FELIX_NIC_2007",2019-04-01,32.1,"CA"
"NIC_IOTA","2","IOTA_NIC_2020",2019-04-01,33.2,"CA"
"PR_USA_MARIA","3","MARIA_US_PR_2017",2019-04-01,31.8,"C"
"QROO_WILMA","3","WILMA_QROO_2005",2019-04-01,32.7,"C"
"TX_US_HARVEY","6","HARVEY_US_TX_2017",2019-04-01,27.5,"WG"
"TX_US_IKE","4","IKE_US_TX_2008",2019-04-01,25.8,"SUS"
"TX_US_RITA","4","RITA_US_TX_2005",2019-04-01,25.9,"SUS"
"US_FL_DELTA","4","DELTA_US_LA_2020",2019-04-01,25.2,"SUS"
"US_FL_DENNIS","4","DENNIS_US_FL_2005",2019-04-01,26,"SUS"
"VER_MX_KARL","5","KARL_MX_VER_2010",2019-04-01,34.2,"SG"
"YUC_DELTA","5","DELTA_YUCATAN_MX_2020",2019-04-01,34.3,"SG"
"YUC_MX_EMILY","5","EMILY_MX_YUC_2005",2019-04-01,34.8,"SG"
"YUC_MX_ISIDORE","5","ISIDORE_MX_YUC_2002",2019-04-01,35.4,"SG"
"AL_US_IVAN","4","IVAN_US_AL_2004",2019-05-01,31.9,"SUS"
"AL_US_SALLY","4","SALLY_US_AL_2020",2019-05-01,31.9,"SUS"
"ALEX","6","ALEX_2010",2019-05-01,37.4,"WG"
"BELICE_RICHARD","3","RICHARD_BELICE_2010",2019-05-01,34.3,"C"
"BELIZE_IRIS","2","IRIS_BELIZE_2001",2019-05-01,35.8,"CA"
"BETA","2","BETA_2005",2019-05-01,32.2,"CA"
"CR_OTTO","2","OTTO_CR_2016",2019-05-01,32.7,"CA"
"CUBA_DENNIS","3","DENNIS_CUBA_2005",2019-05-01,33,"C"
"CUBA_GUSTAV","3","GUSTAV_CUBA_2008",2019-05-01,32.2,"C"
"CUBA_IAN","3","IAN_CUBA_2022",2019-05-01,32.1,"C"
"CUBA_MICHELLE","3","MICHELLE_CUBA_2001",2019-05-01,33,"C"
"CUBA_PALOMA","3","PALOMA_CUBA_2008",2019-05-01,32.7,"C"
"CUBA_SANDY","3","SANDY_CUBA_2012",2019-05-01,32.5,"C"
"DEAN_QROO_MX","5","DEAN_QROO_MX_2007",2019-05-01,35.7,"SG"
"FL_US_CHARLEY","1","CHARLEY_2004",2019-05-01,33.3,"FP"
"FL_US_FRANCES","1","FRANCES_US_FL_2004",2019-05-01,32.9,"FP"
"FL_US_IAN","1","IAN_US_FL_2022",2019-05-01,33.4,"FP"
"FL_US_IRMA","1","IRMA_US_FL_2017",2019-05-01,33.3,"FP"
"FL_US_JEANNE","1","JEANNE_US_FL_2004",2019-05-01,32.8,"FP"
"FL_US_MICHAEL","4","MICHAEL_US_FL_2018",2019-05-01,32.5,"SUS"
"FL_US_WILMA","1","WILMA_US_FL_2005",2019-05-01,32.6,"FP"
"LA_US_GUSTAV","4","GUSTAV_US_LA_2008",2019-05-01,31.3,"SUS"
"LA_US_IDA","4","IDA_US_LA_2009",2019-05-01,31.6,"SUS"
"LA_US_KATRINA","4","KATRINA_US_LA_2005",2019-05-01,31.6,"SUS"
"LA_US_LAURA","4","LAURA_US_LA_2020",2019-05-01,30.7,"SUS"
"LA_US_ZETA","4","ZETA_US_LA_2020",2019-05-01,31.5,"SUS"
"MX_ERNESTO","5","ERNESTO_MX_2012",2019-05-01,35.7,"SG"
"MX_GRACE","3","GRACE_MX_2021",2019-05-01,35.8,"C"
"MX_TAMPS_EMILY","6","EMILY_TAMPS_MX_2005",2019-05-01,36.3,"WG"
"NC_US_ISABEL","4","ISABEL_US_NC_2003",2019-05-01,30.3,"SUS"
"NIC_ETA","2","ETA_NIC_2020",2019-05-01,32.6,"CA"
"NIC_FELIX","2","FELIX_NIC_2007",2019-05-01,32.1,"CA"
"NIC_IOTA","2","IOTA_NIC_2020",2019-05-01,32.7,"CA"
"PR_USA_MARIA","3","MARIA_US_PR_2017",2019-05-01,32.2,"C"
"QROO_WILMA","3","WILMA_QROO_2005",2019-05-01,34.5,"C"
"TX_US_HARVEY","6","HARVEY_US_TX_2017",2019-05-01,31.8,"WG"
"TX_US_IKE","4","IKE_US_TX_2008",2019-05-01,31.1,"SUS"
"TX_US_RITA","4","RITA_US_TX_2005",2019-05-01,31.2,"SUS"
"US_FL_DELTA","4","DELTA_US_LA_2020",2019-05-01,30.7,"SUS"
"US_FL_DENNIS","4","DENNIS_US_FL_2005",2019-05-01,31.9,"SUS"
"VER_MX_KARL","5","KARL_MX_VER_2010",2019-05-01,37.5,"SG"
"YUC_DELTA","5","DELTA_YUCATAN_MX_2020",2019-05-01,35.9,"SG"
"YUC_MX_EMILY","5","EMILY_MX_YUC_2005",2019-05-01,36.4,"SG"
"YUC_MX_ISIDORE","5","ISIDORE_MX_YUC_2002",2019-05-01,37.1,"SG"
"AL_US_IVAN","4","IVAN_US_AL_2004",2019-06-01,34.1,"SUS"
"AL_US_SALLY","4","SALLY_US_AL_2020",2019-06-01,33.9,"SUS"
"ALEX","6","ALEX_2010",2019-06-01,38.5,"WG"
"BELICE_RICHARD","3","RICHARD_BELICE_2010",2019-06-01,33.8,"C"
"BELIZE_IRIS","2","IRIS_BELIZE_2001",2019-06-01,34.5,"CA"
"BETA","2","BETA_2005",2019-06-01,31.1,"CA"
"CR_OTTO","2","OTTO_CR_2016",2019-06-01,32.2,"CA"
"CUBA_DENNIS","3","DENNIS_CUBA_2005",2019-06-01,34.2,"C"
"CUBA_GUSTAV","3","GUSTAV_CUBA_2008",2019-06-01,33.3,"C"
"CUBA_IAN","3","IAN_CUBA_2022",2019-06-01,33.2,"C"
"CUBA_MICHELLE","3","MICHELLE_CUBA_2001",2019-06-01,34.2,"C"
"CUBA_PALOMA","3","PALOMA_CUBA_2008",2019-06-01,33.6,"C"
"CUBA_SANDY","3","SANDY_CUBA_2012",2019-06-01,33.7,"C"
"DEAN_QROO_MX","5","DEAN_QROO_MX_2007",2019-06-01,34.7,"SG"
"FL_US_CHARLEY","1","CHARLEY_2004",2019-06-01,34.1,"FP"
"FL_US_FRANCES","1","FRANCES_US_FL_2004",2019-06-01,33.9,"FP"
"FL_US_IAN","1","IAN_US_FL_2022",2019-06-01,34.2,"FP"
"FL_US_IRMA","1","IRMA_US_FL_2017",2019-06-01,34.3,"FP"
"FL_US_JEANNE","1","JEANNE_US_FL_2004",2019-06-01,33.9,"FP"
"FL_US_MICHAEL","4","MICHAEL_US_FL_2018",2019-06-01,33.8,"SUS"
"FL_US_WILMA","1","WILMA_US_FL_2005",2019-06-01,33.9,"FP"
"LA_US_GUSTAV","4","GUSTAV_US_LA_2008",2019-06-01,34.3,"SUS"
"LA_US_IDA","4","IDA_US_LA_2009",2019-06-01,34.4,"SUS"
"LA_US_KATRINA","4","KATRINA_US_LA_2005",2019-06-01,34,"SUS"
"LA_US_LAURA","4","LAURA_US_LA_2020",2019-06-01,32.9,"SUS"
"LA_US_ZETA","4","ZETA_US_LA_2020",2019-06-01,34,"SUS"
"MX_ERNESTO","5","ERNESTO_MX_2012",2019-06-01,34.7,"SG"
"MX_GRACE","3","GRACE_MX_2021",2019-06-01,35.3,"C"
"MX_TAMPS_EMILY","6","EMILY_TAMPS_MX_2005",2019-06-01,38.3,"WG"
"NC_US_ISABEL","4","ISABEL_US_NC_2003",2019-06-01,31.4,"SUS"
"NIC_ETA","2","ETA_NIC_2020",2019-06-01,31.3,"CA"
"NIC_FELIX","2","FELIX_NIC_2007",2019-06-01,31.1,"CA"
"NIC_IOTA","2","IOTA_NIC_2020",2019-06-01,31.4,"CA"
"PR_USA_MARIA","3","MARIA_US_PR_2017",2019-06-01,32.9,"C"
"QROO_WILMA","3","WILMA_QROO_2005",2019-06-01,34.9,"C"
"TX_US_HARVEY","6","HARVEY_US_TX_2017",2019-06-01,34.6,"WG"
"TX_US_IKE","4","IKE_US_TX_2008",2019-06-01,33.5,"SUS"
"TX_US_RITA","4","RITA_US_TX_2005",2019-06-01,33.3,"SUS"
"US_FL_DELTA","4","DELTA_US_LA_2020",2019-06-01,33.1,"SUS"
"US_FL_DENNIS","4","DENNIS_US_FL_2005",2019-06-01,34.1,"SUS"
"VER_MX_KARL","5","KARL_MX_VER_2010",2019-06-01,35.1,"SG"
"YUC_DELTA","5","DELTA_YUCATAN_MX_2020",2019-06-01,35.8,"SG"
"YUC_MX_EMILY","5","EMILY_MX_YUC_2005",2019-06-01,36,"SG"
"YUC_MX_ISIDORE","5","ISIDORE_MX_YUC_2002",2019-06-01,35.8,"SG"
"AL_US_IVAN","4","IVAN_US_AL_2004",2019-07-01,35,"SUS"
"AL_US_SALLY","4","SALLY_US_AL_2020",2019-07-01,34.4,"SUS"
"ALEX","6","ALEX_2010",2019-07-01,38.4,"WG"
"BELICE_RICHARD","3","RICHARD_BELICE_2010",2019-07-01,32.9,"C"
"BELIZE_IRIS","2","IRIS_BELIZE_2001",2019-07-01,33.5,"CA"
"BETA","2","BETA_2005",2019-07-01,30.4,"CA"
"CR_OTTO","2","OTTO_CR_2016",2019-07-01,31.6,"CA"
"CUBA_DENNIS","3","DENNIS_CUBA_2005",2019-07-01,33.9,"C"
"CUBA_GUSTAV","3","GUSTAV_CUBA_2008",2019-07-01,32.9,"C"
"CUBA_IAN","3","IAN_CUBA_2022",2019-07-01,32.7,"C"
"CUBA_MICHELLE","3","MICHELLE_CUBA_2001",2019-07-01,33.9,"C"
"CUBA_PALOMA","3","PALOMA_CUBA_2008",2019-07-01,34.4,"C"
"CUBA_SANDY","3","SANDY_CUBA_2012",2019-07-01,34.2,"C"
"DEAN_QROO_MX","5","DEAN_QROO_MX_2007",2019-07-01,34.6,"SG"
"FL_US_CHARLEY","1","CHARLEY_2004",2019-07-01,34.2,"FP"
"FL_US_FRANCES","1","FRANCES_US_FL_2004",2019-07-01,34.4,"FP"
"FL_US_IAN","1","IAN_US_FL_2022",2019-07-01,34.5,"FP"
"FL_US_IRMA","1","IRMA_US_FL_2017",2019-07-01,34.3,"FP"
"FL_US_JEANNE","1","JEANNE_US_FL_2004",2019-07-01,34.3,"FP"
"FL_US_MICHAEL","4","MICHAEL_US_FL_2018",2019-07-01,33.9,"SUS"
"FL_US_WILMA","1","WILMA_US_FL_2005",2019-07-01,34.1,"FP"
"LA_US_GUSTAV","4","GUSTAV_US_LA_2008",2019-07-01,33.9,"SUS"
"LA_US_IDA","4","IDA_US_LA_2009",2019-07-01,34,"SUS"
"LA_US_KATRINA","4","KATRINA_US_LA_2005",2019-07-01,34.6,"SUS"
"LA_US_LAURA","4","LAURA_US_LA_2020",2019-07-01,34.2,"SUS"
"LA_US_ZETA","4","ZETA_US_LA_2020",2019-07-01,33.9,"SUS"
"MX_ERNESTO","5","ERNESTO_MX_2012",2019-07-01,34.5,"SG"
"MX_GRACE","3","GRACE_MX_2021",2019-07-01,34.7,"C"
"MX_TAMPS_EMILY","6","EMILY_TAMPS_MX_2005",2019-07-01,38.1,"WG"
"NC_US_ISABEL","4","ISABEL_US_NC_2003",2019-07-01,34,"SUS"
"NIC_ETA","2","ETA_NIC_2020",2019-07-01,31,"CA"
"NIC_FELIX","2","FELIX_NIC_2007",2019-07-01,30.9,"CA"
"NIC_IOTA","2","IOTA_NIC_2020",2019-07-01,31.1,"CA"
"PR_USA_MARIA","3","MARIA_US_PR_2017",2019-07-01,33,"C"
"QROO_WILMA","3","WILMA_QROO_2005",2019-07-01,34.6,"C"
"TX_US_HARVEY","6","HARVEY_US_TX_2017",2019-07-01,36.3,"WG"
"TX_US_IKE","4","IKE_US_TX_2008",2019-07-01,35.6,"SUS"
"TX_US_RITA","4","RITA_US_TX_2005",2019-07-01,34.8,"SUS"
"US_FL_DELTA","4","DELTA_US_LA_2020",2019-07-01,34,"SUS"
"US_FL_DENNIS","4","DENNIS_US_FL_2005",2019-07-01,35,"SUS"
"VER_MX_KARL","5","KARL_MX_VER_2010",2019-07-01,33.6,"SG"
"YUC_DELTA","5","DELTA_YUCATAN_MX_2020",2019-07-01,34.9,"SG"
"YUC_MX_EMILY","5","EMILY_MX_YUC_2005",2019-07-01,35.2,"SG"
"YUC_MX_ISIDORE","5","ISIDORE_MX_YUC_2002",2019-07-01,34.6,"SG"
"AL_US_IVAN","4","IVAN_US_AL_2004",2019-08-01,35,"SUS"
"AL_US_SALLY","4","SALLY_US_AL_2020",2019-08-01,34.3,"SUS"
"ALEX","6","ALEX_2010",2019-08-01,39.3,"WG"
"BELICE_RICHARD","3","RICHARD_BELICE_2010",2019-08-01,34.3,"C"
"BELIZE_IRIS","2","IRIS_BELIZE_2001",2019-08-01,35.3,"CA"
"BETA","2","BETA_2005",2019-08-01,30.5,"CA"
"CR_OTTO","2","OTTO_CR_2016",2019-08-01,31.5,"CA"
"CUBA_DENNIS","3","DENNIS_CUBA_2005",2019-08-01,34.1,"C"
"CUBA_GUSTAV","3","GUSTAV_CUBA_2008",2019-08-01,32.8,"C"
"CUBA_IAN","3","IAN_CUBA_2022",2019-08-01,32.9,"C"
"CUBA_MICHELLE","3","MICHELLE_CUBA_2001",2019-08-01,34,"C"
"CUBA_PALOMA","3","PALOMA_CUBA_2008",2019-08-01,33.9,"C"
"CUBA_SANDY","3","SANDY_CUBA_2012",2019-08-01,34.6,"C"
"DEAN_QROO_MX","5","DEAN_QROO_MX_2007",2019-08-01,35.1,"SG"
"FL_US_CHARLEY","1","CHARLEY_2004",2019-08-01,34.1,"FP"
"FL_US_FRANCES","1","FRANCES_US_FL_2004",2019-08-01,34,"FP"
"FL_US_IAN","1","IAN_US_FL_2022",2019-08-01,34.3,"FP"
"FL_US_IRMA","1","IRMA_US_FL_2017",2019-08-01,34.1,"FP"
"FL_US_JEANNE","1","JEANNE_US_FL_2004",2019-08-01,34,"FP"
"FL_US_MICHAEL","4","MICHAEL_US_FL_2018",2019-08-01,34.2,"SUS"
"FL_US_WILMA","1","WILMA_US_FL_2005",2019-08-01,33.8,"FP"
"LA_US_GUSTAV","4","GUSTAV_US_LA_2008",2019-08-01,34.1,"SUS"
"LA_US_IDA","4","IDA_US_LA_2009",2019-08-01,34.3,"SUS"
"LA_US_KATRINA","4","KATRINA_US_LA_2005",2019-08-01,34.7,"SUS"
"LA_US_LAURA","4","LAURA_US_LA_2020",2019-08-01,35.4,"SUS"
"LA_US_ZETA","4","ZETA_US_LA_2020",2019-08-01,34.4,"SUS"
"MX_ERNESTO","5","ERNESTO_MX_2012",2019-08-01,35,"SG"
"MX_GRACE","3","GRACE_MX_2021",2019-08-01,36,"C"
"MX_TAMPS_EMILY","6","EMILY_TAMPS_MX_2005",2019-08-01,39.1,"WG"
"NC_US_ISABEL","4","ISABEL_US_NC_2003",2019-08-01,32,"SUS"
"NIC_ETA","2","ETA_NIC_2020",2019-08-01,30.9,"CA"
"NIC_FELIX","2","FELIX_NIC_2007",2019-08-01,31,"CA"
"NIC_IOTA","2","IOTA_NIC_2020",2019-08-01,30.9,"CA"
"PR_USA_MARIA","3","MARIA_US_PR_2017",2019-08-01,33.5,"C"
"QROO_WILMA","3","WILMA_QROO_2005",2019-08-01,34.6,"C"
"TX_US_HARVEY","6","HARVEY_US_TX_2017",2019-08-01,37.6,"WG"
"TX_US_IKE","4","IKE_US_TX_2008",2019-08-01,36.8,"SUS"
"TX_US_RITA","4","RITA_US_TX_2005",2019-08-01,35.6,"SUS"
"US_FL_DELTA","4","DELTA_US_LA_2020",2019-08-01,34.7,"SUS"
"US_FL_DENNIS","4","DENNIS_US_FL_2005",2019-08-01,35,"SUS"
"VER_MX_KARL","5","KARL_MX_VER_2010",2019-08-01,35.1,"SG"
"YUC_DELTA","5","DELTA_YUCATAN_MX_2020",2019-08-01,35.1,"SG"
"YUC_MX_EMILY","5","EMILY_MX_YUC_2005",2019-08-01,35.4,"SG"
"YUC_MX_ISIDORE","5","ISIDORE_MX_YUC_2002",2019-08-01,34.7,"SG"
"AL_US_IVAN","4","IVAN_US_AL_2004",2019-09-01,35.6,"SUS"
"AL_US_SALLY","4","SALLY_US_AL_2020",2019-09-01,34.9,"SUS"
"ALEX","6","ALEX_2010",2019-09-01,35.6,"WG"
"BELICE_RICHARD","3","RICHARD_BELICE_2010",2019-09-01,33.6,"C"
"BELIZE_IRIS","2","IRIS_BELIZE_2001",2019-09-01,33.7,"CA"
"BETA","2","BETA_2005",2019-09-01,31.2,"CA"
"CR_OTTO","2","OTTO_CR_2016",2019-09-01,31.4,"CA"
"CUBA_DENNIS","3","DENNIS_CUBA_2005",2019-09-01,34,"C"
"CUBA_GUSTAV","3","GUSTAV_CUBA_2008",2019-09-01,32.4,"C"
"CUBA_IAN","3","IAN_CUBA_2022",2019-09-01,32.6,"C"
"CUBA_MICHELLE","3","MICHELLE_CUBA_2001",2019-09-01,33.9,"C"
"CUBA_PALOMA","3","PALOMA_CUBA_2008",2019-09-01,33.4,"C"
"CUBA_SANDY","3","SANDY_CUBA_2012",2019-09-01,33.9,"C"
"DEAN_QROO_MX","5","DEAN_QROO_MX_2007",2019-09-01,33.6,"SG"
"FL_US_CHARLEY","1","CHARLEY_2004",2019-09-01,34.2,"FP"
"FL_US_FRANCES","1","FRANCES_US_FL_2004",2019-09-01,34,"FP"
"FL_US_IAN","1","IAN_US_FL_2022",2019-09-01,34.3,"FP"
"FL_US_IRMA","1","IRMA_US_FL_2017",2019-09-01,34.2,"FP"
"FL_US_JEANNE","1","JEANNE_US_FL_2004",2019-09-01,34,"FP"
"FL_US_MICHAEL","4","MICHAEL_US_FL_2018",2019-09-01,35.1,"SUS"
"FL_US_WILMA","1","WILMA_US_FL_2005",2019-09-01,33.9,"FP"
"LA_US_GUSTAV","4","GUSTAV_US_LA_2008",2019-09-01,33.8,"SUS"
"LA_US_IDA","4","IDA_US_LA_2009",2019-09-01,34.1,"SUS"
"LA_US_KATRINA","4","KATRINA_US_LA_2005",2019-09-01,35.5,"SUS"
"LA_US_LAURA","4","LAURA_US_LA_2020",2019-09-01,34.7,"SUS"
"LA_US_ZETA","4","ZETA_US_LA_2020",2019-09-01,34,"SUS"
"MX_ERNESTO","5","ERNESTO_MX_2012",2019-09-01,33.5,"SG"
"MX_GRACE","3","GRACE_MX_2021",2019-09-01,34.2,"C"
"MX_TAMPS_EMILY","6","EMILY_TAMPS_MX_2005",2019-09-01,35.5,"WG"
"NC_US_ISABEL","4","ISABEL_US_NC_2003",2019-09-01,30.8,"SUS"
"NIC_ETA","2","ETA_NIC_2020",2019-09-01,31.6,"CA"
"NIC_FELIX","2","FELIX_NIC_2007",2019-09-01,31.7,"CA"
"NIC_IOTA","2","IOTA_NIC_2020",2019-09-01,31.6,"CA"
"PR_USA_MARIA","3","MARIA_US_PR_2017",2019-09-01,33.6,"C"
"QROO_WILMA","3","WILMA_QROO_2005",2019-09-01,33.7,"C"
"TX_US_HARVEY","6","HARVEY_US_TX_2017",2019-09-01,36.2,"WG"
"TX_US_IKE","4","IKE_US_TX_2008",2019-09-01,35,"SUS"
"TX_US_RITA","4","RITA_US_TX_2005",2019-09-01,34.6,"SUS"
"US_FL_DELTA","4","DELTA_US_LA_2020",2019-09-01,34,"SUS"
"US_FL_DENNIS","4","DENNIS_US_FL_2005",2019-09-01,35.6,"SUS"
"VER_MX_KARL","5","KARL_MX_VER_2010",2019-09-01,33.5,"SG"
"YUC_DELTA","5","DELTA_YUCATAN_MX_2020",2019-09-01,34.1,"SG"
"YUC_MX_EMILY","5","EMILY_MX_YUC_2005",2019-09-01,34.7,"SG"
"YUC_MX_ISIDORE","5","ISIDORE_MX_YUC_2002",2019-09-01,34,"SG"
"AL_US_IVAN","4","IVAN_US_AL_2004",2019-10-01,30.1,"SUS"
"AL_US_SALLY","4","SALLY_US_AL_2020",2019-10-01,30.2,"SUS"
"ALEX","6","ALEX_2010",2019-10-01,32.7,"WG"
"BELICE_RICHARD","3","RICHARD_BELICE_2010",2019-10-01,32.8,"C"
"BELIZE_IRIS","2","IRIS_BELIZE_2001",2019-10-01,32.4,"CA"
"BETA","2","BETA_2005",2019-10-01,30.6,"CA"
"CR_OTTO","2","OTTO_CR_2016",2019-10-01,30.9,"CA"
"CUBA_DENNIS","3","DENNIS_CUBA_2005",2019-10-01,32.9,"C"
"CUBA_GUSTAV","3","GUSTAV_CUBA_2008",2019-10-01,31.9,"C"
"CUBA_IAN","3","IAN_CUBA_2022",2019-10-01,32,"C"
"CUBA_MICHELLE","3","MICHELLE_CUBA_2001",2019-10-01,32.9,"C"
"CUBA_PALOMA","3","PALOMA_CUBA_2008",2019-10-01,32.1,"C"
"CUBA_SANDY","3","SANDY_CUBA_2012",2019-10-01,32.7,"C"
"DEAN_QROO_MX","5","DEAN_QROO_MX_2007",2019-10-01,32.9,"SG"
"FL_US_CHARLEY","1","CHARLEY_2004",2019-10-01,33.6,"FP"
"FL_US_FRANCES","1","FRANCES_US_FL_2004",2019-10-01,33.4,"FP"
"FL_US_IAN","1","IAN_US_FL_2022",2019-10-01,33.8,"FP"
"FL_US_IRMA","1","IRMA_US_FL_2017",2019-10-01,34,"FP"
"FL_US_JEANNE","1","JEANNE_US_FL_2004",2019-10-01,33.4,"FP"
"FL_US_MICHAEL","4","MICHAEL_US_FL_2018",2019-10-01,31.2,"SUS"
"FL_US_WILMA","1","WILMA_US_FL_2005",2019-10-01,33.4,"FP"
"LA_US_GUSTAV","4","GUSTAV_US_LA_2008",2019-10-01,29.4,"SUS"
"LA_US_IDA","4","IDA_US_LA_2009",2019-10-01,29.4,"SUS"
"LA_US_KATRINA","4","KATRINA_US_LA_2005",2019-10-01,30.1,"SUS"
"LA_US_LAURA","4","LAURA_US_LA_2020",2019-10-01,28.5,"SUS"
"LA_US_ZETA","4","ZETA_US_LA_2020",2019-10-01,29.5,"SUS"
"MX_ERNESTO","5","ERNESTO_MX_2012",2019-10-01,32.9,"SG"
"MX_GRACE","3","GRACE_MX_2021",2019-10-01,32,"C"
"MX_TAMPS_EMILY","6","EMILY_TAMPS_MX_2005",2019-10-01,32.2,"WG"
"NC_US_ISABEL","4","ISABEL_US_NC_2003",2019-10-01,26.3,"SUS"
"NIC_ETA","2","ETA_NIC_2020",2019-10-01,30.9,"CA"
"NIC_FELIX","2","FELIX_NIC_2007",2019-10-01,30.9,"CA"
"NIC_IOTA","2","IOTA_NIC_2020",2019-10-01,30.9,"CA"
"PR_USA_MARIA","3","MARIA_US_PR_2017",2019-10-01,33.2,"C"
"QROO_WILMA","3","WILMA_QROO_2005",2019-10-01,33.1,"C"
"TX_US_HARVEY","6","HARVEY_US_TX_2017",2019-10-01,30.7,"WG"
"TX_US_IKE","4","IKE_US_TX_2008",2019-10-01,28.4,"SUS"
"TX_US_RITA","4","RITA_US_TX_2005",2019-10-01,28.8,"SUS"
"US_FL_DELTA","4","DELTA_US_LA_2020",2019-10-01,29,"SUS"
"US_FL_DENNIS","4","DENNIS_US_FL_2005",2019-10-01,30.2,"SUS"
"VER_MX_KARL","5","KARL_MX_VER_2010",2019-10-01,32.6,"SG"
"YUC_DELTA","5","DELTA_YUCATAN_MX_2020",2019-10-01,33.5,"SG"
"YUC_MX_EMILY","5","EMILY_MX_YUC_2005",2019-10-01,33.9,"SG"
"YUC_MX_ISIDORE","5","ISIDORE_MX_YUC_2002",2019-10-01,33.2,"SG"
"AL_US_IVAN","4","IVAN_US_AL_2004",2019-11-01,20.2,"SUS"
"AL_US_SALLY","4","SALLY_US_AL_2020",2019-11-01,20.2,"SUS"
"ALEX","6","ALEX_2010",2019-11-01,27.3,"WG"
"BELICE_RICHARD","3","RICHARD_BELICE_2010",2019-11-01,30.8,"C"
"BELIZE_IRIS","2","IRIS_BELIZE_2001",2019-11-01,30.2,"CA"
"BETA","2","BETA_2005",2019-11-01,30,"CA"
"CR_OTTO","2","OTTO_CR_2016",2019-11-01,30.6,"CA"
"CUBA_DENNIS","3","DENNIS_CUBA_2005",2019-11-01,30.7,"C"
"CUBA_GUSTAV","3","GUSTAV_CUBA_2008",2019-11-01,29.9,"C"
"CUBA_IAN","3","IAN_CUBA_2022",2019-11-01,29.5,"C"
"CUBA_MICHELLE","3","MICHELLE_CUBA_2001",2019-11-01,30.7,"C"
"CUBA_PALOMA","3","PALOMA_CUBA_2008",2019-11-01,31.4,"C"
"CUBA_SANDY","3","SANDY_CUBA_2012",2019-11-01,31.9,"C"
"DEAN_QROO_MX","5","DEAN_QROO_MX_2007",2019-11-01,31,"SG"
"FL_US_CHARLEY","1","CHARLEY_2004",2019-11-01,28.6,"FP"
"FL_US_FRANCES","1","FRANCES_US_FL_2004",2019-11-01,28.1,"FP"
"FL_US_IAN","1","IAN_US_FL_2022",2019-11-01,28.9,"FP"
"FL_US_IRMA","1","IRMA_US_FL_2017",2019-11-01,29.4,"FP"
"FL_US_JEANNE","1","JEANNE_US_FL_2004",2019-11-01,28.2,"FP"
"FL_US_MICHAEL","4","MICHAEL_US_FL_2018",2019-11-01,21.8,"SUS"
"FL_US_WILMA","1","WILMA_US_FL_2005",2019-11-01,29.3,"FP"
"LA_US_GUSTAV","4","GUSTAV_US_LA_2008",2019-11-01,20.9,"SUS"
"LA_US_IDA","4","IDA_US_LA_2009",2019-11-01,20.9,"SUS"
"LA_US_KATRINA","4","KATRINA_US_LA_2005",2019-11-01,21.4,"SUS"
"LA_US_LAURA","4","LAURA_US_LA_2020",2019-11-01,20.4,"SUS"
"LA_US_ZETA","4","ZETA_US_LA_2020",2019-11-01,20.6,"SUS"
"MX_ERNESTO","5","ERNESTO_MX_2012",2019-11-01,31,"SG"
"MX_GRACE","3","GRACE_MX_2021",2019-11-01,27.9,"C"
"MX_TAMPS_EMILY","6","EMILY_TAMPS_MX_2005",2019-11-01,26,"WG"
"NC_US_ISABEL","4","ISABEL_US_NC_2003",2019-11-01,17.6,"SUS"
"NIC_ETA","2","ETA_NIC_2020",2019-11-01,30.2,"CA"
"NIC_FELIX","2","FELIX_NIC_2007",2019-11-01,30.2,"CA"
"NIC_IOTA","2","IOTA_NIC_2020",2019-11-01,30.2,"CA"
"PR_USA_MARIA","3","MARIA_US_PR_2017",2019-11-01,32.4,"C"
"QROO_WILMA","3","WILMA_QROO_2005",2019-11-01,30.9,"C"
"TX_US_HARVEY","6","HARVEY_US_TX_2017",2019-11-01,23,"WG"
"TX_US_IKE","4","IKE_US_TX_2008",2019-11-01,21.2,"SUS"
"TX_US_RITA","4","RITA_US_TX_2005",2019-11-01,21.1,"SUS"
"US_FL_DELTA","4","DELTA_US_LA_2020",2019-11-01,20.2,"SUS"
"US_FL_DENNIS","4","DENNIS_US_FL_2005",2019-11-01,20.3,"SUS"
"VER_MX_KARL","5","KARL_MX_VER_2010",2019-11-01,29.9,"SG"
"YUC_DELTA","5","DELTA_YUCATAN_MX_2020",2019-11-01,31.1,"SG"
"YUC_MX_EMILY","5","EMILY_MX_YUC_2005",2019-11-01,31.8,"SG"
"YUC_MX_ISIDORE","5","ISIDORE_MX_YUC_2002",2019-11-01,31.1,"SG"
"AL_US_IVAN","4","IVAN_US_AL_2004",2019-12-01,19.8,"SUS"
"AL_US_SALLY","4","SALLY_US_AL_2020",2019-12-01,20,"SUS"
"ALEX","6","ALEX_2010",2019-12-01,26,"WG"
"BELICE_RICHARD","3","RICHARD_BELICE_2010",2019-12-01,30,"C"
"BELIZE_IRIS","2","IRIS_BELIZE_2001",2019-12-01,29.3,"CA"
"BETA","2","BETA_2005",2019-12-01,29.4,"CA"
"CR_OTTO","2","OTTO_CR_2016",2019-12-01,31,"CA"
"CUBA_DENNIS","3","DENNIS_CUBA_2005",2019-12-01,30.3,"C"
"CUBA_GUSTAV","3","GUSTAV_CUBA_2008",2019-12-01,28.7,"C"
"CUBA_IAN","3","IAN_CUBA_2022",2019-12-01,28.5,"C"
"CUBA_MICHELLE","3","MICHELLE_CUBA_2001",2019-12-01,30.2,"C"
"CUBA_PALOMA","3","PALOMA_CUBA_2008",2019-12-01,30.7,"C"
"CUBA_SANDY","3","SANDY_CUBA_2012",2019-12-01,31.7,"C"
"DEAN_QROO_MX","5","DEAN_QROO_MX_2007",2019-12-01,29.8,"SG"
"FL_US_CHARLEY","1","CHARLEY_2004",2019-12-01,27.3,"FP"
"FL_US_FRANCES","1","FRANCES_US_FL_2004",2019-12-01,27.4,"FP"
"FL_US_IAN","1","IAN_US_FL_2022",2019-12-01,27.7,"FP"
"FL_US_IRMA","1","IRMA_US_FL_2017",2019-12-01,28.2,"FP"
"FL_US_JEANNE","1","JEANNE_US_FL_2004",2019-12-01,27.3,"FP"
"FL_US_MICHAEL","4","MICHAEL_US_FL_2018",2019-12-01,21.1,"SUS"
"FL_US_WILMA","1","WILMA_US_FL_2005",2019-12-01,27.9,"FP"
"LA_US_GUSTAV","4","GUSTAV_US_LA_2008",2019-12-01,20.4,"SUS"
"LA_US_IDA","4","IDA_US_LA_2009",2019-12-01,20.4,"SUS"
"LA_US_KATRINA","4","KATRINA_US_LA_2005",2019-12-01,19.5,"SUS"
"LA_US_LAURA","4","LAURA_US_LA_2020",2019-12-01,19.5,"SUS"
"LA_US_ZETA","4","ZETA_US_LA_2020",2019-12-01,20.4,"SUS"
"MX_ERNESTO","5","ERNESTO_MX_2012",2019-12-01,29.8,"SG"
"MX_GRACE","3","GRACE_MX_2021",2019-12-01,25.6,"C"
"MX_TAMPS_EMILY","6","EMILY_TAMPS_MX_2005",2019-12-01,25,"WG"
"NC_US_ISABEL","4","ISABEL_US_NC_2003",2019-12-01,16.5,"SUS"
"NIC_ETA","2","ETA_NIC_2020",2019-12-01,29.2,"CA"
"NIC_FELIX","2","FELIX_NIC_2007",2019-12-01,29.6,"CA"
"NIC_IOTA","2","IOTA_NIC_2020",2019-12-01,29.3,"CA"
"PR_USA_MARIA","3","MARIA_US_PR_2017",2019-12-01,32.2,"C"
"QROO_WILMA","3","WILMA_QROO_2005",2019-12-01,29.8,"C"
"TX_US_HARVEY","6","HARVEY_US_TX_2017",2019-12-01,21.7,"WG"
"TX_US_IKE","4","IKE_US_TX_2008",2019-12-01,19.7,"SUS"
"TX_US_RITA","4","RITA_US_TX_2005",2019-12-01,19.7,"SUS"
"US_FL_DELTA","4","DELTA_US_LA_2020",2019-12-01,19.6,"SUS"
"US_FL_DENNIS","4","DENNIS_US_FL_2005",2019-12-01,20,"SUS"
"VER_MX_KARL","5","KARL_MX_VER_2010",2019-12-01,29.2,"SG"
"YUC_DELTA","5","DELTA_YUCATAN_MX_2020",2019-12-01,30.1,"SG"
"YUC_MX_EMILY","5","EMILY_MX_YUC_2005",2019-12-01,30.7,"SG"
"YUC_MX_ISIDORE","5","ISIDORE_MX_YUC_2002",2019-12-01,29.8,"SG"
"AL_US_IVAN","4","IVAN_US_AL_2004",2020-01-01,19.2,"SUS"
"AL_US_SALLY","4","SALLY_US_AL_2020",2020-01-01,19.2,"SUS"
"ALEX","6","ALEX_2010",2020-01-01,27.1,"WG"
"BELICE_RICHARD","3","RICHARD_BELICE_2010",2020-01-01,29.9,"C"
"BELIZE_IRIS","2","IRIS_BELIZE_2001",2020-01-01,29.5,"CA"
"BETA","2","BETA_2005",2020-01-01,29.5,"CA"
"CR_OTTO","2","OTTO_CR_2016",2020-01-01,32,"CA"
"CUBA_DENNIS","3","DENNIS_CUBA_2005",2020-01-01,30.1,"C"
"CUBA_GUSTAV","3","GUSTAV_CUBA_2008",2020-01-01,28.3,"C"
"CUBA_IAN","3","IAN_CUBA_2022",2020-01-01,27.9,"C"
"CUBA_MICHELLE","3","MICHELLE_CUBA_2001",2020-01-01,30,"C"
"CUBA_PALOMA","3","PALOMA_CUBA_2008",2020-01-01,29.8,"C"
"CUBA_SANDY","3","SANDY_CUBA_2012",2020-01-01,30.9,"C"
"DEAN_QROO_MX","5","DEAN_QROO_MX_2007",2020-01-01,30.3,"SG"
"FL_US_CHARLEY","1","CHARLEY_2004",2020-01-01,25.9,"FP"
"FL_US_FRANCES","1","FRANCES_US_FL_2004",2020-01-01,26.2,"FP"
"FL_US_IAN","1","IAN_US_FL_2022",2020-01-01,26.4,"FP"
"FL_US_IRMA","1","IRMA_US_FL_2017",2020-01-01,26.9,"FP"
"FL_US_JEANNE","1","JEANNE_US_FL_2004",2020-01-01,26.2,"FP"
"FL_US_MICHAEL","4","MICHAEL_US_FL_2018",2020-01-01,20.4,"SUS"
"FL_US_WILMA","1","WILMA_US_FL_2005",2020-01-01,27,"FP"
"LA_US_GUSTAV","4","GUSTAV_US_LA_2008",2020-01-01,20.2,"SUS"
"LA_US_IDA","4","IDA_US_LA_2009",2020-01-01,20.3,"SUS"
"LA_US_KATRINA","4","KATRINA_US_LA_2005",2020-01-01,20.3,"SUS"
"LA_US_LAURA","4","LAURA_US_LA_2020",2020-01-01,19.7,"SUS"
"LA_US_ZETA","4","ZETA_US_LA_2020",2020-01-01,20.3,"SUS"
"MX_ERNESTO","5","ERNESTO_MX_2012",2020-01-01,30.2,"SG"
"MX_GRACE","3","GRACE_MX_2021",2020-01-01,26.4,"C"
"MX_TAMPS_EMILY","6","EMILY_TAMPS_MX_2005",2020-01-01,25.9,"WG"
"NC_US_ISABEL","4","ISABEL_US_NC_2003",2020-01-01,16.4,"SUS"
"NIC_ETA","2","ETA_NIC_2020",2020-01-01,29.6,"CA"
"NIC_FELIX","2","FELIX_NIC_2007",2020-01-01,29.8,"CA"
"NIC_IOTA","2","IOTA_NIC_2020",2020-01-01,29.7,"CA"
"PR_USA_MARIA","3","MARIA_US_PR_2017",2020-01-01,31.3,"C"
"QROO_WILMA","3","WILMA_QROO_2005",2020-01-01,29.8,"C"
"TX_US_HARVEY","6","HARVEY_US_TX_2017",2020-01-01,22.6,"WG"
"TX_US_IKE","4","IKE_US_TX_2008",2020-01-01,20.5,"SUS"
"TX_US_RITA","4","RITA_US_TX_2005",2020-01-01,20.2,"SUS"
"US_FL_DELTA","4","DELTA_US_LA_2020",2020-01-01,19.5,"SUS"
"US_FL_DENNIS","4","DENNIS_US_FL_2005",2020-01-01,19.2,"SUS"
"VER_MX_KARL","5","KARL_MX_VER_2010",2020-01-01,29.5,"SG"
"YUC_DELTA","5","DELTA_YUCATAN_MX_2020",2020-01-01,30.6,"SG"
"YUC_MX_EMILY","5","EMILY_MX_YUC_2005",2020-01-01,31.4,"SG"
"YUC_MX_ISIDORE","5","ISIDORE_MX_YUC_2002",2020-01-01,30.6,"SG"
"AL_US_IVAN","4","IVAN_US_AL_2004",2020-02-01,20.1,"SUS"
"AL_US_SALLY","4","SALLY_US_AL_2020",2020-02-01,20.4,"SUS"
"ALEX","6","ALEX_2010",2020-02-01,26.9,"WG"
"BELICE_RICHARD","3","RICHARD_BELICE_2010",2020-02-01,31.4,"C"
"BELIZE_IRIS","2","IRIS_BELIZE_2001",2020-02-01,31.3,"CA"
"BETA","2","BETA_2005",2020-02-01,30.7,"CA"
"CR_OTTO","2","OTTO_CR_2016",2020-02-01,32.6,"CA"
"CUBA_DENNIS","3","DENNIS_CUBA_2005",2020-02-01,31.6,"C"
"CUBA_GUSTAV","3","GUSTAV_CUBA_2008",2020-02-01,29.6,"C"
"CUBA_IAN","3","IAN_CUBA_2022",2020-02-01,29.4,"C"
"CUBA_MICHELLE","3","MICHELLE_CUBA_2001",2020-02-01,31.5,"C"
"CUBA_PALOMA","3","PALOMA_CUBA_2008",2020-02-01,30.8,"C"
"CUBA_SANDY","3","SANDY_CUBA_2012",2020-02-01,31.6,"C"
"DEAN_QROO_MX","5","DEAN_QROO_MX_2007",2020-02-01,32,"SG"
"FL_US_CHARLEY","1","CHARLEY_2004",2020-02-01,26.9,"FP"
"FL_US_FRANCES","1","FRANCES_US_FL_2004",2020-02-01,27.1,"FP"
"FL_US_IAN","1","IAN_US_FL_2022",2020-02-01,27.2,"FP"
"FL_US_IRMA","1","IRMA_US_FL_2017",2020-02-01,27.4,"FP"
"FL_US_JEANNE","1","JEANNE_US_FL_2004",2020-02-01,27.1,"FP"
"FL_US_MICHAEL","4","MICHAEL_US_FL_2018",2020-02-01,20.9,"SUS"
"FL_US_WILMA","1","WILMA_US_FL_2005",2020-02-01,27.7,"FP"
"LA_US_GUSTAV","4","GUSTAV_US_LA_2008",2020-02-01,20.4,"SUS"
"LA_US_IDA","4","IDA_US_LA_2009",2020-02-01,20.4,"SUS"
"LA_US_KATRINA","4","KATRINA_US_LA_2005",2020-02-01,20,"SUS"
"LA_US_LAURA","4","LAURA_US_LA_2020",2020-02-01,19.6,"SUS"
"LA_US_ZETA","4","ZETA_US_LA_2020",2020-02-01,20.4,"SUS"
"MX_ERNESTO","5","ERNESTO_MX_2012",2020-02-01,31.8,"SG"
"MX_GRACE","3","GRACE_MX_2021",2020-02-01,26.5,"C"
"MX_TAMPS_EMILY","6","EMILY_TAMPS_MX_2005",2020-02-01,25.3,"WG"
"NC_US_ISABEL","4","ISABEL_US_NC_2003",2020-02-01,16.7,"SUS"
"NIC_ETA","2","ETA_NIC_2020",2020-02-01,31,"CA"
"NIC_FELIX","2","FELIX_NIC_2007",2020-02-01,30.4,"CA"
"NIC_IOTA","2","IOTA_NIC_2020",2020-02-01,31.2,"CA"
"PR_USA_MARIA","3","MARIA_US_PR_2017",2020-02-01,31.5,"C"
"QROO_WILMA","3","WILMA_QROO_2005",2020-02-01,31,"C"
"TX_US_HARVEY","6","HARVEY_US_TX_2017",2020-02-01,21.2,"WG"
"TX_US_IKE","4","IKE_US_TX_2008",2020-02-01,19.7,"SUS"
"TX_US_RITA","4","RITA_US_TX_2005",2020-02-01,20.2,"SUS"
"US_FL_DELTA","4","DELTA_US_LA_2020",2020-02-01,19.7,"SUS"
"US_FL_DENNIS","4","DENNIS_US_FL_2005",2020-02-01,20.4,"SUS"
"VER_MX_KARL","5","KARL_MX_VER_2010",2020-02-01,30.4,"SG"
"YUC_DELTA","5","DELTA_YUCATAN_MX_2020",2020-02-01,32.2,"SG"
"YUC_MX_EMILY","5","EMILY_MX_YUC_2005",2020-02-01,32.8,"SG"
"YUC_MX_ISIDORE","5","ISIDORE_MX_YUC_2002",2020-02-01,32.2,"SG"
"AL_US_IVAN","4","IVAN_US_AL_2004",2020-03-01,27.1,"SUS"
"AL_US_SALLY","4","SALLY_US_AL_2020",2020-03-01,27,"SUS"
"ALEX","6","ALEX_2010",2020-03-01,32.8,"WG"
"BELICE_RICHARD","3","RICHARD_BELICE_2010",2020-03-01,31.7,"C"
"BELIZE_IRIS","2","IRIS_BELIZE_2001",2020-03-01,32,"CA"
"BETA","2","BETA_2005",2020-03-01,31,"CA"
"CR_OTTO","2","OTTO_CR_2016",2020-03-01,33.3,"CA"
"CUBA_DENNIS","3","DENNIS_CUBA_2005",2020-03-01,31.9,"C"
"CUBA_GUSTAV","3","GUSTAV_CUBA_2008",2020-03-01,30,"C"
"CUBA_IAN","3","IAN_CUBA_2022",2020-03-01,29.9,"C"
"CUBA_MICHELLE","3","MICHELLE_CUBA_2001",2020-03-01,31.7,"C"
"CUBA_PALOMA","3","PALOMA_CUBA_2008",2020-03-01,31.6,"C"
"CUBA_SANDY","3","SANDY_CUBA_2012",2020-03-01,31.6,"C"
"DEAN_QROO_MX","5","DEAN_QROO_MX_2007",2020-03-01,33.3,"SG"
"FL_US_CHARLEY","1","CHARLEY_2004",2020-03-01,30.6,"FP"
"FL_US_FRANCES","1","FRANCES_US_FL_2004",2020-03-01,30.5,"FP"
"FL_US_IAN","1","IAN_US_FL_2022",2020-03-01,30.7,"FP"
"FL_US_IRMA","1","IRMA_US_FL_2017",2020-03-01,30.7,"FP"
"FL_US_JEANNE","1","JEANNE_US_FL_2004",2020-03-01,30.5,"FP"
"FL_US_MICHAEL","4","MICHAEL_US_FL_2018",2020-03-01,27.2,"SUS"
"FL_US_WILMA","1","WILMA_US_FL_2005",2020-03-01,30.5,"FP"
"LA_US_GUSTAV","4","GUSTAV_US_LA_2008",2020-03-01,26.9,"SUS"
"LA_US_IDA","4","IDA_US_LA_2009",2020-03-01,27.3,"SUS"
"LA_US_KATRINA","4","KATRINA_US_LA_2005",2020-03-01,27.2,"SUS"
"LA_US_LAURA","4","LAURA_US_LA_2020",2020-03-01,26.7,"SUS"
"LA_US_ZETA","4","ZETA_US_LA_2020",2020-03-01,28.1,"SUS"
"MX_ERNESTO","5","ERNESTO_MX_2012",2020-03-01,33.3,"SG"
"MX_GRACE","3","GRACE_MX_2021",2020-03-01,30.6,"C"
"MX_TAMPS_EMILY","6","EMILY_TAMPS_MX_2005",2020-03-01,31.8,"WG"
"NC_US_ISABEL","4","ISABEL_US_NC_2003",2020-03-01,21.5,"SUS"
"NIC_ETA","2","ETA_NIC_2020",2020-03-01,31.7,"CA"
"NIC_FELIX","2","FELIX_NIC_2007",2020-03-01,30.9,"CA"
"NIC_IOTA","2","IOTA_NIC_2020",2020-03-01,31.8,"CA"
"PR_USA_MARIA","3","MARIA_US_PR_2017",2020-03-01,31.2,"C"
"QROO_WILMA","3","WILMA_QROO_2005",2020-03-01,32.1,"C"
"TX_US_HARVEY","6","HARVEY_US_TX_2017",2020-03-01,28.7,"WG"
"TX_US_IKE","4","IKE_US_TX_2008",2020-03-01,27,"SUS"
"TX_US_RITA","4","RITA_US_TX_2005",2020-03-01,27.1,"SUS"
"US_FL_DELTA","4","DELTA_US_LA_2020",2020-03-01,26.7,"SUS"
"US_FL_DENNIS","4","DENNIS_US_FL_2005",2020-03-01,27.1,"SUS"
"VER_MX_KARL","5","KARL_MX_VER_2010",2020-03-01,33.9,"SG"
"YUC_DELTA","5","DELTA_YUCATAN_MX_2020",2020-03-01,33.7,"SG"
"YUC_MX_EMILY","5","EMILY_MX_YUC_2005",2020-03-01,34.2,"SG"
"YUC_MX_ISIDORE","5","ISIDORE_MX_YUC_2002",2020-03-01,34.7,"SG"
"AL_US_IVAN","4","IVAN_US_AL_2004",2020-04-01,26.9,"SUS"
"AL_US_SALLY","4","SALLY_US_AL_2020",2020-04-01,27,"SUS"
"ALEX","6","ALEX_2010",2020-04-01,34.7,"WG"
"BELICE_RICHARD","3","RICHARD_BELICE_2010",2020-04-01,35.4,"C"
"BELIZE_IRIS","2","IRIS_BELIZE_2001",2020-04-01,36.6,"CA"
"BETA","2","BETA_2005",2020-04-01,32.2,"CA"
"CR_OTTO","2","OTTO_CR_2016",2020-04-01,33.6,"CA"
"CUBA_DENNIS","3","DENNIS_CUBA_2005",2020-04-01,34.8,"C"
"CUBA_GUSTAV","3","GUSTAV_CUBA_2008",2020-04-01,33.2,"C"
"CUBA_IAN","3","IAN_CUBA_2022",2020-04-01,32.8,"C"
"CUBA_MICHELLE","3","MICHELLE_CUBA_2001",2020-04-01,34.7,"C"
"CUBA_PALOMA","3","PALOMA_CUBA_2008",2020-04-01,33.8,"C"
"CUBA_SANDY","3","SANDY_CUBA_2012",2020-04-01,34,"C"
"DEAN_QROO_MX","5","DEAN_QROO_MX_2007",2020-04-01,35.9,"SG"
"FL_US_CHARLEY","1","CHARLEY_2004",2020-04-01,32.2,"FP"
"FL_US_FRANCES","1","FRANCES_US_FL_2004",2020-04-01,32.3,"FP"
"FL_US_IAN","1","IAN_US_FL_2022",2020-04-01,32.5,"FP"
"FL_US_IRMA","1","IRMA_US_FL_2017",2020-04-01,32.8,"FP"
"FL_US_JEANNE","1","JEANNE_US_FL_2004",2020-04-01,32.3,"FP"
"FL_US_MICHAEL","4","MICHAEL_US_FL_2018",2020-04-01,27.6,"SUS"
"FL_US_WILMA","1","WILMA_US_FL_2005",2020-04-01,32.7,"FP"
"LA_US_GUSTAV","4","GUSTAV_US_LA_2008",2020-04-01,27,"SUS"
"LA_US_IDA","4","IDA_US_LA_2009",2020-04-01,27.4,"SUS"
"LA_US_KATRINA","4","KATRINA_US_LA_2005",2020-04-01,26.8,"SUS"
"LA_US_LAURA","4","LAURA_US_LA_2020",2020-04-01,26.4,"SUS"
"LA_US_ZETA","4","ZETA_US_LA_2020",2020-04-01,27.9,"SUS"
"MX_ERNESTO","5","ERNESTO_MX_2012",2020-04-01,35.9,"SG"
"MX_GRACE","3","GRACE_MX_2021",2020-04-01,34.4,"C"
"MX_TAMPS_EMILY","6","EMILY_TAMPS_MX_2005",2020-04-01,33.2,"WG"
"NC_US_ISABEL","4","ISABEL_US_NC_2003",2020-04-01,22.8,"SUS"
"NIC_ETA","2","ETA_NIC_2020",2020-04-01,33.1,"CA"
"NIC_FELIX","2","FELIX_NIC_2007",2020-04-01,33,"CA"
"NIC_IOTA","2","IOTA_NIC_2020",2020-04-01,33.2,"CA"
"PR_USA_MARIA","3","MARIA_US_PR_2017",2020-04-01,32.4,"C"
"QROO_WILMA","3","WILMA_QROO_2005",2020-04-01,34.6,"C"
"TX_US_HARVEY","6","HARVEY_US_TX_2017",2020-04-01,29.1,"WG"
"TX_US_IKE","4","IKE_US_TX_2008",2020-04-01,27,"SUS"
"TX_US_RITA","4","RITA_US_TX_2005",2020-04-01,27.2,"SUS"
"US_FL_DELTA","4","DELTA_US_LA_2020",2020-04-01,26.4,"SUS"
"US_FL_DENNIS","4","DENNIS_US_FL_2005",2020-04-01,27,"SUS"
"VER_MX_KARL","5","KARL_MX_VER_2010",2020-04-01,37.1,"SG"
"YUC_DELTA","5","DELTA_YUCATAN_MX_2020",2020-04-01,36.4,"SG"
"YUC_MX_EMILY","5","EMILY_MX_YUC_2005",2020-04-01,36.8,"SG"
"YUC_MX_ISIDORE","5","ISIDORE_MX_YUC_2002",2020-04-01,37.7,"SG"
"AL_US_IVAN","4","IVAN_US_AL_2004",2020-05-01,29.7,"SUS"
"AL_US_SALLY","4","SALLY_US_AL_2020",2020-05-01,29.7,"SUS"
"ALEX","6","ALEX_2010",2020-05-01,36.6,"WG"
"BELICE_RICHARD","3","RICHARD_BELICE_2010",2020-05-01,33.9,"C"
"BELIZE_IRIS","2","IRIS_BELIZE_2001",2020-05-01,35,"CA"
"BETA","2","BETA_2005",2020-05-01,32.2,"CA"
"CR_OTTO","2","OTTO_CR_2016",2020-05-01,32.8,"CA"
"CUBA_DENNIS","3","DENNIS_CUBA_2005",2020-05-01,32.4,"C"
"CUBA_GUSTAV","3","GUSTAV_CUBA_2008",2020-05-01,31.6,"C"
"CUBA_IAN","3","IAN_CUBA_2022",2020-05-01,31.6,"C"
"CUBA_MICHELLE","3","MICHELLE_CUBA_2001",2020-05-01,32.3,"C"
"CUBA_PALOMA","3","PALOMA_CUBA_2008",2020-05-01,33.2,"C"
"CUBA_SANDY","3","SANDY_CUBA_2012",2020-05-01,33.3,"C"
"DEAN_QROO_MX","5","DEAN_QROO_MX_2007",2020-05-01,34.9,"SG"
"FL_US_CHARLEY","1","CHARLEY_2004",2020-05-01,32,"FP"
"FL_US_FRANCES","1","FRANCES_US_FL_2004",2020-05-01,31.8,"FP"
"FL_US_IAN","1","IAN_US_FL_2022",2020-05-01,32.1,"FP"
"FL_US_IRMA","1","IRMA_US_FL_2017",2020-05-01,32,"FP"
"FL_US_JEANNE","1","JEANNE_US_FL_2004",2020-05-01,31.8,"FP"
"FL_US_MICHAEL","4","MICHAEL_US_FL_2018",2020-05-01,30.1,"SUS"
"FL_US_WILMA","1","WILMA_US_FL_2005",2020-05-01,31.5,"FP"
"LA_US_GUSTAV","4","GUSTAV_US_LA_2008",2020-05-01,29.6,"SUS"
"LA_US_IDA","4","IDA_US_LA_2009",2020-05-01,29.8,"SUS"
"LA_US_KATRINA","4","KATRINA_US_LA_2005",2020-05-01,29.5,"SUS"
"LA_US_LAURA","4","LAURA_US_LA_2020",2020-05-01,29.4,"SUS"
"LA_US_ZETA","4","ZETA_US_LA_2020",2020-05-01,30,"SUS"
"MX_ERNESTO","5","ERNESTO_MX_2012",2020-05-01,34.9,"SG"
"MX_GRACE","3","GRACE_MX_2021",2020-05-01,34.6,"C"
"MX_TAMPS_EMILY","6","EMILY_TAMPS_MX_2005",2020-05-01,35.5,"WG"
"NC_US_ISABEL","4","ISABEL_US_NC_2003",2020-05-01,26,"SUS"
"NIC_ETA","2","ETA_NIC_2020",2020-05-01,32.6,"CA"
"NIC_FELIX","2","FELIX_NIC_2007",2020-05-01,32.7,"CA"
"NIC_IOTA","2","IOTA_NIC_2020",2020-05-01,32.6,"CA"
"PR_USA_MARIA","3","MARIA_US_PR_2017",2020-05-01,33.4,"C"
"QROO_WILMA","3","WILMA_QROO_2005",2020-05-01,33.6,"C"
"TX_US_HARVEY","6","HARVEY_US_TX_2017",2020-05-01,31.9,"WG"
"TX_US_IKE","4","IKE_US_TX_2008",2020-05-01,30.1,"SUS"
"TX_US_RITA","4","RITA_US_TX_2005",2020-05-01,30.2,"SUS"
"US_FL_DELTA","4","DELTA_US_LA_2020",2020-05-01,29.4,"SUS"
"US_FL_DENNIS","4","DENNIS_US_FL_2005",2020-05-01,29.7,"SUS"
"VER_MX_KARL","5","KARL_MX_VER_2010",2020-05-01,36.3,"SG"
"YUC_DELTA","5","DELTA_YUCATAN_MX_2020",2020-05-01,34.6,"SG"
"YUC_MX_EMILY","5","EMILY_MX_YUC_2005",2020-05-01,35.3,"SG"
"YUC_MX_ISIDORE","5","ISIDORE_MX_YUC_2002",2020-05-01,36.1,"SG"
"AL_US_IVAN","4","IVAN_US_AL_2004",2020-06-01,32.9,"SUS"
"AL_US_SALLY","4","SALLY_US_AL_2020",2020-06-01,32.4,"SUS"
"ALEX","6","ALEX_2010",2020-06-01,36.7,"WG"
"BELICE_RICHARD","3","RICHARD_BELICE_2010",2020-06-01,32.6,"C"
"BELIZE_IRIS","2","IRIS_BELIZE_2001",2020-06-01,33.2,"CA"
"BETA","2","BETA_2005",2020-06-01,30.3,"CA"
"CR_OTTO","2","OTTO_CR_2016",2020-06-01,31.3,"CA"
"CUBA_DENNIS","3","DENNIS_CUBA_2005",2020-06-01,33.1,"C"
"CUBA_GUSTAV","3","GUSTAV_CUBA_2008",2020-06-01,32.4,"C"
"CUBA_IAN","3","IAN_CUBA_2022",2020-06-01,32.3,"C"
"CUBA_MICHELLE","3","MICHELLE_CUBA_2001",2020-06-01,33.1,"C"
"CUBA_PALOMA","3","PALOMA_CUBA_2008",2020-06-01,33.4,"C"
"CUBA_SANDY","3","SANDY_CUBA_2012",2020-06-01,33.8,"C"
"DEAN_QROO_MX","5","DEAN_QROO_MX_2007",2020-06-01,32.8,"SG"
"FL_US_CHARLEY","1","CHARLEY_2004",2020-06-01,33.8,"FP"
"FL_US_FRANCES","1","FRANCES_US_FL_2004",2020-06-01,33.9,"FP"
"FL_US_IAN","1","IAN_US_FL_2022",2020-06-01,34.1,"FP"
"FL_US_IRMA","1","IRMA_US_FL_2017",2020-06-01,34,"FP"
"FL_US_JEANNE","1","JEANNE_US_FL_2004",2020-06-01,33.9,"FP"
"FL_US_MICHAEL","4","MICHAEL_US_FL_2018",2020-06-01,33.1,"SUS"
"FL_US_WILMA","1","WILMA_US_FL_2005",2020-06-01,33.5,"FP"
"LA_US_GUSTAV","4","GUSTAV_US_LA_2008",2020-06-01,32.3,"SUS"
"LA_US_IDA","4","IDA_US_LA_2009",2020-06-01,32.4,"SUS"
"LA_US_KATRINA","4","KATRINA_US_LA_2005",2020-06-01,32.6,"SUS"
"LA_US_LAURA","4","LAURA_US_LA_2020",2020-06-01,32.9,"SUS"
"LA_US_ZETA","4","ZETA_US_LA_2020",2020-06-01,32.4,"SUS"
"MX_ERNESTO","5","ERNESTO_MX_2012",2020-06-01,32.8,"SG"
"MX_GRACE","3","GRACE_MX_2021",2020-06-01,34.3,"C"
"MX_TAMPS_EMILY","6","EMILY_TAMPS_MX_2005",2020-06-01,35.6,"WG"
"NC_US_ISABEL","4","ISABEL_US_NC_2003",2020-06-01,30.4,"SUS"
"NIC_ETA","2","ETA_NIC_2020",2020-06-01,30.6,"CA"
"NIC_FELIX","2","FELIX_NIC_2007",2020-06-01,30.8,"CA"
"NIC_IOTA","2","IOTA_NIC_2020",2020-06-01,30.6,"CA"
"PR_USA_MARIA","3","MARIA_US_PR_2017",2020-06-01,33.3,"C"
"QROO_WILMA","3","WILMA_QROO_2005",2020-06-01,33.3,"C"
"TX_US_HARVEY","6","HARVEY_US_TX_2017",2020-06-01,33.8,"WG"
"TX_US_IKE","4","IKE_US_TX_2008",2020-06-01,33.1,"SUS"
"TX_US_RITA","4","RITA_US_TX_2005",2020-06-01,33.3,"SUS"
"US_FL_DELTA","4","DELTA_US_LA_2020",2020-06-01,33.1,"SUS"
"US_FL_DENNIS","4","DENNIS_US_FL_2005",2020-06-01,32.9,"SUS"
"VER_MX_KARL","5","KARL_MX_VER_2010",2020-06-01,34.8,"SG"
"YUC_DELTA","5","DELTA_YUCATAN_MX_2020",2020-06-01,33.6,"SG"
"YUC_MX_EMILY","5","EMILY_MX_YUC_2005",2020-06-01,33.7,"SG"
"YUC_MX_ISIDORE","5","ISIDORE_MX_YUC_2002",2020-06-01,33.4,"SG"
"AL_US_IVAN","4","IVAN_US_AL_2004",2020-07-01,33.7,"SUS"
"AL_US_SALLY","4","SALLY_US_AL_2020",2020-07-01,33.1,"SUS"
"ALEX","6","ALEX_2010",2020-07-01,38.2,"WG"
"BELICE_RICHARD","3","RICHARD_BELICE_2010",2020-07-01,32.8,"C"
"BELIZE_IRIS","2","IRIS_BELIZE_2001",2020-07-01,32.9,"CA"
"BETA","2","BETA_2005",2020-07-01,30.5,"CA"
"CR_OTTO","2","OTTO_CR_2016",2020-07-01,31.7,"CA"
"CUBA_DENNIS","3","DENNIS_CUBA_2005",2020-07-01,33.5,"C"
"CUBA_GUSTAV","3","GUSTAV_CUBA_2008",2020-07-01,32.5,"C"
"CUBA_IAN","3","IAN_CUBA_2022",2020-07-01,32.6,"C"
"CUBA_MICHELLE","3","MICHELLE_CUBA_2001",2020-07-01,33.5,"C"
"CUBA_PALOMA","3","PALOMA_CUBA_2008",2020-07-01,34.2,"C"
"CUBA_SANDY","3","SANDY_CUBA_2012",2020-07-01,34.4,"C"
"DEAN_QROO_MX","5","DEAN_QROO_MX_2007",2020-07-01,33.5,"SG"
"FL_US_CHARLEY","1","CHARLEY_2004",2020-07-01,34.6,"FP"
"FL_US_FRANCES","1","FRANCES_US_FL_2004",2020-07-01,34.6,"FP"
"FL_US_IAN","1","IAN_US_FL_2022",2020-07-01,34.9,"FP"
"FL_US_IRMA","1","IRMA_US_FL_2017",2020-07-01,34.8,"FP"
"FL_US_JEANNE","1","JEANNE_US_FL_2004",2020-07-01,34.6,"FP"
"FL_US_MICHAEL","4","MICHAEL_US_FL_2018",2020-07-01,34.2,"SUS"
"FL_US_WILMA","1","WILMA_US_FL_2005",2020-07-01,34.3,"FP"
"LA_US_GUSTAV","4","GUSTAV_US_LA_2008",2020-07-01,33.3,"SUS"
"LA_US_IDA","4","IDA_US_LA_2009",2020-07-01,33.6,"SUS"
"LA_US_KATRINA","4","KATRINA_US_LA_2005",2020-07-01,33.6,"SUS"
"LA_US_LAURA","4","LAURA_US_LA_2020",2020-07-01,34.3,"SUS"
"LA_US_ZETA","4","ZETA_US_LA_2020",2020-07-01,33.5,"SUS"
"MX_ERNESTO","5","ERNESTO_MX_2012",2020-07-01,33.4,"SG"
"MX_GRACE","3","GRACE_MX_2021",2020-07-01,35,"C"
"MX_TAMPS_EMILY","6","EMILY_TAMPS_MX_2005",2020-07-01,37.4,"WG"
"NC_US_ISABEL","4","ISABEL_US_NC_2003",2020-07-01,33.8,"SUS"
"NIC_ETA","2","ETA_NIC_2020",2020-07-01,31,"CA"
"NIC_FELIX","2","FELIX_NIC_2007",2020-07-01,31,"CA"
"NIC_IOTA","2","IOTA_NIC_2020",2020-07-01,31.1,"CA"
"PR_USA_MARIA","3","MARIA_US_PR_2017",2020-07-01,33.4,"C"
"QROO_WILMA","3","WILMA_QROO_2005",2020-07-01,34.3,"C"
"TX_US_HARVEY","6","HARVEY_US_TX_2017",2020-07-01,36.2,"WG"
"TX_US_IKE","4","IKE_US_TX_2008",2020-07-01,35.2,"SUS"
"TX_US_RITA","4","RITA_US_TX_2005",2020-07-01,35.1,"SUS"
"US_FL_DELTA","4","DELTA_US_LA_2020",2020-07-01,34.1,"SUS"
"US_FL_DENNIS","4","DENNIS_US_FL_2005",2020-07-01,33.7,"SUS"
"VER_MX_KARL","5","KARL_MX_VER_2010",2020-07-01,34.6,"SG"
"YUC_DELTA","5","DELTA_YUCATAN_MX_2020",2020-07-01,34.4,"SG"
"YUC_MX_EMILY","5","EMILY_MX_YUC_2005",2020-07-01,34.5,"SG"
"YUC_MX_ISIDORE","5","ISIDORE_MX_YUC_2002",2020-07-01,34.3,"SG"
"AL_US_IVAN","4","IVAN_US_AL_2004",2020-08-01,34,"SUS"
"AL_US_SALLY","4","SALLY_US_AL_2020",2020-08-01,33.6,"SUS"
"ALEX","6","ALEX_2010",2020-08-01,37.7,"WG"
"BELICE_RICHARD","3","RICHARD_BELICE_2010",2020-08-01,33.1,"C"
"BELIZE_IRIS","2","IRIS_BELIZE_2001",2020-08-01,32.7,"CA"
"BETA","2","BETA_2005",2020-08-01,30.3,"CA"
"CR_OTTO","2","OTTO_CR_2016",2020-08-01,31.4,"CA"
"CUBA_DENNIS","3","DENNIS_CUBA_2005",2020-08-01,34.7,"C"
"CUBA_GUSTAV","3","GUSTAV_CUBA_2008",2020-08-01,33.3,"C"
"CUBA_IAN","3","IAN_CUBA_2022",2020-08-01,33.3,"C"
"CUBA_MICHELLE","3","MICHELLE_CUBA_2001",2020-08-01,34.6,"C"
"CUBA_PALOMA","3","PALOMA_CUBA_2008",2020-08-01,34.6,"C"
"CUBA_SANDY","3","SANDY_CUBA_2012",2020-08-01,35,"C"
"DEAN_QROO_MX","5","DEAN_QROO_MX_2007",2020-08-01,33.7,"SG"
"FL_US_CHARLEY","1","CHARLEY_2004",2020-08-01,34.6,"FP"
"FL_US_FRANCES","1","FRANCES_US_FL_2004",2020-08-01,34.8,"FP"
"FL_US_IAN","1","IAN_US_FL_2022",2020-08-01,35,"FP"
"FL_US_IRMA","1","IRMA_US_FL_2017",2020-08-01,35,"FP"
"FL_US_JEANNE","1","JEANNE_US_FL_2004",2020-08-01,34.8,"FP"
"FL_US_MICHAEL","4","MICHAEL_US_FL_2018",2020-08-01,34,"SUS"
"FL_US_WILMA","1","WILMA_US_FL_2005",2020-08-01,34.7,"FP"
"LA_US_GUSTAV","4","GUSTAV_US_LA_2008",2020-08-01,34,"SUS"
"LA_US_IDA","4","IDA_US_LA_2009",2020-08-01,33.9,"SUS"
"LA_US_KATRINA","4","KATRINA_US_LA_2005",2020-08-01,34,"SUS"
"LA_US_LAURA","4","LAURA_US_LA_2020",2020-08-01,34.8,"SUS"
"LA_US_ZETA","4","ZETA_US_LA_2020",2020-08-01,34,"SUS"
"MX_ERNESTO","5","ERNESTO_MX_2012",2020-08-01,33.6,"SG"
"MX_GRACE","3","GRACE_MX_2021",2020-08-01,34.3,"C"
"MX_TAMPS_EMILY","6","EMILY_TAMPS_MX_2005",2020-08-01,37.2,"WG"
"NC_US_ISABEL","4","ISABEL_US_NC_2003",2020-08-01,32.6,"SUS"
"NIC_ETA","2","ETA_NIC_2020",2020-08-01,30.8,"CA"
"NIC_FELIX","2","FELIX_NIC_2007",2020-08-01,31,"CA"
"NIC_IOTA","2","IOTA_NIC_2020",2020-08-01,30.8,"CA"
"PR_USA_MARIA","3","MARIA_US_PR_2017",2020-08-01,33.7,"C"
"QROO_WILMA","3","WILMA_QROO_2005",2020-08-01,34.2,"C"
"TX_US_HARVEY","6","HARVEY_US_TX_2017",2020-08-01,37.3,"WG"
"TX_US_IKE","4","IKE_US_TX_2008",2020-08-01,35.9,"SUS"
"TX_US_RITA","4","RITA_US_TX_2005",2020-08-01,35.3,"SUS"
"US_FL_DELTA","4","DELTA_US_LA_2020",2020-08-01,34.7,"SUS"
"US_FL_DENNIS","4","DENNIS_US_FL_2005",2020-08-01,34,"SUS"
"VER_MX_KARL","5","KARL_MX_VER_2010",2020-08-01,33.7,"SG"
"YUC_DELTA","5","DELTA_YUCATAN_MX_2020",2020-08-01,34.4,"SG"
"YUC_MX_EMILY","5","EMILY_MX_YUC_2005",2020-08-01,34.6,"SG"
"YUC_MX_ISIDORE","5","ISIDORE_MX_YUC_2002",2020-08-01,34.3,"SG"
"AL_US_IVAN","4","IVAN_US_AL_2004",2020-09-01,31.6,"SUS"
"AL_US_SALLY","4","SALLY_US_AL_2020",2020-09-01,31.3,"SUS"
"ALEX","6","ALEX_2010",2020-09-01,34.6,"WG"
"BELICE_RICHARD","3","RICHARD_BELICE_2010",2020-09-01,33,"C"
"BELIZE_IRIS","2","IRIS_BELIZE_2001",2020-09-01,32.5,"CA"
"BETA","2","BETA_2005",2020-09-01,31.3,"CA"
"CR_OTTO","2","OTTO_CR_2016",2020-09-01,31.4,"CA"
"CUBA_DENNIS","3","DENNIS_CUBA_2005",2020-09-01,33.6,"C"
"CUBA_GUSTAV","3","GUSTAV_CUBA_2008",2020-09-01,32.5,"C"
"CUBA_IAN","3","IAN_CUBA_2022",2020-09-01,32.8,"C"
"CUBA_MICHELLE","3","MICHELLE_CUBA_2001",2020-09-01,33.6,"C"
"CUBA_PALOMA","3","PALOMA_CUBA_2008",2020-09-01,33.6,"C"
"CUBA_SANDY","3","SANDY_CUBA_2012",2020-09-01,34.3,"C"
"DEAN_QROO_MX","5","DEAN_QROO_MX_2007",2020-09-01,33.5,"SG"
"FL_US_CHARLEY","1","CHARLEY_2004",2020-09-01,33.5,"FP"
"FL_US_FRANCES","1","FRANCES_US_FL_2004",2020-09-01,33.7,"FP"
"FL_US_IAN","1","IAN_US_FL_2022",2020-09-01,33.8,"FP"
"FL_US_IRMA","1","IRMA_US_FL_2017",2020-09-01,33.8,"FP"
"FL_US_JEANNE","1","JEANNE_US_FL_2004",2020-09-01,33.7,"FP"
"FL_US_MICHAEL","4","MICHAEL_US_FL_2018",2020-09-01,32,"SUS"
"FL_US_WILMA","1","WILMA_US_FL_2005",2020-09-01,33.5,"FP"
"LA_US_GUSTAV","4","GUSTAV_US_LA_2008",2020-09-01,31.9,"SUS"
"LA_US_IDA","4","IDA_US_LA_2009",2020-09-01,32,"SUS"
"LA_US_KATRINA","4","KATRINA_US_LA_2005",2020-09-01,31.7,"SUS"
"LA_US_LAURA","4","LAURA_US_LA_2020",2020-09-01,32.3,"SUS"
"LA_US_ZETA","4","ZETA_US_LA_2020",2020-09-01,31.8,"SUS"
"MX_ERNESTO","5","ERNESTO_MX_2012",2020-09-01,33.4,"SG"
"MX_GRACE","3","GRACE_MX_2021",2020-09-01,32.8,"C"
"MX_TAMPS_EMILY","6","EMILY_TAMPS_MX_2005",2020-09-01,33.9,"WG"
"NC_US_ISABEL","4","ISABEL_US_NC_2003",2020-09-01,29,"SUS"
"NIC_ETA","2","ETA_NIC_2020",2020-09-01,31.9,"CA"
"NIC_FELIX","2","FELIX_NIC_2007",2020-09-01,31.6,"CA"
"NIC_IOTA","2","IOTA_NIC_2020",2020-09-01,31.9,"CA"
"PR_USA_MARIA","3","MARIA_US_PR_2017",2020-09-01,33.3,"C"
"QROO_WILMA","3","WILMA_QROO_2005",2020-09-01,33.7,"C"
"TX_US_HARVEY","6","HARVEY_US_TX_2017",2020-09-01,33.3,"WG"
"TX_US_IKE","4","IKE_US_TX_2008",2020-09-01,33,"SUS"
"TX_US_RITA","4","RITA_US_TX_2005",2020-09-01,32.8,"SUS"
"US_FL_DELTA","4","DELTA_US_LA_2020",2020-09-01,32.3,"SUS"
"US_FL_DENNIS","4","DENNIS_US_FL_2005",2020-09-01,31.7,"SUS"
"VER_MX_KARL","5","KARL_MX_VER_2010",2020-09-01,33,"SG"
"YUC_DELTA","5","DELTA_YUCATAN_MX_2020",2020-09-01,33.9,"SG"
"YUC_MX_EMILY","5","EMILY_MX_YUC_2005",2020-09-01,34.2,"SG"
"YUC_MX_ISIDORE","5","ISIDORE_MX_YUC_2002",2020-09-01,34,"SG"
"AL_US_IVAN","4","IVAN_US_AL_2004",2020-10-01,28.9,"SUS"
"AL_US_SALLY","4","SALLY_US_AL_2020",2020-10-01,28.7,"SUS"
"ALEX","6","ALEX_2010",2020-10-01,33.4,"WG"
"BELICE_RICHARD","3","RICHARD_BELICE_2010",2020-10-01,32.2,"C"
"BELIZE_IRIS","2","IRIS_BELIZE_2001",2020-10-01,31.4,"CA"
"BETA","2","BETA_2005",2020-10-01,30.9,"CA"
"CR_OTTO","2","OTTO_CR_2016",2020-10-01,31,"CA"
"CUBA_DENNIS","3","DENNIS_CUBA_2005",2020-10-01,32.6,"C"
"CUBA_GUSTAV","3","GUSTAV_CUBA_2008",2020-10-01,31.6,"C"
"CUBA_IAN","3","IAN_CUBA_2022",2020-10-01,31.6,"C"
"CUBA_MICHELLE","3","MICHELLE_CUBA_2001",2020-10-01,32.6,"C"
"CUBA_PALOMA","3","PALOMA_CUBA_2008",2020-10-01,32.6,"C"
"CUBA_SANDY","3","SANDY_CUBA_2012",2020-10-01,33.2,"C"
"DEAN_QROO_MX","5","DEAN_QROO_MX_2007",2020-10-01,32.2,"SG"
"FL_US_CHARLEY","1","CHARLEY_2004",2020-10-01,32.8,"FP"
"FL_US_FRANCES","1","FRANCES_US_FL_2004",2020-10-01,32.4,"FP"
"FL_US_IAN","1","IAN_US_FL_2022",2020-10-01,32.9,"FP"
"FL_US_IRMA","1","IRMA_US_FL_2017",2020-10-01,32.9,"FP"
"FL_US_JEANNE","1","JEANNE_US_FL_2004",2020-10-01,32.4,"FP"
"FL_US_MICHAEL","4","MICHAEL_US_FL_2018",2020-10-01,29.9,"SUS"
"FL_US_WILMA","1","WILMA_US_FL_2005",2020-10-01,32.5,"FP"
"LA_US_GUSTAV","4","GUSTAV_US_LA_2008",2020-10-01,28.4,"SUS"
"LA_US_IDA","4","IDA_US_LA_2009",2020-10-01,28.4,"SUS"
"LA_US_KATRINA","4","KATRINA_US_LA_2005",2020-10-01,29.2,"SUS"
"LA_US_LAURA","4","LAURA_US_LA_2020",2020-10-01,28.1,"SUS"
"LA_US_ZETA","4","ZETA_US_LA_2020",2020-10-01,28.7,"SUS"
"MX_ERNESTO","5","ERNESTO_MX_2012",2020-10-01,32.2,"SG"
"MX_GRACE","3","GRACE_MX_2021",2020-10-01,31.3,"C"
"MX_TAMPS_EMILY","6","EMILY_TAMPS_MX_2005",2020-10-01,32.1,"WG"
"NC_US_ISABEL","4","ISABEL_US_NC_2003",2020-10-01,25.7,"SUS"
"NIC_ETA","2","ETA_NIC_2020",2020-10-01,31.3,"CA"
"NIC_FELIX","2","FELIX_NIC_2007",2020-10-01,31,"CA"
"NIC_IOTA","2","IOTA_NIC_2020",2020-10-01,31.3,"CA"
"PR_USA_MARIA","3","MARIA_US_PR_2017",2020-10-01,33.2,"C"
"QROO_WILMA","3","WILMA_QROO_2005",2020-10-01,32.1,"C"
"TX_US_HARVEY","6","HARVEY_US_TX_2017",2020-10-01,29.9,"WG"
"TX_US_IKE","4","IKE_US_TX_2008",2020-10-01,28.3,"SUS"
"TX_US_RITA","4","RITA_US_TX_2005",2020-10-01,28.6,"SUS"
"US_FL_DELTA","4","DELTA_US_LA_2020",2020-10-01,28.1,"SUS"
"US_FL_DENNIS","4","DENNIS_US_FL_2005",2020-10-01,28.9,"SUS"
"VER_MX_KARL","5","KARL_MX_VER_2010",2020-10-01,32.5,"SG"
"YUC_DELTA","5","DELTA_YUCATAN_MX_2020",2020-10-01,32.2,"SG"
"YUC_MX_EMILY","5","EMILY_MX_YUC_2005",2020-10-01,32.6,"SG"
"YUC_MX_ISIDORE","5","ISIDORE_MX_YUC_2002",2020-10-01,31.9,"SG"
"AL_US_IVAN","4","IVAN_US_AL_2004",2020-11-01,24.4,"SUS"
"AL_US_SALLY","4","SALLY_US_AL_2020",2020-11-01,24.6,"SUS"
"ALEX","6","ALEX_2010",2020-11-01,30.9,"WG"
"BELICE_RICHARD","3","RICHARD_BELICE_2010",2020-11-01,30.4,"C"
"BELIZE_IRIS","2","IRIS_BELIZE_2001",2020-11-01,30,"CA"
"BETA","2","BETA_2005",2020-11-01,29.9,"CA"
"CR_OTTO","2","OTTO_CR_2016",2020-11-01,30.8,"CA"
"CUBA_DENNIS","3","DENNIS_CUBA_2005",2020-11-01,30.8,"C"
"CUBA_GUSTAV","3","GUSTAV_CUBA_2008",2020-11-01,30.2,"C"
"CUBA_IAN","3","IAN_CUBA_2022",2020-11-01,30,"C"
"CUBA_MICHELLE","3","MICHELLE_CUBA_2001",2020-11-01,30.7,"C"
"CUBA_PALOMA","3","PALOMA_CUBA_2008",2020-11-01,31,"C"
"CUBA_SANDY","3","SANDY_CUBA_2012",2020-11-01,31.6,"C"
"DEAN_QROO_MX","5","DEAN_QROO_MX_2007",2020-11-01,30.9,"SG"
"FL_US_CHARLEY","1","CHARLEY_2004",2020-11-01,29.9,"FP"
"FL_US_FRANCES","1","FRANCES_US_FL_2004",2020-11-01,29.7,"FP"
"FL_US_IAN","1","IAN_US_FL_2022",2020-11-01,30.1,"FP"
"FL_US_IRMA","1","IRMA_US_FL_2017",2020-11-01,30.3,"FP"
"FL_US_JEANNE","1","JEANNE_US_FL_2004",2020-11-01,29.7,"FP"
"FL_US_MICHAEL","4","MICHAEL_US_FL_2018",2020-11-01,26.2,"SUS"
"FL_US_WILMA","1","WILMA_US_FL_2005",2020-11-01,30.1,"FP"
"LA_US_GUSTAV","4","GUSTAV_US_LA_2008",2020-11-01,25.3,"SUS"
"LA_US_IDA","4","IDA_US_LA_2009",2020-11-01,25.3,"SUS"
"LA_US_KATRINA","4","KATRINA_US_LA_2005",2020-11-01,25.6,"SUS"
"LA_US_LAURA","4","LAURA_US_LA_2020",2020-11-01,24.4,"SUS"
"LA_US_ZETA","4","ZETA_US_LA_2020",2020-11-01,25.1,"SUS"
"MX_ERNESTO","5","ERNESTO_MX_2012",2020-11-01,30.9,"SG"
"MX_GRACE","3","GRACE_MX_2021",2020-11-01,28.9,"C"
"MX_TAMPS_EMILY","6","EMILY_TAMPS_MX_2005",2020-11-01,29.7,"WG"
"NC_US_ISABEL","4","ISABEL_US_NC_2003",2020-11-01,21.4,"SUS"
"NIC_ETA","2","ETA_NIC_2020",2020-11-01,29.9,"CA"
"NIC_FELIX","2","FELIX_NIC_2007",2020-11-01,29.9,"CA"
"NIC_IOTA","2","IOTA_NIC_2020",2020-11-01,29.9,"CA"
"PR_USA_MARIA","3","MARIA_US_PR_2017",2020-11-01,31.8,"C"
"QROO_WILMA","3","WILMA_QROO_2005",2020-11-01,31.1,"C"
"TX_US_HARVEY","6","HARVEY_US_TX_2017",2020-11-01,27.1,"WG"
"TX_US_IKE","4","IKE_US_TX_2008",2020-11-01,25.6,"SUS"
"TX_US_RITA","4","RITA_US_TX_2005",2020-11-01,25,"SUS"
"US_FL_DELTA","4","DELTA_US_LA_2020",2020-11-01,24.6,"SUS"
"US_FL_DENNIS","4","DENNIS_US_FL_2005",2020-11-01,24.9,"SUS"
"VER_MX_KARL","5","KARL_MX_VER_2010",2020-11-01,31.1,"SG"
"YUC_DELTA","5","DELTA_YUCATAN_MX_2020",2020-11-01,31.4,"SG"
"YUC_MX_EMILY","5","EMILY_MX_YUC_2005",2020-11-01,31.9,"SG"
"YUC_MX_ISIDORE","5","ISIDORE_MX_YUC_2002",2020-11-01,31.5,"SG"
"AL_US_IVAN","4","IVAN_US_AL_2004",2020-12-01,17,"SUS"
"AL_US_SALLY","4","SALLY_US_AL_2020",2020-12-01,17,"SUS"
"ALEX","6","ALEX_2010",2020-12-01,25.6,"WG"
"BELICE_RICHARD","3","RICHARD_BELICE_2010",2020-12-01,29.1,"C"
"BELIZE_IRIS","2","IRIS_BELIZE_2001",2020-12-01,29,"CA"
"BETA","2","BETA_2005",2020-12-01,29.3,"CA"
"CR_OTTO","2","OTTO_CR_2016",2020-12-01,30.8,"CA"
"CUBA_DENNIS","3","DENNIS_CUBA_2005",2020-12-01,29.1,"C"
"CUBA_GUSTAV","3","GUSTAV_CUBA_2008",2020-12-01,27.4,"C"
"CUBA_IAN","3","IAN_CUBA_2022",2020-12-01,27.2,"C"
"CUBA_MICHELLE","3","MICHELLE_CUBA_2001",2020-12-01,29,"C"
"CUBA_PALOMA","3","PALOMA_CUBA_2008",2020-12-01,29.5,"C"
"CUBA_SANDY","3","SANDY_CUBA_2012",2020-12-01,30.6,"C"
"DEAN_QROO_MX","5","DEAN_QROO_MX_2007",2020-12-01,29.2,"SG"
"FL_US_CHARLEY","1","CHARLEY_2004",2020-12-01,24,"FP"
"FL_US_FRANCES","1","FRANCES_US_FL_2004",2020-12-01,24.1,"FP"
"FL_US_IAN","1","IAN_US_FL_2022",2020-12-01,24.2,"FP"
"FL_US_IRMA","1","IRMA_US_FL_2017",2020-12-01,24.8,"FP"
"FL_US_JEANNE","1","JEANNE_US_FL_2004",2020-12-01,24.2,"FP"
"FL_US_MICHAEL","4","MICHAEL_US_FL_2018",2020-12-01,18.2,"SUS"
"FL_US_WILMA","1","WILMA_US_FL_2005",2020-12-01,24.7,"FP"
"LA_US_GUSTAV","4","GUSTAV_US_LA_2008",2020-12-01,18.9,"SUS"
"LA_US_IDA","4","IDA_US_LA_2009",2020-12-01,18.9,"SUS"
"LA_US_KATRINA","4","KATRINA_US_LA_2005",2020-12-01,18.8,"SUS"
"LA_US_LAURA","4","LAURA_US_LA_2020",2020-12-01,18,"SUS"
"LA_US_ZETA","4","ZETA_US_LA_2020",2020-12-01,18.7,"SUS"
"MX_ERNESTO","5","ERNESTO_MX_2012",2020-12-01,29.2,"SG"
"MX_GRACE","3","GRACE_MX_2021",2020-12-01,24.5,"C"
"MX_TAMPS_EMILY","6","EMILY_TAMPS_MX_2005",2020-12-01,24.5,"WG"
"NC_US_ISABEL","4","ISABEL_US_NC_2003",2020-12-01,14.1,"SUS"
"NIC_ETA","2","ETA_NIC_2020",2020-12-01,29.2,"CA"
"NIC_FELIX","2","FELIX_NIC_2007",2020-12-01,29.4,"CA"
"NIC_IOTA","2","IOTA_NIC_2020",2020-12-01,29.3,"CA"
"PR_USA_MARIA","3","MARIA_US_PR_2017",2020-12-01,31.3,"C"
"QROO_WILMA","3","WILMA_QROO_2005",2020-12-01,29,"C"
"TX_US_HARVEY","6","HARVEY_US_TX_2017",2020-12-01,20.4,"WG"
"TX_US_IKE","4","IKE_US_TX_2008",2020-12-01,18.9,"SUS"
"TX_US_RITA","4","RITA_US_TX_2005",2020-12-01,18.6,"SUS"
"US_FL_DELTA","4","DELTA_US_LA_2020",2020-12-01,17.9,"SUS"
"US_FL_DENNIS","4","DENNIS_US_FL_2005",2020-12-01,16.9,"SUS"
"VER_MX_KARL","5","KARL_MX_VER_2010",2020-12-01,28.2,"SG"
"YUC_DELTA","5","DELTA_YUCATAN_MX_2020",2020-12-01,29.3,"SG"
"YUC_MX_EMILY","5","EMILY_MX_YUC_2005",2020-12-01,30,"SG"
"YUC_MX_ISIDORE","5","ISIDORE_MX_YUC_2002",2020-12-01,29.2,"SG"
"AL_US_IVAN","4","IVAN_US_AL_2004",2021-01-01,17.3,"SUS"
"AL_US_SALLY","4","SALLY_US_AL_2020",2021-01-01,17.3,"SUS"
"ALEX","6","ALEX_2010",2021-01-01,26.1,"WG"
"BELICE_RICHARD","3","RICHARD_BELICE_2010",2021-01-01,29.2,"C"
"BELIZE_IRIS","2","IRIS_BELIZE_2001",2021-01-01,29.1,"CA"
"BETA","2","BETA_2005",2021-01-01,29.4,"CA"
"CR_OTTO","2","OTTO_CR_2016",2021-01-01,31.6,"CA"
"CUBA_DENNIS","3","DENNIS_CUBA_2005",2021-01-01,29,"C"
"CUBA_GUSTAV","3","GUSTAV_CUBA_2008",2021-01-01,27.4,"C"
"CUBA_IAN","3","IAN_CUBA_2022",2021-01-01,27,"C"
"CUBA_MICHELLE","3","MICHELLE_CUBA_2001",2021-01-01,28.9,"C"
"CUBA_PALOMA","3","PALOMA_CUBA_2008",2021-01-01,29.7,"C"
"CUBA_SANDY","3","SANDY_CUBA_2012",2021-01-01,30.5,"C"
"DEAN_QROO_MX","5","DEAN_QROO_MX_2007",2021-01-01,29.5,"SG"
"FL_US_CHARLEY","1","CHARLEY_2004",2021-01-01,24.1,"FP"
"FL_US_FRANCES","1","FRANCES_US_FL_2004",2021-01-01,24.1,"FP"
"FL_US_IAN","1","IAN_US_FL_2022",2021-01-01,24.4,"FP"
"FL_US_IRMA","1","IRMA_US_FL_2017",2021-01-01,24.8,"FP"
"FL_US_JEANNE","1","JEANNE_US_FL_2004",2021-01-01,24.1,"FP"
"FL_US_MICHAEL","4","MICHAEL_US_FL_2018",2021-01-01,18.4,"SUS"
"FL_US_WILMA","1","WILMA_US_FL_2005",2021-01-01,24.9,"FP"
"LA_US_GUSTAV","4","GUSTAV_US_LA_2008",2021-01-01,18.1,"SUS"
"LA_US_IDA","4","IDA_US_LA_2009",2021-01-01,18.1,"SUS"
"LA_US_KATRINA","4","KATRINA_US_LA_2005",2021-01-01,17.9,"SUS"
"LA_US_LAURA","4","LAURA_US_LA_2020",2021-01-01,17.7,"SUS"
"LA_US_ZETA","4","ZETA_US_LA_2020",2021-01-01,18,"SUS"
"MX_ERNESTO","5","ERNESTO_MX_2012",2021-01-01,29.5,"SG"
"MX_GRACE","3","GRACE_MX_2021",2021-01-01,25.5,"C"
"MX_TAMPS_EMILY","6","EMILY_TAMPS_MX_2005",2021-01-01,24.3,"WG"
"NC_US_ISABEL","4","ISABEL_US_NC_2003",2021-01-01,12.7,"SUS"
"NIC_ETA","2","ETA_NIC_2020",2021-01-01,29.7,"CA"
"NIC_FELIX","2","FELIX_NIC_2007",2021-01-01,29.7,"CA"
"NIC_IOTA","2","IOTA_NIC_2020",2021-01-01,29.8,"CA"
"PR_USA_MARIA","3","MARIA_US_PR_2017",2021-01-01,31,"C"
"QROO_WILMA","3","WILMA_QROO_2005",2021-01-01,29.1,"C"
"TX_US_HARVEY","6","HARVEY_US_TX_2017",2021-01-01,20.3,"WG"
"TX_US_IKE","4","IKE_US_TX_2008",2021-01-01,18.5,"SUS"
"TX_US_RITA","4","RITA_US_TX_2005",2021-01-01,18.3,"SUS"
"US_FL_DELTA","4","DELTA_US_LA_2020",2021-01-01,17.3,"SUS"
"US_FL_DENNIS","4","DENNIS_US_FL_2005",2021-01-01,17.3,"SUS"
"VER_MX_KARL","5","KARL_MX_VER_2010",2021-01-01,29,"SG"
"YUC_DELTA","5","DELTA_YUCATAN_MX_2020",2021-01-01,29.3,"SG"
"YUC_MX_EMILY","5","EMILY_MX_YUC_2005",2021-01-01,30.2,"SG"
"YUC_MX_ISIDORE","5","ISIDORE_MX_YUC_2002",2021-01-01,29.6,"SG"
"AL_US_IVAN","4","IVAN_US_AL_2004",2021-02-01,16.9,"SUS"
"AL_US_SALLY","4","SALLY_US_AL_2020",2021-02-01,17.5,"SUS"
"ALEX","6","ALEX_2010",2021-02-01,25.1,"WG"
"BELICE_RICHARD","3","RICHARD_BELICE_2010",2021-02-01,30.2,"C"
"BELIZE_IRIS","2","IRIS_BELIZE_2001",2021-02-01,30.6,"CA"
"BETA","2","BETA_2005",2021-02-01,30,"CA"
"CR_OTTO","2","OTTO_CR_2016",2021-02-01,32,"CA"
"CUBA_DENNIS","3","DENNIS_CUBA_2005",2021-02-01,31.1,"C"
"CUBA_GUSTAV","3","GUSTAV_CUBA_2008",2021-02-01,29.4,"C"
"CUBA_IAN","3","IAN_CUBA_2022",2021-02-01,29.2,"C"
"CUBA_MICHELLE","3","MICHELLE_CUBA_2001",2021-02-01,31.1,"C"
"CUBA_PALOMA","3","PALOMA_CUBA_2008",2021-02-01,30.5,"C"
"CUBA_SANDY","3","SANDY_CUBA_2012",2021-02-01,31,"C"
"DEAN_QROO_MX","5","DEAN_QROO_MX_2007",2021-02-01,31,"SG"
"FL_US_CHARLEY","1","CHARLEY_2004",2021-02-01,27.4,"FP"
"FL_US_FRANCES","1","FRANCES_US_FL_2004",2021-02-01,27.7,"FP"
"FL_US_IAN","1","IAN_US_FL_2022",2021-02-01,27.8,"FP"
"FL_US_IRMA","1","IRMA_US_FL_2017",2021-02-01,28,"FP"
"FL_US_JEANNE","1","JEANNE_US_FL_2004",2021-02-01,27.6,"FP"
"FL_US_MICHAEL","4","MICHAEL_US_FL_2018",2021-02-01,20,"SUS"
"FL_US_WILMA","1","WILMA_US_FL_2005",2021-02-01,28.2,"FP"
"LA_US_GUSTAV","4","GUSTAV_US_LA_2008",2021-02-01,17.6,"SUS"
"LA_US_IDA","4","IDA_US_LA_2009",2021-02-01,17.6,"SUS"
"LA_US_KATRINA","4","KATRINA_US_LA_2005",2021-02-01,17.2,"SUS"
"LA_US_LAURA","4","LAURA_US_LA_2020",2021-02-01,16,"SUS"
"LA_US_ZETA","4","ZETA_US_LA_2020",2021-02-01,17.3,"SUS"
"MX_ERNESTO","5","ERNESTO_MX_2012",2021-02-01,31,"SG"
"MX_GRACE","3","GRACE_MX_2021",2021-02-01,25.8,"C"
"MX_TAMPS_EMILY","6","EMILY_TAMPS_MX_2005",2021-02-01,23.1,"WG"
"NC_US_ISABEL","4","ISABEL_US_NC_2003",2021-02-01,13.5,"SUS"
"NIC_ETA","2","ETA_NIC_2020",2021-02-01,30.4,"CA"
"NIC_FELIX","2","FELIX_NIC_2007",2021-02-01,29.8,"CA"
"NIC_IOTA","2","IOTA_NIC_2020",2021-02-01,30.6,"CA"
"PR_USA_MARIA","3","MARIA_US_PR_2017",2021-02-01,31.1,"C"
"QROO_WILMA","3","WILMA_QROO_2005",2021-02-01,30.7,"C"
"TX_US_HARVEY","6","HARVEY_US_TX_2017",2021-02-01,18.1,"WG"
"TX_US_IKE","4","IKE_US_TX_2008",2021-02-01,16.5,"SUS"
"TX_US_RITA","4","RITA_US_TX_2005",2021-02-01,16.8,"SUS"
"US_FL_DELTA","4","DELTA_US_LA_2020",2021-02-01,15.6,"SUS"
"US_FL_DENNIS","4","DENNIS_US_FL_2005",2021-02-01,17.5,"SUS"
"VER_MX_KARL","5","KARL_MX_VER_2010",2021-02-01,29.6,"SG"
"YUC_DELTA","5","DELTA_YUCATAN_MX_2020",2021-02-01,31.2,"SG"
"YUC_MX_EMILY","5","EMILY_MX_YUC_2005",2021-02-01,31.8,"SG"
"YUC_MX_ISIDORE","5","ISIDORE_MX_YUC_2002",2021-02-01,31.4,"SG"
"AL_US_IVAN","4","IVAN_US_AL_2004",2021-03-01,24.2,"SUS"
"AL_US_SALLY","4","SALLY_US_AL_2020",2021-03-01,24,"SUS"
"ALEX","6","ALEX_2010",2021-03-01,30.7,"WG"
"BELICE_RICHARD","3","RICHARD_BELICE_2010",2021-03-01,31.5,"C"
"BELIZE_IRIS","2","IRIS_BELIZE_2001",2021-03-01,32,"CA"
"BETA","2","BETA_2005",2021-03-01,30.6,"CA"
"CR_OTTO","2","OTTO_CR_2016",2021-03-01,32.5,"CA"
"CUBA_DENNIS","3","DENNIS_CUBA_2005",2021-03-01,31.6,"C"
"CUBA_GUSTAV","3","GUSTAV_CUBA_2008",2021-03-01,29.9,"C"
"CUBA_IAN","3","IAN_CUBA_2022",2021-03-01,29.9,"C"
"CUBA_MICHELLE","3","MICHELLE_CUBA_2001",2021-03-01,31.4,"C"
"CUBA_PALOMA","3","PALOMA_CUBA_2008",2021-03-01,32,"C"
"CUBA_SANDY","3","SANDY_CUBA_2012",2021-03-01,31.8,"C"
"DEAN_QROO_MX","5","DEAN_QROO_MX_2007",2021-03-01,32.9,"SG"
"FL_US_CHARLEY","1","CHARLEY_2004",2021-03-01,28.7,"FP"
"FL_US_FRANCES","1","FRANCES_US_FL_2004",2021-03-01,28.7,"FP"
"FL_US_IAN","1","IAN_US_FL_2022",2021-03-01,28.9,"FP"
"FL_US_IRMA","1","IRMA_US_FL_2017",2021-03-01,29,"FP"
"FL_US_JEANNE","1","JEANNE_US_FL_2004",2021-03-01,28.8,"FP"
"FL_US_MICHAEL","4","MICHAEL_US_FL_2018",2021-03-01,24.7,"SUS"
"FL_US_WILMA","1","WILMA_US_FL_2005",2021-03-01,28.8,"FP"
"LA_US_GUSTAV","4","GUSTAV_US_LA_2008",2021-03-01,24.1,"SUS"
"LA_US_IDA","4","IDA_US_LA_2009",2021-03-01,24.3,"SUS"
"LA_US_KATRINA","4","KATRINA_US_LA_2005",2021-03-01,24.1,"SUS"
"LA_US_LAURA","4","LAURA_US_LA_2020",2021-03-01,23.8,"SUS"
"LA_US_ZETA","4","ZETA_US_LA_2020",2021-03-01,25.3,"SUS"
"MX_ERNESTO","5","ERNESTO_MX_2012",2021-03-01,32.8,"SG"
"MX_GRACE","3","GRACE_MX_2021",2021-03-01,29.4,"C"
"MX_TAMPS_EMILY","6","EMILY_TAMPS_MX_2005",2021-03-01,29.2,"WG"
"NC_US_ISABEL","4","ISABEL_US_NC_2003",2021-03-01,19.8,"SUS"
"NIC_ETA","2","ETA_NIC_2020",2021-03-01,31.3,"CA"
"NIC_FELIX","2","FELIX_NIC_2007",2021-03-01,30.8,"CA"
"NIC_IOTA","2","IOTA_NIC_2020",2021-03-01,31.4,"CA"
"PR_USA_MARIA","3","MARIA_US_PR_2017",2021-03-01,31.3,"C"
"QROO_WILMA","3","WILMA_QROO_2005",2021-03-01,31.8,"C"
"TX_US_HARVEY","6","HARVEY_US_TX_2017",2021-03-01,25.8,"WG"
"TX_US_IKE","4","IKE_US_TX_2008",2021-03-01,24.1,"SUS"
"TX_US_RITA","4","RITA_US_TX_2005",2021-03-01,24.3,"SUS"
"US_FL_DELTA","4","DELTA_US_LA_2020",2021-03-01,23.9,"SUS"
"US_FL_DENNIS","4","DENNIS_US_FL_2005",2021-03-01,24.2,"SUS"
"VER_MX_KARL","5","KARL_MX_VER_2010",2021-03-01,32.9,"SG"
"YUC_DELTA","5","DELTA_YUCATAN_MX_2020",2021-03-01,33.1,"SG"
"YUC_MX_EMILY","5","EMILY_MX_YUC_2005",2021-03-01,33.5,"SG"
"YUC_MX_ISIDORE","5","ISIDORE_MX_YUC_2002",2021-03-01,34.1,"SG"
"AL_US_IVAN","4","IVAN_US_AL_2004",2021-04-01,25.3,"SUS"
"AL_US_SALLY","4","SALLY_US_AL_2020",2021-04-01,24.8,"SUS"
"ALEX","6","ALEX_2010",2021-04-01,33.1,"WG"
"BELICE_RICHARD","3","RICHARD_BELICE_2010",2021-04-01,34.1,"C"
"BELIZE_IRIS","2","IRIS_BELIZE_2001",2021-04-01,34.8,"CA"
"BETA","2","BETA_2005",2021-04-01,31.4,"CA"
"CR_OTTO","2","OTTO_CR_2016",2021-04-01,32.6,"CA"
"CUBA_DENNIS","3","DENNIS_CUBA_2005",2021-04-01,33.1,"C"
"CUBA_GUSTAV","3","GUSTAV_CUBA_2008",2021-04-01,31.4,"C"
"CUBA_IAN","3","IAN_CUBA_2022",2021-04-01,31.4,"C"
"CUBA_MICHELLE","3","MICHELLE_CUBA_2001",2021-04-01,33,"C"
"CUBA_PALOMA","3","PALOMA_CUBA_2008",2021-04-01,32.7,"C"
"CUBA_SANDY","3","SANDY_CUBA_2012",2021-04-01,32.5,"C"
"DEAN_QROO_MX","5","DEAN_QROO_MX_2007",2021-04-01,34.4,"SG"
"FL_US_CHARLEY","1","CHARLEY_2004",2021-04-01,30.6,"FP"
"FL_US_FRANCES","1","FRANCES_US_FL_2004",2021-04-01,30.1,"FP"
"FL_US_IAN","1","IAN_US_FL_2022",2021-04-01,30.7,"FP"
"FL_US_IRMA","1","IRMA_US_FL_2017",2021-04-01,30.8,"FP"
"FL_US_JEANNE","1","JEANNE_US_FL_2004",2021-04-01,30.1,"FP"
"FL_US_MICHAEL","4","MICHAEL_US_FL_2018",2021-04-01,25.9,"SUS"
"FL_US_WILMA","1","WILMA_US_FL_2005",2021-04-01,30.4,"FP"
"LA_US_GUSTAV","4","GUSTAV_US_LA_2008",2021-04-01,25.7,"SUS"
"LA_US_IDA","4","IDA_US_LA_2009",2021-04-01,25.8,"SUS"
"LA_US_KATRINA","4","KATRINA_US_LA_2005",2021-04-01,25.4,"SUS"
"LA_US_LAURA","4","LAURA_US_LA_2020",2021-04-01,25.4,"SUS"
"LA_US_ZETA","4","ZETA_US_LA_2020",2021-04-01,26.3,"SUS"
"MX_ERNESTO","5","ERNESTO_MX_2012",2021-04-01,34.4,"SG"
"MX_GRACE","3","GRACE_MX_2021",2021-04-01,32,"C"
"MX_TAMPS_EMILY","6","EMILY_TAMPS_MX_2005",2021-04-01,31.5,"WG"
"NC_US_ISABEL","4","ISABEL_US_NC_2003",2021-04-01,23.4,"SUS"
"NIC_ETA","2","ETA_NIC_2020",2021-04-01,31.9,"CA"
"NIC_FELIX","2","FELIX_NIC_2007",2021-04-01,31.7,"CA"
"NIC_IOTA","2","IOTA_NIC_2020",2021-04-01,32,"CA"
"PR_USA_MARIA","3","MARIA_US_PR_2017",2021-04-01,31.5,"C"
"QROO_WILMA","3","WILMA_QROO_2005",2021-04-01,33.2,"C"
"TX_US_HARVEY","6","HARVEY_US_TX_2017",2021-04-01,28,"WG"
"TX_US_IKE","4","IKE_US_TX_2008",2021-04-01,26.1,"SUS"
"TX_US_RITA","4","RITA_US_TX_2005",2021-04-01,26.2,"SUS"
"US_FL_DELTA","4","DELTA_US_LA_2020",2021-04-01,25.4,"SUS"
"US_FL_DENNIS","4","DENNIS_US_FL_2005",2021-04-01,25.3,"SUS"
"VER_MX_KARL","5","KARL_MX_VER_2010",2021-04-01,35.5,"SG"
"YUC_DELTA","5","DELTA_YUCATAN_MX_2020",2021-04-01,34.7,"SG"
"YUC_MX_EMILY","5","EMILY_MX_YUC_2005",2021-04-01,35.2,"SG"
"YUC_MX_ISIDORE","5","ISIDORE_MX_YUC_2002",2021-04-01,36,"SG"
"AL_US_IVAN","4","IVAN_US_AL_2004",2021-05-01,29.3,"SUS"
"AL_US_SALLY","4","SALLY_US_AL_2020",2021-05-01,28.9,"SUS"
"ALEX","6","ALEX_2010",2021-05-01,35.9,"WG"
"BELICE_RICHARD","3","RICHARD_BELICE_2010",2021-05-01,33.7,"C"
"BELIZE_IRIS","2","IRIS_BELIZE_2001",2021-05-01,34,"CA"
"BETA","2","BETA_2005",2021-05-01,31.7,"CA"
"CR_OTTO","2","OTTO_CR_2016",2021-05-01,31.9,"CA"
"CUBA_DENNIS","3","DENNIS_CUBA_2005",2021-05-01,33.2,"C"
"CUBA_GUSTAV","3","GUSTAV_CUBA_2008",2021-05-01,32.2,"C"
"CUBA_IAN","3","IAN_CUBA_2022",2021-05-01,32.2,"C"
"CUBA_MICHELLE","3","MICHELLE_CUBA_2001",2021-05-01,33,"C"
"CUBA_PALOMA","3","PALOMA_CUBA_2008",2021-05-01,32.7,"C"
"CUBA_SANDY","3","SANDY_CUBA_2012",2021-05-01,33,"C"
"DEAN_QROO_MX","5","DEAN_QROO_MX_2007",2021-05-01,34.6,"SG"
"FL_US_CHARLEY","1","CHARLEY_2004",2021-05-01,33.4,"FP"
"FL_US_FRANCES","1","FRANCES_US_FL_2004",2021-05-01,33.1,"FP"
"FL_US_IAN","1","IAN_US_FL_2022",2021-05-01,33.5,"FP"
"FL_US_IRMA","1","IRMA_US_FL_2017",2021-05-01,33.7,"FP"
"FL_US_JEANNE","1","JEANNE_US_FL_2004",2021-05-01,33.2,"FP"
"FL_US_MICHAEL","4","MICHAEL_US_FL_2018",2021-05-01,30.2,"SUS"
"FL_US_WILMA","1","WILMA_US_FL_2005",2021-05-01,33.3,"FP"
"LA_US_GUSTAV","4","GUSTAV_US_LA_2008",2021-05-01,29.2,"SUS"
"LA_US_IDA","4","IDA_US_LA_2009",2021-05-01,29.5,"SUS"
"LA_US_KATRINA","4","KATRINA_US_LA_2005",2021-05-01,29.5,"SUS"
"LA_US_LAURA","4","LAURA_US_LA_2020",2021-05-01,29.2,"SUS"
"LA_US_ZETA","4","ZETA_US_LA_2020",2021-05-01,29.9,"SUS"
"MX_ERNESTO","5","ERNESTO_MX_2012",2021-05-01,34.6,"SG"
"MX_GRACE","3","GRACE_MX_2021",2021-05-01,34.6,"C"
"MX_TAMPS_EMILY","6","EMILY_TAMPS_MX_2005",2021-05-01,34.8,"WG"
"NC_US_ISABEL","4","ISABEL_US_NC_2003",2021-05-01,26.6,"SUS"
"NIC_ETA","2","ETA_NIC_2020",2021-05-01,32.2,"CA"
"NIC_FELIX","2","FELIX_NIC_2007",2021-05-01,32.5,"CA"
"NIC_IOTA","2","IOTA_NIC_2020",2021-05-01,32.2,"CA"
"PR_USA_MARIA","3","MARIA_US_PR_2017",2021-05-01,32.2,"C"
"QROO_WILMA","3","WILMA_QROO_2005",2021-05-01,33.9,"C"
"TX_US_HARVEY","6","HARVEY_US_TX_2017",2021-05-01,30.6,"WG"
"TX_US_IKE","4","IKE_US_TX_2008",2021-05-01,29.8,"SUS"
"TX_US_RITA","4","RITA_US_TX_2005",2021-05-01,30.1,"SUS"
"US_FL_DELTA","4","DELTA_US_LA_2020",2021-05-01,29.1,"SUS"
"US_FL_DENNIS","4","DENNIS_US_FL_2005",2021-05-01,29.2,"SUS"
"VER_MX_KARL","5","KARL_MX_VER_2010",2021-05-01,36.3,"SG"
"YUC_DELTA","5","DELTA_YUCATAN_MX_2020",2021-05-01,34.8,"SG"
"YUC_MX_EMILY","5","EMILY_MX_YUC_2005",2021-05-01,35.4,"SG"
"YUC_MX_ISIDORE","5","ISIDORE_MX_YUC_2002",2021-05-01,36.2,"SG"
"AL_US_IVAN","4","IVAN_US_AL_2004",2021-06-01,32.4,"SUS"
"AL_US_SALLY","4","SALLY_US_AL_2020",2021-06-01,32,"SUS"
"ALEX","6","ALEX_2010",2021-06-01,36.5,"WG"
"BELICE_RICHARD","3","RICHARD_BELICE_2010",2021-06-01,33,"C"
"BELIZE_IRIS","2","IRIS_BELIZE_2001",2021-06-01,34,"CA"
"BETA","2","BETA_2005",2021-06-01,30.1,"CA"
"CR_OTTO","2","OTTO_CR_2016",2021-06-01,31.1,"CA"
"CUBA_DENNIS","3","DENNIS_CUBA_2005",2021-06-01,32.4,"C"
"CUBA_GUSTAV","3","GUSTAV_CUBA_2008",2021-06-01,31.9,"C"
"CUBA_IAN","3","IAN_CUBA_2022",2021-06-01,31.9,"C"
"CUBA_MICHELLE","3","MICHELLE_CUBA_2001",2021-06-01,32.4,"C"
"CUBA_PALOMA","3","PALOMA_CUBA_2008",2021-06-01,32.7,"C"
"CUBA_SANDY","3","SANDY_CUBA_2012",2021-06-01,32.9,"C"
"DEAN_QROO_MX","5","DEAN_QROO_MX_2007",2021-06-01,33,"SG"
"FL_US_CHARLEY","1","CHARLEY_2004",2021-06-01,33.3,"FP"
"FL_US_FRANCES","1","FRANCES_US_FL_2004",2021-06-01,33.4,"FP"
"FL_US_IAN","1","IAN_US_FL_2022",2021-06-01,33.5,"FP"
"FL_US_IRMA","1","IRMA_US_FL_2017",2021-06-01,33.4,"FP"
"FL_US_JEANNE","1","JEANNE_US_FL_2004",2021-06-01,33.4,"FP"
"FL_US_MICHAEL","4","MICHAEL_US_FL_2018",2021-06-01,33,"SUS"
"FL_US_WILMA","1","WILMA_US_FL_2005",2021-06-01,32.9,"FP"
"LA_US_GUSTAV","4","GUSTAV_US_LA_2008",2021-06-01,32.2,"SUS"
"LA_US_IDA","4","IDA_US_LA_2009",2021-06-01,32.4,"SUS"
"LA_US_KATRINA","4","KATRINA_US_LA_2005",2021-06-01,32.5,"SUS"
"LA_US_LAURA","4","LAURA_US_LA_2020",2021-06-01,33.3,"SUS"
"LA_US_ZETA","4","ZETA_US_LA_2020",2021-06-01,32.2,"SUS"
"MX_ERNESTO","5","ERNESTO_MX_2012",2021-06-01,33,"SG"
"MX_GRACE","3","GRACE_MX_2021",2021-06-01,34.1,"C"
"MX_TAMPS_EMILY","6","EMILY_TAMPS_MX_2005",2021-06-01,35.8,"WG"
"NC_US_ISABEL","4","ISABEL_US_NC_2003",2021-06-01,30.6,"SUS"
"NIC_ETA","2","ETA_NIC_2020",2021-06-01,30.5,"CA"
"NIC_FELIX","2","FELIX_NIC_2007",2021-06-01,30.5,"CA"
"NIC_IOTA","2","IOTA_NIC_2020",2021-06-01,30.6,"CA"
"PR_USA_MARIA","3","MARIA_US_PR_2017",2021-06-01,32.2,"C"
"QROO_WILMA","3","WILMA_QROO_2005",2021-06-01,33.1,"C"
"TX_US_HARVEY","6","HARVEY_US_TX_2017",2021-06-01,33.8,"WG"
"TX_US_IKE","4","IKE_US_TX_2008",2021-06-01,33.6,"SUS"
"TX_US_RITA","4","RITA_US_TX_2005",2021-06-01,33.7,"SUS"
"US_FL_DELTA","4","DELTA_US_LA_2020",2021-06-01,32.9,"SUS"
"US_FL_DENNIS","4","DENNIS_US_FL_2005",2021-06-01,32.4,"SUS"
"VER_MX_KARL","5","KARL_MX_VER_2010",2021-06-01,34.3,"SG"
"YUC_DELTA","5","DELTA_YUCATAN_MX_2020",2021-06-01,33.6,"SG"
"YUC_MX_EMILY","5","EMILY_MX_YUC_2005",2021-06-01,33.9,"SG"
"YUC_MX_ISIDORE","5","ISIDORE_MX_YUC_2002",2021-06-01,33.9,"SG"
"AL_US_IVAN","4","IVAN_US_AL_2004",2021-07-01,33.2,"SUS"
"AL_US_SALLY","4","SALLY_US_AL_2020",2021-07-01,32.7,"SUS"
"ALEX","6","ALEX_2010",2021-07-01,36.1,"WG"
"BELICE_RICHARD","3","RICHARD_BELICE_2010",2021-07-01,32.3,"C"
"BELIZE_IRIS","2","IRIS_BELIZE_2001",2021-07-01,32.6,"CA"
"BETA","2","BETA_2005",2021-07-01,30.2,"CA"
"CR_OTTO","2","OTTO_CR_2016",2021-07-01,31.3,"CA"
"CUBA_DENNIS","3","DENNIS_CUBA_2005",2021-07-01,33.6,"C"
"CUBA_GUSTAV","3","GUSTAV_CUBA_2008",2021-07-01,32.9,"C"
"CUBA_IAN","3","IAN_CUBA_2022",2021-07-01,32.9,"C"
"CUBA_MICHELLE","3","MICHELLE_CUBA_2001",2021-07-01,33.6,"C"
"CUBA_PALOMA","3","PALOMA_CUBA_2008",2021-07-01,33.8,"C"
"CUBA_SANDY","3","SANDY_CUBA_2012",2021-07-01,33.9,"C"
"DEAN_QROO_MX","5","DEAN_QROO_MX_2007",2021-07-01,33.3,"SG"
"FL_US_CHARLEY","1","CHARLEY_2004",2021-07-01,33.9,"FP"
"FL_US_FRANCES","1","FRANCES_US_FL_2004",2021-07-01,34,"FP"
"FL_US_IAN","1","IAN_US_FL_2022",2021-07-01,34.2,"FP"
"FL_US_IRMA","1","IRMA_US_FL_2017",2021-07-01,34.1,"FP"
"FL_US_JEANNE","1","JEANNE_US_FL_2004",2021-07-01,34,"FP"
"FL_US_MICHAEL","4","MICHAEL_US_FL_2018",2021-07-01,33.2,"SUS"
"FL_US_WILMA","1","WILMA_US_FL_2005",2021-07-01,33.9,"FP"
"LA_US_GUSTAV","4","GUSTAV_US_LA_2008",2021-07-01,33,"SUS"
"LA_US_IDA","4","IDA_US_LA_2009",2021-07-01,33.2,"SUS"
"LA_US_KATRINA","4","KATRINA_US_LA_2005",2021-07-01,33.2,"SUS"
"LA_US_LAURA","4","LAURA_US_LA_2020",2021-07-01,33.7,"SUS"
"LA_US_ZETA","4","ZETA_US_LA_2020",2021-07-01,33.3,"SUS"
"MX_ERNESTO","5","ERNESTO_MX_2012",2021-07-01,33.2,"SG"
"MX_GRACE","3","GRACE_MX_2021",2021-07-01,34.1,"C"
"MX_TAMPS_EMILY","6","EMILY_TAMPS_MX_2005",2021-07-01,35.6,"WG"
"NC_US_ISABEL","4","ISABEL_US_NC_2003",2021-07-01,32.2,"SUS"
"NIC_ETA","2","ETA_NIC_2020",2021-07-01,30.8,"CA"
"NIC_FELIX","2","FELIX_NIC_2007",2021-07-01,30.9,"CA"
"NIC_IOTA","2","IOTA_NIC_2020",2021-07-01,30.9,"CA"
"PR_USA_MARIA","3","MARIA_US_PR_2017",2021-07-01,32.9,"C"
"QROO_WILMA","3","WILMA_QROO_2005",2021-07-01,34.4,"C"
"TX_US_HARVEY","6","HARVEY_US_TX_2017",2021-07-01,34.2,"WG"
"TX_US_IKE","4","IKE_US_TX_2008",2021-07-01,34.2,"SUS"
"TX_US_RITA","4","RITA_US_TX_2005",2021-07-01,34.2,"SUS"
"US_FL_DELTA","4","DELTA_US_LA_2020",2021-07-01,33.5,"SUS"
"US_FL_DENNIS","4","DENNIS_US_FL_2005",2021-07-01,33.2,"SUS"
"VER_MX_KARL","5","KARL_MX_VER_2010",2021-07-01,33.3,"SG"
"YUC_DELTA","5","DELTA_YUCATAN_MX_2020",2021-07-01,34.6,"SG"
"YUC_MX_EMILY","5","EMILY_MX_YUC_2005",2021-07-01,34.6,"SG"
"YUC_MX_ISIDORE","5","ISIDORE_MX_YUC_2002",2021-07-01,34.2,"SG"
"AL_US_IVAN","4","IVAN_US_AL_2004",2021-08-01,34.1,"SUS"
"AL_US_SALLY","4","SALLY_US_AL_2020",2021-08-01,33.1,"SUS"
"ALEX","6","ALEX_2010",2021-08-01,37.2,"WG"
"BELICE_RICHARD","3","RICHARD_BELICE_2010",2021-08-01,32.9,"C"
"BELIZE_IRIS","2","IRIS_BELIZE_2001",2021-08-01,32.8,"CA"
"BETA","2","BETA_2005",2021-08-01,29.8,"CA"
"CR_OTTO","2","OTTO_CR_2016",2021-08-01,30.8,"CA"
"CUBA_DENNIS","3","DENNIS_CUBA_2005",2021-08-01,34.2,"C"
"CUBA_GUSTAV","3","GUSTAV_CUBA_2008",2021-08-01,33.3,"C"
"CUBA_IAN","3","IAN_CUBA_2022",2021-08-01,33.2,"C"
"CUBA_MICHELLE","3","MICHELLE_CUBA_2001",2021-08-01,34.1,"C"
"CUBA_PALOMA","3","PALOMA_CUBA_2008",2021-08-01,34.1,"C"
"CUBA_SANDY","3","SANDY_CUBA_2012",2021-08-01,34.4,"C"
"DEAN_QROO_MX","5","DEAN_QROO_MX_2007",2021-08-01,33.5,"SG"
"FL_US_CHARLEY","1","CHARLEY_2004",2021-08-01,34.5,"FP"
"FL_US_FRANCES","1","FRANCES_US_FL_2004",2021-08-01,34.5,"FP"
"FL_US_IAN","1","IAN_US_FL_2022",2021-08-01,34.7,"FP"
"FL_US_IRMA","1","IRMA_US_FL_2017",2021-08-01,34.5,"FP"
"FL_US_JEANNE","1","JEANNE_US_FL_2004",2021-08-01,34.5,"FP"
"FL_US_MICHAEL","4","MICHAEL_US_FL_2018",2021-08-01,33.3,"SUS"
"FL_US_WILMA","1","WILMA_US_FL_2005",2021-08-01,34.3,"FP"
"LA_US_GUSTAV","4","GUSTAV_US_LA_2008",2021-08-01,33.5,"SUS"
"LA_US_IDA","4","IDA_US_LA_2009",2021-08-01,33.6,"SUS"
"LA_US_KATRINA","4","KATRINA_US_LA_2005",2021-08-01,34,"SUS"
"LA_US_LAURA","4","LAURA_US_LA_2020",2021-08-01,35,"SUS"
"LA_US_ZETA","4","ZETA_US_LA_2020",2021-08-01,33.9,"SUS"
"MX_ERNESTO","5","ERNESTO_MX_2012",2021-08-01,33.4,"SG"
"MX_GRACE","3","GRACE_MX_2021",2021-08-01,34.5,"C"
"MX_TAMPS_EMILY","6","EMILY_TAMPS_MX_2005",2021-08-01,37.1,"WG"
"NC_US_ISABEL","4","ISABEL_US_NC_2003",2021-08-01,32.3,"SUS"
"NIC_ETA","2","ETA_NIC_2020",2021-08-01,30.3,"CA"
"NIC_FELIX","2","FELIX_NIC_2007",2021-08-01,30.6,"CA"
"NIC_IOTA","2","IOTA_NIC_2020",2021-08-01,30.3,"CA"
"PR_USA_MARIA","3","MARIA_US_PR_2017",2021-08-01,33.3,"C"
"QROO_WILMA","3","WILMA_QROO_2005",2021-08-01,34.3,"C"
"TX_US_HARVEY","6","HARVEY_US_TX_2017",2021-08-01,35.6,"WG"
"TX_US_IKE","4","IKE_US_TX_2008",2021-08-01,35.7,"SUS"
"TX_US_RITA","4","RITA_US_TX_2005",2021-08-01,35.5,"SUS"
"US_FL_DELTA","4","DELTA_US_LA_2020",2021-08-01,34.3,"SUS"
"US_FL_DENNIS","4","DENNIS_US_FL_2005",2021-08-01,34.1,"SUS"
"VER_MX_KARL","5","KARL_MX_VER_2010",2021-08-01,33.3,"SG"
"YUC_DELTA","5","DELTA_YUCATAN_MX_2020",2021-08-01,34.5,"SG"
"YUC_MX_EMILY","5","EMILY_MX_YUC_2005",2021-08-01,34.6,"SG"
"YUC_MX_ISIDORE","5","ISIDORE_MX_YUC_2002",2021-08-01,33.7,"SG"
"AL_US_IVAN","4","IVAN_US_AL_2004",2021-09-01,31,"SUS"
"AL_US_SALLY","4","SALLY_US_AL_2020",2021-09-01,30.8,"SUS"
"ALEX","6","ALEX_2010",2021-09-01,35.8,"WG"
"BELICE_RICHARD","3","RICHARD_BELICE_2010",2021-09-01,32.9,"C"
"BELIZE_IRIS","2","IRIS_BELIZE_2001",2021-09-01,33.2,"CA"
"BETA","2","BETA_2005",2021-09-01,30.5,"CA"
"CR_OTTO","2","OTTO_CR_2016",2021-09-01,30.9,"CA"
"CUBA_DENNIS","3","DENNIS_CUBA_2005",2021-09-01,33.1,"C"
"CUBA_GUSTAV","3","GUSTAV_CUBA_2008",2021-09-01,32.3,"C"
"CUBA_IAN","3","IAN_CUBA_2022",2021-09-01,32.4,"C"
"CUBA_MICHELLE","3","MICHELLE_CUBA_2001",2021-09-01,33.1,"C"
"CUBA_PALOMA","3","PALOMA_CUBA_2008",2021-09-01,34,"C"
"CUBA_SANDY","3","SANDY_CUBA_2012",2021-09-01,34.4,"C"
"DEAN_QROO_MX","5","DEAN_QROO_MX_2007",2021-09-01,33.1,"SG"
"FL_US_CHARLEY","1","CHARLEY_2004",2021-09-01,33,"FP"
"FL_US_FRANCES","1","FRANCES_US_FL_2004",2021-09-01,33,"FP"
"FL_US_IAN","1","IAN_US_FL_2022",2021-09-01,33.1,"FP"
"FL_US_IRMA","1","IRMA_US_FL_2017",2021-09-01,33.1,"FP"
"FL_US_JEANNE","1","JEANNE_US_FL_2004",2021-09-01,33,"FP"
"FL_US_MICHAEL","4","MICHAEL_US_FL_2018",2021-09-01,31.5,"SUS"
"FL_US_WILMA","1","WILMA_US_FL_2005",2021-09-01,33,"FP"
"LA_US_GUSTAV","4","GUSTAV_US_LA_2008",2021-09-01,31.1,"SUS"
"LA_US_IDA","4","IDA_US_LA_2009",2021-09-01,31.2,"SUS"
"LA_US_KATRINA","4","KATRINA_US_LA_2005",2021-09-01,31.2,"SUS"
"LA_US_LAURA","4","LAURA_US_LA_2020",2021-09-01,32,"SUS"
"LA_US_ZETA","4","ZETA_US_LA_2020",2021-09-01,31.2,"SUS"
"MX_ERNESTO","5","ERNESTO_MX_2012",2021-09-01,33.1,"SG"
"MX_GRACE","3","GRACE_MX_2021",2021-09-01,33.1,"C"
"MX_TAMPS_EMILY","6","EMILY_TAMPS_MX_2005",2021-09-01,35.4,"WG"
"NC_US_ISABEL","4","ISABEL_US_NC_2003",2021-09-01,29.1,"SUS"
"NIC_ETA","2","ETA_NIC_2020",2021-09-01,31.1,"CA"
"NIC_FELIX","2","FELIX_NIC_2007",2021-09-01,31.2,"CA"
"NIC_IOTA","2","IOTA_NIC_2020",2021-09-01,31.1,"CA"
"PR_USA_MARIA","3","MARIA_US_PR_2017",2021-09-01,33.6,"C"
"QROO_WILMA","3","WILMA_QROO_2005",2021-09-01,33.3,"C"
"TX_US_HARVEY","6","HARVEY_US_TX_2017",2021-09-01,34.6,"WG"
"TX_US_IKE","4","IKE_US_TX_2008",2021-09-01,32.9,"SUS"
"TX_US_RITA","4","RITA_US_TX_2005",2021-09-01,32.3,"SUS"
"US_FL_DELTA","4","DELTA_US_LA_2020",2021-09-01,31.6,"SUS"
"US_FL_DENNIS","4","DENNIS_US_FL_2005",2021-09-01,31,"SUS"
"VER_MX_KARL","5","KARL_MX_VER_2010",2021-09-01,33,"SG"
"YUC_DELTA","5","DELTA_YUCATAN_MX_2020",2021-09-01,33.3,"SG"
"YUC_MX_EMILY","5","EMILY_MX_YUC_2005",2021-09-01,33.5,"SG"
"YUC_MX_ISIDORE","5","ISIDORE_MX_YUC_2002",2021-09-01,33.5,"SG"
"AL_US_IVAN","4","IVAN_US_AL_2004",2021-10-01,28.8,"SUS"
"AL_US_SALLY","4","SALLY_US_AL_2020",2021-10-01,28.3,"SUS"
"ALEX","6","ALEX_2010",2021-10-01,33.8,"WG"
"BELICE_RICHARD","3","RICHARD_BELICE_2010",2021-10-01,33,"C"
"BELIZE_IRIS","2","IRIS_BELIZE_2001",2021-10-01,32.5,"CA"
"BETA","2","BETA_2005",2021-10-01,30.8,"CA"
"CR_OTTO","2","OTTO_CR_2016",2021-10-01,31,"CA"
"CUBA_DENNIS","3","DENNIS_CUBA_2005",2021-10-01,32.2,"C"
"CUBA_GUSTAV","3","GUSTAV_CUBA_2008",2021-10-01,31.7,"C"
"CUBA_IAN","3","IAN_CUBA_2022",2021-10-01,31.5,"C"
"CUBA_MICHELLE","3","MICHELLE_CUBA_2001",2021-10-01,32.2,"C"
"CUBA_PALOMA","3","PALOMA_CUBA_2008",2021-10-01,32.2,"C"
"CUBA_SANDY","3","SANDY_CUBA_2012",2021-10-01,32.7,"C"
"DEAN_QROO_MX","5","DEAN_QROO_MX_2007",2021-10-01,32.7,"SG"
"FL_US_CHARLEY","1","CHARLEY_2004",2021-10-01,32.3,"FP"
"FL_US_FRANCES","1","FRANCES_US_FL_2004",2021-10-01,31.8,"FP"
"FL_US_IAN","1","IAN_US_FL_2022",2021-10-01,32.3,"FP"
"FL_US_IRMA","1","IRMA_US_FL_2017",2021-10-01,32.3,"FP"
"FL_US_JEANNE","1","JEANNE_US_FL_2004",2021-10-01,31.8,"FP"
"FL_US_MICHAEL","4","MICHAEL_US_FL_2018",2021-10-01,29.1,"SUS"
"FL_US_WILMA","1","WILMA_US_FL_2005",2021-10-01,32.1,"FP"
"LA_US_GUSTAV","4","GUSTAV_US_LA_2008",2021-10-01,29.3,"SUS"
"LA_US_IDA","4","IDA_US_LA_2009",2021-10-01,29.2,"SUS"
"LA_US_KATRINA","4","KATRINA_US_LA_2005",2021-10-01,30.1,"SUS"
"LA_US_LAURA","4","LAURA_US_LA_2020",2021-10-01,29.6,"SUS"
"LA_US_ZETA","4","ZETA_US_LA_2020",2021-10-01,29.5,"SUS"
"MX_ERNESTO","5","ERNESTO_MX_2012",2021-10-01,32.7,"SG"
"MX_GRACE","3","GRACE_MX_2021",2021-10-01,32.5,"C"
"MX_TAMPS_EMILY","6","EMILY_TAMPS_MX_2005",2021-10-01,33.3,"WG"
"NC_US_ISABEL","4","ISABEL_US_NC_2003",2021-10-01,26,"SUS"
"NIC_ETA","2","ETA_NIC_2020",2021-10-01,31.1,"CA"
"NIC_FELIX","2","FELIX_NIC_2007",2021-10-01,31.2,"CA"
"NIC_IOTA","2","IOTA_NIC_2020",2021-10-01,31.1,"CA"
"PR_USA_MARIA","3","MARIA_US_PR_2017",2021-10-01,33.5,"C"
"QROO_WILMA","3","WILMA_QROO_2005",2021-10-01,32.8,"C"
"TX_US_HARVEY","6","HARVEY_US_TX_2017",2021-10-01,31.4,"WG"
"TX_US_IKE","4","IKE_US_TX_2008",2021-10-01,30.6,"SUS"
"TX_US_RITA","4","RITA_US_TX_2005",2021-10-01,30.2,"SUS"
"US_FL_DELTA","4","DELTA_US_LA_2020",2021-10-01,29.6,"SUS"
"US_FL_DENNIS","4","DENNIS_US_FL_2005",2021-10-01,28.8,"SUS"
"VER_MX_KARL","5","KARL_MX_VER_2010",2021-10-01,33.1,"SG"
"YUC_DELTA","5","DELTA_YUCATAN_MX_2020",2021-10-01,33,"SG"
"YUC_MX_EMILY","5","EMILY_MX_YUC_2005",2021-10-01,33.4,"SG"
"YUC_MX_ISIDORE","5","ISIDORE_MX_YUC_2002",2021-10-01,33.2,"SG"
"AL_US_IVAN","4","IVAN_US_AL_2004",2021-11-01,20.8,"SUS"
"AL_US_SALLY","4","SALLY_US_AL_2020",2021-11-01,20.6,"SUS"
"ALEX","6","ALEX_2010",2021-11-01,28.9,"WG"
"BELICE_RICHARD","3","RICHARD_BELICE_2010",2021-11-01,29.8,"C"
"BELIZE_IRIS","2","IRIS_BELIZE_2001",2021-11-01,29.5,"CA"
"BETA","2","BETA_2005",2021-11-01,29.1,"CA"
"CR_OTTO","2","OTTO_CR_2016",2021-11-01,29.9,"CA"
"CUBA_DENNIS","3","DENNIS_CUBA_2005",2021-11-01,29.7,"C"
"CUBA_GUSTAV","3","GUSTAV_CUBA_2008",2021-11-01,28.9,"C"
"CUBA_IAN","3","IAN_CUBA_2022",2021-11-01,28.6,"C"
"CUBA_MICHELLE","3","MICHELLE_CUBA_2001",2021-11-01,29.7,"C"
"CUBA_PALOMA","3","PALOMA_CUBA_2008",2021-11-01,31.1,"C"
"CUBA_SANDY","3","SANDY_CUBA_2012",2021-11-01,31.9,"C"
"DEAN_QROO_MX","5","DEAN_QROO_MX_2007",2021-11-01,30.1,"SG"
"FL_US_CHARLEY","1","CHARLEY_2004",2021-11-01,26.8,"FP"
"FL_US_FRANCES","1","FRANCES_US_FL_2004",2021-11-01,26.9,"FP"
"FL_US_IAN","1","IAN_US_FL_2022",2021-11-01,27,"FP"
"FL_US_IRMA","1","IRMA_US_FL_2017",2021-11-01,27.5,"FP"
"FL_US_JEANNE","1","JEANNE_US_FL_2004",2021-11-01,27,"FP"
"FL_US_MICHAEL","4","MICHAEL_US_FL_2018",2021-11-01,21.9,"SUS"
"FL_US_WILMA","1","WILMA_US_FL_2005",2021-11-01,27.5,"FP"
"LA_US_GUSTAV","4","GUSTAV_US_LA_2008",2021-11-01,22.7,"SUS"
"LA_US_IDA","4","IDA_US_LA_2009",2021-11-01,22.7,"SUS"
"LA_US_KATRINA","4","KATRINA_US_LA_2005",2021-11-01,23.1,"SUS"
"LA_US_LAURA","4","LAURA_US_LA_2020",2021-11-01,21.6,"SUS"
"LA_US_ZETA","4","ZETA_US_LA_2020",2021-11-01,22.4,"SUS"
"MX_ERNESTO","5","ERNESTO_MX_2012",2021-11-01,30.1,"SG"
"MX_GRACE","3","GRACE_MX_2021",2021-11-01,28.1,"C"
"MX_TAMPS_EMILY","6","EMILY_TAMPS_MX_2005",2021-11-01,28.5,"WG"
"NC_US_ISABEL","4","ISABEL_US_NC_2003",2021-11-01,17.4,"SUS"
"NIC_ETA","2","ETA_NIC_2020",2021-11-01,29.4,"CA"
"NIC_FELIX","2","FELIX_NIC_2007",2021-11-01,29.4,"CA"
"NIC_IOTA","2","IOTA_NIC_2020",2021-11-01,29.5,"CA"
"PR_USA_MARIA","3","MARIA_US_PR_2017",2021-11-01,32.5,"C"
"QROO_WILMA","3","WILMA_QROO_2005",2021-11-01,30,"C"
"TX_US_HARVEY","6","HARVEY_US_TX_2017",2021-11-01,24.9,"WG"
"TX_US_IKE","4","IKE_US_TX_2008",2021-11-01,22.7,"SUS"
"TX_US_RITA","4","RITA_US_TX_2005",2021-11-01,22.4,"SUS"
"US_FL_DELTA","4","DELTA_US_LA_2020",2021-11-01,21.9,"SUS"
"US_FL_DENNIS","4","DENNIS_US_FL_2005",2021-11-01,20.5,"SUS"
"VER_MX_KARL","5","KARL_MX_VER_2010",2021-11-01,30.1,"SG"
"YUC_DELTA","5","DELTA_YUCATAN_MX_2020",2021-11-01,30,"SG"
"YUC_MX_EMILY","5","EMILY_MX_YUC_2005",2021-11-01,30.9,"SG"
"YUC_MX_ISIDORE","5","ISIDORE_MX_YUC_2002",2021-11-01,30.7,"SG"
"AL_US_IVAN","4","IVAN_US_AL_2004",2021-12-01,22.9,"SUS"
"AL_US_SALLY","4","SALLY_US_AL_2020",2021-12-01,22.8,"SUS"
"ALEX","6","ALEX_2010",2021-12-01,29.2,"WG"
"BELICE_RICHARD","3","RICHARD_BELICE_2010",2021-12-01,30.9,"C"
"BELIZE_IRIS","2","IRIS_BELIZE_2001",2021-12-01,30,"CA"
"BETA","2","BETA_2005",2021-12-01,29,"CA"
"CR_OTTO","2","OTTO_CR_2016",2021-12-01,30.6,"CA"
"CUBA_DENNIS","3","DENNIS_CUBA_2005",2021-12-01,30.4,"C"
"CUBA_GUSTAV","3","GUSTAV_CUBA_2008",2021-12-01,29.1,"C"
"CUBA_IAN","3","IAN_CUBA_2022",2021-12-01,28.8,"C"
"CUBA_MICHELLE","3","MICHELLE_CUBA_2001",2021-12-01,30.3,"C"
"CUBA_PALOMA","3","PALOMA_CUBA_2008",2021-12-01,30.5,"C"
"CUBA_SANDY","3","SANDY_CUBA_2012",2021-12-01,31.5,"C"
"DEAN_QROO_MX","5","DEAN_QROO_MX_2007",2021-12-01,30.9,"SG"
"FL_US_CHARLEY","1","CHARLEY_2004",2021-12-01,27.9,"FP"
"FL_US_FRANCES","1","FRANCES_US_FL_2004",2021-12-01,28,"FP"
"FL_US_IAN","1","IAN_US_FL_2022",2021-12-01,28.3,"FP"
"FL_US_IRMA","1","IRMA_US_FL_2017",2021-12-01,28.9,"FP"
"FL_US_JEANNE","1","JEANNE_US_FL_2004",2021-12-01,28,"FP"
"FL_US_MICHAEL","4","MICHAEL_US_FL_2018",2021-12-01,23.7,"SUS"
"FL_US_WILMA","1","WILMA_US_FL_2005",2021-12-01,28.7,"FP"
"LA_US_GUSTAV","4","GUSTAV_US_LA_2008",2021-12-01,24.3,"SUS"
"LA_US_IDA","4","IDA_US_LA_2009",2021-12-01,24.4,"SUS"
"LA_US_KATRINA","4","KATRINA_US_LA_2005",2021-12-01,23.7,"SUS"
"LA_US_LAURA","4","LAURA_US_LA_2020",2021-12-01,24.1,"SUS"
"LA_US_ZETA","4","ZETA_US_LA_2020",2021-12-01,24.4,"SUS"
"MX_ERNESTO","5","ERNESTO_MX_2012",2021-12-01,30.7,"SG"
"MX_GRACE","3","GRACE_MX_2021",2021-12-01,27.6,"C"
"MX_TAMPS_EMILY","6","EMILY_TAMPS_MX_2005",2021-12-01,28,"WG"
"NC_US_ISABEL","4","ISABEL_US_NC_2003",2021-12-01,18.3,"SUS"
"NIC_ETA","2","ETA_NIC_2020",2021-12-01,28.9,"CA"
"NIC_FELIX","2","FELIX_NIC_2007",2021-12-01,29.5,"CA"
"NIC_IOTA","2","IOTA_NIC_2020",2021-12-01,28.9,"CA"
"PR_USA_MARIA","3","MARIA_US_PR_2017",2021-12-01,32,"C"
"QROO_WILMA","3","WILMA_QROO_2005",2021-12-01,30.4,"C"
"TX_US_HARVEY","6","HARVEY_US_TX_2017",2021-12-01,26.5,"WG"
"TX_US_IKE","4","IKE_US_TX_2008",2021-12-01,25.3,"SUS"
"TX_US_RITA","4","RITA_US_TX_2005",2021-12-01,25,"SUS"
"US_FL_DELTA","4","DELTA_US_LA_2020",2021-12-01,23.7,"SUS"
"US_FL_DENNIS","4","DENNIS_US_FL_2005",2021-12-01,22.8,"SUS"
"VER_MX_KARL","5","KARL_MX_VER_2010",2021-12-01,30.7,"SG"
"YUC_DELTA","5","DELTA_YUCATAN_MX_2020",2021-12-01,30.8,"SG"
"YUC_MX_EMILY","5","EMILY_MX_YUC_2005",2021-12-01,31.9,"SG"
"YUC_MX_ISIDORE","5","ISIDORE_MX_YUC_2002",2021-12-01,31.5,"SG"
"AL_US_IVAN","4","IVAN_US_AL_2004",2022-01-01,15.6,"SUS"
"AL_US_SALLY","4","SALLY_US_AL_2020",2022-01-01,15.9,"SUS"
"ALEX","6","ALEX_2010",2022-01-01,24.4,"WG"
"BELICE_RICHARD","3","RICHARD_BELICE_2010",2022-01-01,29.2,"C"
"BELIZE_IRIS","2","IRIS_BELIZE_2001",2022-01-01,28.9,"CA"
"BETA","2","BETA_2005",2022-01-01,29,"CA"
"CR_OTTO","2","OTTO_CR_2016",2022-01-01,31.2,"CA"
"CUBA_DENNIS","3","DENNIS_CUBA_2005",2022-01-01,28.9,"C"
"CUBA_GUSTAV","3","GUSTAV_CUBA_2008",2022-01-01,27.7,"C"
"CUBA_IAN","3","IAN_CUBA_2022",2022-01-01,27.4,"C"
"CUBA_MICHELLE","3","MICHELLE_CUBA_2001",2022-01-01,28.8,"C"
"CUBA_PALOMA","3","PALOMA_CUBA_2008",2022-01-01,29.5,"C"
"CUBA_SANDY","3","SANDY_CUBA_2012",2022-01-01,30.4,"C"
"DEAN_QROO_MX","5","DEAN_QROO_MX_2007",2022-01-01,29.2,"SG"
"FL_US_CHARLEY","1","CHARLEY_2004",2022-01-01,24.3,"FP"
"FL_US_FRANCES","1","FRANCES_US_FL_2004",2022-01-01,24.3,"FP"
"FL_US_IAN","1","IAN_US_FL_2022",2022-01-01,24.6,"FP"
"FL_US_IRMA","1","IRMA_US_FL_2017",2022-01-01,25.4,"FP"
"FL_US_JEANNE","1","JEANNE_US_FL_2004",2022-01-01,24.3,"FP"
"FL_US_MICHAEL","4","MICHAEL_US_FL_2018",2022-01-01,17.7,"SUS"
"FL_US_WILMA","1","WILMA_US_FL_2005",2022-01-01,25.4,"FP"
"LA_US_GUSTAV","4","GUSTAV_US_LA_2008",2022-01-01,18,"SUS"
"LA_US_IDA","4","IDA_US_LA_2009",2022-01-01,17.2,"SUS"
"LA_US_KATRINA","4","KATRINA_US_LA_2005",2022-01-01,17.2,"SUS"
"LA_US_LAURA","4","LAURA_US_LA_2020",2022-01-01,16.4,"SUS"
"LA_US_ZETA","4","ZETA_US_LA_2020",2022-01-01,17,"SUS"
"MX_ERNESTO","5","ERNESTO_MX_2012",2022-01-01,29.2,"SG"
"MX_GRACE","3","GRACE_MX_2021",2022-01-01,25.1,"C"
"MX_TAMPS_EMILY","6","EMILY_TAMPS_MX_2005",2022-01-01,23,"WG"
"NC_US_ISABEL","4","ISABEL_US_NC_2003",2022-01-01,11.9,"SUS"
"NIC_ETA","2","ETA_NIC_2020",2022-01-01,29.1,"CA"
"NIC_FELIX","2","FELIX_NIC_2007",2022-01-01,29.3,"CA"
"NIC_IOTA","2","IOTA_NIC_2020",2022-01-01,29.2,"CA"
"PR_USA_MARIA","3","MARIA_US_PR_2017",2022-01-01,31,"C"
"QROO_WILMA","3","WILMA_QROO_2005",2022-01-01,28.8,"C"
"TX_US_HARVEY","6","HARVEY_US_TX_2017",2022-01-01,19.7,"WG"
"TX_US_IKE","4","IKE_US_TX_2008",2022-01-01,17.5,"SUS"
"TX_US_RITA","4","RITA_US_TX_2005",2022-01-01,17.2,"SUS"
"US_FL_DELTA","4","DELTA_US_LA_2020",2022-01-01,16.2,"SUS"
"US_FL_DENNIS","4","DENNIS_US_FL_2005",2022-01-01,15.5,"SUS"
"VER_MX_KARL","5","KARL_MX_VER_2010",2022-01-01,28.8,"SG"
"YUC_DELTA","5","DELTA_YUCATAN_MX_2020",2022-01-01,29.1,"SG"
"YUC_MX_EMILY","5","EMILY_MX_YUC_2005",2022-01-01,30,"SG"
"YUC_MX_ISIDORE","5","ISIDORE_MX_YUC_2002",2022-01-01,29.8,"SG"
"AL_US_IVAN","4","IVAN_US_AL_2004",2022-02-01,18.9,"SUS"
"AL_US_SALLY","4","SALLY_US_AL_2020",2022-02-01,19,"SUS"
"ALEX","6","ALEX_2010",2022-02-01,24.3,"WG"
"BELICE_RICHARD","3","RICHARD_BELICE_2010",2022-02-01,30.1,"C"
"BELIZE_IRIS","2","IRIS_BELIZE_2001",2022-02-01,30.1,"CA"
"BETA","2","BETA_2005",2022-02-01,29.7,"CA"
"CR_OTTO","2","OTTO_CR_2016",2022-02-01,31.8,"CA"
"CUBA_DENNIS","3","DENNIS_CUBA_2005",2022-02-01,30.9,"C"
"CUBA_GUSTAV","3","GUSTAV_CUBA_2008",2022-02-01,29.3,"C"
"CUBA_IAN","3","IAN_CUBA_2022",2022-02-01,29.1,"C"
"CUBA_MICHELLE","3","MICHELLE_CUBA_2001",2022-02-01,30.9,"C"
"CUBA_PALOMA","3","PALOMA_CUBA_2008",2022-02-01,30.6,"C"
"CUBA_SANDY","3","SANDY_CUBA_2012",2022-02-01,31,"C"
"DEAN_QROO_MX","5","DEAN_QROO_MX_2007",2022-02-01,30.8,"SG"
"FL_US_CHARLEY","1","CHARLEY_2004",2022-02-01,26.8,"FP"
"FL_US_FRANCES","1","FRANCES_US_FL_2004",2022-02-01,26.9,"FP"
"FL_US_IAN","1","IAN_US_FL_2022",2022-02-01,27,"FP"
"FL_US_IRMA","1","IRMA_US_FL_2017",2022-02-01,27.5,"FP"
"FL_US_JEANNE","1","JEANNE_US_FL_2004",2022-02-01,26.9,"FP"
"FL_US_MICHAEL","4","MICHAEL_US_FL_2018",2022-02-01,20.6,"SUS"
"FL_US_WILMA","1","WILMA_US_FL_2005",2022-02-01,27.7,"FP"
"LA_US_GUSTAV","4","GUSTAV_US_LA_2008",2022-02-01,18.9,"SUS"
"LA_US_IDA","4","IDA_US_LA_2009",2022-02-01,18.9,"SUS"
"LA_US_KATRINA","4","KATRINA_US_LA_2005",2022-02-01,18.6,"SUS"
"LA_US_LAURA","4","LAURA_US_LA_2020",2022-02-01,17.5,"SUS"
"LA_US_ZETA","4","ZETA_US_LA_2020",2022-02-01,18.9,"SUS"
"MX_ERNESTO","5","ERNESTO_MX_2012",2022-02-01,30.7,"SG"
"MX_GRACE","3","GRACE_MX_2021",2022-02-01,24.8,"C"
"MX_TAMPS_EMILY","6","EMILY_TAMPS_MX_2005",2022-02-01,22.5,"WG"
"NC_US_ISABEL","4","ISABEL_US_NC_2003",2022-02-01,16,"SUS"
"NIC_ETA","2","ETA_NIC_2020",2022-02-01,30.1,"CA"
"NIC_FELIX","2","FELIX_NIC_2007",2022-02-01,29.5,"CA"
"NIC_IOTA","2","IOTA_NIC_2020",2022-02-01,30.2,"CA"
"PR_USA_MARIA","3","MARIA_US_PR_2017",2022-02-01,30.6,"C"
"QROO_WILMA","3","WILMA_QROO_2005",2022-02-01,30.8,"C"
"TX_US_HARVEY","6","HARVEY_US_TX_2017",2022-02-01,18.1,"WG"
"TX_US_IKE","4","IKE_US_TX_2008",2022-02-01,16.7,"SUS"
"TX_US_RITA","4","RITA_US_TX_2005",2022-02-01,17.6,"SUS"
"US_FL_DELTA","4","DELTA_US_LA_2020",2022-02-01,17.5,"SUS"
"US_FL_DENNIS","4","DENNIS_US_FL_2005",2022-02-01,19,"SUS"
"VER_MX_KARL","5","KARL_MX_VER_2010",2022-02-01,28.9,"SG"
"YUC_DELTA","5","DELTA_YUCATAN_MX_2020",2022-02-01,31.4,"SG"
"YUC_MX_EMILY","5","EMILY_MX_YUC_2005",2022-02-01,32.1,"SG"
"YUC_MX_ISIDORE","5","ISIDORE_MX_YUC_2002",2022-02-01,31.4,"SG"
"AL_US_IVAN","4","IVAN_US_AL_2004",2022-03-01,23.1,"SUS"
"AL_US_SALLY","4","SALLY_US_AL_2020",2022-03-01,23.2,"SUS"
"ALEX","6","ALEX_2010",2022-03-01,29.7,"WG"
"BELICE_RICHARD","3","RICHARD_BELICE_2010",2022-03-01,31.6,"C"
"BELIZE_IRIS","2","IRIS_BELIZE_2001",2022-03-01,31.7,"CA"
"BETA","2","BETA_2005",2022-03-01,31,"CA"
"CR_OTTO","2","OTTO_CR_2016",2022-03-01,33,"CA"
"CUBA_DENNIS","3","DENNIS_CUBA_2005",2022-03-01,31.9,"C"
"CUBA_GUSTAV","3","GUSTAV_CUBA_2008",2022-03-01,30.8,"C"
"CUBA_IAN","3","IAN_CUBA_2022",2022-03-01,30.6,"C"
"CUBA_MICHELLE","3","MICHELLE_CUBA_2001",2022-03-01,31.9,"C"
"CUBA_PALOMA","3","PALOMA_CUBA_2008",2022-03-01,32.4,"C"
"CUBA_SANDY","3","SANDY_CUBA_2012",2022-03-01,32,"C"
"DEAN_QROO_MX","5","DEAN_QROO_MX_2007",2022-03-01,33.2,"SG"
"FL_US_CHARLEY","1","CHARLEY_2004",2022-03-01,29.8,"FP"
"FL_US_FRANCES","1","FRANCES_US_FL_2004",2022-03-01,29.7,"FP"
"FL_US_IAN","1","IAN_US_FL_2022",2022-03-01,30.1,"FP"
"FL_US_IRMA","1","IRMA_US_FL_2017",2022-03-01,30.2,"FP"
"FL_US_JEANNE","1","JEANNE_US_FL_2004",2022-03-01,29.8,"FP"
"FL_US_MICHAEL","4","MICHAEL_US_FL_2018",2022-03-01,24.4,"SUS"
"FL_US_WILMA","1","WILMA_US_FL_2005",2022-03-01,29.9,"FP"
"LA_US_GUSTAV","4","GUSTAV_US_LA_2008",2022-03-01,22.8,"SUS"
"LA_US_IDA","4","IDA_US_LA_2009",2022-03-01,22.8,"SUS"
"LA_US_KATRINA","4","KATRINA_US_LA_2005",2022-03-01,22.8,"SUS"
"LA_US_LAURA","4","LAURA_US_LA_2020",2022-03-01,22.3,"SUS"
"LA_US_ZETA","4","ZETA_US_LA_2020",2022-03-01,24.2,"SUS"
"MX_ERNESTO","5","ERNESTO_MX_2012",2022-03-01,33.1,"SG"
"MX_GRACE","3","GRACE_MX_2021",2022-03-01,28.1,"C"
"MX_TAMPS_EMILY","6","EMILY_TAMPS_MX_2005",2022-03-01,28,"WG"
"NC_US_ISABEL","4","ISABEL_US_NC_2003",2022-03-01,20.4,"SUS"
"NIC_ETA","2","ETA_NIC_2020",2022-03-01,31.8,"CA"
"NIC_FELIX","2","FELIX_NIC_2007",2022-03-01,31.1,"CA"
"NIC_IOTA","2","IOTA_NIC_2020",2022-03-01,31.9,"CA"
"PR_USA_MARIA","3","MARIA_US_PR_2017",2022-03-01,31.2,"C"
"QROO_WILMA","3","WILMA_QROO_2005",2022-03-01,32.1,"C"
"TX_US_HARVEY","6","HARVEY_US_TX_2017",2022-03-01,24.4,"WG"
"TX_US_IKE","4","IKE_US_TX_2008",2022-03-01,22.5,"SUS"
"TX_US_RITA","4","RITA_US_TX_2005",2022-03-01,22.7,"SUS"
"US_FL_DELTA","4","DELTA_US_LA_2020",2022-03-01,22.4,"SUS"
"US_FL_DENNIS","4","DENNIS_US_FL_2005",2022-03-01,23.2,"SUS"
"VER_MX_KARL","5","KARL_MX_VER_2010",2022-03-01,31.7,"SG"
"YUC_DELTA","5","DELTA_YUCATAN_MX_2020",2022-03-01,33.1,"SG"
"YUC_MX_EMILY","5","EMILY_MX_YUC_2005",2022-03-01,33.8,"SG"
"YUC_MX_ISIDORE","5","ISIDORE_MX_YUC_2002",2022-03-01,33.8,"SG"
"AL_US_IVAN","4","IVAN_US_AL_2004",2022-04-01,26.5,"SUS"
"AL_US_SALLY","4","SALLY_US_AL_2020",2022-04-01,26.2,"SUS"
"ALEX","6","ALEX_2010",2022-04-01,34.6,"WG"
"BELICE_RICHARD","3","RICHARD_BELICE_2010",2022-04-01,33.6,"C"
"BELIZE_IRIS","2","IRIS_BELIZE_2001",2022-04-01,33.8,"CA"
"BETA","2","BETA_2005",2022-04-01,31.5,"CA"
"CR_OTTO","2","OTTO_CR_2016",2022-04-01,33,"CA"
"CUBA_DENNIS","3","DENNIS_CUBA_2005",2022-04-01,32.4,"C"
"CUBA_GUSTAV","3","GUSTAV_CUBA_2008",2022-04-01,31.4,"C"
"CUBA_IAN","3","IAN_CUBA_2022",2022-04-01,31.3,"C"
"CUBA_MICHELLE","3","MICHELLE_CUBA_2001",2022-04-01,32.2,"C"
"CUBA_PALOMA","3","PALOMA_CUBA_2008",2022-04-01,32,"C"
"CUBA_SANDY","3","SANDY_CUBA_2012",2022-04-01,31.9,"C"
"DEAN_QROO_MX","5","DEAN_QROO_MX_2007",2022-04-01,34.2,"SG"
"FL_US_CHARLEY","1","CHARLEY_2004",2022-04-01,31.4,"FP"
"FL_US_FRANCES","1","FRANCES_US_FL_2004",2022-04-01,30.9,"FP"
"FL_US_IAN","1","IAN_US_FL_2022",2022-04-01,31.5,"FP"
"FL_US_IRMA","1","IRMA_US_FL_2017",2022-04-01,31.7,"FP"
"FL_US_JEANNE","1","JEANNE_US_FL_2004",2022-04-01,30.9,"FP"
"FL_US_MICHAEL","4","MICHAEL_US_FL_2018",2022-04-01,27,"SUS"
"FL_US_WILMA","1","WILMA_US_FL_2005",2022-04-01,31.1,"FP"
"LA_US_GUSTAV","4","GUSTAV_US_LA_2008",2022-04-01,26.8,"SUS"
"LA_US_IDA","4","IDA_US_LA_2009",2022-04-01,26.9,"SUS"
"LA_US_KATRINA","4","KATRINA_US_LA_2005",2022-04-01,26.5,"SUS"
"LA_US_LAURA","4","LAURA_US_LA_2020",2022-04-01,27.2,"SUS"
"LA_US_ZETA","4","ZETA_US_LA_2020",2022-04-01,27.4,"SUS"
"MX_ERNESTO","5","ERNESTO_MX_2012",2022-04-01,34.1,"SG"
"MX_GRACE","3","GRACE_MX_2021",2022-04-01,33.3,"C"
"MX_TAMPS_EMILY","6","EMILY_TAMPS_MX_2005",2022-04-01,33.5,"WG"
"NC_US_ISABEL","4","ISABEL_US_NC_2003",2022-04-01,23.4,"SUS"
"NIC_ETA","2","ETA_NIC_2020",2022-04-01,32.1,"CA"
"NIC_FELIX","2","FELIX_NIC_2007",2022-04-01,31.7,"CA"
"NIC_IOTA","2","IOTA_NIC_2020",2022-04-01,32.3,"CA"
"PR_USA_MARIA","3","MARIA_US_PR_2017",2022-04-01,31.4,"C"
"QROO_WILMA","3","WILMA_QROO_2005",2022-04-01,33.1,"C"
"TX_US_HARVEY","6","HARVEY_US_TX_2017",2022-04-01,30.6,"WG"
"TX_US_IKE","4","IKE_US_TX_2008",2022-04-01,28.1,"SUS"
"TX_US_RITA","4","RITA_US_TX_2005",2022-04-01,27.7,"SUS"
"US_FL_DELTA","4","DELTA_US_LA_2020",2022-04-01,27.5,"SUS"
"US_FL_DENNIS","4","DENNIS_US_FL_2005",2022-04-01,26.4,"SUS"
"VER_MX_KARL","5","KARL_MX_VER_2010",2022-04-01,35.7,"SG"
"YUC_DELTA","5","DELTA_YUCATAN_MX_2020",2022-04-01,34.3,"SG"
"YUC_MX_EMILY","5","EMILY_MX_YUC_2005",2022-04-01,34.9,"SG"
"YUC_MX_ISIDORE","5","ISIDORE_MX_YUC_2002",2022-04-01,35.6,"SG"
"AL_US_IVAN","4","IVAN_US_AL_2004",2022-05-01,31.4,"SUS"
"AL_US_SALLY","4","SALLY_US_AL_2020",2022-05-01,31.2,"SUS"
"ALEX","6","ALEX_2010",2022-05-01,38,"WG"
"BELICE_RICHARD","3","RICHARD_BELICE_2010",2022-05-01,33.6,"C"
"BELIZE_IRIS","2","IRIS_BELIZE_2001",2022-05-01,34.5,"CA"
"BETA","2","BETA_2005",2022-05-01,31.2,"CA"
"CR_OTTO","2","OTTO_CR_2016",2022-05-01,32.2,"CA"
"CUBA_DENNIS","3","DENNIS_CUBA_2005",2022-05-01,32,"C"
"CUBA_GUSTAV","3","GUSTAV_CUBA_2008",2022-05-01,31.5,"C"
"CUBA_IAN","3","IAN_CUBA_2022",2022-05-01,31.5,"C"
"CUBA_MICHELLE","3","MICHELLE_CUBA_2001",2022-05-01,31.8,"C"
"CUBA_PALOMA","3","PALOMA_CUBA_2008",2022-05-01,32.3,"C"
"CUBA_SANDY","3","SANDY_CUBA_2012",2022-05-01,32.3,"C"
"DEAN_QROO_MX","5","DEAN_QROO_MX_2007",2022-05-01,34.9,"SG"
"FL_US_CHARLEY","1","CHARLEY_2004",2022-05-01,33.2,"FP"
"FL_US_FRANCES","1","FRANCES_US_FL_2004",2022-05-01,33.2,"FP"
"FL_US_IAN","1","IAN_US_FL_2022",2022-05-01,33.5,"FP"
"FL_US_IRMA","1","IRMA_US_FL_2017",2022-05-01,33.3,"FP"
"FL_US_JEANNE","1","JEANNE_US_FL_2004",2022-05-01,33.3,"FP"
"FL_US_MICHAEL","4","MICHAEL_US_FL_2018",2022-05-01,30.9,"SUS"
"FL_US_WILMA","1","WILMA_US_FL_2005",2022-05-01,32.7,"FP"
"LA_US_GUSTAV","4","GUSTAV_US_LA_2008",2022-05-01,31.5,"SUS"
"LA_US_IDA","4","IDA_US_LA_2009",2022-05-01,31.8,"SUS"
"LA_US_KATRINA","4","KATRINA_US_LA_2005",2022-05-01,31.4,"SUS"
"LA_US_LAURA","4","LAURA_US_LA_2020",2022-05-01,31.9,"SUS"
"LA_US_ZETA","4","ZETA_US_LA_2020",2022-05-01,31.6,"SUS"
"MX_ERNESTO","5","ERNESTO_MX_2012",2022-05-01,34.9,"SG"
"MX_GRACE","3","GRACE_MX_2021",2022-05-01,36.1,"C"
"MX_TAMPS_EMILY","6","EMILY_TAMPS_MX_2005",2022-05-01,36.9,"WG"
"NC_US_ISABEL","4","ISABEL_US_NC_2003",2022-05-01,28,"SUS"
"NIC_ETA","2","ETA_NIC_2020",2022-05-01,31.5,"CA"
"NIC_FELIX","2","FELIX_NIC_2007",2022-05-01,31.7,"CA"
"NIC_IOTA","2","IOTA_NIC_2020",2022-05-01,31.6,"CA"
"PR_USA_MARIA","3","MARIA_US_PR_2017",2022-05-01,32.4,"C"
"QROO_WILMA","3","WILMA_QROO_2005",2022-05-01,33.5,"C"
"TX_US_HARVEY","6","HARVEY_US_TX_2017",2022-05-01,33.6,"WG"
"TX_US_IKE","4","IKE_US_TX_2008",2022-05-01,32.3,"SUS"
"TX_US_RITA","4","RITA_US_TX_2005",2022-05-01,32,"SUS"
"US_FL_DELTA","4","DELTA_US_LA_2020",2022-05-01,32.3,"SUS"
"US_FL_DENNIS","4","DENNIS_US_FL_2005",2022-05-01,31.4,"SUS"
"VER_MX_KARL","5","KARL_MX_VER_2010",2022-05-01,37.1,"SG"
"YUC_DELTA","5","DELTA_YUCATAN_MX_2020",2022-05-01,34.5,"SG"
"YUC_MX_EMILY","5","EMILY_MX_YUC_2005",2022-05-01,35.1,"SG"
"YUC_MX_ISIDORE","5","ISIDORE_MX_YUC_2002",2022-05-01,36,"SG"
"AL_US_IVAN","4","IVAN_US_AL_2004",2022-06-01,34.3,"SUS"
"AL_US_SALLY","4","SALLY_US_AL_2020",2022-06-01,33.7,"SUS"
"ALEX","6","ALEX_2010",2022-06-01,37.7,"WG"
"BELICE_RICHARD","3","RICHARD_BELICE_2010",2022-06-01,32.2,"C"
"BELIZE_IRIS","2","IRIS_BELIZE_2001",2022-06-01,32.4,"CA"
"BETA","2","BETA_2005",2022-06-01,29.5,"CA"
"CR_OTTO","2","OTTO_CR_2016",2022-06-01,30.5,"CA"
"CUBA_DENNIS","3","DENNIS_CUBA_2005",2022-06-01,31.8,"C"
"CUBA_GUSTAV","3","GUSTAV_CUBA_2008",2022-06-01,31.5,"C"
"CUBA_IAN","3","IAN_CUBA_2022",2022-06-01,31.4,"C"
"CUBA_MICHELLE","3","MICHELLE_CUBA_2001",2022-06-01,31.7,"C"
"CUBA_PALOMA","3","PALOMA_CUBA_2008",2022-06-01,32.6,"C"
"CUBA_SANDY","3","SANDY_CUBA_2012",2022-06-01,33,"C"
"DEAN_QROO_MX","5","DEAN_QROO_MX_2007",2022-06-01,32.5,"SG"
"FL_US_CHARLEY","1","CHARLEY_2004",2022-06-01,33.8,"FP"
"FL_US_FRANCES","1","FRANCES_US_FL_2004",2022-06-01,33.6,"FP"
"FL_US_IAN","1","IAN_US_FL_2022",2022-06-01,33.8,"FP"
"FL_US_IRMA","1","IRMA_US_FL_2017",2022-06-01,33.7,"FP"
"FL_US_JEANNE","1","JEANNE_US_FL_2004",2022-06-01,33.6,"FP"
"FL_US_MICHAEL","4","MICHAEL_US_FL_2018",2022-06-01,34.2,"SUS"
"FL_US_WILMA","1","WILMA_US_FL_2005",2022-06-01,33.1,"FP"
"LA_US_GUSTAV","4","GUSTAV_US_LA_2008",2022-06-01,33.8,"SUS"
"LA_US_IDA","4","IDA_US_LA_2009",2022-06-01,34.2,"SUS"
"LA_US_KATRINA","4","KATRINA_US_LA_2005",2022-06-01,34.4,"SUS"
"LA_US_LAURA","4","LAURA_US_LA_2020",2022-06-01,35.1,"SUS"
"LA_US_ZETA","4","ZETA_US_LA_2020",2022-06-01,33.8,"SUS"
"MX_ERNESTO","5","ERNESTO_MX_2012",2022-06-01,32.5,"SG"
"MX_GRACE","3","GRACE_MX_2021",2022-06-01,34.6,"C"
"MX_TAMPS_EMILY","6","EMILY_TAMPS_MX_2005",2022-06-01,36.7,"WG"
"NC_US_ISABEL","4","ISABEL_US_NC_2003",2022-06-01,30.7,"SUS"
"NIC_ETA","2","ETA_NIC_2020",2022-06-01,29.8,"CA"
"NIC_FELIX","2","FELIX_NIC_2007",2022-06-01,30.1,"CA"
"NIC_IOTA","2","IOTA_NIC_2020",2022-06-01,29.8,"CA"
"PR_USA_MARIA","3","MARIA_US_PR_2017",2022-06-01,33,"C"
"QROO_WILMA","3","WILMA_QROO_2005",2022-06-01,32.7,"C"
"TX_US_HARVEY","6","HARVEY_US_TX_2017",2022-06-01,35.6,"WG"
"TX_US_IKE","4","IKE_US_TX_2008",2022-06-01,35.7,"SUS"
"TX_US_RITA","4","RITA_US_TX_2005",2022-06-01,35.5,"SUS"
"US_FL_DELTA","4","DELTA_US_LA_2020",2022-06-01,35,"SUS"
"US_FL_DENNIS","4","DENNIS_US_FL_2005",2022-06-01,34.3,"SUS"
"VER_MX_KARL","5","KARL_MX_VER_2010",2022-06-01,33.8,"SG"
"YUC_DELTA","5","DELTA_YUCATAN_MX_2020",2022-06-01,33.3,"SG"
"YUC_MX_EMILY","5","EMILY_MX_YUC_2005",2022-06-01,33.7,"SG"
"YUC_MX_ISIDORE","5","ISIDORE_MX_YUC_2002",2022-06-01,33.7,"SG"
"AL_US_IVAN","4","IVAN_US_AL_2004",2022-07-01,33.9,"SUS"
"AL_US_SALLY","4","SALLY_US_AL_2020",2022-07-01,33.1,"SUS"
"ALEX","6","ALEX_2010",2022-07-01,38.8,"WG"
"BELICE_RICHARD","3","RICHARD_BELICE_2010",2022-07-01,32.3,"C"
"BELIZE_IRIS","2","IRIS_BELIZE_2001",2022-07-01,32.3,"CA"
"BETA","2","BETA_2005",2022-07-01,30,"CA"
"CR_OTTO","2","OTTO_CR_2016",2022-07-01,31.1,"CA"
"CUBA_DENNIS","3","DENNIS_CUBA_2005",2022-07-01,33.5,"C"
"CUBA_GUSTAV","3","GUSTAV_CUBA_2008",2022-07-01,32.9,"C"
"CUBA_IAN","3","IAN_CUBA_2022",2022-07-01,32.8,"C"
"CUBA_MICHELLE","3","MICHELLE_CUBA_2001",2022-07-01,33.5,"C"
"CUBA_PALOMA","3","PALOMA_CUBA_2008",2022-07-01,33.8,"C"
"CUBA_SANDY","3","SANDY_CUBA_2012",2022-07-01,33.9,"C"
"DEAN_QROO_MX","5","DEAN_QROO_MX_2007",2022-07-01,33.2,"SG"
"FL_US_CHARLEY","1","CHARLEY_2004",2022-07-01,35,"FP"
"FL_US_FRANCES","1","FRANCES_US_FL_2004",2022-07-01,35.4,"FP"
"FL_US_IAN","1","IAN_US_FL_2022",2022-07-01,35.4,"FP"
"FL_US_IRMA","1","IRMA_US_FL_2017",2022-07-01,35,"FP"
"FL_US_JEANNE","1","JEANNE_US_FL_2004",2022-07-01,35.3,"FP"
"FL_US_MICHAEL","4","MICHAEL_US_FL_2018",2022-07-01,33.7,"SUS"
"FL_US_WILMA","1","WILMA_US_FL_2005",2022-07-01,34.5,"FP"
"LA_US_GUSTAV","4","GUSTAV_US_LA_2008",2022-07-01,33.2,"SUS"
"LA_US_IDA","4","IDA_US_LA_2009",2022-07-01,33.5,"SUS"
"LA_US_KATRINA","4","KATRINA_US_LA_2005",2022-07-01,33.9,"SUS"
"LA_US_LAURA","4","LAURA_US_LA_2020",2022-07-01,35.3,"SUS"
"LA_US_ZETA","4","ZETA_US_LA_2020",2022-07-01,33.6,"SUS"
"MX_ERNESTO","5","ERNESTO_MX_2012",2022-07-01,33.1,"SG"
"MX_GRACE","3","GRACE_MX_2021",2022-07-01,34.7,"C"
"MX_TAMPS_EMILY","6","EMILY_TAMPS_MX_2005",2022-07-01,38.3,"WG"
"NC_US_ISABEL","4","ISABEL_US_NC_2003",2022-07-01,32.9,"SUS"
"NIC_ETA","2","ETA_NIC_2020",2022-07-01,30.5,"CA"
"NIC_FELIX","2","FELIX_NIC_2007",2022-07-01,30.6,"CA"
"NIC_IOTA","2","IOTA_NIC_2020",2022-07-01,30.6,"CA"
"PR_USA_MARIA","3","MARIA_US_PR_2017",2022-07-01,32.9,"C"
"QROO_WILMA","3","WILMA_QROO_2005",2022-07-01,34.2,"C"
"TX_US_HARVEY","6","HARVEY_US_TX_2017",2022-07-01,37.2,"WG"
"TX_US_IKE","4","IKE_US_TX_2008",2022-07-01,37,"SUS"
"TX_US_RITA","4","RITA_US_TX_2005",2022-07-01,35.8,"SUS"
"US_FL_DELTA","4","DELTA_US_LA_2020",2022-07-01,35,"SUS"
"US_FL_DENNIS","4","DENNIS_US_FL_2005",2022-07-01,33.9,"SUS"
"VER_MX_KARL","5","KARL_MX_VER_2010",2022-07-01,33.3,"SG"
"YUC_DELTA","5","DELTA_YUCATAN_MX_2020",2022-07-01,34.3,"SG"
"YUC_MX_EMILY","5","EMILY_MX_YUC_2005",2022-07-01,34.4,"SG"
"YUC_MX_ISIDORE","5","ISIDORE_MX_YUC_2002",2022-07-01,33.9,"SG"
"AL_US_IVAN","4","IVAN_US_AL_2004",2022-08-01,32.8,"SUS"
"AL_US_SALLY","4","SALLY_US_AL_2020",2022-08-01,32.2,"SUS"
"ALEX","6","ALEX_2010",2022-08-01,38.2,"WG"
"BELICE_RICHARD","3","RICHARD_BELICE_2010",2022-08-01,32.3,"C"
"BELIZE_IRIS","2","IRIS_BELIZE_2001",2022-08-01,32.3,"CA"
"BETA","2","BETA_2005",2022-08-01,29.6,"CA"
"CR_OTTO","2","OTTO_CR_2016",2022-08-01,31.1,"CA"
"CUBA_DENNIS","3","DENNIS_CUBA_2005",2022-08-01,34.1,"C"
"CUBA_GUSTAV","3","GUSTAV_CUBA_2008",2022-08-01,33.1,"C"
"CUBA_IAN","3","IAN_CUBA_2022",2022-08-01,33.2,"C"
"CUBA_MICHELLE","3","MICHELLE_CUBA_2001",2022-08-01,34.1,"C"
"CUBA_PALOMA","3","PALOMA_CUBA_2008",2022-08-01,34.2,"C"
"CUBA_SANDY","3","SANDY_CUBA_2012",2022-08-01,34.5,"C"
"DEAN_QROO_MX","5","DEAN_QROO_MX_2007",2022-08-01,32.7,"SG"
"FL_US_CHARLEY","1","CHARLEY_2004",2022-08-01,34.7,"FP"
"FL_US_FRANCES","1","FRANCES_US_FL_2004",2022-08-01,35.2,"FP"
"FL_US_IAN","1","IAN_US_FL_2022",2022-08-01,35.2,"FP"
"FL_US_IRMA","1","IRMA_US_FL_2017",2022-08-01,34.8,"FP"
"FL_US_JEANNE","1","JEANNE_US_FL_2004",2022-08-01,35.2,"FP"
"FL_US_MICHAEL","4","MICHAEL_US_FL_2018",2022-08-01,33.1,"SUS"
"FL_US_WILMA","1","WILMA_US_FL_2005",2022-08-01,34.6,"FP"
"LA_US_GUSTAV","4","GUSTAV_US_LA_2008",2022-08-01,32.7,"SUS"
"LA_US_IDA","4","IDA_US_LA_2009",2022-08-01,32.8,"SUS"
"LA_US_KATRINA","4","KATRINA_US_LA_2005",2022-08-01,33.2,"SUS"
"LA_US_LAURA","4","LAURA_US_LA_2020",2022-08-01,34,"SUS"
"LA_US_ZETA","4","ZETA_US_LA_2020",2022-08-01,33.1,"SUS"
"MX_ERNESTO","5","ERNESTO_MX_2012",2022-08-01,32.7,"SG"
"MX_GRACE","3","GRACE_MX_2021",2022-08-01,35.3,"C"
"MX_TAMPS_EMILY","6","EMILY_TAMPS_MX_2005",2022-08-01,37.8,"WG"
"NC_US_ISABEL","4","ISABEL_US_NC_2003",2022-08-01,31.7,"SUS"
"NIC_ETA","2","ETA_NIC_2020",2022-08-01,30,"CA"
"NIC_FELIX","2","FELIX_NIC_2007",2022-08-01,30.2,"CA"
"NIC_IOTA","2","IOTA_NIC_2020",2022-08-01,30,"CA"
"PR_USA_MARIA","3","MARIA_US_PR_2017",2022-08-01,33.3,"C"
"QROO_WILMA","3","WILMA_QROO_2005",2022-08-01,34,"C"
"TX_US_HARVEY","6","HARVEY_US_TX_2017",2022-08-01,36.4,"WG"
"TX_US_IKE","4","IKE_US_TX_2008",2022-08-01,35.3,"SUS"
"TX_US_RITA","4","RITA_US_TX_2005",2022-08-01,34.5,"SUS"
"US_FL_DELTA","4","DELTA_US_LA_2020",2022-08-01,33.7,"SUS"
"US_FL_DENNIS","4","DENNIS_US_FL_2005",2022-08-01,32.6,"SUS"
"VER_MX_KARL","5","KARL_MX_VER_2010",2022-08-01,33.5,"SG"
"YUC_DELTA","5","DELTA_YUCATAN_MX_2020",2022-08-01,33.9,"SG"
"YUC_MX_EMILY","5","EMILY_MX_YUC_2005",2022-08-01,33.8,"SG"
"YUC_MX_ISIDORE","5","ISIDORE_MX_YUC_2002",2022-08-01,33.3,"SG"
"AL_US_IVAN","4","IVAN_US_AL_2004",2022-09-01,31.5,"SUS"
"AL_US_SALLY","4","SALLY_US_AL_2020",2022-09-01,31.2,"SUS"
"ALEX","6","ALEX_2010",2022-09-01,34.4,"WG"
"BELICE_RICHARD","3","RICHARD_BELICE_2010",2022-09-01,32.2,"C"
"BELIZE_IRIS","2","IRIS_BELIZE_2001",2022-09-01,31.9,"CA"
"BETA","2","BETA_2005",2022-09-01,31,"CA"
"CR_OTTO","2","OTTO_CR_2016",2022-09-01,31.2,"CA"
"CUBA_DENNIS","3","DENNIS_CUBA_2005",2022-09-01,33.5,"C"
"CUBA_GUSTAV","3","GUSTAV_CUBA_2008",2022-09-01,32.5,"C"
"CUBA_IAN","3","IAN_CUBA_2022",2022-09-01,32.5,"C"
"CUBA_MICHELLE","3","MICHELLE_CUBA_2001",2022-09-01,33.5,"C"
"CUBA_PALOMA","3","PALOMA_CUBA_2008",2022-09-01,34.1,"C"
"CUBA_SANDY","3","SANDY_CUBA_2012",2022-09-01,34.6,"C"
"DEAN_QROO_MX","5","DEAN_QROO_MX_2007",2022-09-01,32.4,"SG"
"FL_US_CHARLEY","1","CHARLEY_2004",2022-09-01,32.9,"FP"
"FL_US_FRANCES","1","FRANCES_US_FL_2004",2022-09-01,33.2,"FP"
"FL_US_IAN","1","IAN_US_FL_2022",2022-09-01,33.3,"FP"
"FL_US_IRMA","1","IRMA_US_FL_2017",2022-09-01,33.3,"FP"
"FL_US_JEANNE","1","JEANNE_US_FL_2004",2022-09-01,33.3,"FP"
"FL_US_MICHAEL","4","MICHAEL_US_FL_2018",2022-09-01,31.9,"SUS"
"FL_US_WILMA","1","WILMA_US_FL_2005",2022-09-01,33.2,"FP"
"LA_US_GUSTAV","4","GUSTAV_US_LA_2008",2022-09-01,31.4,"SUS"
"LA_US_IDA","4","IDA_US_LA_2009",2022-09-01,31.7,"SUS"
"LA_US_KATRINA","4","KATRINA_US_LA_2005",2022-09-01,32,"SUS"
"LA_US_LAURA","4","LAURA_US_LA_2020",2022-09-01,32.5,"SUS"
"LA_US_ZETA","4","ZETA_US_LA_2020",2022-09-01,31.9,"SUS"
"MX_ERNESTO","5","ERNESTO_MX_2012",2022-09-01,32.4,"SG"
"MX_GRACE","3","GRACE_MX_2021",2022-09-01,32,"C"
"MX_TAMPS_EMILY","6","EMILY_TAMPS_MX_2005",2022-09-01,34.4,"WG"
"NC_US_ISABEL","4","ISABEL_US_NC_2003",2022-09-01,29.1,"SUS"
"NIC_ETA","2","ETA_NIC_2020",2022-09-01,31.2,"CA"
"NIC_FELIX","2","FELIX_NIC_2007",2022-09-01,30.9,"CA"
"NIC_IOTA","2","IOTA_NIC_2020",2022-09-01,31.2,"CA"
"PR_USA_MARIA","3","MARIA_US_PR_2017",2022-09-01,33.2,"C"
"QROO_WILMA","3","WILMA_QROO_2005",2022-09-01,33.2,"C"
"TX_US_HARVEY","6","HARVEY_US_TX_2017",2022-09-01,34.1,"WG"
"TX_US_IKE","4","IKE_US_TX_2008",2022-09-01,33,"SUS"
"TX_US_RITA","4","RITA_US_TX_2005",2022-09-01,32.7,"SUS"
"US_FL_DELTA","4","DELTA_US_LA_2020",2022-09-01,32.6,"SUS"
"US_FL_DENNIS","4","DENNIS_US_FL_2005",2022-09-01,31.3,"SUS"
"VER_MX_KARL","5","KARL_MX_VER_2010",2022-09-01,31.8,"SG"
"YUC_DELTA","5","DELTA_YUCATAN_MX_2020",2022-09-01,32.9,"SG"
"YUC_MX_EMILY","5","EMILY_MX_YUC_2005",2022-09-01,32.9,"SG"
"YUC_MX_ISIDORE","5","ISIDORE_MX_YUC_2002",2022-09-01,32.8,"SG"
"AL_US_IVAN","4","IVAN_US_AL_2004",2022-10-01,26.3,"SUS"
"AL_US_SALLY","4","SALLY_US_AL_2020",2022-10-01,25.8,"SUS"
"ALEX","6","ALEX_2010",2022-10-01,31.9,"WG"
"BELICE_RICHARD","3","RICHARD_BELICE_2010",2022-10-01,31.9,"C"
"BELIZE_IRIS","2","IRIS_BELIZE_2001",2022-10-01,31.1,"CA"
"BETA","2","BETA_2005",2022-10-01,30.7,"CA"
"CR_OTTO","2","OTTO_CR_2016",2022-10-01,30.9,"CA"
"CUBA_DENNIS","3","DENNIS_CUBA_2005",2022-10-01,32,"C"
"CUBA_GUSTAV","3","GUSTAV_CUBA_2008",2022-10-01,30.9,"C"
"CUBA_IAN","3","IAN_CUBA_2022",2022-10-01,30.6,"C"
"CUBA_MICHELLE","3","MICHELLE_CUBA_2001",2022-10-01,32,"C"
"CUBA_PALOMA","3","PALOMA_CUBA_2008",2022-10-01,31.9,"C"
"CUBA_SANDY","3","SANDY_CUBA_2012",2022-10-01,32.5,"C"
"DEAN_QROO_MX","5","DEAN_QROO_MX_2007",2022-10-01,32,"SG"
"FL_US_CHARLEY","1","CHARLEY_2004",2022-10-01,30.1,"FP"
"FL_US_FRANCES","1","FRANCES_US_FL_2004",2022-10-01,30.2,"FP"
"FL_US_IAN","1","IAN_US_FL_2022",2022-10-01,30.5,"FP"
"FL_US_IRMA","1","IRMA_US_FL_2017",2022-10-01,30.7,"FP"
"FL_US_JEANNE","1","JEANNE_US_FL_2004",2022-10-01,30.3,"FP"
"FL_US_MICHAEL","4","MICHAEL_US_FL_2018",2022-10-01,26.8,"SUS"
"FL_US_WILMA","1","WILMA_US_FL_2005",2022-10-01,30.7,"FP"
"LA_US_GUSTAV","4","GUSTAV_US_LA_2008",2022-10-01,26.9,"SUS"
"LA_US_IDA","4","IDA_US_LA_2009",2022-10-01,26.9,"SUS"
"LA_US_KATRINA","4","KATRINA_US_LA_2005",2022-10-01,27.7,"SUS"
"LA_US_LAURA","4","LAURA_US_LA_2020",2022-10-01,27.4,"SUS"
"LA_US_ZETA","4","ZETA_US_LA_2020",2022-10-01,26.8,"SUS"
"MX_ERNESTO","5","ERNESTO_MX_2012",2022-10-01,32,"SG"
"MX_GRACE","3","GRACE_MX_2021",2022-10-01,30.4,"C"
"MX_TAMPS_EMILY","6","EMILY_TAMPS_MX_2005",2022-10-01,31.9,"WG"
"NC_US_ISABEL","4","ISABEL_US_NC_2003",2022-10-01,22.6,"SUS"
"NIC_ETA","2","ETA_NIC_2020",2022-10-01,31,"CA"
"NIC_FELIX","2","FELIX_NIC_2007",2022-10-01,30.9,"CA"
"NIC_IOTA","2","IOTA_NIC_2020",2022-10-01,31.1,"CA"
"PR_USA_MARIA","3","MARIA_US_PR_2017",2022-10-01,33,"C"
"QROO_WILMA","3","WILMA_QROO_2005",2022-10-01,31.9,"C"
"TX_US_HARVEY","6","HARVEY_US_TX_2017",2022-10-01,30.2,"WG"
"TX_US_IKE","4","IKE_US_TX_2008",2022-10-01,28,"SUS"
"TX_US_RITA","4","RITA_US_TX_2005",2022-10-01,27.7,"SUS"
"US_FL_DELTA","4","DELTA_US_LA_2020",2022-10-01,27.5,"SUS"
"US_FL_DENNIS","4","DENNIS_US_FL_2005",2022-10-01,25.9,"SUS"
"VER_MX_KARL","5","KARL_MX_VER_2010",2022-10-01,31.4,"SG"
"YUC_DELTA","5","DELTA_YUCATAN_MX_2020",2022-10-01,31.8,"SG"
"YUC_MX_EMILY","5","EMILY_MX_YUC_2005",2022-10-01,32.5,"SG"
"YUC_MX_ISIDORE","5","ISIDORE_MX_YUC_2002",2022-10-01,31.9,"SG"
"AL_US_IVAN","4","IVAN_US_AL_2004",2022-11-01,22.8,"SUS"
"AL_US_SALLY","4","SALLY_US_AL_2020",2022-11-01,23.2,"SUS"
"ALEX","6","ALEX_2010",2022-11-01,27.7,"WG"
"BELICE_RICHARD","3","RICHARD_BELICE_2010",2022-11-01,31,"C"
"BELIZE_IRIS","2","IRIS_BELIZE_2001",2022-11-01,31,"CA"
"BETA","2","BETA_2005",2022-11-01,29.7,"CA"
"CR_OTTO","2","OTTO_CR_2016",2022-11-01,30.2,"CA"
"CUBA_DENNIS","3","DENNIS_CUBA_2005",2022-11-01,32,"C"
"CUBA_GUSTAV","3","GUSTAV_CUBA_2008",2022-11-01,31,"C"
"CUBA_IAN","3","IAN_CUBA_2022",2022-11-01,30.7,"C"
"CUBA_MICHELLE","3","MICHELLE_CUBA_2001",2022-11-01,31.9,"C"
"CUBA_PALOMA","3","PALOMA_CUBA_2008",2022-11-01,31.9,"C"
"CUBA_SANDY","3","SANDY_CUBA_2012",2022-11-01,32.3,"C"
"DEAN_QROO_MX","5","DEAN_QROO_MX_2007",2022-11-01,31.5,"SG"
"FL_US_CHARLEY","1","CHARLEY_2004",2022-11-01,29.7,"FP"
"FL_US_FRANCES","1","FRANCES_US_FL_2004",2022-11-01,29.6,"FP"
"FL_US_IAN","1","IAN_US_FL_2022",2022-11-01,30,"FP"
"FL_US_IRMA","1","IRMA_US_FL_2017",2022-11-01,30.3,"FP"
"FL_US_JEANNE","1","JEANNE_US_FL_2004",2022-11-01,29.6,"FP"
"FL_US_MICHAEL","4","MICHAEL_US_FL_2018",2022-11-01,24.8,"SUS"
"FL_US_WILMA","1","WILMA_US_FL_2005",2022-11-01,30.3,"FP"
"LA_US_GUSTAV","4","GUSTAV_US_LA_2008",2022-11-01,23.5,"SUS"
"LA_US_IDA","4","IDA_US_LA_2009",2022-11-01,23.5,"SUS"
"LA_US_KATRINA","4","KATRINA_US_LA_2005",2022-11-01,23.9,"SUS"
"LA_US_LAURA","4","LAURA_US_LA_2020",2022-11-01,22,"SUS"
"LA_US_ZETA","4","ZETA_US_LA_2020",2022-11-01,23.4,"SUS"
"MX_ERNESTO","5","ERNESTO_MX_2012",2022-11-01,31.5,"SG"
"MX_GRACE","3","GRACE_MX_2021",2022-11-01,28.3,"C"
"MX_TAMPS_EMILY","6","EMILY_TAMPS_MX_2005",2022-11-01,26.3,"WG"
"NC_US_ISABEL","4","ISABEL_US_NC_2003",2022-11-01,21,"SUS"
"NIC_ETA","2","ETA_NIC_2020",2022-11-01,30.2,"CA"
"NIC_FELIX","2","FELIX_NIC_2007",2022-11-01,30.1,"CA"
"NIC_IOTA","2","IOTA_NIC_2020",2022-11-01,30.2,"CA"
"PR_USA_MARIA","3","MARIA_US_PR_2017",2022-11-01,32,"C"
"QROO_WILMA","3","WILMA_QROO_2005",2022-11-01,31.6,"C"
"TX_US_HARVEY","6","HARVEY_US_TX_2017",2022-11-01,23.8,"WG"
"TX_US_IKE","4","IKE_US_TX_2008",2022-11-01,22.6,"SUS"
"TX_US_RITA","4","RITA_US_TX_2005",2022-11-01,22.6,"SUS"
"US_FL_DELTA","4","DELTA_US_LA_2020",2022-11-01,22.2,"SUS"
"US_FL_DENNIS","4","DENNIS_US_FL_2005",2022-11-01,23.3,"SUS"
"VER_MX_KARL","5","KARL_MX_VER_2010",2022-11-01,30.9,"SG"
"YUC_DELTA","5","DELTA_YUCATAN_MX_2020",2022-11-01,31.9,"SG"
"YUC_MX_EMILY","5","EMILY_MX_YUC_2005",2022-11-01,32.7,"SG"
"YUC_MX_ISIDORE","5","ISIDORE_MX_YUC_2002",2022-11-01,32.4,"SG"
"AL_US_IVAN","4","IVAN_US_AL_2004",2022-12-01,19,"SUS"
"AL_US_SALLY","4","SALLY_US_AL_2020",2022-12-01,18.8,"SUS"
"ALEX","6","ALEX_2010",2022-12-01,26,"WG"
"BELICE_RICHARD","3","RICHARD_BELICE_2010",2022-12-01,29.8,"C"
"BELIZE_IRIS","2","IRIS_BELIZE_2001",2022-12-01,29.2,"CA"
"BETA","2","BETA_2005",2022-12-01,29.1,"CA"
"CR_OTTO","2","OTTO_CR_2016",2022-12-01,30.9,"CA"
"CUBA_DENNIS","3","DENNIS_CUBA_2005",2022-12-01,30.1,"C"
"CUBA_GUSTAV","3","GUSTAV_CUBA_2008",2022-12-01,29.2,"C"
"CUBA_IAN","3","IAN_CUBA_2022",2022-12-01,28.7,"C"
"CUBA_MICHELLE","3","MICHELLE_CUBA_2001",2022-12-01,30.1,"C"
"CUBA_PALOMA","3","PALOMA_CUBA_2008",2022-12-01,30.2,"C"
"CUBA_SANDY","3","SANDY_CUBA_2012",2022-12-01,31,"C"
"DEAN_QROO_MX","5","DEAN_QROO_MX_2007",2022-12-01,30.2,"SG"
"FL_US_CHARLEY","1","CHARLEY_2004",2022-12-01,25.5,"FP"
"FL_US_FRANCES","1","FRANCES_US_FL_2004",2022-12-01,25.8,"FP"
"FL_US_IAN","1","IAN_US_FL_2022",2022-12-01,25.6,"FP"
"FL_US_IRMA","1","IRMA_US_FL_2017",2022-12-01,26.5,"FP"
"FL_US_JEANNE","1","JEANNE_US_FL_2004",2022-12-01,25.9,"FP"
"FL_US_MICHAEL","4","MICHAEL_US_FL_2018",2022-12-01,19.8,"SUS"
"FL_US_WILMA","1","WILMA_US_FL_2005",2022-12-01,26.5,"FP"
"LA_US_GUSTAV","4","GUSTAV_US_LA_2008",2022-12-01,20.3,"SUS"
"LA_US_IDA","4","IDA_US_LA_2009",2022-12-01,20.3,"SUS"
"LA_US_KATRINA","4","KATRINA_US_LA_2005",2022-12-01,19.8,"SUS"
"LA_US_LAURA","4","LAURA_US_LA_2020",2022-12-01,19.4,"SUS"
"LA_US_ZETA","4","ZETA_US_LA_2020",2022-12-01,20.2,"SUS"
"MX_ERNESTO","5","ERNESTO_MX_2012",2022-12-01,30.2,"SG"
"MX_GRACE","3","GRACE_MX_2021",2022-12-01,25.8,"C"
"MX_TAMPS_EMILY","6","EMILY_TAMPS_MX_2005",2022-12-01,24.5,"WG"
"NC_US_ISABEL","4","ISABEL_US_NC_2003",2022-12-01,13.6,"SUS"
"NIC_ETA","2","ETA_NIC_2020",2022-12-01,29.1,"CA"
"NIC_FELIX","2","FELIX_NIC_2007",2022-12-01,29.6,"CA"
"NIC_IOTA","2","IOTA_NIC_2020",2022-12-01,29.1,"CA"
"PR_USA_MARIA","3","MARIA_US_PR_2017",2022-12-01,31.2,"C"
"QROO_WILMA","3","WILMA_QROO_2005",2022-12-01,30.5,"C"
"TX_US_HARVEY","6","HARVEY_US_TX_2017",2022-12-01,21.5,"WG"
"TX_US_IKE","4","IKE_US_TX_2008",2022-12-01,20.1,"SUS"
"TX_US_RITA","4","RITA_US_TX_2005",2022-12-01,19.9,"SUS"
"US_FL_DELTA","4","DELTA_US_LA_2020",2022-12-01,19.3,"SUS"
"US_FL_DENNIS","4","DENNIS_US_FL_2005",2022-12-01,18.9,"SUS"
"VER_MX_KARL","5","KARL_MX_VER_2010",2022-12-01,29.1,"SG"
"YUC_DELTA","5","DELTA_YUCATAN_MX_2020",2022-12-01,30.9,"SG"
"YUC_MX_EMILY","5","EMILY_MX_YUC_2005",2022-12-01,31.6,"SG"
"YUC_MX_ISIDORE","5","ISIDORE_MX_YUC_2002",2022-12-01,30.7,"SG"
