"NAME","cluster","NAME2","date","value","Clus_Acr"
"AL_US_IVAN","4","IVAN_US_AL_2004",2000-01-01,0.56,"SUS"
"AL_US_SALLY","4","SALLY_US_AL_2020",2000-01-01,0.54,"SUS"
"ALEX","6","ALEX_2010",2000-01-01,0.75,"WG"
"BELICE_RICHARD","3","RICHARD_BELICE_2010",2000-01-01,0.61,"C"
"BELIZE_IRIS","2","IRIS_BELIZE_2001",2000-01-01,0.54,"CA"
"BETA","2","BETA_2005",2000-01-01,0.46,"CA"
"CR_OTTO","2","OTTO_CR_2016",2000-01-01,0.51,"CA"
"CUBA_DENNIS","3","DENNIS_CUBA_2005",2000-01-01,0.81,"C"
"CUBA_GUSTAV","3","GUSTAV_CUBA_2008",2000-01-01,0.74,"C"
"CUBA_IAN","3","IAN_CUBA_2022",2000-01-01,0.71,"C"
"CUBA_MICHELLE","3","MICHELLE_CUBA_2001",2000-01-01,0.78,"C"
"CUBA_PALOMA","3","PALOMA_CUBA_2008",2000-01-01,0.7,"C"
"CUBA_SANDY","3","SANDY_CUBA_2012",2000-01-01,0.6,"C"
"DEAN_QROO_MX","5","DEAN_QROO_MX_2007",2000-01-01,0.74,"SG"
"FL_US_CHARLEY","1","CHARLEY_2004",2000-01-01,0.72,"FP"
"FL_US_FRANCES","1","FRANCES_US_FL_2004",2000-01-01,0.7,"FP"
"FL_US_IAN","1","IAN_US_FL_2022",2000-01-01,0.73,"FP"
"FL_US_IRMA","1","IRMA_US_FL_2017",2000-01-01,0.75,"FP"
"FL_US_JEANNE","1","JEANNE_US_FL_2004",2000-01-01,0.71,"FP"
"FL_US_MICHAEL","4","MICHAEL_US_FL_2018",2000-01-01,0.58,"SUS"
"FL_US_WILMA","1","WILMA_US_FL_2005",2000-01-01,0.71,"FP"
"LA_US_GUSTAV","4","GUSTAV_US_LA_2008",2000-01-01,0.4,"SUS"
"LA_US_IDA","4","IDA_US_LA_2009",2000-01-01,0.44,"SUS"
"LA_US_KATRINA","4","KATRINA_US_LA_2005",2000-01-01,0.46,"SUS"
"LA_US_LAURA","4","LAURA_US_LA_2020",2000-01-01,0.48,"SUS"
"LA_US_ZETA","4","ZETA_US_LA_2020",2000-01-01,0.41,"SUS"
"MX_ERNESTO","5","ERNESTO_MX_2012",2000-01-01,0.73,"SG"
"MX_GRACE","3","GRACE_MX_2021",2000-01-01,0.53,"C"
"MX_TAMPS_EMILY","6","EMILY_TAMPS_MX_2005",2000-01-01,0.63,"WG"
"NC_US_ISABEL","4","ISABEL_US_NC_2003",2000-01-01,0.32,"SUS"
"NIC_ETA","2","ETA_NIC_2020",2000-01-01,0.49,"CA"
"NIC_FELIX","2","FELIX_NIC_2007",2000-01-01,0.47,"CA"
"NIC_IOTA","2","IOTA_NIC_2020",2000-01-01,0.51,"CA"
"PR_USA_MARIA","3","MARIA_US_PR_2017",2000-01-01,0.63,"C"
"QROO_WILMA","3","WILMA_QROO_2005",2000-01-01,0.7,"C"
"TX_US_HARVEY","6","HARVEY_US_TX_2017",2000-01-01,0.64,"WG"
"TX_US_IKE","4","IKE_US_TX_2008",2000-01-01,0.5,"SUS"
"TX_US_RITA","4","RITA_US_TX_2005",2000-01-01,0.49,"SUS"
"US_FL_DELTA","4","DELTA_US_LA_2020",2000-01-01,0.48,"SUS"
"US_FL_DENNIS","4","DENNIS_US_FL_2005",2000-01-01,0.56,"SUS"
"VER_MX_KARL","5","KARL_MX_VER_2010",2000-01-01,0.75,"SG"
"YUC_DELTA","5","DELTA_YUCATAN_MX_2020",2000-01-01,0.73,"SG"
"YUC_MX_EMILY","5","EMILY_MX_YUC_2005",2000-01-01,0.86,"SG"
"YUC_MX_ISIDORE","5","ISIDORE_MX_YUC_2002",2000-01-01,0.92,"SG"
"AL_US_IVAN","4","IVAN_US_AL_2004",2000-02-01,0.74,"SUS"
"AL_US_SALLY","4","SALLY_US_AL_2020",2000-02-01,0.71,"SUS"
"ALEX","6","ALEX_2010",2000-02-01,0.92,"WG"
"BELICE_RICHARD","3","RICHARD_BELICE_2010",2000-02-01,0.73,"C"
"BELIZE_IRIS","2","IRIS_BELIZE_2001",2000-02-01,0.66,"CA"
"BETA","2","BETA_2005",2000-02-01,0.54,"CA"
"CR_OTTO","2","OTTO_CR_2016",2000-02-01,0.6,"CA"
"CUBA_DENNIS","3","DENNIS_CUBA_2005",2000-02-01,0.93,"C"
"CUBA_GUSTAV","3","GUSTAV_CUBA_2008",2000-02-01,0.78,"C"
"CUBA_IAN","3","IAN_CUBA_2022",2000-02-01,0.76,"C"
"CUBA_MICHELLE","3","MICHELLE_CUBA_2001",2000-02-01,0.92,"C"
"CUBA_PALOMA","3","PALOMA_CUBA_2008",2000-02-01,0.83,"C"
"CUBA_SANDY","3","SANDY_CUBA_2012",2000-02-01,0.7,"C"
"DEAN_QROO_MX","5","DEAN_QROO_MX_2007",2000-02-01,0.9,"SG"
"FL_US_CHARLEY","1","CHARLEY_2004",2000-02-01,0.8,"FP"
"FL_US_FRANCES","1","FRANCES_US_FL_2004",2000-02-01,0.77,"FP"
"FL_US_IAN","1","IAN_US_FL_2022",2000-02-01,0.8,"FP"
"FL_US_IRMA","1","IRMA_US_FL_2017",2000-02-01,0.76,"FP"
"FL_US_JEANNE","1","JEANNE_US_FL_2004",2000-02-01,0.76,"FP"
"FL_US_MICHAEL","4","MICHAEL_US_FL_2018",2000-02-01,0.76,"SUS"
"FL_US_WILMA","1","WILMA_US_FL_2005",2000-02-01,0.73,"FP"
"LA_US_GUSTAV","4","GUSTAV_US_LA_2008",2000-02-01,0.58,"SUS"
"LA_US_IDA","4","IDA_US_LA_2009",2000-02-01,0.61,"SUS"
"LA_US_KATRINA","4","KATRINA_US_LA_2005",2000-02-01,0.66,"SUS"
"LA_US_LAURA","4","LAURA_US_LA_2020",2000-02-01,0.68,"SUS"
"LA_US_ZETA","4","ZETA_US_LA_2020",2000-02-01,0.56,"SUS"
"MX_ERNESTO","5","ERNESTO_MX_2012",2000-02-01,0.89,"SG"
"MX_GRACE","3","GRACE_MX_2021",2000-02-01,0.57,"C"
"MX_TAMPS_EMILY","6","EMILY_TAMPS_MX_2005",2000-02-01,0.89,"WG"
"NC_US_ISABEL","4","ISABEL_US_NC_2003",2000-02-01,0.48,"SUS"
"NIC_ETA","2","ETA_NIC_2020",2000-02-01,0.58,"CA"
"NIC_FELIX","2","FELIX_NIC_2007",2000-02-01,0.54,"CA"
"NIC_IOTA","2","IOTA_NIC_2020",2000-02-01,0.59,"CA"
"PR_USA_MARIA","3","MARIA_US_PR_2017",2000-02-01,0.73,"C"
"QROO_WILMA","3","WILMA_QROO_2005",2000-02-01,0.77,"C"
"TX_US_HARVEY","6","HARVEY_US_TX_2017",2000-02-01,0.8,"WG"
"TX_US_IKE","4","IKE_US_TX_2008",2000-02-01,0.67,"SUS"
"TX_US_RITA","4","RITA_US_TX_2005",2000-02-01,0.69,"SUS"
"US_FL_DELTA","4","DELTA_US_LA_2020",2000-02-01,0.7,"SUS"
"US_FL_DENNIS","4","DENNIS_US_FL_2005",2000-02-01,0.74,"SUS"
"VER_MX_KARL","5","KARL_MX_VER_2010",2000-02-01,0.87,"SG"
"YUC_DELTA","5","DELTA_YUCATAN_MX_2020",2000-02-01,0.81,"SG"
"YUC_MX_EMILY","5","EMILY_MX_YUC_2005",2000-02-01,0.97,"SG"
"YUC_MX_ISIDORE","5","ISIDORE_MX_YUC_2002",2000-02-01,1.11,"SG"
"AL_US_IVAN","4","IVAN_US_AL_2004",2000-03-01,0.8,"SUS"
"AL_US_SALLY","4","SALLY_US_AL_2020",2000-03-01,0.72,"SUS"
"ALEX","6","ALEX_2010",2000-03-01,1.16,"WG"
"BELICE_RICHARD","3","RICHARD_BELICE_2010",2000-03-01,0.87,"C"
"BELIZE_IRIS","2","IRIS_BELIZE_2001",2000-03-01,0.76,"CA"
"BETA","2","BETA_2005",2000-03-01,0.69,"CA"
"CR_OTTO","2","OTTO_CR_2016",2000-03-01,0.59,"CA"
"CUBA_DENNIS","3","DENNIS_CUBA_2005",2000-03-01,1.1,"C"
"CUBA_GUSTAV","3","GUSTAV_CUBA_2008",2000-03-01,0.94,"C"
"CUBA_IAN","3","IAN_CUBA_2022",2000-03-01,0.91,"C"
"CUBA_MICHELLE","3","MICHELLE_CUBA_2001",2000-03-01,1.1,"C"
"CUBA_PALOMA","3","PALOMA_CUBA_2008",2000-03-01,1.02,"C"
"CUBA_SANDY","3","SANDY_CUBA_2012",2000-03-01,0.9,"C"
"DEAN_QROO_MX","5","DEAN_QROO_MX_2007",2000-03-01,1.06,"SG"
"FL_US_CHARLEY","1","CHARLEY_2004",2000-03-01,0.98,"FP"
"FL_US_FRANCES","1","FRANCES_US_FL_2004",2000-03-01,0.97,"FP"
"FL_US_IAN","1","IAN_US_FL_2022",2000-03-01,0.99,"FP"
"FL_US_IRMA","1","IRMA_US_FL_2017",2000-03-01,0.96,"FP"
"FL_US_JEANNE","1","JEANNE_US_FL_2004",2000-03-01,0.97,"FP"
"FL_US_MICHAEL","4","MICHAEL_US_FL_2018",2000-03-01,0.82,"SUS"
"FL_US_WILMA","1","WILMA_US_FL_2005",2000-03-01,0.97,"FP"
"LA_US_GUSTAV","4","GUSTAV_US_LA_2008",2000-03-01,0.71,"SUS"
"LA_US_IDA","4","IDA_US_LA_2009",2000-03-01,0.71,"SUS"
"LA_US_KATRINA","4","KATRINA_US_LA_2005",2000-03-01,0.75,"SUS"
"LA_US_LAURA","4","LAURA_US_LA_2020",2000-03-01,0.76,"SUS"
"LA_US_ZETA","4","ZETA_US_LA_2020",2000-03-01,0.65,"SUS"
"MX_ERNESTO","5","ERNESTO_MX_2012",2000-03-01,1.05,"SG"
"MX_GRACE","3","GRACE_MX_2021",2000-03-01,0.8,"C"
"MX_TAMPS_EMILY","6","EMILY_TAMPS_MX_2005",2000-03-01,1.05,"WG"
"NC_US_ISABEL","4","ISABEL_US_NC_2003",2000-03-01,0.68,"SUS"
"NIC_ETA","2","ETA_NIC_2020",2000-03-01,0.79,"CA"
"NIC_FELIX","2","FELIX_NIC_2007",2000-03-01,0.73,"CA"
"NIC_IOTA","2","IOTA_NIC_2020",2000-03-01,0.8,"CA"
"PR_USA_MARIA","3","MARIA_US_PR_2017",2000-03-01,0.86,"C"
"QROO_WILMA","3","WILMA_QROO_2005",2000-03-01,0.93,"C"
"TX_US_HARVEY","6","HARVEY_US_TX_2017",2000-03-01,0.88,"WG"
"TX_US_IKE","4","IKE_US_TX_2008",2000-03-01,0.74,"SUS"
"TX_US_RITA","4","RITA_US_TX_2005",2000-03-01,0.75,"SUS"
"US_FL_DELTA","4","DELTA_US_LA_2020",2000-03-01,0.79,"SUS"
"US_FL_DENNIS","4","DENNIS_US_FL_2005",2000-03-01,0.82,"SUS"
"VER_MX_KARL","5","KARL_MX_VER_2010",2000-03-01,1.11,"SG"
"YUC_DELTA","5","DELTA_YUCATAN_MX_2020",2000-03-01,0.99,"SG"
"YUC_MX_EMILY","5","EMILY_MX_YUC_2005",2000-03-01,1.14,"SG"
"YUC_MX_ISIDORE","5","ISIDORE_MX_YUC_2002",2000-03-01,1.4,"SG"
"AL_US_IVAN","4","IVAN_US_AL_2004",2000-04-01,0.77,"SUS"
"AL_US_SALLY","4","SALLY_US_AL_2020",2000-04-01,0.77,"SUS"
"ALEX","6","ALEX_2010",2000-04-01,1.38,"WG"
"BELICE_RICHARD","3","RICHARD_BELICE_2010",2000-04-01,1.01,"C"
"BELIZE_IRIS","2","IRIS_BELIZE_2001",2000-04-01,0.89,"CA"
"BETA","2","BETA_2005",2000-04-01,0.7,"CA"
"CR_OTTO","2","OTTO_CR_2016",2000-04-01,0.62,"CA"
"CUBA_DENNIS","3","DENNIS_CUBA_2005",2000-04-01,1.12,"C"
"CUBA_GUSTAV","3","GUSTAV_CUBA_2008",2000-04-01,0.95,"C"
"CUBA_IAN","3","IAN_CUBA_2022",2000-04-01,0.93,"C"
"CUBA_MICHELLE","3","MICHELLE_CUBA_2001",2000-04-01,1.13,"C"
"CUBA_PALOMA","3","PALOMA_CUBA_2008",2000-04-01,1.16,"C"
"CUBA_SANDY","3","SANDY_CUBA_2012",2000-04-01,0.99,"C"
"DEAN_QROO_MX","5","DEAN_QROO_MX_2007",2000-04-01,1.14,"SG"
"FL_US_CHARLEY","1","CHARLEY_2004",2000-04-01,1.05,"FP"
"FL_US_FRANCES","1","FRANCES_US_FL_2004",2000-04-01,1.07,"FP"
"FL_US_IAN","1","IAN_US_FL_2022",2000-04-01,1.07,"FP"
"FL_US_IRMA","1","IRMA_US_FL_2017",2000-04-01,1.07,"FP"
"FL_US_JEANNE","1","JEANNE_US_FL_2004",2000-04-01,1.07,"FP"
"FL_US_MICHAEL","4","MICHAEL_US_FL_2018",2000-04-01,0.83,"SUS"
"FL_US_WILMA","1","WILMA_US_FL_2005",2000-04-01,1.09,"FP"
"LA_US_GUSTAV","4","GUSTAV_US_LA_2008",2000-04-01,0.73,"SUS"
"LA_US_IDA","4","IDA_US_LA_2009",2000-04-01,0.72,"SUS"
"LA_US_KATRINA","4","KATRINA_US_LA_2005",2000-04-01,0.76,"SUS"
"LA_US_LAURA","4","LAURA_US_LA_2020",2000-04-01,0.84,"SUS"
"LA_US_ZETA","4","ZETA_US_LA_2020",2000-04-01,0.67,"SUS"
"MX_ERNESTO","5","ERNESTO_MX_2012",2000-04-01,1.14,"SG"
"MX_GRACE","3","GRACE_MX_2021",2000-04-01,0.93,"C"
"MX_TAMPS_EMILY","6","EMILY_TAMPS_MX_2005",2000-04-01,1.32,"WG"
"NC_US_ISABEL","4","ISABEL_US_NC_2003",2000-04-01,0.59,"SUS"
"NIC_ETA","2","ETA_NIC_2020",2000-04-01,0.89,"CA"
"NIC_FELIX","2","FELIX_NIC_2007",2000-04-01,0.86,"CA"
"NIC_IOTA","2","IOTA_NIC_2020",2000-04-01,0.88,"CA"
"PR_USA_MARIA","3","MARIA_US_PR_2017",2000-04-01,0.79,"C"
"QROO_WILMA","3","WILMA_QROO_2005",2000-04-01,1.01,"C"
"TX_US_HARVEY","6","HARVEY_US_TX_2017",2000-04-01,0.99,"WG"
"TX_US_IKE","4","IKE_US_TX_2008",2000-04-01,0.83,"SUS"
"TX_US_RITA","4","RITA_US_TX_2005",2000-04-01,0.83,"SUS"
"US_FL_DELTA","4","DELTA_US_LA_2020",2000-04-01,0.89,"SUS"
"US_FL_DENNIS","4","DENNIS_US_FL_2005",2000-04-01,0.77,"SUS"
"VER_MX_KARL","5","KARL_MX_VER_2010",2000-04-01,1.34,"SG"
"YUC_DELTA","5","DELTA_YUCATAN_MX_2020",2000-04-01,1.07,"SG"
"YUC_MX_EMILY","5","EMILY_MX_YUC_2005",2000-04-01,1.17,"SG"
"YUC_MX_ISIDORE","5","ISIDORE_MX_YUC_2002",2000-04-01,1.54,"SG"
"AL_US_IVAN","4","IVAN_US_AL_2004",2000-05-01,1.17,"SUS"
"AL_US_SALLY","4","SALLY_US_AL_2020",2000-05-01,1.09,"SUS"
"ALEX","6","ALEX_2010",2000-05-01,1.39,"WG"
"BELICE_RICHARD","3","RICHARD_BELICE_2010",2000-05-01,1.01,"C"
"BELIZE_IRIS","2","IRIS_BELIZE_2001",2000-05-01,0.85,"CA"
"BETA","2","BETA_2005",2000-05-01,0.51,"CA"
"CR_OTTO","2","OTTO_CR_2016",2000-05-01,0.57,"CA"
"CUBA_DENNIS","3","DENNIS_CUBA_2005",2000-05-01,1.04,"C"
"CUBA_GUSTAV","3","GUSTAV_CUBA_2008",2000-05-01,0.94,"C"
"CUBA_IAN","3","IAN_CUBA_2022",2000-05-01,0.93,"C"
"CUBA_MICHELLE","3","MICHELLE_CUBA_2001",2000-05-01,1.03,"C"
"CUBA_PALOMA","3","PALOMA_CUBA_2008",2000-05-01,0.98,"C"
"CUBA_SANDY","3","SANDY_CUBA_2012",2000-05-01,0.83,"C"
"DEAN_QROO_MX","5","DEAN_QROO_MX_2007",2000-05-01,1.05,"SG"
"FL_US_CHARLEY","1","CHARLEY_2004",2000-05-01,1.32,"FP"
"FL_US_FRANCES","1","FRANCES_US_FL_2004",2000-05-01,1.19,"FP"
"FL_US_IAN","1","IAN_US_FL_2022",2000-05-01,1.32,"FP"
"FL_US_IRMA","1","IRMA_US_FL_2017",2000-05-01,1.24,"FP"
"FL_US_JEANNE","1","JEANNE_US_FL_2004",2000-05-01,1.18,"FP"
"FL_US_MICHAEL","4","MICHAEL_US_FL_2018",2000-05-01,1.34,"SUS"
"FL_US_WILMA","1","WILMA_US_FL_2005",2000-05-01,1.2,"FP"
"LA_US_GUSTAV","4","GUSTAV_US_LA_2008",2000-05-01,0.88,"SUS"
"LA_US_IDA","4","IDA_US_LA_2009",2000-05-01,0.87,"SUS"
"LA_US_KATRINA","4","KATRINA_US_LA_2005",2000-05-01,0.96,"SUS"
"LA_US_LAURA","4","LAURA_US_LA_2020",2000-05-01,0.89,"SUS"
"LA_US_ZETA","4","ZETA_US_LA_2020",2000-05-01,0.84,"SUS"
"MX_ERNESTO","5","ERNESTO_MX_2012",2000-05-01,1.04,"SG"
"MX_GRACE","3","GRACE_MX_2021",2000-05-01,0.97,"C"
"MX_TAMPS_EMILY","6","EMILY_TAMPS_MX_2005",2000-05-01,1.38,"WG"
"NC_US_ISABEL","4","ISABEL_US_NC_2003",2000-05-01,0.96,"SUS"
"NIC_ETA","2","ETA_NIC_2020",2000-05-01,0.61,"CA"
"NIC_FELIX","2","FELIX_NIC_2007",2000-05-01,0.63,"CA"
"NIC_IOTA","2","IOTA_NIC_2020",2000-05-01,0.62,"CA"
"PR_USA_MARIA","3","MARIA_US_PR_2017",2000-05-01,0.84,"C"
"QROO_WILMA","3","WILMA_QROO_2005",2000-05-01,1.06,"C"
"TX_US_HARVEY","6","HARVEY_US_TX_2017",2000-05-01,1.07,"WG"
"TX_US_IKE","4","IKE_US_TX_2008",2000-05-01,0.88,"SUS"
"TX_US_RITA","4","RITA_US_TX_2005",2000-05-01,0.89,"SUS"
"US_FL_DELTA","4","DELTA_US_LA_2020",2000-05-01,0.91,"SUS"
"US_FL_DENNIS","4","DENNIS_US_FL_2005",2000-05-01,1.22,"SUS"
"VER_MX_KARL","5","KARL_MX_VER_2010",2000-05-01,1.22,"SG"
"YUC_DELTA","5","DELTA_YUCATAN_MX_2020",2000-05-01,1.1,"SG"
"YUC_MX_EMILY","5","EMILY_MX_YUC_2005",2000-05-01,1.15,"SG"
"YUC_MX_ISIDORE","5","ISIDORE_MX_YUC_2002",2000-05-01,1.52,"SG"
"AL_US_IVAN","4","IVAN_US_AL_2004",2000-06-01,1.1,"SUS"
"AL_US_SALLY","4","SALLY_US_AL_2020",2000-06-01,1.05,"SUS"
"ALEX","6","ALEX_2010",2000-06-01,1.37,"WG"
"BELICE_RICHARD","3","RICHARD_BELICE_2010",2000-06-01,0.81,"C"
"BELIZE_IRIS","2","IRIS_BELIZE_2001",2000-06-01,0.66,"CA"
"BETA","2","BETA_2005",2000-06-01,0.34,"CA"
"CR_OTTO","2","OTTO_CR_2016",2000-06-01,0.5,"CA"
"CUBA_DENNIS","3","DENNIS_CUBA_2005",2000-06-01,0.95,"C"
"CUBA_GUSTAV","3","GUSTAV_CUBA_2008",2000-06-01,0.84,"C"
"CUBA_IAN","3","IAN_CUBA_2022",2000-06-01,0.81,"C"
"CUBA_MICHELLE","3","MICHELLE_CUBA_2001",2000-06-01,0.93,"C"
"CUBA_PALOMA","3","PALOMA_CUBA_2008",2000-06-01,0.83,"C"
"CUBA_SANDY","3","SANDY_CUBA_2012",2000-06-01,0.75,"C"
"DEAN_QROO_MX","5","DEAN_QROO_MX_2007",2000-06-01,0.8,"SG"
"FL_US_CHARLEY","1","CHARLEY_2004",2000-06-01,1.23,"FP"
"FL_US_FRANCES","1","FRANCES_US_FL_2004",2000-06-01,1.1,"FP"
"FL_US_IAN","1","IAN_US_FL_2022",2000-06-01,1.22,"FP"
"FL_US_IRMA","1","IRMA_US_FL_2017",2000-06-01,1.16,"FP"
"FL_US_JEANNE","1","JEANNE_US_FL_2004",2000-06-01,1.1,"FP"
"FL_US_MICHAEL","4","MICHAEL_US_FL_2018",2000-06-01,1.28,"SUS"
"FL_US_WILMA","1","WILMA_US_FL_2005",2000-06-01,1.08,"FP"
"LA_US_GUSTAV","4","GUSTAV_US_LA_2008",2000-06-01,0.97,"SUS"
"LA_US_IDA","4","IDA_US_LA_2009",2000-06-01,0.96,"SUS"
"LA_US_KATRINA","4","KATRINA_US_LA_2005",2000-06-01,1.01,"SUS"
"LA_US_LAURA","4","LAURA_US_LA_2020",2000-06-01,1.05,"SUS"
"LA_US_ZETA","4","ZETA_US_LA_2020",2000-06-01,0.92,"SUS"
"MX_ERNESTO","5","ERNESTO_MX_2012",2000-06-01,0.79,"SG"
"MX_GRACE","3","GRACE_MX_2021",2000-06-01,0.85,"C"
"MX_TAMPS_EMILY","6","EMILY_TAMPS_MX_2005",2000-06-01,1.36,"WG"
"NC_US_ISABEL","4","ISABEL_US_NC_2003",2000-06-01,0.9,"SUS"
"NIC_ETA","2","ETA_NIC_2020",2000-06-01,0.47,"CA"
"NIC_FELIX","2","FELIX_NIC_2007",2000-06-01,0.48,"CA"
"NIC_IOTA","2","IOTA_NIC_2020",2000-06-01,0.48,"CA"
"PR_USA_MARIA","3","MARIA_US_PR_2017",2000-06-01,0.86,"C"
"QROO_WILMA","3","WILMA_QROO_2005",2000-06-01,0.87,"C"
"TX_US_HARVEY","6","HARVEY_US_TX_2017",2000-06-01,1.18,"WG"
"TX_US_IKE","4","IKE_US_TX_2008",2000-06-01,1.03,"SUS"
"TX_US_RITA","4","RITA_US_TX_2005",2000-06-01,1.04,"SUS"
"US_FL_DELTA","4","DELTA_US_LA_2020",2000-06-01,1.08,"SUS"
"US_FL_DENNIS","4","DENNIS_US_FL_2005",2000-06-01,1.14,"SUS"
"VER_MX_KARL","5","KARL_MX_VER_2010",2000-06-01,0.94,"SG"
"YUC_DELTA","5","DELTA_YUCATAN_MX_2020",2000-06-01,0.89,"SG"
"YUC_MX_EMILY","5","EMILY_MX_YUC_2005",2000-06-01,0.94,"SG"
"YUC_MX_ISIDORE","5","ISIDORE_MX_YUC_2002",2000-06-01,1.07,"SG"
"AL_US_IVAN","4","IVAN_US_AL_2004",2000-07-01,1.39,"SUS"
"AL_US_SALLY","4","SALLY_US_AL_2020",2000-07-01,1.29,"SUS"
"ALEX","6","ALEX_2010",2000-07-01,1.65,"WG"
"BELICE_RICHARD","3","RICHARD_BELICE_2010",2000-07-01,0.78,"C"
"BELIZE_IRIS","2","IRIS_BELIZE_2001",2000-07-01,0.64,"CA"
"BETA","2","BETA_2005",2000-07-01,0.31,"CA"
"CR_OTTO","2","OTTO_CR_2016",2000-07-01,0.43,"CA"
"CUBA_DENNIS","3","DENNIS_CUBA_2005",2000-07-01,1.01,"C"
"CUBA_GUSTAV","3","GUSTAV_CUBA_2008",2000-07-01,0.84,"C"
"CUBA_IAN","3","IAN_CUBA_2022",2000-07-01,0.83,"C"
"CUBA_MICHELLE","3","MICHELLE_CUBA_2001",2000-07-01,1,"C"
"CUBA_PALOMA","3","PALOMA_CUBA_2008",2000-07-01,1,"C"
"CUBA_SANDY","3","SANDY_CUBA_2012",2000-07-01,0.88,"C"
"DEAN_QROO_MX","5","DEAN_QROO_MX_2007",2000-07-01,0.9,"SG"
"FL_US_CHARLEY","1","CHARLEY_2004",2000-07-01,1.2,"FP"
"FL_US_FRANCES","1","FRANCES_US_FL_2004",2000-07-01,1.14,"FP"
"FL_US_IAN","1","IAN_US_FL_2022",2000-07-01,1.2,"FP"
"FL_US_IRMA","1","IRMA_US_FL_2017",2000-07-01,1.19,"FP"
"FL_US_JEANNE","1","JEANNE_US_FL_2004",2000-07-01,1.14,"FP"
"FL_US_MICHAEL","4","MICHAEL_US_FL_2018",2000-07-01,1.46,"SUS"
"FL_US_WILMA","1","WILMA_US_FL_2005",2000-07-01,1.14,"FP"
"LA_US_GUSTAV","4","GUSTAV_US_LA_2008",2000-07-01,1.23,"SUS"
"LA_US_IDA","4","IDA_US_LA_2009",2000-07-01,1.19,"SUS"
"LA_US_KATRINA","4","KATRINA_US_LA_2005",2000-07-01,1.26,"SUS"
"LA_US_LAURA","4","LAURA_US_LA_2020",2000-07-01,1.29,"SUS"
"LA_US_ZETA","4","ZETA_US_LA_2020",2000-07-01,1.17,"SUS"
"MX_ERNESTO","5","ERNESTO_MX_2012",2000-07-01,0.89,"SG"
"MX_GRACE","3","GRACE_MX_2021",2000-07-01,0.9,"C"
"MX_TAMPS_EMILY","6","EMILY_TAMPS_MX_2005",2000-07-01,1.85,"WG"
"NC_US_ISABEL","4","ISABEL_US_NC_2003",2000-07-01,0.85,"SUS"
"NIC_ETA","2","ETA_NIC_2020",2000-07-01,0.43,"CA"
"NIC_FELIX","2","FELIX_NIC_2007",2000-07-01,0.43,"CA"
"NIC_IOTA","2","IOTA_NIC_2020",2000-07-01,0.45,"CA"
"PR_USA_MARIA","3","MARIA_US_PR_2017",2000-07-01,0.91,"C"
"QROO_WILMA","3","WILMA_QROO_2005",2000-07-01,0.91,"C"
"TX_US_HARVEY","6","HARVEY_US_TX_2017",2000-07-01,1.56,"WG"
"TX_US_IKE","4","IKE_US_TX_2008",2000-07-01,1.32,"SUS"
"TX_US_RITA","4","RITA_US_TX_2005",2000-07-01,1.27,"SUS"
"US_FL_DELTA","4","DELTA_US_LA_2020",2000-07-01,1.32,"SUS"
"US_FL_DENNIS","4","DENNIS_US_FL_2005",2000-07-01,1.43,"SUS"
"VER_MX_KARL","5","KARL_MX_VER_2010",2000-07-01,0.81,"SG"
"YUC_DELTA","5","DELTA_YUCATAN_MX_2020",2000-07-01,0.92,"SG"
"YUC_MX_EMILY","5","EMILY_MX_YUC_2005",2000-07-01,1,"SG"
"YUC_MX_ISIDORE","5","ISIDORE_MX_YUC_2002",2000-07-01,1.04,"SG"
"AL_US_IVAN","4","IVAN_US_AL_2004",2000-08-01,1.35,"SUS"
"AL_US_SALLY","4","SALLY_US_AL_2020",2000-08-01,1.26,"SUS"
"ALEX","6","ALEX_2010",2000-08-01,1.51,"WG"
"BELICE_RICHARD","3","RICHARD_BELICE_2010",2000-08-01,0.74,"C"
"BELIZE_IRIS","2","IRIS_BELIZE_2001",2000-08-01,0.6,"CA"
"BETA","2","BETA_2005",2000-08-01,0.32,"CA"
"CR_OTTO","2","OTTO_CR_2016",2000-08-01,0.44,"CA"
"CUBA_DENNIS","3","DENNIS_CUBA_2005",2000-08-01,1.03,"C"
"CUBA_GUSTAV","3","GUSTAV_CUBA_2008",2000-08-01,0.85,"C"
"CUBA_IAN","3","IAN_CUBA_2022",2000-08-01,0.82,"C"
"CUBA_MICHELLE","3","MICHELLE_CUBA_2001",2000-08-01,1,"C"
"CUBA_PALOMA","3","PALOMA_CUBA_2008",2000-08-01,0.99,"C"
"CUBA_SANDY","3","SANDY_CUBA_2012",2000-08-01,0.9,"C"
"DEAN_QROO_MX","5","DEAN_QROO_MX_2007",2000-08-01,0.82,"SG"
"FL_US_CHARLEY","1","CHARLEY_2004",2000-08-01,1.17,"FP"
"FL_US_FRANCES","1","FRANCES_US_FL_2004",2000-08-01,1.11,"FP"
"FL_US_IAN","1","IAN_US_FL_2022",2000-08-01,1.17,"FP"
"FL_US_IRMA","1","IRMA_US_FL_2017",2000-08-01,1.15,"FP"
"FL_US_JEANNE","1","JEANNE_US_FL_2004",2000-08-01,1.11,"FP"
"FL_US_MICHAEL","4","MICHAEL_US_FL_2018",2000-08-01,1.32,"SUS"
"FL_US_WILMA","1","WILMA_US_FL_2005",2000-08-01,1.11,"FP"
"LA_US_GUSTAV","4","GUSTAV_US_LA_2008",2000-08-01,1.28,"SUS"
"LA_US_IDA","4","IDA_US_LA_2009",2000-08-01,1.29,"SUS"
"LA_US_KATRINA","4","KATRINA_US_LA_2005",2000-08-01,1.3,"SUS"
"LA_US_LAURA","4","LAURA_US_LA_2020",2000-08-01,1.49,"SUS"
"LA_US_ZETA","4","ZETA_US_LA_2020",2000-08-01,1.24,"SUS"
"MX_ERNESTO","5","ERNESTO_MX_2012",2000-08-01,0.81,"SG"
"MX_GRACE","3","GRACE_MX_2021",2000-08-01,0.76,"C"
"MX_TAMPS_EMILY","6","EMILY_TAMPS_MX_2005",2000-08-01,1.54,"WG"
"NC_US_ISABEL","4","ISABEL_US_NC_2003",2000-08-01,0.66,"SUS"
"NIC_ETA","2","ETA_NIC_2020",2000-08-01,0.44,"CA"
"NIC_FELIX","2","FELIX_NIC_2007",2000-08-01,0.45,"CA"
"NIC_IOTA","2","IOTA_NIC_2020",2000-08-01,0.45,"CA"
"PR_USA_MARIA","3","MARIA_US_PR_2017",2000-08-01,0.8,"C"
"QROO_WILMA","3","WILMA_QROO_2005",2000-08-01,0.86,"C"
"TX_US_HARVEY","6","HARVEY_US_TX_2017",2000-08-01,1.55,"WG"
"TX_US_IKE","4","IKE_US_TX_2008",2000-08-01,1.51,"SUS"
"TX_US_RITA","4","RITA_US_TX_2005",2000-08-01,1.45,"SUS"
"US_FL_DELTA","4","DELTA_US_LA_2020",2000-08-01,1.48,"SUS"
"US_FL_DENNIS","4","DENNIS_US_FL_2005",2000-08-01,1.37,"SUS"
"VER_MX_KARL","5","KARL_MX_VER_2010",2000-08-01,0.84,"SG"
"YUC_DELTA","5","DELTA_YUCATAN_MX_2020",2000-08-01,0.86,"SG"
"YUC_MX_EMILY","5","EMILY_MX_YUC_2005",2000-08-01,0.92,"SG"
"YUC_MX_ISIDORE","5","ISIDORE_MX_YUC_2002",2000-08-01,0.94,"SG"
"AL_US_IVAN","4","IVAN_US_AL_2004",2000-09-01,0.99,"SUS"
"AL_US_SALLY","4","SALLY_US_AL_2020",2000-09-01,0.95,"SUS"
"ALEX","6","ALEX_2010",2000-09-01,1.5,"WG"
"BELICE_RICHARD","3","RICHARD_BELICE_2010",2000-09-01,0.69,"C"
"BELIZE_IRIS","2","IRIS_BELIZE_2001",2000-09-01,0.55,"CA"
"BETA","2","BETA_2005",2000-09-01,0.5,"CA"
"CR_OTTO","2","OTTO_CR_2016",2000-09-01,0.55,"CA"
"CUBA_DENNIS","3","DENNIS_CUBA_2005",2000-09-01,0.84,"C"
"CUBA_GUSTAV","3","GUSTAV_CUBA_2008",2000-09-01,0.72,"C"
"CUBA_IAN","3","IAN_CUBA_2022",2000-09-01,0.69,"C"
"CUBA_MICHELLE","3","MICHELLE_CUBA_2001",2000-09-01,0.82,"C"
"CUBA_PALOMA","3","PALOMA_CUBA_2008",2000-09-01,0.83,"C"
"CUBA_SANDY","3","SANDY_CUBA_2012",2000-09-01,0.76,"C"
"DEAN_QROO_MX","5","DEAN_QROO_MX_2007",2000-09-01,0.77,"SG"
"FL_US_CHARLEY","1","CHARLEY_2004",2000-09-01,1.02,"FP"
"FL_US_FRANCES","1","FRANCES_US_FL_2004",2000-09-01,1.01,"FP"
"FL_US_IAN","1","IAN_US_FL_2022",2000-09-01,1.03,"FP"
"FL_US_IRMA","1","IRMA_US_FL_2017",2000-09-01,1.04,"FP"
"FL_US_JEANNE","1","JEANNE_US_FL_2004",2000-09-01,1.02,"FP"
"FL_US_MICHAEL","4","MICHAEL_US_FL_2018",2000-09-01,0.94,"SUS"
"FL_US_WILMA","1","WILMA_US_FL_2005",2000-09-01,1.05,"FP"
"LA_US_GUSTAV","4","GUSTAV_US_LA_2008",2000-09-01,0.99,"SUS"
"LA_US_IDA","4","IDA_US_LA_2009",2000-09-01,1,"SUS"
"LA_US_KATRINA","4","KATRINA_US_LA_2005",2000-09-01,1.01,"SUS"
"LA_US_LAURA","4","LAURA_US_LA_2020",2000-09-01,1.19,"SUS"
"LA_US_ZETA","4","ZETA_US_LA_2020",2000-09-01,0.96,"SUS"
"MX_ERNESTO","5","ERNESTO_MX_2012",2000-09-01,0.77,"SG"
"MX_GRACE","3","GRACE_MX_2021",2000-09-01,0.8,"C"
"MX_TAMPS_EMILY","6","EMILY_TAMPS_MX_2005",2000-09-01,1.62,"WG"
"NC_US_ISABEL","4","ISABEL_US_NC_2003",2000-09-01,0.62,"SUS"
"NIC_ETA","2","ETA_NIC_2020",2000-09-01,0.51,"CA"
"NIC_FELIX","2","FELIX_NIC_2007",2000-09-01,0.52,"CA"
"NIC_IOTA","2","IOTA_NIC_2020",2000-09-01,0.52,"CA"
"PR_USA_MARIA","3","MARIA_US_PR_2017",2000-09-01,0.79,"C"
"QROO_WILMA","3","WILMA_QROO_2005",2000-09-01,0.71,"C"
"TX_US_HARVEY","6","HARVEY_US_TX_2017",2000-09-01,1.43,"WG"
"TX_US_IKE","4","IKE_US_TX_2008",2000-09-01,1.25,"SUS"
"TX_US_RITA","4","RITA_US_TX_2005",2000-09-01,1.2,"SUS"
"US_FL_DELTA","4","DELTA_US_LA_2020",2000-09-01,1.21,"SUS"
"US_FL_DENNIS","4","DENNIS_US_FL_2005",2000-09-01,1,"SUS"
"VER_MX_KARL","5","KARL_MX_VER_2010",2000-09-01,0.87,"SG"
"YUC_DELTA","5","DELTA_YUCATAN_MX_2020",2000-09-01,0.73,"SG"
"YUC_MX_EMILY","5","EMILY_MX_YUC_2005",2000-09-01,0.81,"SG"
"YUC_MX_ISIDORE","5","ISIDORE_MX_YUC_2002",2000-09-01,0.89,"SG"
"AL_US_IVAN","4","IVAN_US_AL_2004",2000-10-01,1,"SUS"
"AL_US_SALLY","4","SALLY_US_AL_2020",2000-10-01,1.01,"SUS"
"ALEX","6","ALEX_2010",2000-10-01,0.91,"WG"
"BELICE_RICHARD","3","RICHARD_BELICE_2010",2000-10-01,0.66,"C"
"BELIZE_IRIS","2","IRIS_BELIZE_2001",2000-10-01,0.56,"CA"
"BETA","2","BETA_2005",2000-10-01,0.48,"CA"
"CR_OTTO","2","OTTO_CR_2016",2000-10-01,0.47,"CA"
"CUBA_DENNIS","3","DENNIS_CUBA_2005",2000-10-01,0.77,"C"
"CUBA_GUSTAV","3","GUSTAV_CUBA_2008",2000-10-01,0.67,"C"
"CUBA_IAN","3","IAN_CUBA_2022",2000-10-01,0.65,"C"
"CUBA_MICHELLE","3","MICHELLE_CUBA_2001",2000-10-01,0.76,"C"
"CUBA_PALOMA","3","PALOMA_CUBA_2008",2000-10-01,0.67,"C"
"CUBA_SANDY","3","SANDY_CUBA_2012",2000-10-01,0.54,"C"
"DEAN_QROO_MX","5","DEAN_QROO_MX_2007",2000-10-01,0.69,"SG"
"FL_US_CHARLEY","1","CHARLEY_2004",2000-10-01,0.97,"FP"
"FL_US_FRANCES","1","FRANCES_US_FL_2004",2000-10-01,0.95,"FP"
"FL_US_IAN","1","IAN_US_FL_2022",2000-10-01,0.98,"FP"
"FL_US_IRMA","1","IRMA_US_FL_2017",2000-10-01,1.01,"FP"
"FL_US_JEANNE","1","JEANNE_US_FL_2004",2000-10-01,0.95,"FP"
"FL_US_MICHAEL","4","MICHAEL_US_FL_2018",2000-10-01,0.98,"SUS"
"FL_US_WILMA","1","WILMA_US_FL_2005",2000-10-01,0.98,"FP"
"LA_US_GUSTAV","4","GUSTAV_US_LA_2008",2000-10-01,0.87,"SUS"
"LA_US_IDA","4","IDA_US_LA_2009",2000-10-01,0.88,"SUS"
"LA_US_KATRINA","4","KATRINA_US_LA_2005",2000-10-01,0.95,"SUS"
"LA_US_LAURA","4","LAURA_US_LA_2020",2000-10-01,0.92,"SUS"
"LA_US_ZETA","4","ZETA_US_LA_2020",2000-10-01,0.84,"SUS"
"MX_ERNESTO","5","ERNESTO_MX_2012",2000-10-01,0.69,"SG"
"MX_GRACE","3","GRACE_MX_2021",2000-10-01,0.61,"C"
"MX_TAMPS_EMILY","6","EMILY_TAMPS_MX_2005",2000-10-01,0.88,"WG"
"NC_US_ISABEL","4","ISABEL_US_NC_2003",2000-10-01,0.66,"SUS"
"NIC_ETA","2","ETA_NIC_2020",2000-10-01,0.67,"CA"
"NIC_FELIX","2","FELIX_NIC_2007",2000-10-01,0.68,"CA"
"NIC_IOTA","2","IOTA_NIC_2020",2000-10-01,0.68,"CA"
"PR_USA_MARIA","3","MARIA_US_PR_2017",2000-10-01,0.8,"C"
"QROO_WILMA","3","WILMA_QROO_2005",2000-10-01,0.65,"C"
"TX_US_HARVEY","6","HARVEY_US_TX_2017",2000-10-01,0.97,"WG"
"TX_US_IKE","4","IKE_US_TX_2008",2000-10-01,0.91,"SUS"
"TX_US_RITA","4","RITA_US_TX_2005",2000-10-01,0.91,"SUS"
"US_FL_DELTA","4","DELTA_US_LA_2020",2000-10-01,0.96,"SUS"
"US_FL_DENNIS","4","DENNIS_US_FL_2005",2000-10-01,1,"SUS"
"VER_MX_KARL","5","KARL_MX_VER_2010",2000-10-01,0.8,"SG"
"YUC_DELTA","5","DELTA_YUCATAN_MX_2020",2000-10-01,0.66,"SG"
"YUC_MX_EMILY","5","EMILY_MX_YUC_2005",2000-10-01,0.73,"SG"
"YUC_MX_ISIDORE","5","ISIDORE_MX_YUC_2002",2000-10-01,0.77,"SG"
"AL_US_IVAN","4","IVAN_US_AL_2004",2000-11-01,0.55,"SUS"
"AL_US_SALLY","4","SALLY_US_AL_2020",2000-11-01,0.54,"SUS"
"ALEX","6","ALEX_2010",2000-11-01,0.84,"WG"
"BELICE_RICHARD","3","RICHARD_BELICE_2010",2000-11-01,0.6,"C"
"BELIZE_IRIS","2","IRIS_BELIZE_2001",2000-11-01,0.48,"CA"
"BETA","2","BETA_2005",2000-11-01,0.5,"CA"
"CR_OTTO","2","OTTO_CR_2016",2000-11-01,0.5,"CA"
"CUBA_DENNIS","3","DENNIS_CUBA_2005",2000-11-01,0.84,"C"
"CUBA_GUSTAV","3","GUSTAV_CUBA_2008",2000-11-01,0.79,"C"
"CUBA_IAN","3","IAN_CUBA_2022",2000-11-01,0.78,"C"
"CUBA_MICHELLE","3","MICHELLE_CUBA_2001",2000-11-01,0.81,"C"
"CUBA_PALOMA","3","PALOMA_CUBA_2008",2000-11-01,0.74,"C"
"CUBA_SANDY","3","SANDY_CUBA_2012",2000-11-01,0.6,"C"
"DEAN_QROO_MX","5","DEAN_QROO_MX_2007",2000-11-01,0.72,"SG"
"FL_US_CHARLEY","1","CHARLEY_2004",2000-11-01,0.84,"FP"
"FL_US_FRANCES","1","FRANCES_US_FL_2004",2000-11-01,0.83,"FP"
"FL_US_IAN","1","IAN_US_FL_2022",2000-11-01,0.85,"FP"
"FL_US_IRMA","1","IRMA_US_FL_2017",2000-11-01,0.89,"FP"
"FL_US_JEANNE","1","JEANNE_US_FL_2004",2000-11-01,0.84,"FP"
"FL_US_MICHAEL","4","MICHAEL_US_FL_2018",2000-11-01,0.66,"SUS"
"FL_US_WILMA","1","WILMA_US_FL_2005",2000-11-01,0.87,"FP"
"LA_US_GUSTAV","4","GUSTAV_US_LA_2008",2000-11-01,0.41,"SUS"
"LA_US_IDA","4","IDA_US_LA_2009",2000-11-01,0.42,"SUS"
"LA_US_KATRINA","4","KATRINA_US_LA_2005",2000-11-01,0.44,"SUS"
"LA_US_LAURA","4","LAURA_US_LA_2020",2000-11-01,0.43,"SUS"
"LA_US_ZETA","4","ZETA_US_LA_2020",2000-11-01,0.4,"SUS"
"MX_ERNESTO","5","ERNESTO_MX_2012",2000-11-01,0.71,"SG"
"MX_GRACE","3","GRACE_MX_2021",2000-11-01,0.58,"C"
"MX_TAMPS_EMILY","6","EMILY_TAMPS_MX_2005",2000-11-01,0.78,"WG"
"NC_US_ISABEL","4","ISABEL_US_NC_2003",2000-11-01,0.41,"SUS"
"NIC_ETA","2","ETA_NIC_2020",2000-11-01,0.54,"CA"
"NIC_FELIX","2","FELIX_NIC_2007",2000-11-01,0.54,"CA"
"NIC_IOTA","2","IOTA_NIC_2020",2000-11-01,0.55,"CA"
"PR_USA_MARIA","3","MARIA_US_PR_2017",2000-11-01,0.73,"C"
"QROO_WILMA","3","WILMA_QROO_2005",2000-11-01,0.73,"C"
"TX_US_HARVEY","6","HARVEY_US_TX_2017",2000-11-01,0.61,"WG"
"TX_US_IKE","4","IKE_US_TX_2008",2000-11-01,0.49,"SUS"
"TX_US_RITA","4","RITA_US_TX_2005",2000-11-01,0.45,"SUS"
"US_FL_DELTA","4","DELTA_US_LA_2020",2000-11-01,0.44,"SUS"
"US_FL_DENNIS","4","DENNIS_US_FL_2005",2000-11-01,0.56,"SUS"
"VER_MX_KARL","5","KARL_MX_VER_2010",2000-11-01,0.78,"SG"
"YUC_DELTA","5","DELTA_YUCATAN_MX_2020",2000-11-01,0.75,"SG"
"YUC_MX_EMILY","5","EMILY_MX_YUC_2005",2000-11-01,0.82,"SG"
"YUC_MX_ISIDORE","5","ISIDORE_MX_YUC_2002",2000-11-01,0.86,"SG"
"AL_US_IVAN","4","IVAN_US_AL_2004",2000-12-01,0.35,"SUS"
"AL_US_SALLY","4","SALLY_US_AL_2020",2000-12-01,0.34,"SUS"
"ALEX","6","ALEX_2010",2000-12-01,0.62,"WG"
"BELICE_RICHARD","3","RICHARD_BELICE_2010",2000-12-01,0.57,"C"
"BELIZE_IRIS","2","IRIS_BELIZE_2001",2000-12-01,0.48,"CA"
"BETA","2","BETA_2005",2000-12-01,0.45,"CA"
"CR_OTTO","2","OTTO_CR_2016",2000-12-01,0.57,"CA"
"CUBA_DENNIS","3","DENNIS_CUBA_2005",2000-12-01,0.76,"C"
"CUBA_GUSTAV","3","GUSTAV_CUBA_2008",2000-12-01,0.6,"C"
"CUBA_IAN","3","IAN_CUBA_2022",2000-12-01,0.58,"C"
"CUBA_MICHELLE","3","MICHELLE_CUBA_2001",2000-12-01,0.74,"C"
"CUBA_PALOMA","3","PALOMA_CUBA_2008",2000-12-01,0.68,"C"
"CUBA_SANDY","3","SANDY_CUBA_2012",2000-12-01,0.62,"C"
"DEAN_QROO_MX","5","DEAN_QROO_MX_2007",2000-12-01,0.66,"SG"
"FL_US_CHARLEY","1","CHARLEY_2004",2000-12-01,0.64,"FP"
"FL_US_FRANCES","1","FRANCES_US_FL_2004",2000-12-01,0.66,"FP"
"FL_US_IAN","1","IAN_US_FL_2022",2000-12-01,0.66,"FP"
"FL_US_IRMA","1","IRMA_US_FL_2017",2000-12-01,0.72,"FP"
"FL_US_JEANNE","1","JEANNE_US_FL_2004",2000-12-01,0.66,"FP"
"FL_US_MICHAEL","4","MICHAEL_US_FL_2018",2000-12-01,0.36,"SUS"
"FL_US_WILMA","1","WILMA_US_FL_2005",2000-12-01,0.72,"FP"
"LA_US_GUSTAV","4","GUSTAV_US_LA_2008",2000-12-01,0.27,"SUS"
"LA_US_IDA","4","IDA_US_LA_2009",2000-12-01,0.31,"SUS"
"LA_US_KATRINA","4","KATRINA_US_LA_2005",2000-12-01,0.33,"SUS"
"LA_US_LAURA","4","LAURA_US_LA_2020",2000-12-01,0.33,"SUS"
"LA_US_ZETA","4","ZETA_US_LA_2020",2000-12-01,0.29,"SUS"
"MX_ERNESTO","5","ERNESTO_MX_2012",2000-12-01,0.65,"SG"
"MX_GRACE","3","GRACE_MX_2021",2000-12-01,0.39,"C"
"MX_TAMPS_EMILY","6","EMILY_TAMPS_MX_2005",2000-12-01,0.57,"WG"
"NC_US_ISABEL","4","ISABEL_US_NC_2003",2000-12-01,0.27,"SUS"
"NIC_ETA","2","ETA_NIC_2020",2000-12-01,0.47,"CA"
"NIC_FELIX","2","FELIX_NIC_2007",2000-12-01,0.46,"CA"
"NIC_IOTA","2","IOTA_NIC_2020",2000-12-01,0.49,"CA"
"PR_USA_MARIA","3","MARIA_US_PR_2017",2000-12-01,0.55,"C"
"QROO_WILMA","3","WILMA_QROO_2005",2000-12-01,0.61,"C"
"TX_US_HARVEY","6","HARVEY_US_TX_2017",2000-12-01,0.48,"WG"
"TX_US_IKE","4","IKE_US_TX_2008",2000-12-01,0.38,"SUS"
"TX_US_RITA","4","RITA_US_TX_2005",2000-12-01,0.34,"SUS"
"US_FL_DELTA","4","DELTA_US_LA_2020",2000-12-01,0.33,"SUS"
"US_FL_DENNIS","4","DENNIS_US_FL_2005",2000-12-01,0.35,"SUS"
"VER_MX_KARL","5","KARL_MX_VER_2010",2000-12-01,0.7,"SG"
"YUC_DELTA","5","DELTA_YUCATAN_MX_2020",2000-12-01,0.64,"SG"
"YUC_MX_EMILY","5","EMILY_MX_YUC_2005",2000-12-01,0.77,"SG"
"YUC_MX_ISIDORE","5","ISIDORE_MX_YUC_2002",2000-12-01,0.77,"SG"
"AL_US_IVAN","4","IVAN_US_AL_2004",2001-01-01,0.43,"SUS"
"AL_US_SALLY","4","SALLY_US_AL_2020",2001-01-01,0.45,"SUS"
"ALEX","6","ALEX_2010",2001-01-01,0.63,"WG"
"BELICE_RICHARD","3","RICHARD_BELICE_2010",2001-01-01,0.6,"C"
"BELIZE_IRIS","2","IRIS_BELIZE_2001",2001-01-01,0.54,"CA"
"BETA","2","BETA_2005",2001-01-01,0.41,"CA"
"CR_OTTO","2","OTTO_CR_2016",2001-01-01,0.53,"CA"
"CUBA_DENNIS","3","DENNIS_CUBA_2005",2001-01-01,0.71,"C"
"CUBA_GUSTAV","3","GUSTAV_CUBA_2008",2001-01-01,0.63,"C"
"CUBA_IAN","3","IAN_CUBA_2022",2001-01-01,0.61,"C"
"CUBA_MICHELLE","3","MICHELLE_CUBA_2001",2001-01-01,0.68,"C"
"CUBA_PALOMA","3","PALOMA_CUBA_2008",2001-01-01,0.59,"C"
"CUBA_SANDY","3","SANDY_CUBA_2012",2001-01-01,0.48,"C"
"DEAN_QROO_MX","5","DEAN_QROO_MX_2007",2001-01-01,0.7,"SG"
"FL_US_CHARLEY","1","CHARLEY_2004",2001-01-01,0.67,"FP"
"FL_US_FRANCES","1","FRANCES_US_FL_2004",2001-01-01,0.67,"FP"
"FL_US_IAN","1","IAN_US_FL_2022",2001-01-01,0.68,"FP"
"FL_US_IRMA","1","IRMA_US_FL_2017",2001-01-01,0.69,"FP"
"FL_US_JEANNE","1","JEANNE_US_FL_2004",2001-01-01,0.68,"FP"
"FL_US_MICHAEL","4","MICHAEL_US_FL_2018",2001-01-01,0.55,"SUS"
"FL_US_WILMA","1","WILMA_US_FL_2005",2001-01-01,0.67,"FP"
"LA_US_GUSTAV","4","GUSTAV_US_LA_2008",2001-01-01,0.28,"SUS"
"LA_US_IDA","4","IDA_US_LA_2009",2001-01-01,0.32,"SUS"
"LA_US_KATRINA","4","KATRINA_US_LA_2005",2001-01-01,0.37,"SUS"
"LA_US_LAURA","4","LAURA_US_LA_2020",2001-01-01,0.37,"SUS"
"LA_US_ZETA","4","ZETA_US_LA_2020",2001-01-01,0.31,"SUS"
"MX_ERNESTO","5","ERNESTO_MX_2012",2001-01-01,0.69,"SG"
"MX_GRACE","3","GRACE_MX_2021",2001-01-01,0.47,"C"
"MX_TAMPS_EMILY","6","EMILY_TAMPS_MX_2005",2001-01-01,0.52,"WG"
"NC_US_ISABEL","4","ISABEL_US_NC_2003",2001-01-01,0.39,"SUS"
"NIC_ETA","2","ETA_NIC_2020",2001-01-01,0.48,"CA"
"NIC_FELIX","2","FELIX_NIC_2007",2001-01-01,0.45,"CA"
"NIC_IOTA","2","IOTA_NIC_2020",2001-01-01,0.5,"CA"
"PR_USA_MARIA","3","MARIA_US_PR_2017",2001-01-01,0.75,"C"
"QROO_WILMA","3","WILMA_QROO_2005",2001-01-01,0.61,"C"
"TX_US_HARVEY","6","HARVEY_US_TX_2017",2001-01-01,0.47,"WG"
"TX_US_IKE","4","IKE_US_TX_2008",2001-01-01,0.39,"SUS"
"TX_US_RITA","4","RITA_US_TX_2005",2001-01-01,0.38,"SUS"
"US_FL_DELTA","4","DELTA_US_LA_2020",2001-01-01,0.35,"SUS"
"US_FL_DENNIS","4","DENNIS_US_FL_2005",2001-01-01,0.45,"SUS"
"VER_MX_KARL","5","KARL_MX_VER_2010",2001-01-01,0.72,"SG"
"YUC_DELTA","5","DELTA_YUCATAN_MX_2020",2001-01-01,0.64,"SG"
"YUC_MX_EMILY","5","EMILY_MX_YUC_2005",2001-01-01,0.78,"SG"
"YUC_MX_ISIDORE","5","ISIDORE_MX_YUC_2002",2001-01-01,0.85,"SG"
"AL_US_IVAN","4","IVAN_US_AL_2004",2001-02-01,0.61,"SUS"
"AL_US_SALLY","4","SALLY_US_AL_2020",2001-02-01,0.56,"SUS"
"ALEX","6","ALEX_2010",2001-02-01,0.76,"WG"
"BELICE_RICHARD","3","RICHARD_BELICE_2010",2001-02-01,0.72,"C"
"BELIZE_IRIS","2","IRIS_BELIZE_2001",2001-02-01,0.64,"CA"
"BETA","2","BETA_2005",2001-02-01,0.5,"CA"
"CR_OTTO","2","OTTO_CR_2016",2001-02-01,0.63,"CA"
"CUBA_DENNIS","3","DENNIS_CUBA_2005",2001-02-01,1.03,"C"
"CUBA_GUSTAV","3","GUSTAV_CUBA_2008",2001-02-01,0.86,"C"
"CUBA_IAN","3","IAN_CUBA_2022",2001-02-01,0.84,"C"
"CUBA_MICHELLE","3","MICHELLE_CUBA_2001",2001-02-01,1.01,"C"
"CUBA_PALOMA","3","PALOMA_CUBA_2008",2001-02-01,0.92,"C"
"CUBA_SANDY","3","SANDY_CUBA_2012",2001-02-01,0.78,"C"
"DEAN_QROO_MX","5","DEAN_QROO_MX_2007",2001-02-01,0.91,"SG"
"FL_US_CHARLEY","1","CHARLEY_2004",2001-02-01,0.81,"FP"
"FL_US_FRANCES","1","FRANCES_US_FL_2004",2001-02-01,0.79,"FP"
"FL_US_IAN","1","IAN_US_FL_2022",2001-02-01,0.81,"FP"
"FL_US_IRMA","1","IRMA_US_FL_2017",2001-02-01,0.78,"FP"
"FL_US_JEANNE","1","JEANNE_US_FL_2004",2001-02-01,0.79,"FP"
"FL_US_MICHAEL","4","MICHAEL_US_FL_2018",2001-02-01,0.65,"SUS"
"FL_US_WILMA","1","WILMA_US_FL_2005",2001-02-01,0.77,"FP"
"LA_US_GUSTAV","4","GUSTAV_US_LA_2008",2001-02-01,0.38,"SUS"
"LA_US_IDA","4","IDA_US_LA_2009",2001-02-01,0.42,"SUS"
"LA_US_KATRINA","4","KATRINA_US_LA_2005",2001-02-01,0.49,"SUS"
"LA_US_LAURA","4","LAURA_US_LA_2020",2001-02-01,0.52,"SUS"
"LA_US_ZETA","4","ZETA_US_LA_2020",2001-02-01,0.37,"SUS"
"MX_ERNESTO","5","ERNESTO_MX_2012",2001-02-01,0.9,"SG"
"MX_GRACE","3","GRACE_MX_2021",2001-02-01,0.57,"C"
"MX_TAMPS_EMILY","6","EMILY_TAMPS_MX_2005",2001-02-01,0.67,"WG"
"NC_US_ISABEL","4","ISABEL_US_NC_2003",2001-02-01,0.53,"SUS"
"NIC_ETA","2","ETA_NIC_2020",2001-02-01,0.6,"CA"
"NIC_FELIX","2","FELIX_NIC_2007",2001-02-01,0.54,"CA"
"NIC_IOTA","2","IOTA_NIC_2020",2001-02-01,0.6,"CA"
"PR_USA_MARIA","3","MARIA_US_PR_2017",2001-02-01,0.79,"C"
"QROO_WILMA","3","WILMA_QROO_2005",2001-02-01,0.81,"C"
"TX_US_HARVEY","6","HARVEY_US_TX_2017",2001-02-01,0.6,"WG"
"TX_US_IKE","4","IKE_US_TX_2008",2001-02-01,0.49,"SUS"
"TX_US_RITA","4","RITA_US_TX_2005",2001-02-01,0.52,"SUS"
"US_FL_DELTA","4","DELTA_US_LA_2020",2001-02-01,0.53,"SUS"
"US_FL_DENNIS","4","DENNIS_US_FL_2005",2001-02-01,0.63,"SUS"
"VER_MX_KARL","5","KARL_MX_VER_2010",2001-02-01,0.83,"SG"
"YUC_DELTA","5","DELTA_YUCATAN_MX_2020",2001-02-01,0.86,"SG"
"YUC_MX_EMILY","5","EMILY_MX_YUC_2005",2001-02-01,0.99,"SG"
"YUC_MX_ISIDORE","5","ISIDORE_MX_YUC_2002",2001-02-01,1.12,"SG"
"AL_US_IVAN","4","IVAN_US_AL_2004",2001-03-01,0.51,"SUS"
"AL_US_SALLY","4","SALLY_US_AL_2020",2001-03-01,0.47,"SUS"
"ALEX","6","ALEX_2010",2001-03-01,1.01,"WG"
"BELICE_RICHARD","3","RICHARD_BELICE_2010",2001-03-01,0.88,"C"
"BELIZE_IRIS","2","IRIS_BELIZE_2001",2001-03-01,0.79,"CA"
"BETA","2","BETA_2005",2001-03-01,0.71,"CA"
"CR_OTTO","2","OTTO_CR_2016",2001-03-01,0.72,"CA"
"CUBA_DENNIS","3","DENNIS_CUBA_2005",2001-03-01,1.1,"C"
"CUBA_GUSTAV","3","GUSTAV_CUBA_2008",2001-03-01,0.9,"C"
"CUBA_IAN","3","IAN_CUBA_2022",2001-03-01,0.87,"C"
"CUBA_MICHELLE","3","MICHELLE_CUBA_2001",2001-03-01,1.1,"C"
"CUBA_PALOMA","3","PALOMA_CUBA_2008",2001-03-01,1.12,"C"
"CUBA_SANDY","3","SANDY_CUBA_2012",2001-03-01,0.96,"C"
"DEAN_QROO_MX","5","DEAN_QROO_MX_2007",2001-03-01,1.08,"SG"
"FL_US_CHARLEY","1","CHARLEY_2004",2001-03-01,0.87,"FP"
"FL_US_FRANCES","1","FRANCES_US_FL_2004",2001-03-01,0.9,"FP"
"FL_US_IAN","1","IAN_US_FL_2022",2001-03-01,0.89,"FP"
"FL_US_IRMA","1","IRMA_US_FL_2017",2001-03-01,0.91,"FP"
"FL_US_JEANNE","1","JEANNE_US_FL_2004",2001-03-01,0.91,"FP"
"FL_US_MICHAEL","4","MICHAEL_US_FL_2018",2001-03-01,0.53,"SUS"
"FL_US_WILMA","1","WILMA_US_FL_2005",2001-03-01,0.93,"FP"
"LA_US_GUSTAV","4","GUSTAV_US_LA_2008",2001-03-01,0.41,"SUS"
"LA_US_IDA","4","IDA_US_LA_2009",2001-03-01,0.39,"SUS"
"LA_US_KATRINA","4","KATRINA_US_LA_2005",2001-03-01,0.44,"SUS"
"LA_US_LAURA","4","LAURA_US_LA_2020",2001-03-01,0.51,"SUS"
"LA_US_ZETA","4","ZETA_US_LA_2020",2001-03-01,0.35,"SUS"
"MX_ERNESTO","5","ERNESTO_MX_2012",2001-03-01,1.08,"SG"
"MX_GRACE","3","GRACE_MX_2021",2001-03-01,0.69,"C"
"MX_TAMPS_EMILY","6","EMILY_TAMPS_MX_2005",2001-03-01,0.9,"WG"
"NC_US_ISABEL","4","ISABEL_US_NC_2003",2001-03-01,0.52,"SUS"
"NIC_ETA","2","ETA_NIC_2020",2001-03-01,0.83,"CA"
"NIC_FELIX","2","FELIX_NIC_2007",2001-03-01,0.77,"CA"
"NIC_IOTA","2","IOTA_NIC_2020",2001-03-01,0.83,"CA"
"PR_USA_MARIA","3","MARIA_US_PR_2017",2001-03-01,0.86,"C"
"QROO_WILMA","3","WILMA_QROO_2005",2001-03-01,0.89,"C"
"TX_US_HARVEY","6","HARVEY_US_TX_2017",2001-03-01,0.64,"WG"
"TX_US_IKE","4","IKE_US_TX_2008",2001-03-01,0.51,"SUS"
"TX_US_RITA","4","RITA_US_TX_2005",2001-03-01,0.52,"SUS"
"US_FL_DELTA","4","DELTA_US_LA_2020",2001-03-01,0.52,"SUS"
"US_FL_DENNIS","4","DENNIS_US_FL_2005",2001-03-01,0.52,"SUS"
"VER_MX_KARL","5","KARL_MX_VER_2010",2001-03-01,1,"SG"
"YUC_DELTA","5","DELTA_YUCATAN_MX_2020",2001-03-01,0.95,"SG"
"YUC_MX_EMILY","5","EMILY_MX_YUC_2005",2001-03-01,1.12,"SG"
"YUC_MX_ISIDORE","5","ISIDORE_MX_YUC_2002",2001-03-01,1.39,"SG"
"AL_US_IVAN","4","IVAN_US_AL_2004",2001-04-01,0.92,"SUS"
"AL_US_SALLY","4","SALLY_US_AL_2020",2001-04-01,0.91,"SUS"
"ALEX","6","ALEX_2010",2001-04-01,1.25,"WG"
"BELICE_RICHARD","3","RICHARD_BELICE_2010",2001-04-01,1.01,"C"
"BELIZE_IRIS","2","IRIS_BELIZE_2001",2001-04-01,0.86,"CA"
"BETA","2","BETA_2005",2001-04-01,0.72,"CA"
"CR_OTTO","2","OTTO_CR_2016",2001-04-01,0.65,"CA"
"CUBA_DENNIS","3","DENNIS_CUBA_2005",2001-04-01,1.13,"C"
"CUBA_GUSTAV","3","GUSTAV_CUBA_2008",2001-04-01,1.01,"C"
"CUBA_IAN","3","IAN_CUBA_2022",2001-04-01,1,"C"
"CUBA_MICHELLE","3","MICHELLE_CUBA_2001",2001-04-01,1.13,"C"
"CUBA_PALOMA","3","PALOMA_CUBA_2008",2001-04-01,1.06,"C"
"CUBA_SANDY","3","SANDY_CUBA_2012",2001-04-01,0.94,"C"
"DEAN_QROO_MX","5","DEAN_QROO_MX_2007",2001-04-01,1.14,"SG"
"FL_US_CHARLEY","1","CHARLEY_2004",2001-04-01,1.07,"FP"
"FL_US_FRANCES","1","FRANCES_US_FL_2004",2001-04-01,1.02,"FP"
"FL_US_IAN","1","IAN_US_FL_2022",2001-04-01,1.08,"FP"
"FL_US_IRMA","1","IRMA_US_FL_2017",2001-04-01,1.06,"FP"
"FL_US_JEANNE","1","JEANNE_US_FL_2004",2001-04-01,1.02,"FP"
"FL_US_MICHAEL","4","MICHAEL_US_FL_2018",2001-04-01,0.95,"SUS"
"FL_US_WILMA","1","WILMA_US_FL_2005",2001-04-01,1.06,"FP"
"LA_US_GUSTAV","4","GUSTAV_US_LA_2008",2001-04-01,0.73,"SUS"
"LA_US_IDA","4","IDA_US_LA_2009",2001-04-01,0.73,"SUS"
"LA_US_KATRINA","4","KATRINA_US_LA_2005",2001-04-01,0.8,"SUS"
"LA_US_LAURA","4","LAURA_US_LA_2020",2001-04-01,0.85,"SUS"
"LA_US_ZETA","4","ZETA_US_LA_2020",2001-04-01,0.66,"SUS"
"MX_ERNESTO","5","ERNESTO_MX_2012",2001-04-01,1.13,"SG"
"MX_GRACE","3","GRACE_MX_2021",2001-04-01,0.9,"C"
"MX_TAMPS_EMILY","6","EMILY_TAMPS_MX_2005",2001-04-01,1.15,"WG"
"NC_US_ISABEL","4","ISABEL_US_NC_2003",2001-04-01,0.73,"SUS"
"NIC_ETA","2","ETA_NIC_2020",2001-04-01,0.89,"CA"
"NIC_FELIX","2","FELIX_NIC_2007",2001-04-01,0.83,"CA"
"NIC_IOTA","2","IOTA_NIC_2020",2001-04-01,0.89,"CA"
"PR_USA_MARIA","3","MARIA_US_PR_2017",2001-04-01,0.88,"C"
"QROO_WILMA","3","WILMA_QROO_2005",2001-04-01,1.05,"C"
"TX_US_HARVEY","6","HARVEY_US_TX_2017",2001-04-01,0.93,"WG"
"TX_US_IKE","4","IKE_US_TX_2008",2001-04-01,0.8,"SUS"
"TX_US_RITA","4","RITA_US_TX_2005",2001-04-01,0.83,"SUS"
"US_FL_DELTA","4","DELTA_US_LA_2020",2001-04-01,0.88,"SUS"
"US_FL_DENNIS","4","DENNIS_US_FL_2005",2001-04-01,0.93,"SUS"
"VER_MX_KARL","5","KARL_MX_VER_2010",2001-04-01,1.26,"SG"
"YUC_DELTA","5","DELTA_YUCATAN_MX_2020",2001-04-01,1.1,"SG"
"YUC_MX_EMILY","5","EMILY_MX_YUC_2005",2001-04-01,1.18,"SG"
"YUC_MX_ISIDORE","5","ISIDORE_MX_YUC_2002",2001-04-01,1.56,"SG"
"AL_US_IVAN","4","IVAN_US_AL_2004",2001-05-01,0.96,"SUS"
"AL_US_SALLY","4","SALLY_US_AL_2020",2001-05-01,0.96,"SUS"
"ALEX","6","ALEX_2010",2001-05-01,1.43,"WG"
"BELICE_RICHARD","3","RICHARD_BELICE_2010",2001-05-01,0.99,"C"
"BELIZE_IRIS","2","IRIS_BELIZE_2001",2001-05-01,0.84,"CA"
"BETA","2","BETA_2005",2001-05-01,0.59,"CA"
"CR_OTTO","2","OTTO_CR_2016",2001-05-01,0.58,"CA"
"CUBA_DENNIS","3","DENNIS_CUBA_2005",2001-05-01,0.92,"C"
"CUBA_GUSTAV","3","GUSTAV_CUBA_2008",2001-05-01,0.86,"C"
"CUBA_IAN","3","IAN_CUBA_2022",2001-05-01,0.86,"C"
"CUBA_MICHELLE","3","MICHELLE_CUBA_2001",2001-05-01,0.92,"C"
"CUBA_PALOMA","3","PALOMA_CUBA_2008",2001-05-01,0.92,"C"
"CUBA_SANDY","3","SANDY_CUBA_2012",2001-05-01,0.79,"C"
"DEAN_QROO_MX","5","DEAN_QROO_MX_2007",2001-05-01,0.99,"SG"
"FL_US_CHARLEY","1","CHARLEY_2004",2001-05-01,1.18,"FP"
"FL_US_FRANCES","1","FRANCES_US_FL_2004",2001-05-01,1.07,"FP"
"FL_US_IAN","1","IAN_US_FL_2022",2001-05-01,1.18,"FP"
"FL_US_IRMA","1","IRMA_US_FL_2017",2001-05-01,1.12,"FP"
"FL_US_JEANNE","1","JEANNE_US_FL_2004",2001-05-01,1.06,"FP"
"FL_US_MICHAEL","4","MICHAEL_US_FL_2018",2001-05-01,1.03,"SUS"
"FL_US_WILMA","1","WILMA_US_FL_2005",2001-05-01,1.1,"FP"
"LA_US_GUSTAV","4","GUSTAV_US_LA_2008",2001-05-01,0.95,"SUS"
"LA_US_IDA","4","IDA_US_LA_2009",2001-05-01,0.95,"SUS"
"LA_US_KATRINA","4","KATRINA_US_LA_2005",2001-05-01,0.96,"SUS"
"LA_US_LAURA","4","LAURA_US_LA_2020",2001-05-01,1.01,"SUS"
"LA_US_ZETA","4","ZETA_US_LA_2020",2001-05-01,0.89,"SUS"
"MX_ERNESTO","5","ERNESTO_MX_2012",2001-05-01,0.99,"SG"
"MX_GRACE","3","GRACE_MX_2021",2001-05-01,0.93,"C"
"MX_TAMPS_EMILY","6","EMILY_TAMPS_MX_2005",2001-05-01,1.32,"WG"
"NC_US_ISABEL","4","ISABEL_US_NC_2003",2001-05-01,0.84,"SUS"
"NIC_ETA","2","ETA_NIC_2020",2001-05-01,0.71,"CA"
"NIC_FELIX","2","FELIX_NIC_2007",2001-05-01,0.72,"CA"
"NIC_IOTA","2","IOTA_NIC_2020",2001-05-01,0.72,"CA"
"PR_USA_MARIA","3","MARIA_US_PR_2017",2001-05-01,0.86,"C"
"QROO_WILMA","3","WILMA_QROO_2005",2001-05-01,0.96,"C"
"TX_US_HARVEY","6","HARVEY_US_TX_2017",2001-05-01,1.05,"WG"
"TX_US_IKE","4","IKE_US_TX_2008",2001-05-01,0.94,"SUS"
"TX_US_RITA","4","RITA_US_TX_2005",2001-05-01,0.97,"SUS"
"US_FL_DELTA","4","DELTA_US_LA_2020",2001-05-01,1.05,"SUS"
"US_FL_DENNIS","4","DENNIS_US_FL_2005",2001-05-01,0.96,"SUS"
"VER_MX_KARL","5","KARL_MX_VER_2010",2001-05-01,1.24,"SG"
"YUC_DELTA","5","DELTA_YUCATAN_MX_2020",2001-05-01,1.01,"SG"
"YUC_MX_EMILY","5","EMILY_MX_YUC_2005",2001-05-01,1.06,"SG"
"YUC_MX_ISIDORE","5","ISIDORE_MX_YUC_2002",2001-05-01,1.44,"SG"
"AL_US_IVAN","4","IVAN_US_AL_2004",2001-06-01,0.92,"SUS"
"AL_US_SALLY","4","SALLY_US_AL_2020",2001-06-01,0.91,"SUS"
"ALEX","6","ALEX_2010",2001-06-01,1.52,"WG"
"BELICE_RICHARD","3","RICHARD_BELICE_2010",2001-06-01,0.87,"C"
"BELIZE_IRIS","2","IRIS_BELIZE_2001",2001-06-01,0.74,"CA"
"BETA","2","BETA_2005",2001-06-01,0.31,"CA"
"CR_OTTO","2","OTTO_CR_2016",2001-06-01,0.44,"CA"
"CUBA_DENNIS","3","DENNIS_CUBA_2005",2001-06-01,0.96,"C"
"CUBA_GUSTAV","3","GUSTAV_CUBA_2008",2001-06-01,0.84,"C"
"CUBA_IAN","3","IAN_CUBA_2022",2001-06-01,0.82,"C"
"CUBA_MICHELLE","3","MICHELLE_CUBA_2001",2001-06-01,0.95,"C"
"CUBA_PALOMA","3","PALOMA_CUBA_2008",2001-06-01,0.84,"C"
"CUBA_SANDY","3","SANDY_CUBA_2012",2001-06-01,0.74,"C"
"DEAN_QROO_MX","5","DEAN_QROO_MX_2007",2001-06-01,0.86,"SG"
"FL_US_CHARLEY","1","CHARLEY_2004",2001-06-01,1.16,"FP"
"FL_US_FRANCES","1","FRANCES_US_FL_2004",2001-06-01,1.08,"FP"
"FL_US_IAN","1","IAN_US_FL_2022",2001-06-01,1.16,"FP"
"FL_US_IRMA","1","IRMA_US_FL_2017",2001-06-01,1.14,"FP"
"FL_US_JEANNE","1","JEANNE_US_FL_2004",2001-06-01,1.09,"FP"
"FL_US_MICHAEL","4","MICHAEL_US_FL_2018",2001-06-01,0.97,"SUS"
"FL_US_WILMA","1","WILMA_US_FL_2005",2001-06-01,1.09,"FP"
"LA_US_GUSTAV","4","GUSTAV_US_LA_2008",2001-06-01,0.9,"SUS"
"LA_US_IDA","4","IDA_US_LA_2009",2001-06-01,0.88,"SUS"
"LA_US_KATRINA","4","KATRINA_US_LA_2005",2001-06-01,0.89,"SUS"
"LA_US_LAURA","4","LAURA_US_LA_2020",2001-06-01,1.02,"SUS"
"LA_US_ZETA","4","ZETA_US_LA_2020",2001-06-01,0.82,"SUS"
"MX_ERNESTO","5","ERNESTO_MX_2012",2001-06-01,0.85,"SG"
"MX_GRACE","3","GRACE_MX_2021",2001-06-01,0.94,"C"
"MX_TAMPS_EMILY","6","EMILY_TAMPS_MX_2005",2001-06-01,1.58,"WG"
"NC_US_ISABEL","4","ISABEL_US_NC_2003",2001-06-01,1.01,"SUS"
"NIC_ETA","2","ETA_NIC_2020",2001-06-01,0.49,"CA"
"NIC_FELIX","2","FELIX_NIC_2007",2001-06-01,0.5,"CA"
"NIC_IOTA","2","IOTA_NIC_2020",2001-06-01,0.5,"CA"
"PR_USA_MARIA","3","MARIA_US_PR_2017",2001-06-01,0.92,"C"
"QROO_WILMA","3","WILMA_QROO_2005",2001-06-01,0.89,"C"
"TX_US_HARVEY","6","HARVEY_US_TX_2017",2001-06-01,1.28,"WG"
"TX_US_IKE","4","IKE_US_TX_2008",2001-06-01,1.06,"SUS"
"TX_US_RITA","4","RITA_US_TX_2005",2001-06-01,1.01,"SUS"
"US_FL_DELTA","4","DELTA_US_LA_2020",2001-06-01,1.02,"SUS"
"US_FL_DENNIS","4","DENNIS_US_FL_2005",2001-06-01,0.92,"SUS"
"VER_MX_KARL","5","KARL_MX_VER_2010",2001-06-01,1,"SG"
"YUC_DELTA","5","DELTA_YUCATAN_MX_2020",2001-06-01,0.91,"SG"
"YUC_MX_EMILY","5","EMILY_MX_YUC_2005",2001-06-01,0.98,"SG"
"YUC_MX_ISIDORE","5","ISIDORE_MX_YUC_2002",2001-06-01,1.13,"SG"
"AL_US_IVAN","4","IVAN_US_AL_2004",2001-07-01,1.02,"SUS"
"AL_US_SALLY","4","SALLY_US_AL_2020",2001-07-01,1,"SUS"
"ALEX","6","ALEX_2010",2001-07-01,1.57,"WG"
"BELICE_RICHARD","3","RICHARD_BELICE_2010",2001-07-01,0.81,"C"
"BELIZE_IRIS","2","IRIS_BELIZE_2001",2001-07-01,0.67,"CA"
"BETA","2","BETA_2005",2001-07-01,0.28,"CA"
"CR_OTTO","2","OTTO_CR_2016",2001-07-01,0.39,"CA"
"CUBA_DENNIS","3","DENNIS_CUBA_2005",2001-07-01,0.99,"C"
"CUBA_GUSTAV","3","GUSTAV_CUBA_2008",2001-07-01,0.84,"C"
"CUBA_IAN","3","IAN_CUBA_2022",2001-07-01,0.81,"C"
"CUBA_MICHELLE","3","MICHELLE_CUBA_2001",2001-07-01,0.98,"C"
"CUBA_PALOMA","3","PALOMA_CUBA_2008",2001-07-01,0.97,"C"
"CUBA_SANDY","3","SANDY_CUBA_2012",2001-07-01,0.84,"C"
"DEAN_QROO_MX","5","DEAN_QROO_MX_2007",2001-07-01,0.92,"SG"
"FL_US_CHARLEY","1","CHARLEY_2004",2001-07-01,1.1,"FP"
"FL_US_FRANCES","1","FRANCES_US_FL_2004",2001-07-01,1.06,"FP"
"FL_US_IAN","1","IAN_US_FL_2022",2001-07-01,1.11,"FP"
"FL_US_IRMA","1","IRMA_US_FL_2017",2001-07-01,1.12,"FP"
"FL_US_JEANNE","1","JEANNE_US_FL_2004",2001-07-01,1.07,"FP"
"FL_US_MICHAEL","4","MICHAEL_US_FL_2018",2001-07-01,1.05,"SUS"
"FL_US_WILMA","1","WILMA_US_FL_2005",2001-07-01,1.08,"FP"
"LA_US_GUSTAV","4","GUSTAV_US_LA_2008",2001-07-01,1.06,"SUS"
"LA_US_IDA","4","IDA_US_LA_2009",2001-07-01,1.03,"SUS"
"LA_US_KATRINA","4","KATRINA_US_LA_2005",2001-07-01,1,"SUS"
"LA_US_LAURA","4","LAURA_US_LA_2020",2001-07-01,1.19,"SUS"
"LA_US_ZETA","4","ZETA_US_LA_2020",2001-07-01,0.99,"SUS"
"MX_ERNESTO","5","ERNESTO_MX_2012",2001-07-01,0.91,"SG"
"MX_GRACE","3","GRACE_MX_2021",2001-07-01,0.83,"C"
"MX_TAMPS_EMILY","6","EMILY_TAMPS_MX_2005",2001-07-01,1.66,"WG"
"NC_US_ISABEL","4","ISABEL_US_NC_2003",2001-07-01,0.92,"SUS"
"NIC_ETA","2","ETA_NIC_2020",2001-07-01,0.46,"CA"
"NIC_FELIX","2","FELIX_NIC_2007",2001-07-01,0.45,"CA"
"NIC_IOTA","2","IOTA_NIC_2020",2001-07-01,0.47,"CA"
"PR_USA_MARIA","3","MARIA_US_PR_2017",2001-07-01,0.94,"C"
"QROO_WILMA","3","WILMA_QROO_2005",2001-07-01,0.91,"C"
"TX_US_HARVEY","6","HARVEY_US_TX_2017",2001-07-01,1.48,"WG"
"TX_US_IKE","4","IKE_US_TX_2008",2001-07-01,1.3,"SUS"
"TX_US_RITA","4","RITA_US_TX_2005",2001-07-01,1.22,"SUS"
"US_FL_DELTA","4","DELTA_US_LA_2020",2001-07-01,1.16,"SUS"
"US_FL_DENNIS","4","DENNIS_US_FL_2005",2001-07-01,1.02,"SUS"
"VER_MX_KARL","5","KARL_MX_VER_2010",2001-07-01,0.84,"SG"
"YUC_DELTA","5","DELTA_YUCATAN_MX_2020",2001-07-01,0.91,"SG"
"YUC_MX_EMILY","5","EMILY_MX_YUC_2005",2001-07-01,0.99,"SG"
"YUC_MX_ISIDORE","5","ISIDORE_MX_YUC_2002",2001-07-01,1.04,"SG"
"AL_US_IVAN","4","IVAN_US_AL_2004",2001-08-01,0.91,"SUS"
"AL_US_SALLY","4","SALLY_US_AL_2020",2001-08-01,0.9,"SUS"
"ALEX","6","ALEX_2010",2001-08-01,1.59,"WG"
"BELICE_RICHARD","3","RICHARD_BELICE_2010",2001-08-01,0.76,"C"
"BELIZE_IRIS","2","IRIS_BELIZE_2001",2001-08-01,0.64,"CA"
"BETA","2","BETA_2005",2001-08-01,0.25,"CA"
"CR_OTTO","2","OTTO_CR_2016",2001-08-01,0.36,"CA"
"CUBA_DENNIS","3","DENNIS_CUBA_2005",2001-08-01,0.99,"C"
"CUBA_GUSTAV","3","GUSTAV_CUBA_2008",2001-08-01,0.85,"C"
"CUBA_IAN","3","IAN_CUBA_2022",2001-08-01,0.82,"C"
"CUBA_MICHELLE","3","MICHELLE_CUBA_2001",2001-08-01,0.97,"C"
"CUBA_PALOMA","3","PALOMA_CUBA_2008",2001-08-01,0.98,"C"
"CUBA_SANDY","3","SANDY_CUBA_2012",2001-08-01,0.9,"C"
"DEAN_QROO_MX","5","DEAN_QROO_MX_2007",2001-08-01,0.87,"SG"
"FL_US_CHARLEY","1","CHARLEY_2004",2001-08-01,1.07,"FP"
"FL_US_FRANCES","1","FRANCES_US_FL_2004",2001-08-01,1.04,"FP"
"FL_US_IAN","1","IAN_US_FL_2022",2001-08-01,1.08,"FP"
"FL_US_IRMA","1","IRMA_US_FL_2017",2001-08-01,1.08,"FP"
"FL_US_JEANNE","1","JEANNE_US_FL_2004",2001-08-01,1.04,"FP"
"FL_US_MICHAEL","4","MICHAEL_US_FL_2018",2001-08-01,0.93,"SUS"
"FL_US_WILMA","1","WILMA_US_FL_2005",2001-08-01,1.05,"FP"
"LA_US_GUSTAV","4","GUSTAV_US_LA_2008",2001-08-01,0.94,"SUS"
"LA_US_IDA","4","IDA_US_LA_2009",2001-08-01,0.92,"SUS"
"LA_US_KATRINA","4","KATRINA_US_LA_2005",2001-08-01,0.91,"SUS"
"LA_US_LAURA","4","LAURA_US_LA_2020",2001-08-01,1.13,"SUS"
"LA_US_ZETA","4","ZETA_US_LA_2020",2001-08-01,0.87,"SUS"
"MX_ERNESTO","5","ERNESTO_MX_2012",2001-08-01,0.86,"SG"
"MX_GRACE","3","GRACE_MX_2021",2001-08-01,0.78,"C"
"MX_TAMPS_EMILY","6","EMILY_TAMPS_MX_2005",2001-08-01,1.67,"WG"
"NC_US_ISABEL","4","ISABEL_US_NC_2003",2001-08-01,0.89,"SUS"
"NIC_ETA","2","ETA_NIC_2020",2001-08-01,0.47,"CA"
"NIC_FELIX","2","FELIX_NIC_2007",2001-08-01,0.47,"CA"
"NIC_IOTA","2","IOTA_NIC_2020",2001-08-01,0.48,"CA"
"PR_USA_MARIA","3","MARIA_US_PR_2017",2001-08-01,0.86,"C"
"QROO_WILMA","3","WILMA_QROO_2005",2001-08-01,0.87,"C"
"TX_US_HARVEY","6","HARVEY_US_TX_2017",2001-08-01,1.49,"WG"
"TX_US_IKE","4","IKE_US_TX_2008",2001-08-01,1.27,"SUS"
"TX_US_RITA","4","RITA_US_TX_2005",2001-08-01,1.18,"SUS"
"US_FL_DELTA","4","DELTA_US_LA_2020",2001-08-01,1.1,"SUS"
"US_FL_DENNIS","4","DENNIS_US_FL_2005",2001-08-01,0.89,"SUS"
"VER_MX_KARL","5","KARL_MX_VER_2010",2001-08-01,0.84,"SG"
"YUC_DELTA","5","DELTA_YUCATAN_MX_2020",2001-08-01,0.87,"SG"
"YUC_MX_EMILY","5","EMILY_MX_YUC_2005",2001-08-01,0.95,"SG"
"YUC_MX_ISIDORE","5","ISIDORE_MX_YUC_2002",2001-08-01,0.96,"SG"
"AL_US_IVAN","4","IVAN_US_AL_2004",2001-09-01,0.94,"SUS"
"AL_US_SALLY","4","SALLY_US_AL_2020",2001-09-01,0.92,"SUS"
"ALEX","6","ALEX_2010",2001-09-01,1.23,"WG"
"BELICE_RICHARD","3","RICHARD_BELICE_2010",2001-09-01,0.71,"C"
"BELIZE_IRIS","2","IRIS_BELIZE_2001",2001-09-01,0.57,"CA"
"BETA","2","BETA_2005",2001-09-01,0.39,"CA"
"CR_OTTO","2","OTTO_CR_2016",2001-09-01,0.43,"CA"
"CUBA_DENNIS","3","DENNIS_CUBA_2005",2001-09-01,0.84,"C"
"CUBA_GUSTAV","3","GUSTAV_CUBA_2008",2001-09-01,0.73,"C"
"CUBA_IAN","3","IAN_CUBA_2022",2001-09-01,0.7,"C"
"CUBA_MICHELLE","3","MICHELLE_CUBA_2001",2001-09-01,0.82,"C"
"CUBA_PALOMA","3","PALOMA_CUBA_2008",2001-09-01,0.79,"C"
"CUBA_SANDY","3","SANDY_CUBA_2012",2001-09-01,0.74,"C"
"DEAN_QROO_MX","5","DEAN_QROO_MX_2007",2001-09-01,0.79,"SG"
"FL_US_CHARLEY","1","CHARLEY_2004",2001-09-01,0.91,"FP"
"FL_US_FRANCES","1","FRANCES_US_FL_2004",2001-09-01,0.92,"FP"
"FL_US_IAN","1","IAN_US_FL_2022",2001-09-01,0.93,"FP"
"FL_US_IRMA","1","IRMA_US_FL_2017",2001-09-01,0.96,"FP"
"FL_US_JEANNE","1","JEANNE_US_FL_2004",2001-09-01,0.93,"FP"
"FL_US_MICHAEL","4","MICHAEL_US_FL_2018",2001-09-01,0.93,"SUS"
"FL_US_WILMA","1","WILMA_US_FL_2005",2001-09-01,0.97,"FP"
"LA_US_GUSTAV","4","GUSTAV_US_LA_2008",2001-09-01,0.8,"SUS"
"LA_US_IDA","4","IDA_US_LA_2009",2001-09-01,0.81,"SUS"
"LA_US_KATRINA","4","KATRINA_US_LA_2005",2001-09-01,0.87,"SUS"
"LA_US_LAURA","4","LAURA_US_LA_2020",2001-09-01,0.92,"SUS"
"LA_US_ZETA","4","ZETA_US_LA_2020",2001-09-01,0.78,"SUS"
"MX_ERNESTO","5","ERNESTO_MX_2012",2001-09-01,0.78,"SG"
"MX_GRACE","3","GRACE_MX_2021",2001-09-01,0.61,"C"
"MX_TAMPS_EMILY","6","EMILY_TAMPS_MX_2005",2001-09-01,1.23,"WG"
"NC_US_ISABEL","4","ISABEL_US_NC_2003",2001-09-01,0.78,"SUS"
"NIC_ETA","2","ETA_NIC_2020",2001-09-01,0.55,"CA"
"NIC_FELIX","2","FELIX_NIC_2007",2001-09-01,0.58,"CA"
"NIC_IOTA","2","IOTA_NIC_2020",2001-09-01,0.55,"CA"
"PR_USA_MARIA","3","MARIA_US_PR_2017",2001-09-01,0.82,"C"
"QROO_WILMA","3","WILMA_QROO_2005",2001-09-01,0.7,"C"
"TX_US_HARVEY","6","HARVEY_US_TX_2017",2001-09-01,1.13,"WG"
"TX_US_IKE","4","IKE_US_TX_2008",2001-09-01,0.93,"SUS"
"TX_US_RITA","4","RITA_US_TX_2005",2001-09-01,0.92,"SUS"
"US_FL_DELTA","4","DELTA_US_LA_2020",2001-09-01,0.93,"SUS"
"US_FL_DENNIS","4","DENNIS_US_FL_2005",2001-09-01,0.94,"SUS"
"VER_MX_KARL","5","KARL_MX_VER_2010",2001-09-01,0.76,"SG"
"YUC_DELTA","5","DELTA_YUCATAN_MX_2020",2001-09-01,0.72,"SG"
"YUC_MX_EMILY","5","EMILY_MX_YUC_2005",2001-09-01,0.8,"SG"
"YUC_MX_ISIDORE","5","ISIDORE_MX_YUC_2002",2001-09-01,0.89,"SG"
"AL_US_IVAN","4","IVAN_US_AL_2004",2001-10-01,0.79,"SUS"
"AL_US_SALLY","4","SALLY_US_AL_2020",2001-10-01,0.78,"SUS"
"ALEX","6","ALEX_2010",2001-10-01,1.06,"WG"
"BELICE_RICHARD","3","RICHARD_BELICE_2010",2001-10-01,0.7,"C"
"BELIZE_IRIS","2","IRIS_BELIZE_2001",2001-10-01,0.57,"CA"
"BETA","2","BETA_2005",2001-10-01,0.43,"CA"
"CR_OTTO","2","OTTO_CR_2016",2001-10-01,0.4,"CA"
"CUBA_DENNIS","3","DENNIS_CUBA_2005",2001-10-01,0.76,"C"
"CUBA_GUSTAV","3","GUSTAV_CUBA_2008",2001-10-01,0.66,"C"
"CUBA_IAN","3","IAN_CUBA_2022",2001-10-01,0.66,"C"
"CUBA_MICHELLE","3","MICHELLE_CUBA_2001",2001-10-01,0.74,"C"
"CUBA_PALOMA","3","PALOMA_CUBA_2008",2001-10-01,0.66,"C"
"CUBA_SANDY","3","SANDY_CUBA_2012",2001-10-01,0.54,"C"
"DEAN_QROO_MX","5","DEAN_QROO_MX_2007",2001-10-01,0.74,"SG"
"FL_US_CHARLEY","1","CHARLEY_2004",2001-10-01,0.92,"FP"
"FL_US_FRANCES","1","FRANCES_US_FL_2004",2001-10-01,0.89,"FP"
"FL_US_IAN","1","IAN_US_FL_2022",2001-10-01,0.93,"FP"
"FL_US_IRMA","1","IRMA_US_FL_2017",2001-10-01,0.98,"FP"
"FL_US_JEANNE","1","JEANNE_US_FL_2004",2001-10-01,0.9,"FP"
"FL_US_MICHAEL","4","MICHAEL_US_FL_2018",2001-10-01,0.8,"SUS"
"FL_US_WILMA","1","WILMA_US_FL_2005",2001-10-01,0.97,"FP"
"LA_US_GUSTAV","4","GUSTAV_US_LA_2008",2001-10-01,0.69,"SUS"
"LA_US_IDA","4","IDA_US_LA_2009",2001-10-01,0.69,"SUS"
"LA_US_KATRINA","4","KATRINA_US_LA_2005",2001-10-01,0.76,"SUS"
"LA_US_LAURA","4","LAURA_US_LA_2020",2001-10-01,0.82,"SUS"
"LA_US_ZETA","4","ZETA_US_LA_2020",2001-10-01,0.67,"SUS"
"MX_ERNESTO","5","ERNESTO_MX_2012",2001-10-01,0.74,"SG"
"MX_GRACE","3","GRACE_MX_2021",2001-10-01,0.6,"C"
"MX_TAMPS_EMILY","6","EMILY_TAMPS_MX_2005",2001-10-01,1.07,"WG"
"NC_US_ISABEL","4","ISABEL_US_NC_2003",2001-10-01,0.79,"SUS"
"NIC_ETA","2","ETA_NIC_2020",2001-10-01,0.68,"CA"
"NIC_FELIX","2","FELIX_NIC_2007",2001-10-01,0.71,"CA"
"NIC_IOTA","2","IOTA_NIC_2020",2001-10-01,0.69,"CA"
"PR_USA_MARIA","3","MARIA_US_PR_2017",2001-10-01,0.79,"C"
"QROO_WILMA","3","WILMA_QROO_2005",2001-10-01,0.67,"C"
"TX_US_HARVEY","6","HARVEY_US_TX_2017",2001-10-01,0.98,"WG"
"TX_US_IKE","4","IKE_US_TX_2008",2001-10-01,0.84,"SUS"
"TX_US_RITA","4","RITA_US_TX_2005",2001-10-01,0.81,"SUS"
"US_FL_DELTA","4","DELTA_US_LA_2020",2001-10-01,0.84,"SUS"
"US_FL_DENNIS","4","DENNIS_US_FL_2005",2001-10-01,0.77,"SUS"
"VER_MX_KARL","5","KARL_MX_VER_2010",2001-10-01,0.79,"SG"
"YUC_DELTA","5","DELTA_YUCATAN_MX_2020",2001-10-01,0.69,"SG"
"YUC_MX_EMILY","5","EMILY_MX_YUC_2005",2001-10-01,0.76,"SG"
"YUC_MX_ISIDORE","5","ISIDORE_MX_YUC_2002",2001-10-01,0.81,"SG"
"AL_US_IVAN","4","IVAN_US_AL_2004",2001-11-01,0.79,"SUS"
"AL_US_SALLY","4","SALLY_US_AL_2020",2001-11-01,0.78,"SUS"
"ALEX","6","ALEX_2010",2001-11-01,0.77,"WG"
"BELICE_RICHARD","3","RICHARD_BELICE_2010",2001-11-01,0.59,"C"
"BELIZE_IRIS","2","IRIS_BELIZE_2001",2001-11-01,0.47,"CA"
"BETA","2","BETA_2005",2001-11-01,0.43,"CA"
"CR_OTTO","2","OTTO_CR_2016",2001-11-01,0.44,"CA"
"CUBA_DENNIS","3","DENNIS_CUBA_2005",2001-11-01,0.77,"C"
"CUBA_GUSTAV","3","GUSTAV_CUBA_2008",2001-11-01,0.74,"C"
"CUBA_IAN","3","IAN_CUBA_2022",2001-11-01,0.73,"C"
"CUBA_MICHELLE","3","MICHELLE_CUBA_2001",2001-11-01,0.75,"C"
"CUBA_PALOMA","3","PALOMA_CUBA_2008",2001-11-01,0.68,"C"
"CUBA_SANDY","3","SANDY_CUBA_2012",2001-11-01,0.59,"C"
"DEAN_QROO_MX","5","DEAN_QROO_MX_2007",2001-11-01,0.73,"SG"
"FL_US_CHARLEY","1","CHARLEY_2004",2001-11-01,0.8,"FP"
"FL_US_FRANCES","1","FRANCES_US_FL_2004",2001-11-01,0.76,"FP"
"FL_US_IAN","1","IAN_US_FL_2022",2001-11-01,0.8,"FP"
"FL_US_IRMA","1","IRMA_US_FL_2017",2001-11-01,0.82,"FP"
"FL_US_JEANNE","1","JEANNE_US_FL_2004",2001-11-01,0.76,"FP"
"FL_US_MICHAEL","4","MICHAEL_US_FL_2018",2001-11-01,0.89,"SUS"
"FL_US_WILMA","1","WILMA_US_FL_2005",2001-11-01,0.81,"FP"
"LA_US_GUSTAV","4","GUSTAV_US_LA_2008",2001-11-01,0.73,"SUS"
"LA_US_IDA","4","IDA_US_LA_2009",2001-11-01,0.73,"SUS"
"LA_US_KATRINA","4","KATRINA_US_LA_2005",2001-11-01,0.72,"SUS"
"LA_US_LAURA","4","LAURA_US_LA_2020",2001-11-01,0.71,"SUS"
"LA_US_ZETA","4","ZETA_US_LA_2020",2001-11-01,0.71,"SUS"
"MX_ERNESTO","5","ERNESTO_MX_2012",2001-11-01,0.72,"SG"
"MX_GRACE","3","GRACE_MX_2021",2001-11-01,0.48,"C"
"MX_TAMPS_EMILY","6","EMILY_TAMPS_MX_2005",2001-11-01,0.78,"WG"
"NC_US_ISABEL","4","ISABEL_US_NC_2003",2001-11-01,0.74,"SUS"
"NIC_ETA","2","ETA_NIC_2020",2001-11-01,0.53,"CA"
"NIC_FELIX","2","FELIX_NIC_2007",2001-11-01,0.54,"CA"
"NIC_IOTA","2","IOTA_NIC_2020",2001-11-01,0.53,"CA"
"PR_USA_MARIA","3","MARIA_US_PR_2017",2001-11-01,0.74,"C"
"QROO_WILMA","3","WILMA_QROO_2005",2001-11-01,0.73,"C"
"TX_US_HARVEY","6","HARVEY_US_TX_2017",2001-11-01,0.81,"WG"
"TX_US_IKE","4","IKE_US_TX_2008",2001-11-01,0.69,"SUS"
"TX_US_RITA","4","RITA_US_TX_2005",2001-11-01,0.68,"SUS"
"US_FL_DELTA","4","DELTA_US_LA_2020",2001-11-01,0.75,"SUS"
"US_FL_DENNIS","4","DENNIS_US_FL_2005",2001-11-01,0.8,"SUS"
"VER_MX_KARL","5","KARL_MX_VER_2010",2001-11-01,0.71,"SG"
"YUC_DELTA","5","DELTA_YUCATAN_MX_2020",2001-11-01,0.75,"SG"
"YUC_MX_EMILY","5","EMILY_MX_YUC_2005",2001-11-01,0.83,"SG"
"YUC_MX_ISIDORE","5","ISIDORE_MX_YUC_2002",2001-11-01,0.87,"SG"
"AL_US_IVAN","4","IVAN_US_AL_2004",2001-12-01,0.54,"SUS"
"AL_US_SALLY","4","SALLY_US_AL_2020",2001-12-01,0.51,"SUS"
"ALEX","6","ALEX_2010",2001-12-01,0.66,"WG"
"BELICE_RICHARD","3","RICHARD_BELICE_2010",2001-12-01,0.59,"C"
"BELIZE_IRIS","2","IRIS_BELIZE_2001",2001-12-01,0.49,"CA"
"BETA","2","BETA_2005",2001-12-01,0.39,"CA"
"CR_OTTO","2","OTTO_CR_2016",2001-12-01,0.47,"CA"
"CUBA_DENNIS","3","DENNIS_CUBA_2005",2001-12-01,0.89,"C"
"CUBA_GUSTAV","3","GUSTAV_CUBA_2008",2001-12-01,0.75,"C"
"CUBA_IAN","3","IAN_CUBA_2022",2001-12-01,0.72,"C"
"CUBA_MICHELLE","3","MICHELLE_CUBA_2001",2001-12-01,0.87,"C"
"CUBA_PALOMA","3","PALOMA_CUBA_2008",2001-12-01,0.74,"C"
"CUBA_SANDY","3","SANDY_CUBA_2012",2001-12-01,0.66,"C"
"DEAN_QROO_MX","5","DEAN_QROO_MX_2007",2001-12-01,0.7,"SG"
"FL_US_CHARLEY","1","CHARLEY_2004",2001-12-01,0.7,"FP"
"FL_US_FRANCES","1","FRANCES_US_FL_2004",2001-12-01,0.69,"FP"
"FL_US_IAN","1","IAN_US_FL_2022",2001-12-01,0.71,"FP"
"FL_US_IRMA","1","IRMA_US_FL_2017",2001-12-01,0.79,"FP"
"FL_US_JEANNE","1","JEANNE_US_FL_2004",2001-12-01,0.7,"FP"
"FL_US_MICHAEL","4","MICHAEL_US_FL_2018",2001-12-01,0.57,"SUS"
"FL_US_WILMA","1","WILMA_US_FL_2005",2001-12-01,0.77,"FP"
"LA_US_GUSTAV","4","GUSTAV_US_LA_2008",2001-12-01,0.44,"SUS"
"LA_US_IDA","4","IDA_US_LA_2009",2001-12-01,0.48,"SUS"
"LA_US_KATRINA","4","KATRINA_US_LA_2005",2001-12-01,0.52,"SUS"
"LA_US_LAURA","4","LAURA_US_LA_2020",2001-12-01,0.47,"SUS"
"LA_US_ZETA","4","ZETA_US_LA_2020",2001-12-01,0.45,"SUS"
"MX_ERNESTO","5","ERNESTO_MX_2012",2001-12-01,0.68,"SG"
"MX_GRACE","3","GRACE_MX_2021",2001-12-01,0.44,"C"
"MX_TAMPS_EMILY","6","EMILY_TAMPS_MX_2005",2001-12-01,0.64,"WG"
"NC_US_ISABEL","4","ISABEL_US_NC_2003",2001-12-01,0.56,"SUS"
"NIC_ETA","2","ETA_NIC_2020",2001-12-01,0.49,"CA"
"NIC_FELIX","2","FELIX_NIC_2007",2001-12-01,0.48,"CA"
"NIC_IOTA","2","IOTA_NIC_2020",2001-12-01,0.5,"CA"
"PR_USA_MARIA","3","MARIA_US_PR_2017",2001-12-01,0.71,"C"
"QROO_WILMA","3","WILMA_QROO_2005",2001-12-01,0.73,"C"
"TX_US_HARVEY","6","HARVEY_US_TX_2017",2001-12-01,0.63,"WG"
"TX_US_IKE","4","IKE_US_TX_2008",2001-12-01,0.5,"SUS"
"TX_US_RITA","4","RITA_US_TX_2005",2001-12-01,0.47,"SUS"
"US_FL_DELTA","4","DELTA_US_LA_2020",2001-12-01,0.49,"SUS"
"US_FL_DENNIS","4","DENNIS_US_FL_2005",2001-12-01,0.53,"SUS"
"VER_MX_KARL","5","KARL_MX_VER_2010",2001-12-01,0.72,"SG"
"YUC_DELTA","5","DELTA_YUCATAN_MX_2020",2001-12-01,0.75,"SG"
"YUC_MX_EMILY","5","EMILY_MX_YUC_2005",2001-12-01,0.86,"SG"
"YUC_MX_ISIDORE","5","ISIDORE_MX_YUC_2002",2001-12-01,0.83,"SG"
"AL_US_IVAN","4","IVAN_US_AL_2004",2002-01-01,0.49,"SUS"
"AL_US_SALLY","4","SALLY_US_AL_2020",2002-01-01,0.5,"SUS"
"ALEX","6","ALEX_2010",2002-01-01,0.7,"WG"
"BELICE_RICHARD","3","RICHARD_BELICE_2010",2002-01-01,0.63,"C"
"BELIZE_IRIS","2","IRIS_BELIZE_2001",2002-01-01,0.57,"CA"
"BETA","2","BETA_2005",2002-01-01,0.44,"CA"
"CR_OTTO","2","OTTO_CR_2016",2002-01-01,0.47,"CA"
"CUBA_DENNIS","3","DENNIS_CUBA_2005",2002-01-01,0.86,"C"
"CUBA_GUSTAV","3","GUSTAV_CUBA_2008",2002-01-01,0.77,"C"
"CUBA_IAN","3","IAN_CUBA_2022",2002-01-01,0.74,"C"
"CUBA_MICHELLE","3","MICHELLE_CUBA_2001",2002-01-01,0.82,"C"
"CUBA_PALOMA","3","PALOMA_CUBA_2008",2002-01-01,0.75,"C"
"CUBA_SANDY","3","SANDY_CUBA_2012",2002-01-01,0.62,"C"
"DEAN_QROO_MX","5","DEAN_QROO_MX_2007",2002-01-01,0.76,"SG"
"FL_US_CHARLEY","1","CHARLEY_2004",2002-01-01,0.7,"FP"
"FL_US_FRANCES","1","FRANCES_US_FL_2004",2002-01-01,0.7,"FP"
"FL_US_IAN","1","IAN_US_FL_2022",2002-01-01,0.72,"FP"
"FL_US_IRMA","1","IRMA_US_FL_2017",2002-01-01,0.76,"FP"
"FL_US_JEANNE","1","JEANNE_US_FL_2004",2002-01-01,0.71,"FP"
"FL_US_MICHAEL","4","MICHAEL_US_FL_2018",2002-01-01,0.54,"SUS"
"FL_US_WILMA","1","WILMA_US_FL_2005",2002-01-01,0.74,"FP"
"LA_US_GUSTAV","4","GUSTAV_US_LA_2008",2002-01-01,0.39,"SUS"
"LA_US_IDA","4","IDA_US_LA_2009",2002-01-01,0.42,"SUS"
"LA_US_KATRINA","4","KATRINA_US_LA_2005",2002-01-01,0.46,"SUS"
"LA_US_LAURA","4","LAURA_US_LA_2020",2002-01-01,0.48,"SUS"
"LA_US_ZETA","4","ZETA_US_LA_2020",2002-01-01,0.4,"SUS"
"MX_ERNESTO","5","ERNESTO_MX_2012",2002-01-01,0.75,"SG"
"MX_GRACE","3","GRACE_MX_2021",2002-01-01,0.51,"C"
"MX_TAMPS_EMILY","6","EMILY_TAMPS_MX_2005",2002-01-01,0.62,"WG"
"NC_US_ISABEL","4","ISABEL_US_NC_2003",2002-01-01,0.42,"SUS"
"NIC_ETA","2","ETA_NIC_2020",2002-01-01,0.54,"CA"
"NIC_FELIX","2","FELIX_NIC_2007",2002-01-01,0.52,"CA"
"NIC_IOTA","2","IOTA_NIC_2020",2002-01-01,0.55,"CA"
"PR_USA_MARIA","3","MARIA_US_PR_2017",2002-01-01,0.74,"C"
"QROO_WILMA","3","WILMA_QROO_2005",2002-01-01,0.7,"C"
"TX_US_HARVEY","6","HARVEY_US_TX_2017",2002-01-01,0.62,"WG"
"TX_US_IKE","4","IKE_US_TX_2008",2002-01-01,0.5,"SUS"
"TX_US_RITA","4","RITA_US_TX_2005",2002-01-01,0.49,"SUS"
"US_FL_DELTA","4","DELTA_US_LA_2020",2002-01-01,0.46,"SUS"
"US_FL_DENNIS","4","DENNIS_US_FL_2005",2002-01-01,0.49,"SUS"
"VER_MX_KARL","5","KARL_MX_VER_2010",2002-01-01,0.77,"SG"
"YUC_DELTA","5","DELTA_YUCATAN_MX_2020",2002-01-01,0.73,"SG"
"YUC_MX_EMILY","5","EMILY_MX_YUC_2005",2002-01-01,0.87,"SG"
"YUC_MX_ISIDORE","5","ISIDORE_MX_YUC_2002",2002-01-01,0.91,"SG"
"AL_US_IVAN","4","IVAN_US_AL_2004",2002-02-01,0.46,"SUS"
"AL_US_SALLY","4","SALLY_US_AL_2020",2002-02-01,0.45,"SUS"
"ALEX","6","ALEX_2010",2002-02-01,0.73,"WG"
"BELICE_RICHARD","3","RICHARD_BELICE_2010",2002-02-01,0.68,"C"
"BELIZE_IRIS","2","IRIS_BELIZE_2001",2002-02-01,0.62,"CA"
"BETA","2","BETA_2005",2002-02-01,0.48,"CA"
"CR_OTTO","2","OTTO_CR_2016",2002-02-01,0.54,"CA"
"CUBA_DENNIS","3","DENNIS_CUBA_2005",2002-02-01,0.89,"C"
"CUBA_GUSTAV","3","GUSTAV_CUBA_2008",2002-02-01,0.78,"C"
"CUBA_IAN","3","IAN_CUBA_2022",2002-02-01,0.77,"C"
"CUBA_MICHELLE","3","MICHELLE_CUBA_2001",2002-02-01,0.89,"C"
"CUBA_PALOMA","3","PALOMA_CUBA_2008",2002-02-01,0.83,"C"
"CUBA_SANDY","3","SANDY_CUBA_2012",2002-02-01,0.72,"C"
"DEAN_QROO_MX","5","DEAN_QROO_MX_2007",2002-02-01,0.84,"SG"
"FL_US_CHARLEY","1","CHARLEY_2004",2002-02-01,0.69,"FP"
"FL_US_FRANCES","1","FRANCES_US_FL_2004",2002-02-01,0.69,"FP"
"FL_US_IAN","1","IAN_US_FL_2022",2002-02-01,0.69,"FP"
"FL_US_IRMA","1","IRMA_US_FL_2017",2002-02-01,0.69,"FP"
"FL_US_JEANNE","1","JEANNE_US_FL_2004",2002-02-01,0.69,"FP"
"FL_US_MICHAEL","4","MICHAEL_US_FL_2018",2002-02-01,0.48,"SUS"
"FL_US_WILMA","1","WILMA_US_FL_2005",2002-02-01,0.69,"FP"
"LA_US_GUSTAV","4","GUSTAV_US_LA_2008",2002-02-01,0.35,"SUS"
"LA_US_IDA","4","IDA_US_LA_2009",2002-02-01,0.38,"SUS"
"LA_US_KATRINA","4","KATRINA_US_LA_2005",2002-02-01,0.45,"SUS"
"LA_US_LAURA","4","LAURA_US_LA_2020",2002-02-01,0.48,"SUS"
"LA_US_ZETA","4","ZETA_US_LA_2020",2002-02-01,0.33,"SUS"
"MX_ERNESTO","5","ERNESTO_MX_2012",2002-02-01,0.83,"SG"
"MX_GRACE","3","GRACE_MX_2021",2002-02-01,0.49,"C"
"MX_TAMPS_EMILY","6","EMILY_TAMPS_MX_2005",2002-02-01,0.64,"WG"
"NC_US_ISABEL","4","ISABEL_US_NC_2003",2002-02-01,0.57,"SUS"
"NIC_ETA","2","ETA_NIC_2020",2002-02-01,0.59,"CA"
"NIC_FELIX","2","FELIX_NIC_2007",2002-02-01,0.53,"CA"
"NIC_IOTA","2","IOTA_NIC_2020",2002-02-01,0.59,"CA"
"PR_USA_MARIA","3","MARIA_US_PR_2017",2002-02-01,0.81,"C"
"QROO_WILMA","3","WILMA_QROO_2005",2002-02-01,0.71,"C"
"TX_US_HARVEY","6","HARVEY_US_TX_2017",2002-02-01,0.55,"WG"
"TX_US_IKE","4","IKE_US_TX_2008",2002-02-01,0.48,"SUS"
"TX_US_RITA","4","RITA_US_TX_2005",2002-02-01,0.48,"SUS"
"US_FL_DELTA","4","DELTA_US_LA_2020",2002-02-01,0.48,"SUS"
"US_FL_DENNIS","4","DENNIS_US_FL_2005",2002-02-01,0.44,"SUS"
"VER_MX_KARL","5","KARL_MX_VER_2010",2002-02-01,0.8,"SG"
"YUC_DELTA","5","DELTA_YUCATAN_MX_2020",2002-02-01,0.75,"SG"
"YUC_MX_EMILY","5","EMILY_MX_YUC_2005",2002-02-01,0.91,"SG"
"YUC_MX_ISIDORE","5","ISIDORE_MX_YUC_2002",2002-02-01,1.05,"SG"
"AL_US_IVAN","4","IVAN_US_AL_2004",2002-03-01,0.67,"SUS"
"AL_US_SALLY","4","SALLY_US_AL_2020",2002-03-01,0.64,"SUS"
"ALEX","6","ALEX_2010",2002-03-01,1.17,"WG"
"BELICE_RICHARD","3","RICHARD_BELICE_2010",2002-03-01,0.84,"C"
"BELIZE_IRIS","2","IRIS_BELIZE_2001",2002-03-01,0.74,"CA"
"BETA","2","BETA_2005",2002-03-01,0.72,"CA"
"CR_OTTO","2","OTTO_CR_2016",2002-03-01,0.75,"CA"
"CUBA_DENNIS","3","DENNIS_CUBA_2005",2002-03-01,1.1,"C"
"CUBA_GUSTAV","3","GUSTAV_CUBA_2008",2002-03-01,0.94,"C"
"CUBA_IAN","3","IAN_CUBA_2022",2002-03-01,0.9,"C"
"CUBA_MICHELLE","3","MICHELLE_CUBA_2001",2002-03-01,1.1,"C"
"CUBA_PALOMA","3","PALOMA_CUBA_2008",2002-03-01,1.03,"C"
"CUBA_SANDY","3","SANDY_CUBA_2012",2002-03-01,0.91,"C"
"DEAN_QROO_MX","5","DEAN_QROO_MX_2007",2002-03-01,1.03,"SG"
"FL_US_CHARLEY","1","CHARLEY_2004",2002-03-01,0.98,"FP"
"FL_US_FRANCES","1","FRANCES_US_FL_2004",2002-03-01,0.94,"FP"
"FL_US_IAN","1","IAN_US_FL_2022",2002-03-01,0.98,"FP"
"FL_US_IRMA","1","IRMA_US_FL_2017",2002-03-01,0.97,"FP"
"FL_US_JEANNE","1","JEANNE_US_FL_2004",2002-03-01,0.95,"FP"
"FL_US_MICHAEL","4","MICHAEL_US_FL_2018",2002-03-01,0.64,"SUS"
"FL_US_WILMA","1","WILMA_US_FL_2005",2002-03-01,0.98,"FP"
"LA_US_GUSTAV","4","GUSTAV_US_LA_2008",2002-03-01,0.55,"SUS"
"LA_US_IDA","4","IDA_US_LA_2009",2002-03-01,0.56,"SUS"
"LA_US_KATRINA","4","KATRINA_US_LA_2005",2002-03-01,0.63,"SUS"
"LA_US_LAURA","4","LAURA_US_LA_2020",2002-03-01,0.61,"SUS"
"LA_US_ZETA","4","ZETA_US_LA_2020",2002-03-01,0.52,"SUS"
"MX_ERNESTO","5","ERNESTO_MX_2012",2002-03-01,1.02,"SG"
"MX_GRACE","3","GRACE_MX_2021",2002-03-01,0.75,"C"
"MX_TAMPS_EMILY","6","EMILY_TAMPS_MX_2005",2002-03-01,1.03,"WG"
"NC_US_ISABEL","4","ISABEL_US_NC_2003",2002-03-01,0.6,"SUS"
"NIC_ETA","2","ETA_NIC_2020",2002-03-01,0.8,"CA"
"NIC_FELIX","2","FELIX_NIC_2007",2002-03-01,0.74,"CA"
"NIC_IOTA","2","IOTA_NIC_2020",2002-03-01,0.81,"CA"
"PR_USA_MARIA","3","MARIA_US_PR_2017",2002-03-01,0.86,"C"
"QROO_WILMA","3","WILMA_QROO_2005",2002-03-01,0.89,"C"
"TX_US_HARVEY","6","HARVEY_US_TX_2017",2002-03-01,0.78,"WG"
"TX_US_IKE","4","IKE_US_TX_2008",2002-03-01,0.62,"SUS"
"TX_US_RITA","4","RITA_US_TX_2005",2002-03-01,0.62,"SUS"
"US_FL_DELTA","4","DELTA_US_LA_2020",2002-03-01,0.64,"SUS"
"US_FL_DENNIS","4","DENNIS_US_FL_2005",2002-03-01,0.66,"SUS"
"VER_MX_KARL","5","KARL_MX_VER_2010",2002-03-01,1.16,"SG"
"YUC_DELTA","5","DELTA_YUCATAN_MX_2020",2002-03-01,0.94,"SG"
"YUC_MX_EMILY","5","EMILY_MX_YUC_2005",2002-03-01,1.09,"SG"
"YUC_MX_ISIDORE","5","ISIDORE_MX_YUC_2002",2002-03-01,1.34,"SG"
"AL_US_IVAN","4","IVAN_US_AL_2004",2002-04-01,0.9,"SUS"
"AL_US_SALLY","4","SALLY_US_AL_2020",2002-04-01,0.85,"SUS"
"ALEX","6","ALEX_2010",2002-04-01,1.23,"WG"
"BELICE_RICHARD","3","RICHARD_BELICE_2010",2002-04-01,1.1,"C"
"BELIZE_IRIS","2","IRIS_BELIZE_2001",2002-04-01,0.98,"CA"
"BETA","2","BETA_2005",2002-04-01,0.75,"CA"
"CR_OTTO","2","OTTO_CR_2016",2002-04-01,0.72,"CA"
"CUBA_DENNIS","3","DENNIS_CUBA_2005",2002-04-01,1.16,"C"
"CUBA_GUSTAV","3","GUSTAV_CUBA_2008",2002-04-01,1.04,"C"
"CUBA_IAN","3","IAN_CUBA_2022",2002-04-01,1.03,"C"
"CUBA_MICHELLE","3","MICHELLE_CUBA_2001",2002-04-01,1.17,"C"
"CUBA_PALOMA","3","PALOMA_CUBA_2008",2002-04-01,1.13,"C"
"CUBA_SANDY","3","SANDY_CUBA_2012",2002-04-01,0.98,"C"
"DEAN_QROO_MX","5","DEAN_QROO_MX_2007",2002-04-01,1.26,"SG"
"FL_US_CHARLEY","1","CHARLEY_2004",2002-04-01,1.1,"FP"
"FL_US_FRANCES","1","FRANCES_US_FL_2004",2002-04-01,1.05,"FP"
"FL_US_IAN","1","IAN_US_FL_2022",2002-04-01,1.11,"FP"
"FL_US_IRMA","1","IRMA_US_FL_2017",2002-04-01,1.09,"FP"
"FL_US_JEANNE","1","JEANNE_US_FL_2004",2002-04-01,1.06,"FP"
"FL_US_MICHAEL","4","MICHAEL_US_FL_2018",2002-04-01,1.03,"SUS"
"FL_US_WILMA","1","WILMA_US_FL_2005",2002-04-01,1.1,"FP"
"LA_US_GUSTAV","4","GUSTAV_US_LA_2008",2002-04-01,0.72,"SUS"
"LA_US_IDA","4","IDA_US_LA_2009",2002-04-01,0.71,"SUS"
"LA_US_KATRINA","4","KATRINA_US_LA_2005",2002-04-01,0.75,"SUS"
"LA_US_LAURA","4","LAURA_US_LA_2020",2002-04-01,0.85,"SUS"
"LA_US_ZETA","4","ZETA_US_LA_2020",2002-04-01,0.65,"SUS"
"MX_ERNESTO","5","ERNESTO_MX_2012",2002-04-01,1.25,"SG"
"MX_GRACE","3","GRACE_MX_2021",2002-04-01,0.93,"C"
"MX_TAMPS_EMILY","6","EMILY_TAMPS_MX_2005",2002-04-01,1.17,"WG"
"NC_US_ISABEL","4","ISABEL_US_NC_2003",2002-04-01,0.86,"SUS"
"NIC_ETA","2","ETA_NIC_2020",2002-04-01,0.9,"CA"
"NIC_FELIX","2","FELIX_NIC_2007",2002-04-01,0.89,"CA"
"NIC_IOTA","2","IOTA_NIC_2020",2002-04-01,0.89,"CA"
"PR_USA_MARIA","3","MARIA_US_PR_2017",2002-04-01,0.83,"C"
"QROO_WILMA","3","WILMA_QROO_2005",2002-04-01,1.14,"C"
"TX_US_HARVEY","6","HARVEY_US_TX_2017",2002-04-01,0.97,"WG"
"TX_US_IKE","4","IKE_US_TX_2008",2002-04-01,0.83,"SUS"
"TX_US_RITA","4","RITA_US_TX_2005",2002-04-01,0.84,"SUS"
"US_FL_DELTA","4","DELTA_US_LA_2020",2002-04-01,0.87,"SUS"
"US_FL_DENNIS","4","DENNIS_US_FL_2005",2002-04-01,0.92,"SUS"
"VER_MX_KARL","5","KARL_MX_VER_2010",2002-04-01,1.32,"SG"
"YUC_DELTA","5","DELTA_YUCATAN_MX_2020",2002-04-01,1.2,"SG"
"YUC_MX_EMILY","5","EMILY_MX_YUC_2005",2002-04-01,1.3,"SG"
"YUC_MX_ISIDORE","5","ISIDORE_MX_YUC_2002",2002-04-01,1.7,"SG"
"AL_US_IVAN","4","IVAN_US_AL_2004",2002-05-01,0.96,"SUS"
"AL_US_SALLY","4","SALLY_US_AL_2020",2002-05-01,0.93,"SUS"
"ALEX","6","ALEX_2010",2002-05-01,1.53,"WG"
"BELICE_RICHARD","3","RICHARD_BELICE_2010",2002-05-01,1.06,"C"
"BELIZE_IRIS","2","IRIS_BELIZE_2001",2002-05-01,0.9,"CA"
"BETA","2","BETA_2005",2002-05-01,0.51,"CA"
"CR_OTTO","2","OTTO_CR_2016",2002-05-01,0.55,"CA"
"CUBA_DENNIS","3","DENNIS_CUBA_2005",2002-05-01,1.01,"C"
"CUBA_GUSTAV","3","GUSTAV_CUBA_2008",2002-05-01,0.95,"C"
"CUBA_IAN","3","IAN_CUBA_2022",2002-05-01,0.94,"C"
"CUBA_MICHELLE","3","MICHELLE_CUBA_2001",2002-05-01,0.99,"C"
"CUBA_PALOMA","3","PALOMA_CUBA_2008",2002-05-01,0.96,"C"
"CUBA_SANDY","3","SANDY_CUBA_2012",2002-05-01,0.83,"C"
"DEAN_QROO_MX","5","DEAN_QROO_MX_2007",2002-05-01,1.11,"SG"
"FL_US_CHARLEY","1","CHARLEY_2004",2002-05-01,1.21,"FP"
"FL_US_FRANCES","1","FRANCES_US_FL_2004",2002-05-01,1.09,"FP"
"FL_US_IAN","1","IAN_US_FL_2022",2002-05-01,1.21,"FP"
"FL_US_IRMA","1","IRMA_US_FL_2017",2002-05-01,1.18,"FP"
"FL_US_JEANNE","1","JEANNE_US_FL_2004",2002-05-01,1.09,"FP"
"FL_US_MICHAEL","4","MICHAEL_US_FL_2018",2002-05-01,1,"SUS"
"FL_US_WILMA","1","WILMA_US_FL_2005",2002-05-01,1.15,"FP"
"LA_US_GUSTAV","4","GUSTAV_US_LA_2008",2002-05-01,0.9,"SUS"
"LA_US_IDA","4","IDA_US_LA_2009",2002-05-01,0.9,"SUS"
"LA_US_KATRINA","4","KATRINA_US_LA_2005",2002-05-01,0.9,"SUS"
"LA_US_LAURA","4","LAURA_US_LA_2020",2002-05-01,0.95,"SUS"
"LA_US_ZETA","4","ZETA_US_LA_2020",2002-05-01,0.84,"SUS"
"MX_ERNESTO","5","ERNESTO_MX_2012",2002-05-01,1.1,"SG"
"MX_GRACE","3","GRACE_MX_2021",2002-05-01,1.04,"C"
"MX_TAMPS_EMILY","6","EMILY_TAMPS_MX_2005",2002-05-01,1.44,"WG"
"NC_US_ISABEL","4","ISABEL_US_NC_2003",2002-05-01,0.88,"SUS"
"NIC_ETA","2","ETA_NIC_2020",2002-05-01,0.74,"CA"
"NIC_FELIX","2","FELIX_NIC_2007",2002-05-01,0.76,"CA"
"NIC_IOTA","2","IOTA_NIC_2020",2002-05-01,0.74,"CA"
"PR_USA_MARIA","3","MARIA_US_PR_2017",2002-05-01,0.82,"C"
"QROO_WILMA","3","WILMA_QROO_2005",2002-05-01,1.07,"C"
"TX_US_HARVEY","6","HARVEY_US_TX_2017",2002-05-01,1.07,"WG"
"TX_US_IKE","4","IKE_US_TX_2008",2002-05-01,0.9,"SUS"
"TX_US_RITA","4","RITA_US_TX_2005",2002-05-01,0.93,"SUS"
"US_FL_DELTA","4","DELTA_US_LA_2020",2002-05-01,0.98,"SUS"
"US_FL_DENNIS","4","DENNIS_US_FL_2005",2002-05-01,0.96,"SUS"
"VER_MX_KARL","5","KARL_MX_VER_2010",2002-05-01,1.36,"SG"
"YUC_DELTA","5","DELTA_YUCATAN_MX_2020",2002-05-01,1.11,"SG"
"YUC_MX_EMILY","5","EMILY_MX_YUC_2005",2002-05-01,1.19,"SG"
"YUC_MX_ISIDORE","5","ISIDORE_MX_YUC_2002",2002-05-01,1.55,"SG"
"AL_US_IVAN","4","IVAN_US_AL_2004",2002-06-01,1.02,"SUS"
"AL_US_SALLY","4","SALLY_US_AL_2020",2002-06-01,1.02,"SUS"
"ALEX","6","ALEX_2010",2002-06-01,1.57,"WG"
"BELICE_RICHARD","3","RICHARD_BELICE_2010",2002-06-01,0.87,"C"
"BELIZE_IRIS","2","IRIS_BELIZE_2001",2002-06-01,0.72,"CA"
"BETA","2","BETA_2005",2002-06-01,0.42,"CA"
"CR_OTTO","2","OTTO_CR_2016",2002-06-01,0.54,"CA"
"CUBA_DENNIS","3","DENNIS_CUBA_2005",2002-06-01,0.85,"C"
"CUBA_GUSTAV","3","GUSTAV_CUBA_2008",2002-06-01,0.74,"C"
"CUBA_IAN","3","IAN_CUBA_2022",2002-06-01,0.73,"C"
"CUBA_MICHELLE","3","MICHELLE_CUBA_2001",2002-06-01,0.85,"C"
"CUBA_PALOMA","3","PALOMA_CUBA_2008",2002-06-01,0.8,"C"
"CUBA_SANDY","3","SANDY_CUBA_2012",2002-06-01,0.74,"C"
"DEAN_QROO_MX","5","DEAN_QROO_MX_2007",2002-06-01,0.85,"SG"
"FL_US_CHARLEY","1","CHARLEY_2004",2002-06-01,1.07,"FP"
"FL_US_FRANCES","1","FRANCES_US_FL_2004",2002-06-01,0.96,"FP"
"FL_US_IAN","1","IAN_US_FL_2022",2002-06-01,1.06,"FP"
"FL_US_IRMA","1","IRMA_US_FL_2017",2002-06-01,1.04,"FP"
"FL_US_JEANNE","1","JEANNE_US_FL_2004",2002-06-01,0.97,"FP"
"FL_US_MICHAEL","4","MICHAEL_US_FL_2018",2002-06-01,1.11,"SUS"
"FL_US_WILMA","1","WILMA_US_FL_2005",2002-06-01,1,"FP"
"LA_US_GUSTAV","4","GUSTAV_US_LA_2008",2002-06-01,0.96,"SUS"
"LA_US_IDA","4","IDA_US_LA_2009",2002-06-01,0.95,"SUS"
"LA_US_KATRINA","4","KATRINA_US_LA_2005",2002-06-01,0.99,"SUS"
"LA_US_LAURA","4","LAURA_US_LA_2020",2002-06-01,1.02,"SUS"
"LA_US_ZETA","4","ZETA_US_LA_2020",2002-06-01,0.9,"SUS"
"MX_ERNESTO","5","ERNESTO_MX_2012",2002-06-01,0.84,"SG"
"MX_GRACE","3","GRACE_MX_2021",2002-06-01,0.94,"C"
"MX_TAMPS_EMILY","6","EMILY_TAMPS_MX_2005",2002-06-01,1.58,"WG"
"NC_US_ISABEL","4","ISABEL_US_NC_2003",2002-06-01,1.18,"SUS"
"NIC_ETA","2","ETA_NIC_2020",2002-06-01,0.5,"CA"
"NIC_FELIX","2","FELIX_NIC_2007",2002-06-01,0.5,"CA"
"NIC_IOTA","2","IOTA_NIC_2020",2002-06-01,0.51,"CA"
"PR_USA_MARIA","3","MARIA_US_PR_2017",2002-06-01,0.87,"C"
"QROO_WILMA","3","WILMA_QROO_2005",2002-06-01,0.85,"C"
"TX_US_HARVEY","6","HARVEY_US_TX_2017",2002-06-01,1.24,"WG"
"TX_US_IKE","4","IKE_US_TX_2008",2002-06-01,1.04,"SUS"
"TX_US_RITA","4","RITA_US_TX_2005",2002-06-01,1.02,"SUS"
"US_FL_DELTA","4","DELTA_US_LA_2020",2002-06-01,1.05,"SUS"
"US_FL_DENNIS","4","DENNIS_US_FL_2005",2002-06-01,1.01,"SUS"
"VER_MX_KARL","5","KARL_MX_VER_2010",2002-06-01,1.03,"SG"
"YUC_DELTA","5","DELTA_YUCATAN_MX_2020",2002-06-01,0.87,"SG"
"YUC_MX_EMILY","5","EMILY_MX_YUC_2005",2002-06-01,0.94,"SG"
"YUC_MX_ISIDORE","5","ISIDORE_MX_YUC_2002",2002-06-01,1.12,"SG"
"AL_US_IVAN","4","IVAN_US_AL_2004",2002-07-01,1.04,"SUS"
"AL_US_SALLY","4","SALLY_US_AL_2020",2002-07-01,1.03,"SUS"
"ALEX","6","ALEX_2010",2002-07-01,1.43,"WG"
"BELICE_RICHARD","3","RICHARD_BELICE_2010",2002-07-01,0.8,"C"
"BELIZE_IRIS","2","IRIS_BELIZE_2001",2002-07-01,0.65,"CA"
"BETA","2","BETA_2005",2002-07-01,0.28,"CA"
"CR_OTTO","2","OTTO_CR_2016",2002-07-01,0.38,"CA"
"CUBA_DENNIS","3","DENNIS_CUBA_2005",2002-07-01,0.98,"C"
"CUBA_GUSTAV","3","GUSTAV_CUBA_2008",2002-07-01,0.85,"C"
"CUBA_IAN","3","IAN_CUBA_2022",2002-07-01,0.83,"C"
"CUBA_MICHELLE","3","MICHELLE_CUBA_2001",2002-07-01,0.96,"C"
"CUBA_PALOMA","3","PALOMA_CUBA_2008",2002-07-01,0.94,"C"
"CUBA_SANDY","3","SANDY_CUBA_2012",2002-07-01,0.81,"C"
"DEAN_QROO_MX","5","DEAN_QROO_MX_2007",2002-07-01,0.93,"SG"
"FL_US_CHARLEY","1","CHARLEY_2004",2002-07-01,1.07,"FP"
"FL_US_FRANCES","1","FRANCES_US_FL_2004",2002-07-01,1.03,"FP"
"FL_US_IAN","1","IAN_US_FL_2022",2002-07-01,1.08,"FP"
"FL_US_IRMA","1","IRMA_US_FL_2017",2002-07-01,1.09,"FP"
"FL_US_JEANNE","1","JEANNE_US_FL_2004",2002-07-01,1.04,"FP"
"FL_US_MICHAEL","4","MICHAEL_US_FL_2018",2002-07-01,1.06,"SUS"
"FL_US_WILMA","1","WILMA_US_FL_2005",2002-07-01,1.05,"FP"
"LA_US_GUSTAV","4","GUSTAV_US_LA_2008",2002-07-01,1.07,"SUS"
"LA_US_IDA","4","IDA_US_LA_2009",2002-07-01,1.03,"SUS"
"LA_US_KATRINA","4","KATRINA_US_LA_2005",2002-07-01,1,"SUS"
"LA_US_LAURA","4","LAURA_US_LA_2020",2002-07-01,1.1,"SUS"
"LA_US_ZETA","4","ZETA_US_LA_2020",2002-07-01,0.98,"SUS"
"MX_ERNESTO","5","ERNESTO_MX_2012",2002-07-01,0.92,"SG"
"MX_GRACE","3","GRACE_MX_2021",2002-07-01,0.77,"C"
"MX_TAMPS_EMILY","6","EMILY_TAMPS_MX_2005",2002-07-01,1.44,"WG"
"NC_US_ISABEL","4","ISABEL_US_NC_2003",2002-07-01,1.17,"SUS"
"NIC_ETA","2","ETA_NIC_2020",2002-07-01,0.45,"CA"
"NIC_FELIX","2","FELIX_NIC_2007",2002-07-01,0.44,"CA"
"NIC_IOTA","2","IOTA_NIC_2020",2002-07-01,0.46,"CA"
"PR_USA_MARIA","3","MARIA_US_PR_2017",2002-07-01,0.89,"C"
"QROO_WILMA","3","WILMA_QROO_2005",2002-07-01,0.9,"C"
"TX_US_HARVEY","6","HARVEY_US_TX_2017",2002-07-01,1.24,"WG"
"TX_US_IKE","4","IKE_US_TX_2008",2002-07-01,1.1,"SUS"
"TX_US_RITA","4","RITA_US_TX_2005",2002-07-01,1.1,"SUS"
"US_FL_DELTA","4","DELTA_US_LA_2020",2002-07-01,1.13,"SUS"
"US_FL_DENNIS","4","DENNIS_US_FL_2005",2002-07-01,1.03,"SUS"
"VER_MX_KARL","5","KARL_MX_VER_2010",2002-07-01,0.79,"SG"
"YUC_DELTA","5","DELTA_YUCATAN_MX_2020",2002-07-01,0.9,"SG"
"YUC_MX_EMILY","5","EMILY_MX_YUC_2005",2002-07-01,0.99,"SG"
"YUC_MX_ISIDORE","5","ISIDORE_MX_YUC_2002",2002-07-01,1.04,"SG"
"AL_US_IVAN","4","IVAN_US_AL_2004",2002-08-01,1.09,"SUS"
"AL_US_SALLY","4","SALLY_US_AL_2020",2002-08-01,1.06,"SUS"
"ALEX","6","ALEX_2010",2002-08-01,1.65,"WG"
"BELICE_RICHARD","3","RICHARD_BELICE_2010",2002-08-01,0.75,"C"
"BELIZE_IRIS","2","IRIS_BELIZE_2001",2002-08-01,0.62,"CA"
"BETA","2","BETA_2005",2002-08-01,0.28,"CA"
"CR_OTTO","2","OTTO_CR_2016",2002-08-01,0.38,"CA"
"CUBA_DENNIS","3","DENNIS_CUBA_2005",2002-08-01,0.98,"C"
"CUBA_GUSTAV","3","GUSTAV_CUBA_2008",2002-08-01,0.82,"C"
"CUBA_IAN","3","IAN_CUBA_2022",2002-08-01,0.81,"C"
"CUBA_MICHELLE","3","MICHELLE_CUBA_2001",2002-08-01,0.95,"C"
"CUBA_PALOMA","3","PALOMA_CUBA_2008",2002-08-01,0.96,"C"
"CUBA_SANDY","3","SANDY_CUBA_2012",2002-08-01,0.88,"C"
"DEAN_QROO_MX","5","DEAN_QROO_MX_2007",2002-08-01,0.85,"SG"
"FL_US_CHARLEY","1","CHARLEY_2004",2002-08-01,1.09,"FP"
"FL_US_FRANCES","1","FRANCES_US_FL_2004",2002-08-01,1.05,"FP"
"FL_US_IAN","1","IAN_US_FL_2022",2002-08-01,1.1,"FP"
"FL_US_IRMA","1","IRMA_US_FL_2017",2002-08-01,1.11,"FP"
"FL_US_JEANNE","1","JEANNE_US_FL_2004",2002-08-01,1.05,"FP"
"FL_US_MICHAEL","4","MICHAEL_US_FL_2018",2002-08-01,1.09,"SUS"
"FL_US_WILMA","1","WILMA_US_FL_2005",2002-08-01,1.08,"FP"
"LA_US_GUSTAV","4","GUSTAV_US_LA_2008",2002-08-01,1.02,"SUS"
"LA_US_IDA","4","IDA_US_LA_2009",2002-08-01,1.02,"SUS"
"LA_US_KATRINA","4","KATRINA_US_LA_2005",2002-08-01,1.01,"SUS"
"LA_US_LAURA","4","LAURA_US_LA_2020",2002-08-01,1.21,"SUS"
"LA_US_ZETA","4","ZETA_US_LA_2020",2002-08-01,0.97,"SUS"
"MX_ERNESTO","5","ERNESTO_MX_2012",2002-08-01,0.84,"SG"
"MX_GRACE","3","GRACE_MX_2021",2002-08-01,0.82,"C"
"MX_TAMPS_EMILY","6","EMILY_TAMPS_MX_2005",2002-08-01,1.72,"WG"
"NC_US_ISABEL","4","ISABEL_US_NC_2003",2002-08-01,1.11,"SUS"
"NIC_ETA","2","ETA_NIC_2020",2002-08-01,0.39,"CA"
"NIC_FELIX","2","FELIX_NIC_2007",2002-08-01,0.41,"CA"
"NIC_IOTA","2","IOTA_NIC_2020",2002-08-01,0.41,"CA"
"PR_USA_MARIA","3","MARIA_US_PR_2017",2002-08-01,0.88,"C"
"QROO_WILMA","3","WILMA_QROO_2005",2002-08-01,0.84,"C"
"TX_US_HARVEY","6","HARVEY_US_TX_2017",2002-08-01,1.5,"WG"
"TX_US_IKE","4","IKE_US_TX_2008",2002-08-01,1.31,"SUS"
"TX_US_RITA","4","RITA_US_TX_2005",2002-08-01,1.24,"SUS"
"US_FL_DELTA","4","DELTA_US_LA_2020",2002-08-01,1.17,"SUS"
"US_FL_DENNIS","4","DENNIS_US_FL_2005",2002-08-01,1.08,"SUS"
"VER_MX_KARL","5","KARL_MX_VER_2010",2002-08-01,0.88,"SG"
"YUC_DELTA","5","DELTA_YUCATAN_MX_2020",2002-08-01,0.85,"SG"
"YUC_MX_EMILY","5","EMILY_MX_YUC_2005",2002-08-01,0.93,"SG"
"YUC_MX_ISIDORE","5","ISIDORE_MX_YUC_2002",2002-08-01,0.93,"SG"
"AL_US_IVAN","4","IVAN_US_AL_2004",2002-09-01,1.05,"SUS"
"AL_US_SALLY","4","SALLY_US_AL_2020",2002-09-01,0.95,"SUS"
"ALEX","6","ALEX_2010",2002-09-01,1.28,"WG"
"BELICE_RICHARD","3","RICHARD_BELICE_2010",2002-09-01,0.72,"C"
"BELIZE_IRIS","2","IRIS_BELIZE_2001",2002-09-01,0.57,"CA"
"BETA","2","BETA_2005",2002-09-01,0.46,"CA"
"CR_OTTO","2","OTTO_CR_2016",2002-09-01,0.52,"CA"
"CUBA_DENNIS","3","DENNIS_CUBA_2005",2002-09-01,0.81,"C"
"CUBA_GUSTAV","3","GUSTAV_CUBA_2008",2002-09-01,0.68,"C"
"CUBA_IAN","3","IAN_CUBA_2022",2002-09-01,0.66,"C"
"CUBA_MICHELLE","3","MICHELLE_CUBA_2001",2002-09-01,0.78,"C"
"CUBA_PALOMA","3","PALOMA_CUBA_2008",2002-09-01,0.82,"C"
"CUBA_SANDY","3","SANDY_CUBA_2012",2002-09-01,0.76,"C"
"DEAN_QROO_MX","5","DEAN_QROO_MX_2007",2002-09-01,0.79,"SG"
"FL_US_CHARLEY","1","CHARLEY_2004",2002-09-01,1,"FP"
"FL_US_FRANCES","1","FRANCES_US_FL_2004",2002-09-01,0.96,"FP"
"FL_US_IAN","1","IAN_US_FL_2022",2002-09-01,1,"FP"
"FL_US_IRMA","1","IRMA_US_FL_2017",2002-09-01,1,"FP"
"FL_US_JEANNE","1","JEANNE_US_FL_2004",2002-09-01,0.96,"FP"
"FL_US_MICHAEL","4","MICHAEL_US_FL_2018",2002-09-01,1.16,"SUS"
"FL_US_WILMA","1","WILMA_US_FL_2005",2002-09-01,0.99,"FP"
"LA_US_GUSTAV","4","GUSTAV_US_LA_2008",2002-09-01,0.81,"SUS"
"LA_US_IDA","4","IDA_US_LA_2009",2002-09-01,0.79,"SUS"
"LA_US_KATRINA","4","KATRINA_US_LA_2005",2002-09-01,0.84,"SUS"
"LA_US_LAURA","4","LAURA_US_LA_2020",2002-09-01,1.01,"SUS"
"LA_US_ZETA","4","ZETA_US_LA_2020",2002-09-01,0.76,"SUS"
"MX_ERNESTO","5","ERNESTO_MX_2012",2002-09-01,0.79,"SG"
"MX_GRACE","3","GRACE_MX_2021",2002-09-01,0.73,"C"
"MX_TAMPS_EMILY","6","EMILY_TAMPS_MX_2005",2002-09-01,1.3,"WG"
"NC_US_ISABEL","4","ISABEL_US_NC_2003",2002-09-01,0.89,"SUS"
"NIC_ETA","2","ETA_NIC_2020",2002-09-01,0.54,"CA"
"NIC_FELIX","2","FELIX_NIC_2007",2002-09-01,0.55,"CA"
"NIC_IOTA","2","IOTA_NIC_2020",2002-09-01,0.54,"CA"
"PR_USA_MARIA","3","MARIA_US_PR_2017",2002-09-01,0.8,"C"
"QROO_WILMA","3","WILMA_QROO_2005",2002-09-01,0.71,"C"
"TX_US_HARVEY","6","HARVEY_US_TX_2017",2002-09-01,1.24,"WG"
"TX_US_IKE","4","IKE_US_TX_2008",2002-09-01,1.06,"SUS"
"TX_US_RITA","4","RITA_US_TX_2005",2002-09-01,1.03,"SUS"
"US_FL_DELTA","4","DELTA_US_LA_2020",2002-09-01,1.02,"SUS"
"US_FL_DENNIS","4","DENNIS_US_FL_2005",2002-09-01,1.1,"SUS"
"VER_MX_KARL","5","KARL_MX_VER_2010",2002-09-01,0.8,"SG"
"YUC_DELTA","5","DELTA_YUCATAN_MX_2020",2002-09-01,0.72,"SG"
"YUC_MX_EMILY","5","EMILY_MX_YUC_2005",2002-09-01,0.8,"SG"
"YUC_MX_ISIDORE","5","ISIDORE_MX_YUC_2002",2002-09-01,0.89,"SG"
"AL_US_IVAN","4","IVAN_US_AL_2004",2002-10-01,0.82,"SUS"
"AL_US_SALLY","4","SALLY_US_AL_2020",2002-10-01,0.7,"SUS"
"ALEX","6","ALEX_2010",2002-10-01,0.95,"WG"
"BELICE_RICHARD","3","RICHARD_BELICE_2010",2002-10-01,0.74,"C"
"BELIZE_IRIS","2","IRIS_BELIZE_2001",2002-10-01,0.61,"CA"
"BETA","2","BETA_2005",2002-10-01,0.49,"CA"
"CR_OTTO","2","OTTO_CR_2016",2002-10-01,0.49,"CA"
"CUBA_DENNIS","3","DENNIS_CUBA_2005",2002-10-01,0.85,"C"
"CUBA_GUSTAV","3","GUSTAV_CUBA_2008",2002-10-01,0.76,"C"
"CUBA_IAN","3","IAN_CUBA_2022",2002-10-01,0.74,"C"
"CUBA_MICHELLE","3","MICHELLE_CUBA_2001",2002-10-01,0.84,"C"
"CUBA_PALOMA","3","PALOMA_CUBA_2008",2002-10-01,0.74,"C"
"CUBA_SANDY","3","SANDY_CUBA_2012",2002-10-01,0.61,"C"
"DEAN_QROO_MX","5","DEAN_QROO_MX_2007",2002-10-01,0.8,"SG"
"FL_US_CHARLEY","1","CHARLEY_2004",2002-10-01,1.04,"FP"
"FL_US_FRANCES","1","FRANCES_US_FL_2004",2002-10-01,1.01,"FP"
"FL_US_IAN","1","IAN_US_FL_2022",2002-10-01,1.06,"FP"
"FL_US_IRMA","1","IRMA_US_FL_2017",2002-10-01,1.08,"FP"
"FL_US_JEANNE","1","JEANNE_US_FL_2004",2002-10-01,1.02,"FP"
"FL_US_MICHAEL","4","MICHAEL_US_FL_2018",2002-10-01,0.99,"SUS"
"FL_US_WILMA","1","WILMA_US_FL_2005",2002-10-01,1.06,"FP"
"LA_US_GUSTAV","4","GUSTAV_US_LA_2008",2002-10-01,0.67,"SUS"
"LA_US_IDA","4","IDA_US_LA_2009",2002-10-01,0.63,"SUS"
"LA_US_KATRINA","4","KATRINA_US_LA_2005",2002-10-01,0.64,"SUS"
"LA_US_LAURA","4","LAURA_US_LA_2020",2002-10-01,0.76,"SUS"
"LA_US_ZETA","4","ZETA_US_LA_2020",2002-10-01,0.6,"SUS"
"MX_ERNESTO","5","ERNESTO_MX_2012",2002-10-01,0.79,"SG"
"MX_GRACE","3","GRACE_MX_2021",2002-10-01,0.67,"C"
"MX_TAMPS_EMILY","6","EMILY_TAMPS_MX_2005",2002-10-01,0.94,"WG"
"NC_US_ISABEL","4","ISABEL_US_NC_2003",2002-10-01,0.55,"SUS"
"NIC_ETA","2","ETA_NIC_2020",2002-10-01,0.7,"CA"
"NIC_FELIX","2","FELIX_NIC_2007",2002-10-01,0.72,"CA"
"NIC_IOTA","2","IOTA_NIC_2020",2002-10-01,0.7,"CA"
"PR_USA_MARIA","3","MARIA_US_PR_2017",2002-10-01,0.79,"C"
"QROO_WILMA","3","WILMA_QROO_2005",2002-10-01,0.76,"C"
"TX_US_HARVEY","6","HARVEY_US_TX_2017",2002-10-01,0.81,"WG"
"TX_US_IKE","4","IKE_US_TX_2008",2002-10-01,0.7,"SUS"
"TX_US_RITA","4","RITA_US_TX_2005",2002-10-01,0.73,"SUS"
"US_FL_DELTA","4","DELTA_US_LA_2020",2002-10-01,0.83,"SUS"
"US_FL_DENNIS","4","DENNIS_US_FL_2005",2002-10-01,0.88,"SUS"
"VER_MX_KARL","5","KARL_MX_VER_2010",2002-10-01,0.83,"SG"
"YUC_DELTA","5","DELTA_YUCATAN_MX_2020",2002-10-01,0.77,"SG"
"YUC_MX_EMILY","5","EMILY_MX_YUC_2005",2002-10-01,0.85,"SG"
"YUC_MX_ISIDORE","5","ISIDORE_MX_YUC_2002",2002-10-01,0.87,"SG"
"AL_US_IVAN","4","IVAN_US_AL_2004",2002-11-01,0.52,"SUS"
"AL_US_SALLY","4","SALLY_US_AL_2020",2002-11-01,0.52,"SUS"
"ALEX","6","ALEX_2010",2002-11-01,0.8,"WG"
"BELICE_RICHARD","3","RICHARD_BELICE_2010",2002-11-01,0.59,"C"
"BELIZE_IRIS","2","IRIS_BELIZE_2001",2002-11-01,0.48,"CA"
"BETA","2","BETA_2005",2002-11-01,0.45,"CA"
"CR_OTTO","2","OTTO_CR_2016",2002-11-01,0.53,"CA"
"CUBA_DENNIS","3","DENNIS_CUBA_2005",2002-11-01,0.78,"C"
"CUBA_GUSTAV","3","GUSTAV_CUBA_2008",2002-11-01,0.72,"C"
"CUBA_IAN","3","IAN_CUBA_2022",2002-11-01,0.71,"C"
"CUBA_MICHELLE","3","MICHELLE_CUBA_2001",2002-11-01,0.76,"C"
"CUBA_PALOMA","3","PALOMA_CUBA_2008",2002-11-01,0.75,"C"
"CUBA_SANDY","3","SANDY_CUBA_2012",2002-11-01,0.6,"C"
"DEAN_QROO_MX","5","DEAN_QROO_MX_2007",2002-11-01,0.72,"SG"
"FL_US_CHARLEY","1","CHARLEY_2004",2002-11-01,0.81,"FP"
"FL_US_FRANCES","1","FRANCES_US_FL_2004",2002-11-01,0.82,"FP"
"FL_US_IAN","1","IAN_US_FL_2022",2002-11-01,0.83,"FP"
"FL_US_IRMA","1","IRMA_US_FL_2017",2002-11-01,0.88,"FP"
"FL_US_JEANNE","1","JEANNE_US_FL_2004",2002-11-01,0.83,"FP"
"FL_US_MICHAEL","4","MICHAEL_US_FL_2018",2002-11-01,0.59,"SUS"
"FL_US_WILMA","1","WILMA_US_FL_2005",2002-11-01,0.87,"FP"
"LA_US_GUSTAV","4","GUSTAV_US_LA_2008",2002-11-01,0.47,"SUS"
"LA_US_IDA","4","IDA_US_LA_2009",2002-11-01,0.47,"SUS"
"LA_US_KATRINA","4","KATRINA_US_LA_2005",2002-11-01,0.46,"SUS"
"LA_US_LAURA","4","LAURA_US_LA_2020",2002-11-01,0.51,"SUS"
"LA_US_ZETA","4","ZETA_US_LA_2020",2002-11-01,0.45,"SUS"
"MX_ERNESTO","5","ERNESTO_MX_2012",2002-11-01,0.71,"SG"
"MX_GRACE","3","GRACE_MX_2021",2002-11-01,0.49,"C"
"MX_TAMPS_EMILY","6","EMILY_TAMPS_MX_2005",2002-11-01,0.78,"WG"
"NC_US_ISABEL","4","ISABEL_US_NC_2003",2002-11-01,0.4,"SUS"
"NIC_ETA","2","ETA_NIC_2020",2002-11-01,0.54,"CA"
"NIC_FELIX","2","FELIX_NIC_2007",2002-11-01,0.55,"CA"
"NIC_IOTA","2","IOTA_NIC_2020",2002-11-01,0.55,"CA"
"PR_USA_MARIA","3","MARIA_US_PR_2017",2002-11-01,0.79,"C"
"QROO_WILMA","3","WILMA_QROO_2005",2002-11-01,0.69,"C"
"TX_US_HARVEY","6","HARVEY_US_TX_2017",2002-11-01,0.72,"WG"
"TX_US_IKE","4","IKE_US_TX_2008",2002-11-01,0.57,"SUS"
"TX_US_RITA","4","RITA_US_TX_2005",2002-11-01,0.52,"SUS"
"US_FL_DELTA","4","DELTA_US_LA_2020",2002-11-01,0.51,"SUS"
"US_FL_DENNIS","4","DENNIS_US_FL_2005",2002-11-01,0.52,"SUS"
"VER_MX_KARL","5","KARL_MX_VER_2010",2002-11-01,0.74,"SG"
"YUC_DELTA","5","DELTA_YUCATAN_MX_2020",2002-11-01,0.71,"SG"
"YUC_MX_EMILY","5","EMILY_MX_YUC_2005",2002-11-01,0.81,"SG"
"YUC_MX_ISIDORE","5","ISIDORE_MX_YUC_2002",2002-11-01,0.84,"SG"
"AL_US_IVAN","4","IVAN_US_AL_2004",2002-12-01,0.51,"SUS"
"AL_US_SALLY","4","SALLY_US_AL_2020",2002-12-01,0.51,"SUS"
"ALEX","6","ALEX_2010",2002-12-01,0.64,"WG"
"BELICE_RICHARD","3","RICHARD_BELICE_2010",2002-12-01,0.59,"C"
"BELIZE_IRIS","2","IRIS_BELIZE_2001",2002-12-01,0.49,"CA"
"BETA","2","BETA_2005",2002-12-01,0.4,"CA"
"CR_OTTO","2","OTTO_CR_2016",2002-12-01,0.56,"CA"
"CUBA_DENNIS","3","DENNIS_CUBA_2005",2002-12-01,0.86,"C"
"CUBA_GUSTAV","3","GUSTAV_CUBA_2008",2002-12-01,0.68,"C"
"CUBA_IAN","3","IAN_CUBA_2022",2002-12-01,0.66,"C"
"CUBA_MICHELLE","3","MICHELLE_CUBA_2001",2002-12-01,0.84,"C"
"CUBA_PALOMA","3","PALOMA_CUBA_2008",2002-12-01,0.73,"C"
"CUBA_SANDY","3","SANDY_CUBA_2012",2002-12-01,0.66,"C"
"DEAN_QROO_MX","5","DEAN_QROO_MX_2007",2002-12-01,0.67,"SG"
"FL_US_CHARLEY","1","CHARLEY_2004",2002-12-01,0.68,"FP"
"FL_US_FRANCES","1","FRANCES_US_FL_2004",2002-12-01,0.68,"FP"
"FL_US_IAN","1","IAN_US_FL_2022",2002-12-01,0.69,"FP"
"FL_US_IRMA","1","IRMA_US_FL_2017",2002-12-01,0.77,"FP"
"FL_US_JEANNE","1","JEANNE_US_FL_2004",2002-12-01,0.69,"FP"
"FL_US_MICHAEL","4","MICHAEL_US_FL_2018",2002-12-01,0.49,"SUS"
"FL_US_WILMA","1","WILMA_US_FL_2005",2002-12-01,0.76,"FP"
"LA_US_GUSTAV","4","GUSTAV_US_LA_2008",2002-12-01,0.41,"SUS"
"LA_US_IDA","4","IDA_US_LA_2009",2002-12-01,0.46,"SUS"
"LA_US_KATRINA","4","KATRINA_US_LA_2005",2002-12-01,0.48,"SUS"
"LA_US_LAURA","4","LAURA_US_LA_2020",2002-12-01,0.44,"SUS"
"LA_US_ZETA","4","ZETA_US_LA_2020",2002-12-01,0.43,"SUS"
"MX_ERNESTO","5","ERNESTO_MX_2012",2002-12-01,0.66,"SG"
"MX_GRACE","3","GRACE_MX_2021",2002-12-01,0.44,"C"
"MX_TAMPS_EMILY","6","EMILY_TAMPS_MX_2005",2002-12-01,0.62,"WG"
"NC_US_ISABEL","4","ISABEL_US_NC_2003",2002-12-01,0.37,"SUS"
"NIC_ETA","2","ETA_NIC_2020",2002-12-01,0.49,"CA"
"NIC_FELIX","2","FELIX_NIC_2007",2002-12-01,0.48,"CA"
"NIC_IOTA","2","IOTA_NIC_2020",2002-12-01,0.51,"CA"
"PR_USA_MARIA","3","MARIA_US_PR_2017",2002-12-01,0.7,"C"
"QROO_WILMA","3","WILMA_QROO_2005",2002-12-01,0.67,"C"
"TX_US_HARVEY","6","HARVEY_US_TX_2017",2002-12-01,0.63,"WG"
"TX_US_IKE","4","IKE_US_TX_2008",2002-12-01,0.5,"SUS"
"TX_US_RITA","4","RITA_US_TX_2005",2002-12-01,0.45,"SUS"
"US_FL_DELTA","4","DELTA_US_LA_2020",2002-12-01,0.44,"SUS"
"US_FL_DENNIS","4","DENNIS_US_FL_2005",2002-12-01,0.51,"SUS"
"VER_MX_KARL","5","KARL_MX_VER_2010",2002-12-01,0.73,"SG"
"YUC_DELTA","5","DELTA_YUCATAN_MX_2020",2002-12-01,0.7,"SG"
"YUC_MX_EMILY","5","EMILY_MX_YUC_2005",2002-12-01,0.81,"SG"
"YUC_MX_ISIDORE","5","ISIDORE_MX_YUC_2002",2002-12-01,0.81,"SG"
"AL_US_IVAN","4","IVAN_US_AL_2004",2003-01-01,0.46,"SUS"
"AL_US_SALLY","4","SALLY_US_AL_2020",2003-01-01,0.47,"SUS"
"ALEX","6","ALEX_2010",2003-01-01,0.61,"WG"
"BELICE_RICHARD","3","RICHARD_BELICE_2010",2003-01-01,0.6,"C"
"BELIZE_IRIS","2","IRIS_BELIZE_2001",2003-01-01,0.54,"CA"
"BETA","2","BETA_2005",2003-01-01,0.45,"CA"
"CR_OTTO","2","OTTO_CR_2016",2003-01-01,0.61,"CA"
"CUBA_DENNIS","3","DENNIS_CUBA_2005",2003-01-01,0.65,"C"
"CUBA_GUSTAV","3","GUSTAV_CUBA_2008",2003-01-01,0.55,"C"
"CUBA_IAN","3","IAN_CUBA_2022",2003-01-01,0.54,"C"
"CUBA_MICHELLE","3","MICHELLE_CUBA_2001",2003-01-01,0.64,"C"
"CUBA_PALOMA","3","PALOMA_CUBA_2008",2003-01-01,0.6,"C"
"CUBA_SANDY","3","SANDY_CUBA_2012",2003-01-01,0.48,"C"
"DEAN_QROO_MX","5","DEAN_QROO_MX_2007",2003-01-01,0.68,"SG"
"FL_US_CHARLEY","1","CHARLEY_2004",2003-01-01,0.65,"FP"
"FL_US_FRANCES","1","FRANCES_US_FL_2004",2003-01-01,0.65,"FP"
"FL_US_IAN","1","IAN_US_FL_2022",2003-01-01,0.66,"FP"
"FL_US_IRMA","1","IRMA_US_FL_2017",2003-01-01,0.68,"FP"
"FL_US_JEANNE","1","JEANNE_US_FL_2004",2003-01-01,0.65,"FP"
"FL_US_MICHAEL","4","MICHAEL_US_FL_2018",2003-01-01,0.54,"SUS"
"FL_US_WILMA","1","WILMA_US_FL_2005",2003-01-01,0.67,"FP"
"LA_US_GUSTAV","4","GUSTAV_US_LA_2008",2003-01-01,0.31,"SUS"
"LA_US_IDA","4","IDA_US_LA_2009",2003-01-01,0.35,"SUS"
"LA_US_KATRINA","4","KATRINA_US_LA_2005",2003-01-01,0.38,"SUS"
"LA_US_LAURA","4","LAURA_US_LA_2020",2003-01-01,0.42,"SUS"
"LA_US_ZETA","4","ZETA_US_LA_2020",2003-01-01,0.32,"SUS"
"MX_ERNESTO","5","ERNESTO_MX_2012",2003-01-01,0.68,"SG"
"MX_GRACE","3","GRACE_MX_2021",2003-01-01,0.46,"C"
"MX_TAMPS_EMILY","6","EMILY_TAMPS_MX_2005",2003-01-01,0.52,"WG"
"NC_US_ISABEL","4","ISABEL_US_NC_2003",2003-01-01,0.31,"SUS"
"NIC_ETA","2","ETA_NIC_2020",2003-01-01,0.51,"CA"
"NIC_FELIX","2","FELIX_NIC_2007",2003-01-01,0.47,"CA"
"NIC_IOTA","2","IOTA_NIC_2020",2003-01-01,0.52,"CA"
"PR_USA_MARIA","3","MARIA_US_PR_2017",2003-01-01,0.77,"C"
"QROO_WILMA","3","WILMA_QROO_2005",2003-01-01,0.59,"C"
"TX_US_HARVEY","6","HARVEY_US_TX_2017",2003-01-01,0.51,"WG"
"TX_US_IKE","4","IKE_US_TX_2008",2003-01-01,0.44,"SUS"
"TX_US_RITA","4","RITA_US_TX_2005",2003-01-01,0.43,"SUS"
"US_FL_DELTA","4","DELTA_US_LA_2020",2003-01-01,0.38,"SUS"
"US_FL_DENNIS","4","DENNIS_US_FL_2005",2003-01-01,0.47,"SUS"
"VER_MX_KARL","5","KARL_MX_VER_2010",2003-01-01,0.69,"SG"
"YUC_DELTA","5","DELTA_YUCATAN_MX_2020",2003-01-01,0.62,"SG"
"YUC_MX_EMILY","5","EMILY_MX_YUC_2005",2003-01-01,0.77,"SG"
"YUC_MX_ISIDORE","5","ISIDORE_MX_YUC_2002",2003-01-01,0.84,"SG"
"AL_US_IVAN","4","IVAN_US_AL_2004",2003-02-01,0.5,"SUS"
"AL_US_SALLY","4","SALLY_US_AL_2020",2003-02-01,0.48,"SUS"
"ALEX","6","ALEX_2010",2003-02-01,0.82,"WG"
"BELICE_RICHARD","3","RICHARD_BELICE_2010",2003-02-01,0.75,"C"
"BELIZE_IRIS","2","IRIS_BELIZE_2001",2003-02-01,0.69,"CA"
"BETA","2","BETA_2005",2003-02-01,0.53,"CA"
"CR_OTTO","2","OTTO_CR_2016",2003-02-01,0.71,"CA"
"CUBA_DENNIS","3","DENNIS_CUBA_2005",2003-02-01,1.02,"C"
"CUBA_GUSTAV","3","GUSTAV_CUBA_2008",2003-02-01,0.88,"C"
"CUBA_IAN","3","IAN_CUBA_2022",2003-02-01,0.85,"C"
"CUBA_MICHELLE","3","MICHELLE_CUBA_2001",2003-02-01,1.01,"C"
"CUBA_PALOMA","3","PALOMA_CUBA_2008",2003-02-01,0.92,"C"
"CUBA_SANDY","3","SANDY_CUBA_2012",2003-02-01,0.77,"C"
"DEAN_QROO_MX","5","DEAN_QROO_MX_2007",2003-02-01,0.92,"SG"
"FL_US_CHARLEY","1","CHARLEY_2004",2003-02-01,0.76,"FP"
"FL_US_FRANCES","1","FRANCES_US_FL_2004",2003-02-01,0.77,"FP"
"FL_US_IAN","1","IAN_US_FL_2022",2003-02-01,0.77,"FP"
"FL_US_IRMA","1","IRMA_US_FL_2017",2003-02-01,0.78,"FP"
"FL_US_JEANNE","1","JEANNE_US_FL_2004",2003-02-01,0.78,"FP"
"FL_US_MICHAEL","4","MICHAEL_US_FL_2018",2003-02-01,0.51,"SUS"
"FL_US_WILMA","1","WILMA_US_FL_2005",2003-02-01,0.78,"FP"
"LA_US_GUSTAV","4","GUSTAV_US_LA_2008",2003-02-01,0.28,"SUS"
"LA_US_IDA","4","IDA_US_LA_2009",2003-02-01,0.32,"SUS"
"LA_US_KATRINA","4","KATRINA_US_LA_2005",2003-02-01,0.39,"SUS"
"LA_US_LAURA","4","LAURA_US_LA_2020",2003-02-01,0.39,"SUS"
"LA_US_ZETA","4","ZETA_US_LA_2020",2003-02-01,0.28,"SUS"
"MX_ERNESTO","5","ERNESTO_MX_2012",2003-02-01,0.91,"SG"
"MX_GRACE","3","GRACE_MX_2021",2003-02-01,0.57,"C"
"MX_TAMPS_EMILY","6","EMILY_TAMPS_MX_2005",2003-02-01,0.69,"WG"
"NC_US_ISABEL","4","ISABEL_US_NC_2003",2003-02-01,0.4,"SUS"
"NIC_ETA","2","ETA_NIC_2020",2003-02-01,0.57,"CA"
"NIC_FELIX","2","FELIX_NIC_2007",2003-02-01,0.51,"CA"
"NIC_IOTA","2","IOTA_NIC_2020",2003-02-01,0.58,"CA"
"PR_USA_MARIA","3","MARIA_US_PR_2017",2003-02-01,0.81,"C"
"QROO_WILMA","3","WILMA_QROO_2005",2003-02-01,0.78,"C"
"TX_US_HARVEY","6","HARVEY_US_TX_2017",2003-02-01,0.48,"WG"
"TX_US_IKE","4","IKE_US_TX_2008",2003-02-01,0.39,"SUS"
"TX_US_RITA","4","RITA_US_TX_2005",2003-02-01,0.4,"SUS"
"US_FL_DELTA","4","DELTA_US_LA_2020",2003-02-01,0.4,"SUS"
"US_FL_DENNIS","4","DENNIS_US_FL_2005",2003-02-01,0.5,"SUS"
"VER_MX_KARL","5","KARL_MX_VER_2010",2003-02-01,0.91,"SG"
"YUC_DELTA","5","DELTA_YUCATAN_MX_2020",2003-02-01,0.83,"SG"
"YUC_MX_EMILY","5","EMILY_MX_YUC_2005",2003-02-01,0.99,"SG"
"YUC_MX_ISIDORE","5","ISIDORE_MX_YUC_2002",2003-02-01,1.12,"SG"
"AL_US_IVAN","4","IVAN_US_AL_2004",2003-03-01,0.56,"SUS"
"AL_US_SALLY","4","SALLY_US_AL_2020",2003-03-01,0.48,"SUS"
"ALEX","6","ALEX_2010",2003-03-01,1.15,"WG"
"BELICE_RICHARD","3","RICHARD_BELICE_2010",2003-03-01,0.92,"C"
"BELIZE_IRIS","2","IRIS_BELIZE_2001",2003-03-01,0.81,"CA"
"BETA","2","BETA_2005",2003-03-01,0.75,"CA"
"CR_OTTO","2","OTTO_CR_2016",2003-03-01,0.8,"CA"
"CUBA_DENNIS","3","DENNIS_CUBA_2005",2003-03-01,1.19,"C"
"CUBA_GUSTAV","3","GUSTAV_CUBA_2008",2003-03-01,1,"C"
"CUBA_IAN","3","IAN_CUBA_2022",2003-03-01,0.98,"C"
"CUBA_MICHELLE","3","MICHELLE_CUBA_2001",2003-03-01,1.2,"C"
"CUBA_PALOMA","3","PALOMA_CUBA_2008",2003-03-01,1.21,"C"
"CUBA_SANDY","3","SANDY_CUBA_2012",2003-03-01,1.04,"C"
"DEAN_QROO_MX","5","DEAN_QROO_MX_2007",2003-03-01,1.13,"SG"
"FL_US_CHARLEY","1","CHARLEY_2004",2003-03-01,0.95,"FP"
"FL_US_FRANCES","1","FRANCES_US_FL_2004",2003-03-01,0.97,"FP"
"FL_US_IAN","1","IAN_US_FL_2022",2003-03-01,0.97,"FP"
"FL_US_IRMA","1","IRMA_US_FL_2017",2003-03-01,0.98,"FP"
"FL_US_JEANNE","1","JEANNE_US_FL_2004",2003-03-01,0.98,"FP"
"FL_US_MICHAEL","4","MICHAEL_US_FL_2018",2003-03-01,0.56,"SUS"
"FL_US_WILMA","1","WILMA_US_FL_2005",2003-03-01,1.03,"FP"
"LA_US_GUSTAV","4","GUSTAV_US_LA_2008",2003-03-01,0.48,"SUS"
"LA_US_IDA","4","IDA_US_LA_2009",2003-03-01,0.45,"SUS"
"LA_US_KATRINA","4","KATRINA_US_LA_2005",2003-03-01,0.51,"SUS"
"LA_US_LAURA","4","LAURA_US_LA_2020",2003-03-01,0.58,"SUS"
"LA_US_ZETA","4","ZETA_US_LA_2020",2003-03-01,0.4,"SUS"
"MX_ERNESTO","5","ERNESTO_MX_2012",2003-03-01,1.12,"SG"
"MX_GRACE","3","GRACE_MX_2021",2003-03-01,0.74,"C"
"MX_TAMPS_EMILY","6","EMILY_TAMPS_MX_2005",2003-03-01,1.03,"WG"
"NC_US_ISABEL","4","ISABEL_US_NC_2003",2003-03-01,0.55,"SUS"
"NIC_ETA","2","ETA_NIC_2020",2003-03-01,0.85,"CA"
"NIC_FELIX","2","FELIX_NIC_2007",2003-03-01,0.78,"CA"
"NIC_IOTA","2","IOTA_NIC_2020",2003-03-01,0.85,"CA"
"PR_USA_MARIA","3","MARIA_US_PR_2017",2003-03-01,0.91,"C"
"QROO_WILMA","3","WILMA_QROO_2005",2003-03-01,0.98,"C"
"TX_US_HARVEY","6","HARVEY_US_TX_2017",2003-03-01,0.77,"WG"
"TX_US_IKE","4","IKE_US_TX_2008",2003-03-01,0.61,"SUS"
"TX_US_RITA","4","RITA_US_TX_2005",2003-03-01,0.59,"SUS"
"US_FL_DELTA","4","DELTA_US_LA_2020",2003-03-01,0.6,"SUS"
"US_FL_DENNIS","4","DENNIS_US_FL_2005",2003-03-01,0.55,"SUS"
"VER_MX_KARL","5","KARL_MX_VER_2010",2003-03-01,1.07,"SG"
"YUC_DELTA","5","DELTA_YUCATAN_MX_2020",2003-03-01,1.04,"SG"
"YUC_MX_EMILY","5","EMILY_MX_YUC_2005",2003-03-01,1.2,"SG"
"YUC_MX_ISIDORE","5","ISIDORE_MX_YUC_2002",2003-03-01,1.44,"SG"
"AL_US_IVAN","4","IVAN_US_AL_2004",2003-04-01,0.83,"SUS"
"AL_US_SALLY","4","SALLY_US_AL_2020",2003-04-01,0.8,"SUS"
"ALEX","6","ALEX_2010",2003-04-01,1.33,"WG"
"BELICE_RICHARD","3","RICHARD_BELICE_2010",2003-04-01,1.05,"C"
"BELIZE_IRIS","2","IRIS_BELIZE_2001",2003-04-01,0.94,"CA"
"BETA","2","BETA_2005",2003-04-01,0.79,"CA"
"CR_OTTO","2","OTTO_CR_2016",2003-04-01,0.73,"CA"
"CUBA_DENNIS","3","DENNIS_CUBA_2005",2003-04-01,1.14,"C"
"CUBA_GUSTAV","3","GUSTAV_CUBA_2008",2003-04-01,0.97,"C"
"CUBA_IAN","3","IAN_CUBA_2022",2003-04-01,0.95,"C"
"CUBA_MICHELLE","3","MICHELLE_CUBA_2001",2003-04-01,1.14,"C"
"CUBA_PALOMA","3","PALOMA_CUBA_2008",2003-04-01,1.15,"C"
"CUBA_SANDY","3","SANDY_CUBA_2012",2003-04-01,0.96,"C"
"DEAN_QROO_MX","5","DEAN_QROO_MX_2007",2003-04-01,1.15,"SG"
"FL_US_CHARLEY","1","CHARLEY_2004",2003-04-01,1.02,"FP"
"FL_US_FRANCES","1","FRANCES_US_FL_2004",2003-04-01,1.01,"FP"
"FL_US_IAN","1","IAN_US_FL_2022",2003-04-01,1.04,"FP"
"FL_US_IRMA","1","IRMA_US_FL_2017",2003-04-01,1.04,"FP"
"FL_US_JEANNE","1","JEANNE_US_FL_2004",2003-04-01,1.02,"FP"
"FL_US_MICHAEL","4","MICHAEL_US_FL_2018",2003-04-01,0.87,"SUS"
"FL_US_WILMA","1","WILMA_US_FL_2005",2003-04-01,1.05,"FP"
"LA_US_GUSTAV","4","GUSTAV_US_LA_2008",2003-04-01,0.72,"SUS"
"LA_US_IDA","4","IDA_US_LA_2009",2003-04-01,0.71,"SUS"
"LA_US_KATRINA","4","KATRINA_US_LA_2005",2003-04-01,0.75,"SUS"
"LA_US_LAURA","4","LAURA_US_LA_2020",2003-04-01,0.86,"SUS"
"LA_US_ZETA","4","ZETA_US_LA_2020",2003-04-01,0.64,"SUS"
"MX_ERNESTO","5","ERNESTO_MX_2012",2003-04-01,1.15,"SG"
"MX_GRACE","3","GRACE_MX_2021",2003-04-01,0.95,"C"
"MX_TAMPS_EMILY","6","EMILY_TAMPS_MX_2005",2003-04-01,1.25,"WG"
"NC_US_ISABEL","4","ISABEL_US_NC_2003",2003-04-01,0.64,"SUS"
"NIC_ETA","2","ETA_NIC_2020",2003-04-01,0.89,"CA"
"NIC_FELIX","2","FELIX_NIC_2007",2003-04-01,0.87,"CA"
"NIC_IOTA","2","IOTA_NIC_2020",2003-04-01,0.89,"CA"
"PR_USA_MARIA","3","MARIA_US_PR_2017",2003-04-01,0.87,"C"
"QROO_WILMA","3","WILMA_QROO_2005",2003-04-01,1.03,"C"
"TX_US_HARVEY","6","HARVEY_US_TX_2017",2003-04-01,0.96,"WG"
"TX_US_IKE","4","IKE_US_TX_2008",2003-04-01,0.86,"SUS"
"TX_US_RITA","4","RITA_US_TX_2005",2003-04-01,0.86,"SUS"
"US_FL_DELTA","4","DELTA_US_LA_2020",2003-04-01,0.87,"SUS"
"US_FL_DENNIS","4","DENNIS_US_FL_2005",2003-04-01,0.82,"SUS"
"VER_MX_KARL","5","KARL_MX_VER_2010",2003-04-01,1.35,"SG"
"YUC_DELTA","5","DELTA_YUCATAN_MX_2020",2003-04-01,1.09,"SG"
"YUC_MX_EMILY","5","EMILY_MX_YUC_2005",2003-04-01,1.18,"SG"
"YUC_MX_ISIDORE","5","ISIDORE_MX_YUC_2002",2003-04-01,1.56,"SG"
"AL_US_IVAN","4","IVAN_US_AL_2004",2003-05-01,0.91,"SUS"
"AL_US_SALLY","4","SALLY_US_AL_2020",2003-05-01,0.86,"SUS"
"ALEX","6","ALEX_2010",2003-05-01,1.57,"WG"
"BELICE_RICHARD","3","RICHARD_BELICE_2010",2003-05-01,1.1,"C"
"BELIZE_IRIS","2","IRIS_BELIZE_2001",2003-05-01,0.91,"CA"
"BETA","2","BETA_2005",2003-05-01,0.55,"CA"
"CR_OTTO","2","OTTO_CR_2016",2003-05-01,0.61,"CA"
"CUBA_DENNIS","3","DENNIS_CUBA_2005",2003-05-01,1.05,"C"
"CUBA_GUSTAV","3","GUSTAV_CUBA_2008",2003-05-01,0.96,"C"
"CUBA_IAN","3","IAN_CUBA_2022",2003-05-01,0.95,"C"
"CUBA_MICHELLE","3","MICHELLE_CUBA_2001",2003-05-01,1.04,"C"
"CUBA_PALOMA","3","PALOMA_CUBA_2008",2003-05-01,1.02,"C"
"CUBA_SANDY","3","SANDY_CUBA_2012",2003-05-01,0.87,"C"
"DEAN_QROO_MX","5","DEAN_QROO_MX_2007",2003-05-01,1.15,"SG"
"FL_US_CHARLEY","1","CHARLEY_2004",2003-05-01,1.18,"FP"
"FL_US_FRANCES","1","FRANCES_US_FL_2004",2003-05-01,1.11,"FP"
"FL_US_IAN","1","IAN_US_FL_2022",2003-05-01,1.19,"FP"
"FL_US_IRMA","1","IRMA_US_FL_2017",2003-05-01,1.18,"FP"
"FL_US_JEANNE","1","JEANNE_US_FL_2004",2003-05-01,1.12,"FP"
"FL_US_MICHAEL","4","MICHAEL_US_FL_2018",2003-05-01,0.98,"SUS"
"FL_US_WILMA","1","WILMA_US_FL_2005",2003-05-01,1.18,"FP"
"LA_US_GUSTAV","4","GUSTAV_US_LA_2008",2003-05-01,0.87,"SUS"
"LA_US_IDA","4","IDA_US_LA_2009",2003-05-01,0.81,"SUS"
"LA_US_KATRINA","4","KATRINA_US_LA_2005",2003-05-01,0.79,"SUS"
"LA_US_LAURA","4","LAURA_US_LA_2020",2003-05-01,0.95,"SUS"
"LA_US_ZETA","4","ZETA_US_LA_2020",2003-05-01,0.73,"SUS"
"MX_ERNESTO","5","ERNESTO_MX_2012",2003-05-01,1.14,"SG"
"MX_GRACE","3","GRACE_MX_2021",2003-05-01,1.19,"C"
"MX_TAMPS_EMILY","6","EMILY_TAMPS_MX_2005",2003-05-01,1.44,"WG"
"NC_US_ISABEL","4","ISABEL_US_NC_2003",2003-05-01,0.65,"SUS"
"NIC_ETA","2","ETA_NIC_2020",2003-05-01,0.75,"CA"
"NIC_FELIX","2","FELIX_NIC_2007",2003-05-01,0.77,"CA"
"NIC_IOTA","2","IOTA_NIC_2020",2003-05-01,0.75,"CA"
"PR_USA_MARIA","3","MARIA_US_PR_2017",2003-05-01,0.82,"C"
"QROO_WILMA","3","WILMA_QROO_2005",2003-05-01,1.11,"C"
"TX_US_HARVEY","6","HARVEY_US_TX_2017",2003-05-01,1.14,"WG"
"TX_US_IKE","4","IKE_US_TX_2008",2003-05-01,0.93,"SUS"
"TX_US_RITA","4","RITA_US_TX_2005",2003-05-01,0.95,"SUS"
"US_FL_DELTA","4","DELTA_US_LA_2020",2003-05-01,0.99,"SUS"
"US_FL_DENNIS","4","DENNIS_US_FL_2005",2003-05-01,0.95,"SUS"
"VER_MX_KARL","5","KARL_MX_VER_2010",2003-05-01,1.45,"SG"
"YUC_DELTA","5","DELTA_YUCATAN_MX_2020",2003-05-01,1.16,"SG"
"YUC_MX_EMILY","5","EMILY_MX_YUC_2005",2003-05-01,1.21,"SG"
"YUC_MX_ISIDORE","5","ISIDORE_MX_YUC_2002",2003-05-01,1.6,"SG"
"AL_US_IVAN","4","IVAN_US_AL_2004",2003-06-01,0.91,"SUS"
"AL_US_SALLY","4","SALLY_US_AL_2020",2003-06-01,0.82,"SUS"
"ALEX","6","ALEX_2010",2003-06-01,1.52,"WG"
"BELICE_RICHARD","3","RICHARD_BELICE_2010",2003-06-01,0.91,"C"
"BELIZE_IRIS","2","IRIS_BELIZE_2001",2003-06-01,0.76,"CA"
"BETA","2","BETA_2005",2003-06-01,0.37,"CA"
"CR_OTTO","2","OTTO_CR_2016",2003-06-01,0.55,"CA"
"CUBA_DENNIS","3","DENNIS_CUBA_2005",2003-06-01,0.92,"C"
"CUBA_GUSTAV","3","GUSTAV_CUBA_2008",2003-06-01,0.82,"C"
"CUBA_IAN","3","IAN_CUBA_2022",2003-06-01,0.81,"C"
"CUBA_MICHELLE","3","MICHELLE_CUBA_2001",2003-06-01,0.92,"C"
"CUBA_PALOMA","3","PALOMA_CUBA_2008",2003-06-01,0.86,"C"
"CUBA_SANDY","3","SANDY_CUBA_2012",2003-06-01,0.79,"C"
"DEAN_QROO_MX","5","DEAN_QROO_MX_2007",2003-06-01,0.89,"SG"
"FL_US_CHARLEY","1","CHARLEY_2004",2003-06-01,1.05,"FP"
"FL_US_FRANCES","1","FRANCES_US_FL_2004",2003-06-01,0.99,"FP"
"FL_US_IAN","1","IAN_US_FL_2022",2003-06-01,1.05,"FP"
"FL_US_IRMA","1","IRMA_US_FL_2017",2003-06-01,1.04,"FP"
"FL_US_JEANNE","1","JEANNE_US_FL_2004",2003-06-01,0.99,"FP"
"FL_US_MICHAEL","4","MICHAEL_US_FL_2018",2003-06-01,0.97,"SUS"
"FL_US_WILMA","1","WILMA_US_FL_2005",2003-06-01,1.01,"FP"
"LA_US_GUSTAV","4","GUSTAV_US_LA_2008",2003-06-01,0.86,"SUS"
"LA_US_IDA","4","IDA_US_LA_2009",2003-06-01,0.83,"SUS"
"LA_US_KATRINA","4","KATRINA_US_LA_2005",2003-06-01,0.8,"SUS"
"LA_US_LAURA","4","LAURA_US_LA_2020",2003-06-01,0.97,"SUS"
"LA_US_ZETA","4","ZETA_US_LA_2020",2003-06-01,0.77,"SUS"
"MX_ERNESTO","5","ERNESTO_MX_2012",2003-06-01,0.88,"SG"
"MX_GRACE","3","GRACE_MX_2021",2003-06-01,0.93,"C"
"MX_TAMPS_EMILY","6","EMILY_TAMPS_MX_2005",2003-06-01,1.56,"WG"
"NC_US_ISABEL","4","ISABEL_US_NC_2003",2003-06-01,0.83,"SUS"
"NIC_ETA","2","ETA_NIC_2020",2003-06-01,0.49,"CA"
"NIC_FELIX","2","FELIX_NIC_2007",2003-06-01,0.51,"CA"
"NIC_IOTA","2","IOTA_NIC_2020",2003-06-01,0.5,"CA"
"PR_USA_MARIA","3","MARIA_US_PR_2017",2003-06-01,0.85,"C"
"QROO_WILMA","3","WILMA_QROO_2005",2003-06-01,0.91,"C"
"TX_US_HARVEY","6","HARVEY_US_TX_2017",2003-06-01,1.25,"WG"
"TX_US_IKE","4","IKE_US_TX_2008",2003-06-01,0.98,"SUS"
"TX_US_RITA","4","RITA_US_TX_2005",2003-06-01,0.98,"SUS"
"US_FL_DELTA","4","DELTA_US_LA_2020",2003-06-01,0.99,"SUS"
"US_FL_DENNIS","4","DENNIS_US_FL_2005",2003-06-01,0.95,"SUS"
"VER_MX_KARL","5","KARL_MX_VER_2010",2003-06-01,1.01,"SG"
"YUC_DELTA","5","DELTA_YUCATAN_MX_2020",2003-06-01,0.93,"SG"
"YUC_MX_EMILY","5","EMILY_MX_YUC_2005",2003-06-01,1.01,"SG"
"YUC_MX_ISIDORE","5","ISIDORE_MX_YUC_2002",2003-06-01,1.15,"SG"
"AL_US_IVAN","4","IVAN_US_AL_2004",2003-07-01,0.94,"SUS"
"AL_US_SALLY","4","SALLY_US_AL_2020",2003-07-01,0.91,"SUS"
"ALEX","6","ALEX_2010",2003-07-01,1.47,"WG"
"BELICE_RICHARD","3","RICHARD_BELICE_2010",2003-07-01,0.78,"C"
"BELIZE_IRIS","2","IRIS_BELIZE_2001",2003-07-01,0.64,"CA"
"BETA","2","BETA_2005",2003-07-01,0.31,"CA"
"CR_OTTO","2","OTTO_CR_2016",2003-07-01,0.39,"CA"
"CUBA_DENNIS","3","DENNIS_CUBA_2005",2003-07-01,1,"C"
"CUBA_GUSTAV","3","GUSTAV_CUBA_2008",2003-07-01,0.85,"C"
"CUBA_IAN","3","IAN_CUBA_2022",2003-07-01,0.82,"C"
"CUBA_MICHELLE","3","MICHELLE_CUBA_2001",2003-07-01,1,"C"
"CUBA_PALOMA","3","PALOMA_CUBA_2008",2003-07-01,0.99,"C"
"CUBA_SANDY","3","SANDY_CUBA_2012",2003-07-01,0.87,"C"
"DEAN_QROO_MX","5","DEAN_QROO_MX_2007",2003-07-01,0.89,"SG"
"FL_US_CHARLEY","1","CHARLEY_2004",2003-07-01,1.09,"FP"
"FL_US_FRANCES","1","FRANCES_US_FL_2004",2003-07-01,1.05,"FP"
"FL_US_IAN","1","IAN_US_FL_2022",2003-07-01,1.1,"FP"
"FL_US_IRMA","1","IRMA_US_FL_2017",2003-07-01,1.11,"FP"
"FL_US_JEANNE","1","JEANNE_US_FL_2004",2003-07-01,1.05,"FP"
"FL_US_MICHAEL","4","MICHAEL_US_FL_2018",2003-07-01,0.9,"SUS"
"FL_US_WILMA","1","WILMA_US_FL_2005",2003-07-01,1.07,"FP"
"LA_US_GUSTAV","4","GUSTAV_US_LA_2008",2003-07-01,0.99,"SUS"
"LA_US_IDA","4","IDA_US_LA_2009",2003-07-01,0.98,"SUS"
"LA_US_KATRINA","4","KATRINA_US_LA_2005",2003-07-01,0.95,"SUS"
"LA_US_LAURA","4","LAURA_US_LA_2020",2003-07-01,1.07,"SUS"
"LA_US_ZETA","4","ZETA_US_LA_2020",2003-07-01,0.95,"SUS"
"MX_ERNESTO","5","ERNESTO_MX_2012",2003-07-01,0.88,"SG"
"MX_GRACE","3","GRACE_MX_2021",2003-07-01,0.8,"C"
"MX_TAMPS_EMILY","6","EMILY_TAMPS_MX_2005",2003-07-01,1.48,"WG"
"NC_US_ISABEL","4","ISABEL_US_NC_2003",2003-07-01,0.86,"SUS"
"NIC_ETA","2","ETA_NIC_2020",2003-07-01,0.45,"CA"
"NIC_FELIX","2","FELIX_NIC_2007",2003-07-01,0.43,"CA"
"NIC_IOTA","2","IOTA_NIC_2020",2003-07-01,0.47,"CA"
"PR_USA_MARIA","3","MARIA_US_PR_2017",2003-07-01,0.84,"C"
"QROO_WILMA","3","WILMA_QROO_2005",2003-07-01,0.89,"C"
"TX_US_HARVEY","6","HARVEY_US_TX_2017",2003-07-01,1.25,"WG"
"TX_US_IKE","4","IKE_US_TX_2008",2003-07-01,1.15,"SUS"
"TX_US_RITA","4","RITA_US_TX_2005",2003-07-01,1.09,"SUS"
"US_FL_DELTA","4","DELTA_US_LA_2020",2003-07-01,1.07,"SUS"
"US_FL_DENNIS","4","DENNIS_US_FL_2005",2003-07-01,0.93,"SUS"
"VER_MX_KARL","5","KARL_MX_VER_2010",2003-07-01,0.78,"SG"
"YUC_DELTA","5","DELTA_YUCATAN_MX_2020",2003-07-01,0.89,"SG"
"YUC_MX_EMILY","5","EMILY_MX_YUC_2005",2003-07-01,0.98,"SG"
"YUC_MX_ISIDORE","5","ISIDORE_MX_YUC_2002",2003-07-01,1.02,"SG"
"AL_US_IVAN","4","IVAN_US_AL_2004",2003-08-01,0.99,"SUS"
"AL_US_SALLY","4","SALLY_US_AL_2020",2003-08-01,0.95,"SUS"
"ALEX","6","ALEX_2010",2003-08-01,1.45,"WG"
"BELICE_RICHARD","3","RICHARD_BELICE_2010",2003-08-01,0.79,"C"
"BELIZE_IRIS","2","IRIS_BELIZE_2001",2003-08-01,0.65,"CA"
"BETA","2","BETA_2005",2003-08-01,0.3,"CA"
"CR_OTTO","2","OTTO_CR_2016",2003-08-01,0.42,"CA"
"CUBA_DENNIS","3","DENNIS_CUBA_2005",2003-08-01,0.99,"C"
"CUBA_GUSTAV","3","GUSTAV_CUBA_2008",2003-08-01,0.84,"C"
"CUBA_IAN","3","IAN_CUBA_2022",2003-08-01,0.82,"C"
"CUBA_MICHELLE","3","MICHELLE_CUBA_2001",2003-08-01,0.97,"C"
"CUBA_PALOMA","3","PALOMA_CUBA_2008",2003-08-01,0.98,"C"
"CUBA_SANDY","3","SANDY_CUBA_2012",2003-08-01,0.91,"C"
"DEAN_QROO_MX","5","DEAN_QROO_MX_2007",2003-08-01,0.91,"SG"
"FL_US_CHARLEY","1","CHARLEY_2004",2003-08-01,1.02,"FP"
"FL_US_FRANCES","1","FRANCES_US_FL_2004",2003-08-01,0.99,"FP"
"FL_US_IAN","1","IAN_US_FL_2022",2003-08-01,1.03,"FP"
"FL_US_IRMA","1","IRMA_US_FL_2017",2003-08-01,1.04,"FP"
"FL_US_JEANNE","1","JEANNE_US_FL_2004",2003-08-01,0.99,"FP"
"FL_US_MICHAEL","4","MICHAEL_US_FL_2018",2003-08-01,0.96,"SUS"
"FL_US_WILMA","1","WILMA_US_FL_2005",2003-08-01,1.03,"FP"
"LA_US_GUSTAV","4","GUSTAV_US_LA_2008",2003-08-01,1,"SUS"
"LA_US_IDA","4","IDA_US_LA_2009",2003-08-01,0.97,"SUS"
"LA_US_KATRINA","4","KATRINA_US_LA_2005",2003-08-01,0.97,"SUS"
"LA_US_LAURA","4","LAURA_US_LA_2020",2003-08-01,1.19,"SUS"
"LA_US_ZETA","4","ZETA_US_LA_2020",2003-08-01,0.91,"SUS"
"MX_ERNESTO","5","ERNESTO_MX_2012",2003-08-01,0.9,"SG"
"MX_GRACE","3","GRACE_MX_2021",2003-08-01,0.75,"C"
"MX_TAMPS_EMILY","6","EMILY_TAMPS_MX_2005",2003-08-01,1.53,"WG"
"NC_US_ISABEL","4","ISABEL_US_NC_2003",2003-08-01,0.72,"SUS"
"NIC_ETA","2","ETA_NIC_2020",2003-08-01,0.47,"CA"
"NIC_FELIX","2","FELIX_NIC_2007",2003-08-01,0.49,"CA"
"NIC_IOTA","2","IOTA_NIC_2020",2003-08-01,0.48,"CA"
"PR_USA_MARIA","3","MARIA_US_PR_2017",2003-08-01,0.83,"C"
"QROO_WILMA","3","WILMA_QROO_2005",2003-08-01,0.89,"C"
"TX_US_HARVEY","6","HARVEY_US_TX_2017",2003-08-01,1.43,"WG"
"TX_US_IKE","4","IKE_US_TX_2008",2003-08-01,1.27,"SUS"
"TX_US_RITA","4","RITA_US_TX_2005",2003-08-01,1.23,"SUS"
"US_FL_DELTA","4","DELTA_US_LA_2020",2003-08-01,1.18,"SUS"
"US_FL_DENNIS","4","DENNIS_US_FL_2005",2003-08-01,0.98,"SUS"
"VER_MX_KARL","5","KARL_MX_VER_2010",2003-08-01,0.83,"SG"
"YUC_DELTA","5","DELTA_YUCATAN_MX_2020",2003-08-01,0.9,"SG"
"YUC_MX_EMILY","5","EMILY_MX_YUC_2005",2003-08-01,0.98,"SG"
"YUC_MX_ISIDORE","5","ISIDORE_MX_YUC_2002",2003-08-01,0.98,"SG"
"AL_US_IVAN","4","IVAN_US_AL_2004",2003-09-01,0.99,"SUS"
"AL_US_SALLY","4","SALLY_US_AL_2020",2003-09-01,0.96,"SUS"
"ALEX","6","ALEX_2010",2003-09-01,1.13,"WG"
"BELICE_RICHARD","3","RICHARD_BELICE_2010",2003-09-01,0.77,"C"
"BELIZE_IRIS","2","IRIS_BELIZE_2001",2003-09-01,0.61,"CA"
"BETA","2","BETA_2005",2003-09-01,0.38,"CA"
"CR_OTTO","2","OTTO_CR_2016",2003-09-01,0.51,"CA"
"CUBA_DENNIS","3","DENNIS_CUBA_2005",2003-09-01,0.85,"C"
"CUBA_GUSTAV","3","GUSTAV_CUBA_2008",2003-09-01,0.72,"C"
"CUBA_IAN","3","IAN_CUBA_2022",2003-09-01,0.7,"C"
"CUBA_MICHELLE","3","MICHELLE_CUBA_2001",2003-09-01,0.83,"C"
"CUBA_PALOMA","3","PALOMA_CUBA_2008",2003-09-01,0.85,"C"
"CUBA_SANDY","3","SANDY_CUBA_2012",2003-09-01,0.79,"C"
"DEAN_QROO_MX","5","DEAN_QROO_MX_2007",2003-09-01,0.85,"SG"
"FL_US_CHARLEY","1","CHARLEY_2004",2003-09-01,0.97,"FP"
"FL_US_FRANCES","1","FRANCES_US_FL_2004",2003-09-01,0.97,"FP"
"FL_US_IAN","1","IAN_US_FL_2022",2003-09-01,0.98,"FP"
"FL_US_IRMA","1","IRMA_US_FL_2017",2003-09-01,1.01,"FP"
"FL_US_JEANNE","1","JEANNE_US_FL_2004",2003-09-01,0.97,"FP"
"FL_US_MICHAEL","4","MICHAEL_US_FL_2018",2003-09-01,0.97,"SUS"
"FL_US_WILMA","1","WILMA_US_FL_2005",2003-09-01,1.02,"FP"
"LA_US_GUSTAV","4","GUSTAV_US_LA_2008",2003-09-01,0.85,"SUS"
"LA_US_IDA","4","IDA_US_LA_2009",2003-09-01,0.84,"SUS"
"LA_US_KATRINA","4","KATRINA_US_LA_2005",2003-09-01,0.89,"SUS"
"LA_US_LAURA","4","LAURA_US_LA_2020",2003-09-01,0.98,"SUS"
"LA_US_ZETA","4","ZETA_US_LA_2020",2003-09-01,0.8,"SUS"
"MX_ERNESTO","5","ERNESTO_MX_2012",2003-09-01,0.85,"SG"
"MX_GRACE","3","GRACE_MX_2021",2003-09-01,0.63,"C"
"MX_TAMPS_EMILY","6","EMILY_TAMPS_MX_2005",2003-09-01,1.15,"WG"
"NC_US_ISABEL","4","ISABEL_US_NC_2003",2003-09-01,0.69,"SUS"
"NIC_ETA","2","ETA_NIC_2020",2003-09-01,0.56,"CA"
"NIC_FELIX","2","FELIX_NIC_2007",2003-09-01,0.61,"CA"
"NIC_IOTA","2","IOTA_NIC_2020",2003-09-01,0.55,"CA"
"PR_USA_MARIA","3","MARIA_US_PR_2017",2003-09-01,0.82,"C"
"QROO_WILMA","3","WILMA_QROO_2005",2003-09-01,0.74,"C"
"TX_US_HARVEY","6","HARVEY_US_TX_2017",2003-09-01,1.09,"WG"
"TX_US_IKE","4","IKE_US_TX_2008",2003-09-01,0.98,"SUS"
"TX_US_RITA","4","RITA_US_TX_2005",2003-09-01,1,"SUS"
"US_FL_DELTA","4","DELTA_US_LA_2020",2003-09-01,1.01,"SUS"
"US_FL_DENNIS","4","DENNIS_US_FL_2005",2003-09-01,1.01,"SUS"
"VER_MX_KARL","5","KARL_MX_VER_2010",2003-09-01,0.78,"SG"
"YUC_DELTA","5","DELTA_YUCATAN_MX_2020",2003-09-01,0.76,"SG"
"YUC_MX_EMILY","5","EMILY_MX_YUC_2005",2003-09-01,0.85,"SG"
"YUC_MX_ISIDORE","5","ISIDORE_MX_YUC_2002",2003-09-01,0.93,"SG"
"AL_US_IVAN","4","IVAN_US_AL_2004",2003-10-01,0.87,"SUS"
"AL_US_SALLY","4","SALLY_US_AL_2020",2003-10-01,0.83,"SUS"
"ALEX","6","ALEX_2010",2003-10-01,0.96,"WG"
"BELICE_RICHARD","3","RICHARD_BELICE_2010",2003-10-01,0.72,"C"
"BELIZE_IRIS","2","IRIS_BELIZE_2001",2003-10-01,0.58,"CA"
"BETA","2","BETA_2005",2003-10-01,0.55,"CA"
"CR_OTTO","2","OTTO_CR_2016",2003-10-01,0.53,"CA"
"CUBA_DENNIS","3","DENNIS_CUBA_2005",2003-10-01,0.83,"C"
"CUBA_GUSTAV","3","GUSTAV_CUBA_2008",2003-10-01,0.73,"C"
"CUBA_IAN","3","IAN_CUBA_2022",2003-10-01,0.72,"C"
"CUBA_MICHELLE","3","MICHELLE_CUBA_2001",2003-10-01,0.81,"C"
"CUBA_PALOMA","3","PALOMA_CUBA_2008",2003-10-01,0.74,"C"
"CUBA_SANDY","3","SANDY_CUBA_2012",2003-10-01,0.6,"C"
"DEAN_QROO_MX","5","DEAN_QROO_MX_2007",2003-10-01,0.77,"SG"
"FL_US_CHARLEY","1","CHARLEY_2004",2003-10-01,1,"FP"
"FL_US_FRANCES","1","FRANCES_US_FL_2004",2003-10-01,1,"FP"
"FL_US_IAN","1","IAN_US_FL_2022",2003-10-01,1.02,"FP"
"FL_US_IRMA","1","IRMA_US_FL_2017",2003-10-01,1.06,"FP"
"FL_US_JEANNE","1","JEANNE_US_FL_2004",2003-10-01,1.01,"FP"
"FL_US_MICHAEL","4","MICHAEL_US_FL_2018",2003-10-01,0.91,"SUS"
"FL_US_WILMA","1","WILMA_US_FL_2005",2003-10-01,1.04,"FP"
"LA_US_GUSTAV","4","GUSTAV_US_LA_2008",2003-10-01,0.73,"SUS"
"LA_US_IDA","4","IDA_US_LA_2009",2003-10-01,0.71,"SUS"
"LA_US_KATRINA","4","KATRINA_US_LA_2005",2003-10-01,0.74,"SUS"
"LA_US_LAURA","4","LAURA_US_LA_2020",2003-10-01,0.9,"SUS"
"LA_US_ZETA","4","ZETA_US_LA_2020",2003-10-01,0.65,"SUS"
"MX_ERNESTO","5","ERNESTO_MX_2012",2003-10-01,0.77,"SG"
"MX_GRACE","3","GRACE_MX_2021",2003-10-01,0.66,"C"
"MX_TAMPS_EMILY","6","EMILY_TAMPS_MX_2005",2003-10-01,0.96,"WG"
"NC_US_ISABEL","4","ISABEL_US_NC_2003",2003-10-01,0.68,"SUS"
"NIC_ETA","2","ETA_NIC_2020",2003-10-01,0.69,"CA"
"NIC_FELIX","2","FELIX_NIC_2007",2003-10-01,0.71,"CA"
"NIC_IOTA","2","IOTA_NIC_2020",2003-10-01,0.7,"CA"
"PR_USA_MARIA","3","MARIA_US_PR_2017",2003-10-01,0.8,"C"
"QROO_WILMA","3","WILMA_QROO_2005",2003-10-01,0.73,"C"
"TX_US_HARVEY","6","HARVEY_US_TX_2017",2003-10-01,1.03,"WG"
"TX_US_IKE","4","IKE_US_TX_2008",2003-10-01,0.91,"SUS"
"TX_US_RITA","4","RITA_US_TX_2005",2003-10-01,0.89,"SUS"
"US_FL_DELTA","4","DELTA_US_LA_2020",2003-10-01,0.92,"SUS"
"US_FL_DENNIS","4","DENNIS_US_FL_2005",2003-10-01,0.91,"SUS"
"VER_MX_KARL","5","KARL_MX_VER_2010",2003-10-01,0.82,"SG"
"YUC_DELTA","5","DELTA_YUCATAN_MX_2020",2003-10-01,0.75,"SG"
"YUC_MX_EMILY","5","EMILY_MX_YUC_2005",2003-10-01,0.84,"SG"
"YUC_MX_ISIDORE","5","ISIDORE_MX_YUC_2002",2003-10-01,0.86,"SG"
"AL_US_IVAN","4","IVAN_US_AL_2004",2003-11-01,0.69,"SUS"
"AL_US_SALLY","4","SALLY_US_AL_2020",2003-11-01,0.7,"SUS"
"ALEX","6","ALEX_2010",2003-11-01,0.84,"WG"
"BELICE_RICHARD","3","RICHARD_BELICE_2010",2003-11-01,0.55,"C"
"BELIZE_IRIS","2","IRIS_BELIZE_2001",2003-11-01,0.43,"CA"
"BETA","2","BETA_2005",2003-11-01,0.41,"CA"
"CR_OTTO","2","OTTO_CR_2016",2003-11-01,0.47,"CA"
"CUBA_DENNIS","3","DENNIS_CUBA_2005",2003-11-01,0.82,"C"
"CUBA_GUSTAV","3","GUSTAV_CUBA_2008",2003-11-01,0.77,"C"
"CUBA_IAN","3","IAN_CUBA_2022",2003-11-01,0.75,"C"
"CUBA_MICHELLE","3","MICHELLE_CUBA_2001",2003-11-01,0.81,"C"
"CUBA_PALOMA","3","PALOMA_CUBA_2008",2003-11-01,0.78,"C"
"CUBA_SANDY","3","SANDY_CUBA_2012",2003-11-01,0.63,"C"
"DEAN_QROO_MX","5","DEAN_QROO_MX_2007",2003-11-01,0.69,"SG"
"FL_US_CHARLEY","1","CHARLEY_2004",2003-11-01,0.85,"FP"
"FL_US_FRANCES","1","FRANCES_US_FL_2004",2003-11-01,0.79,"FP"
"FL_US_IAN","1","IAN_US_FL_2022",2003-11-01,0.85,"FP"
"FL_US_IRMA","1","IRMA_US_FL_2017",2003-11-01,0.89,"FP"
"FL_US_JEANNE","1","JEANNE_US_FL_2004",2003-11-01,0.8,"FP"
"FL_US_MICHAEL","4","MICHAEL_US_FL_2018",2003-11-01,0.74,"SUS"
"FL_US_WILMA","1","WILMA_US_FL_2005",2003-11-01,0.87,"FP"
"LA_US_GUSTAV","4","GUSTAV_US_LA_2008",2003-11-01,0.66,"SUS"
"LA_US_IDA","4","IDA_US_LA_2009",2003-11-01,0.65,"SUS"
"LA_US_KATRINA","4","KATRINA_US_LA_2005",2003-11-01,0.65,"SUS"
"LA_US_LAURA","4","LAURA_US_LA_2020",2003-11-01,0.67,"SUS"
"LA_US_ZETA","4","ZETA_US_LA_2020",2003-11-01,0.63,"SUS"
"MX_ERNESTO","5","ERNESTO_MX_2012",2003-11-01,0.68,"SG"
"MX_GRACE","3","GRACE_MX_2021",2003-11-01,0.58,"C"
"MX_TAMPS_EMILY","6","EMILY_TAMPS_MX_2005",2003-11-01,0.81,"WG"
"NC_US_ISABEL","4","ISABEL_US_NC_2003",2003-11-01,0.58,"SUS"
"NIC_ETA","2","ETA_NIC_2020",2003-11-01,0.52,"CA"
"NIC_FELIX","2","FELIX_NIC_2007",2003-11-01,0.51,"CA"
"NIC_IOTA","2","IOTA_NIC_2020",2003-11-01,0.53,"CA"
"PR_USA_MARIA","3","MARIA_US_PR_2017",2003-11-01,0.74,"C"
"QROO_WILMA","3","WILMA_QROO_2005",2003-11-01,0.71,"C"
"TX_US_HARVEY","6","HARVEY_US_TX_2017",2003-11-01,0.81,"WG"
"TX_US_IKE","4","IKE_US_TX_2008",2003-11-01,0.68,"SUS"
"TX_US_RITA","4","RITA_US_TX_2005",2003-11-01,0.66,"SUS"
"US_FL_DELTA","4","DELTA_US_LA_2020",2003-11-01,0.69,"SUS"
"US_FL_DENNIS","4","DENNIS_US_FL_2005",2003-11-01,0.69,"SUS"
"VER_MX_KARL","5","KARL_MX_VER_2010",2003-11-01,0.85,"SG"
"YUC_DELTA","5","DELTA_YUCATAN_MX_2020",2003-11-01,0.73,"SG"
"YUC_MX_EMILY","5","EMILY_MX_YUC_2005",2003-11-01,0.81,"SG"
"YUC_MX_ISIDORE","5","ISIDORE_MX_YUC_2002",2003-11-01,0.84,"SG"
"AL_US_IVAN","4","IVAN_US_AL_2004",2003-12-01,0.51,"SUS"
"AL_US_SALLY","4","SALLY_US_AL_2020",2003-12-01,0.52,"SUS"
"ALEX","6","ALEX_2010",2003-12-01,0.72,"WG"
"BELICE_RICHARD","3","RICHARD_BELICE_2010",2003-12-01,0.59,"C"
"BELIZE_IRIS","2","IRIS_BELIZE_2001",2003-12-01,0.49,"CA"
"BETA","2","BETA_2005",2003-12-01,0.39,"CA"
"CR_OTTO","2","OTTO_CR_2016",2003-12-01,0.51,"CA"
"CUBA_DENNIS","3","DENNIS_CUBA_2005",2003-12-01,0.79,"C"
"CUBA_GUSTAV","3","GUSTAV_CUBA_2008",2003-12-01,0.62,"C"
"CUBA_IAN","3","IAN_CUBA_2022",2003-12-01,0.59,"C"
"CUBA_MICHELLE","3","MICHELLE_CUBA_2001",2003-12-01,0.77,"C"
"CUBA_PALOMA","3","PALOMA_CUBA_2008",2003-12-01,0.66,"C"
"CUBA_SANDY","3","SANDY_CUBA_2012",2003-12-01,0.6,"C"
"DEAN_QROO_MX","5","DEAN_QROO_MX_2007",2003-12-01,0.65,"SG"
"FL_US_CHARLEY","1","CHARLEY_2004",2003-12-01,0.68,"FP"
"FL_US_FRANCES","1","FRANCES_US_FL_2004",2003-12-01,0.69,"FP"
"FL_US_IAN","1","IAN_US_FL_2022",2003-12-01,0.69,"FP"
"FL_US_IRMA","1","IRMA_US_FL_2017",2003-12-01,0.76,"FP"
"FL_US_JEANNE","1","JEANNE_US_FL_2004",2003-12-01,0.69,"FP"
"FL_US_MICHAEL","4","MICHAEL_US_FL_2018",2003-12-01,0.51,"SUS"
"FL_US_WILMA","1","WILMA_US_FL_2005",2003-12-01,0.74,"FP"
"LA_US_GUSTAV","4","GUSTAV_US_LA_2008",2003-12-01,0.47,"SUS"
"LA_US_IDA","4","IDA_US_LA_2009",2003-12-01,0.52,"SUS"
"LA_US_KATRINA","4","KATRINA_US_LA_2005",2003-12-01,0.51,"SUS"
"LA_US_LAURA","4","LAURA_US_LA_2020",2003-12-01,0.53,"SUS"
"LA_US_ZETA","4","ZETA_US_LA_2020",2003-12-01,0.48,"SUS"
"MX_ERNESTO","5","ERNESTO_MX_2012",2003-12-01,0.64,"SG"
"MX_GRACE","3","GRACE_MX_2021",2003-12-01,0.45,"C"
"MX_TAMPS_EMILY","6","EMILY_TAMPS_MX_2005",2003-12-01,0.71,"WG"
"NC_US_ISABEL","4","ISABEL_US_NC_2003",2003-12-01,0.4,"SUS"
"NIC_ETA","2","ETA_NIC_2020",2003-12-01,0.46,"CA"
"NIC_FELIX","2","FELIX_NIC_2007",2003-12-01,0.44,"CA"
"NIC_IOTA","2","IOTA_NIC_2020",2003-12-01,0.47,"CA"
"PR_USA_MARIA","3","MARIA_US_PR_2017",2003-12-01,0.69,"C"
"QROO_WILMA","3","WILMA_QROO_2005",2003-12-01,0.63,"C"
"TX_US_HARVEY","6","HARVEY_US_TX_2017",2003-12-01,0.72,"WG"
"TX_US_IKE","4","IKE_US_TX_2008",2003-12-01,0.59,"SUS"
"TX_US_RITA","4","RITA_US_TX_2005",2003-12-01,0.55,"SUS"
"US_FL_DELTA","4","DELTA_US_LA_2020",2003-12-01,0.52,"SUS"
"US_FL_DENNIS","4","DENNIS_US_FL_2005",2003-12-01,0.5,"SUS"
"VER_MX_KARL","5","KARL_MX_VER_2010",2003-12-01,0.75,"SG"
"YUC_DELTA","5","DELTA_YUCATAN_MX_2020",2003-12-01,0.66,"SG"
"YUC_MX_EMILY","5","EMILY_MX_YUC_2005",2003-12-01,0.77,"SG"
"YUC_MX_ISIDORE","5","ISIDORE_MX_YUC_2002",2003-12-01,0.79,"SG"
"AL_US_IVAN","4","IVAN_US_AL_2004",2004-01-01,0.51,"SUS"
"AL_US_SALLY","4","SALLY_US_AL_2020",2004-01-01,0.51,"SUS"
"ALEX","6","ALEX_2010",2004-01-01,0.55,"WG"
"BELICE_RICHARD","3","RICHARD_BELICE_2010",2004-01-01,0.59,"C"
"BELIZE_IRIS","2","IRIS_BELIZE_2001",2004-01-01,0.54,"CA"
"BETA","2","BETA_2005",2004-01-01,0.42,"CA"
"CR_OTTO","2","OTTO_CR_2016",2004-01-01,0.57,"CA"
"CUBA_DENNIS","3","DENNIS_CUBA_2005",2004-01-01,0.78,"C"
"CUBA_GUSTAV","3","GUSTAV_CUBA_2008",2004-01-01,0.69,"C"
"CUBA_IAN","3","IAN_CUBA_2022",2004-01-01,0.67,"C"
"CUBA_MICHELLE","3","MICHELLE_CUBA_2001",2004-01-01,0.75,"C"
"CUBA_PALOMA","3","PALOMA_CUBA_2008",2004-01-01,0.7,"C"
"CUBA_SANDY","3","SANDY_CUBA_2012",2004-01-01,0.6,"C"
"DEAN_QROO_MX","5","DEAN_QROO_MX_2007",2004-01-01,0.7,"SG"
"FL_US_CHARLEY","1","CHARLEY_2004",2004-01-01,0.71,"FP"
"FL_US_FRANCES","1","FRANCES_US_FL_2004",2004-01-01,0.71,"FP"
"FL_US_IAN","1","IAN_US_FL_2022",2004-01-01,0.72,"FP"
"FL_US_IRMA","1","IRMA_US_FL_2017",2004-01-01,0.75,"FP"
"FL_US_JEANNE","1","JEANNE_US_FL_2004",2004-01-01,0.72,"FP"
"FL_US_MICHAEL","4","MICHAEL_US_FL_2018",2004-01-01,0.56,"SUS"
"FL_US_WILMA","1","WILMA_US_FL_2005",2004-01-01,0.74,"FP"
"LA_US_GUSTAV","4","GUSTAV_US_LA_2008",2004-01-01,0.34,"SUS"
"LA_US_IDA","4","IDA_US_LA_2009",2004-01-01,0.39,"SUS"
"LA_US_KATRINA","4","KATRINA_US_LA_2005",2004-01-01,0.42,"SUS"
"LA_US_LAURA","4","LAURA_US_LA_2020",2004-01-01,0.44,"SUS"
"LA_US_ZETA","4","ZETA_US_LA_2020",2004-01-01,0.36,"SUS"
"MX_ERNESTO","5","ERNESTO_MX_2012",2004-01-01,0.69,"SG"
"MX_GRACE","3","GRACE_MX_2021",2004-01-01,0.46,"C"
"MX_TAMPS_EMILY","6","EMILY_TAMPS_MX_2005",2004-01-01,0.44,"WG"
"NC_US_ISABEL","4","ISABEL_US_NC_2003",2004-01-01,0.33,"SUS"
"NIC_ETA","2","ETA_NIC_2020",2004-01-01,0.45,"CA"
"NIC_FELIX","2","FELIX_NIC_2007",2004-01-01,0.42,"CA"
"NIC_IOTA","2","IOTA_NIC_2020",2004-01-01,0.47,"CA"
"PR_USA_MARIA","3","MARIA_US_PR_2017",2004-01-01,0.7,"C"
"QROO_WILMA","3","WILMA_QROO_2005",2004-01-01,0.64,"C"
"TX_US_HARVEY","6","HARVEY_US_TX_2017",2004-01-01,0.52,"WG"
"TX_US_IKE","4","IKE_US_TX_2008",2004-01-01,0.47,"SUS"
"TX_US_RITA","4","RITA_US_TX_2005",2004-01-01,0.45,"SUS"
"US_FL_DELTA","4","DELTA_US_LA_2020",2004-01-01,0.41,"SUS"
"US_FL_DENNIS","4","DENNIS_US_FL_2005",2004-01-01,0.52,"SUS"
"VER_MX_KARL","5","KARL_MX_VER_2010",2004-01-01,0.68,"SG"
"YUC_DELTA","5","DELTA_YUCATAN_MX_2020",2004-01-01,0.67,"SG"
"YUC_MX_EMILY","5","EMILY_MX_YUC_2005",2004-01-01,0.8,"SG"
"YUC_MX_ISIDORE","5","ISIDORE_MX_YUC_2002",2004-01-01,0.86,"SG"
"AL_US_IVAN","4","IVAN_US_AL_2004",2004-02-01,0.39,"SUS"
"AL_US_SALLY","4","SALLY_US_AL_2020",2004-02-01,0.36,"SUS"
"ALEX","6","ALEX_2010",2004-02-01,0.83,"WG"
"BELICE_RICHARD","3","RICHARD_BELICE_2010",2004-02-01,0.68,"C"
"BELIZE_IRIS","2","IRIS_BELIZE_2001",2004-02-01,0.64,"CA"
"BETA","2","BETA_2005",2004-02-01,0.53,"CA"
"CR_OTTO","2","OTTO_CR_2016",2004-02-01,0.68,"CA"
"CUBA_DENNIS","3","DENNIS_CUBA_2005",2004-02-01,0.94,"C"
"CUBA_GUSTAV","3","GUSTAV_CUBA_2008",2004-02-01,0.82,"C"
"CUBA_IAN","3","IAN_CUBA_2022",2004-02-01,0.8,"C"
"CUBA_MICHELLE","3","MICHELLE_CUBA_2001",2004-02-01,0.94,"C"
"CUBA_PALOMA","3","PALOMA_CUBA_2008",2004-02-01,0.86,"C"
"CUBA_SANDY","3","SANDY_CUBA_2012",2004-02-01,0.73,"C"
"DEAN_QROO_MX","5","DEAN_QROO_MX_2007",2004-02-01,0.85,"SG"
"FL_US_CHARLEY","1","CHARLEY_2004",2004-02-01,0.7,"FP"
"FL_US_FRANCES","1","FRANCES_US_FL_2004",2004-02-01,0.73,"FP"
"FL_US_IAN","1","IAN_US_FL_2022",2004-02-01,0.72,"FP"
"FL_US_IRMA","1","IRMA_US_FL_2017",2004-02-01,0.73,"FP"
"FL_US_JEANNE","1","JEANNE_US_FL_2004",2004-02-01,0.73,"FP"
"FL_US_MICHAEL","4","MICHAEL_US_FL_2018",2004-02-01,0.42,"SUS"
"FL_US_WILMA","1","WILMA_US_FL_2005",2004-02-01,0.74,"FP"
"LA_US_GUSTAV","4","GUSTAV_US_LA_2008",2004-02-01,0.25,"SUS"
"LA_US_IDA","4","IDA_US_LA_2009",2004-02-01,0.26,"SUS"
"LA_US_KATRINA","4","KATRINA_US_LA_2005",2004-02-01,0.32,"SUS"
"LA_US_LAURA","4","LAURA_US_LA_2020",2004-02-01,0.4,"SUS"
"LA_US_ZETA","4","ZETA_US_LA_2020",2004-02-01,0.22,"SUS"
"MX_ERNESTO","5","ERNESTO_MX_2012",2004-02-01,0.84,"SG"
"MX_GRACE","3","GRACE_MX_2021",2004-02-01,0.55,"C"
"MX_TAMPS_EMILY","6","EMILY_TAMPS_MX_2005",2004-02-01,0.72,"WG"
"NC_US_ISABEL","4","ISABEL_US_NC_2003",2004-02-01,0.45,"SUS"
"NIC_ETA","2","ETA_NIC_2020",2004-02-01,0.59,"CA"
"NIC_FELIX","2","FELIX_NIC_2007",2004-02-01,0.54,"CA"
"NIC_IOTA","2","IOTA_NIC_2020",2004-02-01,0.6,"CA"
"PR_USA_MARIA","3","MARIA_US_PR_2017",2004-02-01,0.8,"C"
"QROO_WILMA","3","WILMA_QROO_2005",2004-02-01,0.72,"C"
"TX_US_HARVEY","6","HARVEY_US_TX_2017",2004-02-01,0.52,"WG"
"TX_US_IKE","4","IKE_US_TX_2008",2004-02-01,0.41,"SUS"
"TX_US_RITA","4","RITA_US_TX_2005",2004-02-01,0.41,"SUS"
"US_FL_DELTA","4","DELTA_US_LA_2020",2004-02-01,0.39,"SUS"
"US_FL_DENNIS","4","DENNIS_US_FL_2005",2004-02-01,0.38,"SUS"
"VER_MX_KARL","5","KARL_MX_VER_2010",2004-02-01,0.87,"SG"
"YUC_DELTA","5","DELTA_YUCATAN_MX_2020",2004-02-01,0.77,"SG"
"YUC_MX_EMILY","5","EMILY_MX_YUC_2005",2004-02-01,0.92,"SG"
"YUC_MX_ISIDORE","5","ISIDORE_MX_YUC_2002",2004-02-01,1.04,"SG"
"AL_US_IVAN","4","IVAN_US_AL_2004",2004-03-01,0.87,"SUS"
"AL_US_SALLY","4","SALLY_US_AL_2020",2004-03-01,0.84,"SUS"
"ALEX","6","ALEX_2010",2004-03-01,1.05,"WG"
"BELICE_RICHARD","3","RICHARD_BELICE_2010",2004-03-01,0.86,"C"
"BELIZE_IRIS","2","IRIS_BELIZE_2001",2004-03-01,0.77,"CA"
"BETA","2","BETA_2005",2004-03-01,0.7,"CA"
"CR_OTTO","2","OTTO_CR_2016",2004-03-01,0.8,"CA"
"CUBA_DENNIS","3","DENNIS_CUBA_2005",2004-03-01,1.02,"C"
"CUBA_GUSTAV","3","GUSTAV_CUBA_2008",2004-03-01,0.85,"C"
"CUBA_IAN","3","IAN_CUBA_2022",2004-03-01,0.83,"C"
"CUBA_MICHELLE","3","MICHELLE_CUBA_2001",2004-03-01,1.04,"C"
"CUBA_PALOMA","3","PALOMA_CUBA_2008",2004-03-01,1.03,"C"
"CUBA_SANDY","3","SANDY_CUBA_2012",2004-03-01,0.89,"C"
"DEAN_QROO_MX","5","DEAN_QROO_MX_2007",2004-03-01,1.04,"SG"
"FL_US_CHARLEY","1","CHARLEY_2004",2004-03-01,0.92,"FP"
"FL_US_FRANCES","1","FRANCES_US_FL_2004",2004-03-01,0.89,"FP"
"FL_US_IAN","1","IAN_US_FL_2022",2004-03-01,0.93,"FP"
"FL_US_IRMA","1","IRMA_US_FL_2017",2004-03-01,0.91,"FP"
"FL_US_JEANNE","1","JEANNE_US_FL_2004",2004-03-01,0.89,"FP"
"FL_US_MICHAEL","4","MICHAEL_US_FL_2018",2004-03-01,0.89,"SUS"
"FL_US_WILMA","1","WILMA_US_FL_2005",2004-03-01,0.91,"FP"
"LA_US_GUSTAV","4","GUSTAV_US_LA_2008",2004-03-01,0.66,"SUS"
"LA_US_IDA","4","IDA_US_LA_2009",2004-03-01,0.67,"SUS"
"LA_US_KATRINA","4","KATRINA_US_LA_2005",2004-03-01,0.74,"SUS"
"LA_US_LAURA","4","LAURA_US_LA_2020",2004-03-01,0.74,"SUS"
"LA_US_ZETA","4","ZETA_US_LA_2020",2004-03-01,0.61,"SUS"
"MX_ERNESTO","5","ERNESTO_MX_2012",2004-03-01,1.03,"SG"
"MX_GRACE","3","GRACE_MX_2021",2004-03-01,0.72,"C"
"MX_TAMPS_EMILY","6","EMILY_TAMPS_MX_2005",2004-03-01,0.94,"WG"
"NC_US_ISABEL","4","ISABEL_US_NC_2003",2004-03-01,0.54,"SUS"
"NIC_ETA","2","ETA_NIC_2020",2004-03-01,0.73,"CA"
"NIC_FELIX","2","FELIX_NIC_2007",2004-03-01,0.69,"CA"
"NIC_IOTA","2","IOTA_NIC_2020",2004-03-01,0.74,"CA"
"PR_USA_MARIA","3","MARIA_US_PR_2017",2004-03-01,0.81,"C"
"QROO_WILMA","3","WILMA_QROO_2005",2004-03-01,0.87,"C"
"TX_US_HARVEY","6","HARVEY_US_TX_2017",2004-03-01,0.8,"WG"
"TX_US_IKE","4","IKE_US_TX_2008",2004-03-01,0.73,"SUS"
"TX_US_RITA","4","RITA_US_TX_2005",2004-03-01,0.74,"SUS"
"US_FL_DELTA","4","DELTA_US_LA_2020",2004-03-01,0.75,"SUS"
"US_FL_DENNIS","4","DENNIS_US_FL_2005",2004-03-01,0.89,"SUS"
"VER_MX_KARL","5","KARL_MX_VER_2010",2004-03-01,1.12,"SG"
"YUC_DELTA","5","DELTA_YUCATAN_MX_2020",2004-03-01,0.93,"SG"
"YUC_MX_EMILY","5","EMILY_MX_YUC_2005",2004-03-01,1.07,"SG"
"YUC_MX_ISIDORE","5","ISIDORE_MX_YUC_2002",2004-03-01,1.36,"SG"
"AL_US_IVAN","4","IVAN_US_AL_2004",2004-04-01,0.88,"SUS"
"AL_US_SALLY","4","SALLY_US_AL_2020",2004-04-01,0.89,"SUS"
"ALEX","6","ALEX_2010",2004-04-01,1.13,"WG"
"BELICE_RICHARD","3","RICHARD_BELICE_2010",2004-04-01,0.99,"C"
"BELIZE_IRIS","2","IRIS_BELIZE_2001",2004-04-01,0.87,"CA"
"BETA","2","BETA_2005",2004-04-01,0.82,"CA"
"CR_OTTO","2","OTTO_CR_2016",2004-04-01,0.83,"CA"
"CUBA_DENNIS","3","DENNIS_CUBA_2005",2004-04-01,1.1,"C"
"CUBA_GUSTAV","3","GUSTAV_CUBA_2008",2004-04-01,0.92,"C"
"CUBA_IAN","3","IAN_CUBA_2022",2004-04-01,0.91,"C"
"CUBA_MICHELLE","3","MICHELLE_CUBA_2001",2004-04-01,1.11,"C"
"CUBA_PALOMA","3","PALOMA_CUBA_2008",2004-04-01,1.1,"C"
"CUBA_SANDY","3","SANDY_CUBA_2012",2004-04-01,0.93,"C"
"DEAN_QROO_MX","5","DEAN_QROO_MX_2007",2004-04-01,1.1,"SG"
"FL_US_CHARLEY","1","CHARLEY_2004",2004-04-01,1.03,"FP"
"FL_US_FRANCES","1","FRANCES_US_FL_2004",2004-04-01,1.02,"FP"
"FL_US_IAN","1","IAN_US_FL_2022",2004-04-01,1.05,"FP"
"FL_US_IRMA","1","IRMA_US_FL_2017",2004-04-01,1.04,"FP"
"FL_US_JEANNE","1","JEANNE_US_FL_2004",2004-04-01,1.02,"FP"
"FL_US_MICHAEL","4","MICHAEL_US_FL_2018",2004-04-01,0.95,"SUS"
"FL_US_WILMA","1","WILMA_US_FL_2005",2004-04-01,1.06,"FP"
"LA_US_GUSTAV","4","GUSTAV_US_LA_2008",2004-04-01,0.72,"SUS"
"LA_US_IDA","4","IDA_US_LA_2009",2004-04-01,0.73,"SUS"
"LA_US_KATRINA","4","KATRINA_US_LA_2005",2004-04-01,0.78,"SUS"
"LA_US_LAURA","4","LAURA_US_LA_2020",2004-04-01,0.83,"SUS"
"LA_US_ZETA","4","ZETA_US_LA_2020",2004-04-01,0.67,"SUS"
"MX_ERNESTO","5","ERNESTO_MX_2012",2004-04-01,1.09,"SG"
"MX_GRACE","3","GRACE_MX_2021",2004-04-01,0.82,"C"
"MX_TAMPS_EMILY","6","EMILY_TAMPS_MX_2005",2004-04-01,0.98,"WG"
"NC_US_ISABEL","4","ISABEL_US_NC_2003",2004-04-01,0.81,"SUS"
"NIC_ETA","2","ETA_NIC_2020",2004-04-01,0.86,"CA"
"NIC_FELIX","2","FELIX_NIC_2007",2004-04-01,0.81,"CA"
"NIC_IOTA","2","IOTA_NIC_2020",2004-04-01,0.87,"CA"
"PR_USA_MARIA","3","MARIA_US_PR_2017",2004-04-01,0.86,"C"
"QROO_WILMA","3","WILMA_QROO_2005",2004-04-01,0.97,"C"
"TX_US_HARVEY","6","HARVEY_US_TX_2017",2004-04-01,0.81,"WG"
"TX_US_IKE","4","IKE_US_TX_2008",2004-04-01,0.8,"SUS"
"TX_US_RITA","4","RITA_US_TX_2005",2004-04-01,0.82,"SUS"
"US_FL_DELTA","4","DELTA_US_LA_2020",2004-04-01,0.86,"SUS"
"US_FL_DENNIS","4","DENNIS_US_FL_2005",2004-04-01,0.88,"SUS"
"VER_MX_KARL","5","KARL_MX_VER_2010",2004-04-01,1.22,"SG"
"YUC_DELTA","5","DELTA_YUCATAN_MX_2020",2004-04-01,1.02,"SG"
"YUC_MX_EMILY","5","EMILY_MX_YUC_2005",2004-04-01,1.11,"SG"
"YUC_MX_ISIDORE","5","ISIDORE_MX_YUC_2002",2004-04-01,1.5,"SG"
"AL_US_IVAN","4","IVAN_US_AL_2004",2004-05-01,0.95,"SUS"
"AL_US_SALLY","4","SALLY_US_AL_2020",2004-05-01,0.96,"SUS"
"ALEX","6","ALEX_2010",2004-05-01,1.27,"WG"
"BELICE_RICHARD","3","RICHARD_BELICE_2010",2004-05-01,0.99,"C"
"BELIZE_IRIS","2","IRIS_BELIZE_2001",2004-05-01,0.85,"CA"
"BETA","2","BETA_2005",2004-05-01,0.45,"CA"
"CR_OTTO","2","OTTO_CR_2016",2004-05-01,0.56,"CA"
"CUBA_DENNIS","3","DENNIS_CUBA_2005",2004-05-01,0.98,"C"
"CUBA_GUSTAV","3","GUSTAV_CUBA_2008",2004-05-01,0.9,"C"
"CUBA_IAN","3","IAN_CUBA_2022",2004-05-01,0.89,"C"
"CUBA_MICHELLE","3","MICHELLE_CUBA_2001",2004-05-01,0.97,"C"
"CUBA_PALOMA","3","PALOMA_CUBA_2008",2004-05-01,0.93,"C"
"CUBA_SANDY","3","SANDY_CUBA_2012",2004-05-01,0.78,"C"
"DEAN_QROO_MX","5","DEAN_QROO_MX_2007",2004-05-01,1.02,"SG"
"FL_US_CHARLEY","1","CHARLEY_2004",2004-05-01,1.18,"FP"
"FL_US_FRANCES","1","FRANCES_US_FL_2004",2004-05-01,1.07,"FP"
"FL_US_IAN","1","IAN_US_FL_2022",2004-05-01,1.18,"FP"
"FL_US_IRMA","1","IRMA_US_FL_2017",2004-05-01,1.12,"FP"
"FL_US_JEANNE","1","JEANNE_US_FL_2004",2004-05-01,1.07,"FP"
"FL_US_MICHAEL","4","MICHAEL_US_FL_2018",2004-05-01,1.11,"SUS"
"FL_US_WILMA","1","WILMA_US_FL_2005",2004-05-01,1.11,"FP"
"LA_US_GUSTAV","4","GUSTAV_US_LA_2008",2004-05-01,0.81,"SUS"
"LA_US_IDA","4","IDA_US_LA_2009",2004-05-01,0.78,"SUS"
"LA_US_KATRINA","4","KATRINA_US_LA_2005",2004-05-01,0.8,"SUS"
"LA_US_LAURA","4","LAURA_US_LA_2020",2004-05-01,0.88,"SUS"
"LA_US_ZETA","4","ZETA_US_LA_2020",2004-05-01,0.73,"SUS"
"MX_ERNESTO","5","ERNESTO_MX_2012",2004-05-01,1.01,"SG"
"MX_GRACE","3","GRACE_MX_2021",2004-05-01,0.89,"C"
"MX_TAMPS_EMILY","6","EMILY_TAMPS_MX_2005",2004-05-01,1.11,"WG"
"NC_US_ISABEL","4","ISABEL_US_NC_2003",2004-05-01,0.99,"SUS"
"NIC_ETA","2","ETA_NIC_2020",2004-05-01,0.51,"CA"
"NIC_FELIX","2","FELIX_NIC_2007",2004-05-01,0.57,"CA"
"NIC_IOTA","2","IOTA_NIC_2020",2004-05-01,0.51,"CA"
"PR_USA_MARIA","3","MARIA_US_PR_2017",2004-05-01,0.88,"C"
"QROO_WILMA","3","WILMA_QROO_2005",2004-05-01,1.02,"C"
"TX_US_HARVEY","6","HARVEY_US_TX_2017",2004-05-01,0.9,"WG"
"TX_US_IKE","4","IKE_US_TX_2008",2004-05-01,0.83,"SUS"
"TX_US_RITA","4","RITA_US_TX_2005",2004-05-01,0.86,"SUS"
"US_FL_DELTA","4","DELTA_US_LA_2020",2004-05-01,0.91,"SUS"
"US_FL_DENNIS","4","DENNIS_US_FL_2005",2004-05-01,0.95,"SUS"
"VER_MX_KARL","5","KARL_MX_VER_2010",2004-05-01,1.17,"SG"
"YUC_DELTA","5","DELTA_YUCATAN_MX_2020",2004-05-01,1.06,"SG"
"YUC_MX_EMILY","5","EMILY_MX_YUC_2005",2004-05-01,1.1,"SG"
"YUC_MX_ISIDORE","5","ISIDORE_MX_YUC_2002",2004-05-01,1.46,"SG"
"AL_US_IVAN","4","IVAN_US_AL_2004",2004-06-01,1,"SUS"
"AL_US_SALLY","4","SALLY_US_AL_2020",2004-06-01,0.94,"SUS"
"ALEX","6","ALEX_2010",2004-06-01,1.37,"WG"
"BELICE_RICHARD","3","RICHARD_BELICE_2010",2004-06-01,0.87,"C"
"BELIZE_IRIS","2","IRIS_BELIZE_2001",2004-06-01,0.74,"CA"
"BETA","2","BETA_2005",2004-06-01,0.34,"CA"
"CR_OTTO","2","OTTO_CR_2016",2004-06-01,0.51,"CA"
"CUBA_DENNIS","3","DENNIS_CUBA_2005",2004-06-01,0.96,"C"
"CUBA_GUSTAV","3","GUSTAV_CUBA_2008",2004-06-01,0.85,"C"
"CUBA_IAN","3","IAN_CUBA_2022",2004-06-01,0.84,"C"
"CUBA_MICHELLE","3","MICHELLE_CUBA_2001",2004-06-01,0.96,"C"
"CUBA_PALOMA","3","PALOMA_CUBA_2008",2004-06-01,0.85,"C"
"CUBA_SANDY","3","SANDY_CUBA_2012",2004-06-01,0.74,"C"
"DEAN_QROO_MX","5","DEAN_QROO_MX_2007",2004-06-01,0.88,"SG"
"FL_US_CHARLEY","1","CHARLEY_2004",2004-06-01,1.2,"FP"
"FL_US_FRANCES","1","FRANCES_US_FL_2004",2004-06-01,1.13,"FP"
"FL_US_IAN","1","IAN_US_FL_2022",2004-06-01,1.2,"FP"
"FL_US_IRMA","1","IRMA_US_FL_2017",2004-06-01,1.17,"FP"
"FL_US_JEANNE","1","JEANNE_US_FL_2004",2004-06-01,1.13,"FP"
"FL_US_MICHAEL","4","MICHAEL_US_FL_2018",2004-06-01,1.12,"SUS"
"FL_US_WILMA","1","WILMA_US_FL_2005",2004-06-01,1.11,"FP"
"LA_US_GUSTAV","4","GUSTAV_US_LA_2008",2004-06-01,0.86,"SUS"
"LA_US_IDA","4","IDA_US_LA_2009",2004-06-01,0.85,"SUS"
"LA_US_KATRINA","4","KATRINA_US_LA_2005",2004-06-01,0.86,"SUS"
"LA_US_LAURA","4","LAURA_US_LA_2020",2004-06-01,0.95,"SUS"
"LA_US_ZETA","4","ZETA_US_LA_2020",2004-06-01,0.81,"SUS"
"MX_ERNESTO","5","ERNESTO_MX_2012",2004-06-01,0.87,"SG"
"MX_GRACE","3","GRACE_MX_2021",2004-06-01,0.86,"C"
"MX_TAMPS_EMILY","6","EMILY_TAMPS_MX_2005",2004-06-01,1.4,"WG"
"NC_US_ISABEL","4","ISABEL_US_NC_2003",2004-06-01,1,"SUS"
"NIC_ETA","2","ETA_NIC_2020",2004-06-01,0.51,"CA"
"NIC_FELIX","2","FELIX_NIC_2007",2004-06-01,0.54,"CA"
"NIC_IOTA","2","IOTA_NIC_2020",2004-06-01,0.51,"CA"
"PR_USA_MARIA","3","MARIA_US_PR_2017",2004-06-01,0.88,"C"
"QROO_WILMA","3","WILMA_QROO_2005",2004-06-01,0.93,"C"
"TX_US_HARVEY","6","HARVEY_US_TX_2017",2004-06-01,1.1,"WG"
"TX_US_IKE","4","IKE_US_TX_2008",2004-06-01,0.94,"SUS"
"TX_US_RITA","4","RITA_US_TX_2005",2004-06-01,0.94,"SUS"
"US_FL_DELTA","4","DELTA_US_LA_2020",2004-06-01,0.97,"SUS"
"US_FL_DENNIS","4","DENNIS_US_FL_2005",2004-06-01,1.04,"SUS"
"VER_MX_KARL","5","KARL_MX_VER_2010",2004-06-01,0.92,"SG"
"YUC_DELTA","5","DELTA_YUCATAN_MX_2020",2004-06-01,0.94,"SG"
"YUC_MX_EMILY","5","EMILY_MX_YUC_2005",2004-06-01,1,"SG"
"YUC_MX_ISIDORE","5","ISIDORE_MX_YUC_2002",2004-06-01,1.14,"SG"
"AL_US_IVAN","4","IVAN_US_AL_2004",2004-07-01,1.12,"SUS"
"AL_US_SALLY","4","SALLY_US_AL_2020",2004-07-01,1.06,"SUS"
"ALEX","6","ALEX_2010",2004-07-01,1.51,"WG"
"BELICE_RICHARD","3","RICHARD_BELICE_2010",2004-07-01,0.8,"C"
"BELIZE_IRIS","2","IRIS_BELIZE_2001",2004-07-01,0.67,"CA"
"BETA","2","BETA_2005",2004-07-01,0.35,"CA"
"CR_OTTO","2","OTTO_CR_2016",2004-07-01,0.45,"CA"
"CUBA_DENNIS","3","DENNIS_CUBA_2005",2004-07-01,1.04,"C"
"CUBA_GUSTAV","3","GUSTAV_CUBA_2008",2004-07-01,0.88,"C"
"CUBA_IAN","3","IAN_CUBA_2022",2004-07-01,0.86,"C"
"CUBA_MICHELLE","3","MICHELLE_CUBA_2001",2004-07-01,1.02,"C"
"CUBA_PALOMA","3","PALOMA_CUBA_2008",2004-07-01,1.02,"C"
"CUBA_SANDY","3","SANDY_CUBA_2012",2004-07-01,0.87,"C"
"DEAN_QROO_MX","5","DEAN_QROO_MX_2007",2004-07-01,0.93,"SG"
"FL_US_CHARLEY","1","CHARLEY_2004",2004-07-01,1.16,"FP"
"FL_US_FRANCES","1","FRANCES_US_FL_2004",2004-07-01,1.13,"FP"
"FL_US_IAN","1","IAN_US_FL_2022",2004-07-01,1.17,"FP"
"FL_US_IRMA","1","IRMA_US_FL_2017",2004-07-01,1.18,"FP"
"FL_US_JEANNE","1","JEANNE_US_FL_2004",2004-07-01,1.14,"FP"
"FL_US_MICHAEL","4","MICHAEL_US_FL_2018",2004-07-01,1.16,"SUS"
"FL_US_WILMA","1","WILMA_US_FL_2005",2004-07-01,1.14,"FP"
"LA_US_GUSTAV","4","GUSTAV_US_LA_2008",2004-07-01,1.07,"SUS"
"LA_US_IDA","4","IDA_US_LA_2009",2004-07-01,1.04,"SUS"
"LA_US_KATRINA","4","KATRINA_US_LA_2005",2004-07-01,0.98,"SUS"
"LA_US_LAURA","4","LAURA_US_LA_2020",2004-07-01,1.1,"SUS"
"LA_US_ZETA","4","ZETA_US_LA_2020",2004-07-01,1,"SUS"
"MX_ERNESTO","5","ERNESTO_MX_2012",2004-07-01,0.91,"SG"
"MX_GRACE","3","GRACE_MX_2021",2004-07-01,0.77,"C"
"MX_TAMPS_EMILY","6","EMILY_TAMPS_MX_2005",2004-07-01,1.6,"WG"
"NC_US_ISABEL","4","ISABEL_US_NC_2003",2004-07-01,1.04,"SUS"
"NIC_ETA","2","ETA_NIC_2020",2004-07-01,0.45,"CA"
"NIC_FELIX","2","FELIX_NIC_2007",2004-07-01,0.45,"CA"
"NIC_IOTA","2","IOTA_NIC_2020",2004-07-01,0.46,"CA"
"PR_USA_MARIA","3","MARIA_US_PR_2017",2004-07-01,0.84,"C"
"QROO_WILMA","3","WILMA_QROO_2005",2004-07-01,0.91,"C"
"TX_US_HARVEY","6","HARVEY_US_TX_2017",2004-07-01,1.36,"WG"
"TX_US_IKE","4","IKE_US_TX_2008",2004-07-01,1.14,"SUS"
"TX_US_RITA","4","RITA_US_TX_2005",2004-07-01,1.11,"SUS"
"US_FL_DELTA","4","DELTA_US_LA_2020",2004-07-01,1.14,"SUS"
"US_FL_DENNIS","4","DENNIS_US_FL_2005",2004-07-01,1.13,"SUS"
"VER_MX_KARL","5","KARL_MX_VER_2010",2004-07-01,0.76,"SG"
"YUC_DELTA","5","DELTA_YUCATAN_MX_2020",2004-07-01,0.92,"SG"
"YUC_MX_EMILY","5","EMILY_MX_YUC_2005",2004-07-01,1,"SG"
"YUC_MX_ISIDORE","5","ISIDORE_MX_YUC_2002",2004-07-01,1.05,"SG"
"AL_US_IVAN","4","IVAN_US_AL_2004",2004-08-01,0.95,"SUS"
"AL_US_SALLY","4","SALLY_US_AL_2020",2004-08-01,0.89,"SUS"
"ALEX","6","ALEX_2010",2004-08-01,1.49,"WG"
"BELICE_RICHARD","3","RICHARD_BELICE_2010",2004-08-01,0.82,"C"
"BELIZE_IRIS","2","IRIS_BELIZE_2001",2004-08-01,0.69,"CA"
"BETA","2","BETA_2005",2004-08-01,0.35,"CA"
"CR_OTTO","2","OTTO_CR_2016",2004-08-01,0.45,"CA"
"CUBA_DENNIS","3","DENNIS_CUBA_2005",2004-08-01,1.01,"C"
"CUBA_GUSTAV","3","GUSTAV_CUBA_2008",2004-08-01,0.84,"C"
"CUBA_IAN","3","IAN_CUBA_2022",2004-08-01,0.82,"C"
"CUBA_MICHELLE","3","MICHELLE_CUBA_2001",2004-08-01,0.98,"C"
"CUBA_PALOMA","3","PALOMA_CUBA_2008",2004-08-01,0.99,"C"
"CUBA_SANDY","3","SANDY_CUBA_2012",2004-08-01,0.87,"C"
"DEAN_QROO_MX","5","DEAN_QROO_MX_2007",2004-08-01,0.95,"SG"
"FL_US_CHARLEY","1","CHARLEY_2004",2004-08-01,1.07,"FP"
"FL_US_FRANCES","1","FRANCES_US_FL_2004",2004-08-01,1.05,"FP"
"FL_US_IAN","1","IAN_US_FL_2022",2004-08-01,1.08,"FP"
"FL_US_IRMA","1","IRMA_US_FL_2017",2004-08-01,1.08,"FP"
"FL_US_JEANNE","1","JEANNE_US_FL_2004",2004-08-01,1.05,"FP"
"FL_US_MICHAEL","4","MICHAEL_US_FL_2018",2004-08-01,1,"SUS"
"FL_US_WILMA","1","WILMA_US_FL_2005",2004-08-01,1.08,"FP"
"LA_US_GUSTAV","4","GUSTAV_US_LA_2008",2004-08-01,0.99,"SUS"
"LA_US_IDA","4","IDA_US_LA_2009",2004-08-01,0.98,"SUS"
"LA_US_KATRINA","4","KATRINA_US_LA_2005",2004-08-01,0.92,"SUS"
"LA_US_LAURA","4","LAURA_US_LA_2020",2004-08-01,1.16,"SUS"
"LA_US_ZETA","4","ZETA_US_LA_2020",2004-08-01,0.91,"SUS"
"MX_ERNESTO","5","ERNESTO_MX_2012",2004-08-01,0.94,"SG"
"MX_GRACE","3","GRACE_MX_2021",2004-08-01,0.73,"C"
"MX_TAMPS_EMILY","6","EMILY_TAMPS_MX_2005",2004-08-01,1.59,"WG"
"NC_US_ISABEL","4","ISABEL_US_NC_2003",2004-08-01,0.76,"SUS"
"NIC_ETA","2","ETA_NIC_2020",2004-08-01,0.5,"CA"
"NIC_FELIX","2","FELIX_NIC_2007",2004-08-01,0.53,"CA"
"NIC_IOTA","2","IOTA_NIC_2020",2004-08-01,0.5,"CA"
"PR_USA_MARIA","3","MARIA_US_PR_2017",2004-08-01,0.82,"C"
"QROO_WILMA","3","WILMA_QROO_2005",2004-08-01,0.9,"C"
"TX_US_HARVEY","6","HARVEY_US_TX_2017",2004-08-01,1.39,"WG"
"TX_US_IKE","4","IKE_US_TX_2008",2004-08-01,1.24,"SUS"
"TX_US_RITA","4","RITA_US_TX_2005",2004-08-01,1.19,"SUS"
"US_FL_DELTA","4","DELTA_US_LA_2020",2004-08-01,1.15,"SUS"
"US_FL_DENNIS","4","DENNIS_US_FL_2005",2004-08-01,0.95,"SUS"
"VER_MX_KARL","5","KARL_MX_VER_2010",2004-08-01,0.82,"SG"
"YUC_DELTA","5","DELTA_YUCATAN_MX_2020",2004-08-01,0.92,"SG"
"YUC_MX_EMILY","5","EMILY_MX_YUC_2005",2004-08-01,1.02,"SG"
"YUC_MX_ISIDORE","5","ISIDORE_MX_YUC_2002",2004-08-01,1.04,"SG"
"AL_US_IVAN","4","IVAN_US_AL_2004",2004-09-01,0.98,"SUS"
"AL_US_SALLY","4","SALLY_US_AL_2020",2004-09-01,0.92,"SUS"
"ALEX","6","ALEX_2010",2004-09-01,1.21,"WG"
"BELICE_RICHARD","3","RICHARD_BELICE_2010",2004-09-01,0.77,"C"
"BELIZE_IRIS","2","IRIS_BELIZE_2001",2004-09-01,0.61,"CA"
"BETA","2","BETA_2005",2004-09-01,0.46,"CA"
"CR_OTTO","2","OTTO_CR_2016",2004-09-01,0.54,"CA"
"CUBA_DENNIS","3","DENNIS_CUBA_2005",2004-09-01,0.78,"C"
"CUBA_GUSTAV","3","GUSTAV_CUBA_2008",2004-09-01,0.66,"C"
"CUBA_IAN","3","IAN_CUBA_2022",2004-09-01,0.63,"C"
"CUBA_MICHELLE","3","MICHELLE_CUBA_2001",2004-09-01,0.76,"C"
"CUBA_PALOMA","3","PALOMA_CUBA_2008",2004-09-01,0.8,"C"
"CUBA_SANDY","3","SANDY_CUBA_2012",2004-09-01,0.75,"C"
"DEAN_QROO_MX","5","DEAN_QROO_MX_2007",2004-09-01,0.86,"SG"
"FL_US_CHARLEY","1","CHARLEY_2004",2004-09-01,0.93,"FP"
"FL_US_FRANCES","1","FRANCES_US_FL_2004",2004-09-01,0.89,"FP"
"FL_US_IAN","1","IAN_US_FL_2022",2004-09-01,0.94,"FP"
"FL_US_IRMA","1","IRMA_US_FL_2017",2004-09-01,0.96,"FP"
"FL_US_JEANNE","1","JEANNE_US_FL_2004",2004-09-01,0.9,"FP"
"FL_US_MICHAEL","4","MICHAEL_US_FL_2018",2004-09-01,0.99,"SUS"
"FL_US_WILMA","1","WILMA_US_FL_2005",2004-09-01,0.96,"FP"
"LA_US_GUSTAV","4","GUSTAV_US_LA_2008",2004-09-01,0.95,"SUS"
"LA_US_IDA","4","IDA_US_LA_2009",2004-09-01,0.95,"SUS"
"LA_US_KATRINA","4","KATRINA_US_LA_2005",2004-09-01,0.91,"SUS"
"LA_US_LAURA","4","LAURA_US_LA_2020",2004-09-01,1.16,"SUS"
"LA_US_ZETA","4","ZETA_US_LA_2020",2004-09-01,0.9,"SUS"
"MX_ERNESTO","5","ERNESTO_MX_2012",2004-09-01,0.85,"SG"
"MX_GRACE","3","GRACE_MX_2021",2004-09-01,0.66,"C"
"MX_TAMPS_EMILY","6","EMILY_TAMPS_MX_2005",2004-09-01,1.24,"WG"
"NC_US_ISABEL","4","ISABEL_US_NC_2003",2004-09-01,0.79,"SUS"
"NIC_ETA","2","ETA_NIC_2020",2004-09-01,0.54,"CA"
"NIC_FELIX","2","FELIX_NIC_2007",2004-09-01,0.59,"CA"
"NIC_IOTA","2","IOTA_NIC_2020",2004-09-01,0.53,"CA"
"PR_USA_MARIA","3","MARIA_US_PR_2017",2004-09-01,0.78,"C"
"QROO_WILMA","3","WILMA_QROO_2005",2004-09-01,0.75,"C"
"TX_US_HARVEY","6","HARVEY_US_TX_2017",2004-09-01,1.27,"WG"
"TX_US_IKE","4","IKE_US_TX_2008",2004-09-01,1.16,"SUS"
"TX_US_RITA","4","RITA_US_TX_2005",2004-09-01,1.16,"SUS"
"US_FL_DELTA","4","DELTA_US_LA_2020",2004-09-01,1.16,"SUS"
"US_FL_DENNIS","4","DENNIS_US_FL_2005",2004-09-01,1,"SUS"
"VER_MX_KARL","5","KARL_MX_VER_2010",2004-09-01,0.8,"SG"
"YUC_DELTA","5","DELTA_YUCATAN_MX_2020",2004-09-01,0.77,"SG"
"YUC_MX_EMILY","5","EMILY_MX_YUC_2005",2004-09-01,0.84,"SG"
"YUC_MX_ISIDORE","5","ISIDORE_MX_YUC_2002",2004-09-01,0.94,"SG"
"AL_US_IVAN","4","IVAN_US_AL_2004",2004-10-01,1.1,"SUS"
"AL_US_SALLY","4","SALLY_US_AL_2020",2004-10-01,1,"SUS"
"ALEX","6","ALEX_2010",2004-10-01,1.05,"WG"
"BELICE_RICHARD","3","RICHARD_BELICE_2010",2004-10-01,0.7,"C"
"BELIZE_IRIS","2","IRIS_BELIZE_2001",2004-10-01,0.58,"CA"
"BETA","2","BETA_2005",2004-10-01,0.49,"CA"
"CR_OTTO","2","OTTO_CR_2016",2004-10-01,0.52,"CA"
"CUBA_DENNIS","3","DENNIS_CUBA_2005",2004-10-01,0.83,"C"
"CUBA_GUSTAV","3","GUSTAV_CUBA_2008",2004-10-01,0.74,"C"
"CUBA_IAN","3","IAN_CUBA_2022",2004-10-01,0.73,"C"
"CUBA_MICHELLE","3","MICHELLE_CUBA_2001",2004-10-01,0.81,"C"
"CUBA_PALOMA","3","PALOMA_CUBA_2008",2004-10-01,0.72,"C"
"CUBA_SANDY","3","SANDY_CUBA_2012",2004-10-01,0.56,"C"
"DEAN_QROO_MX","5","DEAN_QROO_MX_2007",2004-10-01,0.75,"SG"
"FL_US_CHARLEY","1","CHARLEY_2004",2004-10-01,0.98,"FP"
"FL_US_FRANCES","1","FRANCES_US_FL_2004",2004-10-01,0.95,"FP"
"FL_US_IAN","1","IAN_US_FL_2022",2004-10-01,0.99,"FP"
"FL_US_IRMA","1","IRMA_US_FL_2017",2004-10-01,1.03,"FP"
"FL_US_JEANNE","1","JEANNE_US_FL_2004",2004-10-01,0.96,"FP"
"FL_US_MICHAEL","4","MICHAEL_US_FL_2018",2004-10-01,1.18,"SUS"
"FL_US_WILMA","1","WILMA_US_FL_2005",2004-10-01,1.01,"FP"
"LA_US_GUSTAV","4","GUSTAV_US_LA_2008",2004-10-01,0.76,"SUS"
"LA_US_IDA","4","IDA_US_LA_2009",2004-10-01,0.71,"SUS"
"LA_US_KATRINA","4","KATRINA_US_LA_2005",2004-10-01,0.73,"SUS"
"LA_US_LAURA","4","LAURA_US_LA_2020",2004-10-01,0.87,"SUS"
"LA_US_ZETA","4","ZETA_US_LA_2020",2004-10-01,0.66,"SUS"
"MX_ERNESTO","5","ERNESTO_MX_2012",2004-10-01,0.75,"SG"
"MX_GRACE","3","GRACE_MX_2021",2004-10-01,0.76,"C"
"MX_TAMPS_EMILY","6","EMILY_TAMPS_MX_2005",2004-10-01,1.06,"WG"
"NC_US_ISABEL","4","ISABEL_US_NC_2003",2004-10-01,0.69,"SUS"
"NIC_ETA","2","ETA_NIC_2020",2004-10-01,0.57,"CA"
"NIC_FELIX","2","FELIX_NIC_2007",2004-10-01,0.59,"CA"
"NIC_IOTA","2","IOTA_NIC_2020",2004-10-01,0.59,"CA"
"PR_USA_MARIA","3","MARIA_US_PR_2017",2004-10-01,0.79,"C"
"QROO_WILMA","3","WILMA_QROO_2005",2004-10-01,0.71,"C"
"TX_US_HARVEY","6","HARVEY_US_TX_2017",2004-10-01,1.09,"WG"
"TX_US_IKE","4","IKE_US_TX_2008",2004-10-01,0.9,"SUS"
"TX_US_RITA","4","RITA_US_TX_2005",2004-10-01,0.85,"SUS"
"US_FL_DELTA","4","DELTA_US_LA_2020",2004-10-01,0.9,"SUS"
"US_FL_DENNIS","4","DENNIS_US_FL_2005",2004-10-01,1.21,"SUS"
"VER_MX_KARL","5","KARL_MX_VER_2010",2004-10-01,0.93,"SG"
"YUC_DELTA","5","DELTA_YUCATAN_MX_2020",2004-10-01,0.72,"SG"
"YUC_MX_EMILY","5","EMILY_MX_YUC_2005",2004-10-01,0.8,"SG"
"YUC_MX_ISIDORE","5","ISIDORE_MX_YUC_2002",2004-10-01,0.84,"SG"
"AL_US_IVAN","4","IVAN_US_AL_2004",2004-11-01,0.65,"SUS"
"AL_US_SALLY","4","SALLY_US_AL_2020",2004-11-01,0.64,"SUS"
"ALEX","6","ALEX_2010",2004-11-01,0.91,"WG"
"BELICE_RICHARD","3","RICHARD_BELICE_2010",2004-11-01,0.61,"C"
"BELIZE_IRIS","2","IRIS_BELIZE_2001",2004-11-01,0.47,"CA"
"BETA","2","BETA_2005",2004-11-01,0.52,"CA"
"CR_OTTO","2","OTTO_CR_2016",2004-11-01,0.62,"CA"
"CUBA_DENNIS","3","DENNIS_CUBA_2005",2004-11-01,0.85,"C"
"CUBA_GUSTAV","3","GUSTAV_CUBA_2008",2004-11-01,0.8,"C"
"CUBA_IAN","3","IAN_CUBA_2022",2004-11-01,0.79,"C"
"CUBA_MICHELLE","3","MICHELLE_CUBA_2001",2004-11-01,0.82,"C"
"CUBA_PALOMA","3","PALOMA_CUBA_2008",2004-11-01,0.76,"C"
"CUBA_SANDY","3","SANDY_CUBA_2012",2004-11-01,0.62,"C"
"DEAN_QROO_MX","5","DEAN_QROO_MX_2007",2004-11-01,0.76,"SG"
"FL_US_CHARLEY","1","CHARLEY_2004",2004-11-01,0.85,"FP"
"FL_US_FRANCES","1","FRANCES_US_FL_2004",2004-11-01,0.81,"FP"
"FL_US_IAN","1","IAN_US_FL_2022",2004-11-01,0.85,"FP"
"FL_US_IRMA","1","IRMA_US_FL_2017",2004-11-01,0.88,"FP"
"FL_US_JEANNE","1","JEANNE_US_FL_2004",2004-11-01,0.81,"FP"
"FL_US_MICHAEL","4","MICHAEL_US_FL_2018",2004-11-01,0.77,"SUS"
"FL_US_WILMA","1","WILMA_US_FL_2005",2004-11-01,0.87,"FP"
"LA_US_GUSTAV","4","GUSTAV_US_LA_2008",2004-11-01,0.47,"SUS"
"LA_US_IDA","4","IDA_US_LA_2009",2004-11-01,0.45,"SUS"
"LA_US_KATRINA","4","KATRINA_US_LA_2005",2004-11-01,0.47,"SUS"
"LA_US_LAURA","4","LAURA_US_LA_2020",2004-11-01,0.51,"SUS"
"LA_US_ZETA","4","ZETA_US_LA_2020",2004-11-01,0.44,"SUS"
"MX_ERNESTO","5","ERNESTO_MX_2012",2004-11-01,0.75,"SG"
"MX_GRACE","3","GRACE_MX_2021",2004-11-01,0.62,"C"
"MX_TAMPS_EMILY","6","EMILY_TAMPS_MX_2005",2004-11-01,0.87,"WG"
"NC_US_ISABEL","4","ISABEL_US_NC_2003",2004-11-01,0.58,"SUS"
"NIC_ETA","2","ETA_NIC_2020",2004-11-01,0.54,"CA"
"NIC_FELIX","2","FELIX_NIC_2007",2004-11-01,0.55,"CA"
"NIC_IOTA","2","IOTA_NIC_2020",2004-11-01,0.55,"CA"
"PR_USA_MARIA","3","MARIA_US_PR_2017",2004-11-01,0.71,"C"
"QROO_WILMA","3","WILMA_QROO_2005",2004-11-01,0.77,"C"
"TX_US_HARVEY","6","HARVEY_US_TX_2017",2004-11-01,0.74,"WG"
"TX_US_IKE","4","IKE_US_TX_2008",2004-11-01,0.54,"SUS"
"TX_US_RITA","4","RITA_US_TX_2005",2004-11-01,0.52,"SUS"
"US_FL_DELTA","4","DELTA_US_LA_2020",2004-11-01,0.53,"SUS"
"US_FL_DENNIS","4","DENNIS_US_FL_2005",2004-11-01,0.67,"SUS"
"VER_MX_KARL","5","KARL_MX_VER_2010",2004-11-01,0.86,"SG"
"YUC_DELTA","5","DELTA_YUCATAN_MX_2020",2004-11-01,0.79,"SG"
"YUC_MX_EMILY","5","EMILY_MX_YUC_2005",2004-11-01,0.88,"SG"
"YUC_MX_ISIDORE","5","ISIDORE_MX_YUC_2002",2004-11-01,0.91,"SG"
"AL_US_IVAN","4","IVAN_US_AL_2004",2004-12-01,0.49,"SUS"
"AL_US_SALLY","4","SALLY_US_AL_2020",2004-12-01,0.49,"SUS"
"ALEX","6","ALEX_2010",2004-12-01,0.69,"WG"
"BELICE_RICHARD","3","RICHARD_BELICE_2010",2004-12-01,0.61,"C"
"BELIZE_IRIS","2","IRIS_BELIZE_2001",2004-12-01,0.5,"CA"
"BETA","2","BETA_2005",2004-12-01,0.56,"CA"
"CR_OTTO","2","OTTO_CR_2016",2004-12-01,0.69,"CA"
"CUBA_DENNIS","3","DENNIS_CUBA_2005",2004-12-01,0.86,"C"
"CUBA_GUSTAV","3","GUSTAV_CUBA_2008",2004-12-01,0.71,"C"
"CUBA_IAN","3","IAN_CUBA_2022",2004-12-01,0.69,"C"
"CUBA_MICHELLE","3","MICHELLE_CUBA_2001",2004-12-01,0.83,"C"
"CUBA_PALOMA","3","PALOMA_CUBA_2008",2004-12-01,0.69,"C"
"CUBA_SANDY","3","SANDY_CUBA_2012",2004-12-01,0.62,"C"
"DEAN_QROO_MX","5","DEAN_QROO_MX_2007",2004-12-01,0.7,"SG"
"FL_US_CHARLEY","1","CHARLEY_2004",2004-12-01,0.69,"FP"
"FL_US_FRANCES","1","FRANCES_US_FL_2004",2004-12-01,0.69,"FP"
"FL_US_IAN","1","IAN_US_FL_2022",2004-12-01,0.7,"FP"
"FL_US_IRMA","1","IRMA_US_FL_2017",2004-12-01,0.77,"FP"
"FL_US_JEANNE","1","JEANNE_US_FL_2004",2004-12-01,0.7,"FP"
"FL_US_MICHAEL","4","MICHAEL_US_FL_2018",2004-12-01,0.52,"SUS"
"FL_US_WILMA","1","WILMA_US_FL_2005",2004-12-01,0.76,"FP"
"LA_US_GUSTAV","4","GUSTAV_US_LA_2008",2004-12-01,0.41,"SUS"
"LA_US_IDA","4","IDA_US_LA_2009",2004-12-01,0.45,"SUS"
"LA_US_KATRINA","4","KATRINA_US_LA_2005",2004-12-01,0.47,"SUS"
"LA_US_LAURA","4","LAURA_US_LA_2020",2004-12-01,0.47,"SUS"
"LA_US_ZETA","4","ZETA_US_LA_2020",2004-12-01,0.42,"SUS"
"MX_ERNESTO","5","ERNESTO_MX_2012",2004-12-01,0.69,"SG"
"MX_GRACE","3","GRACE_MX_2021",2004-12-01,0.47,"C"
"MX_TAMPS_EMILY","6","EMILY_TAMPS_MX_2005",2004-12-01,0.64,"WG"
"NC_US_ISABEL","4","ISABEL_US_NC_2003",2004-12-01,0.44,"SUS"
"NIC_ETA","2","ETA_NIC_2020",2004-12-01,0.51,"CA"
"NIC_FELIX","2","FELIX_NIC_2007",2004-12-01,0.5,"CA"
"NIC_IOTA","2","IOTA_NIC_2020",2004-12-01,0.53,"CA"
"PR_USA_MARIA","3","MARIA_US_PR_2017",2004-12-01,0.66,"C"
"QROO_WILMA","3","WILMA_QROO_2005",2004-12-01,0.69,"C"
"TX_US_HARVEY","6","HARVEY_US_TX_2017",2004-12-01,0.64,"WG"
"TX_US_IKE","4","IKE_US_TX_2008",2004-12-01,0.53,"SUS"
"TX_US_RITA","4","RITA_US_TX_2005",2004-12-01,0.48,"SUS"
"US_FL_DELTA","4","DELTA_US_LA_2020",2004-12-01,0.46,"SUS"
"US_FL_DENNIS","4","DENNIS_US_FL_2005",2004-12-01,0.48,"SUS"
"VER_MX_KARL","5","KARL_MX_VER_2010",2004-12-01,0.81,"SG"
"YUC_DELTA","5","DELTA_YUCATAN_MX_2020",2004-12-01,0.72,"SG"
"YUC_MX_EMILY","5","EMILY_MX_YUC_2005",2004-12-01,0.84,"SG"
"YUC_MX_ISIDORE","5","ISIDORE_MX_YUC_2002",2004-12-01,0.84,"SG"
"AL_US_IVAN","4","IVAN_US_AL_2004",2005-01-01,0.54,"SUS"
"AL_US_SALLY","4","SALLY_US_AL_2020",2005-01-01,0.54,"SUS"
"ALEX","6","ALEX_2010",2005-01-01,0.71,"WG"
"BELICE_RICHARD","3","RICHARD_BELICE_2010",2005-01-01,0.65,"C"
"BELIZE_IRIS","2","IRIS_BELIZE_2001",2005-01-01,0.58,"CA"
"BETA","2","BETA_2005",2005-01-01,0.54,"CA"
"CR_OTTO","2","OTTO_CR_2016",2005-01-01,0.69,"CA"
"CUBA_DENNIS","3","DENNIS_CUBA_2005",2005-01-01,0.77,"C"
"CUBA_GUSTAV","3","GUSTAV_CUBA_2008",2005-01-01,0.69,"C"
"CUBA_IAN","3","IAN_CUBA_2022",2005-01-01,0.67,"C"
"CUBA_MICHELLE","3","MICHELLE_CUBA_2001",2005-01-01,0.75,"C"
"CUBA_PALOMA","3","PALOMA_CUBA_2008",2005-01-01,0.7,"C"
"CUBA_SANDY","3","SANDY_CUBA_2012",2005-01-01,0.59,"C"
"DEAN_QROO_MX","5","DEAN_QROO_MX_2007",2005-01-01,0.79,"SG"
"FL_US_CHARLEY","1","CHARLEY_2004",2005-01-01,0.71,"FP"
"FL_US_FRANCES","1","FRANCES_US_FL_2004",2005-01-01,0.69,"FP"
"FL_US_IAN","1","IAN_US_FL_2022",2005-01-01,0.72,"FP"
"FL_US_IRMA","1","IRMA_US_FL_2017",2005-01-01,0.73,"FP"
"FL_US_JEANNE","1","JEANNE_US_FL_2004",2005-01-01,0.7,"FP"
"FL_US_MICHAEL","4","MICHAEL_US_FL_2018",2005-01-01,0.6,"SUS"
"FL_US_WILMA","1","WILMA_US_FL_2005",2005-01-01,0.71,"FP"
"LA_US_GUSTAV","4","GUSTAV_US_LA_2008",2005-01-01,0.34,"SUS"
"LA_US_IDA","4","IDA_US_LA_2009",2005-01-01,0.37,"SUS"
"LA_US_KATRINA","4","KATRINA_US_LA_2005",2005-01-01,0.43,"SUS"
"LA_US_LAURA","4","LAURA_US_LA_2020",2005-01-01,0.45,"SUS"
"LA_US_ZETA","4","ZETA_US_LA_2020",2005-01-01,0.35,"SUS"
"MX_ERNESTO","5","ERNESTO_MX_2012",2005-01-01,0.77,"SG"
"MX_GRACE","3","GRACE_MX_2021",2005-01-01,0.58,"C"
"MX_TAMPS_EMILY","6","EMILY_TAMPS_MX_2005",2005-01-01,0.58,"WG"
"NC_US_ISABEL","4","ISABEL_US_NC_2003",2005-01-01,0.34,"SUS"
"NIC_ETA","2","ETA_NIC_2020",2005-01-01,0.52,"CA"
"NIC_FELIX","2","FELIX_NIC_2007",2005-01-01,0.5,"CA"
"NIC_IOTA","2","IOTA_NIC_2020",2005-01-01,0.53,"CA"
"PR_USA_MARIA","3","MARIA_US_PR_2017",2005-01-01,0.69,"C"
"QROO_WILMA","3","WILMA_QROO_2005",2005-01-01,0.7,"C"
"TX_US_HARVEY","6","HARVEY_US_TX_2017",2005-01-01,0.58,"WG"
"TX_US_IKE","4","IKE_US_TX_2008",2005-01-01,0.47,"SUS"
"TX_US_RITA","4","RITA_US_TX_2005",2005-01-01,0.46,"SUS"
"US_FL_DELTA","4","DELTA_US_LA_2020",2005-01-01,0.43,"SUS"
"US_FL_DENNIS","4","DENNIS_US_FL_2005",2005-01-01,0.55,"SUS"
"VER_MX_KARL","5","KARL_MX_VER_2010",2005-01-01,0.81,"SG"
"YUC_DELTA","5","DELTA_YUCATAN_MX_2020",2005-01-01,0.73,"SG"
"YUC_MX_EMILY","5","EMILY_MX_YUC_2005",2005-01-01,0.88,"SG"
"YUC_MX_ISIDORE","5","ISIDORE_MX_YUC_2002",2005-01-01,0.95,"SG"
"AL_US_IVAN","4","IVAN_US_AL_2004",2005-02-01,0.58,"SUS"
"AL_US_SALLY","4","SALLY_US_AL_2020",2005-02-01,0.55,"SUS"
"ALEX","6","ALEX_2010",2005-02-01,0.62,"WG"
"BELICE_RICHARD","3","RICHARD_BELICE_2010",2005-02-01,0.76,"C"
"BELIZE_IRIS","2","IRIS_BELIZE_2001",2005-02-01,0.69,"CA"
"BETA","2","BETA_2005",2005-02-01,0.66,"CA"
"CR_OTTO","2","OTTO_CR_2016",2005-02-01,0.82,"CA"
"CUBA_DENNIS","3","DENNIS_CUBA_2005",2005-02-01,0.91,"C"
"CUBA_GUSTAV","3","GUSTAV_CUBA_2008",2005-02-01,0.77,"C"
"CUBA_IAN","3","IAN_CUBA_2022",2005-02-01,0.75,"C"
"CUBA_MICHELLE","3","MICHELLE_CUBA_2001",2005-02-01,0.9,"C"
"CUBA_PALOMA","3","PALOMA_CUBA_2008",2005-02-01,0.82,"C"
"CUBA_SANDY","3","SANDY_CUBA_2012",2005-02-01,0.69,"C"
"DEAN_QROO_MX","5","DEAN_QROO_MX_2007",2005-02-01,0.94,"SG"
"FL_US_CHARLEY","1","CHARLEY_2004",2005-02-01,0.74,"FP"
"FL_US_FRANCES","1","FRANCES_US_FL_2004",2005-02-01,0.74,"FP"
"FL_US_IAN","1","IAN_US_FL_2022",2005-02-01,0.75,"FP"
"FL_US_IRMA","1","IRMA_US_FL_2017",2005-02-01,0.73,"FP"
"FL_US_JEANNE","1","JEANNE_US_FL_2004",2005-02-01,0.74,"FP"
"FL_US_MICHAEL","4","MICHAEL_US_FL_2018",2005-02-01,0.66,"SUS"
"FL_US_WILMA","1","WILMA_US_FL_2005",2005-02-01,0.73,"FP"
"LA_US_GUSTAV","4","GUSTAV_US_LA_2008",2005-02-01,0.3,"SUS"
"LA_US_IDA","4","IDA_US_LA_2009",2005-02-01,0.32,"SUS"
"LA_US_KATRINA","4","KATRINA_US_LA_2005",2005-02-01,0.41,"SUS"
"LA_US_LAURA","4","LAURA_US_LA_2020",2005-02-01,0.45,"SUS"
"LA_US_ZETA","4","ZETA_US_LA_2020",2005-02-01,0.27,"SUS"
"MX_ERNESTO","5","ERNESTO_MX_2012",2005-02-01,0.93,"SG"
"MX_GRACE","3","GRACE_MX_2021",2005-02-01,0.51,"C"
"MX_TAMPS_EMILY","6","EMILY_TAMPS_MX_2005",2005-02-01,0.49,"WG"
"NC_US_ISABEL","4","ISABEL_US_NC_2003",2005-02-01,0.45,"SUS"
"NIC_ETA","2","ETA_NIC_2020",2005-02-01,0.6,"CA"
"NIC_FELIX","2","FELIX_NIC_2007",2005-02-01,0.56,"CA"
"NIC_IOTA","2","IOTA_NIC_2020",2005-02-01,0.61,"CA"
"PR_USA_MARIA","3","MARIA_US_PR_2017",2005-02-01,0.76,"C"
"QROO_WILMA","3","WILMA_QROO_2005",2005-02-01,0.78,"C"
"TX_US_HARVEY","6","HARVEY_US_TX_2017",2005-02-01,0.46,"WG"
"TX_US_IKE","4","IKE_US_TX_2008",2005-02-01,0.45,"SUS"
"TX_US_RITA","4","RITA_US_TX_2005",2005-02-01,0.47,"SUS"
"US_FL_DELTA","4","DELTA_US_LA_2020",2005-02-01,0.45,"SUS"
"US_FL_DENNIS","4","DENNIS_US_FL_2005",2005-02-01,0.59,"SUS"
"VER_MX_KARL","5","KARL_MX_VER_2010",2005-02-01,0.78,"SG"
"YUC_DELTA","5","DELTA_YUCATAN_MX_2020",2005-02-01,0.83,"SG"
"YUC_MX_EMILY","5","EMILY_MX_YUC_2005",2005-02-01,1,"SG"
"YUC_MX_ISIDORE","5","ISIDORE_MX_YUC_2002",2005-02-01,1.16,"SG"
"AL_US_IVAN","4","IVAN_US_AL_2004",2005-03-01,0.63,"SUS"
"AL_US_SALLY","4","SALLY_US_AL_2020",2005-03-01,0.6,"SUS"
"ALEX","6","ALEX_2010",2005-03-01,1.1,"WG"
"BELICE_RICHARD","3","RICHARD_BELICE_2010",2005-03-01,0.87,"C"
"BELIZE_IRIS","2","IRIS_BELIZE_2001",2005-03-01,0.77,"CA"
"BETA","2","BETA_2005",2005-03-01,0.75,"CA"
"CR_OTTO","2","OTTO_CR_2016",2005-03-01,0.88,"CA"
"CUBA_DENNIS","3","DENNIS_CUBA_2005",2005-03-01,1.04,"C"
"CUBA_GUSTAV","3","GUSTAV_CUBA_2008",2005-03-01,0.86,"C"
"CUBA_IAN","3","IAN_CUBA_2022",2005-03-01,0.85,"C"
"CUBA_MICHELLE","3","MICHELLE_CUBA_2001",2005-03-01,1.06,"C"
"CUBA_PALOMA","3","PALOMA_CUBA_2008",2005-03-01,1.06,"C"
"CUBA_SANDY","3","SANDY_CUBA_2012",2005-03-01,0.9,"C"
"DEAN_QROO_MX","5","DEAN_QROO_MX_2007",2005-03-01,1.06,"SG"
"FL_US_CHARLEY","1","CHARLEY_2004",2005-03-01,0.83,"FP"
"FL_US_FRANCES","1","FRANCES_US_FL_2004",2005-03-01,0.85,"FP"
"FL_US_IAN","1","IAN_US_FL_2022",2005-03-01,0.85,"FP"
"FL_US_IRMA","1","IRMA_US_FL_2017",2005-03-01,0.86,"FP"
"FL_US_JEANNE","1","JEANNE_US_FL_2004",2005-03-01,0.86,"FP"
"FL_US_MICHAEL","4","MICHAEL_US_FL_2018",2005-03-01,0.66,"SUS"
"FL_US_WILMA","1","WILMA_US_FL_2005",2005-03-01,0.88,"FP"
"LA_US_GUSTAV","4","GUSTAV_US_LA_2008",2005-03-01,0.53,"SUS"
"LA_US_IDA","4","IDA_US_LA_2009",2005-03-01,0.53,"SUS"
"LA_US_KATRINA","4","KATRINA_US_LA_2005",2005-03-01,0.56,"SUS"
"LA_US_LAURA","4","LAURA_US_LA_2020",2005-03-01,0.63,"SUS"
"LA_US_ZETA","4","ZETA_US_LA_2020",2005-03-01,0.48,"SUS"
"MX_ERNESTO","5","ERNESTO_MX_2012",2005-03-01,1.06,"SG"
"MX_GRACE","3","GRACE_MX_2021",2005-03-01,0.77,"C"
"MX_TAMPS_EMILY","6","EMILY_TAMPS_MX_2005",2005-03-01,1.02,"WG"
"NC_US_ISABEL","4","ISABEL_US_NC_2003",2005-03-01,0.49,"SUS"
"NIC_ETA","2","ETA_NIC_2020",2005-03-01,0.82,"CA"
"NIC_FELIX","2","FELIX_NIC_2007",2005-03-01,0.77,"CA"
"NIC_IOTA","2","IOTA_NIC_2020",2005-03-01,0.83,"CA"
"PR_USA_MARIA","3","MARIA_US_PR_2017",2005-03-01,0.8,"C"
"QROO_WILMA","3","WILMA_QROO_2005",2005-03-01,0.84,"C"
"TX_US_HARVEY","6","HARVEY_US_TX_2017",2005-03-01,0.83,"WG"
"TX_US_IKE","4","IKE_US_TX_2008",2005-03-01,0.65,"SUS"
"TX_US_RITA","4","RITA_US_TX_2005",2005-03-01,0.63,"SUS"
"US_FL_DELTA","4","DELTA_US_LA_2020",2005-03-01,0.62,"SUS"
"US_FL_DENNIS","4","DENNIS_US_FL_2005",2005-03-01,0.65,"SUS"
"VER_MX_KARL","5","KARL_MX_VER_2010",2005-03-01,1.1,"SG"
"YUC_DELTA","5","DELTA_YUCATAN_MX_2020",2005-03-01,0.9,"SG"
"YUC_MX_EMILY","5","EMILY_MX_YUC_2005",2005-03-01,1.07,"SG"
"YUC_MX_ISIDORE","5","ISIDORE_MX_YUC_2002",2005-03-01,1.37,"SG"
"AL_US_IVAN","4","IVAN_US_AL_2004",2005-04-01,0.84,"SUS"
"AL_US_SALLY","4","SALLY_US_AL_2020",2005-04-01,0.83,"SUS"
"ALEX","6","ALEX_2010",2005-04-01,1.44,"WG"
"BELICE_RICHARD","3","RICHARD_BELICE_2010",2005-04-01,1.04,"C"
"BELIZE_IRIS","2","IRIS_BELIZE_2001",2005-04-01,0.9,"CA"
"BETA","2","BETA_2005",2005-04-01,0.89,"CA"
"CR_OTTO","2","OTTO_CR_2016",2005-04-01,0.86,"CA"
"CUBA_DENNIS","3","DENNIS_CUBA_2005",2005-04-01,1.1,"C"
"CUBA_GUSTAV","3","GUSTAV_CUBA_2008",2005-04-01,0.92,"C"
"CUBA_IAN","3","IAN_CUBA_2022",2005-04-01,0.91,"C"
"CUBA_MICHELLE","3","MICHELLE_CUBA_2001",2005-04-01,1.11,"C"
"CUBA_PALOMA","3","PALOMA_CUBA_2008",2005-04-01,1.12,"C"
"CUBA_SANDY","3","SANDY_CUBA_2012",2005-04-01,0.94,"C"
"DEAN_QROO_MX","5","DEAN_QROO_MX_2007",2005-04-01,1.15,"SG"
"FL_US_CHARLEY","1","CHARLEY_2004",2005-04-01,1.02,"FP"
"FL_US_FRANCES","1","FRANCES_US_FL_2004",2005-04-01,1.02,"FP"
"FL_US_IAN","1","IAN_US_FL_2022",2005-04-01,1.04,"FP"
"FL_US_IRMA","1","IRMA_US_FL_2017",2005-04-01,1.04,"FP"
"FL_US_JEANNE","1","JEANNE_US_FL_2004",2005-04-01,1.02,"FP"
"FL_US_MICHAEL","4","MICHAEL_US_FL_2018",2005-04-01,0.86,"SUS"
"FL_US_WILMA","1","WILMA_US_FL_2005",2005-04-01,1.05,"FP"
"LA_US_GUSTAV","4","GUSTAV_US_LA_2008",2005-04-01,0.72,"SUS"
"LA_US_IDA","4","IDA_US_LA_2009",2005-04-01,0.72,"SUS"
"LA_US_KATRINA","4","KATRINA_US_LA_2005",2005-04-01,0.76,"SUS"
"LA_US_LAURA","4","LAURA_US_LA_2020",2005-04-01,0.84,"SUS"
"LA_US_ZETA","4","ZETA_US_LA_2020",2005-04-01,0.66,"SUS"
"MX_ERNESTO","5","ERNESTO_MX_2012",2005-04-01,1.14,"SG"
"MX_GRACE","3","GRACE_MX_2021",2005-04-01,1.06,"C"
"MX_TAMPS_EMILY","6","EMILY_TAMPS_MX_2005",2005-04-01,1.35,"WG"
"NC_US_ISABEL","4","ISABEL_US_NC_2003",2005-04-01,0.81,"SUS"
"NIC_ETA","2","ETA_NIC_2020",2005-04-01,0.9,"CA"
"NIC_FELIX","2","FELIX_NIC_2007",2005-04-01,0.87,"CA"
"NIC_IOTA","2","IOTA_NIC_2020",2005-04-01,0.91,"CA"
"PR_USA_MARIA","3","MARIA_US_PR_2017",2005-04-01,0.87,"C"
"QROO_WILMA","3","WILMA_QROO_2005",2005-04-01,0.97,"C"
"TX_US_HARVEY","6","HARVEY_US_TX_2017",2005-04-01,1.03,"WG"
"TX_US_IKE","4","IKE_US_TX_2008",2005-04-01,0.83,"SUS"
"TX_US_RITA","4","RITA_US_TX_2005",2005-04-01,0.84,"SUS"
"US_FL_DELTA","4","DELTA_US_LA_2020",2005-04-01,0.86,"SUS"
"US_FL_DENNIS","4","DENNIS_US_FL_2005",2005-04-01,0.83,"SUS"
"VER_MX_KARL","5","KARL_MX_VER_2010",2005-04-01,1.35,"SG"
"YUC_DELTA","5","DELTA_YUCATAN_MX_2020",2005-04-01,1.03,"SG"
"YUC_MX_EMILY","5","EMILY_MX_YUC_2005",2005-04-01,1.15,"SG"
"YUC_MX_ISIDORE","5","ISIDORE_MX_YUC_2002",2005-04-01,1.55,"SG"
"AL_US_IVAN","4","IVAN_US_AL_2004",2005-05-01,0.97,"SUS"
"AL_US_SALLY","4","SALLY_US_AL_2020",2005-05-01,0.92,"SUS"
"ALEX","6","ALEX_2010",2005-05-01,1.44,"WG"
"BELICE_RICHARD","3","RICHARD_BELICE_2010",2005-05-01,1.06,"C"
"BELIZE_IRIS","2","IRIS_BELIZE_2001",2005-05-01,0.9,"CA"
"BETA","2","BETA_2005",2005-05-01,0.6,"CA"
"CR_OTTO","2","OTTO_CR_2016",2005-05-01,0.67,"CA"
"CUBA_DENNIS","3","DENNIS_CUBA_2005",2005-05-01,0.96,"C"
"CUBA_GUSTAV","3","GUSTAV_CUBA_2008",2005-05-01,0.94,"C"
"CUBA_IAN","3","IAN_CUBA_2022",2005-05-01,0.93,"C"
"CUBA_MICHELLE","3","MICHELLE_CUBA_2001",2005-05-01,0.95,"C"
"CUBA_PALOMA","3","PALOMA_CUBA_2008",2005-05-01,0.94,"C"
"CUBA_SANDY","3","SANDY_CUBA_2012",2005-05-01,0.77,"C"
"DEAN_QROO_MX","5","DEAN_QROO_MX_2007",2005-05-01,1.1,"SG"
"FL_US_CHARLEY","1","CHARLEY_2004",2005-05-01,1.13,"FP"
"FL_US_FRANCES","1","FRANCES_US_FL_2004",2005-05-01,1.05,"FP"
"FL_US_IAN","1","IAN_US_FL_2022",2005-05-01,1.14,"FP"
"FL_US_IRMA","1","IRMA_US_FL_2017",2005-05-01,1.12,"FP"
"FL_US_JEANNE","1","JEANNE_US_FL_2004",2005-05-01,1.05,"FP"
"FL_US_MICHAEL","4","MICHAEL_US_FL_2018",2005-05-01,0.99,"SUS"
"FL_US_WILMA","1","WILMA_US_FL_2005",2005-05-01,1.11,"FP"
"LA_US_GUSTAV","4","GUSTAV_US_LA_2008",2005-05-01,0.9,"SUS"
"LA_US_IDA","4","IDA_US_LA_2009",2005-05-01,0.9,"SUS"
"LA_US_KATRINA","4","KATRINA_US_LA_2005",2005-05-01,0.89,"SUS"
"LA_US_LAURA","4","LAURA_US_LA_2020",2005-05-01,1,"SUS"
"LA_US_ZETA","4","ZETA_US_LA_2020",2005-05-01,0.83,"SUS"
"MX_ERNESTO","5","ERNESTO_MX_2012",2005-05-01,1.1,"SG"
"MX_GRACE","3","GRACE_MX_2021",2005-05-01,1.05,"C"
"MX_TAMPS_EMILY","6","EMILY_TAMPS_MX_2005",2005-05-01,1.3,"WG"
"NC_US_ISABEL","4","ISABEL_US_NC_2003",2005-05-01,0.9,"SUS"
"NIC_ETA","2","ETA_NIC_2020",2005-05-01,0.73,"CA"
"NIC_FELIX","2","FELIX_NIC_2007",2005-05-01,0.75,"CA"
"NIC_IOTA","2","IOTA_NIC_2020",2005-05-01,0.73,"CA"
"PR_USA_MARIA","3","MARIA_US_PR_2017",2005-05-01,0.83,"C"
"QROO_WILMA","3","WILMA_QROO_2005",2005-05-01,1.04,"C"
"TX_US_HARVEY","6","HARVEY_US_TX_2017",2005-05-01,1.02,"WG"
"TX_US_IKE","4","IKE_US_TX_2008",2005-05-01,0.91,"SUS"
"TX_US_RITA","4","RITA_US_TX_2005",2005-05-01,0.97,"SUS"
"US_FL_DELTA","4","DELTA_US_LA_2020",2005-05-01,1.03,"SUS"
"US_FL_DENNIS","4","DENNIS_US_FL_2005",2005-05-01,1,"SUS"
"VER_MX_KARL","5","KARL_MX_VER_2010",2005-05-01,1.3,"SG"
"YUC_DELTA","5","DELTA_YUCATAN_MX_2020",2005-05-01,1.08,"SG"
"YUC_MX_EMILY","5","EMILY_MX_YUC_2005",2005-05-01,1.15,"SG"
"YUC_MX_ISIDORE","5","ISIDORE_MX_YUC_2002",2005-05-01,1.53,"SG"
"AL_US_IVAN","4","IVAN_US_AL_2004",2005-06-01,1,"SUS"
"AL_US_SALLY","4","SALLY_US_AL_2020",2005-06-01,0.95,"SUS"
"ALEX","6","ALEX_2010",2005-06-01,1.58,"WG"
"BELICE_RICHARD","3","RICHARD_BELICE_2010",2005-06-01,0.86,"C"
"BELIZE_IRIS","2","IRIS_BELIZE_2001",2005-06-01,0.72,"CA"
"BETA","2","BETA_2005",2005-06-01,0.43,"CA"
"CR_OTTO","2","OTTO_CR_2016",2005-06-01,0.58,"CA"
"CUBA_DENNIS","3","DENNIS_CUBA_2005",2005-06-01,0.83,"C"
"CUBA_GUSTAV","3","GUSTAV_CUBA_2008",2005-06-01,0.77,"C"
"CUBA_IAN","3","IAN_CUBA_2022",2005-06-01,0.76,"C"
"CUBA_MICHELLE","3","MICHELLE_CUBA_2001",2005-06-01,0.84,"C"
"CUBA_PALOMA","3","PALOMA_CUBA_2008",2005-06-01,0.8,"C"
"CUBA_SANDY","3","SANDY_CUBA_2012",2005-06-01,0.73,"C"
"DEAN_QROO_MX","5","DEAN_QROO_MX_2007",2005-06-01,0.85,"SG"
"FL_US_CHARLEY","1","CHARLEY_2004",2005-06-01,1,"FP"
"FL_US_FRANCES","1","FRANCES_US_FL_2004",2005-06-01,0.93,"FP"
"FL_US_IAN","1","IAN_US_FL_2022",2005-06-01,1,"FP"
"FL_US_IRMA","1","IRMA_US_FL_2017",2005-06-01,0.99,"FP"
"FL_US_JEANNE","1","JEANNE_US_FL_2004",2005-06-01,0.93,"FP"
"FL_US_MICHAEL","4","MICHAEL_US_FL_2018",2005-06-01,1.03,"SUS"
"FL_US_WILMA","1","WILMA_US_FL_2005",2005-06-01,0.97,"FP"
"LA_US_GUSTAV","4","GUSTAV_US_LA_2008",2005-06-01,1.06,"SUS"
"LA_US_IDA","4","IDA_US_LA_2009",2005-06-01,1.05,"SUS"
"LA_US_KATRINA","4","KATRINA_US_LA_2005",2005-06-01,1,"SUS"
"LA_US_LAURA","4","LAURA_US_LA_2020",2005-06-01,1.21,"SUS"
"LA_US_ZETA","4","ZETA_US_LA_2020",2005-06-01,0.98,"SUS"
"MX_ERNESTO","5","ERNESTO_MX_2012",2005-06-01,0.85,"SG"
"MX_GRACE","3","GRACE_MX_2021",2005-06-01,1,"C"
"MX_TAMPS_EMILY","6","EMILY_TAMPS_MX_2005",2005-06-01,1.63,"WG"
"NC_US_ISABEL","4","ISABEL_US_NC_2003",2005-06-01,0.92,"SUS"
"NIC_ETA","2","ETA_NIC_2020",2005-06-01,0.47,"CA"
"NIC_FELIX","2","FELIX_NIC_2007",2005-06-01,0.47,"CA"
"NIC_IOTA","2","IOTA_NIC_2020",2005-06-01,0.48,"CA"
"PR_USA_MARIA","3","MARIA_US_PR_2017",2005-06-01,0.9,"C"
"QROO_WILMA","3","WILMA_QROO_2005",2005-06-01,0.85,"C"
"TX_US_HARVEY","6","HARVEY_US_TX_2017",2005-06-01,1.34,"WG"
"TX_US_IKE","4","IKE_US_TX_2008",2005-06-01,1.19,"SUS"
"TX_US_RITA","4","RITA_US_TX_2005",2005-06-01,1.2,"SUS"
"US_FL_DELTA","4","DELTA_US_LA_2020",2005-06-01,1.21,"SUS"
"US_FL_DENNIS","4","DENNIS_US_FL_2005",2005-06-01,1,"SUS"
"VER_MX_KARL","5","KARL_MX_VER_2010",2005-06-01,1.04,"SG"
"YUC_DELTA","5","DELTA_YUCATAN_MX_2020",2005-06-01,0.87,"SG"
"YUC_MX_EMILY","5","EMILY_MX_YUC_2005",2005-06-01,0.94,"SG"
"YUC_MX_ISIDORE","5","ISIDORE_MX_YUC_2002",2005-06-01,1.13,"SG"
"AL_US_IVAN","4","IVAN_US_AL_2004",2005-07-01,1.01,"SUS"
"AL_US_SALLY","4","SALLY_US_AL_2020",2005-07-01,0.95,"SUS"
"ALEX","6","ALEX_2010",2005-07-01,1.6,"WG"
"BELICE_RICHARD","3","RICHARD_BELICE_2010",2005-07-01,0.78,"C"
"BELIZE_IRIS","2","IRIS_BELIZE_2001",2005-07-01,0.64,"CA"
"BETA","2","BETA_2005",2005-07-01,0.37,"CA"
"CR_OTTO","2","OTTO_CR_2016",2005-07-01,0.52,"CA"
"CUBA_DENNIS","3","DENNIS_CUBA_2005",2005-07-01,1,"C"
"CUBA_GUSTAV","3","GUSTAV_CUBA_2008",2005-07-01,0.84,"C"
"CUBA_IAN","3","IAN_CUBA_2022",2005-07-01,0.83,"C"
"CUBA_MICHELLE","3","MICHELLE_CUBA_2001",2005-07-01,0.99,"C"
"CUBA_PALOMA","3","PALOMA_CUBA_2008",2005-07-01,1,"C"
"CUBA_SANDY","3","SANDY_CUBA_2012",2005-07-01,0.86,"C"
"DEAN_QROO_MX","5","DEAN_QROO_MX_2007",2005-07-01,0.91,"SG"
"FL_US_CHARLEY","1","CHARLEY_2004",2005-07-01,1.12,"FP"
"FL_US_FRANCES","1","FRANCES_US_FL_2004",2005-07-01,1.08,"FP"
"FL_US_IAN","1","IAN_US_FL_2022",2005-07-01,1.12,"FP"
"FL_US_IRMA","1","IRMA_US_FL_2017",2005-07-01,1.14,"FP"
"FL_US_JEANNE","1","JEANNE_US_FL_2004",2005-07-01,1.09,"FP"
"FL_US_MICHAEL","4","MICHAEL_US_FL_2018",2005-07-01,1,"SUS"
"FL_US_WILMA","1","WILMA_US_FL_2005",2005-07-01,1.11,"FP"
"LA_US_GUSTAV","4","GUSTAV_US_LA_2008",2005-07-01,1.04,"SUS"
"LA_US_IDA","4","IDA_US_LA_2009",2005-07-01,1.01,"SUS"
"LA_US_KATRINA","4","KATRINA_US_LA_2005",2005-07-01,0.97,"SUS"
"LA_US_LAURA","4","LAURA_US_LA_2020",2005-07-01,1.16,"SUS"
"LA_US_ZETA","4","ZETA_US_LA_2020",2005-07-01,0.96,"SUS"
"MX_ERNESTO","5","ERNESTO_MX_2012",2005-07-01,0.9,"SG"
"MX_GRACE","3","GRACE_MX_2021",2005-07-01,0.87,"C"
"MX_TAMPS_EMILY","6","EMILY_TAMPS_MX_2005",2005-07-01,1.63,"WG"
"NC_US_ISABEL","4","ISABEL_US_NC_2003",2005-07-01,1.14,"SUS"
"NIC_ETA","2","ETA_NIC_2020",2005-07-01,0.44,"CA"
"NIC_FELIX","2","FELIX_NIC_2007",2005-07-01,0.42,"CA"
"NIC_IOTA","2","IOTA_NIC_2020",2005-07-01,0.46,"CA"
"PR_USA_MARIA","3","MARIA_US_PR_2017",2005-07-01,0.89,"C"
"QROO_WILMA","3","WILMA_QROO_2005",2005-07-01,0.91,"C"
"TX_US_HARVEY","6","HARVEY_US_TX_2017",2005-07-01,1.46,"WG"
"TX_US_IKE","4","IKE_US_TX_2008",2005-07-01,1.22,"SUS"
"TX_US_RITA","4","RITA_US_TX_2005",2005-07-01,1.17,"SUS"
"US_FL_DELTA","4","DELTA_US_LA_2020",2005-07-01,1.15,"SUS"
"US_FL_DENNIS","4","DENNIS_US_FL_2005",2005-07-01,1.01,"SUS"
"VER_MX_KARL","5","KARL_MX_VER_2010",2005-07-01,0.86,"SG"
"YUC_DELTA","5","DELTA_YUCATAN_MX_2020",2005-07-01,0.91,"SG"
"YUC_MX_EMILY","5","EMILY_MX_YUC_2005",2005-07-01,0.99,"SG"
"YUC_MX_ISIDORE","5","ISIDORE_MX_YUC_2002",2005-07-01,1.02,"SG"
"AL_US_IVAN","4","IVAN_US_AL_2004",2005-08-01,1.06,"SUS"
"AL_US_SALLY","4","SALLY_US_AL_2020",2005-08-01,0.97,"SUS"
"ALEX","6","ALEX_2010",2005-08-01,1.6,"WG"
"BELICE_RICHARD","3","RICHARD_BELICE_2010",2005-08-01,0.79,"C"
"BELIZE_IRIS","2","IRIS_BELIZE_2001",2005-08-01,0.64,"CA"
"BETA","2","BETA_2005",2005-08-01,0.32,"CA"
"CR_OTTO","2","OTTO_CR_2016",2005-08-01,0.45,"CA"
"CUBA_DENNIS","3","DENNIS_CUBA_2005",2005-08-01,1.04,"C"
"CUBA_GUSTAV","3","GUSTAV_CUBA_2008",2005-08-01,0.85,"C"
"CUBA_IAN","3","IAN_CUBA_2022",2005-08-01,0.82,"C"
"CUBA_MICHELLE","3","MICHELLE_CUBA_2001",2005-08-01,1.02,"C"
"CUBA_PALOMA","3","PALOMA_CUBA_2008",2005-08-01,1.03,"C"
"CUBA_SANDY","3","SANDY_CUBA_2012",2005-08-01,0.94,"C"
"DEAN_QROO_MX","5","DEAN_QROO_MX_2007",2005-08-01,0.89,"SG"
"FL_US_CHARLEY","1","CHARLEY_2004",2005-08-01,1.16,"FP"
"FL_US_FRANCES","1","FRANCES_US_FL_2004",2005-08-01,1.12,"FP"
"FL_US_IAN","1","IAN_US_FL_2022",2005-08-01,1.16,"FP"
"FL_US_IRMA","1","IRMA_US_FL_2017",2005-08-01,1.15,"FP"
"FL_US_JEANNE","1","JEANNE_US_FL_2004",2005-08-01,1.12,"FP"
"FL_US_MICHAEL","4","MICHAEL_US_FL_2018",2005-08-01,1.05,"SUS"
"FL_US_WILMA","1","WILMA_US_FL_2005",2005-08-01,1.13,"FP"
"LA_US_GUSTAV","4","GUSTAV_US_LA_2008",2005-08-01,1.11,"SUS"
"LA_US_IDA","4","IDA_US_LA_2009",2005-08-01,1.09,"SUS"
"LA_US_KATRINA","4","KATRINA_US_LA_2005",2005-08-01,1.06,"SUS"
"LA_US_LAURA","4","LAURA_US_LA_2020",2005-08-01,1.33,"SUS"
"LA_US_ZETA","4","ZETA_US_LA_2020",2005-08-01,1.02,"SUS"
"MX_ERNESTO","5","ERNESTO_MX_2012",2005-08-01,0.88,"SG"
"MX_GRACE","3","GRACE_MX_2021",2005-08-01,0.8,"C"
"MX_TAMPS_EMILY","6","EMILY_TAMPS_MX_2005",2005-08-01,1.68,"WG"
"NC_US_ISABEL","4","ISABEL_US_NC_2003",2005-08-01,1.2,"SUS"
"NIC_ETA","2","ETA_NIC_2020",2005-08-01,0.48,"CA"
"NIC_FELIX","2","FELIX_NIC_2007",2005-08-01,0.5,"CA"
"NIC_IOTA","2","IOTA_NIC_2020",2005-08-01,0.49,"CA"
"PR_USA_MARIA","3","MARIA_US_PR_2017",2005-08-01,0.87,"C"
"QROO_WILMA","3","WILMA_QROO_2005",2005-08-01,0.91,"C"
"TX_US_HARVEY","6","HARVEY_US_TX_2017",2005-08-01,1.54,"WG"
"TX_US_IKE","4","IKE_US_TX_2008",2005-08-01,1.37,"SUS"
"TX_US_RITA","4","RITA_US_TX_2005",2005-08-01,1.34,"SUS"
"US_FL_DELTA","4","DELTA_US_LA_2020",2005-08-01,1.31,"SUS"
"US_FL_DENNIS","4","DENNIS_US_FL_2005",2005-08-01,1.07,"SUS"
"VER_MX_KARL","5","KARL_MX_VER_2010",2005-08-01,0.88,"SG"
"YUC_DELTA","5","DELTA_YUCATAN_MX_2020",2005-08-01,0.91,"SG"
"YUC_MX_EMILY","5","EMILY_MX_YUC_2005",2005-08-01,1,"SG"
"YUC_MX_ISIDORE","5","ISIDORE_MX_YUC_2002",2005-08-01,1,"SG"
"AL_US_IVAN","4","IVAN_US_AL_2004",2005-09-01,1.29,"SUS"
"AL_US_SALLY","4","SALLY_US_AL_2020",2005-09-01,1.24,"SUS"
"ALEX","6","ALEX_2010",2005-09-01,1.35,"WG"
"BELICE_RICHARD","3","RICHARD_BELICE_2010",2005-09-01,0.76,"C"
"BELIZE_IRIS","2","IRIS_BELIZE_2001",2005-09-01,0.62,"CA"
"BETA","2","BETA_2005",2005-09-01,0.36,"CA"
"CR_OTTO","2","OTTO_CR_2016",2005-09-01,0.47,"CA"
"CUBA_DENNIS","3","DENNIS_CUBA_2005",2005-09-01,0.83,"C"
"CUBA_GUSTAV","3","GUSTAV_CUBA_2008",2005-09-01,0.73,"C"
"CUBA_IAN","3","IAN_CUBA_2022",2005-09-01,0.71,"C"
"CUBA_MICHELLE","3","MICHELLE_CUBA_2001",2005-09-01,0.8,"C"
"CUBA_PALOMA","3","PALOMA_CUBA_2008",2005-09-01,0.83,"C"
"CUBA_SANDY","3","SANDY_CUBA_2012",2005-09-01,0.73,"C"
"DEAN_QROO_MX","5","DEAN_QROO_MX_2007",2005-09-01,0.86,"SG"
"FL_US_CHARLEY","1","CHARLEY_2004",2005-09-01,1.07,"FP"
"FL_US_FRANCES","1","FRANCES_US_FL_2004",2005-09-01,1.01,"FP"
"FL_US_IAN","1","IAN_US_FL_2022",2005-09-01,1.08,"FP"
"FL_US_IRMA","1","IRMA_US_FL_2017",2005-09-01,1.07,"FP"
"FL_US_JEANNE","1","JEANNE_US_FL_2004",2005-09-01,1.02,"FP"
"FL_US_MICHAEL","4","MICHAEL_US_FL_2018",2005-09-01,1.38,"SUS"
"FL_US_WILMA","1","WILMA_US_FL_2005",2005-09-01,1.05,"FP"
"LA_US_GUSTAV","4","GUSTAV_US_LA_2008",2005-09-01,1.11,"SUS"
"LA_US_IDA","4","IDA_US_LA_2009",2005-09-01,1.11,"SUS"
"LA_US_KATRINA","4","KATRINA_US_LA_2005",2005-09-01,1.12,"SUS"
"LA_US_LAURA","4","LAURA_US_LA_2020",2005-09-01,1.33,"SUS"
"LA_US_ZETA","4","ZETA_US_LA_2020",2005-09-01,1.07,"SUS"
"MX_ERNESTO","5","ERNESTO_MX_2012",2005-09-01,0.85,"SG"
"MX_GRACE","3","GRACE_MX_2021",2005-09-01,0.75,"C"
"MX_TAMPS_EMILY","6","EMILY_TAMPS_MX_2005",2005-09-01,1.41,"WG"
"NC_US_ISABEL","4","ISABEL_US_NC_2003",2005-09-01,1.33,"SUS"
"NIC_ETA","2","ETA_NIC_2020",2005-09-01,0.56,"CA"
"NIC_FELIX","2","FELIX_NIC_2007",2005-09-01,0.61,"CA"
"NIC_IOTA","2","IOTA_NIC_2020",2005-09-01,0.55,"CA"
"PR_USA_MARIA","3","MARIA_US_PR_2017",2005-09-01,0.86,"C"
"QROO_WILMA","3","WILMA_QROO_2005",2005-09-01,0.74,"C"
"TX_US_HARVEY","6","HARVEY_US_TX_2017",2005-09-01,1.58,"WG"
"TX_US_IKE","4","IKE_US_TX_2008",2005-09-01,1.4,"SUS"
"TX_US_RITA","4","RITA_US_TX_2005",2005-09-01,1.35,"SUS"
"US_FL_DELTA","4","DELTA_US_LA_2020",2005-09-01,1.32,"SUS"
"US_FL_DENNIS","4","DENNIS_US_FL_2005",2005-09-01,1.33,"SUS"
"VER_MX_KARL","5","KARL_MX_VER_2010",2005-09-01,0.88,"SG"
"YUC_DELTA","5","DELTA_YUCATAN_MX_2020",2005-09-01,0.76,"SG"
"YUC_MX_EMILY","5","EMILY_MX_YUC_2005",2005-09-01,0.86,"SG"
"YUC_MX_ISIDORE","5","ISIDORE_MX_YUC_2002",2005-09-01,0.95,"SG"
"AL_US_IVAN","4","IVAN_US_AL_2004",2005-10-01,0.89,"SUS"
"AL_US_SALLY","4","SALLY_US_AL_2020",2005-10-01,0.86,"SUS"
"ALEX","6","ALEX_2010",2005-10-01,1.09,"WG"
"BELICE_RICHARD","3","RICHARD_BELICE_2010",2005-10-01,0.69,"C"
"BELIZE_IRIS","2","IRIS_BELIZE_2001",2005-10-01,0.56,"CA"
"BETA","2","BETA_2005",2005-10-01,0.67,"CA"
"CR_OTTO","2","OTTO_CR_2016",2005-10-01,0.6,"CA"
"CUBA_DENNIS","3","DENNIS_CUBA_2005",2005-10-01,0.74,"C"
"CUBA_GUSTAV","3","GUSTAV_CUBA_2008",2005-10-01,0.69,"C"
"CUBA_IAN","3","IAN_CUBA_2022",2005-10-01,0.68,"C"
"CUBA_MICHELLE","3","MICHELLE_CUBA_2001",2005-10-01,0.73,"C"
"CUBA_PALOMA","3","PALOMA_CUBA_2008",2005-10-01,0.69,"C"
"CUBA_SANDY","3","SANDY_CUBA_2012",2005-10-01,0.59,"C"
"DEAN_QROO_MX","5","DEAN_QROO_MX_2007",2005-10-01,0.75,"SG"
"FL_US_CHARLEY","1","CHARLEY_2004",2005-10-01,0.96,"FP"
"FL_US_FRANCES","1","FRANCES_US_FL_2004",2005-10-01,0.92,"FP"
"FL_US_IAN","1","IAN_US_FL_2022",2005-10-01,0.97,"FP"
"FL_US_IRMA","1","IRMA_US_FL_2017",2005-10-01,0.99,"FP"
"FL_US_JEANNE","1","JEANNE_US_FL_2004",2005-10-01,0.93,"FP"
"FL_US_MICHAEL","4","MICHAEL_US_FL_2018",2005-10-01,0.94,"SUS"
"FL_US_WILMA","1","WILMA_US_FL_2005",2005-10-01,0.98,"FP"
"LA_US_GUSTAV","4","GUSTAV_US_LA_2008",2005-10-01,0.78,"SUS"
"LA_US_IDA","4","IDA_US_LA_2009",2005-10-01,0.77,"SUS"
"LA_US_KATRINA","4","KATRINA_US_LA_2005",2005-10-01,0.81,"SUS"
"LA_US_LAURA","4","LAURA_US_LA_2020",2005-10-01,0.94,"SUS"
"LA_US_ZETA","4","ZETA_US_LA_2020",2005-10-01,0.72,"SUS"
"MX_ERNESTO","5","ERNESTO_MX_2012",2005-10-01,0.74,"SG"
"MX_GRACE","3","GRACE_MX_2021",2005-10-01,0.67,"C"
"MX_TAMPS_EMILY","6","EMILY_TAMPS_MX_2005",2005-10-01,1.1,"WG"
"NC_US_ISABEL","4","ISABEL_US_NC_2003",2005-10-01,0.69,"SUS"
"NIC_ETA","2","ETA_NIC_2020",2005-10-01,0.66,"CA"
"NIC_FELIX","2","FELIX_NIC_2007",2005-10-01,0.67,"CA"
"NIC_IOTA","2","IOTA_NIC_2020",2005-10-01,0.68,"CA"
"PR_USA_MARIA","3","MARIA_US_PR_2017",2005-10-01,0.8,"C"
"QROO_WILMA","3","WILMA_QROO_2005",2005-10-01,0.67,"C"
"TX_US_HARVEY","6","HARVEY_US_TX_2017",2005-10-01,1.1,"WG"
"TX_US_IKE","4","IKE_US_TX_2008",2005-10-01,0.94,"SUS"
"TX_US_RITA","4","RITA_US_TX_2005",2005-10-01,0.92,"SUS"
"US_FL_DELTA","4","DELTA_US_LA_2020",2005-10-01,0.96,"SUS"
"US_FL_DENNIS","4","DENNIS_US_FL_2005",2005-10-01,0.89,"SUS"
"VER_MX_KARL","5","KARL_MX_VER_2010",2005-10-01,0.83,"SG"
"YUC_DELTA","5","DELTA_YUCATAN_MX_2020",2005-10-01,0.68,"SG"
"YUC_MX_EMILY","5","EMILY_MX_YUC_2005",2005-10-01,0.77,"SG"
"YUC_MX_ISIDORE","5","ISIDORE_MX_YUC_2002",2005-10-01,0.81,"SG"
"AL_US_IVAN","4","IVAN_US_AL_2004",2005-11-01,0.69,"SUS"
"AL_US_SALLY","4","SALLY_US_AL_2020",2005-11-01,0.68,"SUS"
"ALEX","6","ALEX_2010",2005-11-01,0.91,"WG"
"BELICE_RICHARD","3","RICHARD_BELICE_2010",2005-11-01,0.57,"C"
"BELIZE_IRIS","2","IRIS_BELIZE_2001",2005-11-01,0.44,"CA"
"BETA","2","BETA_2005",2005-11-01,0.47,"CA"
"CR_OTTO","2","OTTO_CR_2016",2005-11-01,0.55,"CA"
"CUBA_DENNIS","3","DENNIS_CUBA_2005",2005-11-01,0.77,"C"
"CUBA_GUSTAV","3","GUSTAV_CUBA_2008",2005-11-01,0.71,"C"
"CUBA_IAN","3","IAN_CUBA_2022",2005-11-01,0.7,"C"
"CUBA_MICHELLE","3","MICHELLE_CUBA_2001",2005-11-01,0.75,"C"
"CUBA_PALOMA","3","PALOMA_CUBA_2008",2005-11-01,0.72,"C"
"CUBA_SANDY","3","SANDY_CUBA_2012",2005-11-01,0.61,"C"
"DEAN_QROO_MX","5","DEAN_QROO_MX_2007",2005-11-01,0.71,"SG"
"FL_US_CHARLEY","1","CHARLEY_2004",2005-11-01,0.82,"FP"
"FL_US_FRANCES","1","FRANCES_US_FL_2004",2005-11-01,0.76,"FP"
"FL_US_IAN","1","IAN_US_FL_2022",2005-11-01,0.82,"FP"
"FL_US_IRMA","1","IRMA_US_FL_2017",2005-11-01,0.84,"FP"
"FL_US_JEANNE","1","JEANNE_US_FL_2004",2005-11-01,0.77,"FP"
"FL_US_MICHAEL","4","MICHAEL_US_FL_2018",2005-11-01,0.77,"SUS"
"FL_US_WILMA","1","WILMA_US_FL_2005",2005-11-01,0.83,"FP"
"LA_US_GUSTAV","4","GUSTAV_US_LA_2008",2005-11-01,0.65,"SUS"
"LA_US_IDA","4","IDA_US_LA_2009",2005-11-01,0.66,"SUS"
"LA_US_KATRINA","4","KATRINA_US_LA_2005",2005-11-01,0.65,"SUS"
"LA_US_LAURA","4","LAURA_US_LA_2020",2005-11-01,0.68,"SUS"
"LA_US_ZETA","4","ZETA_US_LA_2020",2005-11-01,0.63,"SUS"
"MX_ERNESTO","5","ERNESTO_MX_2012",2005-11-01,0.7,"SG"
"MX_GRACE","3","GRACE_MX_2021",2005-11-01,0.61,"C"
"MX_TAMPS_EMILY","6","EMILY_TAMPS_MX_2005",2005-11-01,0.92,"WG"
"NC_US_ISABEL","4","ISABEL_US_NC_2003",2005-11-01,0.66,"SUS"
"NIC_ETA","2","ETA_NIC_2020",2005-11-01,0.53,"CA"
"NIC_FELIX","2","FELIX_NIC_2007",2005-11-01,0.53,"CA"
"NIC_IOTA","2","IOTA_NIC_2020",2005-11-01,0.54,"CA"
"PR_USA_MARIA","3","MARIA_US_PR_2017",2005-11-01,0.77,"C"
"QROO_WILMA","3","WILMA_QROO_2005",2005-11-01,0.71,"C"
"TX_US_HARVEY","6","HARVEY_US_TX_2017",2005-11-01,0.96,"WG"
"TX_US_IKE","4","IKE_US_TX_2008",2005-11-01,0.73,"SUS"
"TX_US_RITA","4","RITA_US_TX_2005",2005-11-01,0.68,"SUS"
"US_FL_DELTA","4","DELTA_US_LA_2020",2005-11-01,0.68,"SUS"
"US_FL_DENNIS","4","DENNIS_US_FL_2005",2005-11-01,0.7,"SUS"
"VER_MX_KARL","5","KARL_MX_VER_2010",2005-11-01,0.85,"SG"
"YUC_DELTA","5","DELTA_YUCATAN_MX_2020",2005-11-01,0.73,"SG"
"YUC_MX_EMILY","5","EMILY_MX_YUC_2005",2005-11-01,0.8,"SG"
"YUC_MX_ISIDORE","5","ISIDORE_MX_YUC_2002",2005-11-01,0.84,"SG"
"AL_US_IVAN","4","IVAN_US_AL_2004",2005-12-01,0.51,"SUS"
"AL_US_SALLY","4","SALLY_US_AL_2020",2005-12-01,0.5,"SUS"
"ALEX","6","ALEX_2010",2005-12-01,0.67,"WG"
"BELICE_RICHARD","3","RICHARD_BELICE_2010",2005-12-01,0.58,"C"
"BELIZE_IRIS","2","IRIS_BELIZE_2001",2005-12-01,0.48,"CA"
"BETA","2","BETA_2005",2005-12-01,0.39,"CA"
"CR_OTTO","2","OTTO_CR_2016",2005-12-01,0.57,"CA"
"CUBA_DENNIS","3","DENNIS_CUBA_2005",2005-12-01,0.88,"C"
"CUBA_GUSTAV","3","GUSTAV_CUBA_2008",2005-12-01,0.72,"C"
"CUBA_IAN","3","IAN_CUBA_2022",2005-12-01,0.7,"C"
"CUBA_MICHELLE","3","MICHELLE_CUBA_2001",2005-12-01,0.85,"C"
"CUBA_PALOMA","3","PALOMA_CUBA_2008",2005-12-01,0.7,"C"
"CUBA_SANDY","3","SANDY_CUBA_2012",2005-12-01,0.63,"C"
"DEAN_QROO_MX","5","DEAN_QROO_MX_2007",2005-12-01,0.64,"SG"
"FL_US_CHARLEY","1","CHARLEY_2004",2005-12-01,0.68,"FP"
"FL_US_FRANCES","1","FRANCES_US_FL_2004",2005-12-01,0.68,"FP"
"FL_US_IAN","1","IAN_US_FL_2022",2005-12-01,0.69,"FP"
"FL_US_IRMA","1","IRMA_US_FL_2017",2005-12-01,0.75,"FP"
"FL_US_JEANNE","1","JEANNE_US_FL_2004",2005-12-01,0.68,"FP"
"FL_US_MICHAEL","4","MICHAEL_US_FL_2018",2005-12-01,0.52,"SUS"
"FL_US_WILMA","1","WILMA_US_FL_2005",2005-12-01,0.75,"FP"
"LA_US_GUSTAV","4","GUSTAV_US_LA_2008",2005-12-01,0.45,"SUS"
"LA_US_IDA","4","IDA_US_LA_2009",2005-12-01,0.49,"SUS"
"LA_US_KATRINA","4","KATRINA_US_LA_2005",2005-12-01,0.5,"SUS"
"LA_US_LAURA","4","LAURA_US_LA_2020",2005-12-01,0.5,"SUS"
"LA_US_ZETA","4","ZETA_US_LA_2020",2005-12-01,0.45,"SUS"
"MX_ERNESTO","5","ERNESTO_MX_2012",2005-12-01,0.63,"SG"
"MX_GRACE","3","GRACE_MX_2021",2005-12-01,0.46,"C"
"MX_TAMPS_EMILY","6","EMILY_TAMPS_MX_2005",2005-12-01,0.64,"WG"
"NC_US_ISABEL","4","ISABEL_US_NC_2003",2005-12-01,0.42,"SUS"
"NIC_ETA","2","ETA_NIC_2020",2005-12-01,0.39,"CA"
"NIC_FELIX","2","FELIX_NIC_2007",2005-12-01,0.38,"CA"
"NIC_IOTA","2","IOTA_NIC_2020",2005-12-01,0.41,"CA"
"PR_USA_MARIA","3","MARIA_US_PR_2017",2005-12-01,0.77,"C"
"QROO_WILMA","3","WILMA_QROO_2005",2005-12-01,0.66,"C"
"TX_US_HARVEY","6","HARVEY_US_TX_2017",2005-12-01,0.65,"WG"
"TX_US_IKE","4","IKE_US_TX_2008",2005-12-01,0.54,"SUS"
"TX_US_RITA","4","RITA_US_TX_2005",2005-12-01,0.5,"SUS"
"US_FL_DELTA","4","DELTA_US_LA_2020",2005-12-01,0.49,"SUS"
"US_FL_DENNIS","4","DENNIS_US_FL_2005",2005-12-01,0.51,"SUS"
"VER_MX_KARL","5","KARL_MX_VER_2010",2005-12-01,0.77,"SG"
"YUC_DELTA","5","DELTA_YUCATAN_MX_2020",2005-12-01,0.68,"SG"
"YUC_MX_EMILY","5","EMILY_MX_YUC_2005",2005-12-01,0.8,"SG"
"YUC_MX_ISIDORE","5","ISIDORE_MX_YUC_2002",2005-12-01,0.78,"SG"
"AL_US_IVAN","4","IVAN_US_AL_2004",2006-01-01,0.64,"SUS"
"AL_US_SALLY","4","SALLY_US_AL_2020",2006-01-01,0.64,"SUS"
"ALEX","6","ALEX_2010",2006-01-01,0.82,"WG"
"BELICE_RICHARD","3","RICHARD_BELICE_2010",2006-01-01,0.59,"C"
"BELIZE_IRIS","2","IRIS_BELIZE_2001",2006-01-01,0.53,"CA"
"BETA","2","BETA_2005",2006-01-01,0.45,"CA"
"CR_OTTO","2","OTTO_CR_2016",2006-01-01,0.59,"CA"
"CUBA_DENNIS","3","DENNIS_CUBA_2005",2006-01-01,0.83,"C"
"CUBA_GUSTAV","3","GUSTAV_CUBA_2008",2006-01-01,0.74,"C"
"CUBA_IAN","3","IAN_CUBA_2022",2006-01-01,0.71,"C"
"CUBA_MICHELLE","3","MICHELLE_CUBA_2001",2006-01-01,0.81,"C"
"CUBA_PALOMA","3","PALOMA_CUBA_2008",2006-01-01,0.74,"C"
"CUBA_SANDY","3","SANDY_CUBA_2012",2006-01-01,0.61,"C"
"DEAN_QROO_MX","5","DEAN_QROO_MX_2007",2006-01-01,0.71,"SG"
"FL_US_CHARLEY","1","CHARLEY_2004",2006-01-01,0.76,"FP"
"FL_US_FRANCES","1","FRANCES_US_FL_2004",2006-01-01,0.73,"FP"
"FL_US_IAN","1","IAN_US_FL_2022",2006-01-01,0.77,"FP"
"FL_US_IRMA","1","IRMA_US_FL_2017",2006-01-01,0.78,"FP"
"FL_US_JEANNE","1","JEANNE_US_FL_2004",2006-01-01,0.74,"FP"
"FL_US_MICHAEL","4","MICHAEL_US_FL_2018",2006-01-01,0.71,"SUS"
"FL_US_WILMA","1","WILMA_US_FL_2005",2006-01-01,0.76,"FP"
"LA_US_GUSTAV","4","GUSTAV_US_LA_2008",2006-01-01,0.49,"SUS"
"LA_US_IDA","4","IDA_US_LA_2009",2006-01-01,0.52,"SUS"
"LA_US_KATRINA","4","KATRINA_US_LA_2005",2006-01-01,0.56,"SUS"
"LA_US_LAURA","4","LAURA_US_LA_2020",2006-01-01,0.61,"SUS"
"LA_US_ZETA","4","ZETA_US_LA_2020",2006-01-01,0.49,"SUS"
"MX_ERNESTO","5","ERNESTO_MX_2012",2006-01-01,0.7,"SG"
"MX_GRACE","3","GRACE_MX_2021",2006-01-01,0.65,"C"
"MX_TAMPS_EMILY","6","EMILY_TAMPS_MX_2005",2006-01-01,0.75,"WG"
"NC_US_ISABEL","4","ISABEL_US_NC_2003",2006-01-01,0.53,"SUS"
"NIC_ETA","2","ETA_NIC_2020",2006-01-01,0.52,"CA"
"NIC_FELIX","2","FELIX_NIC_2007",2006-01-01,0.47,"CA"
"NIC_IOTA","2","IOTA_NIC_2020",2006-01-01,0.53,"CA"
"PR_USA_MARIA","3","MARIA_US_PR_2017",2006-01-01,0.79,"C"
"QROO_WILMA","3","WILMA_QROO_2005",2006-01-01,0.68,"C"
"TX_US_HARVEY","6","HARVEY_US_TX_2017",2006-01-01,0.82,"WG"
"TX_US_IKE","4","IKE_US_TX_2008",2006-01-01,0.65,"SUS"
"TX_US_RITA","4","RITA_US_TX_2005",2006-01-01,0.63,"SUS"
"US_FL_DELTA","4","DELTA_US_LA_2020",2006-01-01,0.58,"SUS"
"US_FL_DENNIS","4","DENNIS_US_FL_2005",2006-01-01,0.65,"SUS"
"VER_MX_KARL","5","KARL_MX_VER_2010",2006-01-01,0.88,"SG"
"YUC_DELTA","5","DELTA_YUCATAN_MX_2020",2006-01-01,0.7,"SG"
"YUC_MX_EMILY","5","EMILY_MX_YUC_2005",2006-01-01,0.82,"SG"
"YUC_MX_ISIDORE","5","ISIDORE_MX_YUC_2002",2006-01-01,0.88,"SG"
"AL_US_IVAN","4","IVAN_US_AL_2004",2006-02-01,0.55,"SUS"
"AL_US_SALLY","4","SALLY_US_AL_2020",2006-02-01,0.53,"SUS"
"ALEX","6","ALEX_2010",2006-02-01,1.04,"WG"
"BELICE_RICHARD","3","RICHARD_BELICE_2010",2006-02-01,0.68,"C"
"BELIZE_IRIS","2","IRIS_BELIZE_2001",2006-02-01,0.62,"CA"
"BETA","2","BETA_2005",2006-02-01,0.58,"CA"
"CR_OTTO","2","OTTO_CR_2016",2006-02-01,0.74,"CA"
"CUBA_DENNIS","3","DENNIS_CUBA_2005",2006-02-01,0.89,"C"
"CUBA_GUSTAV","3","GUSTAV_CUBA_2008",2006-02-01,0.76,"C"
"CUBA_IAN","3","IAN_CUBA_2022",2006-02-01,0.75,"C"
"CUBA_MICHELLE","3","MICHELLE_CUBA_2001",2006-02-01,0.88,"C"
"CUBA_PALOMA","3","PALOMA_CUBA_2008",2006-02-01,0.79,"C"
"CUBA_SANDY","3","SANDY_CUBA_2012",2006-02-01,0.65,"C"
"DEAN_QROO_MX","5","DEAN_QROO_MX_2007",2006-02-01,0.84,"SG"
"FL_US_CHARLEY","1","CHARLEY_2004",2006-02-01,0.73,"FP"
"FL_US_FRANCES","1","FRANCES_US_FL_2004",2006-02-01,0.74,"FP"
"FL_US_IAN","1","IAN_US_FL_2022",2006-02-01,0.73,"FP"
"FL_US_IRMA","1","IRMA_US_FL_2017",2006-02-01,0.71,"FP"
"FL_US_JEANNE","1","JEANNE_US_FL_2004",2006-02-01,0.74,"FP"
"FL_US_MICHAEL","4","MICHAEL_US_FL_2018",2006-02-01,0.61,"SUS"
"FL_US_WILMA","1","WILMA_US_FL_2005",2006-02-01,0.71,"FP"
"LA_US_GUSTAV","4","GUSTAV_US_LA_2008",2006-02-01,0.37,"SUS"
"LA_US_IDA","4","IDA_US_LA_2009",2006-02-01,0.39,"SUS"
"LA_US_KATRINA","4","KATRINA_US_LA_2005",2006-02-01,0.45,"SUS"
"LA_US_LAURA","4","LAURA_US_LA_2020",2006-02-01,0.5,"SUS"
"LA_US_ZETA","4","ZETA_US_LA_2020",2006-02-01,0.35,"SUS"
"MX_ERNESTO","5","ERNESTO_MX_2012",2006-02-01,0.83,"SG"
"MX_GRACE","3","GRACE_MX_2021",2006-02-01,0.64,"C"
"MX_TAMPS_EMILY","6","EMILY_TAMPS_MX_2005",2006-02-01,0.97,"WG"
"NC_US_ISABEL","4","ISABEL_US_NC_2003",2006-02-01,0.52,"SUS"
"NIC_ETA","2","ETA_NIC_2020",2006-02-01,0.58,"CA"
"NIC_FELIX","2","FELIX_NIC_2007",2006-02-01,0.53,"CA"
"NIC_IOTA","2","IOTA_NIC_2020",2006-02-01,0.6,"CA"
"PR_USA_MARIA","3","MARIA_US_PR_2017",2006-02-01,0.81,"C"
"QROO_WILMA","3","WILMA_QROO_2005",2006-02-01,0.71,"C"
"TX_US_HARVEY","6","HARVEY_US_TX_2017",2006-02-01,0.72,"WG"
"TX_US_IKE","4","IKE_US_TX_2008",2006-02-01,0.54,"SUS"
"TX_US_RITA","4","RITA_US_TX_2005",2006-02-01,0.53,"SUS"
"US_FL_DELTA","4","DELTA_US_LA_2020",2006-02-01,0.5,"SUS"
"US_FL_DENNIS","4","DENNIS_US_FL_2005",2006-02-01,0.56,"SUS"
"VER_MX_KARL","5","KARL_MX_VER_2010",2006-02-01,0.97,"SG"
"YUC_DELTA","5","DELTA_YUCATAN_MX_2020",2006-02-01,0.76,"SG"
"YUC_MX_EMILY","5","EMILY_MX_YUC_2005",2006-02-01,0.91,"SG"
"YUC_MX_ISIDORE","5","ISIDORE_MX_YUC_2002",2006-02-01,1.04,"SG"
"AL_US_IVAN","4","IVAN_US_AL_2004",2006-03-01,0.78,"SUS"
"AL_US_SALLY","4","SALLY_US_AL_2020",2006-03-01,0.75,"SUS"
"ALEX","6","ALEX_2010",2006-03-01,1.18,"WG"
"BELICE_RICHARD","3","RICHARD_BELICE_2010",2006-03-01,0.88,"C"
"BELIZE_IRIS","2","IRIS_BELIZE_2001",2006-03-01,0.78,"CA"
"BETA","2","BETA_2005",2006-03-01,0.71,"CA"
"CR_OTTO","2","OTTO_CR_2016",2006-03-01,0.73,"CA"
"CUBA_DENNIS","3","DENNIS_CUBA_2005",2006-03-01,1.05,"C"
"CUBA_GUSTAV","3","GUSTAV_CUBA_2008",2006-03-01,0.9,"C"
"CUBA_IAN","3","IAN_CUBA_2022",2006-03-01,0.89,"C"
"CUBA_MICHELLE","3","MICHELLE_CUBA_2001",2006-03-01,1.05,"C"
"CUBA_PALOMA","3","PALOMA_CUBA_2008",2006-03-01,0.97,"C"
"CUBA_SANDY","3","SANDY_CUBA_2012",2006-03-01,0.85,"C"
"DEAN_QROO_MX","5","DEAN_QROO_MX_2007",2006-03-01,1.07,"SG"
"FL_US_CHARLEY","1","CHARLEY_2004",2006-03-01,0.96,"FP"
"FL_US_FRANCES","1","FRANCES_US_FL_2004",2006-03-01,0.94,"FP"
"FL_US_IAN","1","IAN_US_FL_2022",2006-03-01,0.96,"FP"
"FL_US_IRMA","1","IRMA_US_FL_2017",2006-03-01,0.94,"FP"
"FL_US_JEANNE","1","JEANNE_US_FL_2004",2006-03-01,0.95,"FP"
"FL_US_MICHAEL","4","MICHAEL_US_FL_2018",2006-03-01,0.82,"SUS"
"FL_US_WILMA","1","WILMA_US_FL_2005",2006-03-01,0.94,"FP"
"LA_US_GUSTAV","4","GUSTAV_US_LA_2008",2006-03-01,0.61,"SUS"
"LA_US_IDA","4","IDA_US_LA_2009",2006-03-01,0.62,"SUS"
"LA_US_KATRINA","4","KATRINA_US_LA_2005",2006-03-01,0.66,"SUS"
"LA_US_LAURA","4","LAURA_US_LA_2020",2006-03-01,0.73,"SUS"
"LA_US_ZETA","4","ZETA_US_LA_2020",2006-03-01,0.57,"SUS"
"MX_ERNESTO","5","ERNESTO_MX_2012",2006-03-01,1.06,"SG"
"MX_GRACE","3","GRACE_MX_2021",2006-03-01,0.84,"C"
"MX_TAMPS_EMILY","6","EMILY_TAMPS_MX_2005",2006-03-01,1.07,"WG"
"NC_US_ISABEL","4","ISABEL_US_NC_2003",2006-03-01,0.68,"SUS"
"NIC_ETA","2","ETA_NIC_2020",2006-03-01,0.84,"CA"
"NIC_FELIX","2","FELIX_NIC_2007",2006-03-01,0.77,"CA"
"NIC_IOTA","2","IOTA_NIC_2020",2006-03-01,0.84,"CA"
"PR_USA_MARIA","3","MARIA_US_PR_2017",2006-03-01,0.83,"C"
"QROO_WILMA","3","WILMA_QROO_2005",2006-03-01,0.89,"C"
"TX_US_HARVEY","6","HARVEY_US_TX_2017",2006-03-01,0.92,"WG"
"TX_US_IKE","4","IKE_US_TX_2008",2006-03-01,0.77,"SUS"
"TX_US_RITA","4","RITA_US_TX_2005",2006-03-01,0.74,"SUS"
"US_FL_DELTA","4","DELTA_US_LA_2020",2006-03-01,0.72,"SUS"
"US_FL_DENNIS","4","DENNIS_US_FL_2005",2006-03-01,0.82,"SUS"
"VER_MX_KARL","5","KARL_MX_VER_2010",2006-03-01,1.18,"SG"
"YUC_DELTA","5","DELTA_YUCATAN_MX_2020",2006-03-01,0.95,"SG"
"YUC_MX_EMILY","5","EMILY_MX_YUC_2005",2006-03-01,1.11,"SG"
"YUC_MX_ISIDORE","5","ISIDORE_MX_YUC_2002",2006-03-01,1.4,"SG"
"AL_US_IVAN","4","IVAN_US_AL_2004",2006-04-01,1.1,"SUS"
"AL_US_SALLY","4","SALLY_US_AL_2020",2006-04-01,1.03,"SUS"
"ALEX","6","ALEX_2010",2006-04-01,1.41,"WG"
"BELICE_RICHARD","3","RICHARD_BELICE_2010",2006-04-01,1.05,"C"
"BELIZE_IRIS","2","IRIS_BELIZE_2001",2006-04-01,0.9,"CA"
"BETA","2","BETA_2005",2006-04-01,0.7,"CA"
"CR_OTTO","2","OTTO_CR_2016",2006-04-01,0.68,"CA"
"CUBA_DENNIS","3","DENNIS_CUBA_2005",2006-04-01,1.16,"C"
"CUBA_GUSTAV","3","GUSTAV_CUBA_2008",2006-04-01,1.03,"C"
"CUBA_IAN","3","IAN_CUBA_2022",2006-04-01,1.02,"C"
"CUBA_MICHELLE","3","MICHELLE_CUBA_2001",2006-04-01,1.15,"C"
"CUBA_PALOMA","3","PALOMA_CUBA_2008",2006-04-01,1.1,"C"
"CUBA_SANDY","3","SANDY_CUBA_2012",2006-04-01,0.96,"C"
"DEAN_QROO_MX","5","DEAN_QROO_MX_2007",2006-04-01,1.18,"SG"
"FL_US_CHARLEY","1","CHARLEY_2004",2006-04-01,1.16,"FP"
"FL_US_FRANCES","1","FRANCES_US_FL_2004",2006-04-01,1.13,"FP"
"FL_US_IAN","1","IAN_US_FL_2022",2006-04-01,1.17,"FP"
"FL_US_IRMA","1","IRMA_US_FL_2017",2006-04-01,1.12,"FP"
"FL_US_JEANNE","1","JEANNE_US_FL_2004",2006-04-01,1.13,"FP"
"FL_US_MICHAEL","4","MICHAEL_US_FL_2018",2006-04-01,1.18,"SUS"
"FL_US_WILMA","1","WILMA_US_FL_2005",2006-04-01,1.12,"FP"
"LA_US_GUSTAV","4","GUSTAV_US_LA_2008",2006-04-01,0.86,"SUS"
"LA_US_IDA","4","IDA_US_LA_2009",2006-04-01,0.86,"SUS"
"LA_US_KATRINA","4","KATRINA_US_LA_2005",2006-04-01,0.92,"SUS"
"LA_US_LAURA","4","LAURA_US_LA_2020",2006-04-01,0.99,"SUS"
"LA_US_ZETA","4","ZETA_US_LA_2020",2006-04-01,0.79,"SUS"
"MX_ERNESTO","5","ERNESTO_MX_2012",2006-04-01,1.17,"SG"
"MX_GRACE","3","GRACE_MX_2021",2006-04-01,0.89,"C"
"MX_TAMPS_EMILY","6","EMILY_TAMPS_MX_2005",2006-04-01,1.37,"WG"
"NC_US_ISABEL","4","ISABEL_US_NC_2003",2006-04-01,1,"SUS"
"NIC_ETA","2","ETA_NIC_2020",2006-04-01,0.88,"CA"
"NIC_FELIX","2","FELIX_NIC_2007",2006-04-01,0.84,"CA"
"NIC_IOTA","2","IOTA_NIC_2020",2006-04-01,0.88,"CA"
"PR_USA_MARIA","3","MARIA_US_PR_2017",2006-04-01,0.88,"C"
"QROO_WILMA","3","WILMA_QROO_2005",2006-04-01,1.07,"C"
"TX_US_HARVEY","6","HARVEY_US_TX_2017",2006-04-01,1.2,"WG"
"TX_US_IKE","4","IKE_US_TX_2008",2006-04-01,1.01,"SUS"
"TX_US_RITA","4","RITA_US_TX_2005",2006-04-01,0.99,"SUS"
"US_FL_DELTA","4","DELTA_US_LA_2020",2006-04-01,1,"SUS"
"US_FL_DENNIS","4","DENNIS_US_FL_2005",2006-04-01,1.13,"SUS"
"VER_MX_KARL","5","KARL_MX_VER_2010",2006-04-01,1.26,"SG"
"YUC_DELTA","5","DELTA_YUCATAN_MX_2020",2006-04-01,1.13,"SG"
"YUC_MX_EMILY","5","EMILY_MX_YUC_2005",2006-04-01,1.19,"SG"
"YUC_MX_ISIDORE","5","ISIDORE_MX_YUC_2002",2006-04-01,1.59,"SG"
"AL_US_IVAN","4","IVAN_US_AL_2004",2006-05-01,1.08,"SUS"
"AL_US_SALLY","4","SALLY_US_AL_2020",2006-05-01,1.04,"SUS"
"ALEX","6","ALEX_2010",2006-05-01,1.56,"WG"
"BELICE_RICHARD","3","RICHARD_BELICE_2010",2006-05-01,1,"C"
"BELIZE_IRIS","2","IRIS_BELIZE_2001",2006-05-01,0.83,"CA"
"BETA","2","BETA_2005",2006-05-01,0.58,"CA"
"CR_OTTO","2","OTTO_CR_2016",2006-05-01,0.6,"CA"
"CUBA_DENNIS","3","DENNIS_CUBA_2005",2006-05-01,0.98,"C"
"CUBA_GUSTAV","3","GUSTAV_CUBA_2008",2006-05-01,0.95,"C"
"CUBA_IAN","3","IAN_CUBA_2022",2006-05-01,0.94,"C"
"CUBA_MICHELLE","3","MICHELLE_CUBA_2001",2006-05-01,0.98,"C"
"CUBA_PALOMA","3","PALOMA_CUBA_2008",2006-05-01,0.94,"C"
"CUBA_SANDY","3","SANDY_CUBA_2012",2006-05-01,0.78,"C"
"DEAN_QROO_MX","5","DEAN_QROO_MX_2007",2006-05-01,1.03,"SG"
"FL_US_CHARLEY","1","CHARLEY_2004",2006-05-01,1.25,"FP"
"FL_US_FRANCES","1","FRANCES_US_FL_2004",2006-05-01,1.18,"FP"
"FL_US_IAN","1","IAN_US_FL_2022",2006-05-01,1.25,"FP"
"FL_US_IRMA","1","IRMA_US_FL_2017",2006-05-01,1.21,"FP"
"FL_US_JEANNE","1","JEANNE_US_FL_2004",2006-05-01,1.18,"FP"
"FL_US_MICHAEL","4","MICHAEL_US_FL_2018",2006-05-01,1.15,"SUS"
"FL_US_WILMA","1","WILMA_US_FL_2005",2006-05-01,1.19,"FP"
"LA_US_GUSTAV","4","GUSTAV_US_LA_2008",2006-05-01,0.91,"SUS"
"LA_US_IDA","4","IDA_US_LA_2009",2006-05-01,0.92,"SUS"
"LA_US_KATRINA","4","KATRINA_US_LA_2005",2006-05-01,0.94,"SUS"
"LA_US_LAURA","4","LAURA_US_LA_2020",2006-05-01,0.99,"SUS"
"LA_US_ZETA","4","ZETA_US_LA_2020",2006-05-01,0.87,"SUS"
"MX_ERNESTO","5","ERNESTO_MX_2012",2006-05-01,1.02,"SG"
"MX_GRACE","3","GRACE_MX_2021",2006-05-01,0.97,"C"
"MX_TAMPS_EMILY","6","EMILY_TAMPS_MX_2005",2006-05-01,1.46,"WG"
"NC_US_ISABEL","4","ISABEL_US_NC_2003",2006-05-01,0.96,"SUS"
"NIC_ETA","2","ETA_NIC_2020",2006-05-01,0.71,"CA"
"NIC_FELIX","2","FELIX_NIC_2007",2006-05-01,0.72,"CA"
"NIC_IOTA","2","IOTA_NIC_2020",2006-05-01,0.72,"CA"
"PR_USA_MARIA","3","MARIA_US_PR_2017",2006-05-01,0.82,"C"
"QROO_WILMA","3","WILMA_QROO_2005",2006-05-01,1,"C"
"TX_US_HARVEY","6","HARVEY_US_TX_2017",2006-05-01,1.21,"WG"
"TX_US_IKE","4","IKE_US_TX_2008",2006-05-01,0.98,"SUS"
"TX_US_RITA","4","RITA_US_TX_2005",2006-05-01,0.98,"SUS"
"US_FL_DELTA","4","DELTA_US_LA_2020",2006-05-01,1.02,"SUS"
"US_FL_DENNIS","4","DENNIS_US_FL_2005",2006-05-01,1.1,"SUS"
"VER_MX_KARL","5","KARL_MX_VER_2010",2006-05-01,1.3,"SG"
"YUC_DELTA","5","DELTA_YUCATAN_MX_2020",2006-05-01,1.04,"SG"
"YUC_MX_EMILY","5","EMILY_MX_YUC_2005",2006-05-01,1.09,"SG"
"YUC_MX_ISIDORE","5","ISIDORE_MX_YUC_2002",2006-05-01,1.47,"SG"
"AL_US_IVAN","4","IVAN_US_AL_2004",2006-06-01,1.34,"SUS"
"AL_US_SALLY","4","SALLY_US_AL_2020",2006-06-01,1.3,"SUS"
"ALEX","6","ALEX_2010",2006-06-01,1.61,"WG"
"BELICE_RICHARD","3","RICHARD_BELICE_2010",2006-06-01,0.85,"C"
"BELIZE_IRIS","2","IRIS_BELIZE_2001",2006-06-01,0.71,"CA"
"BETA","2","BETA_2005",2006-06-01,0.43,"CA"
"CR_OTTO","2","OTTO_CR_2016",2006-06-01,0.55,"CA"
"CUBA_DENNIS","3","DENNIS_CUBA_2005",2006-06-01,0.86,"C"
"CUBA_GUSTAV","3","GUSTAV_CUBA_2008",2006-06-01,0.75,"C"
"CUBA_IAN","3","IAN_CUBA_2022",2006-06-01,0.74,"C"
"CUBA_MICHELLE","3","MICHELLE_CUBA_2001",2006-06-01,0.86,"C"
"CUBA_PALOMA","3","PALOMA_CUBA_2008",2006-06-01,0.82,"C"
"CUBA_SANDY","3","SANDY_CUBA_2012",2006-06-01,0.75,"C"
"DEAN_QROO_MX","5","DEAN_QROO_MX_2007",2006-06-01,0.85,"SG"
"FL_US_CHARLEY","1","CHARLEY_2004",2006-06-01,1.11,"FP"
"FL_US_FRANCES","1","FRANCES_US_FL_2004",2006-06-01,1.05,"FP"
"FL_US_IAN","1","IAN_US_FL_2022",2006-06-01,1.11,"FP"
"FL_US_IRMA","1","IRMA_US_FL_2017",2006-06-01,1.1,"FP"
"FL_US_JEANNE","1","JEANNE_US_FL_2004",2006-06-01,1.05,"FP"
"FL_US_MICHAEL","4","MICHAEL_US_FL_2018",2006-06-01,1.25,"SUS"
"FL_US_WILMA","1","WILMA_US_FL_2005",2006-06-01,1.04,"FP"
"LA_US_GUSTAV","4","GUSTAV_US_LA_2008",2006-06-01,1.16,"SUS"
"LA_US_IDA","4","IDA_US_LA_2009",2006-06-01,1.16,"SUS"
"LA_US_KATRINA","4","KATRINA_US_LA_2005",2006-06-01,1.25,"SUS"
"LA_US_LAURA","4","LAURA_US_LA_2020",2006-06-01,1.21,"SUS"
"LA_US_ZETA","4","ZETA_US_LA_2020",2006-06-01,1.1,"SUS"
"MX_ERNESTO","5","ERNESTO_MX_2012",2006-06-01,0.84,"SG"
"MX_GRACE","3","GRACE_MX_2021",2006-06-01,0.96,"C"
"MX_TAMPS_EMILY","6","EMILY_TAMPS_MX_2005",2006-06-01,1.62,"WG"
"NC_US_ISABEL","4","ISABEL_US_NC_2003",2006-06-01,1.09,"SUS"
"NIC_ETA","2","ETA_NIC_2020",2006-06-01,0.48,"CA"
"NIC_FELIX","2","FELIX_NIC_2007",2006-06-01,0.49,"CA"
"NIC_IOTA","2","IOTA_NIC_2020",2006-06-01,0.49,"CA"
"PR_USA_MARIA","3","MARIA_US_PR_2017",2006-06-01,0.9,"C"
"QROO_WILMA","3","WILMA_QROO_2005",2006-06-01,0.85,"C"
"TX_US_HARVEY","6","HARVEY_US_TX_2017",2006-06-01,1.37,"WG"
"TX_US_IKE","4","IKE_US_TX_2008",2006-06-01,1.18,"SUS"
"TX_US_RITA","4","RITA_US_TX_2005",2006-06-01,1.19,"SUS"
"US_FL_DELTA","4","DELTA_US_LA_2020",2006-06-01,1.25,"SUS"
"US_FL_DENNIS","4","DENNIS_US_FL_2005",2006-06-01,1.36,"SUS"
"VER_MX_KARL","5","KARL_MX_VER_2010",2006-06-01,0.96,"SG"
"YUC_DELTA","5","DELTA_YUCATAN_MX_2020",2006-06-01,0.87,"SG"
"YUC_MX_EMILY","5","EMILY_MX_YUC_2005",2006-06-01,0.95,"SG"
"YUC_MX_ISIDORE","5","ISIDORE_MX_YUC_2002",2006-06-01,1.14,"SG"
"AL_US_IVAN","4","IVAN_US_AL_2004",2006-07-01,1.23,"SUS"
"AL_US_SALLY","4","SALLY_US_AL_2020",2006-07-01,1.2,"SUS"
"ALEX","6","ALEX_2010",2006-07-01,1.51,"WG"
"BELICE_RICHARD","3","RICHARD_BELICE_2010",2006-07-01,0.76,"C"
"BELIZE_IRIS","2","IRIS_BELIZE_2001",2006-07-01,0.62,"CA"
"BETA","2","BETA_2005",2006-07-01,0.29,"CA"
"CR_OTTO","2","OTTO_CR_2016",2006-07-01,0.4,"CA"
"CUBA_DENNIS","3","DENNIS_CUBA_2005",2006-07-01,1,"C"
"CUBA_GUSTAV","3","GUSTAV_CUBA_2008",2006-07-01,0.84,"C"
"CUBA_IAN","3","IAN_CUBA_2022",2006-07-01,0.82,"C"
"CUBA_MICHELLE","3","MICHELLE_CUBA_2001",2006-07-01,0.98,"C"
"CUBA_PALOMA","3","PALOMA_CUBA_2008",2006-07-01,0.97,"C"
"CUBA_SANDY","3","SANDY_CUBA_2012",2006-07-01,0.84,"C"
"DEAN_QROO_MX","5","DEAN_QROO_MX_2007",2006-07-01,0.86,"SG"
"FL_US_CHARLEY","1","CHARLEY_2004",2006-07-01,1.12,"FP"
"FL_US_FRANCES","1","FRANCES_US_FL_2004",2006-07-01,1.06,"FP"
"FL_US_IAN","1","IAN_US_FL_2022",2006-07-01,1.13,"FP"
"FL_US_IRMA","1","IRMA_US_FL_2017",2006-07-01,1.13,"FP"
"FL_US_JEANNE","1","JEANNE_US_FL_2004",2006-07-01,1.07,"FP"
"FL_US_MICHAEL","4","MICHAEL_US_FL_2018",2006-07-01,1.22,"SUS"
"FL_US_WILMA","1","WILMA_US_FL_2005",2006-07-01,1.08,"FP"
"LA_US_GUSTAV","4","GUSTAV_US_LA_2008",2006-07-01,1.07,"SUS"
"LA_US_IDA","4","IDA_US_LA_2009",2006-07-01,1.05,"SUS"
"LA_US_KATRINA","4","KATRINA_US_LA_2005",2006-07-01,1.1,"SUS"
"LA_US_LAURA","4","LAURA_US_LA_2020",2006-07-01,1.14,"SUS"
"LA_US_ZETA","4","ZETA_US_LA_2020",2006-07-01,1.04,"SUS"
"MX_ERNESTO","5","ERNESTO_MX_2012",2006-07-01,0.85,"SG"
"MX_GRACE","3","GRACE_MX_2021",2006-07-01,0.83,"C"
"MX_TAMPS_EMILY","6","EMILY_TAMPS_MX_2005",2006-07-01,1.58,"WG"
"NC_US_ISABEL","4","ISABEL_US_NC_2003",2006-07-01,1.13,"SUS"
"NIC_ETA","2","ETA_NIC_2020",2006-07-01,0.45,"CA"
"NIC_FELIX","2","FELIX_NIC_2007",2006-07-01,0.42,"CA"
"NIC_IOTA","2","IOTA_NIC_2020",2006-07-01,0.46,"CA"
"PR_USA_MARIA","3","MARIA_US_PR_2017",2006-07-01,0.9,"C"
"QROO_WILMA","3","WILMA_QROO_2005",2006-07-01,0.87,"C"
"TX_US_HARVEY","6","HARVEY_US_TX_2017",2006-07-01,1.39,"WG"
"TX_US_IKE","4","IKE_US_TX_2008",2006-07-01,1.26,"SUS"
"TX_US_RITA","4","RITA_US_TX_2005",2006-07-01,1.15,"SUS"
"US_FL_DELTA","4","DELTA_US_LA_2020",2006-07-01,1.14,"SUS"
"US_FL_DENNIS","4","DENNIS_US_FL_2005",2006-07-01,1.23,"SUS"
"VER_MX_KARL","5","KARL_MX_VER_2010",2006-07-01,0.83,"SG"
"YUC_DELTA","5","DELTA_YUCATAN_MX_2020",2006-07-01,0.87,"SG"
"YUC_MX_EMILY","5","EMILY_MX_YUC_2005",2006-07-01,0.94,"SG"
"YUC_MX_ISIDORE","5","ISIDORE_MX_YUC_2002",2006-07-01,0.99,"SG"
"AL_US_IVAN","4","IVAN_US_AL_2004",2006-08-01,1.25,"SUS"
"AL_US_SALLY","4","SALLY_US_AL_2020",2006-08-01,1.16,"SUS"
"ALEX","6","ALEX_2010",2006-08-01,1.56,"WG"
"BELICE_RICHARD","3","RICHARD_BELICE_2010",2006-08-01,0.75,"C"
"BELIZE_IRIS","2","IRIS_BELIZE_2001",2006-08-01,0.61,"CA"
"BETA","2","BETA_2005",2006-08-01,0.32,"CA"
"CR_OTTO","2","OTTO_CR_2016",2006-08-01,0.44,"CA"
"CUBA_DENNIS","3","DENNIS_CUBA_2005",2006-08-01,1.01,"C"
"CUBA_GUSTAV","3","GUSTAV_CUBA_2008",2006-08-01,0.83,"C"
"CUBA_IAN","3","IAN_CUBA_2022",2006-08-01,0.82,"C"
"CUBA_MICHELLE","3","MICHELLE_CUBA_2001",2006-08-01,0.98,"C"
"CUBA_PALOMA","3","PALOMA_CUBA_2008",2006-08-01,1,"C"
"CUBA_SANDY","3","SANDY_CUBA_2012",2006-08-01,0.9,"C"
"DEAN_QROO_MX","5","DEAN_QROO_MX_2007",2006-08-01,0.85,"SG"
"FL_US_CHARLEY","1","CHARLEY_2004",2006-08-01,1.13,"FP"
"FL_US_FRANCES","1","FRANCES_US_FL_2004",2006-08-01,1.08,"FP"
"FL_US_IAN","1","IAN_US_FL_2022",2006-08-01,1.13,"FP"
"FL_US_IRMA","1","IRMA_US_FL_2017",2006-08-01,1.11,"FP"
"FL_US_JEANNE","1","JEANNE_US_FL_2004",2006-08-01,1.08,"FP"
"FL_US_MICHAEL","4","MICHAEL_US_FL_2018",2006-08-01,1.29,"SUS"
"FL_US_WILMA","1","WILMA_US_FL_2005",2006-08-01,1.09,"FP"
"LA_US_GUSTAV","4","GUSTAV_US_LA_2008",2006-08-01,1.09,"SUS"
"LA_US_IDA","4","IDA_US_LA_2009",2006-08-01,1.09,"SUS"
"LA_US_KATRINA","4","KATRINA_US_LA_2005",2006-08-01,1.13,"SUS"
"LA_US_LAURA","4","LAURA_US_LA_2020",2006-08-01,1.32,"SUS"
"LA_US_ZETA","4","ZETA_US_LA_2020",2006-08-01,1.05,"SUS"
"MX_ERNESTO","5","ERNESTO_MX_2012",2006-08-01,0.84,"SG"
"MX_GRACE","3","GRACE_MX_2021",2006-08-01,0.76,"C"
"MX_TAMPS_EMILY","6","EMILY_TAMPS_MX_2005",2006-08-01,1.67,"WG"
"NC_US_ISABEL","4","ISABEL_US_NC_2003",2006-08-01,1.39,"SUS"
"NIC_ETA","2","ETA_NIC_2020",2006-08-01,0.45,"CA"
"NIC_FELIX","2","FELIX_NIC_2007",2006-08-01,0.46,"CA"
"NIC_IOTA","2","IOTA_NIC_2020",2006-08-01,0.47,"CA"
"PR_USA_MARIA","3","MARIA_US_PR_2017",2006-08-01,0.86,"C"
"QROO_WILMA","3","WILMA_QROO_2005",2006-08-01,0.86,"C"
"TX_US_HARVEY","6","HARVEY_US_TX_2017",2006-08-01,1.61,"WG"
"TX_US_IKE","4","IKE_US_TX_2008",2006-08-01,1.48,"SUS"
"TX_US_RITA","4","RITA_US_TX_2005",2006-08-01,1.35,"SUS"
"US_FL_DELTA","4","DELTA_US_LA_2020",2006-08-01,1.28,"SUS"
"US_FL_DENNIS","4","DENNIS_US_FL_2005",2006-08-01,1.27,"SUS"
"VER_MX_KARL","5","KARL_MX_VER_2010",2006-08-01,0.79,"SG"
"YUC_DELTA","5","DELTA_YUCATAN_MX_2020",2006-08-01,0.86,"SG"
"YUC_MX_EMILY","5","EMILY_MX_YUC_2005",2006-08-01,0.93,"SG"
"YUC_MX_ISIDORE","5","ISIDORE_MX_YUC_2002",2006-08-01,0.96,"SG"
"AL_US_IVAN","4","IVAN_US_AL_2004",2006-09-01,1.05,"SUS"
"AL_US_SALLY","4","SALLY_US_AL_2020",2006-09-01,1.01,"SUS"
"ALEX","6","ALEX_2010",2006-09-01,1.34,"WG"
"BELICE_RICHARD","3","RICHARD_BELICE_2010",2006-09-01,0.79,"C"
"BELIZE_IRIS","2","IRIS_BELIZE_2001",2006-09-01,0.63,"CA"
"BETA","2","BETA_2005",2006-09-01,0.33,"CA"
"CR_OTTO","2","OTTO_CR_2016",2006-09-01,0.44,"CA"
"CUBA_DENNIS","3","DENNIS_CUBA_2005",2006-09-01,0.87,"C"
"CUBA_GUSTAV","3","GUSTAV_CUBA_2008",2006-09-01,0.75,"C"
"CUBA_IAN","3","IAN_CUBA_2022",2006-09-01,0.73,"C"
"CUBA_MICHELLE","3","MICHELLE_CUBA_2001",2006-09-01,0.86,"C"
"CUBA_PALOMA","3","PALOMA_CUBA_2008",2006-09-01,0.83,"C"
"CUBA_SANDY","3","SANDY_CUBA_2012",2006-09-01,0.75,"C"
"DEAN_QROO_MX","5","DEAN_QROO_MX_2007",2006-09-01,0.86,"SG"
"FL_US_CHARLEY","1","CHARLEY_2004",2006-09-01,1.06,"FP"
"FL_US_FRANCES","1","FRANCES_US_FL_2004",2006-09-01,1.04,"FP"
"FL_US_IAN","1","IAN_US_FL_2022",2006-09-01,1.07,"FP"
"FL_US_IRMA","1","IRMA_US_FL_2017",2006-09-01,1.09,"FP"
"FL_US_JEANNE","1","JEANNE_US_FL_2004",2006-09-01,1.05,"FP"
"FL_US_MICHAEL","4","MICHAEL_US_FL_2018",2006-09-01,1.04,"SUS"
"FL_US_WILMA","1","WILMA_US_FL_2005",2006-09-01,1.08,"FP"
"LA_US_GUSTAV","4","GUSTAV_US_LA_2008",2006-09-01,1.01,"SUS"
"LA_US_IDA","4","IDA_US_LA_2009",2006-09-01,1.03,"SUS"
"LA_US_KATRINA","4","KATRINA_US_LA_2005",2006-09-01,1.05,"SUS"
"LA_US_LAURA","4","LAURA_US_LA_2020",2006-09-01,1.16,"SUS"
"LA_US_ZETA","4","ZETA_US_LA_2020",2006-09-01,0.99,"SUS"
"MX_ERNESTO","5","ERNESTO_MX_2012",2006-09-01,0.85,"SG"
"MX_GRACE","3","GRACE_MX_2021",2006-09-01,0.75,"C"
"MX_TAMPS_EMILY","6","EMILY_TAMPS_MX_2005",2006-09-01,1.36,"WG"
"NC_US_ISABEL","4","ISABEL_US_NC_2003",2006-09-01,0.81,"SUS"
"NIC_ETA","2","ETA_NIC_2020",2006-09-01,0.57,"CA"
"NIC_FELIX","2","FELIX_NIC_2007",2006-09-01,0.62,"CA"
"NIC_IOTA","2","IOTA_NIC_2020",2006-09-01,0.56,"CA"
"PR_USA_MARIA","3","MARIA_US_PR_2017",2006-09-01,0.82,"C"
"QROO_WILMA","3","WILMA_QROO_2005",2006-09-01,0.75,"C"
"TX_US_HARVEY","6","HARVEY_US_TX_2017",2006-09-01,1.34,"WG"
"TX_US_IKE","4","IKE_US_TX_2008",2006-09-01,1.21,"SUS"
"TX_US_RITA","4","RITA_US_TX_2005",2006-09-01,1.17,"SUS"
"US_FL_DELTA","4","DELTA_US_LA_2020",2006-09-01,1.16,"SUS"
"US_FL_DENNIS","4","DENNIS_US_FL_2005",2006-09-01,1.06,"SUS"
"VER_MX_KARL","5","KARL_MX_VER_2010",2006-09-01,0.86,"SG"
"YUC_DELTA","5","DELTA_YUCATAN_MX_2020",2006-09-01,0.77,"SG"
"YUC_MX_EMILY","5","EMILY_MX_YUC_2005",2006-09-01,0.87,"SG"
"YUC_MX_ISIDORE","5","ISIDORE_MX_YUC_2002",2006-09-01,0.95,"SG"
"AL_US_IVAN","4","IVAN_US_AL_2004",2006-10-01,0.95,"SUS"
"AL_US_SALLY","4","SALLY_US_AL_2020",2006-10-01,0.92,"SUS"
"ALEX","6","ALEX_2010",2006-10-01,0.98,"WG"
"BELICE_RICHARD","3","RICHARD_BELICE_2010",2006-10-01,0.71,"C"
"BELIZE_IRIS","2","IRIS_BELIZE_2001",2006-10-01,0.59,"CA"
"BETA","2","BETA_2005",2006-10-01,0.55,"CA"
"CR_OTTO","2","OTTO_CR_2016",2006-10-01,0.49,"CA"
"CUBA_DENNIS","3","DENNIS_CUBA_2005",2006-10-01,0.83,"C"
"CUBA_GUSTAV","3","GUSTAV_CUBA_2008",2006-10-01,0.73,"C"
"CUBA_IAN","3","IAN_CUBA_2022",2006-10-01,0.71,"C"
"CUBA_MICHELLE","3","MICHELLE_CUBA_2001",2006-10-01,0.81,"C"
"CUBA_PALOMA","3","PALOMA_CUBA_2008",2006-10-01,0.7,"C"
"CUBA_SANDY","3","SANDY_CUBA_2012",2006-10-01,0.54,"C"
"DEAN_QROO_MX","5","DEAN_QROO_MX_2007",2006-10-01,0.77,"SG"
"FL_US_CHARLEY","1","CHARLEY_2004",2006-10-01,1.06,"FP"
"FL_US_FRANCES","1","FRANCES_US_FL_2004",2006-10-01,1.05,"FP"
"FL_US_IAN","1","IAN_US_FL_2022",2006-10-01,1.07,"FP"
"FL_US_IRMA","1","IRMA_US_FL_2017",2006-10-01,1.09,"FP"
"FL_US_JEANNE","1","JEANNE_US_FL_2004",2006-10-01,1.06,"FP"
"FL_US_MICHAEL","4","MICHAEL_US_FL_2018",2006-10-01,0.95,"SUS"
"FL_US_WILMA","1","WILMA_US_FL_2005",2006-10-01,1.06,"FP"
"LA_US_GUSTAV","4","GUSTAV_US_LA_2008",2006-10-01,0.78,"SUS"
"LA_US_IDA","4","IDA_US_LA_2009",2006-10-01,0.78,"SUS"
"LA_US_KATRINA","4","KATRINA_US_LA_2005",2006-10-01,0.84,"SUS"
"LA_US_LAURA","4","LAURA_US_LA_2020",2006-10-01,0.89,"SUS"
"LA_US_ZETA","4","ZETA_US_LA_2020",2006-10-01,0.74,"SUS"
"MX_ERNESTO","5","ERNESTO_MX_2012",2006-10-01,0.76,"SG"
"MX_GRACE","3","GRACE_MX_2021",2006-10-01,0.69,"C"
"MX_TAMPS_EMILY","6","EMILY_TAMPS_MX_2005",2006-10-01,0.97,"WG"
"NC_US_ISABEL","4","ISABEL_US_NC_2003",2006-10-01,0.69,"SUS"
"NIC_ETA","2","ETA_NIC_2020",2006-10-01,0.7,"CA"
"NIC_FELIX","2","FELIX_NIC_2007",2006-10-01,0.71,"CA"
"NIC_IOTA","2","IOTA_NIC_2020",2006-10-01,0.71,"CA"
"PR_USA_MARIA","3","MARIA_US_PR_2017",2006-10-01,0.77,"C"
"QROO_WILMA","3","WILMA_QROO_2005",2006-10-01,0.68,"C"
"TX_US_HARVEY","6","HARVEY_US_TX_2017",2006-10-01,1.06,"WG"
"TX_US_IKE","4","IKE_US_TX_2008",2006-10-01,0.92,"SUS"
"TX_US_RITA","4","RITA_US_TX_2005",2006-10-01,0.88,"SUS"
"US_FL_DELTA","4","DELTA_US_LA_2020",2006-10-01,0.91,"SUS"
"US_FL_DENNIS","4","DENNIS_US_FL_2005",2006-10-01,0.97,"SUS"
"VER_MX_KARL","5","KARL_MX_VER_2010",2006-10-01,0.84,"SG"
"YUC_DELTA","5","DELTA_YUCATAN_MX_2020",2006-10-01,0.69,"SG"
"YUC_MX_EMILY","5","EMILY_MX_YUC_2005",2006-10-01,0.78,"SG"
"YUC_MX_ISIDORE","5","ISIDORE_MX_YUC_2002",2006-10-01,0.83,"SG"
"AL_US_IVAN","4","IVAN_US_AL_2004",2006-11-01,0.61,"SUS"
"AL_US_SALLY","4","SALLY_US_AL_2020",2006-11-01,0.6,"SUS"
"ALEX","6","ALEX_2010",2006-11-01,0.9,"WG"
"BELICE_RICHARD","3","RICHARD_BELICE_2010",2006-11-01,0.56,"C"
"BELIZE_IRIS","2","IRIS_BELIZE_2001",2006-11-01,0.44,"CA"
"BETA","2","BETA_2005",2006-11-01,0.41,"CA"
"CR_OTTO","2","OTTO_CR_2016",2006-11-01,0.43,"CA"
"CUBA_DENNIS","3","DENNIS_CUBA_2005",2006-11-01,0.74,"C"
"CUBA_GUSTAV","3","GUSTAV_CUBA_2008",2006-11-01,0.68,"C"
"CUBA_IAN","3","IAN_CUBA_2022",2006-11-01,0.67,"C"
"CUBA_MICHELLE","3","MICHELLE_CUBA_2001",2006-11-01,0.72,"C"
"CUBA_PALOMA","3","PALOMA_CUBA_2008",2006-11-01,0.66,"C"
"CUBA_SANDY","3","SANDY_CUBA_2012",2006-11-01,0.54,"C"
"DEAN_QROO_MX","5","DEAN_QROO_MX_2007",2006-11-01,0.68,"SG"
"FL_US_CHARLEY","1","CHARLEY_2004",2006-11-01,0.79,"FP"
"FL_US_FRANCES","1","FRANCES_US_FL_2004",2006-11-01,0.76,"FP"
"FL_US_IAN","1","IAN_US_FL_2022",2006-11-01,0.8,"FP"
"FL_US_IRMA","1","IRMA_US_FL_2017",2006-11-01,0.85,"FP"
"FL_US_JEANNE","1","JEANNE_US_FL_2004",2006-11-01,0.77,"FP"
"FL_US_MICHAEL","4","MICHAEL_US_FL_2018",2006-11-01,0.68,"SUS"
"FL_US_WILMA","1","WILMA_US_FL_2005",2006-11-01,0.83,"FP"
"LA_US_GUSTAV","4","GUSTAV_US_LA_2008",2006-11-01,0.63,"SUS"
"LA_US_IDA","4","IDA_US_LA_2009",2006-11-01,0.65,"SUS"
"LA_US_KATRINA","4","KATRINA_US_LA_2005",2006-11-01,0.62,"SUS"
"LA_US_LAURA","4","LAURA_US_LA_2020",2006-11-01,0.66,"SUS"
"LA_US_ZETA","4","ZETA_US_LA_2020",2006-11-01,0.62,"SUS"
"MX_ERNESTO","5","ERNESTO_MX_2012",2006-11-01,0.67,"SG"
"MX_GRACE","3","GRACE_MX_2021",2006-11-01,0.54,"C"
"MX_TAMPS_EMILY","6","EMILY_TAMPS_MX_2005",2006-11-01,0.93,"WG"
"NC_US_ISABEL","4","ISABEL_US_NC_2003",2006-11-01,0.54,"SUS"
"NIC_ETA","2","ETA_NIC_2020",2006-11-01,0.52,"CA"
"NIC_FELIX","2","FELIX_NIC_2007",2006-11-01,0.52,"CA"
"NIC_IOTA","2","IOTA_NIC_2020",2006-11-01,0.53,"CA"
"PR_USA_MARIA","3","MARIA_US_PR_2017",2006-11-01,0.78,"C"
"QROO_WILMA","3","WILMA_QROO_2005",2006-11-01,0.67,"C"
"TX_US_HARVEY","6","HARVEY_US_TX_2017",2006-11-01,0.91,"WG"
"TX_US_IKE","4","IKE_US_TX_2008",2006-11-01,0.7,"SUS"
"TX_US_RITA","4","RITA_US_TX_2005",2006-11-01,0.65,"SUS"
"US_FL_DELTA","4","DELTA_US_LA_2020",2006-11-01,0.66,"SUS"
"US_FL_DENNIS","4","DENNIS_US_FL_2005",2006-11-01,0.58,"SUS"
"VER_MX_KARL","5","KARL_MX_VER_2010",2006-11-01,0.78,"SG"
"YUC_DELTA","5","DELTA_YUCATAN_MX_2020",2006-11-01,0.68,"SG"
"YUC_MX_EMILY","5","EMILY_MX_YUC_2005",2006-11-01,0.76,"SG"
"YUC_MX_ISIDORE","5","ISIDORE_MX_YUC_2002",2006-11-01,0.82,"SG"
"AL_US_IVAN","4","IVAN_US_AL_2004",2006-12-01,0.49,"SUS"
"AL_US_SALLY","4","SALLY_US_AL_2020",2006-12-01,0.46,"SUS"
"ALEX","6","ALEX_2010",2006-12-01,0.62,"WG"
"BELICE_RICHARD","3","RICHARD_BELICE_2010",2006-12-01,0.55,"C"
"BELIZE_IRIS","2","IRIS_BELIZE_2001",2006-12-01,0.45,"CA"
"BETA","2","BETA_2005",2006-12-01,0.42,"CA"
"CR_OTTO","2","OTTO_CR_2016",2006-12-01,0.57,"CA"
"CUBA_DENNIS","3","DENNIS_CUBA_2005",2006-12-01,0.89,"C"
"CUBA_GUSTAV","3","GUSTAV_CUBA_2008",2006-12-01,0.72,"C"
"CUBA_IAN","3","IAN_CUBA_2022",2006-12-01,0.69,"C"
"CUBA_MICHELLE","3","MICHELLE_CUBA_2001",2006-12-01,0.87,"C"
"CUBA_PALOMA","3","PALOMA_CUBA_2008",2006-12-01,0.77,"C"
"CUBA_SANDY","3","SANDY_CUBA_2012",2006-12-01,0.69,"C"
"DEAN_QROO_MX","5","DEAN_QROO_MX_2007",2006-12-01,0.64,"SG"
"FL_US_CHARLEY","1","CHARLEY_2004",2006-12-01,0.71,"FP"
"FL_US_FRANCES","1","FRANCES_US_FL_2004",2006-12-01,0.68,"FP"
"FL_US_IAN","1","IAN_US_FL_2022",2006-12-01,0.72,"FP"
"FL_US_IRMA","1","IRMA_US_FL_2017",2006-12-01,0.79,"FP"
"FL_US_JEANNE","1","JEANNE_US_FL_2004",2006-12-01,0.69,"FP"
"FL_US_MICHAEL","4","MICHAEL_US_FL_2018",2006-12-01,0.51,"SUS"
"FL_US_WILMA","1","WILMA_US_FL_2005",2006-12-01,0.78,"FP"
"LA_US_GUSTAV","4","GUSTAV_US_LA_2008",2006-12-01,0.41,"SUS"
"LA_US_IDA","4","IDA_US_LA_2009",2006-12-01,0.44,"SUS"
"LA_US_KATRINA","4","KATRINA_US_LA_2005",2006-12-01,0.48,"SUS"
"LA_US_LAURA","4","LAURA_US_LA_2020",2006-12-01,0.48,"SUS"
"LA_US_ZETA","4","ZETA_US_LA_2020",2006-12-01,0.41,"SUS"
"MX_ERNESTO","5","ERNESTO_MX_2012",2006-12-01,0.63,"SG"
"MX_GRACE","3","GRACE_MX_2021",2006-12-01,0.41,"C"
"MX_TAMPS_EMILY","6","EMILY_TAMPS_MX_2005",2006-12-01,0.57,"WG"
"NC_US_ISABEL","4","ISABEL_US_NC_2003",2006-12-01,0.61,"SUS"
"NIC_ETA","2","ETA_NIC_2020",2006-12-01,0.49,"CA"
"NIC_FELIX","2","FELIX_NIC_2007",2006-12-01,0.46,"CA"
"NIC_IOTA","2","IOTA_NIC_2020",2006-12-01,0.51,"CA"
"PR_USA_MARIA","3","MARIA_US_PR_2017",2006-12-01,0.75,"C"
"QROO_WILMA","3","WILMA_QROO_2005",2006-12-01,0.68,"C"
"TX_US_HARVEY","6","HARVEY_US_TX_2017",2006-12-01,0.62,"WG"
"TX_US_IKE","4","IKE_US_TX_2008",2006-12-01,0.52,"SUS"
"TX_US_RITA","4","RITA_US_TX_2005",2006-12-01,0.48,"SUS"
"US_FL_DELTA","4","DELTA_US_LA_2020",2006-12-01,0.47,"SUS"
"US_FL_DENNIS","4","DENNIS_US_FL_2005",2006-12-01,0.48,"SUS"
"VER_MX_KARL","5","KARL_MX_VER_2010",2006-12-01,0.74,"SG"
"YUC_DELTA","5","DELTA_YUCATAN_MX_2020",2006-12-01,0.69,"SG"
"YUC_MX_EMILY","5","EMILY_MX_YUC_2005",2006-12-01,0.79,"SG"
"YUC_MX_ISIDORE","5","ISIDORE_MX_YUC_2002",2006-12-01,0.77,"SG"
"AL_US_IVAN","4","IVAN_US_AL_2004",2007-01-01,0.38,"SUS"
"AL_US_SALLY","4","SALLY_US_AL_2020",2007-01-01,0.37,"SUS"
"ALEX","6","ALEX_2010",2007-01-01,0.53,"WG"
"BELICE_RICHARD","3","RICHARD_BELICE_2010",2007-01-01,0.57,"C"
"BELIZE_IRIS","2","IRIS_BELIZE_2001",2007-01-01,0.51,"CA"
"BETA","2","BETA_2005",2007-01-01,0.5,"CA"
"CR_OTTO","2","OTTO_CR_2016",2007-01-01,0.58,"CA"
"CUBA_DENNIS","3","DENNIS_CUBA_2005",2007-01-01,0.88,"C"
"CUBA_GUSTAV","3","GUSTAV_CUBA_2008",2007-01-01,0.79,"C"
"CUBA_IAN","3","IAN_CUBA_2022",2007-01-01,0.77,"C"
"CUBA_MICHELLE","3","MICHELLE_CUBA_2001",2007-01-01,0.85,"C"
"CUBA_PALOMA","3","PALOMA_CUBA_2008",2007-01-01,0.78,"C"
"CUBA_SANDY","3","SANDY_CUBA_2012",2007-01-01,0.68,"C"
"DEAN_QROO_MX","5","DEAN_QROO_MX_2007",2007-01-01,0.72,"SG"
"FL_US_CHARLEY","1","CHARLEY_2004",2007-01-01,0.69,"FP"
"FL_US_FRANCES","1","FRANCES_US_FL_2004",2007-01-01,0.67,"FP"
"FL_US_IAN","1","IAN_US_FL_2022",2007-01-01,0.7,"FP"
"FL_US_IRMA","1","IRMA_US_FL_2017",2007-01-01,0.75,"FP"
"FL_US_JEANNE","1","JEANNE_US_FL_2004",2007-01-01,0.68,"FP"
"FL_US_MICHAEL","4","MICHAEL_US_FL_2018",2007-01-01,0.41,"SUS"
"FL_US_WILMA","1","WILMA_US_FL_2005",2007-01-01,0.74,"FP"
"LA_US_GUSTAV","4","GUSTAV_US_LA_2008",2007-01-01,0.21,"SUS"
"LA_US_IDA","4","IDA_US_LA_2009",2007-01-01,0.24,"SUS"
"LA_US_KATRINA","4","KATRINA_US_LA_2005",2007-01-01,0.32,"SUS"
"LA_US_LAURA","4","LAURA_US_LA_2020",2007-01-01,0.32,"SUS"
"LA_US_ZETA","4","ZETA_US_LA_2020",2007-01-01,0.22,"SUS"
"MX_ERNESTO","5","ERNESTO_MX_2012",2007-01-01,0.71,"SG"
"MX_GRACE","3","GRACE_MX_2021",2007-01-01,0.48,"C"
"MX_TAMPS_EMILY","6","EMILY_TAMPS_MX_2005",2007-01-01,0.39,"WG"
"NC_US_ISABEL","4","ISABEL_US_NC_2003",2007-01-01,0.49,"SUS"
"NIC_ETA","2","ETA_NIC_2020",2007-01-01,0.52,"CA"
"NIC_FELIX","2","FELIX_NIC_2007",2007-01-01,0.47,"CA"
"NIC_IOTA","2","IOTA_NIC_2020",2007-01-01,0.54,"CA"
"PR_USA_MARIA","3","MARIA_US_PR_2017",2007-01-01,0.75,"C"
"QROO_WILMA","3","WILMA_QROO_2005",2007-01-01,0.69,"C"
"TX_US_HARVEY","6","HARVEY_US_TX_2017",2007-01-01,0.38,"WG"
"TX_US_IKE","4","IKE_US_TX_2008",2007-01-01,0.32,"SUS"
"TX_US_RITA","4","RITA_US_TX_2005",2007-01-01,0.33,"SUS"
"US_FL_DELTA","4","DELTA_US_LA_2020",2007-01-01,0.3,"SUS"
"US_FL_DENNIS","4","DENNIS_US_FL_2005",2007-01-01,0.37,"SUS"
"VER_MX_KARL","5","KARL_MX_VER_2010",2007-01-01,0.69,"SG"
"YUC_DELTA","5","DELTA_YUCATAN_MX_2020",2007-01-01,0.71,"SG"
"YUC_MX_EMILY","5","EMILY_MX_YUC_2005",2007-01-01,0.84,"SG"
"YUC_MX_ISIDORE","5","ISIDORE_MX_YUC_2002",2007-01-01,0.85,"SG"
"AL_US_IVAN","4","IVAN_US_AL_2004",2007-02-01,0.59,"SUS"
"AL_US_SALLY","4","SALLY_US_AL_2020",2007-02-01,0.58,"SUS"
"ALEX","6","ALEX_2010",2007-02-01,0.77,"WG"
"BELICE_RICHARD","3","RICHARD_BELICE_2010",2007-02-01,0.71,"C"
"BELIZE_IRIS","2","IRIS_BELIZE_2001",2007-02-01,0.65,"CA"
"BETA","2","BETA_2005",2007-02-01,0.45,"CA"
"CR_OTTO","2","OTTO_CR_2016",2007-02-01,0.51,"CA"
"CUBA_DENNIS","3","DENNIS_CUBA_2005",2007-02-01,0.94,"C"
"CUBA_GUSTAV","3","GUSTAV_CUBA_2008",2007-02-01,0.82,"C"
"CUBA_IAN","3","IAN_CUBA_2022",2007-02-01,0.8,"C"
"CUBA_MICHELLE","3","MICHELLE_CUBA_2001",2007-02-01,0.94,"C"
"CUBA_PALOMA","3","PALOMA_CUBA_2008",2007-02-01,0.89,"C"
"CUBA_SANDY","3","SANDY_CUBA_2012",2007-02-01,0.75,"C"
"DEAN_QROO_MX","5","DEAN_QROO_MX_2007",2007-02-01,0.89,"SG"
"FL_US_CHARLEY","1","CHARLEY_2004",2007-02-01,0.72,"FP"
"FL_US_FRANCES","1","FRANCES_US_FL_2004",2007-02-01,0.72,"FP"
"FL_US_IAN","1","IAN_US_FL_2022",2007-02-01,0.73,"FP"
"FL_US_IRMA","1","IRMA_US_FL_2017",2007-02-01,0.72,"FP"
"FL_US_JEANNE","1","JEANNE_US_FL_2004",2007-02-01,0.73,"FP"
"FL_US_MICHAEL","4","MICHAEL_US_FL_2018",2007-02-01,0.58,"SUS"
"FL_US_WILMA","1","WILMA_US_FL_2005",2007-02-01,0.72,"FP"
"LA_US_GUSTAV","4","GUSTAV_US_LA_2008",2007-02-01,0.4,"SUS"
"LA_US_IDA","4","IDA_US_LA_2009",2007-02-01,0.43,"SUS"
"LA_US_KATRINA","4","KATRINA_US_LA_2005",2007-02-01,0.5,"SUS"
"LA_US_LAURA","4","LAURA_US_LA_2020",2007-02-01,0.52,"SUS"
"LA_US_ZETA","4","ZETA_US_LA_2020",2007-02-01,0.38,"SUS"
"MX_ERNESTO","5","ERNESTO_MX_2012",2007-02-01,0.88,"SG"
"MX_GRACE","3","GRACE_MX_2021",2007-02-01,0.53,"C"
"MX_TAMPS_EMILY","6","EMILY_TAMPS_MX_2005",2007-02-01,0.68,"WG"
"NC_US_ISABEL","4","ISABEL_US_NC_2003",2007-02-01,0.46,"SUS"
"NIC_ETA","2","ETA_NIC_2020",2007-02-01,0.59,"CA"
"NIC_FELIX","2","FELIX_NIC_2007",2007-02-01,0.54,"CA"
"NIC_IOTA","2","IOTA_NIC_2020",2007-02-01,0.6,"CA"
"PR_USA_MARIA","3","MARIA_US_PR_2017",2007-02-01,0.8,"C"
"QROO_WILMA","3","WILMA_QROO_2005",2007-02-01,0.72,"C"
"TX_US_HARVEY","6","HARVEY_US_TX_2017",2007-02-01,0.61,"WG"
"TX_US_IKE","4","IKE_US_TX_2008",2007-02-01,0.52,"SUS"
"TX_US_RITA","4","RITA_US_TX_2005",2007-02-01,0.52,"SUS"
"US_FL_DELTA","4","DELTA_US_LA_2020",2007-02-01,0.51,"SUS"
"US_FL_DENNIS","4","DENNIS_US_FL_2005",2007-02-01,0.59,"SUS"
"VER_MX_KARL","5","KARL_MX_VER_2010",2007-02-01,0.82,"SG"
"YUC_DELTA","5","DELTA_YUCATAN_MX_2020",2007-02-01,0.77,"SG"
"YUC_MX_EMILY","5","EMILY_MX_YUC_2005",2007-02-01,0.94,"SG"
"YUC_MX_ISIDORE","5","ISIDORE_MX_YUC_2002",2007-02-01,1.09,"SG"
"AL_US_IVAN","4","IVAN_US_AL_2004",2007-03-01,0.88,"SUS"
"AL_US_SALLY","4","SALLY_US_AL_2020",2007-03-01,0.87,"SUS"
"ALEX","6","ALEX_2010",2007-03-01,1.02,"WG"
"BELICE_RICHARD","3","RICHARD_BELICE_2010",2007-03-01,0.86,"C"
"BELIZE_IRIS","2","IRIS_BELIZE_2001",2007-03-01,0.76,"CA"
"BETA","2","BETA_2005",2007-03-01,0.7,"CA"
"CR_OTTO","2","OTTO_CR_2016",2007-03-01,0.72,"CA"
"CUBA_DENNIS","3","DENNIS_CUBA_2005",2007-03-01,1.04,"C"
"CUBA_GUSTAV","3","GUSTAV_CUBA_2008",2007-03-01,0.86,"C"
"CUBA_IAN","3","IAN_CUBA_2022",2007-03-01,0.84,"C"
"CUBA_MICHELLE","3","MICHELLE_CUBA_2001",2007-03-01,1.06,"C"
"CUBA_PALOMA","3","PALOMA_CUBA_2008",2007-03-01,1.04,"C"
"CUBA_SANDY","3","SANDY_CUBA_2012",2007-03-01,0.9,"C"
"DEAN_QROO_MX","5","DEAN_QROO_MX_2007",2007-03-01,1.04,"SG"
"FL_US_CHARLEY","1","CHARLEY_2004",2007-03-01,0.97,"FP"
"FL_US_FRANCES","1","FRANCES_US_FL_2004",2007-03-01,0.94,"FP"
"FL_US_IAN","1","IAN_US_FL_2022",2007-03-01,0.97,"FP"
"FL_US_IRMA","1","IRMA_US_FL_2017",2007-03-01,0.95,"FP"
"FL_US_JEANNE","1","JEANNE_US_FL_2004",2007-03-01,0.94,"FP"
"FL_US_MICHAEL","4","MICHAEL_US_FL_2018",2007-03-01,0.88,"SUS"
"FL_US_WILMA","1","WILMA_US_FL_2005",2007-03-01,0.95,"FP"
"LA_US_GUSTAV","4","GUSTAV_US_LA_2008",2007-03-01,0.69,"SUS"
"LA_US_IDA","4","IDA_US_LA_2009",2007-03-01,0.7,"SUS"
"LA_US_KATRINA","4","KATRINA_US_LA_2005",2007-03-01,0.79,"SUS"
"LA_US_LAURA","4","LAURA_US_LA_2020",2007-03-01,0.76,"SUS"
"LA_US_ZETA","4","ZETA_US_LA_2020",2007-03-01,0.65,"SUS"
"MX_ERNESTO","5","ERNESTO_MX_2012",2007-03-01,1.04,"SG"
"MX_GRACE","3","GRACE_MX_2021",2007-03-01,0.73,"C"
"MX_TAMPS_EMILY","6","EMILY_TAMPS_MX_2005",2007-03-01,0.89,"WG"
"NC_US_ISABEL","4","ISABEL_US_NC_2003",2007-03-01,0.79,"SUS"
"NIC_ETA","2","ETA_NIC_2020",2007-03-01,0.8,"CA"
"NIC_FELIX","2","FELIX_NIC_2007",2007-03-01,0.74,"CA"
"NIC_IOTA","2","IOTA_NIC_2020",2007-03-01,0.81,"CA"
"PR_USA_MARIA","3","MARIA_US_PR_2017",2007-03-01,0.82,"C"
"QROO_WILMA","3","WILMA_QROO_2005",2007-03-01,0.85,"C"
"TX_US_HARVEY","6","HARVEY_US_TX_2017",2007-03-01,0.79,"WG"
"TX_US_IKE","4","IKE_US_TX_2008",2007-03-01,0.74,"SUS"
"TX_US_RITA","4","RITA_US_TX_2005",2007-03-01,0.75,"SUS"
"US_FL_DELTA","4","DELTA_US_LA_2020",2007-03-01,0.77,"SUS"
"US_FL_DENNIS","4","DENNIS_US_FL_2005",2007-03-01,0.89,"SUS"
"VER_MX_KARL","5","KARL_MX_VER_2010",2007-03-01,1.08,"SG"
"YUC_DELTA","5","DELTA_YUCATAN_MX_2020",2007-03-01,0.9,"SG"
"YUC_MX_EMILY","5","EMILY_MX_YUC_2005",2007-03-01,1.07,"SG"
"YUC_MX_ISIDORE","5","ISIDORE_MX_YUC_2002",2007-03-01,1.34,"SG"
"AL_US_IVAN","4","IVAN_US_AL_2004",2007-04-01,0.81,"SUS"
"AL_US_SALLY","4","SALLY_US_AL_2020",2007-04-01,0.78,"SUS"
"ALEX","6","ALEX_2010",2007-04-01,1.29,"WG"
"BELICE_RICHARD","3","RICHARD_BELICE_2010",2007-04-01,1.02,"C"
"BELIZE_IRIS","2","IRIS_BELIZE_2001",2007-04-01,0.88,"CA"
"BETA","2","BETA_2005",2007-04-01,0.74,"CA"
"CR_OTTO","2","OTTO_CR_2016",2007-04-01,0.74,"CA"
"CUBA_DENNIS","3","DENNIS_CUBA_2005",2007-04-01,1.19,"C"
"CUBA_GUSTAV","3","GUSTAV_CUBA_2008",2007-04-01,1,"C"
"CUBA_IAN","3","IAN_CUBA_2022",2007-04-01,0.99,"C"
"CUBA_MICHELLE","3","MICHELLE_CUBA_2001",2007-04-01,1.2,"C"
"CUBA_PALOMA","3","PALOMA_CUBA_2008",2007-04-01,1.12,"C"
"CUBA_SANDY","3","SANDY_CUBA_2012",2007-04-01,0.95,"C"
"DEAN_QROO_MX","5","DEAN_QROO_MX_2007",2007-04-01,1.13,"SG"
"FL_US_CHARLEY","1","CHARLEY_2004",2007-04-01,1.07,"FP"
"FL_US_FRANCES","1","FRANCES_US_FL_2004",2007-04-01,1.05,"FP"
"FL_US_IAN","1","IAN_US_FL_2022",2007-04-01,1.08,"FP"
"FL_US_IRMA","1","IRMA_US_FL_2017",2007-04-01,1.06,"FP"
"FL_US_JEANNE","1","JEANNE_US_FL_2004",2007-04-01,1.06,"FP"
"FL_US_MICHAEL","4","MICHAEL_US_FL_2018",2007-04-01,0.86,"SUS"
"FL_US_WILMA","1","WILMA_US_FL_2005",2007-04-01,1.08,"FP"
"LA_US_GUSTAV","4","GUSTAV_US_LA_2008",2007-04-01,0.63,"SUS"
"LA_US_IDA","4","IDA_US_LA_2009",2007-04-01,0.61,"SUS"
"LA_US_KATRINA","4","KATRINA_US_LA_2005",2007-04-01,0.69,"SUS"
"LA_US_LAURA","4","LAURA_US_LA_2020",2007-04-01,0.72,"SUS"
"LA_US_ZETA","4","ZETA_US_LA_2020",2007-04-01,0.56,"SUS"
"MX_ERNESTO","5","ERNESTO_MX_2012",2007-04-01,1.12,"SG"
"MX_GRACE","3","GRACE_MX_2021",2007-04-01,0.94,"C"
"MX_TAMPS_EMILY","6","EMILY_TAMPS_MX_2005",2007-04-01,1.16,"WG"
"NC_US_ISABEL","4","ISABEL_US_NC_2003",2007-04-01,0.86,"SUS"
"NIC_ETA","2","ETA_NIC_2020",2007-04-01,0.9,"CA"
"NIC_FELIX","2","FELIX_NIC_2007",2007-04-01,0.85,"CA"
"NIC_IOTA","2","IOTA_NIC_2020",2007-04-01,0.9,"CA"
"PR_USA_MARIA","3","MARIA_US_PR_2017",2007-04-01,0.89,"C"
"QROO_WILMA","3","WILMA_QROO_2005",2007-04-01,1.02,"C"
"TX_US_HARVEY","6","HARVEY_US_TX_2017",2007-04-01,0.77,"WG"
"TX_US_IKE","4","IKE_US_TX_2008",2007-04-01,0.67,"SUS"
"TX_US_RITA","4","RITA_US_TX_2005",2007-04-01,0.69,"SUS"
"US_FL_DELTA","4","DELTA_US_LA_2020",2007-04-01,0.75,"SUS"
"US_FL_DENNIS","4","DENNIS_US_FL_2005",2007-04-01,0.81,"SUS"
"VER_MX_KARL","5","KARL_MX_VER_2010",2007-04-01,1.26,"SG"
"YUC_DELTA","5","DELTA_YUCATAN_MX_2020",2007-04-01,1.07,"SG"
"YUC_MX_EMILY","5","EMILY_MX_YUC_2005",2007-04-01,1.17,"SG"
"YUC_MX_ISIDORE","5","ISIDORE_MX_YUC_2002",2007-04-01,1.54,"SG"
"AL_US_IVAN","4","IVAN_US_AL_2004",2007-05-01,1.1,"SUS"
"AL_US_SALLY","4","SALLY_US_AL_2020",2007-05-01,1.07,"SUS"
"ALEX","6","ALEX_2010",2007-05-01,1.42,"WG"
"BELICE_RICHARD","3","RICHARD_BELICE_2010",2007-05-01,1.02,"C"
"BELIZE_IRIS","2","IRIS_BELIZE_2001",2007-05-01,0.88,"CA"
"BETA","2","BETA_2005",2007-05-01,0.63,"CA"
"CR_OTTO","2","OTTO_CR_2016",2007-05-01,0.66,"CA"
"CUBA_DENNIS","3","DENNIS_CUBA_2005",2007-05-01,0.99,"C"
"CUBA_GUSTAV","3","GUSTAV_CUBA_2008",2007-05-01,0.88,"C"
"CUBA_IAN","3","IAN_CUBA_2022",2007-05-01,0.87,"C"
"CUBA_MICHELLE","3","MICHELLE_CUBA_2001",2007-05-01,0.98,"C"
"CUBA_PALOMA","3","PALOMA_CUBA_2008",2007-05-01,0.95,"C"
"CUBA_SANDY","3","SANDY_CUBA_2012",2007-05-01,0.82,"C"
"DEAN_QROO_MX","5","DEAN_QROO_MX_2007",2007-05-01,1.06,"SG"
"FL_US_CHARLEY","1","CHARLEY_2004",2007-05-01,1.18,"FP"
"FL_US_FRANCES","1","FRANCES_US_FL_2004",2007-05-01,1.08,"FP"
"FL_US_IAN","1","IAN_US_FL_2022",2007-05-01,1.17,"FP"
"FL_US_IRMA","1","IRMA_US_FL_2017",2007-05-01,1.13,"FP"
"FL_US_JEANNE","1","JEANNE_US_FL_2004",2007-05-01,1.08,"FP"
"FL_US_MICHAEL","4","MICHAEL_US_FL_2018",2007-05-01,1.14,"SUS"
"FL_US_WILMA","1","WILMA_US_FL_2005",2007-05-01,1.11,"FP"
"LA_US_GUSTAV","4","GUSTAV_US_LA_2008",2007-05-01,0.91,"SUS"
"LA_US_IDA","4","IDA_US_LA_2009",2007-05-01,0.91,"SUS"
"LA_US_KATRINA","4","KATRINA_US_LA_2005",2007-05-01,0.97,"SUS"
"LA_US_LAURA","4","LAURA_US_LA_2020",2007-05-01,0.96,"SUS"
"LA_US_ZETA","4","ZETA_US_LA_2020",2007-05-01,0.86,"SUS"
"MX_ERNESTO","5","ERNESTO_MX_2012",2007-05-01,1.05,"SG"
"MX_GRACE","3","GRACE_MX_2021",2007-05-01,0.99,"C"
"MX_TAMPS_EMILY","6","EMILY_TAMPS_MX_2005",2007-05-01,1.24,"WG"
"NC_US_ISABEL","4","ISABEL_US_NC_2003",2007-05-01,0.99,"SUS"
"NIC_ETA","2","ETA_NIC_2020",2007-05-01,0.73,"CA"
"NIC_FELIX","2","FELIX_NIC_2007",2007-05-01,0.73,"CA"
"NIC_IOTA","2","IOTA_NIC_2020",2007-05-01,0.73,"CA"
"PR_USA_MARIA","3","MARIA_US_PR_2017",2007-05-01,0.81,"C"
"QROO_WILMA","3","WILMA_QROO_2005",2007-05-01,1.02,"C"
"TX_US_HARVEY","6","HARVEY_US_TX_2017",2007-05-01,0.9,"WG"
"TX_US_IKE","4","IKE_US_TX_2008",2007-05-01,0.85,"SUS"
"TX_US_RITA","4","RITA_US_TX_2005",2007-05-01,0.91,"SUS"
"US_FL_DELTA","4","DELTA_US_LA_2020",2007-05-01,1,"SUS"
"US_FL_DENNIS","4","DENNIS_US_FL_2005",2007-05-01,1.1,"SUS"
"VER_MX_KARL","5","KARL_MX_VER_2010",2007-05-01,1.21,"SG"
"YUC_DELTA","5","DELTA_YUCATAN_MX_2020",2007-05-01,1.06,"SG"
"YUC_MX_EMILY","5","EMILY_MX_YUC_2005",2007-05-01,1.12,"SG"
"YUC_MX_ISIDORE","5","ISIDORE_MX_YUC_2002",2007-05-01,1.51,"SG"
"AL_US_IVAN","4","IVAN_US_AL_2004",2007-06-01,1.39,"SUS"
"AL_US_SALLY","4","SALLY_US_AL_2020",2007-06-01,1.31,"SUS"
"ALEX","6","ALEX_2010",2007-06-01,1.42,"WG"
"BELICE_RICHARD","3","RICHARD_BELICE_2010",2007-06-01,0.88,"C"
"BELIZE_IRIS","2","IRIS_BELIZE_2001",2007-06-01,0.73,"CA"
"BETA","2","BETA_2005",2007-06-01,0.43,"CA"
"CR_OTTO","2","OTTO_CR_2016",2007-06-01,0.54,"CA"
"CUBA_DENNIS","3","DENNIS_CUBA_2005",2007-06-01,0.87,"C"
"CUBA_GUSTAV","3","GUSTAV_CUBA_2008",2007-06-01,0.75,"C"
"CUBA_IAN","3","IAN_CUBA_2022",2007-06-01,0.75,"C"
"CUBA_MICHELLE","3","MICHELLE_CUBA_2001",2007-06-01,0.87,"C"
"CUBA_PALOMA","3","PALOMA_CUBA_2008",2007-06-01,0.83,"C"
"CUBA_SANDY","3","SANDY_CUBA_2012",2007-06-01,0.76,"C"
"DEAN_QROO_MX","5","DEAN_QROO_MX_2007",2007-06-01,0.86,"SG"
"FL_US_CHARLEY","1","CHARLEY_2004",2007-06-01,1.14,"FP"
"FL_US_FRANCES","1","FRANCES_US_FL_2004",2007-06-01,1.07,"FP"
"FL_US_IAN","1","IAN_US_FL_2022",2007-06-01,1.14,"FP"
"FL_US_IRMA","1","IRMA_US_FL_2017",2007-06-01,1.1,"FP"
"FL_US_JEANNE","1","JEANNE_US_FL_2004",2007-06-01,1.07,"FP"
"FL_US_MICHAEL","4","MICHAEL_US_FL_2018",2007-06-01,1.39,"SUS"
"FL_US_WILMA","1","WILMA_US_FL_2005",2007-06-01,1.05,"FP"
"LA_US_GUSTAV","4","GUSTAV_US_LA_2008",2007-06-01,1.06,"SUS"
"LA_US_IDA","4","IDA_US_LA_2009",2007-06-01,1.07,"SUS"
"LA_US_KATRINA","4","KATRINA_US_LA_2005",2007-06-01,1.17,"SUS"
"LA_US_LAURA","4","LAURA_US_LA_2020",2007-06-01,1.06,"SUS"
"LA_US_ZETA","4","ZETA_US_LA_2020",2007-06-01,1.03,"SUS"
"MX_ERNESTO","5","ERNESTO_MX_2012",2007-06-01,0.85,"SG"
"MX_GRACE","3","GRACE_MX_2021",2007-06-01,0.98,"C"
"MX_TAMPS_EMILY","6","EMILY_TAMPS_MX_2005",2007-06-01,1.38,"WG"
"NC_US_ISABEL","4","ISABEL_US_NC_2003",2007-06-01,1.26,"SUS"
"NIC_ETA","2","ETA_NIC_2020",2007-06-01,0.5,"CA"
"NIC_FELIX","2","FELIX_NIC_2007",2007-06-01,0.5,"CA"
"NIC_IOTA","2","IOTA_NIC_2020",2007-06-01,0.51,"CA"
"PR_USA_MARIA","3","MARIA_US_PR_2017",2007-06-01,0.86,"C"
"QROO_WILMA","3","WILMA_QROO_2005",2007-06-01,0.85,"C"
"TX_US_HARVEY","6","HARVEY_US_TX_2017",2007-06-01,1.06,"WG"
"TX_US_IKE","4","IKE_US_TX_2008",2007-06-01,0.97,"SUS"
"TX_US_RITA","4","RITA_US_TX_2005",2007-06-01,1.02,"SUS"
"US_FL_DELTA","4","DELTA_US_LA_2020",2007-06-01,1.12,"SUS"
"US_FL_DENNIS","4","DENNIS_US_FL_2005",2007-06-01,1.43,"SUS"
"VER_MX_KARL","5","KARL_MX_VER_2010",2007-06-01,0.97,"SG"
"YUC_DELTA","5","DELTA_YUCATAN_MX_2020",2007-06-01,0.87,"SG"
"YUC_MX_EMILY","5","EMILY_MX_YUC_2005",2007-06-01,0.95,"SG"
"YUC_MX_ISIDORE","5","ISIDORE_MX_YUC_2002",2007-06-01,1.12,"SG"
"AL_US_IVAN","4","IVAN_US_AL_2004",2007-07-01,1.08,"SUS"
"AL_US_SALLY","4","SALLY_US_AL_2020",2007-07-01,0.99,"SUS"
"ALEX","6","ALEX_2010",2007-07-01,1.33,"WG"
"BELICE_RICHARD","3","RICHARD_BELICE_2010",2007-07-01,0.78,"C"
"BELIZE_IRIS","2","IRIS_BELIZE_2001",2007-07-01,0.64,"CA"
"BETA","2","BETA_2005",2007-07-01,0.25,"CA"
"CR_OTTO","2","OTTO_CR_2016",2007-07-01,0.39,"CA"
"CUBA_DENNIS","3","DENNIS_CUBA_2005",2007-07-01,1.03,"C"
"CUBA_GUSTAV","3","GUSTAV_CUBA_2008",2007-07-01,0.9,"C"
"CUBA_IAN","3","IAN_CUBA_2022",2007-07-01,0.87,"C"
"CUBA_MICHELLE","3","MICHELLE_CUBA_2001",2007-07-01,1.01,"C"
"CUBA_PALOMA","3","PALOMA_CUBA_2008",2007-07-01,1.01,"C"
"CUBA_SANDY","3","SANDY_CUBA_2012",2007-07-01,0.9,"C"
"DEAN_QROO_MX","5","DEAN_QROO_MX_2007",2007-07-01,0.92,"SG"
"FL_US_CHARLEY","1","CHARLEY_2004",2007-07-01,1.18,"FP"
"FL_US_FRANCES","1","FRANCES_US_FL_2004",2007-07-01,1.15,"FP"
"FL_US_IAN","1","IAN_US_FL_2022",2007-07-01,1.19,"FP"
"FL_US_IRMA","1","IRMA_US_FL_2017",2007-07-01,1.2,"FP"
"FL_US_JEANNE","1","JEANNE_US_FL_2004",2007-07-01,1.16,"FP"
"FL_US_MICHAEL","4","MICHAEL_US_FL_2018",2007-07-01,1.15,"SUS"
"FL_US_WILMA","1","WILMA_US_FL_2005",2007-07-01,1.16,"FP"
"LA_US_GUSTAV","4","GUSTAV_US_LA_2008",2007-07-01,0.91,"SUS"
"LA_US_IDA","4","IDA_US_LA_2009",2007-07-01,0.89,"SUS"
"LA_US_KATRINA","4","KATRINA_US_LA_2005",2007-07-01,0.91,"SUS"
"LA_US_LAURA","4","LAURA_US_LA_2020",2007-07-01,0.93,"SUS"
"LA_US_ZETA","4","ZETA_US_LA_2020",2007-07-01,0.87,"SUS"
"MX_ERNESTO","5","ERNESTO_MX_2012",2007-07-01,0.91,"SG"
"MX_GRACE","3","GRACE_MX_2021",2007-07-01,0.71,"C"
"MX_TAMPS_EMILY","6","EMILY_TAMPS_MX_2005",2007-07-01,1.3,"WG"
"NC_US_ISABEL","4","ISABEL_US_NC_2003",2007-07-01,1.35,"SUS"
"NIC_ETA","2","ETA_NIC_2020",2007-07-01,0.44,"CA"
"NIC_FELIX","2","FELIX_NIC_2007",2007-07-01,0.42,"CA"
"NIC_IOTA","2","IOTA_NIC_2020",2007-07-01,0.46,"CA"
"PR_USA_MARIA","3","MARIA_US_PR_2017",2007-07-01,0.86,"C"
"QROO_WILMA","3","WILMA_QROO_2005",2007-07-01,0.9,"C"
"TX_US_HARVEY","6","HARVEY_US_TX_2017",2007-07-01,1.02,"WG"
"TX_US_IKE","4","IKE_US_TX_2008",2007-07-01,0.97,"SUS"
"TX_US_RITA","4","RITA_US_TX_2005",2007-07-01,0.94,"SUS"
"US_FL_DELTA","4","DELTA_US_LA_2020",2007-07-01,0.97,"SUS"
"US_FL_DENNIS","4","DENNIS_US_FL_2005",2007-07-01,1.11,"SUS"
"VER_MX_KARL","5","KARL_MX_VER_2010",2007-07-01,0.76,"SG"
"YUC_DELTA","5","DELTA_YUCATAN_MX_2020",2007-07-01,0.9,"SG"
"YUC_MX_EMILY","5","EMILY_MX_YUC_2005",2007-07-01,0.99,"SG"
"YUC_MX_ISIDORE","5","ISIDORE_MX_YUC_2002",2007-07-01,1.02,"SG"
"AL_US_IVAN","4","IVAN_US_AL_2004",2007-08-01,1.39,"SUS"
"AL_US_SALLY","4","SALLY_US_AL_2020",2007-08-01,1.28,"SUS"
"ALEX","6","ALEX_2010",2007-08-01,1.53,"WG"
"BELICE_RICHARD","3","RICHARD_BELICE_2010",2007-08-01,0.76,"C"
"BELIZE_IRIS","2","IRIS_BELIZE_2001",2007-08-01,0.6,"CA"
"BETA","2","BETA_2005",2007-08-01,0.33,"CA"
"CR_OTTO","2","OTTO_CR_2016",2007-08-01,0.44,"CA"
"CUBA_DENNIS","3","DENNIS_CUBA_2005",2007-08-01,1.02,"C"
"CUBA_GUSTAV","3","GUSTAV_CUBA_2008",2007-08-01,0.86,"C"
"CUBA_IAN","3","IAN_CUBA_2022",2007-08-01,0.83,"C"
"CUBA_MICHELLE","3","MICHELLE_CUBA_2001",2007-08-01,0.99,"C"
"CUBA_PALOMA","3","PALOMA_CUBA_2008",2007-08-01,1,"C"
"CUBA_SANDY","3","SANDY_CUBA_2012",2007-08-01,0.96,"C"
"DEAN_QROO_MX","5","DEAN_QROO_MX_2007",2007-08-01,0.87,"SG"
"FL_US_CHARLEY","1","CHARLEY_2004",2007-08-01,1.18,"FP"
"FL_US_FRANCES","1","FRANCES_US_FL_2004",2007-08-01,1.13,"FP"
"FL_US_IAN","1","IAN_US_FL_2022",2007-08-01,1.18,"FP"
"FL_US_IRMA","1","IRMA_US_FL_2017",2007-08-01,1.15,"FP"
"FL_US_JEANNE","1","JEANNE_US_FL_2004",2007-08-01,1.14,"FP"
"FL_US_MICHAEL","4","MICHAEL_US_FL_2018",2007-08-01,1.39,"SUS"
"FL_US_WILMA","1","WILMA_US_FL_2005",2007-08-01,1.13,"FP"
"LA_US_GUSTAV","4","GUSTAV_US_LA_2008",2007-08-01,1.16,"SUS"
"LA_US_IDA","4","IDA_US_LA_2009",2007-08-01,1.18,"SUS"
"LA_US_KATRINA","4","KATRINA_US_LA_2005",2007-08-01,1.23,"SUS"
"LA_US_LAURA","4","LAURA_US_LA_2020",2007-08-01,1.22,"SUS"
"LA_US_ZETA","4","ZETA_US_LA_2020",2007-08-01,1.14,"SUS"
"MX_ERNESTO","5","ERNESTO_MX_2012",2007-08-01,0.86,"SG"
"MX_GRACE","3","GRACE_MX_2021",2007-08-01,0.78,"C"
"MX_TAMPS_EMILY","6","EMILY_TAMPS_MX_2005",2007-08-01,1.58,"WG"
"NC_US_ISABEL","4","ISABEL_US_NC_2003",2007-08-01,1.32,"SUS"
"NIC_ETA","2","ETA_NIC_2020",2007-08-01,0.45,"CA"
"NIC_FELIX","2","FELIX_NIC_2007",2007-08-01,0.46,"CA"
"NIC_IOTA","2","IOTA_NIC_2020",2007-08-01,0.46,"CA"
"PR_USA_MARIA","3","MARIA_US_PR_2017",2007-08-01,0.83,"C"
"QROO_WILMA","3","WILMA_QROO_2005",2007-08-01,0.86,"C"
"TX_US_HARVEY","6","HARVEY_US_TX_2017",2007-08-01,1.31,"WG"
"TX_US_IKE","4","IKE_US_TX_2008",2007-08-01,1.26,"SUS"
"TX_US_RITA","4","RITA_US_TX_2005",2007-08-01,1.24,"SUS"
"US_FL_DELTA","4","DELTA_US_LA_2020",2007-08-01,1.25,"SUS"
"US_FL_DENNIS","4","DENNIS_US_FL_2005",2007-08-01,1.42,"SUS"
"VER_MX_KARL","5","KARL_MX_VER_2010",2007-08-01,0.85,"SG"
"YUC_DELTA","5","DELTA_YUCATAN_MX_2020",2007-08-01,0.87,"SG"
"YUC_MX_EMILY","5","EMILY_MX_YUC_2005",2007-08-01,0.95,"SG"
"YUC_MX_ISIDORE","5","ISIDORE_MX_YUC_2002",2007-08-01,0.96,"SG"
"AL_US_IVAN","4","IVAN_US_AL_2004",2007-09-01,1.19,"SUS"
"AL_US_SALLY","4","SALLY_US_AL_2020",2007-09-01,1.07,"SUS"
"ALEX","6","ALEX_2010",2007-09-01,1.17,"WG"
"BELICE_RICHARD","3","RICHARD_BELICE_2010",2007-09-01,0.71,"C"
"BELIZE_IRIS","2","IRIS_BELIZE_2001",2007-09-01,0.56,"CA"
"BETA","2","BETA_2005",2007-09-01,0.37,"CA"
"CR_OTTO","2","OTTO_CR_2016",2007-09-01,0.47,"CA"
"CUBA_DENNIS","3","DENNIS_CUBA_2005",2007-09-01,0.91,"C"
"CUBA_GUSTAV","3","GUSTAV_CUBA_2008",2007-09-01,0.75,"C"
"CUBA_IAN","3","IAN_CUBA_2022",2007-09-01,0.73,"C"
"CUBA_MICHELLE","3","MICHELLE_CUBA_2001",2007-09-01,0.88,"C"
"CUBA_PALOMA","3","PALOMA_CUBA_2008",2007-09-01,0.86,"C"
"CUBA_SANDY","3","SANDY_CUBA_2012",2007-09-01,0.79,"C"
"DEAN_QROO_MX","5","DEAN_QROO_MX_2007",2007-09-01,0.8,"SG"
"FL_US_CHARLEY","1","CHARLEY_2004",2007-09-01,1.06,"FP"
"FL_US_FRANCES","1","FRANCES_US_FL_2004",2007-09-01,1.02,"FP"
"FL_US_IAN","1","IAN_US_FL_2022",2007-09-01,1.06,"FP"
"FL_US_IRMA","1","IRMA_US_FL_2017",2007-09-01,1.06,"FP"
"FL_US_JEANNE","1","JEANNE_US_FL_2004",2007-09-01,1.02,"FP"
"FL_US_MICHAEL","4","MICHAEL_US_FL_2018",2007-09-01,1.26,"SUS"
"FL_US_WILMA","1","WILMA_US_FL_2005",2007-09-01,1.05,"FP"
"LA_US_GUSTAV","4","GUSTAV_US_LA_2008",2007-09-01,0.95,"SUS"
"LA_US_IDA","4","IDA_US_LA_2009",2007-09-01,0.96,"SUS"
"LA_US_KATRINA","4","KATRINA_US_LA_2005",2007-09-01,0.98,"SUS"
"LA_US_LAURA","4","LAURA_US_LA_2020",2007-09-01,1.1,"SUS"
"LA_US_ZETA","4","ZETA_US_LA_2020",2007-09-01,0.92,"SUS"
"MX_ERNESTO","5","ERNESTO_MX_2012",2007-09-01,0.79,"SG"
"MX_GRACE","3","GRACE_MX_2021",2007-09-01,0.67,"C"
"MX_TAMPS_EMILY","6","EMILY_TAMPS_MX_2005",2007-09-01,1.22,"WG"
"NC_US_ISABEL","4","ISABEL_US_NC_2003",2007-09-01,1.29,"SUS"
"NIC_ETA","2","ETA_NIC_2020",2007-09-01,0.54,"CA"
"NIC_FELIX","2","FELIX_NIC_2007",2007-09-01,0.57,"CA"
"NIC_IOTA","2","IOTA_NIC_2020",2007-09-01,0.53,"CA"
"PR_USA_MARIA","3","MARIA_US_PR_2017",2007-09-01,0.82,"C"
"QROO_WILMA","3","WILMA_QROO_2005",2007-09-01,0.75,"C"
"TX_US_HARVEY","6","HARVEY_US_TX_2017",2007-09-01,1.25,"WG"
"TX_US_IKE","4","IKE_US_TX_2008",2007-09-01,1.14,"SUS"
"TX_US_RITA","4","RITA_US_TX_2005",2007-09-01,1.11,"SUS"
"US_FL_DELTA","4","DELTA_US_LA_2020",2007-09-01,1.12,"SUS"
"US_FL_DENNIS","4","DENNIS_US_FL_2005",2007-09-01,1.25,"SUS"
"VER_MX_KARL","5","KARL_MX_VER_2010",2007-09-01,0.76,"SG"
"YUC_DELTA","5","DELTA_YUCATAN_MX_2020",2007-09-01,0.76,"SG"
"YUC_MX_EMILY","5","EMILY_MX_YUC_2005",2007-09-01,0.82,"SG"
"YUC_MX_ISIDORE","5","ISIDORE_MX_YUC_2002",2007-09-01,0.9,"SG"
"AL_US_IVAN","4","IVAN_US_AL_2004",2007-10-01,0.82,"SUS"
"AL_US_SALLY","4","SALLY_US_AL_2020",2007-10-01,0.76,"SUS"
"ALEX","6","ALEX_2010",2007-10-01,1.09,"WG"
"BELICE_RICHARD","3","RICHARD_BELICE_2010",2007-10-01,0.66,"C"
"BELIZE_IRIS","2","IRIS_BELIZE_2001",2007-10-01,0.54,"CA"
"BETA","2","BETA_2005",2007-10-01,0.64,"CA"
"CR_OTTO","2","OTTO_CR_2016",2007-10-01,0.57,"CA"
"CUBA_DENNIS","3","DENNIS_CUBA_2005",2007-10-01,0.8,"C"
"CUBA_GUSTAV","3","GUSTAV_CUBA_2008",2007-10-01,0.71,"C"
"CUBA_IAN","3","IAN_CUBA_2022",2007-10-01,0.7,"C"
"CUBA_MICHELLE","3","MICHELLE_CUBA_2001",2007-10-01,0.78,"C"
"CUBA_PALOMA","3","PALOMA_CUBA_2008",2007-10-01,0.73,"C"
"CUBA_SANDY","3","SANDY_CUBA_2012",2007-10-01,0.64,"C"
"DEAN_QROO_MX","5","DEAN_QROO_MX_2007",2007-10-01,0.72,"SG"
"FL_US_CHARLEY","1","CHARLEY_2004",2007-10-01,0.96,"FP"
"FL_US_FRANCES","1","FRANCES_US_FL_2004",2007-10-01,0.93,"FP"
"FL_US_IAN","1","IAN_US_FL_2022",2007-10-01,0.97,"FP"
"FL_US_IRMA","1","IRMA_US_FL_2017",2007-10-01,1.03,"FP"
"FL_US_JEANNE","1","JEANNE_US_FL_2004",2007-10-01,0.94,"FP"
"FL_US_MICHAEL","4","MICHAEL_US_FL_2018",2007-10-01,0.9,"SUS"
"FL_US_WILMA","1","WILMA_US_FL_2005",2007-10-01,1.01,"FP"
"LA_US_GUSTAV","4","GUSTAV_US_LA_2008",2007-10-01,0.74,"SUS"
"LA_US_IDA","4","IDA_US_LA_2009",2007-10-01,0.71,"SUS"
"LA_US_KATRINA","4","KATRINA_US_LA_2005",2007-10-01,0.74,"SUS"
"LA_US_LAURA","4","LAURA_US_LA_2020",2007-10-01,0.93,"SUS"
"LA_US_ZETA","4","ZETA_US_LA_2020",2007-10-01,0.66,"SUS"
"MX_ERNESTO","5","ERNESTO_MX_2012",2007-10-01,0.72,"SG"
"MX_GRACE","3","GRACE_MX_2021",2007-10-01,0.64,"C"
"MX_TAMPS_EMILY","6","EMILY_TAMPS_MX_2005",2007-10-01,1.22,"WG"
"NC_US_ISABEL","4","ISABEL_US_NC_2003",2007-10-01,1.02,"SUS"
"NIC_ETA","2","ETA_NIC_2020",2007-10-01,0.65,"CA"
"NIC_FELIX","2","FELIX_NIC_2007",2007-10-01,0.64,"CA"
"NIC_IOTA","2","IOTA_NIC_2020",2007-10-01,0.67,"CA"
"PR_USA_MARIA","3","MARIA_US_PR_2017",2007-10-01,0.79,"C"
"QROO_WILMA","3","WILMA_QROO_2005",2007-10-01,0.71,"C"
"TX_US_HARVEY","6","HARVEY_US_TX_2017",2007-10-01,1.2,"WG"
"TX_US_IKE","4","IKE_US_TX_2008",2007-10-01,0.96,"SUS"
"TX_US_RITA","4","RITA_US_TX_2005",2007-10-01,0.92,"SUS"
"US_FL_DELTA","4","DELTA_US_LA_2020",2007-10-01,0.94,"SUS"
"US_FL_DENNIS","4","DENNIS_US_FL_2005",2007-10-01,0.83,"SUS"
"VER_MX_KARL","5","KARL_MX_VER_2010",2007-10-01,0.78,"SG"
"YUC_DELTA","5","DELTA_YUCATAN_MX_2020",2007-10-01,0.71,"SG"
"YUC_MX_EMILY","5","EMILY_MX_YUC_2005",2007-10-01,0.77,"SG"
"YUC_MX_ISIDORE","5","ISIDORE_MX_YUC_2002",2007-10-01,0.81,"SG"
"AL_US_IVAN","4","IVAN_US_AL_2004",2007-11-01,0.69,"SUS"
"AL_US_SALLY","4","SALLY_US_AL_2020",2007-11-01,0.7,"SUS"
"ALEX","6","ALEX_2010",2007-11-01,0.84,"WG"
"BELICE_RICHARD","3","RICHARD_BELICE_2010",2007-11-01,0.56,"C"
"BELIZE_IRIS","2","IRIS_BELIZE_2001",2007-11-01,0.45,"CA"
"BETA","2","BETA_2005",2007-11-01,0.46,"CA"
"CR_OTTO","2","OTTO_CR_2016",2007-11-01,0.54,"CA"
"CUBA_DENNIS","3","DENNIS_CUBA_2005",2007-11-01,0.8,"C"
"CUBA_GUSTAV","3","GUSTAV_CUBA_2008",2007-11-01,0.74,"C"
"CUBA_IAN","3","IAN_CUBA_2022",2007-11-01,0.72,"C"
"CUBA_MICHELLE","3","MICHELLE_CUBA_2001",2007-11-01,0.77,"C"
"CUBA_PALOMA","3","PALOMA_CUBA_2008",2007-11-01,0.7,"C"
"CUBA_SANDY","3","SANDY_CUBA_2012",2007-11-01,0.59,"C"
"DEAN_QROO_MX","5","DEAN_QROO_MX_2007",2007-11-01,0.69,"SG"
"FL_US_CHARLEY","1","CHARLEY_2004",2007-11-01,0.83,"FP"
"FL_US_FRANCES","1","FRANCES_US_FL_2004",2007-11-01,0.79,"FP"
"FL_US_IAN","1","IAN_US_FL_2022",2007-11-01,0.84,"FP"
"FL_US_IRMA","1","IRMA_US_FL_2017",2007-11-01,0.88,"FP"
"FL_US_JEANNE","1","JEANNE_US_FL_2004",2007-11-01,0.8,"FP"
"FL_US_MICHAEL","4","MICHAEL_US_FL_2018",2007-11-01,0.69,"SUS"
"FL_US_WILMA","1","WILMA_US_FL_2005",2007-11-01,0.85,"FP"
"LA_US_GUSTAV","4","GUSTAV_US_LA_2008",2007-11-01,0.6,"SUS"
"LA_US_IDA","4","IDA_US_LA_2009",2007-11-01,0.62,"SUS"
"LA_US_KATRINA","4","KATRINA_US_LA_2005",2007-11-01,0.63,"SUS"
"LA_US_LAURA","4","LAURA_US_LA_2020",2007-11-01,0.62,"SUS"
"LA_US_ZETA","4","ZETA_US_LA_2020",2007-11-01,0.6,"SUS"
"MX_ERNESTO","5","ERNESTO_MX_2012",2007-11-01,0.69,"SG"
"MX_GRACE","3","GRACE_MX_2021",2007-11-01,0.57,"C"
"MX_TAMPS_EMILY","6","EMILY_TAMPS_MX_2005",2007-11-01,0.81,"WG"
"NC_US_ISABEL","4","ISABEL_US_NC_2003",2007-11-01,0.6,"SUS"
"NIC_ETA","2","ETA_NIC_2020",2007-11-01,0.5,"CA"
"NIC_FELIX","2","FELIX_NIC_2007",2007-11-01,0.51,"CA"
"NIC_IOTA","2","IOTA_NIC_2020",2007-11-01,0.51,"CA"
"PR_USA_MARIA","3","MARIA_US_PR_2017",2007-11-01,0.75,"C"
"QROO_WILMA","3","WILMA_QROO_2005",2007-11-01,0.69,"C"
"TX_US_HARVEY","6","HARVEY_US_TX_2017",2007-11-01,0.81,"WG"
"TX_US_IKE","4","IKE_US_TX_2008",2007-11-01,0.66,"SUS"
"TX_US_RITA","4","RITA_US_TX_2005",2007-11-01,0.62,"SUS"
"US_FL_DELTA","4","DELTA_US_LA_2020",2007-11-01,0.63,"SUS"
"US_FL_DENNIS","4","DENNIS_US_FL_2005",2007-11-01,0.69,"SUS"
"VER_MX_KARL","5","KARL_MX_VER_2010",2007-11-01,0.82,"SG"
"YUC_DELTA","5","DELTA_YUCATAN_MX_2020",2007-11-01,0.71,"SG"
"YUC_MX_EMILY","5","EMILY_MX_YUC_2005",2007-11-01,0.8,"SG"
"YUC_MX_ISIDORE","5","ISIDORE_MX_YUC_2002",2007-11-01,0.83,"SG"
"AL_US_IVAN","4","IVAN_US_AL_2004",2007-12-01,0.6,"SUS"
"AL_US_SALLY","4","SALLY_US_AL_2020",2007-12-01,0.57,"SUS"
"ALEX","6","ALEX_2010",2007-12-01,0.81,"WG"
"BELICE_RICHARD","3","RICHARD_BELICE_2010",2007-12-01,0.6,"C"
"BELIZE_IRIS","2","IRIS_BELIZE_2001",2007-12-01,0.5,"CA"
"BETA","2","BETA_2005",2007-12-01,0.42,"CA"
"CR_OTTO","2","OTTO_CR_2016",2007-12-01,0.56,"CA"
"CUBA_DENNIS","3","DENNIS_CUBA_2005",2007-12-01,0.95,"C"
"CUBA_GUSTAV","3","GUSTAV_CUBA_2008",2007-12-01,0.82,"C"
"CUBA_IAN","3","IAN_CUBA_2022",2007-12-01,0.79,"C"
"CUBA_MICHELLE","3","MICHELLE_CUBA_2001",2007-12-01,0.91,"C"
"CUBA_PALOMA","3","PALOMA_CUBA_2008",2007-12-01,0.76,"C"
"CUBA_SANDY","3","SANDY_CUBA_2012",2007-12-01,0.67,"C"
"DEAN_QROO_MX","5","DEAN_QROO_MX_2007",2007-12-01,0.7,"SG"
"FL_US_CHARLEY","1","CHARLEY_2004",2007-12-01,0.79,"FP"
"FL_US_FRANCES","1","FRANCES_US_FL_2004",2007-12-01,0.78,"FP"
"FL_US_IAN","1","IAN_US_FL_2022",2007-12-01,0.8,"FP"
"FL_US_IRMA","1","IRMA_US_FL_2017",2007-12-01,0.87,"FP"
"FL_US_JEANNE","1","JEANNE_US_FL_2004",2007-12-01,0.78,"FP"
"FL_US_MICHAEL","4","MICHAEL_US_FL_2018",2007-12-01,0.6,"SUS"
"FL_US_WILMA","1","WILMA_US_FL_2005",2007-12-01,0.85,"FP"
"LA_US_GUSTAV","4","GUSTAV_US_LA_2008",2007-12-01,0.46,"SUS"
"LA_US_IDA","4","IDA_US_LA_2009",2007-12-01,0.5,"SUS"
"LA_US_KATRINA","4","KATRINA_US_LA_2005",2007-12-01,0.54,"SUS"
"LA_US_LAURA","4","LAURA_US_LA_2020",2007-12-01,0.5,"SUS"
"LA_US_ZETA","4","ZETA_US_LA_2020",2007-12-01,0.46,"SUS"
"MX_ERNESTO","5","ERNESTO_MX_2012",2007-12-01,0.69,"SG"
"MX_GRACE","3","GRACE_MX_2021",2007-12-01,0.53,"C"
"MX_TAMPS_EMILY","6","EMILY_TAMPS_MX_2005",2007-12-01,0.79,"WG"
"NC_US_ISABEL","4","ISABEL_US_NC_2003",2007-12-01,0.54,"SUS"
"NIC_ETA","2","ETA_NIC_2020",2007-12-01,0.47,"CA"
"NIC_FELIX","2","FELIX_NIC_2007",2007-12-01,0.45,"CA"
"NIC_IOTA","2","IOTA_NIC_2020",2007-12-01,0.48,"CA"
"PR_USA_MARIA","3","MARIA_US_PR_2017",2007-12-01,0.76,"C"
"QROO_WILMA","3","WILMA_QROO_2005",2007-12-01,0.75,"C"
"TX_US_HARVEY","6","HARVEY_US_TX_2017",2007-12-01,0.73,"WG"
"TX_US_IKE","4","IKE_US_TX_2008",2007-12-01,0.54,"SUS"
"TX_US_RITA","4","RITA_US_TX_2005",2007-12-01,0.51,"SUS"
"US_FL_DELTA","4","DELTA_US_LA_2020",2007-12-01,0.52,"SUS"
"US_FL_DENNIS","4","DENNIS_US_FL_2005",2007-12-01,0.61,"SUS"
"VER_MX_KARL","5","KARL_MX_VER_2010",2007-12-01,0.81,"SG"
"YUC_DELTA","5","DELTA_YUCATAN_MX_2020",2007-12-01,0.77,"SG"
"YUC_MX_EMILY","5","EMILY_MX_YUC_2005",2007-12-01,0.87,"SG"
"YUC_MX_ISIDORE","5","ISIDORE_MX_YUC_2002",2007-12-01,0.84,"SG"
"AL_US_IVAN","4","IVAN_US_AL_2004",2008-01-01,0.38,"SUS"
"AL_US_SALLY","4","SALLY_US_AL_2020",2008-01-01,0.39,"SUS"
"ALEX","6","ALEX_2010",2008-01-01,0.63,"WG"
"BELICE_RICHARD","3","RICHARD_BELICE_2010",2008-01-01,0.62,"C"
"BELIZE_IRIS","2","IRIS_BELIZE_2001",2008-01-01,0.56,"CA"
"BETA","2","BETA_2005",2008-01-01,0.47,"CA"
"CR_OTTO","2","OTTO_CR_2016",2008-01-01,0.6,"CA"
"CUBA_DENNIS","3","DENNIS_CUBA_2005",2008-01-01,0.81,"C"
"CUBA_GUSTAV","3","GUSTAV_CUBA_2008",2008-01-01,0.74,"C"
"CUBA_IAN","3","IAN_CUBA_2022",2008-01-01,0.72,"C"
"CUBA_MICHELLE","3","MICHELLE_CUBA_2001",2008-01-01,0.78,"C"
"CUBA_PALOMA","3","PALOMA_CUBA_2008",2008-01-01,0.71,"C"
"CUBA_SANDY","3","SANDY_CUBA_2012",2008-01-01,0.61,"C"
"DEAN_QROO_MX","5","DEAN_QROO_MX_2007",2008-01-01,0.75,"SG"
"FL_US_CHARLEY","1","CHARLEY_2004",2008-01-01,0.69,"FP"
"FL_US_FRANCES","1","FRANCES_US_FL_2004",2008-01-01,0.68,"FP"
"FL_US_IAN","1","IAN_US_FL_2022",2008-01-01,0.71,"FP"
"FL_US_IRMA","1","IRMA_US_FL_2017",2008-01-01,0.74,"FP"
"FL_US_JEANNE","1","JEANNE_US_FL_2004",2008-01-01,0.69,"FP"
"FL_US_MICHAEL","4","MICHAEL_US_FL_2018",2008-01-01,0.43,"SUS"
"FL_US_WILMA","1","WILMA_US_FL_2005",2008-01-01,0.73,"FP"
"LA_US_GUSTAV","4","GUSTAV_US_LA_2008",2008-01-01,0.27,"SUS"
"LA_US_IDA","4","IDA_US_LA_2009",2008-01-01,0.3,"SUS"
"LA_US_KATRINA","4","KATRINA_US_LA_2005",2008-01-01,0.34,"SUS"
"LA_US_LAURA","4","LAURA_US_LA_2020",2008-01-01,0.38,"SUS"
"LA_US_ZETA","4","ZETA_US_LA_2020",2008-01-01,0.27,"SUS"
"MX_ERNESTO","5","ERNESTO_MX_2012",2008-01-01,0.74,"SG"
"MX_GRACE","3","GRACE_MX_2021",2008-01-01,0.52,"C"
"MX_TAMPS_EMILY","6","EMILY_TAMPS_MX_2005",2008-01-01,0.53,"WG"
"NC_US_ISABEL","4","ISABEL_US_NC_2003",2008-01-01,0.45,"SUS"
"NIC_ETA","2","ETA_NIC_2020",2008-01-01,0.52,"CA"
"NIC_FELIX","2","FELIX_NIC_2007",2008-01-01,0.48,"CA"
"NIC_IOTA","2","IOTA_NIC_2020",2008-01-01,0.53,"CA"
"PR_USA_MARIA","3","MARIA_US_PR_2017",2008-01-01,0.76,"C"
"QROO_WILMA","3","WILMA_QROO_2005",2008-01-01,0.7,"C"
"TX_US_HARVEY","6","HARVEY_US_TX_2017",2008-01-01,0.53,"WG"
"TX_US_IKE","4","IKE_US_TX_2008",2008-01-01,0.42,"SUS"
"TX_US_RITA","4","RITA_US_TX_2005",2008-01-01,0.4,"SUS"
"US_FL_DELTA","4","DELTA_US_LA_2020",2008-01-01,0.36,"SUS"
"US_FL_DENNIS","4","DENNIS_US_FL_2005",2008-01-01,0.38,"SUS"
"VER_MX_KARL","5","KARL_MX_VER_2010",2008-01-01,0.72,"SG"
"YUC_DELTA","5","DELTA_YUCATAN_MX_2020",2008-01-01,0.73,"SG"
"YUC_MX_EMILY","5","EMILY_MX_YUC_2005",2008-01-01,0.86,"SG"
"YUC_MX_ISIDORE","5","ISIDORE_MX_YUC_2002",2008-01-01,0.91,"SG"
"AL_US_IVAN","4","IVAN_US_AL_2004",2008-02-01,0.62,"SUS"
"AL_US_SALLY","4","SALLY_US_AL_2020",2008-02-01,0.62,"SUS"
"ALEX","6","ALEX_2010",2008-02-01,1.06,"WG"
"BELICE_RICHARD","3","RICHARD_BELICE_2010",2008-02-01,0.74,"C"
"BELIZE_IRIS","2","IRIS_BELIZE_2001",2008-02-01,0.67,"CA"
"BETA","2","BETA_2005",2008-02-01,0.57,"CA"
"CR_OTTO","2","OTTO_CR_2016",2008-02-01,0.73,"CA"
"CUBA_DENNIS","3","DENNIS_CUBA_2005",2008-02-01,1.02,"C"
"CUBA_GUSTAV","3","GUSTAV_CUBA_2008",2008-02-01,0.88,"C"
"CUBA_IAN","3","IAN_CUBA_2022",2008-02-01,0.85,"C"
"CUBA_MICHELLE","3","MICHELLE_CUBA_2001",2008-02-01,1,"C"
"CUBA_PALOMA","3","PALOMA_CUBA_2008",2008-02-01,0.88,"C"
"CUBA_SANDY","3","SANDY_CUBA_2012",2008-02-01,0.75,"C"
"DEAN_QROO_MX","5","DEAN_QROO_MX_2007",2008-02-01,0.92,"SG"
"FL_US_CHARLEY","1","CHARLEY_2004",2008-02-01,0.81,"FP"
"FL_US_FRANCES","1","FRANCES_US_FL_2004",2008-02-01,0.81,"FP"
"FL_US_IAN","1","IAN_US_FL_2022",2008-02-01,0.81,"FP"
"FL_US_IRMA","1","IRMA_US_FL_2017",2008-02-01,0.81,"FP"
"FL_US_JEANNE","1","JEANNE_US_FL_2004",2008-02-01,0.82,"FP"
"FL_US_MICHAEL","4","MICHAEL_US_FL_2018",2008-02-01,0.58,"SUS"
"FL_US_WILMA","1","WILMA_US_FL_2005",2008-02-01,0.8,"FP"
"LA_US_GUSTAV","4","GUSTAV_US_LA_2008",2008-02-01,0.49,"SUS"
"LA_US_IDA","4","IDA_US_LA_2009",2008-02-01,0.54,"SUS"
"LA_US_KATRINA","4","KATRINA_US_LA_2005",2008-02-01,0.6,"SUS"
"LA_US_LAURA","4","LAURA_US_LA_2020",2008-02-01,0.62,"SUS"
"LA_US_ZETA","4","ZETA_US_LA_2020",2008-02-01,0.48,"SUS"
"MX_ERNESTO","5","ERNESTO_MX_2012",2008-02-01,0.91,"SG"
"MX_GRACE","3","GRACE_MX_2021",2008-02-01,0.71,"C"
"MX_TAMPS_EMILY","6","EMILY_TAMPS_MX_2005",2008-02-01,0.99,"WG"
"NC_US_ISABEL","4","ISABEL_US_NC_2003",2008-02-01,0.56,"SUS"
"NIC_ETA","2","ETA_NIC_2020",2008-02-01,0.6,"CA"
"NIC_FELIX","2","FELIX_NIC_2007",2008-02-01,0.54,"CA"
"NIC_IOTA","2","IOTA_NIC_2020",2008-02-01,0.61,"CA"
"PR_USA_MARIA","3","MARIA_US_PR_2017",2008-02-01,0.78,"C"
"QROO_WILMA","3","WILMA_QROO_2005",2008-02-01,0.78,"C"
"TX_US_HARVEY","6","HARVEY_US_TX_2017",2008-02-01,0.8,"WG"
"TX_US_IKE","4","IKE_US_TX_2008",2008-02-01,0.63,"SUS"
"TX_US_RITA","4","RITA_US_TX_2005",2008-02-01,0.64,"SUS"
"US_FL_DELTA","4","DELTA_US_LA_2020",2008-02-01,0.62,"SUS"
"US_FL_DENNIS","4","DENNIS_US_FL_2005",2008-02-01,0.62,"SUS"
"VER_MX_KARL","5","KARL_MX_VER_2010",2008-02-01,1,"SG"
"YUC_DELTA","5","DELTA_YUCATAN_MX_2020",2008-02-01,0.82,"SG"
"YUC_MX_EMILY","5","EMILY_MX_YUC_2005",2008-02-01,1,"SG"
"YUC_MX_ISIDORE","5","ISIDORE_MX_YUC_2002",2008-02-01,1.13,"SG"
"AL_US_IVAN","4","IVAN_US_AL_2004",2008-03-01,0.71,"SUS"
"AL_US_SALLY","4","SALLY_US_AL_2020",2008-03-01,0.69,"SUS"
"ALEX","6","ALEX_2010",2008-03-01,1.15,"WG"
"BELICE_RICHARD","3","RICHARD_BELICE_2010",2008-03-01,0.87,"C"
"BELIZE_IRIS","2","IRIS_BELIZE_2001",2008-03-01,0.78,"CA"
"BETA","2","BETA_2005",2008-03-01,0.72,"CA"
"CR_OTTO","2","OTTO_CR_2016",2008-03-01,0.82,"CA"
"CUBA_DENNIS","3","DENNIS_CUBA_2005",2008-03-01,1.07,"C"
"CUBA_GUSTAV","3","GUSTAV_CUBA_2008",2008-03-01,0.91,"C"
"CUBA_IAN","3","IAN_CUBA_2022",2008-03-01,0.88,"C"
"CUBA_MICHELLE","3","MICHELLE_CUBA_2001",2008-03-01,1.07,"C"
"CUBA_PALOMA","3","PALOMA_CUBA_2008",2008-03-01,0.99,"C"
"CUBA_SANDY","3","SANDY_CUBA_2012",2008-03-01,0.87,"C"
"DEAN_QROO_MX","5","DEAN_QROO_MX_2007",2008-03-01,1.03,"SG"
"FL_US_CHARLEY","1","CHARLEY_2004",2008-03-01,0.87,"FP"
"FL_US_FRANCES","1","FRANCES_US_FL_2004",2008-03-01,0.87,"FP"
"FL_US_IAN","1","IAN_US_FL_2022",2008-03-01,0.89,"FP"
"FL_US_IRMA","1","IRMA_US_FL_2017",2008-03-01,0.9,"FP"
"FL_US_JEANNE","1","JEANNE_US_FL_2004",2008-03-01,0.88,"FP"
"FL_US_MICHAEL","4","MICHAEL_US_FL_2018",2008-03-01,0.63,"SUS"
"FL_US_WILMA","1","WILMA_US_FL_2005",2008-03-01,0.91,"FP"
"LA_US_GUSTAV","4","GUSTAV_US_LA_2008",2008-03-01,0.6,"SUS"
"LA_US_IDA","4","IDA_US_LA_2009",2008-03-01,0.61,"SUS"
"LA_US_KATRINA","4","KATRINA_US_LA_2005",2008-03-01,0.68,"SUS"
"LA_US_LAURA","4","LAURA_US_LA_2020",2008-03-01,0.69,"SUS"
"LA_US_ZETA","4","ZETA_US_LA_2020",2008-03-01,0.56,"SUS"
"MX_ERNESTO","5","ERNESTO_MX_2012",2008-03-01,1.02,"SG"
"MX_GRACE","3","GRACE_MX_2021",2008-03-01,0.77,"C"
"MX_TAMPS_EMILY","6","EMILY_TAMPS_MX_2005",2008-03-01,1.08,"WG"
"NC_US_ISABEL","4","ISABEL_US_NC_2003",2008-03-01,0.7,"SUS"
"NIC_ETA","2","ETA_NIC_2020",2008-03-01,0.81,"CA"
"NIC_FELIX","2","FELIX_NIC_2007",2008-03-01,0.75,"CA"
"NIC_IOTA","2","IOTA_NIC_2020",2008-03-01,0.81,"CA"
"PR_USA_MARIA","3","MARIA_US_PR_2017",2008-03-01,0.81,"C"
"QROO_WILMA","3","WILMA_QROO_2005",2008-03-01,0.88,"C"
"TX_US_HARVEY","6","HARVEY_US_TX_2017",2008-03-01,0.89,"WG"
"TX_US_IKE","4","IKE_US_TX_2008",2008-03-01,0.72,"SUS"
"TX_US_RITA","4","RITA_US_TX_2005",2008-03-01,0.7,"SUS"
"US_FL_DELTA","4","DELTA_US_LA_2020",2008-03-01,0.69,"SUS"
"US_FL_DENNIS","4","DENNIS_US_FL_2005",2008-03-01,0.7,"SUS"
"VER_MX_KARL","5","KARL_MX_VER_2010",2008-03-01,1.06,"SG"
"YUC_DELTA","5","DELTA_YUCATAN_MX_2020",2008-03-01,0.93,"SG"
"YUC_MX_EMILY","5","EMILY_MX_YUC_2005",2008-03-01,1.09,"SG"
"YUC_MX_ISIDORE","5","ISIDORE_MX_YUC_2002",2008-03-01,1.35,"SG"
"AL_US_IVAN","4","IVAN_US_AL_2004",2008-04-01,0.84,"SUS"
"AL_US_SALLY","4","SALLY_US_AL_2020",2008-04-01,0.8,"SUS"
"ALEX","6","ALEX_2010",2008-04-01,1.43,"WG"
"BELICE_RICHARD","3","RICHARD_BELICE_2010",2008-04-01,1.06,"C"
"BELIZE_IRIS","2","IRIS_BELIZE_2001",2008-04-01,0.94,"CA"
"BETA","2","BETA_2005",2008-04-01,0.73,"CA"
"CR_OTTO","2","OTTO_CR_2016",2008-04-01,0.77,"CA"
"CUBA_DENNIS","3","DENNIS_CUBA_2005",2008-04-01,1.15,"C"
"CUBA_GUSTAV","3","GUSTAV_CUBA_2008",2008-04-01,0.98,"C"
"CUBA_IAN","3","IAN_CUBA_2022",2008-04-01,0.97,"C"
"CUBA_MICHELLE","3","MICHELLE_CUBA_2001",2008-04-01,1.14,"C"
"CUBA_PALOMA","3","PALOMA_CUBA_2008",2008-04-01,1.12,"C"
"CUBA_SANDY","3","SANDY_CUBA_2012",2008-04-01,0.95,"C"
"DEAN_QROO_MX","5","DEAN_QROO_MX_2007",2008-04-01,1.19,"SG"
"FL_US_CHARLEY","1","CHARLEY_2004",2008-04-01,1.05,"FP"
"FL_US_FRANCES","1","FRANCES_US_FL_2004",2008-04-01,1.02,"FP"
"FL_US_IAN","1","IAN_US_FL_2022",2008-04-01,1.06,"FP"
"FL_US_IRMA","1","IRMA_US_FL_2017",2008-04-01,1.05,"FP"
"FL_US_JEANNE","1","JEANNE_US_FL_2004",2008-04-01,1.02,"FP"
"FL_US_MICHAEL","4","MICHAEL_US_FL_2018",2008-04-01,0.9,"SUS"
"FL_US_WILMA","1","WILMA_US_FL_2005",2008-04-01,1.06,"FP"
"LA_US_GUSTAV","4","GUSTAV_US_LA_2008",2008-04-01,0.68,"SUS"
"LA_US_IDA","4","IDA_US_LA_2009",2008-04-01,0.68,"SUS"
"LA_US_KATRINA","4","KATRINA_US_LA_2005",2008-04-01,0.74,"SUS"
"LA_US_LAURA","4","LAURA_US_LA_2020",2008-04-01,0.81,"SUS"
"LA_US_ZETA","4","ZETA_US_LA_2020",2008-04-01,0.61,"SUS"
"MX_ERNESTO","5","ERNESTO_MX_2012",2008-04-01,1.18,"SG"
"MX_GRACE","3","GRACE_MX_2021",2008-04-01,0.99,"C"
"MX_TAMPS_EMILY","6","EMILY_TAMPS_MX_2005",2008-04-01,1.38,"WG"
"NC_US_ISABEL","4","ISABEL_US_NC_2003",2008-04-01,0.72,"SUS"
"NIC_ETA","2","ETA_NIC_2020",2008-04-01,0.9,"CA"
"NIC_FELIX","2","FELIX_NIC_2007",2008-04-01,0.88,"CA"
"NIC_IOTA","2","IOTA_NIC_2020",2008-04-01,0.89,"CA"
"PR_USA_MARIA","3","MARIA_US_PR_2017",2008-04-01,0.86,"C"
"QROO_WILMA","3","WILMA_QROO_2005",2008-04-01,1.06,"C"
"TX_US_HARVEY","6","HARVEY_US_TX_2017",2008-04-01,1.02,"WG"
"TX_US_IKE","4","IKE_US_TX_2008",2008-04-01,0.82,"SUS"
"TX_US_RITA","4","RITA_US_TX_2005",2008-04-01,0.81,"SUS"
"US_FL_DELTA","4","DELTA_US_LA_2020",2008-04-01,0.83,"SUS"
"US_FL_DENNIS","4","DENNIS_US_FL_2005",2008-04-01,0.84,"SUS"
"VER_MX_KARL","5","KARL_MX_VER_2010",2008-04-01,1.34,"SG"
"YUC_DELTA","5","DELTA_YUCATAN_MX_2020",2008-04-01,1.11,"SG"
"YUC_MX_EMILY","5","EMILY_MX_YUC_2005",2008-04-01,1.21,"SG"
"YUC_MX_ISIDORE","5","ISIDORE_MX_YUC_2002",2008-04-01,1.59,"SG"
"AL_US_IVAN","4","IVAN_US_AL_2004",2008-05-01,0.99,"SUS"
"AL_US_SALLY","4","SALLY_US_AL_2020",2008-05-01,0.92,"SUS"
"ALEX","6","ALEX_2010",2008-05-01,1.29,"WG"
"BELICE_RICHARD","3","RICHARD_BELICE_2010",2008-05-01,1.1,"C"
"BELIZE_IRIS","2","IRIS_BELIZE_2001",2008-05-01,0.94,"CA"
"BETA","2","BETA_2005",2008-05-01,0.58,"CA"
"CR_OTTO","2","OTTO_CR_2016",2008-05-01,0.66,"CA"
"CUBA_DENNIS","3","DENNIS_CUBA_2005",2008-05-01,1.06,"C"
"CUBA_GUSTAV","3","GUSTAV_CUBA_2008",2008-05-01,1,"C"
"CUBA_IAN","3","IAN_CUBA_2022",2008-05-01,0.99,"C"
"CUBA_MICHELLE","3","MICHELLE_CUBA_2001",2008-05-01,1.05,"C"
"CUBA_PALOMA","3","PALOMA_CUBA_2008",2008-05-01,1.01,"C"
"CUBA_SANDY","3","SANDY_CUBA_2012",2008-05-01,0.89,"C"
"DEAN_QROO_MX","5","DEAN_QROO_MX_2007",2008-05-01,1.14,"SG"
"FL_US_CHARLEY","1","CHARLEY_2004",2008-05-01,1.24,"FP"
"FL_US_FRANCES","1","FRANCES_US_FL_2004",2008-05-01,1.16,"FP"
"FL_US_IAN","1","IAN_US_FL_2022",2008-05-01,1.25,"FP"
"FL_US_IRMA","1","IRMA_US_FL_2017",2008-05-01,1.22,"FP"
"FL_US_JEANNE","1","JEANNE_US_FL_2004",2008-05-01,1.16,"FP"
"FL_US_MICHAEL","4","MICHAEL_US_FL_2018",2008-05-01,1.09,"SUS"
"FL_US_WILMA","1","WILMA_US_FL_2005",2008-05-01,1.22,"FP"
"LA_US_GUSTAV","4","GUSTAV_US_LA_2008",2008-05-01,0.85,"SUS"
"LA_US_IDA","4","IDA_US_LA_2009",2008-05-01,0.86,"SUS"
"LA_US_KATRINA","4","KATRINA_US_LA_2005",2008-05-01,0.86,"SUS"
"LA_US_LAURA","4","LAURA_US_LA_2020",2008-05-01,0.93,"SUS"
"LA_US_ZETA","4","ZETA_US_LA_2020",2008-05-01,0.79,"SUS"
"MX_ERNESTO","5","ERNESTO_MX_2012",2008-05-01,1.13,"SG"
"MX_GRACE","3","GRACE_MX_2021",2008-05-01,1.09,"C"
"MX_TAMPS_EMILY","6","EMILY_TAMPS_MX_2005",2008-05-01,1.14,"WG"
"NC_US_ISABEL","4","ISABEL_US_NC_2003",2008-05-01,0.99,"SUS"
"NIC_ETA","2","ETA_NIC_2020",2008-05-01,0.75,"CA"
"NIC_FELIX","2","FELIX_NIC_2007",2008-05-01,0.78,"CA"
"NIC_IOTA","2","IOTA_NIC_2020",2008-05-01,0.75,"CA"
"PR_USA_MARIA","3","MARIA_US_PR_2017",2008-05-01,0.79,"C"
"QROO_WILMA","3","WILMA_QROO_2005",2008-05-01,1.12,"C"
"TX_US_HARVEY","6","HARVEY_US_TX_2017",2008-05-01,1.04,"WG"
"TX_US_IKE","4","IKE_US_TX_2008",2008-05-01,0.97,"SUS"
"TX_US_RITA","4","RITA_US_TX_2005",2008-05-01,0.94,"SUS"
"US_FL_DELTA","4","DELTA_US_LA_2020",2008-05-01,0.96,"SUS"
"US_FL_DENNIS","4","DENNIS_US_FL_2005",2008-05-01,1.03,"SUS"
"VER_MX_KARL","5","KARL_MX_VER_2010",2008-05-01,1.32,"SG"
"YUC_DELTA","5","DELTA_YUCATAN_MX_2020",2008-05-01,1.17,"SG"
"YUC_MX_EMILY","5","EMILY_MX_YUC_2005",2008-05-01,1.23,"SG"
"YUC_MX_ISIDORE","5","ISIDORE_MX_YUC_2002",2008-05-01,1.6,"SG"
"AL_US_IVAN","4","IVAN_US_AL_2004",2008-06-01,1.25,"SUS"
"AL_US_SALLY","4","SALLY_US_AL_2020",2008-06-01,1.2,"SUS"
"ALEX","6","ALEX_2010",2008-06-01,1.55,"WG"
"BELICE_RICHARD","3","RICHARD_BELICE_2010",2008-06-01,0.84,"C"
"BELIZE_IRIS","2","IRIS_BELIZE_2001",2008-06-01,0.7,"CA"
"BETA","2","BETA_2005",2008-06-01,0.35,"CA"
"CR_OTTO","2","OTTO_CR_2016",2008-06-01,0.51,"CA"
"CUBA_DENNIS","3","DENNIS_CUBA_2005",2008-06-01,0.95,"C"
"CUBA_GUSTAV","3","GUSTAV_CUBA_2008",2008-06-01,0.82,"C"
"CUBA_IAN","3","IAN_CUBA_2022",2008-06-01,0.8,"C"
"CUBA_MICHELLE","3","MICHELLE_CUBA_2001",2008-06-01,0.94,"C"
"CUBA_PALOMA","3","PALOMA_CUBA_2008",2008-06-01,0.85,"C"
"CUBA_SANDY","3","SANDY_CUBA_2012",2008-06-01,0.77,"C"
"DEAN_QROO_MX","5","DEAN_QROO_MX_2007",2008-06-01,0.82,"SG"
"FL_US_CHARLEY","1","CHARLEY_2004",2008-06-01,1.19,"FP"
"FL_US_FRANCES","1","FRANCES_US_FL_2004",2008-06-01,1.1,"FP"
"FL_US_IAN","1","IAN_US_FL_2022",2008-06-01,1.18,"FP"
"FL_US_IRMA","1","IRMA_US_FL_2017",2008-06-01,1.15,"FP"
"FL_US_JEANNE","1","JEANNE_US_FL_2004",2008-06-01,1.1,"FP"
"FL_US_MICHAEL","4","MICHAEL_US_FL_2018",2008-06-01,1.31,"SUS"
"FL_US_WILMA","1","WILMA_US_FL_2005",2008-06-01,1.09,"FP"
"LA_US_GUSTAV","4","GUSTAV_US_LA_2008",2008-06-01,1.07,"SUS"
"LA_US_IDA","4","IDA_US_LA_2009",2008-06-01,1.08,"SUS"
"LA_US_KATRINA","4","KATRINA_US_LA_2005",2008-06-01,1.08,"SUS"
"LA_US_LAURA","4","LAURA_US_LA_2020",2008-06-01,1.17,"SUS"
"LA_US_ZETA","4","ZETA_US_LA_2020",2008-06-01,1.01,"SUS"
"MX_ERNESTO","5","ERNESTO_MX_2012",2008-06-01,0.81,"SG"
"MX_GRACE","3","GRACE_MX_2021",2008-06-01,0.88,"C"
"MX_TAMPS_EMILY","6","EMILY_TAMPS_MX_2005",2008-06-01,1.62,"WG"
"NC_US_ISABEL","4","ISABEL_US_NC_2003",2008-06-01,1.53,"SUS"
"NIC_ETA","2","ETA_NIC_2020",2008-06-01,0.49,"CA"
"NIC_FELIX","2","FELIX_NIC_2007",2008-06-01,0.49,"CA"
"NIC_IOTA","2","IOTA_NIC_2020",2008-06-01,0.5,"CA"
"PR_USA_MARIA","3","MARIA_US_PR_2017",2008-06-01,0.86,"C"
"QROO_WILMA","3","WILMA_QROO_2005",2008-06-01,0.87,"C"
"TX_US_HARVEY","6","HARVEY_US_TX_2017",2008-06-01,1.49,"WG"
"TX_US_IKE","4","IKE_US_TX_2008",2008-06-01,1.26,"SUS"
"TX_US_RITA","4","RITA_US_TX_2005",2008-06-01,1.18,"SUS"
"US_FL_DELTA","4","DELTA_US_LA_2020",2008-06-01,1.17,"SUS"
"US_FL_DENNIS","4","DENNIS_US_FL_2005",2008-06-01,1.29,"SUS"
"VER_MX_KARL","5","KARL_MX_VER_2010",2008-06-01,0.95,"SG"
"YUC_DELTA","5","DELTA_YUCATAN_MX_2020",2008-06-01,0.89,"SG"
"YUC_MX_EMILY","5","EMILY_MX_YUC_2005",2008-06-01,0.94,"SG"
"YUC_MX_ISIDORE","5","ISIDORE_MX_YUC_2002",2008-06-01,1.09,"SG"
"AL_US_IVAN","4","IVAN_US_AL_2004",2008-07-01,1.23,"SUS"
"AL_US_SALLY","4","SALLY_US_AL_2020",2008-07-01,1.16,"SUS"
"ALEX","6","ALEX_2010",2008-07-01,1.36,"WG"
"BELICE_RICHARD","3","RICHARD_BELICE_2010",2008-07-01,0.78,"C"
"BELIZE_IRIS","2","IRIS_BELIZE_2001",2008-07-01,0.63,"CA"
"BETA","2","BETA_2005",2008-07-01,0.25,"CA"
"CR_OTTO","2","OTTO_CR_2016",2008-07-01,0.41,"CA"
"CUBA_DENNIS","3","DENNIS_CUBA_2005",2008-07-01,1,"C"
"CUBA_GUSTAV","3","GUSTAV_CUBA_2008",2008-07-01,0.86,"C"
"CUBA_IAN","3","IAN_CUBA_2022",2008-07-01,0.84,"C"
"CUBA_MICHELLE","3","MICHELLE_CUBA_2001",2008-07-01,1,"C"
"CUBA_PALOMA","3","PALOMA_CUBA_2008",2008-07-01,0.99,"C"
"CUBA_SANDY","3","SANDY_CUBA_2012",2008-07-01,0.87,"C"
"DEAN_QROO_MX","5","DEAN_QROO_MX_2007",2008-07-01,0.89,"SG"
"FL_US_CHARLEY","1","CHARLEY_2004",2008-07-01,1.09,"FP"
"FL_US_FRANCES","1","FRANCES_US_FL_2004",2008-07-01,1.06,"FP"
"FL_US_IAN","1","IAN_US_FL_2022",2008-07-01,1.1,"FP"
"FL_US_IRMA","1","IRMA_US_FL_2017",2008-07-01,1.11,"FP"
"FL_US_JEANNE","1","JEANNE_US_FL_2004",2008-07-01,1.07,"FP"
"FL_US_MICHAEL","4","MICHAEL_US_FL_2018",2008-07-01,1.2,"SUS"
"FL_US_WILMA","1","WILMA_US_FL_2005",2008-07-01,1.08,"FP"
"LA_US_GUSTAV","4","GUSTAV_US_LA_2008",2008-07-01,1.16,"SUS"
"LA_US_IDA","4","IDA_US_LA_2009",2008-07-01,1.15,"SUS"
"LA_US_KATRINA","4","KATRINA_US_LA_2005",2008-07-01,1.15,"SUS"
"LA_US_LAURA","4","LAURA_US_LA_2020",2008-07-01,1.23,"SUS"
"LA_US_ZETA","4","ZETA_US_LA_2020",2008-07-01,1.1,"SUS"
"MX_ERNESTO","5","ERNESTO_MX_2012",2008-07-01,0.88,"SG"
"MX_GRACE","3","GRACE_MX_2021",2008-07-01,0.77,"C"
"MX_TAMPS_EMILY","6","EMILY_TAMPS_MX_2005",2008-07-01,1.33,"WG"
"NC_US_ISABEL","4","ISABEL_US_NC_2003",2008-07-01,1.3,"SUS"
"NIC_ETA","2","ETA_NIC_2020",2008-07-01,0.44,"CA"
"NIC_FELIX","2","FELIX_NIC_2007",2008-07-01,0.43,"CA"
"NIC_IOTA","2","IOTA_NIC_2020",2008-07-01,0.45,"CA"
"PR_USA_MARIA","3","MARIA_US_PR_2017",2008-07-01,0.87,"C"
"QROO_WILMA","3","WILMA_QROO_2005",2008-07-01,0.87,"C"
"TX_US_HARVEY","6","HARVEY_US_TX_2017",2008-07-01,1.36,"WG"
"TX_US_IKE","4","IKE_US_TX_2008",2008-07-01,1.3,"SUS"
"TX_US_RITA","4","RITA_US_TX_2005",2008-07-01,1.23,"SUS"
"US_FL_DELTA","4","DELTA_US_LA_2020",2008-07-01,1.22,"SUS"
"US_FL_DENNIS","4","DENNIS_US_FL_2005",2008-07-01,1.24,"SUS"
"VER_MX_KARL","5","KARL_MX_VER_2010",2008-07-01,0.77,"SG"
"YUC_DELTA","5","DELTA_YUCATAN_MX_2020",2008-07-01,0.88,"SG"
"YUC_MX_EMILY","5","EMILY_MX_YUC_2005",2008-07-01,0.96,"SG"
"YUC_MX_ISIDORE","5","ISIDORE_MX_YUC_2002",2008-07-01,1.01,"SG"
"AL_US_IVAN","4","IVAN_US_AL_2004",2008-08-01,1.01,"SUS"
"AL_US_SALLY","4","SALLY_US_AL_2020",2008-08-01,0.92,"SUS"
"ALEX","6","ALEX_2010",2008-08-01,1.39,"WG"
"BELICE_RICHARD","3","RICHARD_BELICE_2010",2008-08-01,0.75,"C"
"BELIZE_IRIS","2","IRIS_BELIZE_2001",2008-08-01,0.62,"CA"
"BETA","2","BETA_2005",2008-08-01,0.33,"CA"
"CR_OTTO","2","OTTO_CR_2016",2008-08-01,0.46,"CA"
"CUBA_DENNIS","3","DENNIS_CUBA_2005",2008-08-01,0.97,"C"
"CUBA_GUSTAV","3","GUSTAV_CUBA_2008",2008-08-01,0.83,"C"
"CUBA_IAN","3","IAN_CUBA_2022",2008-08-01,0.81,"C"
"CUBA_MICHELLE","3","MICHELLE_CUBA_2001",2008-08-01,0.95,"C"
"CUBA_PALOMA","3","PALOMA_CUBA_2008",2008-08-01,0.98,"C"
"CUBA_SANDY","3","SANDY_CUBA_2012",2008-08-01,0.91,"C"
"DEAN_QROO_MX","5","DEAN_QROO_MX_2007",2008-08-01,0.86,"SG"
"FL_US_CHARLEY","1","CHARLEY_2004",2008-08-01,1.08,"FP"
"FL_US_FRANCES","1","FRANCES_US_FL_2004",2008-08-01,1.05,"FP"
"FL_US_IAN","1","IAN_US_FL_2022",2008-08-01,1.09,"FP"
"FL_US_IRMA","1","IRMA_US_FL_2017",2008-08-01,1.09,"FP"
"FL_US_JEANNE","1","JEANNE_US_FL_2004",2008-08-01,1.05,"FP"
"FL_US_MICHAEL","4","MICHAEL_US_FL_2018",2008-08-01,1.04,"SUS"
"FL_US_WILMA","1","WILMA_US_FL_2005",2008-08-01,1.09,"FP"
"LA_US_GUSTAV","4","GUSTAV_US_LA_2008",2008-08-01,0.93,"SUS"
"LA_US_IDA","4","IDA_US_LA_2009",2008-08-01,0.92,"SUS"
"LA_US_KATRINA","4","KATRINA_US_LA_2005",2008-08-01,0.91,"SUS"
"LA_US_LAURA","4","LAURA_US_LA_2020",2008-08-01,1.14,"SUS"
"LA_US_ZETA","4","ZETA_US_LA_2020",2008-08-01,0.88,"SUS"
"MX_ERNESTO","5","ERNESTO_MX_2012",2008-08-01,0.85,"SG"
"MX_GRACE","3","GRACE_MX_2021",2008-08-01,0.74,"C"
"MX_TAMPS_EMILY","6","EMILY_TAMPS_MX_2005",2008-08-01,1.41,"WG"
"NC_US_ISABEL","4","ISABEL_US_NC_2003",2008-08-01,1.37,"SUS"
"NIC_ETA","2","ETA_NIC_2020",2008-08-01,0.47,"CA"
"NIC_FELIX","2","FELIX_NIC_2007",2008-08-01,0.46,"CA"
"NIC_IOTA","2","IOTA_NIC_2020",2008-08-01,0.48,"CA"
"PR_USA_MARIA","3","MARIA_US_PR_2017",2008-08-01,0.79,"C"
"QROO_WILMA","3","WILMA_QROO_2005",2008-08-01,0.83,"C"
"TX_US_HARVEY","6","HARVEY_US_TX_2017",2008-08-01,1.33,"WG"
"TX_US_IKE","4","IKE_US_TX_2008",2008-08-01,1.29,"SUS"
"TX_US_RITA","4","RITA_US_TX_2005",2008-08-01,1.19,"SUS"
"US_FL_DELTA","4","DELTA_US_LA_2020",2008-08-01,1.1,"SUS"
"US_FL_DENNIS","4","DENNIS_US_FL_2005",2008-08-01,1.04,"SUS"
"VER_MX_KARL","5","KARL_MX_VER_2010",2008-08-01,0.79,"SG"
"YUC_DELTA","5","DELTA_YUCATAN_MX_2020",2008-08-01,0.84,"SG"
"YUC_MX_EMILY","5","EMILY_MX_YUC_2005",2008-08-01,0.93,"SG"
"YUC_MX_ISIDORE","5","ISIDORE_MX_YUC_2002",2008-08-01,0.94,"SG"
"AL_US_IVAN","4","IVAN_US_AL_2004",2008-09-01,1.01,"SUS"
"AL_US_SALLY","4","SALLY_US_AL_2020",2008-09-01,0.97,"SUS"
"ALEX","6","ALEX_2010",2008-09-01,1.12,"WG"
"BELICE_RICHARD","3","RICHARD_BELICE_2010",2008-09-01,0.76,"C"
"BELIZE_IRIS","2","IRIS_BELIZE_2001",2008-09-01,0.6,"CA"
"BETA","2","BETA_2005",2008-09-01,0.4,"CA"
"CR_OTTO","2","OTTO_CR_2016",2008-09-01,0.52,"CA"
"CUBA_DENNIS","3","DENNIS_CUBA_2005",2008-09-01,0.84,"C"
"CUBA_GUSTAV","3","GUSTAV_CUBA_2008",2008-09-01,0.71,"C"
"CUBA_IAN","3","IAN_CUBA_2022",2008-09-01,0.7,"C"
"CUBA_MICHELLE","3","MICHELLE_CUBA_2001",2008-09-01,0.81,"C"
"CUBA_PALOMA","3","PALOMA_CUBA_2008",2008-09-01,0.79,"C"
"CUBA_SANDY","3","SANDY_CUBA_2012",2008-09-01,0.73,"C"
"DEAN_QROO_MX","5","DEAN_QROO_MX_2007",2008-09-01,0.83,"SG"
"FL_US_CHARLEY","1","CHARLEY_2004",2008-09-01,0.99,"FP"
"FL_US_FRANCES","1","FRANCES_US_FL_2004",2008-09-01,0.94,"FP"
"FL_US_IAN","1","IAN_US_FL_2022",2008-09-01,1,"FP"
"FL_US_IRMA","1","IRMA_US_FL_2017",2008-09-01,1,"FP"
"FL_US_JEANNE","1","JEANNE_US_FL_2004",2008-09-01,0.95,"FP"
"FL_US_MICHAEL","4","MICHAEL_US_FL_2018",2008-09-01,1.11,"SUS"
"FL_US_WILMA","1","WILMA_US_FL_2005",2008-09-01,0.99,"FP"
"LA_US_GUSTAV","4","GUSTAV_US_LA_2008",2008-09-01,0.8,"SUS"
"LA_US_IDA","4","IDA_US_LA_2009",2008-09-01,0.79,"SUS"
"LA_US_KATRINA","4","KATRINA_US_LA_2005",2008-09-01,0.81,"SUS"
"LA_US_LAURA","4","LAURA_US_LA_2020",2008-09-01,0.95,"SUS"
"LA_US_ZETA","4","ZETA_US_LA_2020",2008-09-01,0.75,"SUS"
"MX_ERNESTO","5","ERNESTO_MX_2012",2008-09-01,0.82,"SG"
"MX_GRACE","3","GRACE_MX_2021",2008-09-01,0.68,"C"
"MX_TAMPS_EMILY","6","EMILY_TAMPS_MX_2005",2008-09-01,1.16,"WG"
"NC_US_ISABEL","4","ISABEL_US_NC_2003",2008-09-01,0.97,"SUS"
"NIC_ETA","2","ETA_NIC_2020",2008-09-01,0.57,"CA"
"NIC_FELIX","2","FELIX_NIC_2007",2008-09-01,0.6,"CA"
"NIC_IOTA","2","IOTA_NIC_2020",2008-09-01,0.56,"CA"
"PR_USA_MARIA","3","MARIA_US_PR_2017",2008-09-01,0.82,"C"
"QROO_WILMA","3","WILMA_QROO_2005",2008-09-01,0.76,"C"
"TX_US_HARVEY","6","HARVEY_US_TX_2017",2008-09-01,1.24,"WG"
"TX_US_IKE","4","IKE_US_TX_2008",2008-09-01,1.08,"SUS"
"TX_US_RITA","4","RITA_US_TX_2005",2008-09-01,0.99,"SUS"
"US_FL_DELTA","4","DELTA_US_LA_2020",2008-09-01,0.97,"SUS"
"US_FL_DENNIS","4","DENNIS_US_FL_2005",2008-09-01,1.04,"SUS"
"VER_MX_KARL","5","KARL_MX_VER_2010",2008-09-01,0.75,"SG"
"YUC_DELTA","5","DELTA_YUCATAN_MX_2020",2008-09-01,0.77,"SG"
"YUC_MX_EMILY","5","EMILY_MX_YUC_2005",2008-09-01,0.84,"SG"
"YUC_MX_ISIDORE","5","ISIDORE_MX_YUC_2002",2008-09-01,0.93,"SG"
"AL_US_IVAN","4","IVAN_US_AL_2004",2008-10-01,0.88,"SUS"
"AL_US_SALLY","4","SALLY_US_AL_2020",2008-10-01,0.84,"SUS"
"ALEX","6","ALEX_2010",2008-10-01,1.03,"WG"
"BELICE_RICHARD","3","RICHARD_BELICE_2010",2008-10-01,0.66,"C"
"BELIZE_IRIS","2","IRIS_BELIZE_2001",2008-10-01,0.54,"CA"
"BETA","2","BETA_2005",2008-10-01,0.53,"CA"
"CR_OTTO","2","OTTO_CR_2016",2008-10-01,0.51,"CA"
"CUBA_DENNIS","3","DENNIS_CUBA_2005",2008-10-01,0.75,"C"
"CUBA_GUSTAV","3","GUSTAV_CUBA_2008",2008-10-01,0.66,"C"
"CUBA_IAN","3","IAN_CUBA_2022",2008-10-01,0.65,"C"
"CUBA_MICHELLE","3","MICHELLE_CUBA_2001",2008-10-01,0.74,"C"
"CUBA_PALOMA","3","PALOMA_CUBA_2008",2008-10-01,0.64,"C"
"CUBA_SANDY","3","SANDY_CUBA_2012",2008-10-01,0.53,"C"
"DEAN_QROO_MX","5","DEAN_QROO_MX_2007",2008-10-01,0.7,"SG"
"FL_US_CHARLEY","1","CHARLEY_2004",2008-10-01,0.96,"FP"
"FL_US_FRANCES","1","FRANCES_US_FL_2004",2008-10-01,0.92,"FP"
"FL_US_IAN","1","IAN_US_FL_2022",2008-10-01,0.97,"FP"
"FL_US_IRMA","1","IRMA_US_FL_2017",2008-10-01,1.02,"FP"
"FL_US_JEANNE","1","JEANNE_US_FL_2004",2008-10-01,0.93,"FP"
"FL_US_MICHAEL","4","MICHAEL_US_FL_2018",2008-10-01,0.89,"SUS"
"FL_US_WILMA","1","WILMA_US_FL_2005",2008-10-01,0.99,"FP"
"LA_US_GUSTAV","4","GUSTAV_US_LA_2008",2008-10-01,0.7,"SUS"
"LA_US_IDA","4","IDA_US_LA_2009",2008-10-01,0.68,"SUS"
"LA_US_KATRINA","4","KATRINA_US_LA_2005",2008-10-01,0.73,"SUS"
"LA_US_LAURA","4","LAURA_US_LA_2020",2008-10-01,0.89,"SUS"
"LA_US_ZETA","4","ZETA_US_LA_2020",2008-10-01,0.63,"SUS"
"MX_ERNESTO","5","ERNESTO_MX_2012",2008-10-01,0.69,"SG"
"MX_GRACE","3","GRACE_MX_2021",2008-10-01,0.63,"C"
"MX_TAMPS_EMILY","6","EMILY_TAMPS_MX_2005",2008-10-01,1.06,"WG"
"NC_US_ISABEL","4","ISABEL_US_NC_2003",2008-10-01,0.78,"SUS"
"NIC_ETA","2","ETA_NIC_2020",2008-10-01,0.65,"CA"
"NIC_FELIX","2","FELIX_NIC_2007",2008-10-01,0.66,"CA"
"NIC_IOTA","2","IOTA_NIC_2020",2008-10-01,0.67,"CA"
"PR_USA_MARIA","3","MARIA_US_PR_2017",2008-10-01,0.77,"C"
"QROO_WILMA","3","WILMA_QROO_2005",2008-10-01,0.65,"C"
"TX_US_HARVEY","6","HARVEY_US_TX_2017",2008-10-01,1.1,"WG"
"TX_US_IKE","4","IKE_US_TX_2008",2008-10-01,0.94,"SUS"
"TX_US_RITA","4","RITA_US_TX_2005",2008-10-01,0.91,"SUS"
"US_FL_DELTA","4","DELTA_US_LA_2020",2008-10-01,0.88,"SUS"
"US_FL_DENNIS","4","DENNIS_US_FL_2005",2008-10-01,0.89,"SUS"
"VER_MX_KARL","5","KARL_MX_VER_2010",2008-10-01,0.81,"SG"
"YUC_DELTA","5","DELTA_YUCATAN_MX_2020",2008-10-01,0.67,"SG"
"YUC_MX_EMILY","5","EMILY_MX_YUC_2005",2008-10-01,0.73,"SG"
"YUC_MX_ISIDORE","5","ISIDORE_MX_YUC_2002",2008-10-01,0.78,"SG"
"AL_US_IVAN","4","IVAN_US_AL_2004",2008-11-01,0.64,"SUS"
"AL_US_SALLY","4","SALLY_US_AL_2020",2008-11-01,0.65,"SUS"
"ALEX","6","ALEX_2010",2008-11-01,0.77,"WG"
"BELICE_RICHARD","3","RICHARD_BELICE_2010",2008-11-01,0.59,"C"
"BELIZE_IRIS","2","IRIS_BELIZE_2001",2008-11-01,0.48,"CA"
"BETA","2","BETA_2005",2008-11-01,0.57,"CA"
"CR_OTTO","2","OTTO_CR_2016",2008-11-01,0.6,"CA"
"CUBA_DENNIS","3","DENNIS_CUBA_2005",2008-11-01,0.71,"C"
"CUBA_GUSTAV","3","GUSTAV_CUBA_2008",2008-11-01,0.63,"C"
"CUBA_IAN","3","IAN_CUBA_2022",2008-11-01,0.62,"C"
"CUBA_MICHELLE","3","MICHELLE_CUBA_2001",2008-11-01,0.69,"C"
"CUBA_PALOMA","3","PALOMA_CUBA_2008",2008-11-01,0.64,"C"
"CUBA_SANDY","3","SANDY_CUBA_2012",2008-11-01,0.55,"C"
"DEAN_QROO_MX","5","DEAN_QROO_MX_2007",2008-11-01,0.71,"SG"
"FL_US_CHARLEY","1","CHARLEY_2004",2008-11-01,0.8,"FP"
"FL_US_FRANCES","1","FRANCES_US_FL_2004",2008-11-01,0.79,"FP"
"FL_US_IAN","1","IAN_US_FL_2022",2008-11-01,0.81,"FP"
"FL_US_IRMA","1","IRMA_US_FL_2017",2008-11-01,0.85,"FP"
"FL_US_JEANNE","1","JEANNE_US_FL_2004",2008-11-01,0.8,"FP"
"FL_US_MICHAEL","4","MICHAEL_US_FL_2018",2008-11-01,0.69,"SUS"
"FL_US_WILMA","1","WILMA_US_FL_2005",2008-11-01,0.82,"FP"
"LA_US_GUSTAV","4","GUSTAV_US_LA_2008",2008-11-01,0.59,"SUS"
"LA_US_IDA","4","IDA_US_LA_2009",2008-11-01,0.59,"SUS"
"LA_US_KATRINA","4","KATRINA_US_LA_2005",2008-11-01,0.59,"SUS"
"LA_US_LAURA","4","LAURA_US_LA_2020",2008-11-01,0.65,"SUS"
"LA_US_ZETA","4","ZETA_US_LA_2020",2008-11-01,0.57,"SUS"
"MX_ERNESTO","5","ERNESTO_MX_2012",2008-11-01,0.7,"SG"
"MX_GRACE","3","GRACE_MX_2021",2008-11-01,0.5,"C"
"MX_TAMPS_EMILY","6","EMILY_TAMPS_MX_2005",2008-11-01,0.79,"WG"
"NC_US_ISABEL","4","ISABEL_US_NC_2003",2008-11-01,0.44,"SUS"
"NIC_ETA","2","ETA_NIC_2020",2008-11-01,0.52,"CA"
"NIC_FELIX","2","FELIX_NIC_2007",2008-11-01,0.53,"CA"
"NIC_IOTA","2","IOTA_NIC_2020",2008-11-01,0.53,"CA"
"PR_USA_MARIA","3","MARIA_US_PR_2017",2008-11-01,0.74,"C"
"QROO_WILMA","3","WILMA_QROO_2005",2008-11-01,0.67,"C"
"TX_US_HARVEY","6","HARVEY_US_TX_2017",2008-11-01,0.86,"WG"
"TX_US_IKE","4","IKE_US_TX_2008",2008-11-01,0.7,"SUS"
"TX_US_RITA","4","RITA_US_TX_2005",2008-11-01,0.66,"SUS"
"US_FL_DELTA","4","DELTA_US_LA_2020",2008-11-01,0.64,"SUS"
"US_FL_DENNIS","4","DENNIS_US_FL_2005",2008-11-01,0.65,"SUS"
"VER_MX_KARL","5","KARL_MX_VER_2010",2008-11-01,0.75,"SG"
"YUC_DELTA","5","DELTA_YUCATAN_MX_2020",2008-11-01,0.69,"SG"
"YUC_MX_EMILY","5","EMILY_MX_YUC_2005",2008-11-01,0.79,"SG"
"YUC_MX_ISIDORE","5","ISIDORE_MX_YUC_2002",2008-11-01,0.85,"SG"
"AL_US_IVAN","4","IVAN_US_AL_2004",2008-12-01,0.59,"SUS"
"AL_US_SALLY","4","SALLY_US_AL_2020",2008-12-01,0.55,"SUS"
"ALEX","6","ALEX_2010",2008-12-01,0.71,"WG"
"BELICE_RICHARD","3","RICHARD_BELICE_2010",2008-12-01,0.6,"C"
"BELIZE_IRIS","2","IRIS_BELIZE_2001",2008-12-01,0.5,"CA"
"BETA","2","BETA_2005",2008-12-01,0.46,"CA"
"CR_OTTO","2","OTTO_CR_2016",2008-12-01,0.59,"CA"
"CUBA_DENNIS","3","DENNIS_CUBA_2005",2008-12-01,0.86,"C"
"CUBA_GUSTAV","3","GUSTAV_CUBA_2008",2008-12-01,0.72,"C"
"CUBA_IAN","3","IAN_CUBA_2022",2008-12-01,0.68,"C"
"CUBA_MICHELLE","3","MICHELLE_CUBA_2001",2008-12-01,0.83,"C"
"CUBA_PALOMA","3","PALOMA_CUBA_2008",2008-12-01,0.71,"C"
"CUBA_SANDY","3","SANDY_CUBA_2012",2008-12-01,0.63,"C"
"DEAN_QROO_MX","5","DEAN_QROO_MX_2007",2008-12-01,0.67,"SG"
"FL_US_CHARLEY","1","CHARLEY_2004",2008-12-01,0.74,"FP"
"FL_US_FRANCES","1","FRANCES_US_FL_2004",2008-12-01,0.73,"FP"
"FL_US_IAN","1","IAN_US_FL_2022",2008-12-01,0.75,"FP"
"FL_US_IRMA","1","IRMA_US_FL_2017",2008-12-01,0.81,"FP"
"FL_US_JEANNE","1","JEANNE_US_FL_2004",2008-12-01,0.74,"FP"
"FL_US_MICHAEL","4","MICHAEL_US_FL_2018",2008-12-01,0.68,"SUS"
"FL_US_WILMA","1","WILMA_US_FL_2005",2008-12-01,0.8,"FP"
"LA_US_GUSTAV","4","GUSTAV_US_LA_2008",2008-12-01,0.41,"SUS"
"LA_US_IDA","4","IDA_US_LA_2009",2008-12-01,0.43,"SUS"
"LA_US_KATRINA","4","KATRINA_US_LA_2005",2008-12-01,0.47,"SUS"
"LA_US_LAURA","4","LAURA_US_LA_2020",2008-12-01,0.44,"SUS"
"LA_US_ZETA","4","ZETA_US_LA_2020",2008-12-01,0.4,"SUS"
"MX_ERNESTO","5","ERNESTO_MX_2012",2008-12-01,0.66,"SG"
"MX_GRACE","3","GRACE_MX_2021",2008-12-01,0.44,"C"
"MX_TAMPS_EMILY","6","EMILY_TAMPS_MX_2005",2008-12-01,0.67,"WG"
"NC_US_ISABEL","4","ISABEL_US_NC_2003",2008-12-01,0.54,"SUS"
"NIC_ETA","2","ETA_NIC_2020",2008-12-01,0.48,"CA"
"NIC_FELIX","2","FELIX_NIC_2007",2008-12-01,0.46,"CA"
"NIC_IOTA","2","IOTA_NIC_2020",2008-12-01,0.5,"CA"
"PR_USA_MARIA","3","MARIA_US_PR_2017",2008-12-01,0.68,"C"
"QROO_WILMA","3","WILMA_QROO_2005",2008-12-01,0.7,"C"
"TX_US_HARVEY","6","HARVEY_US_TX_2017",2008-12-01,0.67,"WG"
"TX_US_IKE","4","IKE_US_TX_2008",2008-12-01,0.52,"SUS"
"TX_US_RITA","4","RITA_US_TX_2005",2008-12-01,0.47,"SUS"
"US_FL_DELTA","4","DELTA_US_LA_2020",2008-12-01,0.46,"SUS"
"US_FL_DENNIS","4","DENNIS_US_FL_2005",2008-12-01,0.63,"SUS"
"VER_MX_KARL","5","KARL_MX_VER_2010",2008-12-01,0.76,"SG"
"YUC_DELTA","5","DELTA_YUCATAN_MX_2020",2008-12-01,0.72,"SG"
"YUC_MX_EMILY","5","EMILY_MX_YUC_2005",2008-12-01,0.82,"SG"
"YUC_MX_ISIDORE","5","ISIDORE_MX_YUC_2002",2008-12-01,0.81,"SG"
"AL_US_IVAN","4","IVAN_US_AL_2004",2009-01-01,0.57,"SUS"
"AL_US_SALLY","4","SALLY_US_AL_2020",2009-01-01,0.54,"SUS"
"ALEX","6","ALEX_2010",2009-01-01,0.85,"WG"
"BELICE_RICHARD","3","RICHARD_BELICE_2010",2009-01-01,0.6,"C"
"BELIZE_IRIS","2","IRIS_BELIZE_2001",2009-01-01,0.55,"CA"
"BETA","2","BETA_2005",2009-01-01,0.49,"CA"
"CR_OTTO","2","OTTO_CR_2016",2009-01-01,0.6,"CA"
"CUBA_DENNIS","3","DENNIS_CUBA_2005",2009-01-01,0.78,"C"
"CUBA_GUSTAV","3","GUSTAV_CUBA_2008",2009-01-01,0.7,"C"
"CUBA_IAN","3","IAN_CUBA_2022",2009-01-01,0.67,"C"
"CUBA_MICHELLE","3","MICHELLE_CUBA_2001",2009-01-01,0.76,"C"
"CUBA_PALOMA","3","PALOMA_CUBA_2008",2009-01-01,0.69,"C"
"CUBA_SANDY","3","SANDY_CUBA_2012",2009-01-01,0.6,"C"
"DEAN_QROO_MX","5","DEAN_QROO_MX_2007",2009-01-01,0.7,"SG"
"FL_US_CHARLEY","1","CHARLEY_2004",2009-01-01,0.74,"FP"
"FL_US_FRANCES","1","FRANCES_US_FL_2004",2009-01-01,0.74,"FP"
"FL_US_IAN","1","IAN_US_FL_2022",2009-01-01,0.75,"FP"
"FL_US_IRMA","1","IRMA_US_FL_2017",2009-01-01,0.77,"FP"
"FL_US_JEANNE","1","JEANNE_US_FL_2004",2009-01-01,0.74,"FP"
"FL_US_MICHAEL","4","MICHAEL_US_FL_2018",2009-01-01,0.65,"SUS"
"FL_US_WILMA","1","WILMA_US_FL_2005",2009-01-01,0.75,"FP"
"LA_US_GUSTAV","4","GUSTAV_US_LA_2008",2009-01-01,0.39,"SUS"
"LA_US_IDA","4","IDA_US_LA_2009",2009-01-01,0.42,"SUS"
"LA_US_KATRINA","4","KATRINA_US_LA_2005",2009-01-01,0.47,"SUS"
"LA_US_LAURA","4","LAURA_US_LA_2020",2009-01-01,0.49,"SUS"
"LA_US_ZETA","4","ZETA_US_LA_2020",2009-01-01,0.4,"SUS"
"MX_ERNESTO","5","ERNESTO_MX_2012",2009-01-01,0.7,"SG"
"MX_GRACE","3","GRACE_MX_2021",2009-01-01,0.66,"C"
"MX_TAMPS_EMILY","6","EMILY_TAMPS_MX_2005",2009-01-01,0.76,"WG"
"NC_US_ISABEL","4","ISABEL_US_NC_2003",2009-01-01,0.39,"SUS"
"NIC_ETA","2","ETA_NIC_2020",2009-01-01,0.53,"CA"
"NIC_FELIX","2","FELIX_NIC_2007",2009-01-01,0.47,"CA"
"NIC_IOTA","2","IOTA_NIC_2020",2009-01-01,0.55,"CA"
"PR_USA_MARIA","3","MARIA_US_PR_2017",2009-01-01,0.68,"C"
"QROO_WILMA","3","WILMA_QROO_2005",2009-01-01,0.64,"C"
"TX_US_HARVEY","6","HARVEY_US_TX_2017",2009-01-01,0.7,"WG"
"TX_US_IKE","4","IKE_US_TX_2008",2009-01-01,0.53,"SUS"
"TX_US_RITA","4","RITA_US_TX_2005",2009-01-01,0.51,"SUS"
"US_FL_DELTA","4","DELTA_US_LA_2020",2009-01-01,0.47,"SUS"
"US_FL_DENNIS","4","DENNIS_US_FL_2005",2009-01-01,0.6,"SUS"
"VER_MX_KARL","5","KARL_MX_VER_2010",2009-01-01,0.85,"SG"
"YUC_DELTA","5","DELTA_YUCATAN_MX_2020",2009-01-01,0.67,"SG"
"YUC_MX_EMILY","5","EMILY_MX_YUC_2005",2009-01-01,0.79,"SG"
"YUC_MX_ISIDORE","5","ISIDORE_MX_YUC_2002",2009-01-01,0.85,"SG"
"AL_US_IVAN","4","IVAN_US_AL_2004",2009-02-01,0.66,"SUS"
"AL_US_SALLY","4","SALLY_US_AL_2020",2009-02-01,0.67,"SUS"
"ALEX","6","ALEX_2010",2009-02-01,0.91,"WG"
"BELICE_RICHARD","3","RICHARD_BELICE_2010",2009-02-01,0.72,"C"
"BELIZE_IRIS","2","IRIS_BELIZE_2001",2009-02-01,0.66,"CA"
"BETA","2","BETA_2005",2009-02-01,0.55,"CA"
"CR_OTTO","2","OTTO_CR_2016",2009-02-01,0.71,"CA"
"CUBA_DENNIS","3","DENNIS_CUBA_2005",2009-02-01,0.9,"C"
"CUBA_GUSTAV","3","GUSTAV_CUBA_2008",2009-02-01,0.73,"C"
"CUBA_IAN","3","IAN_CUBA_2022",2009-02-01,0.72,"C"
"CUBA_MICHELLE","3","MICHELLE_CUBA_2001",2009-02-01,0.88,"C"
"CUBA_PALOMA","3","PALOMA_CUBA_2008",2009-02-01,0.78,"C"
"CUBA_SANDY","3","SANDY_CUBA_2012",2009-02-01,0.66,"C"
"DEAN_QROO_MX","5","DEAN_QROO_MX_2007",2009-02-01,0.89,"SG"
"FL_US_CHARLEY","1","CHARLEY_2004",2009-02-01,0.74,"FP"
"FL_US_FRANCES","1","FRANCES_US_FL_2004",2009-02-01,0.74,"FP"
"FL_US_IAN","1","IAN_US_FL_2022",2009-02-01,0.74,"FP"
"FL_US_IRMA","1","IRMA_US_FL_2017",2009-02-01,0.73,"FP"
"FL_US_JEANNE","1","JEANNE_US_FL_2004",2009-02-01,0.74,"FP"
"FL_US_MICHAEL","4","MICHAEL_US_FL_2018",2009-02-01,0.66,"SUS"
"FL_US_WILMA","1","WILMA_US_FL_2005",2009-02-01,0.72,"FP"
"LA_US_GUSTAV","4","GUSTAV_US_LA_2008",2009-02-01,0.49,"SUS"
"LA_US_IDA","4","IDA_US_LA_2009",2009-02-01,0.53,"SUS"
"LA_US_KATRINA","4","KATRINA_US_LA_2005",2009-02-01,0.59,"SUS"
"LA_US_LAURA","4","LAURA_US_LA_2020",2009-02-01,0.65,"SUS"
"LA_US_ZETA","4","ZETA_US_LA_2020",2009-02-01,0.47,"SUS"
"MX_ERNESTO","5","ERNESTO_MX_2012",2009-02-01,0.88,"SG"
"MX_GRACE","3","GRACE_MX_2021",2009-02-01,0.7,"C"
"MX_TAMPS_EMILY","6","EMILY_TAMPS_MX_2005",2009-02-01,0.83,"WG"
"NC_US_ISABEL","4","ISABEL_US_NC_2003",2009-02-01,0.54,"SUS"
"NIC_ETA","2","ETA_NIC_2020",2009-02-01,0.59,"CA"
"NIC_FELIX","2","FELIX_NIC_2007",2009-02-01,0.54,"CA"
"NIC_IOTA","2","IOTA_NIC_2020",2009-02-01,0.6,"CA"
"PR_USA_MARIA","3","MARIA_US_PR_2017",2009-02-01,0.74,"C"
"QROO_WILMA","3","WILMA_QROO_2005",2009-02-01,0.72,"C"
"TX_US_HARVEY","6","HARVEY_US_TX_2017",2009-02-01,0.82,"WG"
"TX_US_IKE","4","IKE_US_TX_2008",2009-02-01,0.68,"SUS"
"TX_US_RITA","4","RITA_US_TX_2005",2009-02-01,0.66,"SUS"
"US_FL_DELTA","4","DELTA_US_LA_2020",2009-02-01,0.62,"SUS"
"US_FL_DENNIS","4","DENNIS_US_FL_2005",2009-02-01,0.67,"SUS"
"VER_MX_KARL","5","KARL_MX_VER_2010",2009-02-01,0.94,"SG"
"YUC_DELTA","5","DELTA_YUCATAN_MX_2020",2009-02-01,0.77,"SG"
"YUC_MX_EMILY","5","EMILY_MX_YUC_2005",2009-02-01,0.93,"SG"
"YUC_MX_ISIDORE","5","ISIDORE_MX_YUC_2002",2009-02-01,1.1,"SG"
"AL_US_IVAN","4","IVAN_US_AL_2004",2009-03-01,0.75,"SUS"
"AL_US_SALLY","4","SALLY_US_AL_2020",2009-03-01,0.71,"SUS"
"ALEX","6","ALEX_2010",2009-03-01,1.11,"WG"
"BELICE_RICHARD","3","RICHARD_BELICE_2010",2009-03-01,0.88,"C"
"BELIZE_IRIS","2","IRIS_BELIZE_2001",2009-03-01,0.78,"CA"
"BETA","2","BETA_2005",2009-03-01,0.69,"CA"
"CR_OTTO","2","OTTO_CR_2016",2009-03-01,0.74,"CA"
"CUBA_DENNIS","3","DENNIS_CUBA_2005",2009-03-01,1.05,"C"
"CUBA_GUSTAV","3","GUSTAV_CUBA_2008",2009-03-01,0.89,"C"
"CUBA_IAN","3","IAN_CUBA_2022",2009-03-01,0.86,"C"
"CUBA_MICHELLE","3","MICHELLE_CUBA_2001",2009-03-01,1.04,"C"
"CUBA_PALOMA","3","PALOMA_CUBA_2008",2009-03-01,0.94,"C"
"CUBA_SANDY","3","SANDY_CUBA_2012",2009-03-01,0.82,"C"
"DEAN_QROO_MX","5","DEAN_QROO_MX_2007",2009-03-01,1.06,"SG"
"FL_US_CHARLEY","1","CHARLEY_2004",2009-03-01,0.94,"FP"
"FL_US_FRANCES","1","FRANCES_US_FL_2004",2009-03-01,0.92,"FP"
"FL_US_IAN","1","IAN_US_FL_2022",2009-03-01,0.95,"FP"
"FL_US_IRMA","1","IRMA_US_FL_2017",2009-03-01,0.92,"FP"
"FL_US_JEANNE","1","JEANNE_US_FL_2004",2009-03-01,0.93,"FP"
"FL_US_MICHAEL","4","MICHAEL_US_FL_2018",2009-03-01,0.81,"SUS"
"FL_US_WILMA","1","WILMA_US_FL_2005",2009-03-01,0.91,"FP"
"LA_US_GUSTAV","4","GUSTAV_US_LA_2008",2009-03-01,0.53,"SUS"
"LA_US_IDA","4","IDA_US_LA_2009",2009-03-01,0.51,"SUS"
"LA_US_KATRINA","4","KATRINA_US_LA_2005",2009-03-01,0.6,"SUS"
"LA_US_LAURA","4","LAURA_US_LA_2020",2009-03-01,0.66,"SUS"
"LA_US_ZETA","4","ZETA_US_LA_2020",2009-03-01,0.47,"SUS"
"MX_ERNESTO","5","ERNESTO_MX_2012",2009-03-01,1.05,"SG"
"MX_GRACE","3","GRACE_MX_2021",2009-03-01,0.78,"C"
"MX_TAMPS_EMILY","6","EMILY_TAMPS_MX_2005",2009-03-01,1.01,"WG"
"NC_US_ISABEL","4","ISABEL_US_NC_2003",2009-03-01,0.5,"SUS"
"NIC_ETA","2","ETA_NIC_2020",2009-03-01,0.83,"CA"
"NIC_FELIX","2","FELIX_NIC_2007",2009-03-01,0.75,"CA"
"NIC_IOTA","2","IOTA_NIC_2020",2009-03-01,0.84,"CA"
"PR_USA_MARIA","3","MARIA_US_PR_2017",2009-03-01,0.75,"C"
"QROO_WILMA","3","WILMA_QROO_2005",2009-03-01,0.9,"C"
"TX_US_HARVEY","6","HARVEY_US_TX_2017",2009-03-01,0.89,"WG"
"TX_US_IKE","4","IKE_US_TX_2008",2009-03-01,0.71,"SUS"
"TX_US_RITA","4","RITA_US_TX_2005",2009-03-01,0.68,"SUS"
"US_FL_DELTA","4","DELTA_US_LA_2020",2009-03-01,0.66,"SUS"
"US_FL_DENNIS","4","DENNIS_US_FL_2005",2009-03-01,0.8,"SUS"
"VER_MX_KARL","5","KARL_MX_VER_2010",2009-03-01,1.09,"SG"
"YUC_DELTA","5","DELTA_YUCATAN_MX_2020",2009-03-01,0.96,"SG"
"YUC_MX_EMILY","5","EMILY_MX_YUC_2005",2009-03-01,1.12,"SG"
"YUC_MX_ISIDORE","5","ISIDORE_MX_YUC_2002",2009-03-01,1.38,"SG"
"AL_US_IVAN","4","IVAN_US_AL_2004",2009-04-01,0.83,"SUS"
"AL_US_SALLY","4","SALLY_US_AL_2020",2009-04-01,0.78,"SUS"
"ALEX","6","ALEX_2010",2009-04-01,1.36,"WG"
"BELICE_RICHARD","3","RICHARD_BELICE_2010",2009-04-01,1.05,"C"
"BELIZE_IRIS","2","IRIS_BELIZE_2001",2009-04-01,0.92,"CA"
"BETA","2","BETA_2005",2009-04-01,0.69,"CA"
"CR_OTTO","2","OTTO_CR_2016",2009-04-01,0.76,"CA"
"CUBA_DENNIS","3","DENNIS_CUBA_2005",2009-04-01,1.18,"C"
"CUBA_GUSTAV","3","GUSTAV_CUBA_2008",2009-04-01,1,"C"
"CUBA_IAN","3","IAN_CUBA_2022",2009-04-01,1,"C"
"CUBA_MICHELLE","3","MICHELLE_CUBA_2001",2009-04-01,1.17,"C"
"CUBA_PALOMA","3","PALOMA_CUBA_2008",2009-04-01,1.14,"C"
"CUBA_SANDY","3","SANDY_CUBA_2012",2009-04-01,0.97,"C"
"DEAN_QROO_MX","5","DEAN_QROO_MX_2007",2009-04-01,1.15,"SG"
"FL_US_CHARLEY","1","CHARLEY_2004",2009-04-01,1.09,"FP"
"FL_US_FRANCES","1","FRANCES_US_FL_2004",2009-04-01,1.07,"FP"
"FL_US_IAN","1","IAN_US_FL_2022",2009-04-01,1.11,"FP"
"FL_US_IRMA","1","IRMA_US_FL_2017",2009-04-01,1.11,"FP"
"FL_US_JEANNE","1","JEANNE_US_FL_2004",2009-04-01,1.08,"FP"
"FL_US_MICHAEL","4","MICHAEL_US_FL_2018",2009-04-01,0.92,"SUS"
"FL_US_WILMA","1","WILMA_US_FL_2005",2009-04-01,1.12,"FP"
"LA_US_GUSTAV","4","GUSTAV_US_LA_2008",2009-04-01,0.67,"SUS"
"LA_US_IDA","4","IDA_US_LA_2009",2009-04-01,0.66,"SUS"
"LA_US_KATRINA","4","KATRINA_US_LA_2005",2009-04-01,0.72,"SUS"
"LA_US_LAURA","4","LAURA_US_LA_2020",2009-04-01,0.8,"SUS"
"LA_US_ZETA","4","ZETA_US_LA_2020",2009-04-01,0.6,"SUS"
"MX_ERNESTO","5","ERNESTO_MX_2012",2009-04-01,1.15,"SG"
"MX_GRACE","3","GRACE_MX_2021",2009-04-01,0.99,"C"
"MX_TAMPS_EMILY","6","EMILY_TAMPS_MX_2005",2009-04-01,1.32,"WG"
"NC_US_ISABEL","4","ISABEL_US_NC_2003",2009-04-01,0.89,"SUS"
"NIC_ETA","2","ETA_NIC_2020",2009-04-01,0.91,"CA"
"NIC_FELIX","2","FELIX_NIC_2007",2009-04-01,0.85,"CA"
"NIC_IOTA","2","IOTA_NIC_2020",2009-04-01,0.91,"CA"
"PR_USA_MARIA","3","MARIA_US_PR_2017",2009-04-01,0.83,"C"
"QROO_WILMA","3","WILMA_QROO_2005",2009-04-01,1.04,"C"
"TX_US_HARVEY","6","HARVEY_US_TX_2017",2009-04-01,1.03,"WG"
"TX_US_IKE","4","IKE_US_TX_2008",2009-04-01,0.79,"SUS"
"TX_US_RITA","4","RITA_US_TX_2005",2009-04-01,0.79,"SUS"
"US_FL_DELTA","4","DELTA_US_LA_2020",2009-04-01,0.82,"SUS"
"US_FL_DENNIS","4","DENNIS_US_FL_2005",2009-04-01,0.84,"SUS"
"VER_MX_KARL","5","KARL_MX_VER_2010",2009-04-01,1.29,"SG"
"YUC_DELTA","5","DELTA_YUCATAN_MX_2020",2009-04-01,1.1,"SG"
"YUC_MX_EMILY","5","EMILY_MX_YUC_2005",2009-04-01,1.19,"SG"
"YUC_MX_ISIDORE","5","ISIDORE_MX_YUC_2002",2009-04-01,1.57,"SG"
"AL_US_IVAN","4","IVAN_US_AL_2004",2009-05-01,0.9,"SUS"
"AL_US_SALLY","4","SALLY_US_AL_2020",2009-05-01,0.82,"SUS"
"ALEX","6","ALEX_2010",2009-05-01,1.42,"WG"
"BELICE_RICHARD","3","RICHARD_BELICE_2010",2009-05-01,1.08,"C"
"BELIZE_IRIS","2","IRIS_BELIZE_2001",2009-05-01,0.89,"CA"
"BETA","2","BETA_2005",2009-05-01,0.46,"CA"
"CR_OTTO","2","OTTO_CR_2016",2009-05-01,0.62,"CA"
"CUBA_DENNIS","3","DENNIS_CUBA_2005",2009-05-01,1.06,"C"
"CUBA_GUSTAV","3","GUSTAV_CUBA_2008",2009-05-01,0.94,"C"
"CUBA_IAN","3","IAN_CUBA_2022",2009-05-01,0.94,"C"
"CUBA_MICHELLE","3","MICHELLE_CUBA_2001",2009-05-01,1.03,"C"
"CUBA_PALOMA","3","PALOMA_CUBA_2008",2009-05-01,0.97,"C"
"CUBA_SANDY","3","SANDY_CUBA_2012",2009-05-01,0.83,"C"
"DEAN_QROO_MX","5","DEAN_QROO_MX_2007",2009-05-01,1.1,"SG"
"FL_US_CHARLEY","1","CHARLEY_2004",2009-05-01,1.17,"FP"
"FL_US_FRANCES","1","FRANCES_US_FL_2004",2009-05-01,1.07,"FP"
"FL_US_IAN","1","IAN_US_FL_2022",2009-05-01,1.17,"FP"
"FL_US_IRMA","1","IRMA_US_FL_2017",2009-05-01,1.13,"FP"
"FL_US_JEANNE","1","JEANNE_US_FL_2004",2009-05-01,1.07,"FP"
"FL_US_MICHAEL","4","MICHAEL_US_FL_2018",2009-05-01,0.98,"SUS"
"FL_US_WILMA","1","WILMA_US_FL_2005",2009-05-01,1.12,"FP"
"LA_US_GUSTAV","4","GUSTAV_US_LA_2008",2009-05-01,0.79,"SUS"
"LA_US_IDA","4","IDA_US_LA_2009",2009-05-01,0.75,"SUS"
"LA_US_KATRINA","4","KATRINA_US_LA_2005",2009-05-01,0.74,"SUS"
"LA_US_LAURA","4","LAURA_US_LA_2020",2009-05-01,0.88,"SUS"
"LA_US_ZETA","4","ZETA_US_LA_2020",2009-05-01,0.68,"SUS"
"MX_ERNESTO","5","ERNESTO_MX_2012",2009-05-01,1.1,"SG"
"MX_GRACE","3","GRACE_MX_2021",2009-05-01,1.06,"C"
"MX_TAMPS_EMILY","6","EMILY_TAMPS_MX_2005",2009-05-01,1.33,"WG"
"NC_US_ISABEL","4","ISABEL_US_NC_2003",2009-05-01,0.93,"SUS"
"NIC_ETA","2","ETA_NIC_2020",2009-05-01,0.74,"CA"
"NIC_FELIX","2","FELIX_NIC_2007",2009-05-01,0.75,"CA"
"NIC_IOTA","2","IOTA_NIC_2020",2009-05-01,0.74,"CA"
"PR_USA_MARIA","3","MARIA_US_PR_2017",2009-05-01,0.79,"C"
"QROO_WILMA","3","WILMA_QROO_2005",2009-05-01,1.09,"C"
"TX_US_HARVEY","6","HARVEY_US_TX_2017",2009-05-01,1.1,"WG"
"TX_US_IKE","4","IKE_US_TX_2008",2009-05-01,0.89,"SUS"
"TX_US_RITA","4","RITA_US_TX_2005",2009-05-01,0.89,"SUS"
"US_FL_DELTA","4","DELTA_US_LA_2020",2009-05-01,0.91,"SUS"
"US_FL_DENNIS","4","DENNIS_US_FL_2005",2009-05-01,0.95,"SUS"
"VER_MX_KARL","5","KARL_MX_VER_2010",2009-05-01,1.32,"SG"
"YUC_DELTA","5","DELTA_YUCATAN_MX_2020",2009-05-01,1.14,"SG"
"YUC_MX_EMILY","5","EMILY_MX_YUC_2005",2009-05-01,1.19,"SG"
"YUC_MX_ISIDORE","5","ISIDORE_MX_YUC_2002",2009-05-01,1.56,"SG"
"AL_US_IVAN","4","IVAN_US_AL_2004",2009-06-01,1.29,"SUS"
"AL_US_SALLY","4","SALLY_US_AL_2020",2009-06-01,1.23,"SUS"
"ALEX","6","ALEX_2010",2009-06-01,1.63,"WG"
"BELICE_RICHARD","3","RICHARD_BELICE_2010",2009-06-01,0.88,"C"
"BELIZE_IRIS","2","IRIS_BELIZE_2001",2009-06-01,0.74,"CA"
"BETA","2","BETA_2005",2009-06-01,0.34,"CA"
"CR_OTTO","2","OTTO_CR_2016",2009-06-01,0.52,"CA"
"CUBA_DENNIS","3","DENNIS_CUBA_2005",2009-06-01,0.94,"C"
"CUBA_GUSTAV","3","GUSTAV_CUBA_2008",2009-06-01,0.81,"C"
"CUBA_IAN","3","IAN_CUBA_2022",2009-06-01,0.79,"C"
"CUBA_MICHELLE","3","MICHELLE_CUBA_2001",2009-06-01,0.93,"C"
"CUBA_PALOMA","3","PALOMA_CUBA_2008",2009-06-01,0.84,"C"
"CUBA_SANDY","3","SANDY_CUBA_2012",2009-06-01,0.78,"C"
"DEAN_QROO_MX","5","DEAN_QROO_MX_2007",2009-06-01,0.88,"SG"
"FL_US_CHARLEY","1","CHARLEY_2004",2009-06-01,1.19,"FP"
"FL_US_FRANCES","1","FRANCES_US_FL_2004",2009-06-01,1.1,"FP"
"FL_US_IAN","1","IAN_US_FL_2022",2009-06-01,1.19,"FP"
"FL_US_IRMA","1","IRMA_US_FL_2017",2009-06-01,1.15,"FP"
"FL_US_JEANNE","1","JEANNE_US_FL_2004",2009-06-01,1.1,"FP"
"FL_US_MICHAEL","4","MICHAEL_US_FL_2018",2009-06-01,1.36,"SUS"
"FL_US_WILMA","1","WILMA_US_FL_2005",2009-06-01,1.1,"FP"
"LA_US_GUSTAV","4","GUSTAV_US_LA_2008",2009-06-01,1.18,"SUS"
"LA_US_IDA","4","IDA_US_LA_2009",2009-06-01,1.17,"SUS"
"LA_US_KATRINA","4","KATRINA_US_LA_2005",2009-06-01,1.19,"SUS"
"LA_US_LAURA","4","LAURA_US_LA_2020",2009-06-01,1.25,"SUS"
"LA_US_ZETA","4","ZETA_US_LA_2020",2009-06-01,1.1,"SUS"
"MX_ERNESTO","5","ERNESTO_MX_2012",2009-06-01,0.86,"SG"
"MX_GRACE","3","GRACE_MX_2021",2009-06-01,1.06,"C"
"MX_TAMPS_EMILY","6","EMILY_TAMPS_MX_2005",2009-06-01,1.66,"WG"
"NC_US_ISABEL","4","ISABEL_US_NC_2003",2009-06-01,1.13,"SUS"
"NIC_ETA","2","ETA_NIC_2020",2009-06-01,0.39,"CA"
"NIC_FELIX","2","FELIX_NIC_2007",2009-06-01,0.41,"CA"
"NIC_IOTA","2","IOTA_NIC_2020",2009-06-01,0.4,"CA"
"PR_USA_MARIA","3","MARIA_US_PR_2017",2009-06-01,0.8,"C"
"QROO_WILMA","3","WILMA_QROO_2005",2009-06-01,0.89,"C"
"TX_US_HARVEY","6","HARVEY_US_TX_2017",2009-06-01,1.47,"WG"
"TX_US_IKE","4","IKE_US_TX_2008",2009-06-01,1.26,"SUS"
"TX_US_RITA","4","RITA_US_TX_2005",2009-06-01,1.24,"SUS"
"US_FL_DELTA","4","DELTA_US_LA_2020",2009-06-01,1.26,"SUS"
"US_FL_DENNIS","4","DENNIS_US_FL_2005",2009-06-01,1.32,"SUS"
"VER_MX_KARL","5","KARL_MX_VER_2010",2009-06-01,1.09,"SG"
"YUC_DELTA","5","DELTA_YUCATAN_MX_2020",2009-06-01,0.91,"SG"
"YUC_MX_EMILY","5","EMILY_MX_YUC_2005",2009-06-01,0.96,"SG"
"YUC_MX_ISIDORE","5","ISIDORE_MX_YUC_2002",2009-06-01,1.14,"SG"
"AL_US_IVAN","4","IVAN_US_AL_2004",2009-07-01,1.12,"SUS"
"AL_US_SALLY","4","SALLY_US_AL_2020",2009-07-01,1.05,"SUS"
"ALEX","6","ALEX_2010",2009-07-01,1.71,"WG"
"BELICE_RICHARD","3","RICHARD_BELICE_2010",2009-07-01,0.83,"C"
"BELIZE_IRIS","2","IRIS_BELIZE_2001",2009-07-01,0.69,"CA"
"BETA","2","BETA_2005",2009-07-01,0.28,"CA"
"CR_OTTO","2","OTTO_CR_2016",2009-07-01,0.43,"CA"
"CUBA_DENNIS","3","DENNIS_CUBA_2005",2009-07-01,1.03,"C"
"CUBA_GUSTAV","3","GUSTAV_CUBA_2008",2009-07-01,0.88,"C"
"CUBA_IAN","3","IAN_CUBA_2022",2009-07-01,0.87,"C"
"CUBA_MICHELLE","3","MICHELLE_CUBA_2001",2009-07-01,1.02,"C"
"CUBA_PALOMA","3","PALOMA_CUBA_2008",2009-07-01,1.02,"C"
"CUBA_SANDY","3","SANDY_CUBA_2012",2009-07-01,0.9,"C"
"DEAN_QROO_MX","5","DEAN_QROO_MX_2007",2009-07-01,0.94,"SG"
"FL_US_CHARLEY","1","CHARLEY_2004",2009-07-01,1.12,"FP"
"FL_US_FRANCES","1","FRANCES_US_FL_2004",2009-07-01,1.11,"FP"
"FL_US_IAN","1","IAN_US_FL_2022",2009-07-01,1.13,"FP"
"FL_US_IRMA","1","IRMA_US_FL_2017",2009-07-01,1.16,"FP"
"FL_US_JEANNE","1","JEANNE_US_FL_2004",2009-07-01,1.12,"FP"
"FL_US_MICHAEL","4","MICHAEL_US_FL_2018",2009-07-01,1.06,"SUS"
"FL_US_WILMA","1","WILMA_US_FL_2005",2009-07-01,1.13,"FP"
"LA_US_GUSTAV","4","GUSTAV_US_LA_2008",2009-07-01,1.16,"SUS"
"LA_US_IDA","4","IDA_US_LA_2009",2009-07-01,1.16,"SUS"
"LA_US_KATRINA","4","KATRINA_US_LA_2005",2009-07-01,1.09,"SUS"
"LA_US_LAURA","4","LAURA_US_LA_2020",2009-07-01,1.23,"SUS"
"LA_US_ZETA","4","ZETA_US_LA_2020",2009-07-01,1.11,"SUS"
"MX_ERNESTO","5","ERNESTO_MX_2012",2009-07-01,0.93,"SG"
"MX_GRACE","3","GRACE_MX_2021",2009-07-01,0.95,"C"
"MX_TAMPS_EMILY","6","EMILY_TAMPS_MX_2005",2009-07-01,1.81,"WG"
"NC_US_ISABEL","4","ISABEL_US_NC_2003",2009-07-01,1.24,"SUS"
"NIC_ETA","2","ETA_NIC_2020",2009-07-01,0.48,"CA"
"NIC_FELIX","2","FELIX_NIC_2007",2009-07-01,0.47,"CA"
"NIC_IOTA","2","IOTA_NIC_2020",2009-07-01,0.49,"CA"
"PR_USA_MARIA","3","MARIA_US_PR_2017",2009-07-01,0.81,"C"
"QROO_WILMA","3","WILMA_QROO_2005",2009-07-01,0.92,"C"
"TX_US_HARVEY","6","HARVEY_US_TX_2017",2009-07-01,1.69,"WG"
"TX_US_IKE","4","IKE_US_TX_2008",2009-07-01,1.36,"SUS"
"TX_US_RITA","4","RITA_US_TX_2005",2009-07-01,1.27,"SUS"
"US_FL_DELTA","4","DELTA_US_LA_2020",2009-07-01,1.21,"SUS"
"US_FL_DENNIS","4","DENNIS_US_FL_2005",2009-07-01,1.15,"SUS"
"VER_MX_KARL","5","KARL_MX_VER_2010",2009-07-01,0.84,"SG"
"YUC_DELTA","5","DELTA_YUCATAN_MX_2020",2009-07-01,0.93,"SG"
"YUC_MX_EMILY","5","EMILY_MX_YUC_2005",2009-07-01,1.03,"SG"
"YUC_MX_ISIDORE","5","ISIDORE_MX_YUC_2002",2009-07-01,1.06,"SG"
"AL_US_IVAN","4","IVAN_US_AL_2004",2009-08-01,0.96,"SUS"
"AL_US_SALLY","4","SALLY_US_AL_2020",2009-08-01,0.9,"SUS"
"ALEX","6","ALEX_2010",2009-08-01,1.71,"WG"
"BELICE_RICHARD","3","RICHARD_BELICE_2010",2009-08-01,0.8,"C"
"BELIZE_IRIS","2","IRIS_BELIZE_2001",2009-08-01,0.64,"CA"
"BETA","2","BETA_2005",2009-08-01,0.35,"CA"
"CR_OTTO","2","OTTO_CR_2016",2009-08-01,0.46,"CA"
"CUBA_DENNIS","3","DENNIS_CUBA_2005",2009-08-01,1.02,"C"
"CUBA_GUSTAV","3","GUSTAV_CUBA_2008",2009-08-01,0.88,"C"
"CUBA_IAN","3","IAN_CUBA_2022",2009-08-01,0.86,"C"
"CUBA_MICHELLE","3","MICHELLE_CUBA_2001",2009-08-01,1,"C"
"CUBA_PALOMA","3","PALOMA_CUBA_2008",2009-08-01,1.01,"C"
"CUBA_SANDY","3","SANDY_CUBA_2012",2009-08-01,0.95,"C"
"DEAN_QROO_MX","5","DEAN_QROO_MX_2007",2009-08-01,0.9,"SG"
"FL_US_CHARLEY","1","CHARLEY_2004",2009-08-01,1.1,"FP"
"FL_US_FRANCES","1","FRANCES_US_FL_2004",2009-08-01,1.08,"FP"
"FL_US_IAN","1","IAN_US_FL_2022",2009-08-01,1.11,"FP"
"FL_US_IRMA","1","IRMA_US_FL_2017",2009-08-01,1.11,"FP"
"FL_US_JEANNE","1","JEANNE_US_FL_2004",2009-08-01,1.08,"FP"
"FL_US_MICHAEL","4","MICHAEL_US_FL_2018",2009-08-01,0.91,"SUS"
"FL_US_WILMA","1","WILMA_US_FL_2005",2009-08-01,1.1,"FP"
"LA_US_GUSTAV","4","GUSTAV_US_LA_2008",2009-08-01,1,"SUS"
"LA_US_IDA","4","IDA_US_LA_2009",2009-08-01,1.03,"SUS"
"LA_US_KATRINA","4","KATRINA_US_LA_2005",2009-08-01,0.98,"SUS"
"LA_US_LAURA","4","LAURA_US_LA_2020",2009-08-01,1.2,"SUS"
"LA_US_ZETA","4","ZETA_US_LA_2020",2009-08-01,0.97,"SUS"
"MX_ERNESTO","5","ERNESTO_MX_2012",2009-08-01,0.89,"SG"
"MX_GRACE","3","GRACE_MX_2021",2009-08-01,0.89,"C"
"MX_TAMPS_EMILY","6","EMILY_TAMPS_MX_2005",2009-08-01,1.89,"WG"
"NC_US_ISABEL","4","ISABEL_US_NC_2003",2009-08-01,1.12,"SUS"
"NIC_ETA","2","ETA_NIC_2020",2009-08-01,0.49,"CA"
"NIC_FELIX","2","FELIX_NIC_2007",2009-08-01,0.5,"CA"
"NIC_IOTA","2","IOTA_NIC_2020",2009-08-01,0.5,"CA"
"PR_USA_MARIA","3","MARIA_US_PR_2017",2009-08-01,0.79,"C"
"QROO_WILMA","3","WILMA_QROO_2005",2009-08-01,0.88,"C"
"TX_US_HARVEY","6","HARVEY_US_TX_2017",2009-08-01,1.7,"WG"
"TX_US_IKE","4","IKE_US_TX_2008",2009-08-01,1.4,"SUS"
"TX_US_RITA","4","RITA_US_TX_2005",2009-08-01,1.26,"SUS"
"US_FL_DELTA","4","DELTA_US_LA_2020",2009-08-01,1.15,"SUS"
"US_FL_DENNIS","4","DENNIS_US_FL_2005",2009-08-01,0.95,"SUS"
"VER_MX_KARL","5","KARL_MX_VER_2010",2009-08-01,0.89,"SG"
"YUC_DELTA","5","DELTA_YUCATAN_MX_2020",2009-08-01,0.89,"SG"
"YUC_MX_EMILY","5","EMILY_MX_YUC_2005",2009-08-01,0.97,"SG"
"YUC_MX_ISIDORE","5","ISIDORE_MX_YUC_2002",2009-08-01,0.98,"SG"
"AL_US_IVAN","4","IVAN_US_AL_2004",2009-09-01,1,"SUS"
"AL_US_SALLY","4","SALLY_US_AL_2020",2009-09-01,0.93,"SUS"
"ALEX","6","ALEX_2010",2009-09-01,1.24,"WG"
"BELICE_RICHARD","3","RICHARD_BELICE_2010",2009-09-01,0.75,"C"
"BELIZE_IRIS","2","IRIS_BELIZE_2001",2009-09-01,0.59,"CA"
"BETA","2","BETA_2005",2009-09-01,0.38,"CA"
"CR_OTTO","2","OTTO_CR_2016",2009-09-01,0.51,"CA"
"CUBA_DENNIS","3","DENNIS_CUBA_2005",2009-09-01,0.86,"C"
"CUBA_GUSTAV","3","GUSTAV_CUBA_2008",2009-09-01,0.75,"C"
"CUBA_IAN","3","IAN_CUBA_2022",2009-09-01,0.73,"C"
"CUBA_MICHELLE","3","MICHELLE_CUBA_2001",2009-09-01,0.82,"C"
"CUBA_PALOMA","3","PALOMA_CUBA_2008",2009-09-01,0.81,"C"
"CUBA_SANDY","3","SANDY_CUBA_2012",2009-09-01,0.74,"C"
"DEAN_QROO_MX","5","DEAN_QROO_MX_2007",2009-09-01,0.85,"SG"
"FL_US_CHARLEY","1","CHARLEY_2004",2009-09-01,1.04,"FP"
"FL_US_FRANCES","1","FRANCES_US_FL_2004",2009-09-01,1.01,"FP"
"FL_US_IAN","1","IAN_US_FL_2022",2009-09-01,1.04,"FP"
"FL_US_IRMA","1","IRMA_US_FL_2017",2009-09-01,1.05,"FP"
"FL_US_JEANNE","1","JEANNE_US_FL_2004",2009-09-01,1.02,"FP"
"FL_US_MICHAEL","4","MICHAEL_US_FL_2018",2009-09-01,1.09,"SUS"
"FL_US_WILMA","1","WILMA_US_FL_2005",2009-09-01,1.04,"FP"
"LA_US_GUSTAV","4","GUSTAV_US_LA_2008",2009-09-01,0.79,"SUS"
"LA_US_IDA","4","IDA_US_LA_2009",2009-09-01,0.78,"SUS"
"LA_US_KATRINA","4","KATRINA_US_LA_2005",2009-09-01,0.84,"SUS"
"LA_US_LAURA","4","LAURA_US_LA_2020",2009-09-01,0.94,"SUS"
"LA_US_ZETA","4","ZETA_US_LA_2020",2009-09-01,0.76,"SUS"
"MX_ERNESTO","5","ERNESTO_MX_2012",2009-09-01,0.84,"SG"
"MX_GRACE","3","GRACE_MX_2021",2009-09-01,0.7,"C"
"MX_TAMPS_EMILY","6","EMILY_TAMPS_MX_2005",2009-09-01,1.27,"WG"
"NC_US_ISABEL","4","ISABEL_US_NC_2003",2009-09-01,0.9,"SUS"
"NIC_ETA","2","ETA_NIC_2020",2009-09-01,0.57,"CA"
"NIC_FELIX","2","FELIX_NIC_2007",2009-09-01,0.61,"CA"
"NIC_IOTA","2","IOTA_NIC_2020",2009-09-01,0.56,"CA"
"PR_USA_MARIA","3","MARIA_US_PR_2017",2009-09-01,0.78,"C"
"QROO_WILMA","3","WILMA_QROO_2005",2009-09-01,0.76,"C"
"TX_US_HARVEY","6","HARVEY_US_TX_2017",2009-09-01,1.12,"WG"
"TX_US_IKE","4","IKE_US_TX_2008",2009-09-01,1,"SUS"
"TX_US_RITA","4","RITA_US_TX_2005",2009-09-01,0.96,"SUS"
"US_FL_DELTA","4","DELTA_US_LA_2020",2009-09-01,0.95,"SUS"
"US_FL_DENNIS","4","DENNIS_US_FL_2005",2009-09-01,1.07,"SUS"
"VER_MX_KARL","5","KARL_MX_VER_2010",2009-09-01,0.81,"SG"
"YUC_DELTA","5","DELTA_YUCATAN_MX_2020",2009-09-01,0.77,"SG"
"YUC_MX_EMILY","5","EMILY_MX_YUC_2005",2009-09-01,0.85,"SG"
"YUC_MX_ISIDORE","5","ISIDORE_MX_YUC_2002",2009-09-01,0.94,"SG"
"AL_US_IVAN","4","IVAN_US_AL_2004",2009-10-01,0.71,"SUS"
"AL_US_SALLY","4","SALLY_US_AL_2020",2009-10-01,0.63,"SUS"
"ALEX","6","ALEX_2010",2009-10-01,1.06,"WG"
"BELICE_RICHARD","3","RICHARD_BELICE_2010",2009-10-01,0.72,"C"
"BELIZE_IRIS","2","IRIS_BELIZE_2001",2009-10-01,0.59,"CA"
"BETA","2","BETA_2005",2009-10-01,0.43,"CA"
"CR_OTTO","2","OTTO_CR_2016",2009-10-01,0.47,"CA"
"CUBA_DENNIS","3","DENNIS_CUBA_2005",2009-10-01,0.88,"C"
"CUBA_GUSTAV","3","GUSTAV_CUBA_2008",2009-10-01,0.77,"C"
"CUBA_IAN","3","IAN_CUBA_2022",2009-10-01,0.76,"C"
"CUBA_MICHELLE","3","MICHELLE_CUBA_2001",2009-10-01,0.86,"C"
"CUBA_PALOMA","3","PALOMA_CUBA_2008",2009-10-01,0.76,"C"
"CUBA_SANDY","3","SANDY_CUBA_2012",2009-10-01,0.62,"C"
"DEAN_QROO_MX","5","DEAN_QROO_MX_2007",2009-10-01,0.78,"SG"
"FL_US_CHARLEY","1","CHARLEY_2004",2009-10-01,1.07,"FP"
"FL_US_FRANCES","1","FRANCES_US_FL_2004",2009-10-01,1.06,"FP"
"FL_US_IAN","1","IAN_US_FL_2022",2009-10-01,1.09,"FP"
"FL_US_IRMA","1","IRMA_US_FL_2017",2009-10-01,1.12,"FP"
"FL_US_JEANNE","1","JEANNE_US_FL_2004",2009-10-01,1.06,"FP"
"FL_US_MICHAEL","4","MICHAEL_US_FL_2018",2009-10-01,0.85,"SUS"
"FL_US_WILMA","1","WILMA_US_FL_2005",2009-10-01,1.1,"FP"
"LA_US_GUSTAV","4","GUSTAV_US_LA_2008",2009-10-01,0.56,"SUS"
"LA_US_IDA","4","IDA_US_LA_2009",2009-10-01,0.55,"SUS"
"LA_US_KATRINA","4","KATRINA_US_LA_2005",2009-10-01,0.56,"SUS"
"LA_US_LAURA","4","LAURA_US_LA_2020",2009-10-01,0.69,"SUS"
"LA_US_ZETA","4","ZETA_US_LA_2020",2009-10-01,0.51,"SUS"
"MX_ERNESTO","5","ERNESTO_MX_2012",2009-10-01,0.77,"SG"
"MX_GRACE","3","GRACE_MX_2021",2009-10-01,0.76,"C"
"MX_TAMPS_EMILY","6","EMILY_TAMPS_MX_2005",2009-10-01,1.02,"WG"
"NC_US_ISABEL","4","ISABEL_US_NC_2003",2009-10-01,0.73,"SUS"
"NIC_ETA","2","ETA_NIC_2020",2009-10-01,0.69,"CA"
"NIC_FELIX","2","FELIX_NIC_2007",2009-10-01,0.71,"CA"
"NIC_IOTA","2","IOTA_NIC_2020",2009-10-01,0.69,"CA"
"PR_USA_MARIA","3","MARIA_US_PR_2017",2009-10-01,0.77,"C"
"QROO_WILMA","3","WILMA_QROO_2005",2009-10-01,0.73,"C"
"TX_US_HARVEY","6","HARVEY_US_TX_2017",2009-10-01,0.91,"WG"
"TX_US_IKE","4","IKE_US_TX_2008",2009-10-01,0.75,"SUS"
"TX_US_RITA","4","RITA_US_TX_2005",2009-10-01,0.7,"SUS"
"US_FL_DELTA","4","DELTA_US_LA_2020",2009-10-01,0.72,"SUS"
"US_FL_DENNIS","4","DENNIS_US_FL_2005",2009-10-01,0.76,"SUS"
"VER_MX_KARL","5","KARL_MX_VER_2010",2009-10-01,0.89,"SG"
"YUC_DELTA","5","DELTA_YUCATAN_MX_2020",2009-10-01,0.74,"SG"
"YUC_MX_EMILY","5","EMILY_MX_YUC_2005",2009-10-01,0.81,"SG"
"YUC_MX_ISIDORE","5","ISIDORE_MX_YUC_2002",2009-10-01,0.83,"SG"
"AL_US_IVAN","4","IVAN_US_AL_2004",2009-11-01,0.52,"SUS"
"AL_US_SALLY","4","SALLY_US_AL_2020",2009-11-01,0.53,"SUS"
"ALEX","6","ALEX_2010",2009-11-01,0.82,"WG"
"BELICE_RICHARD","3","RICHARD_BELICE_2010",2009-11-01,0.57,"C"
"BELIZE_IRIS","2","IRIS_BELIZE_2001",2009-11-01,0.45,"CA"
"BETA","2","BETA_2005",2009-11-01,0.5,"CA"
"CR_OTTO","2","OTTO_CR_2016",2009-11-01,0.53,"CA"
"CUBA_DENNIS","3","DENNIS_CUBA_2005",2009-11-01,0.81,"C"
"CUBA_GUSTAV","3","GUSTAV_CUBA_2008",2009-11-01,0.76,"C"
"CUBA_IAN","3","IAN_CUBA_2022",2009-11-01,0.73,"C"
"CUBA_MICHELLE","3","MICHELLE_CUBA_2001",2009-11-01,0.79,"C"
"CUBA_PALOMA","3","PALOMA_CUBA_2008",2009-11-01,0.76,"C"
"CUBA_SANDY","3","SANDY_CUBA_2012",2009-11-01,0.63,"C"
"DEAN_QROO_MX","5","DEAN_QROO_MX_2007",2009-11-01,0.69,"SG"
"FL_US_CHARLEY","1","CHARLEY_2004",2009-11-01,0.8,"FP"
"FL_US_FRANCES","1","FRANCES_US_FL_2004",2009-11-01,0.78,"FP"
"FL_US_IAN","1","IAN_US_FL_2022",2009-11-01,0.81,"FP"
"FL_US_IRMA","1","IRMA_US_FL_2017",2009-11-01,0.87,"FP"
"FL_US_JEANNE","1","JEANNE_US_FL_2004",2009-11-01,0.79,"FP"
"FL_US_MICHAEL","4","MICHAEL_US_FL_2018",2009-11-01,0.56,"SUS"
"FL_US_WILMA","1","WILMA_US_FL_2005",2009-11-01,0.86,"FP"
"LA_US_GUSTAV","4","GUSTAV_US_LA_2008",2009-11-01,0.58,"SUS"
"LA_US_IDA","4","IDA_US_LA_2009",2009-11-01,0.59,"SUS"
"LA_US_KATRINA","4","KATRINA_US_LA_2005",2009-11-01,0.58,"SUS"
"LA_US_LAURA","4","LAURA_US_LA_2020",2009-11-01,0.63,"SUS"
"LA_US_ZETA","4","ZETA_US_LA_2020",2009-11-01,0.56,"SUS"
"MX_ERNESTO","5","ERNESTO_MX_2012",2009-11-01,0.68,"SG"
"MX_GRACE","3","GRACE_MX_2021",2009-11-01,0.48,"C"
"MX_TAMPS_EMILY","6","EMILY_TAMPS_MX_2005",2009-11-01,0.82,"WG"
"NC_US_ISABEL","4","ISABEL_US_NC_2003",2009-11-01,0.56,"SUS"
"NIC_ETA","2","ETA_NIC_2020",2009-11-01,0.55,"CA"
"NIC_FELIX","2","FELIX_NIC_2007",2009-11-01,0.54,"CA"
"NIC_IOTA","2","IOTA_NIC_2020",2009-11-01,0.56,"CA"
"PR_USA_MARIA","3","MARIA_US_PR_2017",2009-11-01,0.83,"C"
"QROO_WILMA","3","WILMA_QROO_2005",2009-11-01,0.7,"C"
"TX_US_HARVEY","6","HARVEY_US_TX_2017",2009-11-01,0.83,"WG"
"TX_US_IKE","4","IKE_US_TX_2008",2009-11-01,0.69,"SUS"
"TX_US_RITA","4","RITA_US_TX_2005",2009-11-01,0.65,"SUS"
"US_FL_DELTA","4","DELTA_US_LA_2020",2009-11-01,0.64,"SUS"
"US_FL_DENNIS","4","DENNIS_US_FL_2005",2009-11-01,0.5,"SUS"
"VER_MX_KARL","5","KARL_MX_VER_2010",2009-11-01,0.73,"SG"
"YUC_DELTA","5","DELTA_YUCATAN_MX_2020",2009-11-01,0.72,"SG"
"YUC_MX_EMILY","5","EMILY_MX_YUC_2005",2009-11-01,0.78,"SG"
"YUC_MX_ISIDORE","5","ISIDORE_MX_YUC_2002",2009-11-01,0.83,"SG"
"AL_US_IVAN","4","IVAN_US_AL_2004",2009-12-01,0.36,"SUS"
"AL_US_SALLY","4","SALLY_US_AL_2020",2009-12-01,0.33,"SUS"
"ALEX","6","ALEX_2010",2009-12-01,0.53,"WG"
"BELICE_RICHARD","3","RICHARD_BELICE_2010",2009-12-01,0.57,"C"
"BELIZE_IRIS","2","IRIS_BELIZE_2001",2009-12-01,0.5,"CA"
"BETA","2","BETA_2005",2009-12-01,0.39,"CA"
"CR_OTTO","2","OTTO_CR_2016",2009-12-01,0.58,"CA"
"CUBA_DENNIS","3","DENNIS_CUBA_2005",2009-12-01,0.92,"C"
"CUBA_GUSTAV","3","GUSTAV_CUBA_2008",2009-12-01,0.75,"C"
"CUBA_IAN","3","IAN_CUBA_2022",2009-12-01,0.73,"C"
"CUBA_MICHELLE","3","MICHELLE_CUBA_2001",2009-12-01,0.89,"C"
"CUBA_PALOMA","3","PALOMA_CUBA_2008",2009-12-01,0.78,"C"
"CUBA_SANDY","3","SANDY_CUBA_2012",2009-12-01,0.7,"C"
"DEAN_QROO_MX","5","DEAN_QROO_MX_2007",2009-12-01,0.67,"SG"
"FL_US_CHARLEY","1","CHARLEY_2004",2009-12-01,0.67,"FP"
"FL_US_FRANCES","1","FRANCES_US_FL_2004",2009-12-01,0.67,"FP"
"FL_US_IAN","1","IAN_US_FL_2022",2009-12-01,0.68,"FP"
"FL_US_IRMA","1","IRMA_US_FL_2017",2009-12-01,0.78,"FP"
"FL_US_JEANNE","1","JEANNE_US_FL_2004",2009-12-01,0.68,"FP"
"FL_US_MICHAEL","4","MICHAEL_US_FL_2018",2009-12-01,0.37,"SUS"
"FL_US_WILMA","1","WILMA_US_FL_2005",2009-12-01,0.77,"FP"
"LA_US_GUSTAV","4","GUSTAV_US_LA_2008",2009-12-01,0.28,"SUS"
"LA_US_IDA","4","IDA_US_LA_2009",2009-12-01,0.31,"SUS"
"LA_US_KATRINA","4","KATRINA_US_LA_2005",2009-12-01,0.34,"SUS"
"LA_US_LAURA","4","LAURA_US_LA_2020",2009-12-01,0.32,"SUS"
"LA_US_ZETA","4","ZETA_US_LA_2020",2009-12-01,0.28,"SUS"
"MX_ERNESTO","5","ERNESTO_MX_2012",2009-12-01,0.66,"SG"
"MX_GRACE","3","GRACE_MX_2021",2009-12-01,0.41,"C"
"MX_TAMPS_EMILY","6","EMILY_TAMPS_MX_2005",2009-12-01,0.5,"WG"
"NC_US_ISABEL","4","ISABEL_US_NC_2003",2009-12-01,0.41,"SUS"
"NIC_ETA","2","ETA_NIC_2020",2009-12-01,0.53,"CA"
"NIC_FELIX","2","FELIX_NIC_2007",2009-12-01,0.5,"CA"
"NIC_IOTA","2","IOTA_NIC_2020",2009-12-01,0.54,"CA"
"PR_USA_MARIA","3","MARIA_US_PR_2017",2009-12-01,0.76,"C"
"QROO_WILMA","3","WILMA_QROO_2005",2009-12-01,0.7,"C"
"TX_US_HARVEY","6","HARVEY_US_TX_2017",2009-12-01,0.45,"WG"
"TX_US_IKE","4","IKE_US_TX_2008",2009-12-01,0.36,"SUS"
"TX_US_RITA","4","RITA_US_TX_2005",2009-12-01,0.34,"SUS"
"US_FL_DELTA","4","DELTA_US_LA_2020",2009-12-01,0.32,"SUS"
"US_FL_DENNIS","4","DENNIS_US_FL_2005",2009-12-01,0.35,"SUS"
"VER_MX_KARL","5","KARL_MX_VER_2010",2009-12-01,0.7,"SG"
"YUC_DELTA","5","DELTA_YUCATAN_MX_2020",2009-12-01,0.72,"SG"
"YUC_MX_EMILY","5","EMILY_MX_YUC_2005",2009-12-01,0.81,"SG"
"YUC_MX_ISIDORE","5","ISIDORE_MX_YUC_2002",2009-12-01,0.79,"SG"
"AL_US_IVAN","4","IVAN_US_AL_2004",2010-01-01,0.4,"SUS"
"AL_US_SALLY","4","SALLY_US_AL_2020",2010-01-01,0.4,"SUS"
"ALEX","6","ALEX_2010",2010-01-01,0.57,"WG"
"BELICE_RICHARD","3","RICHARD_BELICE_2010",2010-01-01,0.54,"C"
"BELIZE_IRIS","2","IRIS_BELIZE_2001",2010-01-01,0.51,"CA"
"BETA","2","BETA_2005",2010-01-01,0.55,"CA"
"CR_OTTO","2","OTTO_CR_2016",2010-01-01,0.65,"CA"
"CUBA_DENNIS","3","DENNIS_CUBA_2005",2010-01-01,0.75,"C"
"CUBA_GUSTAV","3","GUSTAV_CUBA_2008",2010-01-01,0.68,"C"
"CUBA_IAN","3","IAN_CUBA_2022",2010-01-01,0.66,"C"
"CUBA_MICHELLE","3","MICHELLE_CUBA_2001",2010-01-01,0.71,"C"
"CUBA_PALOMA","3","PALOMA_CUBA_2008",2010-01-01,0.56,"C"
"CUBA_SANDY","3","SANDY_CUBA_2012",2010-01-01,0.49,"C"
"DEAN_QROO_MX","5","DEAN_QROO_MX_2007",2010-01-01,0.65,"SG"
"FL_US_CHARLEY","1","CHARLEY_2004",2010-01-01,0.61,"FP"
"FL_US_FRANCES","1","FRANCES_US_FL_2004",2010-01-01,0.61,"FP"
"FL_US_IAN","1","IAN_US_FL_2022",2010-01-01,0.61,"FP"
"FL_US_IRMA","1","IRMA_US_FL_2017",2010-01-01,0.64,"FP"
"FL_US_JEANNE","1","JEANNE_US_FL_2004",2010-01-01,0.62,"FP"
"FL_US_MICHAEL","4","MICHAEL_US_FL_2018",2010-01-01,0.45,"SUS"
"FL_US_WILMA","1","WILMA_US_FL_2005",2010-01-01,0.63,"FP"
"LA_US_GUSTAV","4","GUSTAV_US_LA_2008",2010-01-01,0.31,"SUS"
"LA_US_IDA","4","IDA_US_LA_2009",2010-01-01,0.34,"SUS"
"LA_US_KATRINA","4","KATRINA_US_LA_2005",2010-01-01,0.37,"SUS"
"LA_US_LAURA","4","LAURA_US_LA_2020",2010-01-01,0.41,"SUS"
"LA_US_ZETA","4","ZETA_US_LA_2020",2010-01-01,0.32,"SUS"
"MX_ERNESTO","5","ERNESTO_MX_2012",2010-01-01,0.65,"SG"
"MX_GRACE","3","GRACE_MX_2021",2010-01-01,0.42,"C"
"MX_TAMPS_EMILY","6","EMILY_TAMPS_MX_2005",2010-01-01,0.46,"WG"
"NC_US_ISABEL","4","ISABEL_US_NC_2003",2010-01-01,0.31,"SUS"
"NIC_ETA","2","ETA_NIC_2020",2010-01-01,0.55,"CA"
"NIC_FELIX","2","FELIX_NIC_2007",2010-01-01,0.48,"CA"
"NIC_IOTA","2","IOTA_NIC_2020",2010-01-01,0.57,"CA"
"PR_USA_MARIA","3","MARIA_US_PR_2017",2010-01-01,0.77,"C"
"QROO_WILMA","3","WILMA_QROO_2005",2010-01-01,0.61,"C"
"TX_US_HARVEY","6","HARVEY_US_TX_2017",2010-01-01,0.48,"WG"
"TX_US_IKE","4","IKE_US_TX_2008",2010-01-01,0.42,"SUS"
"TX_US_RITA","4","RITA_US_TX_2005",2010-01-01,0.4,"SUS"
"US_FL_DELTA","4","DELTA_US_LA_2020",2010-01-01,0.39,"SUS"
"US_FL_DENNIS","4","DENNIS_US_FL_2005",2010-01-01,0.4,"SUS"
"VER_MX_KARL","5","KARL_MX_VER_2010",2010-01-01,0.71,"SG"
"YUC_DELTA","5","DELTA_YUCATAN_MX_2020",2010-01-01,0.64,"SG"
"YUC_MX_EMILY","5","EMILY_MX_YUC_2005",2010-01-01,0.76,"SG"
"YUC_MX_ISIDORE","5","ISIDORE_MX_YUC_2002",2010-01-01,0.79,"SG"
"AL_US_IVAN","4","IVAN_US_AL_2004",2010-02-01,0.37,"SUS"
"AL_US_SALLY","4","SALLY_US_AL_2020",2010-02-01,0.38,"SUS"
"ALEX","6","ALEX_2010",2010-02-01,0.58,"WG"
"BELICE_RICHARD","3","RICHARD_BELICE_2010",2010-02-01,0.66,"C"
"BELIZE_IRIS","2","IRIS_BELIZE_2001",2010-02-01,0.6,"CA"
"BETA","2","BETA_2005",2010-02-01,0.64,"CA"
"CR_OTTO","2","OTTO_CR_2016",2010-02-01,0.79,"CA"
"CUBA_DENNIS","3","DENNIS_CUBA_2005",2010-02-01,0.8,"C"
"CUBA_GUSTAV","3","GUSTAV_CUBA_2008",2010-02-01,0.66,"C"
"CUBA_IAN","3","IAN_CUBA_2022",2010-02-01,0.66,"C"
"CUBA_MICHELLE","3","MICHELLE_CUBA_2001",2010-02-01,0.78,"C"
"CUBA_PALOMA","3","PALOMA_CUBA_2008",2010-02-01,0.64,"C"
"CUBA_SANDY","3","SANDY_CUBA_2012",2010-02-01,0.57,"C"
"DEAN_QROO_MX","5","DEAN_QROO_MX_2007",2010-02-01,0.79,"SG"
"FL_US_CHARLEY","1","CHARLEY_2004",2010-02-01,0.55,"FP"
"FL_US_FRANCES","1","FRANCES_US_FL_2004",2010-02-01,0.58,"FP"
"FL_US_IAN","1","IAN_US_FL_2022",2010-02-01,0.57,"FP"
"FL_US_IRMA","1","IRMA_US_FL_2017",2010-02-01,0.57,"FP"
"FL_US_JEANNE","1","JEANNE_US_FL_2004",2010-02-01,0.58,"FP"
"FL_US_MICHAEL","4","MICHAEL_US_FL_2018",2010-02-01,0.44,"SUS"
"FL_US_WILMA","1","WILMA_US_FL_2005",2010-02-01,0.58,"FP"
"LA_US_GUSTAV","4","GUSTAV_US_LA_2008",2010-02-01,0.23,"SUS"
"LA_US_IDA","4","IDA_US_LA_2009",2010-02-01,0.27,"SUS"
"LA_US_KATRINA","4","KATRINA_US_LA_2005",2010-02-01,0.34,"SUS"
"LA_US_LAURA","4","LAURA_US_LA_2020",2010-02-01,0.36,"SUS"
"LA_US_ZETA","4","ZETA_US_LA_2020",2010-02-01,0.23,"SUS"
"MX_ERNESTO","5","ERNESTO_MX_2012",2010-02-01,0.78,"SG"
"MX_GRACE","3","GRACE_MX_2021",2010-02-01,0.46,"C"
"MX_TAMPS_EMILY","6","EMILY_TAMPS_MX_2005",2010-02-01,0.51,"WG"
"NC_US_ISABEL","4","ISABEL_US_NC_2003",2010-02-01,0.31,"SUS"
"NIC_ETA","2","ETA_NIC_2020",2010-02-01,0.59,"CA"
"NIC_FELIX","2","FELIX_NIC_2007",2010-02-01,0.53,"CA"
"NIC_IOTA","2","IOTA_NIC_2020",2010-02-01,0.61,"CA"
"PR_USA_MARIA","3","MARIA_US_PR_2017",2010-02-01,0.8,"C"
"QROO_WILMA","3","WILMA_QROO_2005",2010-02-01,0.65,"C"
"TX_US_HARVEY","6","HARVEY_US_TX_2017",2010-02-01,0.44,"WG"
"TX_US_IKE","4","IKE_US_TX_2008",2010-02-01,0.4,"SUS"
"TX_US_RITA","4","RITA_US_TX_2005",2010-02-01,0.39,"SUS"
"US_FL_DELTA","4","DELTA_US_LA_2020",2010-02-01,0.35,"SUS"
"US_FL_DENNIS","4","DENNIS_US_FL_2005",2010-02-01,0.37,"SUS"
"VER_MX_KARL","5","KARL_MX_VER_2010",2010-02-01,0.73,"SG"
"YUC_DELTA","5","DELTA_YUCATAN_MX_2020",2010-02-01,0.69,"SG"
"YUC_MX_EMILY","5","EMILY_MX_YUC_2005",2010-02-01,0.84,"SG"
"YUC_MX_ISIDORE","5","ISIDORE_MX_YUC_2002",2010-02-01,0.95,"SG"
"AL_US_IVAN","4","IVAN_US_AL_2004",2010-03-01,0.54,"SUS"
"AL_US_SALLY","4","SALLY_US_AL_2020",2010-03-01,0.54,"SUS"
"ALEX","6","ALEX_2010",2010-03-01,1.04,"WG"
"BELICE_RICHARD","3","RICHARD_BELICE_2010",2010-03-01,0.92,"C"
"BELIZE_IRIS","2","IRIS_BELIZE_2001",2010-03-01,0.85,"CA"
"BETA","2","BETA_2005",2010-03-01,0.78,"CA"
"CR_OTTO","2","OTTO_CR_2016",2010-03-01,0.88,"CA"
"CUBA_DENNIS","3","DENNIS_CUBA_2005",2010-03-01,0.91,"C"
"CUBA_GUSTAV","3","GUSTAV_CUBA_2008",2010-03-01,0.73,"C"
"CUBA_IAN","3","IAN_CUBA_2022",2010-03-01,0.7,"C"
"CUBA_MICHELLE","3","MICHELLE_CUBA_2001",2010-03-01,0.92,"C"
"CUBA_PALOMA","3","PALOMA_CUBA_2008",2010-03-01,0.95,"C"
"CUBA_SANDY","3","SANDY_CUBA_2012",2010-03-01,0.8,"C"
"DEAN_QROO_MX","5","DEAN_QROO_MX_2007",2010-03-01,1.04,"SG"
"FL_US_CHARLEY","1","CHARLEY_2004",2010-03-01,0.74,"FP"
"FL_US_FRANCES","1","FRANCES_US_FL_2004",2010-03-01,0.76,"FP"
"FL_US_IAN","1","IAN_US_FL_2022",2010-03-01,0.76,"FP"
"FL_US_IRMA","1","IRMA_US_FL_2017",2010-03-01,0.75,"FP"
"FL_US_JEANNE","1","JEANNE_US_FL_2004",2010-03-01,0.76,"FP"
"FL_US_MICHAEL","4","MICHAEL_US_FL_2018",2010-03-01,0.63,"SUS"
"FL_US_WILMA","1","WILMA_US_FL_2005",2010-03-01,0.77,"FP"
"LA_US_GUSTAV","4","GUSTAV_US_LA_2008",2010-03-01,0.49,"SUS"
"LA_US_IDA","4","IDA_US_LA_2009",2010-03-01,0.51,"SUS"
"LA_US_KATRINA","4","KATRINA_US_LA_2005",2010-03-01,0.56,"SUS"
"LA_US_LAURA","4","LAURA_US_LA_2020",2010-03-01,0.61,"SUS"
"LA_US_ZETA","4","ZETA_US_LA_2020",2010-03-01,0.46,"SUS"
"MX_ERNESTO","5","ERNESTO_MX_2012",2010-03-01,1.04,"SG"
"MX_GRACE","3","GRACE_MX_2021",2010-03-01,0.76,"C"
"MX_TAMPS_EMILY","6","EMILY_TAMPS_MX_2005",2010-03-01,0.97,"WG"
"NC_US_ISABEL","4","ISABEL_US_NC_2003",2010-03-01,0.62,"SUS"
"NIC_ETA","2","ETA_NIC_2020",2010-03-01,0.97,"CA"
"NIC_FELIX","2","FELIX_NIC_2007",2010-03-01,0.88,"CA"
"NIC_IOTA","2","IOTA_NIC_2020",2010-03-01,0.98,"CA"
"PR_USA_MARIA","3","MARIA_US_PR_2017",2010-03-01,0.87,"C"
"QROO_WILMA","3","WILMA_QROO_2005",2010-03-01,0.8,"C"
"TX_US_HARVEY","6","HARVEY_US_TX_2017",2010-03-01,0.79,"WG"
"TX_US_IKE","4","IKE_US_TX_2008",2010-03-01,0.66,"SUS"
"TX_US_RITA","4","RITA_US_TX_2005",2010-03-01,0.63,"SUS"
"US_FL_DELTA","4","DELTA_US_LA_2020",2010-03-01,0.6,"SUS"
"US_FL_DENNIS","4","DENNIS_US_FL_2005",2010-03-01,0.54,"SUS"
"VER_MX_KARL","5","KARL_MX_VER_2010",2010-03-01,1.07,"SG"
"YUC_DELTA","5","DELTA_YUCATAN_MX_2020",2010-03-01,0.87,"SG"
"YUC_MX_EMILY","5","EMILY_MX_YUC_2005",2010-03-01,1.02,"SG"
"YUC_MX_ISIDORE","5","ISIDORE_MX_YUC_2002",2010-03-01,1.32,"SG"
"AL_US_IVAN","4","IVAN_US_AL_2004",2010-04-01,0.97,"SUS"
"AL_US_SALLY","4","SALLY_US_AL_2020",2010-04-01,0.94,"SUS"
"ALEX","6","ALEX_2010",2010-04-01,1.14,"WG"
"BELICE_RICHARD","3","RICHARD_BELICE_2010",2010-04-01,1.02,"C"
"BELIZE_IRIS","2","IRIS_BELIZE_2001",2010-04-01,0.86,"CA"
"BETA","2","BETA_2005",2010-04-01,0.8,"CA"
"CR_OTTO","2","OTTO_CR_2016",2010-04-01,0.78,"CA"
"CUBA_DENNIS","3","DENNIS_CUBA_2005",2010-04-01,1.13,"C"
"CUBA_GUSTAV","3","GUSTAV_CUBA_2008",2010-04-01,1,"C"
"CUBA_IAN","3","IAN_CUBA_2022",2010-04-01,0.99,"C"
"CUBA_MICHELLE","3","MICHELLE_CUBA_2001",2010-04-01,1.12,"C"
"CUBA_PALOMA","3","PALOMA_CUBA_2008",2010-04-01,1.13,"C"
"CUBA_SANDY","3","SANDY_CUBA_2012",2010-04-01,0.96,"C"
"DEAN_QROO_MX","5","DEAN_QROO_MX_2007",2010-04-01,1.09,"SG"
"FL_US_CHARLEY","1","CHARLEY_2004",2010-04-01,1,"FP"
"FL_US_FRANCES","1","FRANCES_US_FL_2004",2010-04-01,0.97,"FP"
"FL_US_IAN","1","IAN_US_FL_2022",2010-04-01,1.01,"FP"
"FL_US_IRMA","1","IRMA_US_FL_2017",2010-04-01,1,"FP"
"FL_US_JEANNE","1","JEANNE_US_FL_2004",2010-04-01,0.97,"FP"
"FL_US_MICHAEL","4","MICHAEL_US_FL_2018",2010-04-01,1.05,"SUS"
"FL_US_WILMA","1","WILMA_US_FL_2005",2010-04-01,0.99,"FP"
"LA_US_GUSTAV","4","GUSTAV_US_LA_2008",2010-04-01,0.75,"SUS"
"LA_US_IDA","4","IDA_US_LA_2009",2010-04-01,0.74,"SUS"
"LA_US_KATRINA","4","KATRINA_US_LA_2005",2010-04-01,0.83,"SUS"
"LA_US_LAURA","4","LAURA_US_LA_2020",2010-04-01,0.89,"SUS"
"LA_US_ZETA","4","ZETA_US_LA_2020",2010-04-01,0.68,"SUS"
"MX_ERNESTO","5","ERNESTO_MX_2012",2010-04-01,1.09,"SG"
"MX_GRACE","3","GRACE_MX_2021",2010-04-01,0.9,"C"
"MX_TAMPS_EMILY","6","EMILY_TAMPS_MX_2005",2010-04-01,1,"WG"
"NC_US_ISABEL","4","ISABEL_US_NC_2003",2010-04-01,1.07,"SUS"
"NIC_ETA","2","ETA_NIC_2020",2010-04-01,0.89,"CA"
"NIC_FELIX","2","FELIX_NIC_2007",2010-04-01,0.83,"CA"
"NIC_IOTA","2","IOTA_NIC_2020",2010-04-01,0.9,"CA"
"PR_USA_MARIA","3","MARIA_US_PR_2017",2010-04-01,0.89,"C"
"QROO_WILMA","3","WILMA_QROO_2005",2010-04-01,1.01,"C"
"TX_US_HARVEY","6","HARVEY_US_TX_2017",2010-04-01,0.85,"WG"
"TX_US_IKE","4","IKE_US_TX_2008",2010-04-01,0.84,"SUS"
"TX_US_RITA","4","RITA_US_TX_2005",2010-04-01,0.87,"SUS"
"US_FL_DELTA","4","DELTA_US_LA_2020",2010-04-01,0.92,"SUS"
"US_FL_DENNIS","4","DENNIS_US_FL_2005",2010-04-01,0.98,"SUS"
"VER_MX_KARL","5","KARL_MX_VER_2010",2010-04-01,1.27,"SG"
"YUC_DELTA","5","DELTA_YUCATAN_MX_2020",2010-04-01,1.06,"SG"
"YUC_MX_EMILY","5","EMILY_MX_YUC_2005",2010-04-01,1.13,"SG"
"YUC_MX_ISIDORE","5","ISIDORE_MX_YUC_2002",2010-04-01,1.48,"SG"
"AL_US_IVAN","4","IVAN_US_AL_2004",2010-05-01,1.01,"SUS"
"AL_US_SALLY","4","SALLY_US_AL_2020",2010-05-01,0.98,"SUS"
"ALEX","6","ALEX_2010",2010-05-01,1.49,"WG"
"BELICE_RICHARD","3","RICHARD_BELICE_2010",2010-05-01,1.02,"C"
"BELIZE_IRIS","2","IRIS_BELIZE_2001",2010-05-01,0.86,"CA"
"BETA","2","BETA_2005",2010-05-01,0.54,"CA"
"CR_OTTO","2","OTTO_CR_2016",2010-05-01,0.63,"CA"
"CUBA_DENNIS","3","DENNIS_CUBA_2005",2010-05-01,1.01,"C"
"CUBA_GUSTAV","3","GUSTAV_CUBA_2008",2010-05-01,0.95,"C"
"CUBA_IAN","3","IAN_CUBA_2022",2010-05-01,0.95,"C"
"CUBA_MICHELLE","3","MICHELLE_CUBA_2001",2010-05-01,1,"C"
"CUBA_PALOMA","3","PALOMA_CUBA_2008",2010-05-01,1.03,"C"
"CUBA_SANDY","3","SANDY_CUBA_2012",2010-05-01,0.85,"C"
"DEAN_QROO_MX","5","DEAN_QROO_MX_2007",2010-05-01,1.05,"SG"
"FL_US_CHARLEY","1","CHARLEY_2004",2010-05-01,1.15,"FP"
"FL_US_FRANCES","1","FRANCES_US_FL_2004",2010-05-01,1.06,"FP"
"FL_US_IAN","1","IAN_US_FL_2022",2010-05-01,1.15,"FP"
"FL_US_IRMA","1","IRMA_US_FL_2017",2010-05-01,1.11,"FP"
"FL_US_JEANNE","1","JEANNE_US_FL_2004",2010-05-01,1.06,"FP"
"FL_US_MICHAEL","4","MICHAEL_US_FL_2018",2010-05-01,1.06,"SUS"
"FL_US_WILMA","1","WILMA_US_FL_2005",2010-05-01,1.12,"FP"
"LA_US_GUSTAV","4","GUSTAV_US_LA_2008",2010-05-01,0.9,"SUS"
"LA_US_IDA","4","IDA_US_LA_2009",2010-05-01,0.88,"SUS"
"LA_US_KATRINA","4","KATRINA_US_LA_2005",2010-05-01,0.91,"SUS"
"LA_US_LAURA","4","LAURA_US_LA_2020",2010-05-01,1.05,"SUS"
"LA_US_ZETA","4","ZETA_US_LA_2020",2010-05-01,0.81,"SUS"
"MX_ERNESTO","5","ERNESTO_MX_2012",2010-05-01,1.04,"SG"
"MX_GRACE","3","GRACE_MX_2021",2010-05-01,1.19,"C"
"MX_TAMPS_EMILY","6","EMILY_TAMPS_MX_2005",2010-05-01,1.35,"WG"
"NC_US_ISABEL","4","ISABEL_US_NC_2003",2010-05-01,1.04,"SUS"
"NIC_ETA","2","ETA_NIC_2020",2010-05-01,0.72,"CA"
"NIC_FELIX","2","FELIX_NIC_2007",2010-05-01,0.71,"CA"
"NIC_IOTA","2","IOTA_NIC_2020",2010-05-01,0.73,"CA"
"PR_USA_MARIA","3","MARIA_US_PR_2017",2010-05-01,0.91,"C"
"QROO_WILMA","3","WILMA_QROO_2005",2010-05-01,1.05,"C"
"TX_US_HARVEY","6","HARVEY_US_TX_2017",2010-05-01,1.06,"WG"
"TX_US_IKE","4","IKE_US_TX_2008",2010-05-01,0.94,"SUS"
"TX_US_RITA","4","RITA_US_TX_2005",2010-05-01,1.02,"SUS"
"US_FL_DELTA","4","DELTA_US_LA_2020",2010-05-01,1.08,"SUS"
"US_FL_DENNIS","4","DENNIS_US_FL_2005",2010-05-01,1.06,"SUS"
"VER_MX_KARL","5","KARL_MX_VER_2010",2010-05-01,1.44,"SG"
"YUC_DELTA","5","DELTA_YUCATAN_MX_2020",2010-05-01,1.09,"SG"
"YUC_MX_EMILY","5","EMILY_MX_YUC_2005",2010-05-01,1.12,"SG"
"YUC_MX_ISIDORE","5","ISIDORE_MX_YUC_2002",2010-05-01,1.46,"SG"
"AL_US_IVAN","4","IVAN_US_AL_2004",2010-06-01,1.17,"SUS"
"AL_US_SALLY","4","SALLY_US_AL_2020",2010-06-01,1.13,"SUS"
"ALEX","6","ALEX_2010",2010-06-01,1.52,"WG"
"BELICE_RICHARD","3","RICHARD_BELICE_2010",2010-06-01,0.91,"C"
"BELIZE_IRIS","2","IRIS_BELIZE_2001",2010-06-01,0.74,"CA"
"BETA","2","BETA_2005",2010-06-01,0.38,"CA"
"CR_OTTO","2","OTTO_CR_2016",2010-06-01,0.5,"CA"
"CUBA_DENNIS","3","DENNIS_CUBA_2005",2010-06-01,0.99,"C"
"CUBA_GUSTAV","3","GUSTAV_CUBA_2008",2010-06-01,0.91,"C"
"CUBA_IAN","3","IAN_CUBA_2022",2010-06-01,0.88,"C"
"CUBA_MICHELLE","3","MICHELLE_CUBA_2001",2010-06-01,0.97,"C"
"CUBA_PALOMA","3","PALOMA_CUBA_2008",2010-06-01,0.94,"C"
"CUBA_SANDY","3","SANDY_CUBA_2012",2010-06-01,0.82,"C"
"DEAN_QROO_MX","5","DEAN_QROO_MX_2007",2010-06-01,0.87,"SG"
"FL_US_CHARLEY","1","CHARLEY_2004",2010-06-01,1.23,"FP"
"FL_US_FRANCES","1","FRANCES_US_FL_2004",2010-06-01,1.19,"FP"
"FL_US_IAN","1","IAN_US_FL_2022",2010-06-01,1.23,"FP"
"FL_US_IRMA","1","IRMA_US_FL_2017",2010-06-01,1.19,"FP"
"FL_US_JEANNE","1","JEANNE_US_FL_2004",2010-06-01,1.19,"FP"
"FL_US_MICHAEL","4","MICHAEL_US_FL_2018",2010-06-01,1.24,"SUS"
"FL_US_WILMA","1","WILMA_US_FL_2005",2010-06-01,1.14,"FP"
"LA_US_GUSTAV","4","GUSTAV_US_LA_2008",2010-06-01,0.99,"SUS"
"LA_US_IDA","4","IDA_US_LA_2009",2010-06-01,1,"SUS"
"LA_US_KATRINA","4","KATRINA_US_LA_2005",2010-06-01,1.08,"SUS"
"LA_US_LAURA","4","LAURA_US_LA_2020",2010-06-01,1.17,"SUS"
"LA_US_ZETA","4","ZETA_US_LA_2020",2010-06-01,0.95,"SUS"
"MX_ERNESTO","5","ERNESTO_MX_2012",2010-06-01,0.86,"SG"
"MX_GRACE","3","GRACE_MX_2021",2010-06-01,1.05,"C"
"MX_TAMPS_EMILY","6","EMILY_TAMPS_MX_2005",2010-06-01,1.4,"WG"
"NC_US_ISABEL","4","ISABEL_US_NC_2003",2010-06-01,1.43,"SUS"
"NIC_ETA","2","ETA_NIC_2020",2010-06-01,0.5,"CA"
"NIC_FELIX","2","FELIX_NIC_2007",2010-06-01,0.5,"CA"
"NIC_IOTA","2","IOTA_NIC_2020",2010-06-01,0.51,"CA"
"PR_USA_MARIA","3","MARIA_US_PR_2017",2010-06-01,0.99,"C"
"QROO_WILMA","3","WILMA_QROO_2005",2010-06-01,0.94,"C"
"TX_US_HARVEY","6","HARVEY_US_TX_2017",2010-06-01,1.24,"WG"
"TX_US_IKE","4","IKE_US_TX_2008",2010-06-01,1.16,"SUS"
"TX_US_RITA","4","RITA_US_TX_2005",2010-06-01,1.17,"SUS"
"US_FL_DELTA","4","DELTA_US_LA_2020",2010-06-01,1.18,"SUS"
"US_FL_DENNIS","4","DENNIS_US_FL_2005",2010-06-01,1.21,"SUS"
"VER_MX_KARL","5","KARL_MX_VER_2010",2010-06-01,1.03,"SG"
"YUC_DELTA","5","DELTA_YUCATAN_MX_2020",2010-06-01,0.95,"SG"
"YUC_MX_EMILY","5","EMILY_MX_YUC_2005",2010-06-01,1,"SG"
"YUC_MX_ISIDORE","5","ISIDORE_MX_YUC_2002",2010-06-01,1.11,"SG"
"AL_US_IVAN","4","IVAN_US_AL_2004",2010-07-01,1.18,"SUS"
"AL_US_SALLY","4","SALLY_US_AL_2020",2010-07-01,1.13,"SUS"
"ALEX","6","ALEX_2010",2010-07-01,1.17,"WG"
"BELICE_RICHARD","3","RICHARD_BELICE_2010",2010-07-01,0.8,"C"
"BELIZE_IRIS","2","IRIS_BELIZE_2001",2010-07-01,0.62,"CA"
"BETA","2","BETA_2005",2010-07-01,0.29,"CA"
"CR_OTTO","2","OTTO_CR_2016",2010-07-01,0.46,"CA"
"CUBA_DENNIS","3","DENNIS_CUBA_2005",2010-07-01,0.97,"C"
"CUBA_GUSTAV","3","GUSTAV_CUBA_2008",2010-07-01,0.82,"C"
"CUBA_IAN","3","IAN_CUBA_2022",2010-07-01,0.81,"C"
"CUBA_MICHELLE","3","MICHELLE_CUBA_2001",2010-07-01,0.95,"C"
"CUBA_PALOMA","3","PALOMA_CUBA_2008",2010-07-01,1,"C"
"CUBA_SANDY","3","SANDY_CUBA_2012",2010-07-01,0.91,"C"
"DEAN_QROO_MX","5","DEAN_QROO_MX_2007",2010-07-01,0.85,"SG"
"FL_US_CHARLEY","1","CHARLEY_2004",2010-07-01,1.12,"FP"
"FL_US_FRANCES","1","FRANCES_US_FL_2004",2010-07-01,1.09,"FP"
"FL_US_IAN","1","IAN_US_FL_2022",2010-07-01,1.12,"FP"
"FL_US_IRMA","1","IRMA_US_FL_2017",2010-07-01,1.12,"FP"
"FL_US_JEANNE","1","JEANNE_US_FL_2004",2010-07-01,1.1,"FP"
"FL_US_MICHAEL","4","MICHAEL_US_FL_2018",2010-07-01,1.17,"SUS"
"FL_US_WILMA","1","WILMA_US_FL_2005",2010-07-01,1.08,"FP"
"LA_US_GUSTAV","4","GUSTAV_US_LA_2008",2010-07-01,0.96,"SUS"
"LA_US_IDA","4","IDA_US_LA_2009",2010-07-01,0.94,"SUS"
"LA_US_KATRINA","4","KATRINA_US_LA_2005",2010-07-01,1,"SUS"
"LA_US_LAURA","4","LAURA_US_LA_2020",2010-07-01,1.06,"SUS"
"LA_US_ZETA","4","ZETA_US_LA_2020",2010-07-01,0.9,"SUS"
"MX_ERNESTO","5","ERNESTO_MX_2012",2010-07-01,0.84,"SG"
"MX_GRACE","3","GRACE_MX_2021",2010-07-01,0.71,"C"
"MX_TAMPS_EMILY","6","EMILY_TAMPS_MX_2005",2010-07-01,1.12,"WG"
"NC_US_ISABEL","4","ISABEL_US_NC_2003",2010-07-01,1.44,"SUS"
"NIC_ETA","2","ETA_NIC_2020",2010-07-01,0.41,"CA"
"NIC_FELIX","2","FELIX_NIC_2007",2010-07-01,0.38,"CA"
"NIC_IOTA","2","IOTA_NIC_2020",2010-07-01,0.42,"CA"
"PR_USA_MARIA","3","MARIA_US_PR_2017",2010-07-01,0.96,"C"
"QROO_WILMA","3","WILMA_QROO_2005",2010-07-01,0.86,"C"
"TX_US_HARVEY","6","HARVEY_US_TX_2017",2010-07-01,1.19,"WG"
"TX_US_IKE","4","IKE_US_TX_2008",2010-07-01,1.17,"SUS"
"TX_US_RITA","4","RITA_US_TX_2005",2010-07-01,1.1,"SUS"
"US_FL_DELTA","4","DELTA_US_LA_2020",2010-07-01,1.07,"SUS"
"US_FL_DENNIS","4","DENNIS_US_FL_2005",2010-07-01,1.21,"SUS"
"VER_MX_KARL","5","KARL_MX_VER_2010",2010-07-01,0.77,"SG"
"YUC_DELTA","5","DELTA_YUCATAN_MX_2020",2010-07-01,0.86,"SG"
"YUC_MX_EMILY","5","EMILY_MX_YUC_2005",2010-07-01,0.93,"SG"
"YUC_MX_ISIDORE","5","ISIDORE_MX_YUC_2002",2010-07-01,0.94,"SG"
"AL_US_IVAN","4","IVAN_US_AL_2004",2010-08-01,1.19,"SUS"
"AL_US_SALLY","4","SALLY_US_AL_2020",2010-08-01,1.04,"SUS"
"ALEX","6","ALEX_2010",2010-08-01,1.34,"WG"
"BELICE_RICHARD","3","RICHARD_BELICE_2010",2010-08-01,0.77,"C"
"BELIZE_IRIS","2","IRIS_BELIZE_2001",2010-08-01,0.58,"CA"
"BETA","2","BETA_2005",2010-08-01,0.34,"CA"
"CR_OTTO","2","OTTO_CR_2016",2010-08-01,0.47,"CA"
"CUBA_DENNIS","3","DENNIS_CUBA_2005",2010-08-01,1.05,"C"
"CUBA_GUSTAV","3","GUSTAV_CUBA_2008",2010-08-01,0.9,"C"
"CUBA_IAN","3","IAN_CUBA_2022",2010-08-01,0.88,"C"
"CUBA_MICHELLE","3","MICHELLE_CUBA_2001",2010-08-01,1.01,"C"
"CUBA_PALOMA","3","PALOMA_CUBA_2008",2010-08-01,1.02,"C"
"CUBA_SANDY","3","SANDY_CUBA_2012",2010-08-01,0.93,"C"
"DEAN_QROO_MX","5","DEAN_QROO_MX_2007",2010-08-01,0.83,"SG"
"FL_US_CHARLEY","1","CHARLEY_2004",2010-08-01,1.13,"FP"
"FL_US_FRANCES","1","FRANCES_US_FL_2004",2010-08-01,1.07,"FP"
"FL_US_IAN","1","IAN_US_FL_2022",2010-08-01,1.14,"FP"
"FL_US_IRMA","1","IRMA_US_FL_2017",2010-08-01,1.13,"FP"
"FL_US_JEANNE","1","JEANNE_US_FL_2004",2010-08-01,1.08,"FP"
"FL_US_MICHAEL","4","MICHAEL_US_FL_2018",2010-08-01,1.1,"SUS"
"FL_US_WILMA","1","WILMA_US_FL_2005",2010-08-01,1.11,"FP"
"LA_US_GUSTAV","4","GUSTAV_US_LA_2008",2010-08-01,1.04,"SUS"
"LA_US_IDA","4","IDA_US_LA_2009",2010-08-01,1.03,"SUS"
"LA_US_KATRINA","4","KATRINA_US_LA_2005",2010-08-01,1.04,"SUS"
"LA_US_LAURA","4","LAURA_US_LA_2020",2010-08-01,1.35,"SUS"
"LA_US_ZETA","4","ZETA_US_LA_2020",2010-08-01,0.98,"SUS"
"MX_ERNESTO","5","ERNESTO_MX_2012",2010-08-01,0.82,"SG"
"MX_GRACE","3","GRACE_MX_2021",2010-08-01,0.79,"C"
"MX_TAMPS_EMILY","6","EMILY_TAMPS_MX_2005",2010-08-01,1.47,"WG"
"NC_US_ISABEL","4","ISABEL_US_NC_2003",2010-08-01,1.19,"SUS"
"NIC_ETA","2","ETA_NIC_2020",2010-08-01,0.46,"CA"
"NIC_FELIX","2","FELIX_NIC_2007",2010-08-01,0.46,"CA"
"NIC_IOTA","2","IOTA_NIC_2020",2010-08-01,0.47,"CA"
"PR_USA_MARIA","3","MARIA_US_PR_2017",2010-08-01,0.91,"C"
"QROO_WILMA","3","WILMA_QROO_2005",2010-08-01,0.85,"C"
"TX_US_HARVEY","6","HARVEY_US_TX_2017",2010-08-01,1.63,"WG"
"TX_US_IKE","4","IKE_US_TX_2008",2010-08-01,1.52,"SUS"
"TX_US_RITA","4","RITA_US_TX_2005",2010-08-01,1.43,"SUS"
"US_FL_DELTA","4","DELTA_US_LA_2020",2010-08-01,1.29,"SUS"
"US_FL_DENNIS","4","DENNIS_US_FL_2005",2010-08-01,1.21,"SUS"
"VER_MX_KARL","5","KARL_MX_VER_2010",2010-08-01,0.84,"SG"
"YUC_DELTA","5","DELTA_YUCATAN_MX_2020",2010-08-01,0.85,"SG"
"YUC_MX_EMILY","5","EMILY_MX_YUC_2005",2010-08-01,0.92,"SG"
"YUC_MX_ISIDORE","5","ISIDORE_MX_YUC_2002",2010-08-01,0.92,"SG"
"AL_US_IVAN","4","IVAN_US_AL_2004",2010-09-01,1.38,"SUS"
"AL_US_SALLY","4","SALLY_US_AL_2020",2010-09-01,1.33,"SUS"
"ALEX","6","ALEX_2010",2010-09-01,1.01,"WG"
"BELICE_RICHARD","3","RICHARD_BELICE_2010",2010-09-01,0.74,"C"
"BELIZE_IRIS","2","IRIS_BELIZE_2001",2010-09-01,0.54,"CA"
"BETA","2","BETA_2005",2010-09-01,0.44,"CA"
"CR_OTTO","2","OTTO_CR_2016",2010-09-01,0.53,"CA"
"CUBA_DENNIS","3","DENNIS_CUBA_2005",2010-09-01,0.93,"C"
"CUBA_GUSTAV","3","GUSTAV_CUBA_2008",2010-09-01,0.87,"C"
"CUBA_IAN","3","IAN_CUBA_2022",2010-09-01,0.84,"C"
"CUBA_MICHELLE","3","MICHELLE_CUBA_2001",2010-09-01,0.89,"C"
"CUBA_PALOMA","3","PALOMA_CUBA_2008",2010-09-01,0.85,"C"
"CUBA_SANDY","3","SANDY_CUBA_2012",2010-09-01,0.79,"C"
"DEAN_QROO_MX","5","DEAN_QROO_MX_2007",2010-09-01,0.79,"SG"
"FL_US_CHARLEY","1","CHARLEY_2004",2010-09-01,1.06,"FP"
"FL_US_FRANCES","1","FRANCES_US_FL_2004",2010-09-01,1.04,"FP"
"FL_US_IAN","1","IAN_US_FL_2022",2010-09-01,1.07,"FP"
"FL_US_IRMA","1","IRMA_US_FL_2017",2010-09-01,1.06,"FP"
"FL_US_JEANNE","1","JEANNE_US_FL_2004",2010-09-01,1.05,"FP"
"FL_US_MICHAEL","4","MICHAEL_US_FL_2018",2010-09-01,1.35,"SUS"
"FL_US_WILMA","1","WILMA_US_FL_2005",2010-09-01,1.05,"FP"
"LA_US_GUSTAV","4","GUSTAV_US_LA_2008",2010-09-01,1.14,"SUS"
"LA_US_IDA","4","IDA_US_LA_2009",2010-09-01,1.11,"SUS"
"LA_US_KATRINA","4","KATRINA_US_LA_2005",2010-09-01,1.19,"SUS"
"LA_US_LAURA","4","LAURA_US_LA_2020",2010-09-01,1.28,"SUS"
"LA_US_ZETA","4","ZETA_US_LA_2020",2010-09-01,1.07,"SUS"
"MX_ERNESTO","5","ERNESTO_MX_2012",2010-09-01,0.78,"SG"
"MX_GRACE","3","GRACE_MX_2021",2010-09-01,0.68,"C"
"MX_TAMPS_EMILY","6","EMILY_TAMPS_MX_2005",2010-09-01,1.06,"WG"
"NC_US_ISABEL","4","ISABEL_US_NC_2003",2010-09-01,1.43,"SUS"
"NIC_ETA","2","ETA_NIC_2020",2010-09-01,0.54,"CA"
"NIC_FELIX","2","FELIX_NIC_2007",2010-09-01,0.54,"CA"
"NIC_IOTA","2","IOTA_NIC_2020",2010-09-01,0.54,"CA"
"PR_USA_MARIA","3","MARIA_US_PR_2017",2010-09-01,0.9,"C"
"QROO_WILMA","3","WILMA_QROO_2005",2010-09-01,0.75,"C"
"TX_US_HARVEY","6","HARVEY_US_TX_2017",2010-09-01,1.24,"WG"
"TX_US_IKE","4","IKE_US_TX_2008",2010-09-01,1.23,"SUS"
"TX_US_RITA","4","RITA_US_TX_2005",2010-09-01,1.26,"SUS"
"US_FL_DELTA","4","DELTA_US_LA_2020",2010-09-01,1.3,"SUS"
"US_FL_DENNIS","4","DENNIS_US_FL_2005",2010-09-01,1.46,"SUS"
"VER_MX_KARL","5","KARL_MX_VER_2010",2010-09-01,0.77,"SG"
"YUC_DELTA","5","DELTA_YUCATAN_MX_2020",2010-09-01,0.76,"SG"
"YUC_MX_EMILY","5","EMILY_MX_YUC_2005",2010-09-01,0.8,"SG"
"YUC_MX_ISIDORE","5","ISIDORE_MX_YUC_2002",2010-09-01,0.88,"SG"
"AL_US_IVAN","4","IVAN_US_AL_2004",2010-10-01,1.18,"SUS"
"AL_US_SALLY","4","SALLY_US_AL_2020",2010-10-01,1.16,"SUS"
"ALEX","6","ALEX_2010",2010-10-01,1.11,"WG"
"BELICE_RICHARD","3","RICHARD_BELICE_2010",2010-10-01,0.66,"C"
"BELIZE_IRIS","2","IRIS_BELIZE_2001",2010-10-01,0.55,"CA"
"BETA","2","BETA_2005",2010-10-01,0.65,"CA"
"CR_OTTO","2","OTTO_CR_2016",2010-10-01,0.59,"CA"
"CUBA_DENNIS","3","DENNIS_CUBA_2005",2010-10-01,0.93,"C"
"CUBA_GUSTAV","3","GUSTAV_CUBA_2008",2010-10-01,0.91,"C"
"CUBA_IAN","3","IAN_CUBA_2022",2010-10-01,0.9,"C"
"CUBA_MICHELLE","3","MICHELLE_CUBA_2001",2010-10-01,0.9,"C"
"CUBA_PALOMA","3","PALOMA_CUBA_2008",2010-10-01,0.69,"C"
"CUBA_SANDY","3","SANDY_CUBA_2012",2010-10-01,0.59,"C"
"DEAN_QROO_MX","5","DEAN_QROO_MX_2007",2010-10-01,0.7,"SG"
"FL_US_CHARLEY","1","CHARLEY_2004",2010-10-01,1.05,"FP"
"FL_US_FRANCES","1","FRANCES_US_FL_2004",2010-10-01,1.05,"FP"
"FL_US_IAN","1","IAN_US_FL_2022",2010-10-01,1.06,"FP"
"FL_US_IRMA","1","IRMA_US_FL_2017",2010-10-01,1.09,"FP"
"FL_US_JEANNE","1","JEANNE_US_FL_2004",2010-10-01,1.06,"FP"
"FL_US_MICHAEL","4","MICHAEL_US_FL_2018",2010-10-01,1.15,"SUS"
"FL_US_WILMA","1","WILMA_US_FL_2005",2010-10-01,1.06,"FP"
"LA_US_GUSTAV","4","GUSTAV_US_LA_2008",2010-10-01,0.97,"SUS"
"LA_US_IDA","4","IDA_US_LA_2009",2010-10-01,0.95,"SUS"
"LA_US_KATRINA","4","KATRINA_US_LA_2005",2010-10-01,1.04,"SUS"
"LA_US_LAURA","4","LAURA_US_LA_2020",2010-10-01,1.12,"SUS"
"LA_US_ZETA","4","ZETA_US_LA_2020",2010-10-01,0.92,"SUS"
"MX_ERNESTO","5","ERNESTO_MX_2012",2010-10-01,0.7,"SG"
"MX_GRACE","3","GRACE_MX_2021",2010-10-01,0.68,"C"
"MX_TAMPS_EMILY","6","EMILY_TAMPS_MX_2005",2010-10-01,1.09,"WG"
"NC_US_ISABEL","4","ISABEL_US_NC_2003",2010-10-01,1.01,"SUS"
"NIC_ETA","2","ETA_NIC_2020",2010-10-01,0.73,"CA"
"NIC_FELIX","2","FELIX_NIC_2007",2010-10-01,0.71,"CA"
"NIC_IOTA","2","IOTA_NIC_2020",2010-10-01,0.76,"CA"
"PR_USA_MARIA","3","MARIA_US_PR_2017",2010-10-01,0.88,"C"
"QROO_WILMA","3","WILMA_QROO_2005",2010-10-01,0.74,"C"
"TX_US_HARVEY","6","HARVEY_US_TX_2017",2010-10-01,1.19,"WG"
"TX_US_IKE","4","IKE_US_TX_2008",2010-10-01,1,"SUS"
"TX_US_RITA","4","RITA_US_TX_2005",2010-10-01,1.04,"SUS"
"US_FL_DELTA","4","DELTA_US_LA_2020",2010-10-01,1.15,"SUS"
"US_FL_DENNIS","4","DENNIS_US_FL_2005",2010-10-01,1.21,"SUS"
"VER_MX_KARL","5","KARL_MX_VER_2010",2010-10-01,0.85,"SG"
"YUC_DELTA","5","DELTA_YUCATAN_MX_2020",2010-10-01,0.75,"SG"
"YUC_MX_EMILY","5","EMILY_MX_YUC_2005",2010-10-01,0.77,"SG"
"YUC_MX_ISIDORE","5","ISIDORE_MX_YUC_2002",2010-10-01,0.78,"SG"
"AL_US_IVAN","4","IVAN_US_AL_2004",2010-11-01,0.74,"SUS"
"AL_US_SALLY","4","SALLY_US_AL_2020",2010-11-01,0.73,"SUS"
"ALEX","6","ALEX_2010",2010-11-01,0.91,"WG"
"BELICE_RICHARD","3","RICHARD_BELICE_2010",2010-11-01,0.55,"C"
"BELIZE_IRIS","2","IRIS_BELIZE_2001",2010-11-01,0.46,"CA"
"BETA","2","BETA_2005",2010-11-01,0.44,"CA"
"CR_OTTO","2","OTTO_CR_2016",2010-11-01,0.49,"CA"
"CUBA_DENNIS","3","DENNIS_CUBA_2005",2010-11-01,0.87,"C"
"CUBA_GUSTAV","3","GUSTAV_CUBA_2008",2010-11-01,0.89,"C"
"CUBA_IAN","3","IAN_CUBA_2022",2010-11-01,0.87,"C"
"CUBA_MICHELLE","3","MICHELLE_CUBA_2001",2010-11-01,0.83,"C"
"CUBA_PALOMA","3","PALOMA_CUBA_2008",2010-11-01,0.74,"C"
"CUBA_SANDY","3","SANDY_CUBA_2012",2010-11-01,0.61,"C"
"DEAN_QROO_MX","5","DEAN_QROO_MX_2007",2010-11-01,0.72,"SG"
"FL_US_CHARLEY","1","CHARLEY_2004",2010-11-01,0.87,"FP"
"FL_US_FRANCES","1","FRANCES_US_FL_2004",2010-11-01,0.84,"FP"
"FL_US_IAN","1","IAN_US_FL_2022",2010-11-01,0.87,"FP"
"FL_US_IRMA","1","IRMA_US_FL_2017",2010-11-01,0.9,"FP"
"FL_US_JEANNE","1","JEANNE_US_FL_2004",2010-11-01,0.85,"FP"
"FL_US_MICHAEL","4","MICHAEL_US_FL_2018",2010-11-01,0.77,"SUS"
"FL_US_WILMA","1","WILMA_US_FL_2005",2010-11-01,0.88,"FP"
"LA_US_GUSTAV","4","GUSTAV_US_LA_2008",2010-11-01,0.58,"SUS"
"LA_US_IDA","4","IDA_US_LA_2009",2010-11-01,0.58,"SUS"
"LA_US_KATRINA","4","KATRINA_US_LA_2005",2010-11-01,0.62,"SUS"
"LA_US_LAURA","4","LAURA_US_LA_2020",2010-11-01,0.6,"SUS"
"LA_US_ZETA","4","ZETA_US_LA_2020",2010-11-01,0.57,"SUS"
"MX_ERNESTO","5","ERNESTO_MX_2012",2010-11-01,0.71,"SG"
"MX_GRACE","3","GRACE_MX_2021",2010-11-01,0.63,"C"
"MX_TAMPS_EMILY","6","EMILY_TAMPS_MX_2005",2010-11-01,0.86,"WG"
"NC_US_ISABEL","4","ISABEL_US_NC_2003",2010-11-01,0.6,"SUS"
"NIC_ETA","2","ETA_NIC_2020",2010-11-01,0.51,"CA"
"NIC_FELIX","2","FELIX_NIC_2007",2010-11-01,0.52,"CA"
"NIC_IOTA","2","IOTA_NIC_2020",2010-11-01,0.51,"CA"
"PR_USA_MARIA","3","MARIA_US_PR_2017",2010-11-01,0.77,"C"
"QROO_WILMA","3","WILMA_QROO_2005",2010-11-01,0.75,"C"
"TX_US_HARVEY","6","HARVEY_US_TX_2017",2010-11-01,0.89,"WG"
"TX_US_IKE","4","IKE_US_TX_2008",2010-11-01,0.69,"SUS"
"TX_US_RITA","4","RITA_US_TX_2005",2010-11-01,0.62,"SUS"
"US_FL_DELTA","4","DELTA_US_LA_2020",2010-11-01,0.61,"SUS"
"US_FL_DENNIS","4","DENNIS_US_FL_2005",2010-11-01,0.75,"SUS"
"VER_MX_KARL","5","KARL_MX_VER_2010",2010-11-01,0.87,"SG"
"YUC_DELTA","5","DELTA_YUCATAN_MX_2020",2010-11-01,0.76,"SG"
"YUC_MX_EMILY","5","EMILY_MX_YUC_2005",2010-11-01,0.82,"SG"
"YUC_MX_ISIDORE","5","ISIDORE_MX_YUC_2002",2010-11-01,0.86,"SG"
"AL_US_IVAN","4","IVAN_US_AL_2004",2010-12-01,0.52,"SUS"
"AL_US_SALLY","4","SALLY_US_AL_2020",2010-12-01,0.53,"SUS"
"ALEX","6","ALEX_2010",2010-12-01,0.73,"WG"
"BELICE_RICHARD","3","RICHARD_BELICE_2010",2010-12-01,0.58,"C"
"BELIZE_IRIS","2","IRIS_BELIZE_2001",2010-12-01,0.48,"CA"
"BETA","2","BETA_2005",2010-12-01,0.43,"CA"
"CR_OTTO","2","OTTO_CR_2016",2010-12-01,0.54,"CA"
"CUBA_DENNIS","3","DENNIS_CUBA_2005",2010-12-01,0.67,"C"
"CUBA_GUSTAV","3","GUSTAV_CUBA_2008",2010-12-01,0.54,"C"
"CUBA_IAN","3","IAN_CUBA_2022",2010-12-01,0.52,"C"
"CUBA_MICHELLE","3","MICHELLE_CUBA_2001",2010-12-01,0.64,"C"
"CUBA_PALOMA","3","PALOMA_CUBA_2008",2010-12-01,0.57,"C"
"CUBA_SANDY","3","SANDY_CUBA_2012",2010-12-01,0.51,"C"
"DEAN_QROO_MX","5","DEAN_QROO_MX_2007",2010-12-01,0.64,"SG"
"FL_US_CHARLEY","1","CHARLEY_2004",2010-12-01,0.6,"FP"
"FL_US_FRANCES","1","FRANCES_US_FL_2004",2010-12-01,0.6,"FP"
"FL_US_IAN","1","IAN_US_FL_2022",2010-12-01,0.61,"FP"
"FL_US_IRMA","1","IRMA_US_FL_2017",2010-12-01,0.64,"FP"
"FL_US_JEANNE","1","JEANNE_US_FL_2004",2010-12-01,0.61,"FP"
"FL_US_MICHAEL","4","MICHAEL_US_FL_2018",2010-12-01,0.55,"SUS"
"FL_US_WILMA","1","WILMA_US_FL_2005",2010-12-01,0.62,"FP"
"LA_US_GUSTAV","4","GUSTAV_US_LA_2008",2010-12-01,0.45,"SUS"
"LA_US_IDA","4","IDA_US_LA_2009",2010-12-01,0.52,"SUS"
"LA_US_KATRINA","4","KATRINA_US_LA_2005",2010-12-01,0.51,"SUS"
"LA_US_LAURA","4","LAURA_US_LA_2020",2010-12-01,0.53,"SUS"
"LA_US_ZETA","4","ZETA_US_LA_2020",2010-12-01,0.49,"SUS"
"MX_ERNESTO","5","ERNESTO_MX_2012",2010-12-01,0.63,"SG"
"MX_GRACE","3","GRACE_MX_2021",2010-12-01,0.5,"C"
"MX_TAMPS_EMILY","6","EMILY_TAMPS_MX_2005",2010-12-01,0.68,"WG"
"NC_US_ISABEL","4","ISABEL_US_NC_2003",2010-12-01,0.27,"SUS"
"NIC_ETA","2","ETA_NIC_2020",2010-12-01,0.43,"CA"
"NIC_FELIX","2","FELIX_NIC_2007",2010-12-01,0.42,"CA"
"NIC_IOTA","2","IOTA_NIC_2020",2010-12-01,0.44,"CA"
"PR_USA_MARIA","3","MARIA_US_PR_2017",2010-12-01,0.75,"C"
"QROO_WILMA","3","WILMA_QROO_2005",2010-12-01,0.55,"C"
"TX_US_HARVEY","6","HARVEY_US_TX_2017",2010-12-01,0.7,"WG"
"TX_US_IKE","4","IKE_US_TX_2008",2010-12-01,0.57,"SUS"
"TX_US_RITA","4","RITA_US_TX_2005",2010-12-01,0.53,"SUS"
"US_FL_DELTA","4","DELTA_US_LA_2020",2010-12-01,0.49,"SUS"
"US_FL_DENNIS","4","DENNIS_US_FL_2005",2010-12-01,0.52,"SUS"
"VER_MX_KARL","5","KARL_MX_VER_2010",2010-12-01,0.84,"SG"
"YUC_DELTA","5","DELTA_YUCATAN_MX_2020",2010-12-01,0.58,"SG"
"YUC_MX_EMILY","5","EMILY_MX_YUC_2005",2010-12-01,0.71,"SG"
"YUC_MX_ISIDORE","5","ISIDORE_MX_YUC_2002",2010-12-01,0.79,"SG"
"AL_US_IVAN","4","IVAN_US_AL_2004",2011-01-01,0.43,"SUS"
"AL_US_SALLY","4","SALLY_US_AL_2020",2011-01-01,0.44,"SUS"
"ALEX","6","ALEX_2010",2011-01-01,0.71,"WG"
"BELICE_RICHARD","3","RICHARD_BELICE_2010",2011-01-01,0.6,"C"
"BELIZE_IRIS","2","IRIS_BELIZE_2001",2011-01-01,0.58,"CA"
"BETA","2","BETA_2005",2011-01-01,0.5,"CA"
"CR_OTTO","2","OTTO_CR_2016",2011-01-01,0.59,"CA"
"CUBA_DENNIS","3","DENNIS_CUBA_2005",2011-01-01,0.79,"C"
"CUBA_GUSTAV","3","GUSTAV_CUBA_2008",2011-01-01,0.7,"C"
"CUBA_IAN","3","IAN_CUBA_2022",2011-01-01,0.68,"C"
"CUBA_MICHELLE","3","MICHELLE_CUBA_2001",2011-01-01,0.76,"C"
"CUBA_PALOMA","3","PALOMA_CUBA_2008",2011-01-01,0.71,"C"
"CUBA_SANDY","3","SANDY_CUBA_2012",2011-01-01,0.6,"C"
"DEAN_QROO_MX","5","DEAN_QROO_MX_2007",2011-01-01,0.75,"SG"
"FL_US_CHARLEY","1","CHARLEY_2004",2011-01-01,0.65,"FP"
"FL_US_FRANCES","1","FRANCES_US_FL_2004",2011-01-01,0.68,"FP"
"FL_US_IAN","1","IAN_US_FL_2022",2011-01-01,0.67,"FP"
"FL_US_IRMA","1","IRMA_US_FL_2017",2011-01-01,0.7,"FP"
"FL_US_JEANNE","1","JEANNE_US_FL_2004",2011-01-01,0.69,"FP"
"FL_US_MICHAEL","4","MICHAEL_US_FL_2018",2011-01-01,0.46,"SUS"
"FL_US_WILMA","1","WILMA_US_FL_2005",2011-01-01,0.69,"FP"
"LA_US_GUSTAV","4","GUSTAV_US_LA_2008",2011-01-01,0.32,"SUS"
"LA_US_IDA","4","IDA_US_LA_2009",2011-01-01,0.36,"SUS"
"LA_US_KATRINA","4","KATRINA_US_LA_2005",2011-01-01,0.39,"SUS"
"LA_US_LAURA","4","LAURA_US_LA_2020",2011-01-01,0.41,"SUS"
"LA_US_ZETA","4","ZETA_US_LA_2020",2011-01-01,0.33,"SUS"
"MX_ERNESTO","5","ERNESTO_MX_2012",2011-01-01,0.74,"SG"
"MX_GRACE","3","GRACE_MX_2021",2011-01-01,0.57,"C"
"MX_TAMPS_EMILY","6","EMILY_TAMPS_MX_2005",2011-01-01,0.57,"WG"
"NC_US_ISABEL","4","ISABEL_US_NC_2003",2011-01-01,0.32,"SUS"
"NIC_ETA","2","ETA_NIC_2020",2011-01-01,0.55,"CA"
"NIC_FELIX","2","FELIX_NIC_2007",2011-01-01,0.51,"CA"
"NIC_IOTA","2","IOTA_NIC_2020",2011-01-01,0.56,"CA"
"PR_USA_MARIA","3","MARIA_US_PR_2017",2011-01-01,0.75,"C"
"QROO_WILMA","3","WILMA_QROO_2005",2011-01-01,0.65,"C"
"TX_US_HARVEY","6","HARVEY_US_TX_2017",2011-01-01,0.52,"WG"
"TX_US_IKE","4","IKE_US_TX_2008",2011-01-01,0.42,"SUS"
"TX_US_RITA","4","RITA_US_TX_2005",2011-01-01,0.42,"SUS"
"US_FL_DELTA","4","DELTA_US_LA_2020",2011-01-01,0.38,"SUS"
"US_FL_DENNIS","4","DENNIS_US_FL_2005",2011-01-01,0.44,"SUS"
"VER_MX_KARL","5","KARL_MX_VER_2010",2011-01-01,0.76,"SG"
"YUC_DELTA","5","DELTA_YUCATAN_MX_2020",2011-01-01,0.68,"SG"
"YUC_MX_EMILY","5","EMILY_MX_YUC_2005",2011-01-01,0.83,"SG"
"YUC_MX_ISIDORE","5","ISIDORE_MX_YUC_2002",2011-01-01,0.91,"SG"
"AL_US_IVAN","4","IVAN_US_AL_2004",2011-02-01,0.56,"SUS"
"AL_US_SALLY","4","SALLY_US_AL_2020",2011-02-01,0.57,"SUS"
"ALEX","6","ALEX_2010",2011-02-01,0.8,"WG"
"BELICE_RICHARD","3","RICHARD_BELICE_2010",2011-02-01,0.67,"C"
"BELIZE_IRIS","2","IRIS_BELIZE_2001",2011-02-01,0.67,"CA"
"BETA","2","BETA_2005",2011-02-01,0.6,"CA"
"CR_OTTO","2","OTTO_CR_2016",2011-02-01,0.69,"CA"
"CUBA_DENNIS","3","DENNIS_CUBA_2005",2011-02-01,0.99,"C"
"CUBA_GUSTAV","3","GUSTAV_CUBA_2008",2011-02-01,0.9,"C"
"CUBA_IAN","3","IAN_CUBA_2022",2011-02-01,0.87,"C"
"CUBA_MICHELLE","3","MICHELLE_CUBA_2001",2011-02-01,0.99,"C"
"CUBA_PALOMA","3","PALOMA_CUBA_2008",2011-02-01,0.93,"C"
"CUBA_SANDY","3","SANDY_CUBA_2012",2011-02-01,0.77,"C"
"DEAN_QROO_MX","5","DEAN_QROO_MX_2007",2011-02-01,0.92,"SG"
"FL_US_CHARLEY","1","CHARLEY_2004",2011-02-01,0.77,"FP"
"FL_US_FRANCES","1","FRANCES_US_FL_2004",2011-02-01,0.8,"FP"
"FL_US_IAN","1","IAN_US_FL_2022",2011-02-01,0.77,"FP"
"FL_US_IRMA","1","IRMA_US_FL_2017",2011-02-01,0.77,"FP"
"FL_US_JEANNE","1","JEANNE_US_FL_2004",2011-02-01,0.81,"FP"
"FL_US_MICHAEL","4","MICHAEL_US_FL_2018",2011-02-01,0.64,"SUS"
"FL_US_WILMA","1","WILMA_US_FL_2005",2011-02-01,0.76,"FP"
"LA_US_GUSTAV","4","GUSTAV_US_LA_2008",2011-02-01,0.34,"SUS"
"LA_US_IDA","4","IDA_US_LA_2009",2011-02-01,0.38,"SUS"
"LA_US_KATRINA","4","KATRINA_US_LA_2005",2011-02-01,0.49,"SUS"
"LA_US_LAURA","4","LAURA_US_LA_2020",2011-02-01,0.51,"SUS"
"LA_US_ZETA","4","ZETA_US_LA_2020",2011-02-01,0.34,"SUS"
"MX_ERNESTO","5","ERNESTO_MX_2012",2011-02-01,0.91,"SG"
"MX_GRACE","3","GRACE_MX_2021",2011-02-01,0.65,"C"
"MX_TAMPS_EMILY","6","EMILY_TAMPS_MX_2005",2011-02-01,0.71,"WG"
"NC_US_ISABEL","4","ISABEL_US_NC_2003",2011-02-01,0.6,"SUS"
"NIC_ETA","2","ETA_NIC_2020",2011-02-01,0.61,"CA"
"NIC_FELIX","2","FELIX_NIC_2007",2011-02-01,0.56,"CA"
"NIC_IOTA","2","IOTA_NIC_2020",2011-02-01,0.62,"CA"
"PR_USA_MARIA","3","MARIA_US_PR_2017",2011-02-01,0.8,"C"
"QROO_WILMA","3","WILMA_QROO_2005",2011-02-01,0.8,"C"
"TX_US_HARVEY","6","HARVEY_US_TX_2017",2011-02-01,0.64,"WG"
"TX_US_IKE","4","IKE_US_TX_2008",2011-02-01,0.52,"SUS"
"TX_US_RITA","4","RITA_US_TX_2005",2011-02-01,0.52,"SUS"
"US_FL_DELTA","4","DELTA_US_LA_2020",2011-02-01,0.51,"SUS"
"US_FL_DENNIS","4","DENNIS_US_FL_2005",2011-02-01,0.57,"SUS"
"VER_MX_KARL","5","KARL_MX_VER_2010",2011-02-01,0.91,"SG"
"YUC_DELTA","5","DELTA_YUCATAN_MX_2020",2011-02-01,0.84,"SG"
"YUC_MX_EMILY","5","EMILY_MX_YUC_2005",2011-02-01,1.01,"SG"
"YUC_MX_ISIDORE","5","ISIDORE_MX_YUC_2002",2011-02-01,1.17,"SG"
"AL_US_IVAN","4","IVAN_US_AL_2004",2011-03-01,0.79,"SUS"
"AL_US_SALLY","4","SALLY_US_AL_2020",2011-03-01,0.74,"SUS"
"ALEX","6","ALEX_2010",2011-03-01,1.1,"WG"
"BELICE_RICHARD","3","RICHARD_BELICE_2010",2011-03-01,0.87,"C"
"BELIZE_IRIS","2","IRIS_BELIZE_2001",2011-03-01,0.79,"CA"
"BETA","2","BETA_2005",2011-03-01,0.71,"CA"
"CR_OTTO","2","OTTO_CR_2016",2011-03-01,0.79,"CA"
"CUBA_DENNIS","3","DENNIS_CUBA_2005",2011-03-01,1.23,"C"
"CUBA_GUSTAV","3","GUSTAV_CUBA_2008",2011-03-01,1.19,"C"
"CUBA_IAN","3","IAN_CUBA_2022",2011-03-01,1.16,"C"
"CUBA_MICHELLE","3","MICHELLE_CUBA_2001",2011-03-01,1.2,"C"
"CUBA_PALOMA","3","PALOMA_CUBA_2008",2011-03-01,1.08,"C"
"CUBA_SANDY","3","SANDY_CUBA_2012",2011-03-01,0.91,"C"
"DEAN_QROO_MX","5","DEAN_QROO_MX_2007",2011-03-01,1.11,"SG"
"FL_US_CHARLEY","1","CHARLEY_2004",2011-03-01,1.01,"FP"
"FL_US_FRANCES","1","FRANCES_US_FL_2004",2011-03-01,1.02,"FP"
"FL_US_IAN","1","IAN_US_FL_2022",2011-03-01,1.01,"FP"
"FL_US_IRMA","1","IRMA_US_FL_2017",2011-03-01,1,"FP"
"FL_US_JEANNE","1","JEANNE_US_FL_2004",2011-03-01,1.02,"FP"
"FL_US_MICHAEL","4","MICHAEL_US_FL_2018",2011-03-01,0.78,"SUS"
"FL_US_WILMA","1","WILMA_US_FL_2005",2011-03-01,1.01,"FP"
"LA_US_GUSTAV","4","GUSTAV_US_LA_2008",2011-03-01,0.62,"SUS"
"LA_US_IDA","4","IDA_US_LA_2009",2011-03-01,0.59,"SUS"
"LA_US_KATRINA","4","KATRINA_US_LA_2005",2011-03-01,0.66,"SUS"
"LA_US_LAURA","4","LAURA_US_LA_2020",2011-03-01,0.74,"SUS"
"LA_US_ZETA","4","ZETA_US_LA_2020",2011-03-01,0.55,"SUS"
"MX_ERNESTO","5","ERNESTO_MX_2012",2011-03-01,1.1,"SG"
"MX_GRACE","3","GRACE_MX_2021",2011-03-01,0.86,"C"
"MX_TAMPS_EMILY","6","EMILY_TAMPS_MX_2005",2011-03-01,1.05,"WG"
"NC_US_ISABEL","4","ISABEL_US_NC_2003",2011-03-01,0.61,"SUS"
"NIC_ETA","2","ETA_NIC_2020",2011-03-01,0.84,"CA"
"NIC_FELIX","2","FELIX_NIC_2007",2011-03-01,0.77,"CA"
"NIC_IOTA","2","IOTA_NIC_2020",2011-03-01,0.84,"CA"
"PR_USA_MARIA","3","MARIA_US_PR_2017",2011-03-01,0.83,"C"
"QROO_WILMA","3","WILMA_QROO_2005",2011-03-01,0.97,"C"
"TX_US_HARVEY","6","HARVEY_US_TX_2017",2011-03-01,0.91,"WG"
"TX_US_IKE","4","IKE_US_TX_2008",2011-03-01,0.75,"SUS"
"TX_US_RITA","4","RITA_US_TX_2005",2011-03-01,0.75,"SUS"
"US_FL_DELTA","4","DELTA_US_LA_2020",2011-03-01,0.74,"SUS"
"US_FL_DENNIS","4","DENNIS_US_FL_2005",2011-03-01,0.84,"SUS"
"VER_MX_KARL","5","KARL_MX_VER_2010",2011-03-01,1.22,"SG"
"YUC_DELTA","5","DELTA_YUCATAN_MX_2020",2011-03-01,1.02,"SG"
"YUC_MX_EMILY","5","EMILY_MX_YUC_2005",2011-03-01,1.16,"SG"
"YUC_MX_ISIDORE","5","ISIDORE_MX_YUC_2002",2011-03-01,1.5,"SG"
"AL_US_IVAN","4","IVAN_US_AL_2004",2011-04-01,0.99,"SUS"
"AL_US_SALLY","4","SALLY_US_AL_2020",2011-04-01,0.97,"SUS"
"ALEX","6","ALEX_2010",2011-04-01,1.44,"WG"
"BELICE_RICHARD","3","RICHARD_BELICE_2010",2011-04-01,1.11,"C"
"BELIZE_IRIS","2","IRIS_BELIZE_2001",2011-04-01,0.9,"CA"
"BETA","2","BETA_2005",2011-04-01,0.82,"CA"
"CR_OTTO","2","OTTO_CR_2016",2011-04-01,0.83,"CA"
"CUBA_DENNIS","3","DENNIS_CUBA_2005",2011-04-01,1.31,"C"
"CUBA_GUSTAV","3","GUSTAV_CUBA_2008",2011-04-01,1.25,"C"
"CUBA_IAN","3","IAN_CUBA_2022",2011-04-01,1.25,"C"
"CUBA_MICHELLE","3","MICHELLE_CUBA_2001",2011-04-01,1.29,"C"
"CUBA_PALOMA","3","PALOMA_CUBA_2008",2011-04-01,1.23,"C"
"CUBA_SANDY","3","SANDY_CUBA_2012",2011-04-01,1.07,"C"
"DEAN_QROO_MX","5","DEAN_QROO_MX_2007",2011-04-01,1.25,"SG"
"FL_US_CHARLEY","1","CHARLEY_2004",2011-04-01,1.23,"FP"
"FL_US_FRANCES","1","FRANCES_US_FL_2004",2011-04-01,1.24,"FP"
"FL_US_IAN","1","IAN_US_FL_2022",2011-04-01,1.24,"FP"
"FL_US_IRMA","1","IRMA_US_FL_2017",2011-04-01,1.23,"FP"
"FL_US_JEANNE","1","JEANNE_US_FL_2004",2011-04-01,1.25,"FP"
"FL_US_MICHAEL","4","MICHAEL_US_FL_2018",2011-04-01,1.06,"SUS"
"FL_US_WILMA","1","WILMA_US_FL_2005",2011-04-01,1.23,"FP"
"LA_US_GUSTAV","4","GUSTAV_US_LA_2008",2011-04-01,0.83,"SUS"
"LA_US_IDA","4","IDA_US_LA_2009",2011-04-01,0.81,"SUS"
"LA_US_KATRINA","4","KATRINA_US_LA_2005",2011-04-01,0.86,"SUS"
"LA_US_LAURA","4","LAURA_US_LA_2020",2011-04-01,1.02,"SUS"
"LA_US_ZETA","4","ZETA_US_LA_2020",2011-04-01,0.74,"SUS"
"MX_ERNESTO","5","ERNESTO_MX_2012",2011-04-01,1.23,"SG"
"MX_GRACE","3","GRACE_MX_2021",2011-04-01,1.2,"C"
"MX_TAMPS_EMILY","6","EMILY_TAMPS_MX_2005",2011-04-01,1.45,"WG"
"NC_US_ISABEL","4","ISABEL_US_NC_2003",2011-04-01,0.87,"SUS"
"NIC_ETA","2","ETA_NIC_2020",2011-04-01,0.88,"CA"
"NIC_FELIX","2","FELIX_NIC_2007",2011-04-01,0.85,"CA"
"NIC_IOTA","2","IOTA_NIC_2020",2011-04-01,0.88,"CA"
"PR_USA_MARIA","3","MARIA_US_PR_2017",2011-04-01,0.88,"C"
"QROO_WILMA","3","WILMA_QROO_2005",2011-04-01,1.21,"C"
"TX_US_HARVEY","6","HARVEY_US_TX_2017",2011-04-01,1.24,"WG"
"TX_US_IKE","4","IKE_US_TX_2008",2011-04-01,1.02,"SUS"
"TX_US_RITA","4","RITA_US_TX_2005",2011-04-01,1.03,"SUS"
"US_FL_DELTA","4","DELTA_US_LA_2020",2011-04-01,1.03,"SUS"
"US_FL_DENNIS","4","DENNIS_US_FL_2005",2011-04-01,1.01,"SUS"
"VER_MX_KARL","5","KARL_MX_VER_2010",2011-04-01,1.46,"SG"
"YUC_DELTA","5","DELTA_YUCATAN_MX_2020",2011-04-01,1.26,"SG"
"YUC_MX_EMILY","5","EMILY_MX_YUC_2005",2011-04-01,1.33,"SG"
"YUC_MX_ISIDORE","5","ISIDORE_MX_YUC_2002",2011-04-01,1.72,"SG"
"AL_US_IVAN","4","IVAN_US_AL_2004",2011-05-01,0.94,"SUS"
"AL_US_SALLY","4","SALLY_US_AL_2020",2011-05-01,1,"SUS"
"ALEX","6","ALEX_2010",2011-05-01,1.59,"WG"
"BELICE_RICHARD","3","RICHARD_BELICE_2010",2011-05-01,1.08,"C"
"BELIZE_IRIS","2","IRIS_BELIZE_2001",2011-05-01,0.93,"CA"
"BETA","2","BETA_2005",2011-05-01,0.62,"CA"
"CR_OTTO","2","OTTO_CR_2016",2011-05-01,0.7,"CA"
"CUBA_DENNIS","3","DENNIS_CUBA_2005",2011-05-01,1.2,"C"
"CUBA_GUSTAV","3","GUSTAV_CUBA_2008",2011-05-01,1.25,"C"
"CUBA_IAN","3","IAN_CUBA_2022",2011-05-01,1.24,"C"
"CUBA_MICHELLE","3","MICHELLE_CUBA_2001",2011-05-01,1.16,"C"
"CUBA_PALOMA","3","PALOMA_CUBA_2008",2011-05-01,1.08,"C"
"CUBA_SANDY","3","SANDY_CUBA_2012",2011-05-01,0.93,"C"
"DEAN_QROO_MX","5","DEAN_QROO_MX_2007",2011-05-01,1.17,"SG"
"FL_US_CHARLEY","1","CHARLEY_2004",2011-05-01,1.3,"FP"
"FL_US_FRANCES","1","FRANCES_US_FL_2004",2011-05-01,1.24,"FP"
"FL_US_IAN","1","IAN_US_FL_2022",2011-05-01,1.3,"FP"
"FL_US_IRMA","1","IRMA_US_FL_2017",2011-05-01,1.27,"FP"
"FL_US_JEANNE","1","JEANNE_US_FL_2004",2011-05-01,1.25,"FP"
"FL_US_MICHAEL","4","MICHAEL_US_FL_2018",2011-05-01,1.14,"SUS"
"FL_US_WILMA","1","WILMA_US_FL_2005",2011-05-01,1.25,"FP"
"LA_US_GUSTAV","4","GUSTAV_US_LA_2008",2011-05-01,0.96,"SUS"
"LA_US_IDA","4","IDA_US_LA_2009",2011-05-01,0.92,"SUS"
"LA_US_KATRINA","4","KATRINA_US_LA_2005",2011-05-01,0.96,"SUS"
"LA_US_LAURA","4","LAURA_US_LA_2020",2011-05-01,1.08,"SUS"
"LA_US_ZETA","4","ZETA_US_LA_2020",2011-05-01,0.87,"SUS"
"MX_ERNESTO","5","ERNESTO_MX_2012",2011-05-01,1.16,"SG"
"MX_GRACE","3","GRACE_MX_2021",2011-05-01,1.17,"C"
"MX_TAMPS_EMILY","6","EMILY_TAMPS_MX_2005",2011-05-01,1.45,"WG"
"NC_US_ISABEL","4","ISABEL_US_NC_2003",2011-05-01,0.91,"SUS"
"NIC_ETA","2","ETA_NIC_2020",2011-05-01,0.76,"CA"
"NIC_FELIX","2","FELIX_NIC_2007",2011-05-01,0.78,"CA"
"NIC_IOTA","2","IOTA_NIC_2020",2011-05-01,0.76,"CA"
"PR_USA_MARIA","3","MARIA_US_PR_2017",2011-05-01,0.89,"C"
"QROO_WILMA","3","WILMA_QROO_2005",2011-05-01,1.19,"C"
"TX_US_HARVEY","6","HARVEY_US_TX_2017",2011-05-01,1.13,"WG"
"TX_US_IKE","4","IKE_US_TX_2008",2011-05-01,0.96,"SUS"
"TX_US_RITA","4","RITA_US_TX_2005",2011-05-01,1.02,"SUS"
"US_FL_DELTA","4","DELTA_US_LA_2020",2011-05-01,1.11,"SUS"
"US_FL_DENNIS","4","DENNIS_US_FL_2005",2011-05-01,0.97,"SUS"
"VER_MX_KARL","5","KARL_MX_VER_2010",2011-05-01,1.4,"SG"
"YUC_DELTA","5","DELTA_YUCATAN_MX_2020",2011-05-01,1.22,"SG"
"YUC_MX_EMILY","5","EMILY_MX_YUC_2005",2011-05-01,1.26,"SG"
"YUC_MX_ISIDORE","5","ISIDORE_MX_YUC_2002",2011-05-01,1.7,"SG"
"AL_US_IVAN","4","IVAN_US_AL_2004",2011-06-01,1.51,"SUS"
"AL_US_SALLY","4","SALLY_US_AL_2020",2011-06-01,1.44,"SUS"
"ALEX","6","ALEX_2010",2011-06-01,1.58,"WG"
"BELICE_RICHARD","3","RICHARD_BELICE_2010",2011-06-01,0.87,"C"
"BELIZE_IRIS","2","IRIS_BELIZE_2001",2011-06-01,0.75,"CA"
"BETA","2","BETA_2005",2011-06-01,0.45,"CA"
"CR_OTTO","2","OTTO_CR_2016",2011-06-01,0.59,"CA"
"CUBA_DENNIS","3","DENNIS_CUBA_2005",2011-06-01,1.06,"C"
"CUBA_GUSTAV","3","GUSTAV_CUBA_2008",2011-06-01,1.08,"C"
"CUBA_IAN","3","IAN_CUBA_2022",2011-06-01,1.06,"C"
"CUBA_MICHELLE","3","MICHELLE_CUBA_2001",2011-06-01,1.03,"C"
"CUBA_PALOMA","3","PALOMA_CUBA_2008",2011-06-01,0.88,"C"
"CUBA_SANDY","3","SANDY_CUBA_2012",2011-06-01,0.82,"C"
"DEAN_QROO_MX","5","DEAN_QROO_MX_2007",2011-06-01,0.92,"SG"
"FL_US_CHARLEY","1","CHARLEY_2004",2011-06-01,1.28,"FP"
"FL_US_FRANCES","1","FRANCES_US_FL_2004",2011-06-01,1.17,"FP"
"FL_US_IAN","1","IAN_US_FL_2022",2011-06-01,1.27,"FP"
"FL_US_IRMA","1","IRMA_US_FL_2017",2011-06-01,1.21,"FP"
"FL_US_JEANNE","1","JEANNE_US_FL_2004",2011-06-01,1.18,"FP"
"FL_US_MICHAEL","4","MICHAEL_US_FL_2018",2011-06-01,1.47,"SUS"
"FL_US_WILMA","1","WILMA_US_FL_2005",2011-06-01,1.15,"FP"
"LA_US_GUSTAV","4","GUSTAV_US_LA_2008",2011-06-01,1.27,"SUS"
"LA_US_IDA","4","IDA_US_LA_2009",2011-06-01,1.27,"SUS"
"LA_US_KATRINA","4","KATRINA_US_LA_2005",2011-06-01,1.33,"SUS"
"LA_US_LAURA","4","LAURA_US_LA_2020",2011-06-01,1.41,"SUS"
"LA_US_ZETA","4","ZETA_US_LA_2020",2011-06-01,1.22,"SUS"
"MX_ERNESTO","5","ERNESTO_MX_2012",2011-06-01,0.91,"SG"
"MX_GRACE","3","GRACE_MX_2021",2011-06-01,1.07,"C"
"MX_TAMPS_EMILY","6","EMILY_TAMPS_MX_2005",2011-06-01,1.61,"WG"
"NC_US_ISABEL","4","ISABEL_US_NC_2003",2011-06-01,1.48,"SUS"
"NIC_ETA","2","ETA_NIC_2020",2011-06-01,0.52,"CA"
"NIC_FELIX","2","FELIX_NIC_2007",2011-06-01,0.52,"CA"
"NIC_IOTA","2","IOTA_NIC_2020",2011-06-01,0.53,"CA"
"PR_USA_MARIA","3","MARIA_US_PR_2017",2011-06-01,0.98,"C"
"QROO_WILMA","3","WILMA_QROO_2005",2011-06-01,0.99,"C"
"TX_US_HARVEY","6","HARVEY_US_TX_2017",2011-06-01,1.47,"WG"
"TX_US_IKE","4","IKE_US_TX_2008",2011-06-01,1.38,"SUS"
"TX_US_RITA","4","RITA_US_TX_2005",2011-06-01,1.37,"SUS"
"US_FL_DELTA","4","DELTA_US_LA_2020",2011-06-01,1.42,"SUS"
"US_FL_DENNIS","4","DENNIS_US_FL_2005",2011-06-01,1.58,"SUS"
"VER_MX_KARL","5","KARL_MX_VER_2010",2011-06-01,1.08,"SG"
"YUC_DELTA","5","DELTA_YUCATAN_MX_2020",2011-06-01,1,"SG"
"YUC_MX_EMILY","5","EMILY_MX_YUC_2005",2011-06-01,1.05,"SG"
"YUC_MX_ISIDORE","5","ISIDORE_MX_YUC_2002",2011-06-01,1.26,"SG"
"AL_US_IVAN","4","IVAN_US_AL_2004",2011-07-01,1.12,"SUS"
"AL_US_SALLY","4","SALLY_US_AL_2020",2011-07-01,1.09,"SUS"
"ALEX","6","ALEX_2010",2011-07-01,1.41,"WG"
"BELICE_RICHARD","3","RICHARD_BELICE_2010",2011-07-01,0.69,"C"
"BELIZE_IRIS","2","IRIS_BELIZE_2001",2011-07-01,0.6,"CA"
"BETA","2","BETA_2005",2011-07-01,0.31,"CA"
"CR_OTTO","2","OTTO_CR_2016",2011-07-01,0.47,"CA"
"CUBA_DENNIS","3","DENNIS_CUBA_2005",2011-07-01,1.03,"C"
"CUBA_GUSTAV","3","GUSTAV_CUBA_2008",2011-07-01,0.94,"C"
"CUBA_IAN","3","IAN_CUBA_2022",2011-07-01,0.92,"C"
"CUBA_MICHELLE","3","MICHELLE_CUBA_2001",2011-07-01,1,"C"
"CUBA_PALOMA","3","PALOMA_CUBA_2008",2011-07-01,0.99,"C"
"CUBA_SANDY","3","SANDY_CUBA_2012",2011-07-01,0.88,"C"
"DEAN_QROO_MX","5","DEAN_QROO_MX_2007",2011-07-01,0.9,"SG"
"FL_US_CHARLEY","1","CHARLEY_2004",2011-07-01,1.14,"FP"
"FL_US_FRANCES","1","FRANCES_US_FL_2004",2011-07-01,1.13,"FP"
"FL_US_IAN","1","IAN_US_FL_2022",2011-07-01,1.15,"FP"
"FL_US_IRMA","1","IRMA_US_FL_2017",2011-07-01,1.16,"FP"
"FL_US_JEANNE","1","JEANNE_US_FL_2004",2011-07-01,1.14,"FP"
"FL_US_MICHAEL","4","MICHAEL_US_FL_2018",2011-07-01,1.15,"SUS"
"FL_US_WILMA","1","WILMA_US_FL_2005",2011-07-01,1.12,"FP"
"LA_US_GUSTAV","4","GUSTAV_US_LA_2008",2011-07-01,1.11,"SUS"
"LA_US_IDA","4","IDA_US_LA_2009",2011-07-01,1.09,"SUS"
"LA_US_KATRINA","4","KATRINA_US_LA_2005",2011-07-01,1.05,"SUS"
"LA_US_LAURA","4","LAURA_US_LA_2020",2011-07-01,1.34,"SUS"
"LA_US_ZETA","4","ZETA_US_LA_2020",2011-07-01,1.05,"SUS"
"MX_ERNESTO","5","ERNESTO_MX_2012",2011-07-01,0.89,"SG"
"MX_GRACE","3","GRACE_MX_2021",2011-07-01,0.79,"C"
"MX_TAMPS_EMILY","6","EMILY_TAMPS_MX_2005",2011-07-01,1.39,"WG"
"NC_US_ISABEL","4","ISABEL_US_NC_2003",2011-07-01,1.41,"SUS"
"NIC_ETA","2","ETA_NIC_2020",2011-07-01,0.43,"CA"
"NIC_FELIX","2","FELIX_NIC_2007",2011-07-01,0.41,"CA"
"NIC_IOTA","2","IOTA_NIC_2020",2011-07-01,0.45,"CA"
"PR_USA_MARIA","3","MARIA_US_PR_2017",2011-07-01,0.95,"C"
"QROO_WILMA","3","WILMA_QROO_2005",2011-07-01,0.91,"C"
"TX_US_HARVEY","6","HARVEY_US_TX_2017",2011-07-01,1.6,"WG"
"TX_US_IKE","4","IKE_US_TX_2008",2011-07-01,1.47,"SUS"
"TX_US_RITA","4","RITA_US_TX_2005",2011-07-01,1.37,"SUS"
"US_FL_DELTA","4","DELTA_US_LA_2020",2011-07-01,1.27,"SUS"
"US_FL_DENNIS","4","DENNIS_US_FL_2005",2011-07-01,1.11,"SUS"
"VER_MX_KARL","5","KARL_MX_VER_2010",2011-07-01,0.78,"SG"
"YUC_DELTA","5","DELTA_YUCATAN_MX_2020",2011-07-01,0.91,"SG"
"YUC_MX_EMILY","5","EMILY_MX_YUC_2005",2011-07-01,0.98,"SG"
"YUC_MX_ISIDORE","5","ISIDORE_MX_YUC_2002",2011-07-01,1.07,"SG"
"AL_US_IVAN","4","IVAN_US_AL_2004",2011-08-01,1.41,"SUS"
"AL_US_SALLY","4","SALLY_US_AL_2020",2011-08-01,1.36,"SUS"
"ALEX","6","ALEX_2010",2011-08-01,1.58,"WG"
"BELICE_RICHARD","3","RICHARD_BELICE_2010",2011-08-01,0.81,"C"
"BELIZE_IRIS","2","IRIS_BELIZE_2001",2011-08-01,0.63,"CA"
"BETA","2","BETA_2005",2011-08-01,0.35,"CA"
"CR_OTTO","2","OTTO_CR_2016",2011-08-01,0.46,"CA"
"CUBA_DENNIS","3","DENNIS_CUBA_2005",2011-08-01,1.11,"C"
"CUBA_GUSTAV","3","GUSTAV_CUBA_2008",2011-08-01,1.03,"C"
"CUBA_IAN","3","IAN_CUBA_2022",2011-08-01,1,"C"
"CUBA_MICHELLE","3","MICHELLE_CUBA_2001",2011-08-01,1.07,"C"
"CUBA_PALOMA","3","PALOMA_CUBA_2008",2011-08-01,1,"C"
"CUBA_SANDY","3","SANDY_CUBA_2012",2011-08-01,0.92,"C"
"DEAN_QROO_MX","5","DEAN_QROO_MX_2007",2011-08-01,0.89,"SG"
"FL_US_CHARLEY","1","CHARLEY_2004",2011-08-01,1.15,"FP"
"FL_US_FRANCES","1","FRANCES_US_FL_2004",2011-08-01,1.12,"FP"
"FL_US_IAN","1","IAN_US_FL_2022",2011-08-01,1.16,"FP"
"FL_US_IRMA","1","IRMA_US_FL_2017",2011-08-01,1.15,"FP"
"FL_US_JEANNE","1","JEANNE_US_FL_2004",2011-08-01,1.12,"FP"
"FL_US_MICHAEL","4","MICHAEL_US_FL_2018",2011-08-01,1.32,"SUS"
"FL_US_WILMA","1","WILMA_US_FL_2005",2011-08-01,1.15,"FP"
"LA_US_GUSTAV","4","GUSTAV_US_LA_2008",2011-08-01,1.35,"SUS"
"LA_US_IDA","4","IDA_US_LA_2009",2011-08-01,1.42,"SUS"
"LA_US_KATRINA","4","KATRINA_US_LA_2005",2011-08-01,1.36,"SUS"
"LA_US_LAURA","4","LAURA_US_LA_2020",2011-08-01,1.5,"SUS"
"LA_US_ZETA","4","ZETA_US_LA_2020",2011-08-01,1.37,"SUS"
"MX_ERNESTO","5","ERNESTO_MX_2012",2011-08-01,0.88,"SG"
"MX_GRACE","3","GRACE_MX_2021",2011-08-01,0.84,"C"
"MX_TAMPS_EMILY","6","EMILY_TAMPS_MX_2005",2011-08-01,1.71,"WG"
"NC_US_ISABEL","4","ISABEL_US_NC_2003",2011-08-01,1.31,"SUS"
"NIC_ETA","2","ETA_NIC_2020",2011-08-01,0.46,"CA"
"NIC_FELIX","2","FELIX_NIC_2007",2011-08-01,0.46,"CA"
"NIC_IOTA","2","IOTA_NIC_2020",2011-08-01,0.48,"CA"
"PR_USA_MARIA","3","MARIA_US_PR_2017",2011-08-01,0.91,"C"
"QROO_WILMA","3","WILMA_QROO_2005",2011-08-01,0.96,"C"
"TX_US_HARVEY","6","HARVEY_US_TX_2017",2011-08-01,1.82,"WG"
"TX_US_IKE","4","IKE_US_TX_2008",2011-08-01,1.72,"SUS"
"TX_US_RITA","4","RITA_US_TX_2005",2011-08-01,1.54,"SUS"
"US_FL_DELTA","4","DELTA_US_LA_2020",2011-08-01,1.46,"SUS"
"US_FL_DENNIS","4","DENNIS_US_FL_2005",2011-08-01,1.47,"SUS"
"VER_MX_KARL","5","KARL_MX_VER_2010",2011-08-01,0.85,"SG"
"YUC_DELTA","5","DELTA_YUCATAN_MX_2020",2011-08-01,0.96,"SG"
"YUC_MX_EMILY","5","EMILY_MX_YUC_2005",2011-08-01,0.99,"SG"
"YUC_MX_ISIDORE","5","ISIDORE_MX_YUC_2002",2011-08-01,1.02,"SG"
"AL_US_IVAN","4","IVAN_US_AL_2004",2011-09-01,0.95,"SUS"
"AL_US_SALLY","4","SALLY_US_AL_2020",2011-09-01,0.97,"SUS"
"ALEX","6","ALEX_2010",2011-09-01,1.38,"WG"
"BELICE_RICHARD","3","RICHARD_BELICE_2010",2011-09-01,0.77,"C"
"BELIZE_IRIS","2","IRIS_BELIZE_2001",2011-09-01,0.58,"CA"
"BETA","2","BETA_2005",2011-09-01,0.43,"CA"
"CR_OTTO","2","OTTO_CR_2016",2011-09-01,0.51,"CA"
"CUBA_DENNIS","3","DENNIS_CUBA_2005",2011-09-01,0.98,"C"
"CUBA_GUSTAV","3","GUSTAV_CUBA_2008",2011-09-01,0.93,"C"
"CUBA_IAN","3","IAN_CUBA_2022",2011-09-01,0.91,"C"
"CUBA_MICHELLE","3","MICHELLE_CUBA_2001",2011-09-01,0.94,"C"
"CUBA_PALOMA","3","PALOMA_CUBA_2008",2011-09-01,0.88,"C"
"CUBA_SANDY","3","SANDY_CUBA_2012",2011-09-01,0.79,"C"
"DEAN_QROO_MX","5","DEAN_QROO_MX_2007",2011-09-01,0.83,"SG"
"FL_US_CHARLEY","1","CHARLEY_2004",2011-09-01,1.09,"FP"
"FL_US_FRANCES","1","FRANCES_US_FL_2004",2011-09-01,1.11,"FP"
"FL_US_IAN","1","IAN_US_FL_2022",2011-09-01,1.1,"FP"
"FL_US_IRMA","1","IRMA_US_FL_2017",2011-09-01,1.12,"FP"
"FL_US_JEANNE","1","JEANNE_US_FL_2004",2011-09-01,1.11,"FP"
"FL_US_MICHAEL","4","MICHAEL_US_FL_2018",2011-09-01,1.1,"SUS"
"FL_US_WILMA","1","WILMA_US_FL_2005",2011-09-01,1.11,"FP"
"LA_US_GUSTAV","4","GUSTAV_US_LA_2008",2011-09-01,1.02,"SUS"
"LA_US_IDA","4","IDA_US_LA_2009",2011-09-01,0.97,"SUS"
"LA_US_KATRINA","4","KATRINA_US_LA_2005",2011-09-01,0.94,"SUS"
"LA_US_LAURA","4","LAURA_US_LA_2020",2011-09-01,1.31,"SUS"
"LA_US_ZETA","4","ZETA_US_LA_2020",2011-09-01,0.93,"SUS"
"MX_ERNESTO","5","ERNESTO_MX_2012",2011-09-01,0.83,"SG"
"MX_GRACE","3","GRACE_MX_2021",2011-09-01,0.8,"C"
"MX_TAMPS_EMILY","6","EMILY_TAMPS_MX_2005",2011-09-01,1.53,"WG"
"NC_US_ISABEL","4","ISABEL_US_NC_2003",2011-09-01,0.84,"SUS"
"NIC_ETA","2","ETA_NIC_2020",2011-09-01,0.55,"CA"
"NIC_FELIX","2","FELIX_NIC_2007",2011-09-01,0.58,"CA"
"NIC_IOTA","2","IOTA_NIC_2020",2011-09-01,0.54,"CA"
"PR_USA_MARIA","3","MARIA_US_PR_2017",2011-09-01,0.91,"C"
"QROO_WILMA","3","WILMA_QROO_2005",2011-09-01,0.82,"C"
"TX_US_HARVEY","6","HARVEY_US_TX_2017",2011-09-01,1.66,"WG"
"TX_US_IKE","4","IKE_US_TX_2008",2011-09-01,1.35,"SUS"
"TX_US_RITA","4","RITA_US_TX_2005",2011-09-01,1.31,"SUS"
"US_FL_DELTA","4","DELTA_US_LA_2020",2011-09-01,1.27,"SUS"
"US_FL_DENNIS","4","DENNIS_US_FL_2005",2011-09-01,0.97,"SUS"
"VER_MX_KARL","5","KARL_MX_VER_2010",2011-09-01,0.82,"SG"
"YUC_DELTA","5","DELTA_YUCATAN_MX_2020",2011-09-01,0.83,"SG"
"YUC_MX_EMILY","5","EMILY_MX_YUC_2005",2011-09-01,0.88,"SG"
"YUC_MX_ISIDORE","5","ISIDORE_MX_YUC_2002",2011-09-01,0.94,"SG"
"AL_US_IVAN","4","IVAN_US_AL_2004",2011-10-01,0.9,"SUS"
"AL_US_SALLY","4","SALLY_US_AL_2020",2011-10-01,0.93,"SUS"
"ALEX","6","ALEX_2010",2011-10-01,1.16,"WG"
"BELICE_RICHARD","3","RICHARD_BELICE_2010",2011-10-01,0.67,"C"
"BELIZE_IRIS","2","IRIS_BELIZE_2001",2011-10-01,0.54,"CA"
"BETA","2","BETA_2005",2011-10-01,0.61,"CA"
"CR_OTTO","2","OTTO_CR_2016",2011-10-01,0.54,"CA"
"CUBA_DENNIS","3","DENNIS_CUBA_2005",2011-10-01,0.8,"C"
"CUBA_GUSTAV","3","GUSTAV_CUBA_2008",2011-10-01,0.73,"C"
"CUBA_IAN","3","IAN_CUBA_2022",2011-10-01,0.72,"C"
"CUBA_MICHELLE","3","MICHELLE_CUBA_2001",2011-10-01,0.78,"C"
"CUBA_PALOMA","3","PALOMA_CUBA_2008",2011-10-01,0.69,"C"
"CUBA_SANDY","3","SANDY_CUBA_2012",2011-10-01,0.59,"C"
"DEAN_QROO_MX","5","DEAN_QROO_MX_2007",2011-10-01,0.7,"SG"
"FL_US_CHARLEY","1","CHARLEY_2004",2011-10-01,0.92,"FP"
"FL_US_FRANCES","1","FRANCES_US_FL_2004",2011-10-01,0.94,"FP"
"FL_US_IAN","1","IAN_US_FL_2022",2011-10-01,0.94,"FP"
"FL_US_IRMA","1","IRMA_US_FL_2017",2011-10-01,1,"FP"
"FL_US_JEANNE","1","JEANNE_US_FL_2004",2011-10-01,0.95,"FP"
"FL_US_MICHAEL","4","MICHAEL_US_FL_2018",2011-10-01,0.95,"SUS"
"FL_US_WILMA","1","WILMA_US_FL_2005",2011-10-01,0.97,"FP"
"LA_US_GUSTAV","4","GUSTAV_US_LA_2008",2011-10-01,0.89,"SUS"
"LA_US_IDA","4","IDA_US_LA_2009",2011-10-01,0.85,"SUS"
"LA_US_KATRINA","4","KATRINA_US_LA_2005",2011-10-01,0.87,"SUS"
"LA_US_LAURA","4","LAURA_US_LA_2020",2011-10-01,1.13,"SUS"
"LA_US_ZETA","4","ZETA_US_LA_2020",2011-10-01,0.81,"SUS"
"MX_ERNESTO","5","ERNESTO_MX_2012",2011-10-01,0.69,"SG"
"MX_GRACE","3","GRACE_MX_2021",2011-10-01,0.76,"C"
"MX_TAMPS_EMILY","6","EMILY_TAMPS_MX_2005",2011-10-01,1.18,"WG"
"NC_US_ISABEL","4","ISABEL_US_NC_2003",2011-10-01,0.76,"SUS"
"NIC_ETA","2","ETA_NIC_2020",2011-10-01,0.65,"CA"
"NIC_FELIX","2","FELIX_NIC_2007",2011-10-01,0.64,"CA"
"NIC_IOTA","2","IOTA_NIC_2020",2011-10-01,0.67,"CA"
"PR_USA_MARIA","3","MARIA_US_PR_2017",2011-10-01,0.86,"C"
"QROO_WILMA","3","WILMA_QROO_2005",2011-10-01,0.67,"C"
"TX_US_HARVEY","6","HARVEY_US_TX_2017",2011-10-01,1.18,"WG"
"TX_US_IKE","4","IKE_US_TX_2008",2011-10-01,1.03,"SUS"
"TX_US_RITA","4","RITA_US_TX_2005",2011-10-01,1.04,"SUS"
"US_FL_DELTA","4","DELTA_US_LA_2020",2011-10-01,1.13,"SUS"
"US_FL_DENNIS","4","DENNIS_US_FL_2005",2011-10-01,0.92,"SUS"
"VER_MX_KARL","5","KARL_MX_VER_2010",2011-10-01,0.89,"SG"
"YUC_DELTA","5","DELTA_YUCATAN_MX_2020",2011-10-01,0.68,"SG"
"YUC_MX_EMILY","5","EMILY_MX_YUC_2005",2011-10-01,0.74,"SG"
"YUC_MX_ISIDORE","5","ISIDORE_MX_YUC_2002",2011-10-01,0.76,"SG"
"AL_US_IVAN","4","IVAN_US_AL_2004",2011-11-01,0.63,"SUS"
"AL_US_SALLY","4","SALLY_US_AL_2020",2011-11-01,0.66,"SUS"
"ALEX","6","ALEX_2010",2011-11-01,0.93,"WG"
"BELICE_RICHARD","3","RICHARD_BELICE_2010",2011-11-01,0.62,"C"
"BELIZE_IRIS","2","IRIS_BELIZE_2001",2011-11-01,0.45,"CA"
"BETA","2","BETA_2005",2011-11-01,0.54,"CA"
"CR_OTTO","2","OTTO_CR_2016",2011-11-01,0.55,"CA"
"CUBA_DENNIS","3","DENNIS_CUBA_2005",2011-11-01,0.87,"C"
"CUBA_GUSTAV","3","GUSTAV_CUBA_2008",2011-11-01,0.87,"C"
"CUBA_IAN","3","IAN_CUBA_2022",2011-11-01,0.85,"C"
"CUBA_MICHELLE","3","MICHELLE_CUBA_2001",2011-11-01,0.83,"C"
"CUBA_PALOMA","3","PALOMA_CUBA_2008",2011-11-01,0.79,"C"
"CUBA_SANDY","3","SANDY_CUBA_2012",2011-11-01,0.65,"C"
"DEAN_QROO_MX","5","DEAN_QROO_MX_2007",2011-11-01,0.7,"SG"
"FL_US_CHARLEY","1","CHARLEY_2004",2011-11-01,0.82,"FP"
"FL_US_FRANCES","1","FRANCES_US_FL_2004",2011-11-01,0.78,"FP"
"FL_US_IAN","1","IAN_US_FL_2022",2011-11-01,0.82,"FP"
"FL_US_IRMA","1","IRMA_US_FL_2017",2011-11-01,0.86,"FP"
"FL_US_JEANNE","1","JEANNE_US_FL_2004",2011-11-01,0.79,"FP"
"FL_US_MICHAEL","4","MICHAEL_US_FL_2018",2011-11-01,0.72,"SUS"
"FL_US_WILMA","1","WILMA_US_FL_2005",2011-11-01,0.84,"FP"
"LA_US_GUSTAV","4","GUSTAV_US_LA_2008",2011-11-01,0.6,"SUS"
"LA_US_IDA","4","IDA_US_LA_2009",2011-11-01,0.59,"SUS"
"LA_US_KATRINA","4","KATRINA_US_LA_2005",2011-11-01,0.58,"SUS"
"LA_US_LAURA","4","LAURA_US_LA_2020",2011-11-01,0.68,"SUS"
"LA_US_ZETA","4","ZETA_US_LA_2020",2011-11-01,0.56,"SUS"
"MX_ERNESTO","5","ERNESTO_MX_2012",2011-11-01,0.69,"SG"
"MX_GRACE","3","GRACE_MX_2021",2011-11-01,0.7,"C"
"MX_TAMPS_EMILY","6","EMILY_TAMPS_MX_2005",2011-11-01,0.93,"WG"
"NC_US_ISABEL","4","ISABEL_US_NC_2003",2011-11-01,0.63,"SUS"
"NIC_ETA","2","ETA_NIC_2020",2011-11-01,0.52,"CA"
"NIC_FELIX","2","FELIX_NIC_2007",2011-11-01,0.51,"CA"
"NIC_IOTA","2","IOTA_NIC_2020",2011-11-01,0.53,"CA"
"PR_USA_MARIA","3","MARIA_US_PR_2017",2011-11-01,0.78,"C"
"QROO_WILMA","3","WILMA_QROO_2005",2011-11-01,0.75,"C"
"TX_US_HARVEY","6","HARVEY_US_TX_2017",2011-11-01,0.87,"WG"
"TX_US_IKE","4","IKE_US_TX_2008",2011-11-01,0.67,"SUS"
"TX_US_RITA","4","RITA_US_TX_2005",2011-11-01,0.64,"SUS"
"US_FL_DELTA","4","DELTA_US_LA_2020",2011-11-01,0.69,"SUS"
"US_FL_DENNIS","4","DENNIS_US_FL_2005",2011-11-01,0.64,"SUS"
"VER_MX_KARL","5","KARL_MX_VER_2010",2011-11-01,0.93,"SG"
"YUC_DELTA","5","DELTA_YUCATAN_MX_2020",2011-11-01,0.77,"SG"
"YUC_MX_EMILY","5","EMILY_MX_YUC_2005",2011-11-01,0.83,"SG"
"YUC_MX_ISIDORE","5","ISIDORE_MX_YUC_2002",2011-11-01,0.82,"SG"
"AL_US_IVAN","4","IVAN_US_AL_2004",2011-12-01,0.53,"SUS"
"AL_US_SALLY","4","SALLY_US_AL_2020",2011-12-01,0.55,"SUS"
"ALEX","6","ALEX_2010",2011-12-01,0.62,"WG"
"BELICE_RICHARD","3","RICHARD_BELICE_2010",2011-12-01,0.55,"C"
"BELIZE_IRIS","2","IRIS_BELIZE_2001",2011-12-01,0.48,"CA"
"BETA","2","BETA_2005",2011-12-01,0.44,"CA"
"CR_OTTO","2","OTTO_CR_2016",2011-12-01,0.53,"CA"
"CUBA_DENNIS","3","DENNIS_CUBA_2005",2011-12-01,0.98,"C"
"CUBA_GUSTAV","3","GUSTAV_CUBA_2008",2011-12-01,0.91,"C"
"CUBA_IAN","3","IAN_CUBA_2022",2011-12-01,0.87,"C"
"CUBA_MICHELLE","3","MICHELLE_CUBA_2001",2011-12-01,0.93,"C"
"CUBA_PALOMA","3","PALOMA_CUBA_2008",2011-12-01,0.82,"C"
"CUBA_SANDY","3","SANDY_CUBA_2012",2011-12-01,0.69,"C"
"DEAN_QROO_MX","5","DEAN_QROO_MX_2007",2011-12-01,0.66,"SG"
"FL_US_CHARLEY","1","CHARLEY_2004",2011-12-01,0.75,"FP"
"FL_US_FRANCES","1","FRANCES_US_FL_2004",2011-12-01,0.72,"FP"
"FL_US_IAN","1","IAN_US_FL_2022",2011-12-01,0.76,"FP"
"FL_US_IRMA","1","IRMA_US_FL_2017",2011-12-01,0.81,"FP"
"FL_US_JEANNE","1","JEANNE_US_FL_2004",2011-12-01,0.74,"FP"
"FL_US_MICHAEL","4","MICHAEL_US_FL_2018",2011-12-01,0.62,"SUS"
"FL_US_WILMA","1","WILMA_US_FL_2005",2011-12-01,0.78,"FP"
"LA_US_GUSTAV","4","GUSTAV_US_LA_2008",2011-12-01,0.38,"SUS"
"LA_US_IDA","4","IDA_US_LA_2009",2011-12-01,0.41,"SUS"
"LA_US_KATRINA","4","KATRINA_US_LA_2005",2011-12-01,0.45,"SUS"
"LA_US_LAURA","4","LAURA_US_LA_2020",2011-12-01,0.41,"SUS"
"LA_US_ZETA","4","ZETA_US_LA_2020",2011-12-01,0.39,"SUS"
"MX_ERNESTO","5","ERNESTO_MX_2012",2011-12-01,0.65,"SG"
"MX_GRACE","3","GRACE_MX_2021",2011-12-01,0.49,"C"
"MX_TAMPS_EMILY","6","EMILY_TAMPS_MX_2005",2011-12-01,0.5,"WG"
"NC_US_ISABEL","4","ISABEL_US_NC_2003",2011-12-01,0.55,"SUS"
"NIC_ETA","2","ETA_NIC_2020",2011-12-01,0.48,"CA"
"NIC_FELIX","2","FELIX_NIC_2007",2011-12-01,0.46,"CA"
"NIC_IOTA","2","IOTA_NIC_2020",2011-12-01,0.5,"CA"
"PR_USA_MARIA","3","MARIA_US_PR_2017",2011-12-01,0.75,"C"
"QROO_WILMA","3","WILMA_QROO_2005",2011-12-01,0.75,"C"
"TX_US_HARVEY","6","HARVEY_US_TX_2017",2011-12-01,0.54,"WG"
"TX_US_IKE","4","IKE_US_TX_2008",2011-12-01,0.45,"SUS"
"TX_US_RITA","4","RITA_US_TX_2005",2011-12-01,0.4,"SUS"
"US_FL_DELTA","4","DELTA_US_LA_2020",2011-12-01,0.43,"SUS"
"US_FL_DENNIS","4","DENNIS_US_FL_2005",2011-12-01,0.55,"SUS"
"VER_MX_KARL","5","KARL_MX_VER_2010",2011-12-01,0.8,"SG"
"YUC_DELTA","5","DELTA_YUCATAN_MX_2020",2011-12-01,0.77,"SG"
"YUC_MX_EMILY","5","EMILY_MX_YUC_2005",2011-12-01,0.85,"SG"
"YUC_MX_ISIDORE","5","ISIDORE_MX_YUC_2002",2011-12-01,0.82,"SG"
"AL_US_IVAN","4","IVAN_US_AL_2004",2012-01-01,0.72,"SUS"
"AL_US_SALLY","4","SALLY_US_AL_2020",2012-01-01,0.67,"SUS"
"ALEX","6","ALEX_2010",2012-01-01,0.69,"WG"
"BELICE_RICHARD","3","RICHARD_BELICE_2010",2012-01-01,0.62,"C"
"BELIZE_IRIS","2","IRIS_BELIZE_2001",2012-01-01,0.55,"CA"
"BETA","2","BETA_2005",2012-01-01,0.47,"CA"
"CR_OTTO","2","OTTO_CR_2016",2012-01-01,0.57,"CA"
"CUBA_DENNIS","3","DENNIS_CUBA_2005",2012-01-01,0.92,"C"
"CUBA_GUSTAV","3","GUSTAV_CUBA_2008",2012-01-01,0.88,"C"
"CUBA_IAN","3","IAN_CUBA_2022",2012-01-01,0.86,"C"
"CUBA_MICHELLE","3","MICHELLE_CUBA_2001",2012-01-01,0.88,"C"
"CUBA_PALOMA","3","PALOMA_CUBA_2008",2012-01-01,0.77,"C"
"CUBA_SANDY","3","SANDY_CUBA_2012",2012-01-01,0.63,"C"
"DEAN_QROO_MX","5","DEAN_QROO_MX_2007",2012-01-01,0.75,"SG"
"FL_US_CHARLEY","1","CHARLEY_2004",2012-01-01,0.79,"FP"
"FL_US_FRANCES","1","FRANCES_US_FL_2004",2012-01-01,0.77,"FP"
"FL_US_IAN","1","IAN_US_FL_2022",2012-01-01,0.79,"FP"
"FL_US_IRMA","1","IRMA_US_FL_2017",2012-01-01,0.8,"FP"
"FL_US_JEANNE","1","JEANNE_US_FL_2004",2012-01-01,0.77,"FP"
"FL_US_MICHAEL","4","MICHAEL_US_FL_2018",2012-01-01,0.65,"SUS"
"FL_US_WILMA","1","WILMA_US_FL_2005",2012-01-01,0.78,"FP"
"LA_US_GUSTAV","4","GUSTAV_US_LA_2008",2012-01-01,0.5,"SUS"
"LA_US_IDA","4","IDA_US_LA_2009",2012-01-01,0.53,"SUS"
"LA_US_KATRINA","4","KATRINA_US_LA_2005",2012-01-01,0.57,"SUS"
"LA_US_LAURA","4","LAURA_US_LA_2020",2012-01-01,0.57,"SUS"
"LA_US_ZETA","4","ZETA_US_LA_2020",2012-01-01,0.51,"SUS"
"MX_ERNESTO","5","ERNESTO_MX_2012",2012-01-01,0.74,"SG"
"MX_GRACE","3","GRACE_MX_2021",2012-01-01,0.56,"C"
"MX_TAMPS_EMILY","6","EMILY_TAMPS_MX_2005",2012-01-01,0.58,"WG"
"NC_US_ISABEL","4","ISABEL_US_NC_2003",2012-01-01,0.55,"SUS"
"NIC_ETA","2","ETA_NIC_2020",2012-01-01,0.54,"CA"
"NIC_FELIX","2","FELIX_NIC_2007",2012-01-01,0.5,"CA"
"NIC_IOTA","2","IOTA_NIC_2020",2012-01-01,0.56,"CA"
"PR_USA_MARIA","3","MARIA_US_PR_2017",2012-01-01,0.73,"C"
"QROO_WILMA","3","WILMA_QROO_2005",2012-01-01,0.72,"C"
"TX_US_HARVEY","6","HARVEY_US_TX_2017",2012-01-01,0.66,"WG"
"TX_US_IKE","4","IKE_US_TX_2008",2012-01-01,0.53,"SUS"
"TX_US_RITA","4","RITA_US_TX_2005",2012-01-01,0.54,"SUS"
"US_FL_DELTA","4","DELTA_US_LA_2020",2012-01-01,0.56,"SUS"
"US_FL_DENNIS","4","DENNIS_US_FL_2005",2012-01-01,0.75,"SUS"
"VER_MX_KARL","5","KARL_MX_VER_2010",2012-01-01,0.85,"SG"
"YUC_DELTA","5","DELTA_YUCATAN_MX_2020",2012-01-01,0.74,"SG"
"YUC_MX_EMILY","5","EMILY_MX_YUC_2005",2012-01-01,0.86,"SG"
"YUC_MX_ISIDORE","5","ISIDORE_MX_YUC_2002",2012-01-01,0.9,"SG"
"AL_US_IVAN","4","IVAN_US_AL_2004",2012-02-01,0.56,"SUS"
"AL_US_SALLY","4","SALLY_US_AL_2020",2012-02-01,0.5,"SUS"
"ALEX","6","ALEX_2010",2012-02-01,0.63,"WG"
"BELICE_RICHARD","3","RICHARD_BELICE_2010",2012-02-01,0.69,"C"
"BELIZE_IRIS","2","IRIS_BELIZE_2001",2012-02-01,0.64,"CA"
"BETA","2","BETA_2005",2012-02-01,0.63,"CA"
"CR_OTTO","2","OTTO_CR_2016",2012-02-01,0.77,"CA"
"CUBA_DENNIS","3","DENNIS_CUBA_2005",2012-02-01,1.02,"C"
"CUBA_GUSTAV","3","GUSTAV_CUBA_2008",2012-02-01,0.91,"C"
"CUBA_IAN","3","IAN_CUBA_2022",2012-02-01,0.89,"C"
"CUBA_MICHELLE","3","MICHELLE_CUBA_2001",2012-02-01,1.01,"C"
"CUBA_PALOMA","3","PALOMA_CUBA_2008",2012-02-01,0.95,"C"
"CUBA_SANDY","3","SANDY_CUBA_2012",2012-02-01,0.76,"C"
"DEAN_QROO_MX","5","DEAN_QROO_MX_2007",2012-02-01,0.9,"SG"
"FL_US_CHARLEY","1","CHARLEY_2004",2012-02-01,0.74,"FP"
"FL_US_FRANCES","1","FRANCES_US_FL_2004",2012-02-01,0.73,"FP"
"FL_US_IAN","1","IAN_US_FL_2022",2012-02-01,0.74,"FP"
"FL_US_IRMA","1","IRMA_US_FL_2017",2012-02-01,0.73,"FP"
"FL_US_JEANNE","1","JEANNE_US_FL_2004",2012-02-01,0.74,"FP"
"FL_US_MICHAEL","4","MICHAEL_US_FL_2018",2012-02-01,0.57,"SUS"
"FL_US_WILMA","1","WILMA_US_FL_2005",2012-02-01,0.73,"FP"
"LA_US_GUSTAV","4","GUSTAV_US_LA_2008",2012-02-01,0.29,"SUS"
"LA_US_IDA","4","IDA_US_LA_2009",2012-02-01,0.33,"SUS"
"LA_US_KATRINA","4","KATRINA_US_LA_2005",2012-02-01,0.42,"SUS"
"LA_US_LAURA","4","LAURA_US_LA_2020",2012-02-01,0.43,"SUS"
"LA_US_ZETA","4","ZETA_US_LA_2020",2012-02-01,0.28,"SUS"
"MX_ERNESTO","5","ERNESTO_MX_2012",2012-02-01,0.89,"SG"
"MX_GRACE","3","GRACE_MX_2021",2012-02-01,0.53,"C"
"MX_TAMPS_EMILY","6","EMILY_TAMPS_MX_2005",2012-02-01,0.47,"WG"
"NC_US_ISABEL","4","ISABEL_US_NC_2003",2012-02-01,0.58,"SUS"
"NIC_ETA","2","ETA_NIC_2020",2012-02-01,0.59,"CA"
"NIC_FELIX","2","FELIX_NIC_2007",2012-02-01,0.53,"CA"
"NIC_IOTA","2","IOTA_NIC_2020",2012-02-01,0.61,"CA"
"PR_USA_MARIA","3","MARIA_US_PR_2017",2012-02-01,0.76,"C"
"QROO_WILMA","3","WILMA_QROO_2005",2012-02-01,0.77,"C"
"TX_US_HARVEY","6","HARVEY_US_TX_2017",2012-02-01,0.52,"WG"
"TX_US_IKE","4","IKE_US_TX_2008",2012-02-01,0.46,"SUS"
"TX_US_RITA","4","RITA_US_TX_2005",2012-02-01,0.47,"SUS"
"US_FL_DELTA","4","DELTA_US_LA_2020",2012-02-01,0.43,"SUS"
"US_FL_DENNIS","4","DENNIS_US_FL_2005",2012-02-01,0.59,"SUS"
"VER_MX_KARL","5","KARL_MX_VER_2010",2012-02-01,0.77,"SG"
"YUC_DELTA","5","DELTA_YUCATAN_MX_2020",2012-02-01,0.81,"SG"
"YUC_MX_EMILY","5","EMILY_MX_YUC_2005",2012-02-01,0.97,"SG"
"YUC_MX_ISIDORE","5","ISIDORE_MX_YUC_2002",2012-02-01,1.14,"SG"
"AL_US_IVAN","4","IVAN_US_AL_2004",2012-03-01,0.86,"SUS"
"AL_US_SALLY","4","SALLY_US_AL_2020",2012-03-01,0.83,"SUS"
"ALEX","6","ALEX_2010",2012-03-01,1.04,"WG"
"BELICE_RICHARD","3","RICHARD_BELICE_2010",2012-03-01,0.88,"C"
"BELIZE_IRIS","2","IRIS_BELIZE_2001",2012-03-01,0.83,"CA"
"BETA","2","BETA_2005",2012-03-01,0.73,"CA"
"CR_OTTO","2","OTTO_CR_2016",2012-03-01,0.83,"CA"
"CUBA_DENNIS","3","DENNIS_CUBA_2005",2012-03-01,1.23,"C"
"CUBA_GUSTAV","3","GUSTAV_CUBA_2008",2012-03-01,1.2,"C"
"CUBA_IAN","3","IAN_CUBA_2022",2012-03-01,1.18,"C"
"CUBA_MICHELLE","3","MICHELLE_CUBA_2001",2012-03-01,1.2,"C"
"CUBA_PALOMA","3","PALOMA_CUBA_2008",2012-03-01,1.1,"C"
"CUBA_SANDY","3","SANDY_CUBA_2012",2012-03-01,0.92,"C"
"DEAN_QROO_MX","5","DEAN_QROO_MX_2007",2012-03-01,1.16,"SG"
"FL_US_CHARLEY","1","CHARLEY_2004",2012-03-01,1.03,"FP"
"FL_US_FRANCES","1","FRANCES_US_FL_2004",2012-03-01,0.95,"FP"
"FL_US_IAN","1","IAN_US_FL_2022",2012-03-01,1.03,"FP"
"FL_US_IRMA","1","IRMA_US_FL_2017",2012-03-01,0.99,"FP"
"FL_US_JEANNE","1","JEANNE_US_FL_2004",2012-03-01,0.96,"FP"
"FL_US_MICHAEL","4","MICHAEL_US_FL_2018",2012-03-01,0.88,"SUS"
"FL_US_WILMA","1","WILMA_US_FL_2005",2012-03-01,1,"FP"
"LA_US_GUSTAV","4","GUSTAV_US_LA_2008",2012-03-01,0.66,"SUS"
"LA_US_IDA","4","IDA_US_LA_2009",2012-03-01,0.65,"SUS"
"LA_US_KATRINA","4","KATRINA_US_LA_2005",2012-03-01,0.74,"SUS"
"LA_US_LAURA","4","LAURA_US_LA_2020",2012-03-01,0.7,"SUS"
"LA_US_ZETA","4","ZETA_US_LA_2020",2012-03-01,0.59,"SUS"
"MX_ERNESTO","5","ERNESTO_MX_2012",2012-03-01,1.15,"SG"
"MX_GRACE","3","GRACE_MX_2021",2012-03-01,0.84,"C"
"MX_TAMPS_EMILY","6","EMILY_TAMPS_MX_2005",2012-03-01,0.89,"WG"
"NC_US_ISABEL","4","ISABEL_US_NC_2003",2012-03-01,0.88,"SUS"
"NIC_ETA","2","ETA_NIC_2020",2012-03-01,0.85,"CA"
"NIC_FELIX","2","FELIX_NIC_2007",2012-03-01,0.78,"CA"
"NIC_IOTA","2","IOTA_NIC_2020",2012-03-01,0.85,"CA"
"PR_USA_MARIA","3","MARIA_US_PR_2017",2012-03-01,0.8,"C"
"QROO_WILMA","3","WILMA_QROO_2005",2012-03-01,1,"C"
"TX_US_HARVEY","6","HARVEY_US_TX_2017",2012-03-01,0.82,"WG"
"TX_US_IKE","4","IKE_US_TX_2008",2012-03-01,0.69,"SUS"
"TX_US_RITA","4","RITA_US_TX_2005",2012-03-01,0.71,"SUS"
"US_FL_DELTA","4","DELTA_US_LA_2020",2012-03-01,0.72,"SUS"
"US_FL_DENNIS","4","DENNIS_US_FL_2005",2012-03-01,0.86,"SUS"
"VER_MX_KARL","5","KARL_MX_VER_2010",2012-03-01,1.13,"SG"
"YUC_DELTA","5","DELTA_YUCATAN_MX_2020",2012-03-01,1.05,"SG"
"YUC_MX_EMILY","5","EMILY_MX_YUC_2005",2012-03-01,1.2,"SG"
"YUC_MX_ISIDORE","5","ISIDORE_MX_YUC_2002",2012-03-01,1.55,"SG"
"AL_US_IVAN","4","IVAN_US_AL_2004",2012-04-01,1,"SUS"
"AL_US_SALLY","4","SALLY_US_AL_2020",2012-04-01,0.96,"SUS"
"ALEX","6","ALEX_2010",2012-04-01,1.21,"WG"
"BELICE_RICHARD","3","RICHARD_BELICE_2010",2012-04-01,1.01,"C"
"BELIZE_IRIS","2","IRIS_BELIZE_2001",2012-04-01,0.89,"CA"
"BETA","2","BETA_2005",2012-04-01,0.87,"CA"
"CR_OTTO","2","OTTO_CR_2016",2012-04-01,0.91,"CA"
"CUBA_DENNIS","3","DENNIS_CUBA_2005",2012-04-01,1.24,"C"
"CUBA_GUSTAV","3","GUSTAV_CUBA_2008",2012-04-01,1.18,"C"
"CUBA_IAN","3","IAN_CUBA_2022",2012-04-01,1.18,"C"
"CUBA_MICHELLE","3","MICHELLE_CUBA_2001",2012-04-01,1.21,"C"
"CUBA_PALOMA","3","PALOMA_CUBA_2008",2012-04-01,1.14,"C"
"CUBA_SANDY","3","SANDY_CUBA_2012",2012-04-01,0.96,"C"
"DEAN_QROO_MX","5","DEAN_QROO_MX_2007",2012-04-01,1.16,"SG"
"FL_US_CHARLEY","1","CHARLEY_2004",2012-04-01,1.1,"FP"
"FL_US_FRANCES","1","FRANCES_US_FL_2004",2012-04-01,1.05,"FP"
"FL_US_IAN","1","IAN_US_FL_2022",2012-04-01,1.11,"FP"
"FL_US_IRMA","1","IRMA_US_FL_2017",2012-04-01,1.09,"FP"
"FL_US_JEANNE","1","JEANNE_US_FL_2004",2012-04-01,1.05,"FP"
"FL_US_MICHAEL","4","MICHAEL_US_FL_2018",2012-04-01,1.04,"SUS"
"FL_US_WILMA","1","WILMA_US_FL_2005",2012-04-01,1.1,"FP"
"LA_US_GUSTAV","4","GUSTAV_US_LA_2008",2012-04-01,0.78,"SUS"
"LA_US_IDA","4","IDA_US_LA_2009",2012-04-01,0.75,"SUS"
"LA_US_KATRINA","4","KATRINA_US_LA_2005",2012-04-01,0.8,"SUS"
"LA_US_LAURA","4","LAURA_US_LA_2020",2012-04-01,0.94,"SUS"
"LA_US_ZETA","4","ZETA_US_LA_2020",2012-04-01,0.69,"SUS"
"MX_ERNESTO","5","ERNESTO_MX_2012",2012-04-01,1.15,"SG"
"MX_GRACE","3","GRACE_MX_2021",2012-04-01,0.86,"C"
"MX_TAMPS_EMILY","6","EMILY_TAMPS_MX_2005",2012-04-01,1.23,"WG"
"NC_US_ISABEL","4","ISABEL_US_NC_2003",2012-04-01,0.97,"SUS"
"NIC_ETA","2","ETA_NIC_2020",2012-04-01,0.89,"CA"
"NIC_FELIX","2","FELIX_NIC_2007",2012-04-01,0.83,"CA"
"NIC_IOTA","2","IOTA_NIC_2020",2012-04-01,0.9,"CA"
"PR_USA_MARIA","3","MARIA_US_PR_2017",2012-04-01,0.84,"C"
"QROO_WILMA","3","WILMA_QROO_2005",2012-04-01,1.1,"C"
"TX_US_HARVEY","6","HARVEY_US_TX_2017",2012-04-01,1.11,"WG"
"TX_US_IKE","4","IKE_US_TX_2008",2012-04-01,0.93,"SUS"
"TX_US_RITA","4","RITA_US_TX_2005",2012-04-01,0.94,"SUS"
"US_FL_DELTA","4","DELTA_US_LA_2020",2012-04-01,0.95,"SUS"
"US_FL_DENNIS","4","DENNIS_US_FL_2005",2012-04-01,1.05,"SUS"
"VER_MX_KARL","5","KARL_MX_VER_2010",2012-04-01,1.26,"SG"
"YUC_DELTA","5","DELTA_YUCATAN_MX_2020",2012-04-01,1.14,"SG"
"YUC_MX_EMILY","5","EMILY_MX_YUC_2005",2012-04-01,1.21,"SG"
"YUC_MX_ISIDORE","5","ISIDORE_MX_YUC_2002",2012-04-01,1.62,"SG"
"AL_US_IVAN","4","IVAN_US_AL_2004",2012-05-01,1.11,"SUS"
"AL_US_SALLY","4","SALLY_US_AL_2020",2012-05-01,1.1,"SUS"
"ALEX","6","ALEX_2010",2012-05-01,1.48,"WG"
"BELICE_RICHARD","3","RICHARD_BELICE_2010",2012-05-01,1,"C"
"BELIZE_IRIS","2","IRIS_BELIZE_2001",2012-05-01,0.83,"CA"
"BETA","2","BETA_2005",2012-05-01,0.63,"CA"
"CR_OTTO","2","OTTO_CR_2016",2012-05-01,0.74,"CA"
"CUBA_DENNIS","3","DENNIS_CUBA_2005",2012-05-01,1.01,"C"
"CUBA_GUSTAV","3","GUSTAV_CUBA_2008",2012-05-01,0.96,"C"
"CUBA_IAN","3","IAN_CUBA_2022",2012-05-01,0.94,"C"
"CUBA_MICHELLE","3","MICHELLE_CUBA_2001",2012-05-01,0.99,"C"
"CUBA_PALOMA","3","PALOMA_CUBA_2008",2012-05-01,0.96,"C"
"CUBA_SANDY","3","SANDY_CUBA_2012",2012-05-01,0.81,"C"
"DEAN_QROO_MX","5","DEAN_QROO_MX_2007",2012-05-01,1.05,"SG"
"FL_US_CHARLEY","1","CHARLEY_2004",2012-05-01,1.16,"FP"
"FL_US_FRANCES","1","FRANCES_US_FL_2004",2012-05-01,1.04,"FP"
"FL_US_IAN","1","IAN_US_FL_2022",2012-05-01,1.16,"FP"
"FL_US_IRMA","1","IRMA_US_FL_2017",2012-05-01,1.12,"FP"
"FL_US_JEANNE","1","JEANNE_US_FL_2004",2012-05-01,1.04,"FP"
"FL_US_MICHAEL","4","MICHAEL_US_FL_2018",2012-05-01,1.13,"SUS"
"FL_US_WILMA","1","WILMA_US_FL_2005",2012-05-01,1.1,"FP"
"LA_US_GUSTAV","4","GUSTAV_US_LA_2008",2012-05-01,0.91,"SUS"
"LA_US_IDA","4","IDA_US_LA_2009",2012-05-01,0.89,"SUS"
"LA_US_KATRINA","4","KATRINA_US_LA_2005",2012-05-01,0.95,"SUS"
"LA_US_LAURA","4","LAURA_US_LA_2020",2012-05-01,1.02,"SUS"
"LA_US_ZETA","4","ZETA_US_LA_2020",2012-05-01,0.85,"SUS"
"MX_ERNESTO","5","ERNESTO_MX_2012",2012-05-01,1.04,"SG"
"MX_GRACE","3","GRACE_MX_2021",2012-05-01,1.11,"C"
"MX_TAMPS_EMILY","6","EMILY_TAMPS_MX_2005",2012-05-01,1.36,"WG"
"NC_US_ISABEL","4","ISABEL_US_NC_2003",2012-05-01,0.96,"SUS"
"NIC_ETA","2","ETA_NIC_2020",2012-05-01,0.69,"CA"
"NIC_FELIX","2","FELIX_NIC_2007",2012-05-01,0.69,"CA"
"NIC_IOTA","2","IOTA_NIC_2020",2012-05-01,0.7,"CA"
"PR_USA_MARIA","3","MARIA_US_PR_2017",2012-05-01,0.84,"C"
"QROO_WILMA","3","WILMA_QROO_2005",2012-05-01,1.03,"C"
"TX_US_HARVEY","6","HARVEY_US_TX_2017",2012-05-01,1.09,"WG"
"TX_US_IKE","4","IKE_US_TX_2008",2012-05-01,0.98,"SUS"
"TX_US_RITA","4","RITA_US_TX_2005",2012-05-01,1.02,"SUS"
"US_FL_DELTA","4","DELTA_US_LA_2020",2012-05-01,1.06,"SUS"
"US_FL_DENNIS","4","DENNIS_US_FL_2005",2012-05-01,1.14,"SUS"
"VER_MX_KARL","5","KARL_MX_VER_2010",2012-05-01,1.4,"SG"
"YUC_DELTA","5","DELTA_YUCATAN_MX_2020",2012-05-01,1.07,"SG"
"YUC_MX_EMILY","5","EMILY_MX_YUC_2005",2012-05-01,1.12,"SG"
"YUC_MX_ISIDORE","5","ISIDORE_MX_YUC_2002",2012-05-01,1.49,"SG"
"AL_US_IVAN","4","IVAN_US_AL_2004",2012-06-01,1.21,"SUS"
"AL_US_SALLY","4","SALLY_US_AL_2020",2012-06-01,1.12,"SUS"
"ALEX","6","ALEX_2010",2012-06-01,1.47,"WG"
"BELICE_RICHARD","3","RICHARD_BELICE_2010",2012-06-01,0.85,"C"
"BELIZE_IRIS","2","IRIS_BELIZE_2001",2012-06-01,0.71,"CA"
"BETA","2","BETA_2005",2012-06-01,0.49,"CA"
"CR_OTTO","2","OTTO_CR_2016",2012-06-01,0.62,"CA"
"CUBA_DENNIS","3","DENNIS_CUBA_2005",2012-06-01,0.89,"C"
"CUBA_GUSTAV","3","GUSTAV_CUBA_2008",2012-06-01,0.82,"C"
"CUBA_IAN","3","IAN_CUBA_2022",2012-06-01,0.8,"C"
"CUBA_MICHELLE","3","MICHELLE_CUBA_2001",2012-06-01,0.88,"C"
"CUBA_PALOMA","3","PALOMA_CUBA_2008",2012-06-01,0.82,"C"
"CUBA_SANDY","3","SANDY_CUBA_2012",2012-06-01,0.78,"C"
"DEAN_QROO_MX","5","DEAN_QROO_MX_2007",2012-06-01,0.83,"SG"
"FL_US_CHARLEY","1","CHARLEY_2004",2012-06-01,1.02,"FP"
"FL_US_FRANCES","1","FRANCES_US_FL_2004",2012-06-01,0.99,"FP"
"FL_US_IAN","1","IAN_US_FL_2022",2012-06-01,1.02,"FP"
"FL_US_IRMA","1","IRMA_US_FL_2017",2012-06-01,1,"FP"
"FL_US_JEANNE","1","JEANNE_US_FL_2004",2012-06-01,1,"FP"
"FL_US_MICHAEL","4","MICHAEL_US_FL_2018",2012-06-01,1.08,"SUS"
"FL_US_WILMA","1","WILMA_US_FL_2005",2012-06-01,0.96,"FP"
"LA_US_GUSTAV","4","GUSTAV_US_LA_2008",2012-06-01,1.05,"SUS"
"LA_US_IDA","4","IDA_US_LA_2009",2012-06-01,1.02,"SUS"
"LA_US_KATRINA","4","KATRINA_US_LA_2005",2012-06-01,1.06,"SUS"
"LA_US_LAURA","4","LAURA_US_LA_2020",2012-06-01,1.27,"SUS"
"LA_US_ZETA","4","ZETA_US_LA_2020",2012-06-01,0.96,"SUS"
"MX_ERNESTO","5","ERNESTO_MX_2012",2012-06-01,0.82,"SG"
"MX_GRACE","3","GRACE_MX_2021",2012-06-01,0.99,"C"
"MX_TAMPS_EMILY","6","EMILY_TAMPS_MX_2005",2012-06-01,1.53,"WG"
"NC_US_ISABEL","4","ISABEL_US_NC_2003",2012-06-01,1.2,"SUS"
"NIC_ETA","2","ETA_NIC_2020",2012-06-01,0.48,"CA"
"NIC_FELIX","2","FELIX_NIC_2007",2012-06-01,0.49,"CA"
"NIC_IOTA","2","IOTA_NIC_2020",2012-06-01,0.5,"CA"
"PR_USA_MARIA","3","MARIA_US_PR_2017",2012-06-01,0.83,"C"
"QROO_WILMA","3","WILMA_QROO_2005",2012-06-01,0.87,"C"
"TX_US_HARVEY","6","HARVEY_US_TX_2017",2012-06-01,1.46,"WG"
"TX_US_IKE","4","IKE_US_TX_2008",2012-06-01,1.23,"SUS"
"TX_US_RITA","4","RITA_US_TX_2005",2012-06-01,1.24,"SUS"
"US_FL_DELTA","4","DELTA_US_LA_2020",2012-06-01,1.25,"SUS"
"US_FL_DENNIS","4","DENNIS_US_FL_2005",2012-06-01,1.26,"SUS"
"VER_MX_KARL","5","KARL_MX_VER_2010",2012-06-01,1.01,"SG"
"YUC_DELTA","5","DELTA_YUCATAN_MX_2020",2012-06-01,0.89,"SG"
"YUC_MX_EMILY","5","EMILY_MX_YUC_2005",2012-06-01,0.94,"SG"
"YUC_MX_ISIDORE","5","ISIDORE_MX_YUC_2002",2012-06-01,1.11,"SG"
"AL_US_IVAN","4","IVAN_US_AL_2004",2012-07-01,1.16,"SUS"
"AL_US_SALLY","4","SALLY_US_AL_2020",2012-07-01,1.12,"SUS"
"ALEX","6","ALEX_2010",2012-07-01,1.37,"WG"
"BELICE_RICHARD","3","RICHARD_BELICE_2010",2012-07-01,0.76,"C"
"BELIZE_IRIS","2","IRIS_BELIZE_2001",2012-07-01,0.64,"CA"
"BETA","2","BETA_2005",2012-07-01,0.39,"CA"
"CR_OTTO","2","OTTO_CR_2016",2012-07-01,0.48,"CA"
"CUBA_DENNIS","3","DENNIS_CUBA_2005",2012-07-01,0.94,"C"
"CUBA_GUSTAV","3","GUSTAV_CUBA_2008",2012-07-01,0.81,"C"
"CUBA_IAN","3","IAN_CUBA_2022",2012-07-01,0.8,"C"
"CUBA_MICHELLE","3","MICHELLE_CUBA_2001",2012-07-01,0.92,"C"
"CUBA_PALOMA","3","PALOMA_CUBA_2008",2012-07-01,0.94,"C"
"CUBA_SANDY","3","SANDY_CUBA_2012",2012-07-01,0.83,"C"
"DEAN_QROO_MX","5","DEAN_QROO_MX_2007",2012-07-01,0.9,"SG"
"FL_US_CHARLEY","1","CHARLEY_2004",2012-07-01,1.08,"FP"
"FL_US_FRANCES","1","FRANCES_US_FL_2004",2012-07-01,1.05,"FP"
"FL_US_IAN","1","IAN_US_FL_2022",2012-07-01,1.09,"FP"
"FL_US_IRMA","1","IRMA_US_FL_2017",2012-07-01,1.08,"FP"
"FL_US_JEANNE","1","JEANNE_US_FL_2004",2012-07-01,1.06,"FP"
"FL_US_MICHAEL","4","MICHAEL_US_FL_2018",2012-07-01,1.14,"SUS"
"FL_US_WILMA","1","WILMA_US_FL_2005",2012-07-01,1.03,"FP"
"LA_US_GUSTAV","4","GUSTAV_US_LA_2008",2012-07-01,0.93,"SUS"
"LA_US_IDA","4","IDA_US_LA_2009",2012-07-01,0.92,"SUS"
"LA_US_KATRINA","4","KATRINA_US_LA_2005",2012-07-01,0.99,"SUS"
"LA_US_LAURA","4","LAURA_US_LA_2020",2012-07-01,1.05,"SUS"
"LA_US_ZETA","4","ZETA_US_LA_2020",2012-07-01,0.91,"SUS"
"MX_ERNESTO","5","ERNESTO_MX_2012",2012-07-01,0.89,"SG"
"MX_GRACE","3","GRACE_MX_2021",2012-07-01,0.84,"C"
"MX_TAMPS_EMILY","6","EMILY_TAMPS_MX_2005",2012-07-01,1.48,"WG"
"NC_US_ISABEL","4","ISABEL_US_NC_2003",2012-07-01,1.52,"SUS"
"NIC_ETA","2","ETA_NIC_2020",2012-07-01,0.46,"CA"
"NIC_FELIX","2","FELIX_NIC_2007",2012-07-01,0.44,"CA"
"NIC_IOTA","2","IOTA_NIC_2020",2012-07-01,0.48,"CA"
"PR_USA_MARIA","3","MARIA_US_PR_2017",2012-07-01,0.92,"C"
"QROO_WILMA","3","WILMA_QROO_2005",2012-07-01,0.86,"C"
"TX_US_HARVEY","6","HARVEY_US_TX_2017",2012-07-01,1.4,"WG"
"TX_US_IKE","4","IKE_US_TX_2008",2012-07-01,1.24,"SUS"
"TX_US_RITA","4","RITA_US_TX_2005",2012-07-01,1.12,"SUS"
"US_FL_DELTA","4","DELTA_US_LA_2020",2012-07-01,1.04,"SUS"
"US_FL_DENNIS","4","DENNIS_US_FL_2005",2012-07-01,1.2,"SUS"
"VER_MX_KARL","5","KARL_MX_VER_2010",2012-07-01,0.84,"SG"
"YUC_DELTA","5","DELTA_YUCATAN_MX_2020",2012-07-01,0.86,"SG"
"YUC_MX_EMILY","5","EMILY_MX_YUC_2005",2012-07-01,0.96,"SG"
"YUC_MX_ISIDORE","5","ISIDORE_MX_YUC_2002",2012-07-01,1.05,"SG"
"AL_US_IVAN","4","IVAN_US_AL_2004",2012-08-01,1.08,"SUS"
"AL_US_SALLY","4","SALLY_US_AL_2020",2012-08-01,0.96,"SUS"
"ALEX","6","ALEX_2010",2012-08-01,1.41,"WG"
"BELICE_RICHARD","3","RICHARD_BELICE_2010",2012-08-01,0.72,"C"
"BELIZE_IRIS","2","IRIS_BELIZE_2001",2012-08-01,0.62,"CA"
"BETA","2","BETA_2005",2012-08-01,0.4,"CA"
"CR_OTTO","2","OTTO_CR_2016",2012-08-01,0.51,"CA"
"CUBA_DENNIS","3","DENNIS_CUBA_2005",2012-08-01,1,"C"
"CUBA_GUSTAV","3","GUSTAV_CUBA_2008",2012-08-01,0.87,"C"
"CUBA_IAN","3","IAN_CUBA_2022",2012-08-01,0.86,"C"
"CUBA_MICHELLE","3","MICHELLE_CUBA_2001",2012-08-01,0.97,"C"
"CUBA_PALOMA","3","PALOMA_CUBA_2008",2012-08-01,0.97,"C"
"CUBA_SANDY","3","SANDY_CUBA_2012",2012-08-01,0.93,"C"
"DEAN_QROO_MX","5","DEAN_QROO_MX_2007",2012-08-01,0.87,"SG"
"FL_US_CHARLEY","1","CHARLEY_2004",2012-08-01,1.03,"FP"
"FL_US_FRANCES","1","FRANCES_US_FL_2004",2012-08-01,1.02,"FP"
"FL_US_IAN","1","IAN_US_FL_2022",2012-08-01,1.04,"FP"
"FL_US_IRMA","1","IRMA_US_FL_2017",2012-08-01,1.05,"FP"
"FL_US_JEANNE","1","JEANNE_US_FL_2004",2012-08-01,1.03,"FP"
"FL_US_MICHAEL","4","MICHAEL_US_FL_2018",2012-08-01,0.96,"SUS"
"FL_US_WILMA","1","WILMA_US_FL_2005",2012-08-01,1.03,"FP"
"LA_US_GUSTAV","4","GUSTAV_US_LA_2008",2012-08-01,0.97,"SUS"
"LA_US_IDA","4","IDA_US_LA_2009",2012-08-01,0.95,"SUS"
"LA_US_KATRINA","4","KATRINA_US_LA_2005",2012-08-01,0.94,"SUS"
"LA_US_LAURA","4","LAURA_US_LA_2020",2012-08-01,1.19,"SUS"
"LA_US_ZETA","4","ZETA_US_LA_2020",2012-08-01,0.91,"SUS"
"MX_ERNESTO","5","ERNESTO_MX_2012",2012-08-01,0.86,"SG"
"MX_GRACE","3","GRACE_MX_2021",2012-08-01,0.78,"C"
"MX_TAMPS_EMILY","6","EMILY_TAMPS_MX_2005",2012-08-01,1.59,"WG"
"NC_US_ISABEL","4","ISABEL_US_NC_2003",2012-08-01,1.13,"SUS"
"NIC_ETA","2","ETA_NIC_2020",2012-08-01,0.47,"CA"
"NIC_FELIX","2","FELIX_NIC_2007",2012-08-01,0.46,"CA"
"NIC_IOTA","2","IOTA_NIC_2020",2012-08-01,0.48,"CA"
"PR_USA_MARIA","3","MARIA_US_PR_2017",2012-08-01,0.86,"C"
"QROO_WILMA","3","WILMA_QROO_2005",2012-08-01,0.85,"C"
"TX_US_HARVEY","6","HARVEY_US_TX_2017",2012-08-01,1.62,"WG"
"TX_US_IKE","4","IKE_US_TX_2008",2012-08-01,1.37,"SUS"
"TX_US_RITA","4","RITA_US_TX_2005",2012-08-01,1.28,"SUS"
"US_FL_DELTA","4","DELTA_US_LA_2020",2012-08-01,1.13,"SUS"
"US_FL_DENNIS","4","DENNIS_US_FL_2005",2012-08-01,1.12,"SUS"
"VER_MX_KARL","5","KARL_MX_VER_2010",2012-08-01,0.83,"SG"
"YUC_DELTA","5","DELTA_YUCATAN_MX_2020",2012-08-01,0.85,"SG"
"YUC_MX_EMILY","5","EMILY_MX_YUC_2005",2012-08-01,0.94,"SG"
"YUC_MX_ISIDORE","5","ISIDORE_MX_YUC_2002",2012-08-01,1,"SG"
"AL_US_IVAN","4","IVAN_US_AL_2004",2012-09-01,1.03,"SUS"
"AL_US_SALLY","4","SALLY_US_AL_2020",2012-09-01,0.99,"SUS"
"ALEX","6","ALEX_2010",2012-09-01,1.32,"WG"
"BELICE_RICHARD","3","RICHARD_BELICE_2010",2012-09-01,0.77,"C"
"BELIZE_IRIS","2","IRIS_BELIZE_2001",2012-09-01,0.61,"CA"
"BETA","2","BETA_2005",2012-09-01,0.38,"CA"
"CR_OTTO","2","OTTO_CR_2016",2012-09-01,0.48,"CA"
"CUBA_DENNIS","3","DENNIS_CUBA_2005",2012-09-01,0.88,"C"
"CUBA_GUSTAV","3","GUSTAV_CUBA_2008",2012-09-01,0.8,"C"
"CUBA_IAN","3","IAN_CUBA_2022",2012-09-01,0.78,"C"
"CUBA_MICHELLE","3","MICHELLE_CUBA_2001",2012-09-01,0.84,"C"
"CUBA_PALOMA","3","PALOMA_CUBA_2008",2012-09-01,0.81,"C"
"CUBA_SANDY","3","SANDY_CUBA_2012",2012-09-01,0.75,"C"
"DEAN_QROO_MX","5","DEAN_QROO_MX_2007",2012-09-01,0.85,"SG"
"FL_US_CHARLEY","1","CHARLEY_2004",2012-09-01,1,"FP"
"FL_US_FRANCES","1","FRANCES_US_FL_2004",2012-09-01,0.99,"FP"
"FL_US_IAN","1","IAN_US_FL_2022",2012-09-01,1.01,"FP"
"FL_US_IRMA","1","IRMA_US_FL_2017",2012-09-01,1.01,"FP"
"FL_US_JEANNE","1","JEANNE_US_FL_2004",2012-09-01,0.99,"FP"
"FL_US_MICHAEL","4","MICHAEL_US_FL_2018",2012-09-01,1.05,"SUS"
"FL_US_WILMA","1","WILMA_US_FL_2005",2012-09-01,0.99,"FP"
"LA_US_GUSTAV","4","GUSTAV_US_LA_2008",2012-09-01,0.91,"SUS"
"LA_US_IDA","4","IDA_US_LA_2009",2012-09-01,0.9,"SUS"
"LA_US_KATRINA","4","KATRINA_US_LA_2005",2012-09-01,0.93,"SUS"
"LA_US_LAURA","4","LAURA_US_LA_2020",2012-09-01,1.07,"SUS"
"LA_US_ZETA","4","ZETA_US_LA_2020",2012-09-01,0.87,"SUS"
"MX_ERNESTO","5","ERNESTO_MX_2012",2012-09-01,0.84,"SG"
"MX_GRACE","3","GRACE_MX_2021",2012-09-01,0.74,"C"
"MX_TAMPS_EMILY","6","EMILY_TAMPS_MX_2005",2012-09-01,1.32,"WG"
"NC_US_ISABEL","4","ISABEL_US_NC_2003",2012-09-01,0.94,"SUS"
"NIC_ETA","2","ETA_NIC_2020",2012-09-01,0.55,"CA"
"NIC_FELIX","2","FELIX_NIC_2007",2012-09-01,0.59,"CA"
"NIC_IOTA","2","IOTA_NIC_2020",2012-09-01,0.54,"CA"
"PR_USA_MARIA","3","MARIA_US_PR_2017",2012-09-01,0.83,"C"
"QROO_WILMA","3","WILMA_QROO_2005",2012-09-01,0.76,"C"
"TX_US_HARVEY","6","HARVEY_US_TX_2017",2012-09-01,1.37,"WG"
"TX_US_IKE","4","IKE_US_TX_2008",2012-09-01,1.15,"SUS"
"TX_US_RITA","4","RITA_US_TX_2005",2012-09-01,1.11,"SUS"
"US_FL_DELTA","4","DELTA_US_LA_2020",2012-09-01,1.06,"SUS"
"US_FL_DENNIS","4","DENNIS_US_FL_2005",2012-09-01,1.08,"SUS"
"VER_MX_KARL","5","KARL_MX_VER_2010",2012-09-01,0.87,"SG"
"YUC_DELTA","5","DELTA_YUCATAN_MX_2020",2012-09-01,0.77,"SG"
"YUC_MX_EMILY","5","EMILY_MX_YUC_2005",2012-09-01,0.84,"SG"
"YUC_MX_ISIDORE","5","ISIDORE_MX_YUC_2002",2012-09-01,0.96,"SG"
"AL_US_IVAN","4","IVAN_US_AL_2004",2012-10-01,0.88,"SUS"
"AL_US_SALLY","4","SALLY_US_AL_2020",2012-10-01,0.9,"SUS"
"ALEX","6","ALEX_2010",2012-10-01,1.03,"WG"
"BELICE_RICHARD","3","RICHARD_BELICE_2010",2012-10-01,0.69,"C"
"BELIZE_IRIS","2","IRIS_BELIZE_2001",2012-10-01,0.6,"CA"
"BETA","2","BETA_2005",2012-10-01,0.63,"CA"
"CR_OTTO","2","OTTO_CR_2016",2012-10-01,0.55,"CA"
"CUBA_DENNIS","3","DENNIS_CUBA_2005",2012-10-01,0.89,"C"
"CUBA_GUSTAV","3","GUSTAV_CUBA_2008",2012-10-01,0.86,"C"
"CUBA_IAN","3","IAN_CUBA_2022",2012-10-01,0.85,"C"
"CUBA_MICHELLE","3","MICHELLE_CUBA_2001",2012-10-01,0.87,"C"
"CUBA_PALOMA","3","PALOMA_CUBA_2008",2012-10-01,0.75,"C"
"CUBA_SANDY","3","SANDY_CUBA_2012",2012-10-01,0.63,"C"
"DEAN_QROO_MX","5","DEAN_QROO_MX_2007",2012-10-01,0.77,"SG"
"FL_US_CHARLEY","1","CHARLEY_2004",2012-10-01,0.97,"FP"
"FL_US_FRANCES","1","FRANCES_US_FL_2004",2012-10-01,0.95,"FP"
"FL_US_IAN","1","IAN_US_FL_2022",2012-10-01,0.98,"FP"
"FL_US_IRMA","1","IRMA_US_FL_2017",2012-10-01,1.03,"FP"
"FL_US_JEANNE","1","JEANNE_US_FL_2004",2012-10-01,0.96,"FP"
"FL_US_MICHAEL","4","MICHAEL_US_FL_2018",2012-10-01,0.92,"SUS"
"FL_US_WILMA","1","WILMA_US_FL_2005",2012-10-01,1,"FP"
"LA_US_GUSTAV","4","GUSTAV_US_LA_2008",2012-10-01,0.77,"SUS"
"LA_US_IDA","4","IDA_US_LA_2009",2012-10-01,0.76,"SUS"
"LA_US_KATRINA","4","KATRINA_US_LA_2005",2012-10-01,0.78,"SUS"
"LA_US_LAURA","4","LAURA_US_LA_2020",2012-10-01,0.89,"SUS"
"LA_US_ZETA","4","ZETA_US_LA_2020",2012-10-01,0.73,"SUS"
"MX_ERNESTO","5","ERNESTO_MX_2012",2012-10-01,0.76,"SG"
"MX_GRACE","3","GRACE_MX_2021",2012-10-01,0.74,"C"
"MX_TAMPS_EMILY","6","EMILY_TAMPS_MX_2005",2012-10-01,1.09,"WG"
"NC_US_ISABEL","4","ISABEL_US_NC_2003",2012-10-01,0.73,"SUS"
"NIC_ETA","2","ETA_NIC_2020",2012-10-01,0.69,"CA"
"NIC_FELIX","2","FELIX_NIC_2007",2012-10-01,0.71,"CA"
"NIC_IOTA","2","IOTA_NIC_2020",2012-10-01,0.7,"CA"
"PR_USA_MARIA","3","MARIA_US_PR_2017",2012-10-01,0.82,"C"
"QROO_WILMA","3","WILMA_QROO_2005",2012-10-01,0.73,"C"
"TX_US_HARVEY","6","HARVEY_US_TX_2017",2012-10-01,1.01,"WG"
"TX_US_IKE","4","IKE_US_TX_2008",2012-10-01,0.85,"SUS"
"TX_US_RITA","4","RITA_US_TX_2005",2012-10-01,0.85,"SUS"
"US_FL_DELTA","4","DELTA_US_LA_2020",2012-10-01,0.92,"SUS"
"US_FL_DENNIS","4","DENNIS_US_FL_2005",2012-10-01,0.91,"SUS"
"VER_MX_KARL","5","KARL_MX_VER_2010",2012-10-01,0.87,"SG"
"YUC_DELTA","5","DELTA_YUCATAN_MX_2020",2012-10-01,0.74,"SG"
"YUC_MX_EMILY","5","EMILY_MX_YUC_2005",2012-10-01,0.81,"SG"
"YUC_MX_ISIDORE","5","ISIDORE_MX_YUC_2002",2012-10-01,0.88,"SG"
"AL_US_IVAN","4","IVAN_US_AL_2004",2012-11-01,0.69,"SUS"
"AL_US_SALLY","4","SALLY_US_AL_2020",2012-11-01,0.69,"SUS"
"ALEX","6","ALEX_2010",2012-11-01,0.77,"WG"
"BELICE_RICHARD","3","RICHARD_BELICE_2010",2012-11-01,0.58,"C"
"BELIZE_IRIS","2","IRIS_BELIZE_2001",2012-11-01,0.49,"CA"
"BETA","2","BETA_2005",2012-11-01,0.56,"CA"
"CR_OTTO","2","OTTO_CR_2016",2012-11-01,0.61,"CA"
"CUBA_DENNIS","3","DENNIS_CUBA_2005",2012-11-01,0.86,"C"
"CUBA_GUSTAV","3","GUSTAV_CUBA_2008",2012-11-01,0.88,"C"
"CUBA_IAN","3","IAN_CUBA_2022",2012-11-01,0.86,"C"
"CUBA_MICHELLE","3","MICHELLE_CUBA_2001",2012-11-01,0.82,"C"
"CUBA_PALOMA","3","PALOMA_CUBA_2008",2012-11-01,0.74,"C"
"CUBA_SANDY","3","SANDY_CUBA_2012",2012-11-01,0.61,"C"
"DEAN_QROO_MX","5","DEAN_QROO_MX_2007",2012-11-01,0.75,"SG"
"FL_US_CHARLEY","1","CHARLEY_2004",2012-11-01,0.8,"FP"
"FL_US_FRANCES","1","FRANCES_US_FL_2004",2012-11-01,0.77,"FP"
"FL_US_IAN","1","IAN_US_FL_2022",2012-11-01,0.8,"FP"
"FL_US_IRMA","1","IRMA_US_FL_2017",2012-11-01,0.84,"FP"
"FL_US_JEANNE","1","JEANNE_US_FL_2004",2012-11-01,0.78,"FP"
"FL_US_MICHAEL","4","MICHAEL_US_FL_2018",2012-11-01,0.72,"SUS"
"FL_US_WILMA","1","WILMA_US_FL_2005",2012-11-01,0.83,"FP"
"LA_US_GUSTAV","4","GUSTAV_US_LA_2008",2012-11-01,0.68,"SUS"
"LA_US_IDA","4","IDA_US_LA_2009",2012-11-01,0.65,"SUS"
"LA_US_KATRINA","4","KATRINA_US_LA_2005",2012-11-01,0.61,"SUS"
"LA_US_LAURA","4","LAURA_US_LA_2020",2012-11-01,0.78,"SUS"
"LA_US_ZETA","4","ZETA_US_LA_2020",2012-11-01,0.62,"SUS"
"MX_ERNESTO","5","ERNESTO_MX_2012",2012-11-01,0.74,"SG"
"MX_GRACE","3","GRACE_MX_2021",2012-11-01,0.54,"C"
"MX_TAMPS_EMILY","6","EMILY_TAMPS_MX_2005",2012-11-01,0.78,"WG"
"NC_US_ISABEL","4","ISABEL_US_NC_2003",2012-11-01,0.52,"SUS"
"NIC_ETA","2","ETA_NIC_2020",2012-11-01,0.53,"CA"
"NIC_FELIX","2","FELIX_NIC_2007",2012-11-01,0.54,"CA"
"NIC_IOTA","2","IOTA_NIC_2020",2012-11-01,0.53,"CA"
"PR_USA_MARIA","3","MARIA_US_PR_2017",2012-11-01,0.77,"C"
"QROO_WILMA","3","WILMA_QROO_2005",2012-11-01,0.75,"C"
"TX_US_HARVEY","6","HARVEY_US_TX_2017",2012-11-01,0.95,"WG"
"TX_US_IKE","4","IKE_US_TX_2008",2012-11-01,0.77,"SUS"
"TX_US_RITA","4","RITA_US_TX_2005",2012-11-01,0.75,"SUS"
"US_FL_DELTA","4","DELTA_US_LA_2020",2012-11-01,0.74,"SUS"
"US_FL_DENNIS","4","DENNIS_US_FL_2005",2012-11-01,0.7,"SUS"
"VER_MX_KARL","5","KARL_MX_VER_2010",2012-11-01,0.76,"SG"
"YUC_DELTA","5","DELTA_YUCATAN_MX_2020",2012-11-01,0.77,"SG"
"YUC_MX_EMILY","5","EMILY_MX_YUC_2005",2012-11-01,0.85,"SG"
"YUC_MX_ISIDORE","5","ISIDORE_MX_YUC_2002",2012-11-01,0.89,"SG"
"AL_US_IVAN","4","IVAN_US_AL_2004",2012-12-01,0.61,"SUS"
"AL_US_SALLY","4","SALLY_US_AL_2020",2012-12-01,0.63,"SUS"
"ALEX","6","ALEX_2010",2012-12-01,0.7,"WG"
"BELICE_RICHARD","3","RICHARD_BELICE_2010",2012-12-01,0.65,"C"
"BELIZE_IRIS","2","IRIS_BELIZE_2001",2012-12-01,0.54,"CA"
"BETA","2","BETA_2005",2012-12-01,0.5,"CA"
"CR_OTTO","2","OTTO_CR_2016",2012-12-01,0.64,"CA"
"CUBA_DENNIS","3","DENNIS_CUBA_2005",2012-12-01,1,"C"
"CUBA_GUSTAV","3","GUSTAV_CUBA_2008",2012-12-01,0.88,"C"
"CUBA_IAN","3","IAN_CUBA_2022",2012-12-01,0.85,"C"
"CUBA_MICHELLE","3","MICHELLE_CUBA_2001",2012-12-01,0.95,"C"
"CUBA_PALOMA","3","PALOMA_CUBA_2008",2012-12-01,0.79,"C"
"CUBA_SANDY","3","SANDY_CUBA_2012",2012-12-01,0.68,"C"
"DEAN_QROO_MX","5","DEAN_QROO_MX_2007",2012-12-01,0.75,"SG"
"FL_US_CHARLEY","1","CHARLEY_2004",2012-12-01,0.77,"FP"
"FL_US_FRANCES","1","FRANCES_US_FL_2004",2012-12-01,0.77,"FP"
"FL_US_IAN","1","IAN_US_FL_2022",2012-12-01,0.78,"FP"
"FL_US_IRMA","1","IRMA_US_FL_2017",2012-12-01,0.84,"FP"
"FL_US_JEANNE","1","JEANNE_US_FL_2004",2012-12-01,0.77,"FP"
"FL_US_MICHAEL","4","MICHAEL_US_FL_2018",2012-12-01,0.65,"SUS"
"FL_US_WILMA","1","WILMA_US_FL_2005",2012-12-01,0.83,"FP"
"LA_US_GUSTAV","4","GUSTAV_US_LA_2008",2012-12-01,0.5,"SUS"
"LA_US_IDA","4","IDA_US_LA_2009",2012-12-01,0.54,"SUS"
"LA_US_KATRINA","4","KATRINA_US_LA_2005",2012-12-01,0.55,"SUS"
"LA_US_LAURA","4","LAURA_US_LA_2020",2012-12-01,0.56,"SUS"
"LA_US_ZETA","4","ZETA_US_LA_2020",2012-12-01,0.5,"SUS"
"MX_ERNESTO","5","ERNESTO_MX_2012",2012-12-01,0.74,"SG"
"MX_GRACE","3","GRACE_MX_2021",2012-12-01,0.55,"C"
"MX_TAMPS_EMILY","6","EMILY_TAMPS_MX_2005",2012-12-01,0.68,"WG"
"NC_US_ISABEL","4","ISABEL_US_NC_2003",2012-12-01,0.5,"SUS"
"NIC_ETA","2","ETA_NIC_2020",2012-12-01,0.5,"CA"
"NIC_FELIX","2","FELIX_NIC_2007",2012-12-01,0.49,"CA"
"NIC_IOTA","2","IOTA_NIC_2020",2012-12-01,0.51,"CA"
"PR_USA_MARIA","3","MARIA_US_PR_2017",2012-12-01,0.75,"C"
"QROO_WILMA","3","WILMA_QROO_2005",2012-12-01,0.76,"C"
"TX_US_HARVEY","6","HARVEY_US_TX_2017",2012-12-01,0.76,"WG"
"TX_US_IKE","4","IKE_US_TX_2008",2012-12-01,0.61,"SUS"
"TX_US_RITA","4","RITA_US_TX_2005",2012-12-01,0.56,"SUS"
"US_FL_DELTA","4","DELTA_US_LA_2020",2012-12-01,0.56,"SUS"
"US_FL_DENNIS","4","DENNIS_US_FL_2005",2012-12-01,0.62,"SUS"
"VER_MX_KARL","5","KARL_MX_VER_2010",2012-12-01,0.9,"SG"
"YUC_DELTA","5","DELTA_YUCATAN_MX_2020",2012-12-01,0.79,"SG"
"YUC_MX_EMILY","5","EMILY_MX_YUC_2005",2012-12-01,0.9,"SG"
"YUC_MX_ISIDORE","5","ISIDORE_MX_YUC_2002",2012-12-01,0.91,"SG"
"AL_US_IVAN","4","IVAN_US_AL_2004",2013-01-01,0.51,"SUS"
"AL_US_SALLY","4","SALLY_US_AL_2020",2013-01-01,0.51,"SUS"
"ALEX","6","ALEX_2010",2013-01-01,0.62,"WG"
"BELICE_RICHARD","3","RICHARD_BELICE_2010",2013-01-01,0.61,"C"
"BELIZE_IRIS","2","IRIS_BELIZE_2001",2013-01-01,0.54,"CA"
"BETA","2","BETA_2005",2013-01-01,0.54,"CA"
"CR_OTTO","2","OTTO_CR_2016",2013-01-01,0.68,"CA"
"CUBA_DENNIS","3","DENNIS_CUBA_2005",2013-01-01,0.97,"C"
"CUBA_GUSTAV","3","GUSTAV_CUBA_2008",2013-01-01,0.97,"C"
"CUBA_IAN","3","IAN_CUBA_2022",2013-01-01,0.94,"C"
"CUBA_MICHELLE","3","MICHELLE_CUBA_2001",2013-01-01,0.92,"C"
"CUBA_PALOMA","3","PALOMA_CUBA_2008",2013-01-01,0.84,"C"
"CUBA_SANDY","3","SANDY_CUBA_2012",2013-01-01,0.69,"C"
"DEAN_QROO_MX","5","DEAN_QROO_MX_2007",2013-01-01,0.74,"SG"
"FL_US_CHARLEY","1","CHARLEY_2004",2013-01-01,0.8,"FP"
"FL_US_FRANCES","1","FRANCES_US_FL_2004",2013-01-01,0.76,"FP"
"FL_US_IAN","1","IAN_US_FL_2022",2013-01-01,0.8,"FP"
"FL_US_IRMA","1","IRMA_US_FL_2017",2013-01-01,0.81,"FP"
"FL_US_JEANNE","1","JEANNE_US_FL_2004",2013-01-01,0.77,"FP"
"FL_US_MICHAEL","4","MICHAEL_US_FL_2018",2013-01-01,0.61,"SUS"
"FL_US_WILMA","1","WILMA_US_FL_2005",2013-01-01,0.79,"FP"
"LA_US_GUSTAV","4","GUSTAV_US_LA_2008",2013-01-01,0.28,"SUS"
"LA_US_IDA","4","IDA_US_LA_2009",2013-01-01,0.32,"SUS"
"LA_US_KATRINA","4","KATRINA_US_LA_2005",2013-01-01,0.37,"SUS"
"LA_US_LAURA","4","LAURA_US_LA_2020",2013-01-01,0.39,"SUS"
"LA_US_ZETA","4","ZETA_US_LA_2020",2013-01-01,0.3,"SUS"
"MX_ERNESTO","5","ERNESTO_MX_2012",2013-01-01,0.73,"SG"
"MX_GRACE","3","GRACE_MX_2021",2013-01-01,0.54,"C"
"MX_TAMPS_EMILY","6","EMILY_TAMPS_MX_2005",2013-01-01,0.48,"WG"
"NC_US_ISABEL","4","ISABEL_US_NC_2003",2013-01-01,0.43,"SUS"
"NIC_ETA","2","ETA_NIC_2020",2013-01-01,0.54,"CA"
"NIC_FELIX","2","FELIX_NIC_2007",2013-01-01,0.49,"CA"
"NIC_IOTA","2","IOTA_NIC_2020",2013-01-01,0.56,"CA"
"PR_USA_MARIA","3","MARIA_US_PR_2017",2013-01-01,0.73,"C"
"QROO_WILMA","3","WILMA_QROO_2005",2013-01-01,0.78,"C"
"TX_US_HARVEY","6","HARVEY_US_TX_2017",2013-01-01,0.57,"WG"
"TX_US_IKE","4","IKE_US_TX_2008",2013-01-01,0.45,"SUS"
"TX_US_RITA","4","RITA_US_TX_2005",2013-01-01,0.42,"SUS"
"US_FL_DELTA","4","DELTA_US_LA_2020",2013-01-01,0.37,"SUS"
"US_FL_DENNIS","4","DENNIS_US_FL_2005",2013-01-01,0.54,"SUS"
"VER_MX_KARL","5","KARL_MX_VER_2010",2013-01-01,0.78,"SG"
"YUC_DELTA","5","DELTA_YUCATAN_MX_2020",2013-01-01,0.79,"SG"
"YUC_MX_EMILY","5","EMILY_MX_YUC_2005",2013-01-01,0.9,"SG"
"YUC_MX_ISIDORE","5","ISIDORE_MX_YUC_2002",2013-01-01,0.9,"SG"
"AL_US_IVAN","4","IVAN_US_AL_2004",2013-02-01,0.55,"SUS"
"AL_US_SALLY","4","SALLY_US_AL_2020",2013-02-01,0.53,"SUS"
"ALEX","6","ALEX_2010",2013-02-01,0.92,"WG"
"BELICE_RICHARD","3","RICHARD_BELICE_2010",2013-02-01,0.77,"C"
"BELIZE_IRIS","2","IRIS_BELIZE_2001",2013-02-01,0.67,"CA"
"BETA","2","BETA_2005",2013-02-01,0.62,"CA"
"CR_OTTO","2","OTTO_CR_2016",2013-02-01,0.79,"CA"
"CUBA_DENNIS","3","DENNIS_CUBA_2005",2013-02-01,1.01,"C"
"CUBA_GUSTAV","3","GUSTAV_CUBA_2008",2013-02-01,0.88,"C"
"CUBA_IAN","3","IAN_CUBA_2022",2013-02-01,0.86,"C"
"CUBA_MICHELLE","3","MICHELLE_CUBA_2001",2013-02-01,0.99,"C"
"CUBA_PALOMA","3","PALOMA_CUBA_2008",2013-02-01,0.92,"C"
"CUBA_SANDY","3","SANDY_CUBA_2012",2013-02-01,0.76,"C"
"DEAN_QROO_MX","5","DEAN_QROO_MX_2007",2013-02-01,0.93,"SG"
"FL_US_CHARLEY","1","CHARLEY_2004",2013-02-01,0.77,"FP"
"FL_US_FRANCES","1","FRANCES_US_FL_2004",2013-02-01,0.8,"FP"
"FL_US_IAN","1","IAN_US_FL_2022",2013-02-01,0.78,"FP"
"FL_US_IRMA","1","IRMA_US_FL_2017",2013-02-01,0.77,"FP"
"FL_US_JEANNE","1","JEANNE_US_FL_2004",2013-02-01,0.8,"FP"
"FL_US_MICHAEL","4","MICHAEL_US_FL_2018",2013-02-01,0.55,"SUS"
"FL_US_WILMA","1","WILMA_US_FL_2005",2013-02-01,0.78,"FP"
"LA_US_GUSTAV","4","GUSTAV_US_LA_2008",2013-02-01,0.41,"SUS"
"LA_US_IDA","4","IDA_US_LA_2009",2013-02-01,0.46,"SUS"
"LA_US_KATRINA","4","KATRINA_US_LA_2005",2013-02-01,0.46,"SUS"
"LA_US_LAURA","4","LAURA_US_LA_2020",2013-02-01,0.57,"SUS"
"LA_US_ZETA","4","ZETA_US_LA_2020",2013-02-01,0.4,"SUS"
"MX_ERNESTO","5","ERNESTO_MX_2012",2013-02-01,0.92,"SG"
"MX_GRACE","3","GRACE_MX_2021",2013-02-01,0.67,"C"
"MX_TAMPS_EMILY","6","EMILY_TAMPS_MX_2005",2013-02-01,0.83,"WG"
"NC_US_ISABEL","4","ISABEL_US_NC_2003",2013-02-01,0.47,"SUS"
"NIC_ETA","2","ETA_NIC_2020",2013-02-01,0.61,"CA"
"NIC_FELIX","2","FELIX_NIC_2007",2013-02-01,0.56,"CA"
"NIC_IOTA","2","IOTA_NIC_2020",2013-02-01,0.63,"CA"
"PR_USA_MARIA","3","MARIA_US_PR_2017",2013-02-01,0.78,"C"
"QROO_WILMA","3","WILMA_QROO_2005",2013-02-01,0.78,"C"
"TX_US_HARVEY","6","HARVEY_US_TX_2017",2013-02-01,0.72,"WG"
"TX_US_IKE","4","IKE_US_TX_2008",2013-02-01,0.55,"SUS"
"TX_US_RITA","4","RITA_US_TX_2005",2013-02-01,0.59,"SUS"
"US_FL_DELTA","4","DELTA_US_LA_2020",2013-02-01,0.57,"SUS"
"US_FL_DENNIS","4","DENNIS_US_FL_2005",2013-02-01,0.57,"SUS"
"VER_MX_KARL","5","KARL_MX_VER_2010",2013-02-01,0.98,"SG"
"YUC_DELTA","5","DELTA_YUCATAN_MX_2020",2013-02-01,0.83,"SG"
"YUC_MX_EMILY","5","EMILY_MX_YUC_2005",2013-02-01,1,"SG"
"YUC_MX_ISIDORE","5","ISIDORE_MX_YUC_2002",2013-02-01,1.15,"SG"
"AL_US_IVAN","4","IVAN_US_AL_2004",2013-03-01,0.66,"SUS"
"AL_US_SALLY","4","SALLY_US_AL_2020",2013-03-01,0.64,"SUS"
"ALEX","6","ALEX_2010",2013-03-01,1.05,"WG"
"BELICE_RICHARD","3","RICHARD_BELICE_2010",2013-03-01,0.86,"C"
"BELIZE_IRIS","2","IRIS_BELIZE_2001",2013-03-01,0.77,"CA"
"BETA","2","BETA_2005",2013-03-01,0.71,"CA"
"CR_OTTO","2","OTTO_CR_2016",2013-03-01,0.92,"CA"
"CUBA_DENNIS","3","DENNIS_CUBA_2005",2013-03-01,0.96,"C"
"CUBA_GUSTAV","3","GUSTAV_CUBA_2008",2013-03-01,0.76,"C"
"CUBA_IAN","3","IAN_CUBA_2022",2013-03-01,0.74,"C"
"CUBA_MICHELLE","3","MICHELLE_CUBA_2001",2013-03-01,0.99,"C"
"CUBA_PALOMA","3","PALOMA_CUBA_2008",2013-03-01,0.95,"C"
"CUBA_SANDY","3","SANDY_CUBA_2012",2013-03-01,0.87,"C"
"DEAN_QROO_MX","5","DEAN_QROO_MX_2007",2013-03-01,1.02,"SG"
"FL_US_CHARLEY","1","CHARLEY_2004",2013-03-01,0.82,"FP"
"FL_US_FRANCES","1","FRANCES_US_FL_2004",2013-03-01,0.84,"FP"
"FL_US_IAN","1","IAN_US_FL_2022",2013-03-01,0.83,"FP"
"FL_US_IRMA","1","IRMA_US_FL_2017",2013-03-01,0.82,"FP"
"FL_US_JEANNE","1","JEANNE_US_FL_2004",2013-03-01,0.84,"FP"
"FL_US_MICHAEL","4","MICHAEL_US_FL_2018",2013-03-01,0.67,"SUS"
"FL_US_WILMA","1","WILMA_US_FL_2005",2013-03-01,0.83,"FP"
"LA_US_GUSTAV","4","GUSTAV_US_LA_2008",2013-03-01,0.58,"SUS"
"LA_US_IDA","4","IDA_US_LA_2009",2013-03-01,0.59,"SUS"
"LA_US_KATRINA","4","KATRINA_US_LA_2005",2013-03-01,0.61,"SUS"
"LA_US_LAURA","4","LAURA_US_LA_2020",2013-03-01,0.72,"SUS"
"LA_US_ZETA","4","ZETA_US_LA_2020",2013-03-01,0.54,"SUS"
"MX_ERNESTO","5","ERNESTO_MX_2012",2013-03-01,1.01,"SG"
"MX_GRACE","3","GRACE_MX_2021",2013-03-01,0.67,"C"
"MX_TAMPS_EMILY","6","EMILY_TAMPS_MX_2005",2013-03-01,1.01,"WG"
"NC_US_ISABEL","4","ISABEL_US_NC_2003",2013-03-01,0.51,"SUS"
"NIC_ETA","2","ETA_NIC_2020",2013-03-01,0.85,"CA"
"NIC_FELIX","2","FELIX_NIC_2007",2013-03-01,0.78,"CA"
"NIC_IOTA","2","IOTA_NIC_2020",2013-03-01,0.85,"CA"
"PR_USA_MARIA","3","MARIA_US_PR_2017",2013-03-01,0.79,"C"
"QROO_WILMA","3","WILMA_QROO_2005",2013-03-01,0.77,"C"
"TX_US_HARVEY","6","HARVEY_US_TX_2017",2013-03-01,0.91,"WG"
"TX_US_IKE","4","IKE_US_TX_2008",2013-03-01,0.75,"SUS"
"TX_US_RITA","4","RITA_US_TX_2005",2013-03-01,0.75,"SUS"
"US_FL_DELTA","4","DELTA_US_LA_2020",2013-03-01,0.7,"SUS"
"US_FL_DENNIS","4","DENNIS_US_FL_2005",2013-03-01,0.67,"SUS"
"VER_MX_KARL","5","KARL_MX_VER_2010",2013-03-01,1.04,"SG"
"YUC_DELTA","5","DELTA_YUCATAN_MX_2020",2013-03-01,0.83,"SG"
"YUC_MX_EMILY","5","EMILY_MX_YUC_2005",2013-03-01,1.01,"SG"
"YUC_MX_ISIDORE","5","ISIDORE_MX_YUC_2002",2013-03-01,1.32,"SG"
"AL_US_IVAN","4","IVAN_US_AL_2004",2013-04-01,0.76,"SUS"
"AL_US_SALLY","4","SALLY_US_AL_2020",2013-04-01,0.76,"SUS"
"ALEX","6","ALEX_2010",2013-04-01,1.35,"WG"
"BELICE_RICHARD","3","RICHARD_BELICE_2010",2013-04-01,1,"C"
"BELIZE_IRIS","2","IRIS_BELIZE_2001",2013-04-01,0.89,"CA"
"BETA","2","BETA_2005",2013-04-01,0.91,"CA"
"CR_OTTO","2","OTTO_CR_2016",2013-04-01,0.94,"CA"
"CUBA_DENNIS","3","DENNIS_CUBA_2005",2013-04-01,1.24,"C"
"CUBA_GUSTAV","3","GUSTAV_CUBA_2008",2013-04-01,1.14,"C"
"CUBA_IAN","3","IAN_CUBA_2022",2013-04-01,1.12,"C"
"CUBA_MICHELLE","3","MICHELLE_CUBA_2001",2013-04-01,1.22,"C"
"CUBA_PALOMA","3","PALOMA_CUBA_2008",2013-04-01,1.18,"C"
"CUBA_SANDY","3","SANDY_CUBA_2012",2013-04-01,1,"C"
"DEAN_QROO_MX","5","DEAN_QROO_MX_2007",2013-04-01,1.18,"SG"
"FL_US_CHARLEY","1","CHARLEY_2004",2013-04-01,1.07,"FP"
"FL_US_FRANCES","1","FRANCES_US_FL_2004",2013-04-01,1.05,"FP"
"FL_US_IAN","1","IAN_US_FL_2022",2013-04-01,1.09,"FP"
"FL_US_IRMA","1","IRMA_US_FL_2017",2013-04-01,1.09,"FP"
"FL_US_JEANNE","1","JEANNE_US_FL_2004",2013-04-01,1.06,"FP"
"FL_US_MICHAEL","4","MICHAEL_US_FL_2018",2013-04-01,0.87,"SUS"
"FL_US_WILMA","1","WILMA_US_FL_2005",2013-04-01,1.1,"FP"
"LA_US_GUSTAV","4","GUSTAV_US_LA_2008",2013-04-01,0.57,"SUS"
"LA_US_IDA","4","IDA_US_LA_2009",2013-04-01,0.61,"SUS"
"LA_US_KATRINA","4","KATRINA_US_LA_2005",2013-04-01,0.67,"SUS"
"LA_US_LAURA","4","LAURA_US_LA_2020",2013-04-01,0.68,"SUS"
"LA_US_ZETA","4","ZETA_US_LA_2020",2013-04-01,0.55,"SUS"
"MX_ERNESTO","5","ERNESTO_MX_2012",2013-04-01,1.17,"SG"
"MX_GRACE","3","GRACE_MX_2021",2013-04-01,1.02,"C"
"MX_TAMPS_EMILY","6","EMILY_TAMPS_MX_2005",2013-04-01,1.27,"WG"
"NC_US_ISABEL","4","ISABEL_US_NC_2003",2013-04-01,0.82,"SUS"
"NIC_ETA","2","ETA_NIC_2020",2013-04-01,0.9,"CA"
"NIC_FELIX","2","FELIX_NIC_2007",2013-04-01,0.85,"CA"
"NIC_IOTA","2","IOTA_NIC_2020",2013-04-01,0.91,"CA"
"PR_USA_MARIA","3","MARIA_US_PR_2017",2013-04-01,0.85,"C"
"QROO_WILMA","3","WILMA_QROO_2005",2013-04-01,1.1,"C"
"TX_US_HARVEY","6","HARVEY_US_TX_2017",2013-04-01,0.92,"WG"
"TX_US_IKE","4","IKE_US_TX_2008",2013-04-01,0.76,"SUS"
"TX_US_RITA","4","RITA_US_TX_2005",2013-04-01,0.72,"SUS"
"US_FL_DELTA","4","DELTA_US_LA_2020",2013-04-01,0.7,"SUS"
"US_FL_DENNIS","4","DENNIS_US_FL_2005",2013-04-01,0.77,"SUS"
"VER_MX_KARL","5","KARL_MX_VER_2010",2013-04-01,1.41,"SG"
"YUC_DELTA","5","DELTA_YUCATAN_MX_2020",2013-04-01,1.16,"SG"
"YUC_MX_EMILY","5","EMILY_MX_YUC_2005",2013-04-01,1.22,"SG"
"YUC_MX_ISIDORE","5","ISIDORE_MX_YUC_2002",2013-04-01,1.64,"SG"
"AL_US_IVAN","4","IVAN_US_AL_2004",2013-05-01,0.8,"SUS"
"AL_US_SALLY","4","SALLY_US_AL_2020",2013-05-01,0.83,"SUS"
"ALEX","6","ALEX_2010",2013-05-01,1.38,"WG"
"BELICE_RICHARD","3","RICHARD_BELICE_2010",2013-05-01,1.07,"C"
"BELIZE_IRIS","2","IRIS_BELIZE_2001",2013-05-01,0.87,"CA"
"BETA","2","BETA_2005",2013-05-01,0.68,"CA"
"CR_OTTO","2","OTTO_CR_2016",2013-05-01,0.73,"CA"
"CUBA_DENNIS","3","DENNIS_CUBA_2005",2013-05-01,1.11,"C"
"CUBA_GUSTAV","3","GUSTAV_CUBA_2008",2013-05-01,1.09,"C"
"CUBA_IAN","3","IAN_CUBA_2022",2013-05-01,1.07,"C"
"CUBA_MICHELLE","3","MICHELLE_CUBA_2001",2013-05-01,1.07,"C"
"CUBA_PALOMA","3","PALOMA_CUBA_2008",2013-05-01,0.96,"C"
"CUBA_SANDY","3","SANDY_CUBA_2012",2013-05-01,0.83,"C"
"DEAN_QROO_MX","5","DEAN_QROO_MX_2007",2013-05-01,1.07,"SG"
"FL_US_CHARLEY","1","CHARLEY_2004",2013-05-01,1.13,"FP"
"FL_US_FRANCES","1","FRANCES_US_FL_2004",2013-05-01,1.04,"FP"
"FL_US_IAN","1","IAN_US_FL_2022",2013-05-01,1.14,"FP"
"FL_US_IRMA","1","IRMA_US_FL_2017",2013-05-01,1.12,"FP"
"FL_US_JEANNE","1","JEANNE_US_FL_2004",2013-05-01,1.05,"FP"
"FL_US_MICHAEL","4","MICHAEL_US_FL_2018",2013-05-01,0.93,"SUS"
"FL_US_WILMA","1","WILMA_US_FL_2005",2013-05-01,1.11,"FP"
"LA_US_GUSTAV","4","GUSTAV_US_LA_2008",2013-05-01,0.77,"SUS"
"LA_US_IDA","4","IDA_US_LA_2009",2013-05-01,0.81,"SUS"
"LA_US_KATRINA","4","KATRINA_US_LA_2005",2013-05-01,0.77,"SUS"
"LA_US_LAURA","4","LAURA_US_LA_2020",2013-05-01,0.88,"SUS"
"LA_US_ZETA","4","ZETA_US_LA_2020",2013-05-01,0.77,"SUS"
"MX_ERNESTO","5","ERNESTO_MX_2012",2013-05-01,1.06,"SG"
"MX_GRACE","3","GRACE_MX_2021",2013-05-01,0.96,"C"
"MX_TAMPS_EMILY","6","EMILY_TAMPS_MX_2005",2013-05-01,1.22,"WG"
"NC_US_ISABEL","4","ISABEL_US_NC_2003",2013-05-01,0.87,"SUS"
"NIC_ETA","2","ETA_NIC_2020",2013-05-01,0.75,"CA"
"NIC_FELIX","2","FELIX_NIC_2007",2013-05-01,0.74,"CA"
"NIC_IOTA","2","IOTA_NIC_2020",2013-05-01,0.76,"CA"
"PR_USA_MARIA","3","MARIA_US_PR_2017",2013-05-01,0.82,"C"
"QROO_WILMA","3","WILMA_QROO_2005",2013-05-01,1.09,"C"
"TX_US_HARVEY","6","HARVEY_US_TX_2017",2013-05-01,1,"WG"
"TX_US_IKE","4","IKE_US_TX_2008",2013-05-01,0.91,"SUS"
"TX_US_RITA","4","RITA_US_TX_2005",2013-05-01,0.89,"SUS"
"US_FL_DELTA","4","DELTA_US_LA_2020",2013-05-01,0.9,"SUS"
"US_FL_DENNIS","4","DENNIS_US_FL_2005",2013-05-01,0.81,"SUS"
"VER_MX_KARL","5","KARL_MX_VER_2010",2013-05-01,1.27,"SG"
"YUC_DELTA","5","DELTA_YUCATAN_MX_2020",2013-05-01,1.13,"SG"
"YUC_MX_EMILY","5","EMILY_MX_YUC_2005",2013-05-01,1.16,"SG"
"YUC_MX_ISIDORE","5","ISIDORE_MX_YUC_2002",2013-05-01,1.52,"SG"
"AL_US_IVAN","4","IVAN_US_AL_2004",2013-06-01,1.09,"SUS"
"AL_US_SALLY","4","SALLY_US_AL_2020",2013-06-01,1.02,"SUS"
"ALEX","6","ALEX_2010",2013-06-01,1.54,"WG"
"BELICE_RICHARD","3","RICHARD_BELICE_2010",2013-06-01,0.85,"C"
"BELIZE_IRIS","2","IRIS_BELIZE_2001",2013-06-01,0.7,"CA"
"BETA","2","BETA_2005",2013-06-01,0.42,"CA"
"CR_OTTO","2","OTTO_CR_2016",2013-06-01,0.57,"CA"
"CUBA_DENNIS","3","DENNIS_CUBA_2005",2013-06-01,0.92,"C"
"CUBA_GUSTAV","3","GUSTAV_CUBA_2008",2013-06-01,0.84,"C"
"CUBA_IAN","3","IAN_CUBA_2022",2013-06-01,0.82,"C"
"CUBA_MICHELLE","3","MICHELLE_CUBA_2001",2013-06-01,0.9,"C"
"CUBA_PALOMA","3","PALOMA_CUBA_2008",2013-06-01,0.82,"C"
"CUBA_SANDY","3","SANDY_CUBA_2012",2013-06-01,0.75,"C"
"DEAN_QROO_MX","5","DEAN_QROO_MX_2007",2013-06-01,0.83,"SG"
"FL_US_CHARLEY","1","CHARLEY_2004",2013-06-01,1.06,"FP"
"FL_US_FRANCES","1","FRANCES_US_FL_2004",2013-06-01,0.97,"FP"
"FL_US_IAN","1","IAN_US_FL_2022",2013-06-01,1.05,"FP"
"FL_US_IRMA","1","IRMA_US_FL_2017",2013-06-01,1.03,"FP"
"FL_US_JEANNE","1","JEANNE_US_FL_2004",2013-06-01,0.97,"FP"
"FL_US_MICHAEL","4","MICHAEL_US_FL_2018",2013-06-01,1.04,"SUS"
"FL_US_WILMA","1","WILMA_US_FL_2005",2013-06-01,0.98,"FP"
"LA_US_GUSTAV","4","GUSTAV_US_LA_2008",2013-06-01,0.98,"SUS"
"LA_US_IDA","4","IDA_US_LA_2009",2013-06-01,1.02,"SUS"
"LA_US_KATRINA","4","KATRINA_US_LA_2005",2013-06-01,0.99,"SUS"
"LA_US_LAURA","4","LAURA_US_LA_2020",2013-06-01,1.11,"SUS"
"LA_US_ZETA","4","ZETA_US_LA_2020",2013-06-01,0.96,"SUS"
"MX_ERNESTO","5","ERNESTO_MX_2012",2013-06-01,0.82,"SG"
"MX_GRACE","3","GRACE_MX_2021",2013-06-01,1.02,"C"
"MX_TAMPS_EMILY","6","EMILY_TAMPS_MX_2005",2013-06-01,1.48,"WG"
"NC_US_ISABEL","4","ISABEL_US_NC_2003",2013-06-01,1.04,"SUS"
"NIC_ETA","2","ETA_NIC_2020",2013-06-01,0.47,"CA"
"NIC_FELIX","2","FELIX_NIC_2007",2013-06-01,0.47,"CA"
"NIC_IOTA","2","IOTA_NIC_2020",2013-06-01,0.48,"CA"
"PR_USA_MARIA","3","MARIA_US_PR_2017",2013-06-01,0.89,"C"
"QROO_WILMA","3","WILMA_QROO_2005",2013-06-01,0.87,"C"
"TX_US_HARVEY","6","HARVEY_US_TX_2017",2013-06-01,1.37,"WG"
"TX_US_IKE","4","IKE_US_TX_2008",2013-06-01,1.2,"SUS"
"TX_US_RITA","4","RITA_US_TX_2005",2013-06-01,1.17,"SUS"
"US_FL_DELTA","4","DELTA_US_LA_2020",2013-06-01,1.13,"SUS"
"US_FL_DENNIS","4","DENNIS_US_FL_2005",2013-06-01,1.1,"SUS"
"VER_MX_KARL","5","KARL_MX_VER_2010",2013-06-01,1.04,"SG"
"YUC_DELTA","5","DELTA_YUCATAN_MX_2020",2013-06-01,0.89,"SG"
"YUC_MX_EMILY","5","EMILY_MX_YUC_2005",2013-06-01,0.95,"SG"
"YUC_MX_ISIDORE","5","ISIDORE_MX_YUC_2002",2013-06-01,1.09,"SG"
"AL_US_IVAN","4","IVAN_US_AL_2004",2013-07-01,0.88,"SUS"
"AL_US_SALLY","4","SALLY_US_AL_2020",2013-07-01,0.84,"SUS"
"ALEX","6","ALEX_2010",2013-07-01,1.49,"WG"
"BELICE_RICHARD","3","RICHARD_BELICE_2010",2013-07-01,0.79,"C"
"BELIZE_IRIS","2","IRIS_BELIZE_2001",2013-07-01,0.64,"CA"
"BETA","2","BETA_2005",2013-07-01,0.38,"CA"
"CR_OTTO","2","OTTO_CR_2016",2013-07-01,0.48,"CA"
"CUBA_DENNIS","3","DENNIS_CUBA_2005",2013-07-01,0.86,"C"
"CUBA_GUSTAV","3","GUSTAV_CUBA_2008",2013-07-01,0.76,"C"
"CUBA_IAN","3","IAN_CUBA_2022",2013-07-01,0.73,"C"
"CUBA_MICHELLE","3","MICHELLE_CUBA_2001",2013-07-01,0.85,"C"
"CUBA_PALOMA","3","PALOMA_CUBA_2008",2013-07-01,0.91,"C"
"CUBA_SANDY","3","SANDY_CUBA_2012",2013-07-01,0.82,"C"
"DEAN_QROO_MX","5","DEAN_QROO_MX_2007",2013-07-01,0.88,"SG"
"FL_US_CHARLEY","1","CHARLEY_2004",2013-07-01,1.01,"FP"
"FL_US_FRANCES","1","FRANCES_US_FL_2004",2013-07-01,0.97,"FP"
"FL_US_IAN","1","IAN_US_FL_2022",2013-07-01,1.01,"FP"
"FL_US_IRMA","1","IRMA_US_FL_2017",2013-07-01,1.02,"FP"
"FL_US_JEANNE","1","JEANNE_US_FL_2004",2013-07-01,0.98,"FP"
"FL_US_MICHAEL","4","MICHAEL_US_FL_2018",2013-07-01,0.85,"SUS"
"FL_US_WILMA","1","WILMA_US_FL_2005",2013-07-01,0.98,"FP"
"LA_US_GUSTAV","4","GUSTAV_US_LA_2008",2013-07-01,1.06,"SUS"
"LA_US_IDA","4","IDA_US_LA_2009",2013-07-01,1.03,"SUS"
"LA_US_KATRINA","4","KATRINA_US_LA_2005",2013-07-01,0.93,"SUS"
"LA_US_LAURA","4","LAURA_US_LA_2020",2013-07-01,1.22,"SUS"
"LA_US_ZETA","4","ZETA_US_LA_2020",2013-07-01,1.01,"SUS"
"MX_ERNESTO","5","ERNESTO_MX_2012",2013-07-01,0.87,"SG"
"MX_GRACE","3","GRACE_MX_2021",2013-07-01,0.85,"C"
"MX_TAMPS_EMILY","6","EMILY_TAMPS_MX_2005",2013-07-01,1.49,"WG"
"NC_US_ISABEL","4","ISABEL_US_NC_2003",2013-07-01,1.01,"SUS"
"NIC_ETA","2","ETA_NIC_2020",2013-07-01,0.44,"CA"
"NIC_FELIX","2","FELIX_NIC_2007",2013-07-01,0.41,"CA"
"NIC_IOTA","2","IOTA_NIC_2020",2013-07-01,0.46,"CA"
"PR_USA_MARIA","3","MARIA_US_PR_2017",2013-07-01,0.86,"C"
"QROO_WILMA","3","WILMA_QROO_2005",2013-07-01,0.84,"C"
"TX_US_HARVEY","6","HARVEY_US_TX_2017",2013-07-01,1.47,"WG"
"TX_US_IKE","4","IKE_US_TX_2008",2013-07-01,1.31,"SUS"
"TX_US_RITA","4","RITA_US_TX_2005",2013-07-01,1.25,"SUS"
"US_FL_DELTA","4","DELTA_US_LA_2020",2013-07-01,1.21,"SUS"
"US_FL_DENNIS","4","DENNIS_US_FL_2005",2013-07-01,0.85,"SUS"
"VER_MX_KARL","5","KARL_MX_VER_2010",2013-07-01,0.78,"SG"
"YUC_DELTA","5","DELTA_YUCATAN_MX_2020",2013-07-01,0.84,"SG"
"YUC_MX_EMILY","5","EMILY_MX_YUC_2005",2013-07-01,0.94,"SG"
"YUC_MX_ISIDORE","5","ISIDORE_MX_YUC_2002",2013-07-01,0.98,"SG"
"AL_US_IVAN","4","IVAN_US_AL_2004",2013-08-01,0.96,"SUS"
"AL_US_SALLY","4","SALLY_US_AL_2020",2013-08-01,0.9,"SUS"
"ALEX","6","ALEX_2010",2013-08-01,1.41,"WG"
"BELICE_RICHARD","3","RICHARD_BELICE_2010",2013-08-01,0.73,"C"
"BELIZE_IRIS","2","IRIS_BELIZE_2001",2013-08-01,0.61,"CA"
"BETA","2","BETA_2005",2013-08-01,0.36,"CA"
"CR_OTTO","2","OTTO_CR_2016",2013-08-01,0.47,"CA"
"CUBA_DENNIS","3","DENNIS_CUBA_2005",2013-08-01,0.98,"C"
"CUBA_GUSTAV","3","GUSTAV_CUBA_2008",2013-08-01,0.88,"C"
"CUBA_IAN","3","IAN_CUBA_2022",2013-08-01,0.86,"C"
"CUBA_MICHELLE","3","MICHELLE_CUBA_2001",2013-08-01,0.94,"C"
"CUBA_PALOMA","3","PALOMA_CUBA_2008",2013-08-01,0.96,"C"
"CUBA_SANDY","3","SANDY_CUBA_2012",2013-08-01,0.89,"C"
"DEAN_QROO_MX","5","DEAN_QROO_MX_2007",2013-08-01,0.85,"SG"
"FL_US_CHARLEY","1","CHARLEY_2004",2013-08-01,1.06,"FP"
"FL_US_FRANCES","1","FRANCES_US_FL_2004",2013-08-01,1.02,"FP"
"FL_US_IAN","1","IAN_US_FL_2022",2013-08-01,1.06,"FP"
"FL_US_IRMA","1","IRMA_US_FL_2017",2013-08-01,1.05,"FP"
"FL_US_JEANNE","1","JEANNE_US_FL_2004",2013-08-01,1.02,"FP"
"FL_US_MICHAEL","4","MICHAEL_US_FL_2018",2013-08-01,0.92,"SUS"
"FL_US_WILMA","1","WILMA_US_FL_2005",2013-08-01,1.02,"FP"
"LA_US_GUSTAV","4","GUSTAV_US_LA_2008",2013-08-01,1.04,"SUS"
"LA_US_IDA","4","IDA_US_LA_2009",2013-08-01,1.09,"SUS"
"LA_US_KATRINA","4","KATRINA_US_LA_2005",2013-08-01,1.01,"SUS"
"LA_US_LAURA","4","LAURA_US_LA_2020",2013-08-01,1.34,"SUS"
"LA_US_ZETA","4","ZETA_US_LA_2020",2013-08-01,1.04,"SUS"
"MX_ERNESTO","5","ERNESTO_MX_2012",2013-08-01,0.84,"SG"
"MX_GRACE","3","GRACE_MX_2021",2013-08-01,0.76,"C"
"MX_TAMPS_EMILY","6","EMILY_TAMPS_MX_2005",2013-08-01,1.53,"WG"
"NC_US_ISABEL","4","ISABEL_US_NC_2003",2013-08-01,0.93,"SUS"
"NIC_ETA","2","ETA_NIC_2020",2013-08-01,0.44,"CA"
"NIC_FELIX","2","FELIX_NIC_2007",2013-08-01,0.44,"CA"
"NIC_IOTA","2","IOTA_NIC_2020",2013-08-01,0.46,"CA"
"PR_USA_MARIA","3","MARIA_US_PR_2017",2013-08-01,0.85,"C"
"QROO_WILMA","3","WILMA_QROO_2005",2013-08-01,0.87,"C"
"TX_US_HARVEY","6","HARVEY_US_TX_2017",2013-08-01,1.65,"WG"
"TX_US_IKE","4","IKE_US_TX_2008",2013-08-01,1.5,"SUS"
"TX_US_RITA","4","RITA_US_TX_2005",2013-08-01,1.38,"SUS"
"US_FL_DELTA","4","DELTA_US_LA_2020",2013-08-01,1.28,"SUS"
"US_FL_DENNIS","4","DENNIS_US_FL_2005",2013-08-01,0.95,"SUS"
"VER_MX_KARL","5","KARL_MX_VER_2010",2013-08-01,0.84,"SG"
"YUC_DELTA","5","DELTA_YUCATAN_MX_2020",2013-08-01,0.87,"SG"
"YUC_MX_EMILY","5","EMILY_MX_YUC_2005",2013-08-01,0.94,"SG"
"YUC_MX_ISIDORE","5","ISIDORE_MX_YUC_2002",2013-08-01,0.95,"SG"
"AL_US_IVAN","4","IVAN_US_AL_2004",2013-09-01,1.19,"SUS"
"AL_US_SALLY","4","SALLY_US_AL_2020",2013-09-01,1.1,"SUS"
"ALEX","6","ALEX_2010",2013-09-01,0.9,"WG"
"BELICE_RICHARD","3","RICHARD_BELICE_2010",2013-09-01,0.7,"C"
"BELIZE_IRIS","2","IRIS_BELIZE_2001",2013-09-01,0.53,"CA"
"BETA","2","BETA_2005",2013-09-01,0.49,"CA"
"CR_OTTO","2","OTTO_CR_2016",2013-09-01,0.57,"CA"
"CUBA_DENNIS","3","DENNIS_CUBA_2005",2013-09-01,0.89,"C"
"CUBA_GUSTAV","3","GUSTAV_CUBA_2008",2013-09-01,0.75,"C"
"CUBA_IAN","3","IAN_CUBA_2022",2013-09-01,0.72,"C"
"CUBA_MICHELLE","3","MICHELLE_CUBA_2001",2013-09-01,0.84,"C"
"CUBA_PALOMA","3","PALOMA_CUBA_2008",2013-09-01,0.81,"C"
"CUBA_SANDY","3","SANDY_CUBA_2012",2013-09-01,0.76,"C"
"DEAN_QROO_MX","5","DEAN_QROO_MX_2007",2013-09-01,0.74,"SG"
"FL_US_CHARLEY","1","CHARLEY_2004",2013-09-01,1.02,"FP"
"FL_US_FRANCES","1","FRANCES_US_FL_2004",2013-09-01,1,"FP"
"FL_US_IAN","1","IAN_US_FL_2022",2013-09-01,1.03,"FP"
"FL_US_IRMA","1","IRMA_US_FL_2017",2013-09-01,1.03,"FP"
"FL_US_JEANNE","1","JEANNE_US_FL_2004",2013-09-01,1,"FP"
"FL_US_MICHAEL","4","MICHAEL_US_FL_2018",2013-09-01,1.07,"SUS"
"FL_US_WILMA","1","WILMA_US_FL_2005",2013-09-01,1.02,"FP"
"LA_US_GUSTAV","4","GUSTAV_US_LA_2008",2013-09-01,1.07,"SUS"
"LA_US_IDA","4","IDA_US_LA_2009",2013-09-01,1.12,"SUS"
"LA_US_KATRINA","4","KATRINA_US_LA_2005",2013-09-01,1.08,"SUS"
"LA_US_LAURA","4","LAURA_US_LA_2020",2013-09-01,1.26,"SUS"
"LA_US_ZETA","4","ZETA_US_LA_2020",2013-09-01,1.07,"SUS"
"MX_ERNESTO","5","ERNESTO_MX_2012",2013-09-01,0.74,"SG"
"MX_GRACE","3","GRACE_MX_2021",2013-09-01,0.6,"C"
"MX_TAMPS_EMILY","6","EMILY_TAMPS_MX_2005",2013-09-01,0.92,"WG"
"NC_US_ISABEL","4","ISABEL_US_NC_2003",2013-09-01,0.99,"SUS"
"NIC_ETA","2","ETA_NIC_2020",2013-09-01,0.54,"CA"
"NIC_FELIX","2","FELIX_NIC_2007",2013-09-01,0.55,"CA"
"NIC_IOTA","2","IOTA_NIC_2020",2013-09-01,0.55,"CA"
"PR_USA_MARIA","3","MARIA_US_PR_2017",2013-09-01,0.82,"C"
"QROO_WILMA","3","WILMA_QROO_2005",2013-09-01,0.71,"C"
"TX_US_HARVEY","6","HARVEY_US_TX_2017",2013-09-01,1.36,"WG"
"TX_US_IKE","4","IKE_US_TX_2008",2013-09-01,1.27,"SUS"
"TX_US_RITA","4","RITA_US_TX_2005",2013-09-01,1.23,"SUS"
"US_FL_DELTA","4","DELTA_US_LA_2020",2013-09-01,1.29,"SUS"
"US_FL_DENNIS","4","DENNIS_US_FL_2005",2013-09-01,1.21,"SUS"
"VER_MX_KARL","5","KARL_MX_VER_2010",2013-09-01,0.73,"SG"
"YUC_DELTA","5","DELTA_YUCATAN_MX_2020",2013-09-01,0.72,"SG"
"YUC_MX_EMILY","5","EMILY_MX_YUC_2005",2013-09-01,0.78,"SG"
"YUC_MX_ISIDORE","5","ISIDORE_MX_YUC_2002",2013-09-01,0.83,"SG"
"AL_US_IVAN","4","IVAN_US_AL_2004",2013-10-01,0.89,"SUS"
"AL_US_SALLY","4","SALLY_US_AL_2020",2013-10-01,0.84,"SUS"
"ALEX","6","ALEX_2010",2013-10-01,1.02,"WG"
"BELICE_RICHARD","3","RICHARD_BELICE_2010",2013-10-01,0.73,"C"
"BELIZE_IRIS","2","IRIS_BELIZE_2001",2013-10-01,0.58,"CA"
"BETA","2","BETA_2005",2013-10-01,0.46,"CA"
"CR_OTTO","2","OTTO_CR_2016",2013-10-01,0.48,"CA"
"CUBA_DENNIS","3","DENNIS_CUBA_2005",2013-10-01,0.88,"C"
"CUBA_GUSTAV","3","GUSTAV_CUBA_2008",2013-10-01,0.86,"C"
"CUBA_IAN","3","IAN_CUBA_2022",2013-10-01,0.85,"C"
"CUBA_MICHELLE","3","MICHELLE_CUBA_2001",2013-10-01,0.87,"C"
"CUBA_PALOMA","3","PALOMA_CUBA_2008",2013-10-01,0.78,"C"
"CUBA_SANDY","3","SANDY_CUBA_2012",2013-10-01,0.65,"C"
"DEAN_QROO_MX","5","DEAN_QROO_MX_2007",2013-10-01,0.75,"SG"
"FL_US_CHARLEY","1","CHARLEY_2004",2013-10-01,1.05,"FP"
"FL_US_FRANCES","1","FRANCES_US_FL_2004",2013-10-01,1.04,"FP"
"FL_US_IAN","1","IAN_US_FL_2022",2013-10-01,1.07,"FP"
"FL_US_IRMA","1","IRMA_US_FL_2017",2013-10-01,1.1,"FP"
"FL_US_JEANNE","1","JEANNE_US_FL_2004",2013-10-01,1.05,"FP"
"FL_US_MICHAEL","4","MICHAEL_US_FL_2018",2013-10-01,0.88,"SUS"
"FL_US_WILMA","1","WILMA_US_FL_2005",2013-10-01,1.09,"FP"
"LA_US_GUSTAV","4","GUSTAV_US_LA_2008",2013-10-01,0.66,"SUS"
"LA_US_IDA","4","IDA_US_LA_2009",2013-10-01,0.71,"SUS"
"LA_US_KATRINA","4","KATRINA_US_LA_2005",2013-10-01,0.74,"SUS"
"LA_US_LAURA","4","LAURA_US_LA_2020",2013-10-01,0.71,"SUS"
"LA_US_ZETA","4","ZETA_US_LA_2020",2013-10-01,0.69,"SUS"
"MX_ERNESTO","5","ERNESTO_MX_2012",2013-10-01,0.75,"SG"
"MX_GRACE","3","GRACE_MX_2021",2013-10-01,0.69,"C"
"MX_TAMPS_EMILY","6","EMILY_TAMPS_MX_2005",2013-10-01,1.02,"WG"
"NC_US_ISABEL","4","ISABEL_US_NC_2003",2013-10-01,0.71,"SUS"
"NIC_ETA","2","ETA_NIC_2020",2013-10-01,0.68,"CA"
"NIC_FELIX","2","FELIX_NIC_2007",2013-10-01,0.7,"CA"
"NIC_IOTA","2","IOTA_NIC_2020",2013-10-01,0.68,"CA"
"PR_USA_MARIA","3","MARIA_US_PR_2017",2013-10-01,0.81,"C"
"QROO_WILMA","3","WILMA_QROO_2005",2013-10-01,0.74,"C"
"TX_US_HARVEY","6","HARVEY_US_TX_2017",2013-10-01,1,"WG"
"TX_US_IKE","4","IKE_US_TX_2008",2013-10-01,0.8,"SUS"
"TX_US_RITA","4","RITA_US_TX_2005",2013-10-01,0.74,"SUS"
"US_FL_DELTA","4","DELTA_US_LA_2020",2013-10-01,0.75,"SUS"
"US_FL_DENNIS","4","DENNIS_US_FL_2005",2013-10-01,0.9,"SUS"
"VER_MX_KARL","5","KARL_MX_VER_2010",2013-10-01,0.85,"SG"
"YUC_DELTA","5","DELTA_YUCATAN_MX_2020",2013-10-01,0.75,"SG"
"YUC_MX_EMILY","5","EMILY_MX_YUC_2005",2013-10-01,0.81,"SG"
"YUC_MX_ISIDORE","5","ISIDORE_MX_YUC_2002",2013-10-01,0.85,"SG"
"AL_US_IVAN","4","IVAN_US_AL_2004",2013-11-01,0.48,"SUS"
"AL_US_SALLY","4","SALLY_US_AL_2020",2013-11-01,0.47,"SUS"
"ALEX","6","ALEX_2010",2013-11-01,0.66,"WG"
"BELICE_RICHARD","3","RICHARD_BELICE_2010",2013-11-01,0.55,"C"
"BELIZE_IRIS","2","IRIS_BELIZE_2001",2013-11-01,0.45,"CA"
"BETA","2","BETA_2005",2013-11-01,0.48,"CA"
"CR_OTTO","2","OTTO_CR_2016",2013-11-01,0.5,"CA"
"CUBA_DENNIS","3","DENNIS_CUBA_2005",2013-11-01,0.77,"C"
"CUBA_GUSTAV","3","GUSTAV_CUBA_2008",2013-11-01,0.75,"C"
"CUBA_IAN","3","IAN_CUBA_2022",2013-11-01,0.73,"C"
"CUBA_MICHELLE","3","MICHELLE_CUBA_2001",2013-11-01,0.75,"C"
"CUBA_PALOMA","3","PALOMA_CUBA_2008",2013-11-01,0.76,"C"
"CUBA_SANDY","3","SANDY_CUBA_2012",2013-11-01,0.65,"C"
"DEAN_QROO_MX","5","DEAN_QROO_MX_2007",2013-11-01,0.69,"SG"
"FL_US_CHARLEY","1","CHARLEY_2004",2013-11-01,0.78,"FP"
"FL_US_FRANCES","1","FRANCES_US_FL_2004",2013-11-01,0.75,"FP"
"FL_US_IAN","1","IAN_US_FL_2022",2013-11-01,0.79,"FP"
"FL_US_IRMA","1","IRMA_US_FL_2017",2013-11-01,0.83,"FP"
"FL_US_JEANNE","1","JEANNE_US_FL_2004",2013-11-01,0.77,"FP"
"FL_US_MICHAEL","4","MICHAEL_US_FL_2018",2013-11-01,0.58,"SUS"
"FL_US_WILMA","1","WILMA_US_FL_2005",2013-11-01,0.82,"FP"
"LA_US_GUSTAV","4","GUSTAV_US_LA_2008",2013-11-01,0.43,"SUS"
"LA_US_IDA","4","IDA_US_LA_2009",2013-11-01,0.47,"SUS"
"LA_US_KATRINA","4","KATRINA_US_LA_2005",2013-11-01,0.45,"SUS"
"LA_US_LAURA","4","LAURA_US_LA_2020",2013-11-01,0.44,"SUS"
"LA_US_ZETA","4","ZETA_US_LA_2020",2013-11-01,0.45,"SUS"
"MX_ERNESTO","5","ERNESTO_MX_2012",2013-11-01,0.68,"SG"
"MX_GRACE","3","GRACE_MX_2021",2013-11-01,0.51,"C"
"MX_TAMPS_EMILY","6","EMILY_TAMPS_MX_2005",2013-11-01,0.64,"WG"
"NC_US_ISABEL","4","ISABEL_US_NC_2003",2013-11-01,0.6,"SUS"
"NIC_ETA","2","ETA_NIC_2020",2013-11-01,0.52,"CA"
"NIC_FELIX","2","FELIX_NIC_2007",2013-11-01,0.51,"CA"
"NIC_IOTA","2","IOTA_NIC_2020",2013-11-01,0.54,"CA"
"PR_USA_MARIA","3","MARIA_US_PR_2017",2013-11-01,0.8,"C"
"QROO_WILMA","3","WILMA_QROO_2005",2013-11-01,0.68,"C"
"TX_US_HARVEY","6","HARVEY_US_TX_2017",2013-11-01,0.64,"WG"
"TX_US_IKE","4","IKE_US_TX_2008",2013-11-01,0.51,"SUS"
"TX_US_RITA","4","RITA_US_TX_2005",2013-11-01,0.46,"SUS"
"US_FL_DELTA","4","DELTA_US_LA_2020",2013-11-01,0.45,"SUS"
"US_FL_DENNIS","4","DENNIS_US_FL_2005",2013-11-01,0.47,"SUS"
"VER_MX_KARL","5","KARL_MX_VER_2010",2013-11-01,0.72,"SG"
"YUC_DELTA","5","DELTA_YUCATAN_MX_2020",2013-11-01,0.7,"SG"
"YUC_MX_EMILY","5","EMILY_MX_YUC_2005",2013-11-01,0.77,"SG"
"YUC_MX_ISIDORE","5","ISIDORE_MX_YUC_2002",2013-11-01,0.8,"SG"
"AL_US_IVAN","4","IVAN_US_AL_2004",2013-12-01,0.47,"SUS"
"AL_US_SALLY","4","SALLY_US_AL_2020",2013-12-01,0.47,"SUS"
"ALEX","6","ALEX_2010",2013-12-01,0.53,"WG"
"BELICE_RICHARD","3","RICHARD_BELICE_2010",2013-12-01,0.59,"C"
"BELIZE_IRIS","2","IRIS_BELIZE_2001",2013-12-01,0.45,"CA"
"BETA","2","BETA_2005",2013-12-01,0.47,"CA"
"CR_OTTO","2","OTTO_CR_2016",2013-12-01,0.62,"CA"
"CUBA_DENNIS","3","DENNIS_CUBA_2005",2013-12-01,0.95,"C"
"CUBA_GUSTAV","3","GUSTAV_CUBA_2008",2013-12-01,0.82,"C"
"CUBA_IAN","3","IAN_CUBA_2022",2013-12-01,0.79,"C"
"CUBA_MICHELLE","3","MICHELLE_CUBA_2001",2013-12-01,0.92,"C"
"CUBA_PALOMA","3","PALOMA_CUBA_2008",2013-12-01,0.84,"C"
"CUBA_SANDY","3","SANDY_CUBA_2012",2013-12-01,0.72,"C"
"DEAN_QROO_MX","5","DEAN_QROO_MX_2007",2013-12-01,0.59,"SG"
"FL_US_CHARLEY","1","CHARLEY_2004",2013-12-01,0.76,"FP"
"FL_US_FRANCES","1","FRANCES_US_FL_2004",2013-12-01,0.75,"FP"
"FL_US_IAN","1","IAN_US_FL_2022",2013-12-01,0.77,"FP"
"FL_US_IRMA","1","IRMA_US_FL_2017",2013-12-01,0.85,"FP"
"FL_US_JEANNE","1","JEANNE_US_FL_2004",2013-12-01,0.76,"FP"
"FL_US_MICHAEL","4","MICHAEL_US_FL_2018",2013-12-01,0.57,"SUS"
"FL_US_WILMA","1","WILMA_US_FL_2005",2013-12-01,0.82,"FP"
"LA_US_GUSTAV","4","GUSTAV_US_LA_2008",2013-12-01,0.28,"SUS"
"LA_US_IDA","4","IDA_US_LA_2009",2013-12-01,0.36,"SUS"
"LA_US_KATRINA","4","KATRINA_US_LA_2005",2013-12-01,0.39,"SUS"
"LA_US_LAURA","4","LAURA_US_LA_2020",2013-12-01,0.3,"SUS"
"LA_US_ZETA","4","ZETA_US_LA_2020",2013-12-01,0.33,"SUS"
"MX_ERNESTO","5","ERNESTO_MX_2012",2013-12-01,0.58,"SG"
"MX_GRACE","3","GRACE_MX_2021",2013-12-01,0.42,"C"
"MX_TAMPS_EMILY","6","EMILY_TAMPS_MX_2005",2013-12-01,0.51,"WG"
"NC_US_ISABEL","4","ISABEL_US_NC_2003",2013-12-01,0.5,"SUS"
"NIC_ETA","2","ETA_NIC_2020",2013-12-01,0.47,"CA"
"NIC_FELIX","2","FELIX_NIC_2007",2013-12-01,0.44,"CA"
"NIC_IOTA","2","IOTA_NIC_2020",2013-12-01,0.49,"CA"
"PR_USA_MARIA","3","MARIA_US_PR_2017",2013-12-01,0.69,"C"
"QROO_WILMA","3","WILMA_QROO_2005",2013-12-01,0.71,"C"
"TX_US_HARVEY","6","HARVEY_US_TX_2017",2013-12-01,0.53,"WG"
"TX_US_IKE","4","IKE_US_TX_2008",2013-12-01,0.4,"SUS"
"TX_US_RITA","4","RITA_US_TX_2005",2013-12-01,0.34,"SUS"
"US_FL_DELTA","4","DELTA_US_LA_2020",2013-12-01,0.3,"SUS"
"US_FL_DENNIS","4","DENNIS_US_FL_2005",2013-12-01,0.48,"SUS"
"VER_MX_KARL","5","KARL_MX_VER_2010",2013-12-01,0.71,"SG"
"YUC_DELTA","5","DELTA_YUCATAN_MX_2020",2013-12-01,0.72,"SG"
"YUC_MX_EMILY","5","EMILY_MX_YUC_2005",2013-12-01,0.8,"SG"
"YUC_MX_ISIDORE","5","ISIDORE_MX_YUC_2002",2013-12-01,0.66,"SG"
"AL_US_IVAN","4","IVAN_US_AL_2004",2014-01-01,0.35,"SUS"
"AL_US_SALLY","4","SALLY_US_AL_2020",2014-01-01,0.36,"SUS"
"ALEX","6","ALEX_2010",2014-01-01,0.66,"WG"
"BELICE_RICHARD","3","RICHARD_BELICE_2010",2014-01-01,0.53,"C"
"BELIZE_IRIS","2","IRIS_BELIZE_2001",2014-01-01,0.51,"CA"
"BETA","2","BETA_2005",2014-01-01,0.7,"CA"
"CR_OTTO","2","OTTO_CR_2016",2014-01-01,0.74,"CA"
"CUBA_DENNIS","3","DENNIS_CUBA_2005",2014-01-01,0.78,"C"
"CUBA_GUSTAV","3","GUSTAV_CUBA_2008",2014-01-01,0.68,"C"
"CUBA_IAN","3","IAN_CUBA_2022",2014-01-01,0.65,"C"
"CUBA_MICHELLE","3","MICHELLE_CUBA_2001",2014-01-01,0.75,"C"
"CUBA_PALOMA","3","PALOMA_CUBA_2008",2014-01-01,0.7,"C"
"CUBA_SANDY","3","SANDY_CUBA_2012",2014-01-01,0.63,"C"
"DEAN_QROO_MX","5","DEAN_QROO_MX_2007",2014-01-01,0.67,"SG"
"FL_US_CHARLEY","1","CHARLEY_2004",2014-01-01,0.62,"FP"
"FL_US_FRANCES","1","FRANCES_US_FL_2004",2014-01-01,0.65,"FP"
"FL_US_IAN","1","IAN_US_FL_2022",2014-01-01,0.63,"FP"
"FL_US_IRMA","1","IRMA_US_FL_2017",2014-01-01,0.68,"FP"
"FL_US_JEANNE","1","JEANNE_US_FL_2004",2014-01-01,0.66,"FP"
"FL_US_MICHAEL","4","MICHAEL_US_FL_2018",2014-01-01,0.41,"SUS"
"FL_US_WILMA","1","WILMA_US_FL_2005",2014-01-01,0.68,"FP"
"LA_US_GUSTAV","4","GUSTAV_US_LA_2008",2014-01-01,0.33,"SUS"
"LA_US_IDA","4","IDA_US_LA_2009",2014-01-01,0.36,"SUS"
"LA_US_KATRINA","4","KATRINA_US_LA_2005",2014-01-01,0.37,"SUS"
"LA_US_LAURA","4","LAURA_US_LA_2020",2014-01-01,0.48,"SUS"
"LA_US_ZETA","4","ZETA_US_LA_2020",2014-01-01,0.34,"SUS"
"MX_ERNESTO","5","ERNESTO_MX_2012",2014-01-01,0.66,"SG"
"MX_GRACE","3","GRACE_MX_2021",2014-01-01,0.52,"C"
"MX_TAMPS_EMILY","6","EMILY_TAMPS_MX_2005",2014-01-01,0.59,"WG"
"NC_US_ISABEL","4","ISABEL_US_NC_2003",2014-01-01,0.36,"SUS"
"NIC_ETA","2","ETA_NIC_2020",2014-01-01,0.79,"CA"
"NIC_FELIX","2","FELIX_NIC_2007",2014-01-01,0.7,"CA"
"NIC_IOTA","2","IOTA_NIC_2020",2014-01-01,0.81,"CA"
"PR_USA_MARIA","3","MARIA_US_PR_2017",2014-01-01,0.81,"C"
"QROO_WILMA","3","WILMA_QROO_2005",2014-01-01,0.63,"C"
"TX_US_HARVEY","6","HARVEY_US_TX_2017",2014-01-01,0.62,"WG"
"TX_US_IKE","4","IKE_US_TX_2008",2014-01-01,0.51,"SUS"
"TX_US_RITA","4","RITA_US_TX_2005",2014-01-01,0.52,"SUS"
"US_FL_DELTA","4","DELTA_US_LA_2020",2014-01-01,0.44,"SUS"
"US_FL_DENNIS","4","DENNIS_US_FL_2005",2014-01-01,0.35,"SUS"
"VER_MX_KARL","5","KARL_MX_VER_2010",2014-01-01,0.78,"SG"
"YUC_DELTA","5","DELTA_YUCATAN_MX_2020",2014-01-01,0.66,"SG"
"YUC_MX_EMILY","5","EMILY_MX_YUC_2005",2014-01-01,0.78,"SG"
"YUC_MX_ISIDORE","5","ISIDORE_MX_YUC_2002",2014-01-01,0.81,"SG"
"AL_US_IVAN","4","IVAN_US_AL_2004",2014-02-01,0.54,"SUS"
"AL_US_SALLY","4","SALLY_US_AL_2020",2014-02-01,0.53,"SUS"
"ALEX","6","ALEX_2010",2014-02-01,0.85,"WG"
"BELICE_RICHARD","3","RICHARD_BELICE_2010",2014-02-01,0.78,"C"
"BELIZE_IRIS","2","IRIS_BELIZE_2001",2014-02-01,0.68,"CA"
"BETA","2","BETA_2005",2014-02-01,0.6,"CA"
"CR_OTTO","2","OTTO_CR_2016",2014-02-01,0.76,"CA"
"CUBA_DENNIS","3","DENNIS_CUBA_2005",2014-02-01,0.95,"C"
"CUBA_GUSTAV","3","GUSTAV_CUBA_2008",2014-02-01,0.79,"C"
"CUBA_IAN","3","IAN_CUBA_2022",2014-02-01,0.77,"C"
"CUBA_MICHELLE","3","MICHELLE_CUBA_2001",2014-02-01,0.96,"C"
"CUBA_PALOMA","3","PALOMA_CUBA_2008",2014-02-01,0.94,"C"
"CUBA_SANDY","3","SANDY_CUBA_2012",2014-02-01,0.79,"C"
"DEAN_QROO_MX","5","DEAN_QROO_MX_2007",2014-02-01,0.92,"SG"
"FL_US_CHARLEY","1","CHARLEY_2004",2014-02-01,0.75,"FP"
"FL_US_FRANCES","1","FRANCES_US_FL_2004",2014-02-01,0.8,"FP"
"FL_US_IAN","1","IAN_US_FL_2022",2014-02-01,0.76,"FP"
"FL_US_IRMA","1","IRMA_US_FL_2017",2014-02-01,0.75,"FP"
"FL_US_JEANNE","1","JEANNE_US_FL_2004",2014-02-01,0.8,"FP"
"FL_US_MICHAEL","4","MICHAEL_US_FL_2018",2014-02-01,0.58,"SUS"
"FL_US_WILMA","1","WILMA_US_FL_2005",2014-02-01,0.76,"FP"
"LA_US_GUSTAV","4","GUSTAV_US_LA_2008",2014-02-01,0.32,"SUS"
"LA_US_IDA","4","IDA_US_LA_2009",2014-02-01,0.39,"SUS"
"LA_US_KATRINA","4","KATRINA_US_LA_2005",2014-02-01,0.42,"SUS"
"LA_US_LAURA","4","LAURA_US_LA_2020",2014-02-01,0.42,"SUS"
"LA_US_ZETA","4","ZETA_US_LA_2020",2014-02-01,0.34,"SUS"
"MX_ERNESTO","5","ERNESTO_MX_2012",2014-02-01,0.91,"SG"
"MX_GRACE","3","GRACE_MX_2021",2014-02-01,0.62,"C"
"MX_TAMPS_EMILY","6","EMILY_TAMPS_MX_2005",2014-02-01,0.75,"WG"
"NC_US_ISABEL","4","ISABEL_US_NC_2003",2014-02-01,0.53,"SUS"
"NIC_ETA","2","ETA_NIC_2020",2014-02-01,0.62,"CA"
"NIC_FELIX","2","FELIX_NIC_2007",2014-02-01,0.56,"CA"
"NIC_IOTA","2","IOTA_NIC_2020",2014-02-01,0.63,"CA"
"PR_USA_MARIA","3","MARIA_US_PR_2017",2014-02-01,0.77,"C"
"QROO_WILMA","3","WILMA_QROO_2005",2014-02-01,0.77,"C"
"TX_US_HARVEY","6","HARVEY_US_TX_2017",2014-02-01,0.59,"WG"
"TX_US_IKE","4","IKE_US_TX_2008",2014-02-01,0.48,"SUS"
"TX_US_RITA","4","RITA_US_TX_2005",2014-02-01,0.46,"SUS"
"US_FL_DELTA","4","DELTA_US_LA_2020",2014-02-01,0.43,"SUS"
"US_FL_DENNIS","4","DENNIS_US_FL_2005",2014-02-01,0.55,"SUS"
"VER_MX_KARL","5","KARL_MX_VER_2010",2014-02-01,0.89,"SG"
"YUC_DELTA","5","DELTA_YUCATAN_MX_2020",2014-02-01,0.82,"SG"
"YUC_MX_EMILY","5","EMILY_MX_YUC_2005",2014-02-01,0.98,"SG"
"YUC_MX_ISIDORE","5","ISIDORE_MX_YUC_2002",2014-02-01,1.12,"SG"
"AL_US_IVAN","4","IVAN_US_AL_2004",2014-03-01,0.64,"SUS"
"AL_US_SALLY","4","SALLY_US_AL_2020",2014-03-01,0.62,"SUS"
"ALEX","6","ALEX_2010",2014-03-01,0.99,"WG"
"BELICE_RICHARD","3","RICHARD_BELICE_2010",2014-03-01,0.91,"C"
"BELIZE_IRIS","2","IRIS_BELIZE_2001",2014-03-01,0.79,"CA"
"BETA","2","BETA_2005",2014-03-01,0.75,"CA"
"CR_OTTO","2","OTTO_CR_2016",2014-03-01,0.85,"CA"
"CUBA_DENNIS","3","DENNIS_CUBA_2005",2014-03-01,1.06,"C"
"CUBA_GUSTAV","3","GUSTAV_CUBA_2008",2014-03-01,0.86,"C"
"CUBA_IAN","3","IAN_CUBA_2022",2014-03-01,0.84,"C"
"CUBA_MICHELLE","3","MICHELLE_CUBA_2001",2014-03-01,1.07,"C"
"CUBA_PALOMA","3","PALOMA_CUBA_2008",2014-03-01,1.05,"C"
"CUBA_SANDY","3","SANDY_CUBA_2012",2014-03-01,0.91,"C"
"DEAN_QROO_MX","5","DEAN_QROO_MX_2007",2014-03-01,1.09,"SG"
"FL_US_CHARLEY","1","CHARLEY_2004",2014-03-01,0.86,"FP"
"FL_US_FRANCES","1","FRANCES_US_FL_2004",2014-03-01,0.91,"FP"
"FL_US_IAN","1","IAN_US_FL_2022",2014-03-01,0.87,"FP"
"FL_US_IRMA","1","IRMA_US_FL_2017",2014-03-01,0.88,"FP"
"FL_US_JEANNE","1","JEANNE_US_FL_2004",2014-03-01,0.91,"FP"
"FL_US_MICHAEL","4","MICHAEL_US_FL_2018",2014-03-01,0.65,"SUS"
"FL_US_WILMA","1","WILMA_US_FL_2005",2014-03-01,0.9,"FP"
"LA_US_GUSTAV","4","GUSTAV_US_LA_2008",2014-03-01,0.47,"SUS"
"LA_US_IDA","4","IDA_US_LA_2009",2014-03-01,0.5,"SUS"
"LA_US_KATRINA","4","KATRINA_US_LA_2005",2014-03-01,0.56,"SUS"
"LA_US_LAURA","4","LAURA_US_LA_2020",2014-03-01,0.57,"SUS"
"LA_US_ZETA","4","ZETA_US_LA_2020",2014-03-01,0.45,"SUS"
"MX_ERNESTO","5","ERNESTO_MX_2012",2014-03-01,1.09,"SG"
"MX_GRACE","3","GRACE_MX_2021",2014-03-01,0.73,"C"
"MX_TAMPS_EMILY","6","EMILY_TAMPS_MX_2005",2014-03-01,0.92,"WG"
"NC_US_ISABEL","4","ISABEL_US_NC_2003",2014-03-01,0.56,"SUS"
"NIC_ETA","2","ETA_NIC_2020",2014-03-01,0.86,"CA"
"NIC_FELIX","2","FELIX_NIC_2007",2014-03-01,0.79,"CA"
"NIC_IOTA","2","IOTA_NIC_2020",2014-03-01,0.86,"CA"
"PR_USA_MARIA","3","MARIA_US_PR_2017",2014-03-01,0.83,"C"
"QROO_WILMA","3","WILMA_QROO_2005",2014-03-01,0.88,"C"
"TX_US_HARVEY","6","HARVEY_US_TX_2017",2014-03-01,0.74,"WG"
"TX_US_IKE","4","IKE_US_TX_2008",2014-03-01,0.61,"SUS"
"TX_US_RITA","4","RITA_US_TX_2005",2014-03-01,0.59,"SUS"
"US_FL_DELTA","4","DELTA_US_LA_2020",2014-03-01,0.57,"SUS"
"US_FL_DENNIS","4","DENNIS_US_FL_2005",2014-03-01,0.65,"SUS"
"VER_MX_KARL","5","KARL_MX_VER_2010",2014-03-01,1.09,"SG"
"YUC_DELTA","5","DELTA_YUCATAN_MX_2020",2014-03-01,0.93,"SG"
"YUC_MX_EMILY","5","EMILY_MX_YUC_2005",2014-03-01,1.11,"SG"
"YUC_MX_ISIDORE","5","ISIDORE_MX_YUC_2002",2014-03-01,1.42,"SG"
"AL_US_IVAN","4","IVAN_US_AL_2004",2014-04-01,0.8,"SUS"
"AL_US_SALLY","4","SALLY_US_AL_2020",2014-04-01,0.76,"SUS"
"ALEX","6","ALEX_2010",2014-04-01,1.2,"WG"
"BELICE_RICHARD","3","RICHARD_BELICE_2010",2014-04-01,1.05,"C"
"BELIZE_IRIS","2","IRIS_BELIZE_2001",2014-04-01,0.9,"CA"
"BETA","2","BETA_2005",2014-04-01,0.89,"CA"
"CR_OTTO","2","OTTO_CR_2016",2014-04-01,0.84,"CA"
"CUBA_DENNIS","3","DENNIS_CUBA_2005",2014-04-01,1.2,"C"
"CUBA_GUSTAV","3","GUSTAV_CUBA_2008",2014-04-01,1.05,"C"
"CUBA_IAN","3","IAN_CUBA_2022",2014-04-01,1.03,"C"
"CUBA_MICHELLE","3","MICHELLE_CUBA_2001",2014-04-01,1.2,"C"
"CUBA_PALOMA","3","PALOMA_CUBA_2008",2014-04-01,1.17,"C"
"CUBA_SANDY","3","SANDY_CUBA_2012",2014-04-01,1,"C"
"DEAN_QROO_MX","5","DEAN_QROO_MX_2007",2014-04-01,1.15,"SG"
"FL_US_CHARLEY","1","CHARLEY_2004",2014-04-01,1.05,"FP"
"FL_US_FRANCES","1","FRANCES_US_FL_2004",2014-04-01,1.05,"FP"
"FL_US_IAN","1","IAN_US_FL_2022",2014-04-01,1.07,"FP"
"FL_US_IRMA","1","IRMA_US_FL_2017",2014-04-01,1.07,"FP"
"FL_US_JEANNE","1","JEANNE_US_FL_2004",2014-04-01,1.06,"FP"
"FL_US_MICHAEL","4","MICHAEL_US_FL_2018",2014-04-01,0.83,"SUS"
"FL_US_WILMA","1","WILMA_US_FL_2005",2014-04-01,1.09,"FP"
"LA_US_GUSTAV","4","GUSTAV_US_LA_2008",2014-04-01,0.62,"SUS"
"LA_US_IDA","4","IDA_US_LA_2009",2014-04-01,0.64,"SUS"
"LA_US_KATRINA","4","KATRINA_US_LA_2005",2014-04-01,0.67,"SUS"
"LA_US_LAURA","4","LAURA_US_LA_2020",2014-04-01,0.76,"SUS"
"LA_US_ZETA","4","ZETA_US_LA_2020",2014-04-01,0.58,"SUS"
"MX_ERNESTO","5","ERNESTO_MX_2012",2014-04-01,1.14,"SG"
"MX_GRACE","3","GRACE_MX_2021",2014-04-01,0.91,"C"
"MX_TAMPS_EMILY","6","EMILY_TAMPS_MX_2005",2014-04-01,1.18,"WG"
"NC_US_ISABEL","4","ISABEL_US_NC_2003",2014-04-01,0.9,"SUS"
"NIC_ETA","2","ETA_NIC_2020",2014-04-01,0.92,"CA"
"NIC_FELIX","2","FELIX_NIC_2007",2014-04-01,0.87,"CA"
"NIC_IOTA","2","IOTA_NIC_2020",2014-04-01,0.93,"CA"
"PR_USA_MARIA","3","MARIA_US_PR_2017",2014-04-01,0.8,"C"
"QROO_WILMA","3","WILMA_QROO_2005",2014-04-01,1.05,"C"
"TX_US_HARVEY","6","HARVEY_US_TX_2017",2014-04-01,0.98,"WG"
"TX_US_IKE","4","IKE_US_TX_2008",2014-04-01,0.8,"SUS"
"TX_US_RITA","4","RITA_US_TX_2005",2014-04-01,0.79,"SUS"
"US_FL_DELTA","4","DELTA_US_LA_2020",2014-04-01,0.79,"SUS"
"US_FL_DENNIS","4","DENNIS_US_FL_2005",2014-04-01,0.8,"SUS"
"VER_MX_KARL","5","KARL_MX_VER_2010",2014-04-01,1.28,"SG"
"YUC_DELTA","5","DELTA_YUCATAN_MX_2020",2014-04-01,1.1,"SG"
"YUC_MX_EMILY","5","EMILY_MX_YUC_2005",2014-04-01,1.19,"SG"
"YUC_MX_ISIDORE","5","ISIDORE_MX_YUC_2002",2014-04-01,1.54,"SG"
"AL_US_IVAN","4","IVAN_US_AL_2004",2014-05-01,0.9,"SUS"
"AL_US_SALLY","4","SALLY_US_AL_2020",2014-05-01,0.89,"SUS"
"ALEX","6","ALEX_2010",2014-05-01,1.31,"WG"
"BELICE_RICHARD","3","RICHARD_BELICE_2010",2014-05-01,0.98,"C"
"BELIZE_IRIS","2","IRIS_BELIZE_2001",2014-05-01,0.82,"CA"
"BETA","2","BETA_2005",2014-05-01,0.76,"CA"
"CR_OTTO","2","OTTO_CR_2016",2014-05-01,0.76,"CA"
"CUBA_DENNIS","3","DENNIS_CUBA_2005",2014-05-01,1.05,"C"
"CUBA_GUSTAV","3","GUSTAV_CUBA_2008",2014-05-01,1.05,"C"
"CUBA_IAN","3","IAN_CUBA_2022",2014-05-01,1.02,"C"
"CUBA_MICHELLE","3","MICHELLE_CUBA_2001",2014-05-01,1.02,"C"
"CUBA_PALOMA","3","PALOMA_CUBA_2008",2014-05-01,0.97,"C"
"CUBA_SANDY","3","SANDY_CUBA_2012",2014-05-01,0.82,"C"
"DEAN_QROO_MX","5","DEAN_QROO_MX_2007",2014-05-01,1,"SG"
"FL_US_CHARLEY","1","CHARLEY_2004",2014-05-01,1.19,"FP"
"FL_US_FRANCES","1","FRANCES_US_FL_2004",2014-05-01,1.09,"FP"
"FL_US_IAN","1","IAN_US_FL_2022",2014-05-01,1.18,"FP"
"FL_US_IRMA","1","IRMA_US_FL_2017",2014-05-01,1.15,"FP"
"FL_US_JEANNE","1","JEANNE_US_FL_2004",2014-05-01,1.1,"FP"
"FL_US_MICHAEL","4","MICHAEL_US_FL_2018",2014-05-01,0.99,"SUS"
"FL_US_WILMA","1","WILMA_US_FL_2005",2014-05-01,1.14,"FP"
"LA_US_GUSTAV","4","GUSTAV_US_LA_2008",2014-05-01,0.77,"SUS"
"LA_US_IDA","4","IDA_US_LA_2009",2014-05-01,0.8,"SUS"
"LA_US_KATRINA","4","KATRINA_US_LA_2005",2014-05-01,0.81,"SUS"
"LA_US_LAURA","4","LAURA_US_LA_2020",2014-05-01,0.82,"SUS"
"LA_US_ZETA","4","ZETA_US_LA_2020",2014-05-01,0.76,"SUS"
"MX_ERNESTO","5","ERNESTO_MX_2012",2014-05-01,0.99,"SG"
"MX_GRACE","3","GRACE_MX_2021",2014-05-01,0.94,"C"
"MX_TAMPS_EMILY","6","EMILY_TAMPS_MX_2005",2014-05-01,1.24,"WG"
"NC_US_ISABEL","4","ISABEL_US_NC_2003",2014-05-01,1.21,"SUS"
"NIC_ETA","2","ETA_NIC_2020",2014-05-01,0.72,"CA"
"NIC_FELIX","2","FELIX_NIC_2007",2014-05-01,0.71,"CA"
"NIC_IOTA","2","IOTA_NIC_2020",2014-05-01,0.74,"CA"
"PR_USA_MARIA","3","MARIA_US_PR_2017",2014-05-01,0.83,"C"
"QROO_WILMA","3","WILMA_QROO_2005",2014-05-01,1.02,"C"
"TX_US_HARVEY","6","HARVEY_US_TX_2017",2014-05-01,1.05,"WG"
"TX_US_IKE","4","IKE_US_TX_2008",2014-05-01,0.89,"SUS"
"TX_US_RITA","4","RITA_US_TX_2005",2014-05-01,0.87,"SUS"
"US_FL_DELTA","4","DELTA_US_LA_2020",2014-05-01,0.85,"SUS"
"US_FL_DENNIS","4","DENNIS_US_FL_2005",2014-05-01,0.9,"SUS"
"VER_MX_KARL","5","KARL_MX_VER_2010",2014-05-01,1.23,"SG"
"YUC_DELTA","5","DELTA_YUCATAN_MX_2020",2014-05-01,1.06,"SG"
"YUC_MX_EMILY","5","EMILY_MX_YUC_2005",2014-05-01,1.09,"SG"
"YUC_MX_ISIDORE","5","ISIDORE_MX_YUC_2002",2014-05-01,1.43,"SG"
"AL_US_IVAN","4","IVAN_US_AL_2004",2014-06-01,1.02,"SUS"
"AL_US_SALLY","4","SALLY_US_AL_2020",2014-06-01,0.97,"SUS"
"ALEX","6","ALEX_2010",2014-06-01,1.31,"WG"
"BELICE_RICHARD","3","RICHARD_BELICE_2010",2014-06-01,0.96,"C"
"BELIZE_IRIS","2","IRIS_BELIZE_2001",2014-06-01,0.79,"CA"
"BETA","2","BETA_2005",2014-06-01,0.41,"CA"
"CR_OTTO","2","OTTO_CR_2016",2014-06-01,0.54,"CA"
"CUBA_DENNIS","3","DENNIS_CUBA_2005",2014-06-01,0.93,"C"
"CUBA_GUSTAV","3","GUSTAV_CUBA_2008",2014-06-01,0.84,"C"
"CUBA_IAN","3","IAN_CUBA_2022",2014-06-01,0.82,"C"
"CUBA_MICHELLE","3","MICHELLE_CUBA_2001",2014-06-01,0.91,"C"
"CUBA_PALOMA","3","PALOMA_CUBA_2008",2014-06-01,0.85,"C"
"CUBA_SANDY","3","SANDY_CUBA_2012",2014-06-01,0.78,"C"
"DEAN_QROO_MX","5","DEAN_QROO_MX_2007",2014-06-01,0.93,"SG"
"FL_US_CHARLEY","1","CHARLEY_2004",2014-06-01,1.15,"FP"
"FL_US_FRANCES","1","FRANCES_US_FL_2004",2014-06-01,1.07,"FP"
"FL_US_IAN","1","IAN_US_FL_2022",2014-06-01,1.14,"FP"
"FL_US_IRMA","1","IRMA_US_FL_2017",2014-06-01,1.11,"FP"
"FL_US_JEANNE","1","JEANNE_US_FL_2004",2014-06-01,1.07,"FP"
"FL_US_MICHAEL","4","MICHAEL_US_FL_2018",2014-06-01,1.08,"SUS"
"FL_US_WILMA","1","WILMA_US_FL_2005",2014-06-01,1.06,"FP"
"LA_US_GUSTAV","4","GUSTAV_US_LA_2008",2014-06-01,0.91,"SUS"
"LA_US_IDA","4","IDA_US_LA_2009",2014-06-01,0.94,"SUS"
"LA_US_KATRINA","4","KATRINA_US_LA_2005",2014-06-01,0.93,"SUS"
"LA_US_LAURA","4","LAURA_US_LA_2020",2014-06-01,0.95,"SUS"
"LA_US_ZETA","4","ZETA_US_LA_2020",2014-06-01,0.88,"SUS"
"MX_ERNESTO","5","ERNESTO_MX_2012",2014-06-01,0.92,"SG"
"MX_GRACE","3","GRACE_MX_2021",2014-06-01,0.92,"C"
"MX_TAMPS_EMILY","6","EMILY_TAMPS_MX_2005",2014-06-01,1.33,"WG"
"NC_US_ISABEL","4","ISABEL_US_NC_2003",2014-06-01,1.13,"SUS"
"NIC_ETA","2","ETA_NIC_2020",2014-06-01,0.51,"CA"
"NIC_FELIX","2","FELIX_NIC_2007",2014-06-01,0.55,"CA"
"NIC_IOTA","2","IOTA_NIC_2020",2014-06-01,0.51,"CA"
"PR_USA_MARIA","3","MARIA_US_PR_2017",2014-06-01,0.73,"C"
"QROO_WILMA","3","WILMA_QROO_2005",2014-06-01,0.96,"C"
"TX_US_HARVEY","6","HARVEY_US_TX_2017",2014-06-01,1.18,"WG"
"TX_US_IKE","4","IKE_US_TX_2008",2014-06-01,1.02,"SUS"
"TX_US_RITA","4","RITA_US_TX_2005",2014-06-01,0.98,"SUS"
"US_FL_DELTA","4","DELTA_US_LA_2020",2014-06-01,0.99,"SUS"
"US_FL_DENNIS","4","DENNIS_US_FL_2005",2014-06-01,1.01,"SUS"
"VER_MX_KARL","5","KARL_MX_VER_2010",2014-06-01,0.97,"SG"
"YUC_DELTA","5","DELTA_YUCATAN_MX_2020",2014-06-01,0.98,"SG"
"YUC_MX_EMILY","5","EMILY_MX_YUC_2005",2014-06-01,1.06,"SG"
"YUC_MX_ISIDORE","5","ISIDORE_MX_YUC_2002",2014-06-01,1.24,"SG"
"AL_US_IVAN","4","IVAN_US_AL_2004",2014-07-01,1.04,"SUS"
"AL_US_SALLY","4","SALLY_US_AL_2020",2014-07-01,1,"SUS"
"ALEX","6","ALEX_2010",2014-07-01,1.43,"WG"
"BELICE_RICHARD","3","RICHARD_BELICE_2010",2014-07-01,0.85,"C"
"BELIZE_IRIS","2","IRIS_BELIZE_2001",2014-07-01,0.7,"CA"
"BETA","2","BETA_2005",2014-07-01,0.36,"CA"
"CR_OTTO","2","OTTO_CR_2016",2014-07-01,0.45,"CA"
"CUBA_DENNIS","3","DENNIS_CUBA_2005",2014-07-01,1.07,"C"
"CUBA_GUSTAV","3","GUSTAV_CUBA_2008",2014-07-01,0.92,"C"
"CUBA_IAN","3","IAN_CUBA_2022",2014-07-01,0.91,"C"
"CUBA_MICHELLE","3","MICHELLE_CUBA_2001",2014-07-01,1.05,"C"
"CUBA_PALOMA","3","PALOMA_CUBA_2008",2014-07-01,1.01,"C"
"CUBA_SANDY","3","SANDY_CUBA_2012",2014-07-01,0.88,"C"
"DEAN_QROO_MX","5","DEAN_QROO_MX_2007",2014-07-01,0.95,"SG"
"FL_US_CHARLEY","1","CHARLEY_2004",2014-07-01,1.13,"FP"
"FL_US_FRANCES","1","FRANCES_US_FL_2004",2014-07-01,1.1,"FP"
"FL_US_IAN","1","IAN_US_FL_2022",2014-07-01,1.13,"FP"
"FL_US_IRMA","1","IRMA_US_FL_2017",2014-07-01,1.15,"FP"
"FL_US_JEANNE","1","JEANNE_US_FL_2004",2014-07-01,1.11,"FP"
"FL_US_MICHAEL","4","MICHAEL_US_FL_2018",2014-07-01,1.06,"SUS"
"FL_US_WILMA","1","WILMA_US_FL_2005",2014-07-01,1.13,"FP"
"LA_US_GUSTAV","4","GUSTAV_US_LA_2008",2014-07-01,1.04,"SUS"
"LA_US_IDA","4","IDA_US_LA_2009",2014-07-01,1.08,"SUS"
"LA_US_KATRINA","4","KATRINA_US_LA_2005",2014-07-01,1,"SUS"
"LA_US_LAURA","4","LAURA_US_LA_2020",2014-07-01,1.16,"SUS"
"LA_US_ZETA","4","ZETA_US_LA_2020",2014-07-01,1.05,"SUS"
"MX_ERNESTO","5","ERNESTO_MX_2012",2014-07-01,0.94,"SG"
"MX_GRACE","3","GRACE_MX_2021",2014-07-01,0.86,"C"
"MX_TAMPS_EMILY","6","EMILY_TAMPS_MX_2005",2014-07-01,1.53,"WG"
"NC_US_ISABEL","4","ISABEL_US_NC_2003",2014-07-01,1.25,"SUS"
"NIC_ETA","2","ETA_NIC_2020",2014-07-01,0.49,"CA"
"NIC_FELIX","2","FELIX_NIC_2007",2014-07-01,0.48,"CA"
"NIC_IOTA","2","IOTA_NIC_2020",2014-07-01,0.5,"CA"
"PR_USA_MARIA","3","MARIA_US_PR_2017",2014-07-01,0.8,"C"
"QROO_WILMA","3","WILMA_QROO_2005",2014-07-01,0.96,"C"
"TX_US_HARVEY","6","HARVEY_US_TX_2017",2014-07-01,1.39,"WG"
"TX_US_IKE","4","IKE_US_TX_2008",2014-07-01,1.21,"SUS"
"TX_US_RITA","4","RITA_US_TX_2005",2014-07-01,1.18,"SUS"
"US_FL_DELTA","4","DELTA_US_LA_2020",2014-07-01,1.17,"SUS"
"US_FL_DENNIS","4","DENNIS_US_FL_2005",2014-07-01,1.04,"SUS"
"VER_MX_KARL","5","KARL_MX_VER_2010",2014-07-01,0.84,"SG"
"YUC_DELTA","5","DELTA_YUCATAN_MX_2020",2014-07-01,0.96,"SG"
"YUC_MX_EMILY","5","EMILY_MX_YUC_2005",2014-07-01,1.03,"SG"
"YUC_MX_ISIDORE","5","ISIDORE_MX_YUC_2002",2014-07-01,1.08,"SG"
"AL_US_IVAN","4","IVAN_US_AL_2004",2014-08-01,1.12,"SUS"
"AL_US_SALLY","4","SALLY_US_AL_2020",2014-08-01,1.11,"SUS"
"ALEX","6","ALEX_2010",2014-08-01,1.51,"WG"
"BELICE_RICHARD","3","RICHARD_BELICE_2010",2014-08-01,0.82,"C"
"BELIZE_IRIS","2","IRIS_BELIZE_2001",2014-08-01,0.67,"CA"
"BETA","2","BETA_2005",2014-08-01,0.34,"CA"
"CR_OTTO","2","OTTO_CR_2016",2014-08-01,0.46,"CA"
"CUBA_DENNIS","3","DENNIS_CUBA_2005",2014-08-01,1.09,"C"
"CUBA_GUSTAV","3","GUSTAV_CUBA_2008",2014-08-01,0.99,"C"
"CUBA_IAN","3","IAN_CUBA_2022",2014-08-01,0.96,"C"
"CUBA_MICHELLE","3","MICHELLE_CUBA_2001",2014-08-01,1.06,"C"
"CUBA_PALOMA","3","PALOMA_CUBA_2008",2014-08-01,1.02,"C"
"CUBA_SANDY","3","SANDY_CUBA_2012",2014-08-01,0.94,"C"
"DEAN_QROO_MX","5","DEAN_QROO_MX_2007",2014-08-01,0.94,"SG"
"FL_US_CHARLEY","1","CHARLEY_2004",2014-08-01,1.17,"FP"
"FL_US_FRANCES","1","FRANCES_US_FL_2004",2014-08-01,1.15,"FP"
"FL_US_IAN","1","IAN_US_FL_2022",2014-08-01,1.17,"FP"
"FL_US_IRMA","1","IRMA_US_FL_2017",2014-08-01,1.17,"FP"
"FL_US_JEANNE","1","JEANNE_US_FL_2004",2014-08-01,1.16,"FP"
"FL_US_MICHAEL","4","MICHAEL_US_FL_2018",2014-08-01,1.18,"SUS"
"FL_US_WILMA","1","WILMA_US_FL_2005",2014-08-01,1.15,"FP"
"LA_US_GUSTAV","4","GUSTAV_US_LA_2008",2014-08-01,1.1,"SUS"
"LA_US_IDA","4","IDA_US_LA_2009",2014-08-01,1.2,"SUS"
"LA_US_KATRINA","4","KATRINA_US_LA_2005",2014-08-01,1.15,"SUS"
"LA_US_LAURA","4","LAURA_US_LA_2020",2014-08-01,1.25,"SUS"
"LA_US_ZETA","4","ZETA_US_LA_2020",2014-08-01,1.15,"SUS"
"MX_ERNESTO","5","ERNESTO_MX_2012",2014-08-01,0.93,"SG"
"MX_GRACE","3","GRACE_MX_2021",2014-08-01,0.85,"C"
"MX_TAMPS_EMILY","6","EMILY_TAMPS_MX_2005",2014-08-01,1.62,"WG"
"NC_US_ISABEL","4","ISABEL_US_NC_2003",2014-08-01,0.9,"SUS"
"NIC_ETA","2","ETA_NIC_2020",2014-08-01,0.5,"CA"
"NIC_FELIX","2","FELIX_NIC_2007",2014-08-01,0.52,"CA"
"NIC_IOTA","2","IOTA_NIC_2020",2014-08-01,0.5,"CA"
"PR_USA_MARIA","3","MARIA_US_PR_2017",2014-08-01,0.84,"C"
"QROO_WILMA","3","WILMA_QROO_2005",2014-08-01,0.96,"C"
"TX_US_HARVEY","6","HARVEY_US_TX_2017",2014-08-01,1.61,"WG"
"TX_US_IKE","4","IKE_US_TX_2008",2014-08-01,1.4,"SUS"
"TX_US_RITA","4","RITA_US_TX_2005",2014-08-01,1.29,"SUS"
"US_FL_DELTA","4","DELTA_US_LA_2020",2014-08-01,1.24,"SUS"
"US_FL_DENNIS","4","DENNIS_US_FL_2005",2014-08-01,1.13,"SUS"
"VER_MX_KARL","5","KARL_MX_VER_2010",2014-08-01,0.91,"SG"
"YUC_DELTA","5","DELTA_YUCATAN_MX_2020",2014-08-01,0.97,"SG"
"YUC_MX_EMILY","5","EMILY_MX_YUC_2005",2014-08-01,1.04,"SG"
"YUC_MX_ISIDORE","5","ISIDORE_MX_YUC_2002",2014-08-01,1.05,"SG"
"AL_US_IVAN","4","IVAN_US_AL_2004",2014-09-01,1.13,"SUS"
"AL_US_SALLY","4","SALLY_US_AL_2020",2014-09-01,0.99,"SUS"
"ALEX","6","ALEX_2010",2014-09-01,0.95,"WG"
"BELICE_RICHARD","3","RICHARD_BELICE_2010",2014-09-01,0.67,"C"
"BELIZE_IRIS","2","IRIS_BELIZE_2001",2014-09-01,0.55,"CA"
"BETA","2","BETA_2005",2014-09-01,0.35,"CA"
"CR_OTTO","2","OTTO_CR_2016",2014-09-01,0.5,"CA"
"CUBA_DENNIS","3","DENNIS_CUBA_2005",2014-09-01,0.87,"C"
"CUBA_GUSTAV","3","GUSTAV_CUBA_2008",2014-09-01,0.74,"C"
"CUBA_IAN","3","IAN_CUBA_2022",2014-09-01,0.71,"C"
"CUBA_MICHELLE","3","MICHELLE_CUBA_2001",2014-09-01,0.84,"C"
"CUBA_PALOMA","3","PALOMA_CUBA_2008",2014-09-01,0.8,"C"
"CUBA_SANDY","3","SANDY_CUBA_2012",2014-09-01,0.75,"C"
"DEAN_QROO_MX","5","DEAN_QROO_MX_2007",2014-09-01,0.78,"SG"
"FL_US_CHARLEY","1","CHARLEY_2004",2014-09-01,0.99,"FP"
"FL_US_FRANCES","1","FRANCES_US_FL_2004",2014-09-01,0.96,"FP"
"FL_US_IAN","1","IAN_US_FL_2022",2014-09-01,0.99,"FP"
"FL_US_IRMA","1","IRMA_US_FL_2017",2014-09-01,1,"FP"
"FL_US_JEANNE","1","JEANNE_US_FL_2004",2014-09-01,0.96,"FP"
"FL_US_MICHAEL","4","MICHAEL_US_FL_2018",2014-09-01,1.06,"SUS"
"FL_US_WILMA","1","WILMA_US_FL_2005",2014-09-01,1.01,"FP"
"LA_US_GUSTAV","4","GUSTAV_US_LA_2008",2014-09-01,0.92,"SUS"
"LA_US_IDA","4","IDA_US_LA_2009",2014-09-01,0.99,"SUS"
"LA_US_KATRINA","4","KATRINA_US_LA_2005",2014-09-01,1.02,"SUS"
"LA_US_LAURA","4","LAURA_US_LA_2020",2014-09-01,1.05,"SUS"
"LA_US_ZETA","4","ZETA_US_LA_2020",2014-09-01,0.96,"SUS"
"MX_ERNESTO","5","ERNESTO_MX_2012",2014-09-01,0.77,"SG"
"MX_GRACE","3","GRACE_MX_2021",2014-09-01,0.65,"C"
"MX_TAMPS_EMILY","6","EMILY_TAMPS_MX_2005",2014-09-01,0.98,"WG"
"NC_US_ISABEL","4","ISABEL_US_NC_2003",2014-09-01,0.9,"SUS"
"NIC_ETA","2","ETA_NIC_2020",2014-09-01,0.55,"CA"
"NIC_FELIX","2","FELIX_NIC_2007",2014-09-01,0.57,"CA"
"NIC_IOTA","2","IOTA_NIC_2020",2014-09-01,0.54,"CA"
"PR_USA_MARIA","3","MARIA_US_PR_2017",2014-09-01,0.82,"C"
"QROO_WILMA","3","WILMA_QROO_2005",2014-09-01,0.73,"C"
"TX_US_HARVEY","6","HARVEY_US_TX_2017",2014-09-01,1.2,"WG"
"TX_US_IKE","4","IKE_US_TX_2008",2014-09-01,1.09,"SUS"
"TX_US_RITA","4","RITA_US_TX_2005",2014-09-01,1.04,"SUS"
"US_FL_DELTA","4","DELTA_US_LA_2020",2014-09-01,1.06,"SUS"
"US_FL_DENNIS","4","DENNIS_US_FL_2005",2014-09-01,1.15,"SUS"
"VER_MX_KARL","5","KARL_MX_VER_2010",2014-09-01,0.76,"SG"
"YUC_DELTA","5","DELTA_YUCATAN_MX_2020",2014-09-01,0.75,"SG"
"YUC_MX_EMILY","5","EMILY_MX_YUC_2005",2014-09-01,0.81,"SG"
"YUC_MX_ISIDORE","5","ISIDORE_MX_YUC_2002",2014-09-01,0.91,"SG"
"AL_US_IVAN","4","IVAN_US_AL_2004",2014-10-01,1.05,"SUS"
"AL_US_SALLY","4","SALLY_US_AL_2020",2014-10-01,1.01,"SUS"
"ALEX","6","ALEX_2010",2014-10-01,0.89,"WG"
"BELICE_RICHARD","3","RICHARD_BELICE_2010",2014-10-01,0.74,"C"
"BELIZE_IRIS","2","IRIS_BELIZE_2001",2014-10-01,0.59,"CA"
"BETA","2","BETA_2005",2014-10-01,0.59,"CA"
"CR_OTTO","2","OTTO_CR_2016",2014-10-01,0.59,"CA"
"CUBA_DENNIS","3","DENNIS_CUBA_2005",2014-10-01,0.87,"C"
"CUBA_GUSTAV","3","GUSTAV_CUBA_2008",2014-10-01,0.8,"C"
"CUBA_IAN","3","IAN_CUBA_2022",2014-10-01,0.79,"C"
"CUBA_MICHELLE","3","MICHELLE_CUBA_2001",2014-10-01,0.84,"C"
"CUBA_PALOMA","3","PALOMA_CUBA_2008",2014-10-01,0.73,"C"
"CUBA_SANDY","3","SANDY_CUBA_2012",2014-10-01,0.62,"C"
"DEAN_QROO_MX","5","DEAN_QROO_MX_2007",2014-10-01,0.75,"SG"
"FL_US_CHARLEY","1","CHARLEY_2004",2014-10-01,1.04,"FP"
"FL_US_FRANCES","1","FRANCES_US_FL_2004",2014-10-01,1.04,"FP"
"FL_US_IAN","1","IAN_US_FL_2022",2014-10-01,1.05,"FP"
"FL_US_IRMA","1","IRMA_US_FL_2017",2014-10-01,1.09,"FP"
"FL_US_JEANNE","1","JEANNE_US_FL_2004",2014-10-01,1.05,"FP"
"FL_US_MICHAEL","4","MICHAEL_US_FL_2018",2014-10-01,1.03,"SUS"
"FL_US_WILMA","1","WILMA_US_FL_2005",2014-10-01,1.07,"FP"
"LA_US_GUSTAV","4","GUSTAV_US_LA_2008",2014-10-01,0.88,"SUS"
"LA_US_IDA","4","IDA_US_LA_2009",2014-10-01,0.92,"SUS"
"LA_US_KATRINA","4","KATRINA_US_LA_2005",2014-10-01,0.94,"SUS"
"LA_US_LAURA","4","LAURA_US_LA_2020",2014-10-01,0.98,"SUS"
"LA_US_ZETA","4","ZETA_US_LA_2020",2014-10-01,0.9,"SUS"
"MX_ERNESTO","5","ERNESTO_MX_2012",2014-10-01,0.75,"SG"
"MX_GRACE","3","GRACE_MX_2021",2014-10-01,0.66,"C"
"MX_TAMPS_EMILY","6","EMILY_TAMPS_MX_2005",2014-10-01,0.96,"WG"
"NC_US_ISABEL","4","ISABEL_US_NC_2003",2014-10-01,0.84,"SUS"
"NIC_ETA","2","ETA_NIC_2020",2014-10-01,0.68,"CA"
"NIC_FELIX","2","FELIX_NIC_2007",2014-10-01,0.7,"CA"
"NIC_IOTA","2","IOTA_NIC_2020",2014-10-01,0.7,"CA"
"PR_USA_MARIA","3","MARIA_US_PR_2017",2014-10-01,0.77,"C"
"QROO_WILMA","3","WILMA_QROO_2005",2014-10-01,0.72,"C"
"TX_US_HARVEY","6","HARVEY_US_TX_2017",2014-10-01,1.16,"WG"
"TX_US_IKE","4","IKE_US_TX_2008",2014-10-01,1.01,"SUS"
"TX_US_RITA","4","RITA_US_TX_2005",2014-10-01,0.96,"SUS"
"US_FL_DELTA","4","DELTA_US_LA_2020",2014-10-01,1,"SUS"
"US_FL_DENNIS","4","DENNIS_US_FL_2005",2014-10-01,1.04,"SUS"
"VER_MX_KARL","5","KARL_MX_VER_2010",2014-10-01,0.81,"SG"
"YUC_DELTA","5","DELTA_YUCATAN_MX_2020",2014-10-01,0.73,"SG"
"YUC_MX_EMILY","5","EMILY_MX_YUC_2005",2014-10-01,0.8,"SG"
"YUC_MX_ISIDORE","5","ISIDORE_MX_YUC_2002",2014-10-01,0.85,"SG"
"AL_US_IVAN","4","IVAN_US_AL_2004",2014-11-01,0.56,"SUS"
"AL_US_SALLY","4","SALLY_US_AL_2020",2014-11-01,0.57,"SUS"
"ALEX","6","ALEX_2010",2014-11-01,0.66,"WG"
"BELICE_RICHARD","3","RICHARD_BELICE_2010",2014-11-01,0.56,"C"
"BELIZE_IRIS","2","IRIS_BELIZE_2001",2014-11-01,0.47,"CA"
"BETA","2","BETA_2005",2014-11-01,0.54,"CA"
"CR_OTTO","2","OTTO_CR_2016",2014-11-01,0.55,"CA"
"CUBA_DENNIS","3","DENNIS_CUBA_2005",2014-11-01,0.78,"C"
"CUBA_GUSTAV","3","GUSTAV_CUBA_2008",2014-11-01,0.73,"C"
"CUBA_IAN","3","IAN_CUBA_2022",2014-11-01,0.71,"C"
"CUBA_MICHELLE","3","MICHELLE_CUBA_2001",2014-11-01,0.74,"C"
"CUBA_PALOMA","3","PALOMA_CUBA_2008",2014-11-01,0.7,"C"
"CUBA_SANDY","3","SANDY_CUBA_2012",2014-11-01,0.61,"C"
"DEAN_QROO_MX","5","DEAN_QROO_MX_2007",2014-11-01,0.7,"SG"
"FL_US_CHARLEY","1","CHARLEY_2004",2014-11-01,0.77,"FP"
"FL_US_FRANCES","1","FRANCES_US_FL_2004",2014-11-01,0.78,"FP"
"FL_US_IAN","1","IAN_US_FL_2022",2014-11-01,0.78,"FP"
"FL_US_IRMA","1","IRMA_US_FL_2017",2014-11-01,0.83,"FP"
"FL_US_JEANNE","1","JEANNE_US_FL_2004",2014-11-01,0.79,"FP"
"FL_US_MICHAEL","4","MICHAEL_US_FL_2018",2014-11-01,0.63,"SUS"
"FL_US_WILMA","1","WILMA_US_FL_2005",2014-11-01,0.82,"FP"
"LA_US_GUSTAV","4","GUSTAV_US_LA_2008",2014-11-01,0.53,"SUS"
"LA_US_IDA","4","IDA_US_LA_2009",2014-11-01,0.56,"SUS"
"LA_US_KATRINA","4","KATRINA_US_LA_2005",2014-11-01,0.55,"SUS"
"LA_US_LAURA","4","LAURA_US_LA_2020",2014-11-01,0.55,"SUS"
"LA_US_ZETA","4","ZETA_US_LA_2020",2014-11-01,0.54,"SUS"
"MX_ERNESTO","5","ERNESTO_MX_2012",2014-11-01,0.69,"SG"
"MX_GRACE","3","GRACE_MX_2021",2014-11-01,0.54,"C"
"MX_TAMPS_EMILY","6","EMILY_TAMPS_MX_2005",2014-11-01,0.61,"WG"
"NC_US_ISABEL","4","ISABEL_US_NC_2003",2014-11-01,0.53,"SUS"
"NIC_ETA","2","ETA_NIC_2020",2014-11-01,0.53,"CA"
"NIC_FELIX","2","FELIX_NIC_2007",2014-11-01,0.54,"CA"
"NIC_IOTA","2","IOTA_NIC_2020",2014-11-01,0.54,"CA"
"PR_USA_MARIA","3","MARIA_US_PR_2017",2014-11-01,0.75,"C"
"QROO_WILMA","3","WILMA_QROO_2005",2014-11-01,0.69,"C"
"TX_US_HARVEY","6","HARVEY_US_TX_2017",2014-11-01,0.61,"WG"
"TX_US_IKE","4","IKE_US_TX_2008",2014-11-01,0.53,"SUS"
"TX_US_RITA","4","RITA_US_TX_2005",2014-11-01,0.52,"SUS"
"US_FL_DELTA","4","DELTA_US_LA_2020",2014-11-01,0.56,"SUS"
"US_FL_DENNIS","4","DENNIS_US_FL_2005",2014-11-01,0.55,"SUS"
"VER_MX_KARL","5","KARL_MX_VER_2010",2014-11-01,0.74,"SG"
"YUC_DELTA","5","DELTA_YUCATAN_MX_2020",2014-11-01,0.71,"SG"
"YUC_MX_EMILY","5","EMILY_MX_YUC_2005",2014-11-01,0.8,"SG"
"YUC_MX_ISIDORE","5","ISIDORE_MX_YUC_2002",2014-11-01,0.84,"SG"
"AL_US_IVAN","4","IVAN_US_AL_2004",2014-12-01,0.57,"SUS"
"AL_US_SALLY","4","SALLY_US_AL_2020",2014-12-01,0.56,"SUS"
"ALEX","6","ALEX_2010",2014-12-01,0.31,"WG"
"BELICE_RICHARD","3","RICHARD_BELICE_2010",2014-12-01,0.59,"C"
"BELIZE_IRIS","2","IRIS_BELIZE_2001",2014-12-01,0.5,"CA"
"BETA","2","BETA_2005",2014-12-01,0.54,"CA"
"CR_OTTO","2","OTTO_CR_2016",2014-12-01,0.63,"CA"
"CUBA_DENNIS","3","DENNIS_CUBA_2005",2014-12-01,0.91,"C"
"CUBA_GUSTAV","3","GUSTAV_CUBA_2008",2014-12-01,0.79,"C"
"CUBA_IAN","3","IAN_CUBA_2022",2014-12-01,0.77,"C"
"CUBA_MICHELLE","3","MICHELLE_CUBA_2001",2014-12-01,0.88,"C"
"CUBA_PALOMA","3","PALOMA_CUBA_2008",2014-12-01,0.76,"C"
"CUBA_SANDY","3","SANDY_CUBA_2012",2014-12-01,0.66,"C"
"DEAN_QROO_MX","5","DEAN_QROO_MX_2007",2014-12-01,0.69,"SG"
"FL_US_CHARLEY","1","CHARLEY_2004",2014-12-01,0.72,"FP"
"FL_US_FRANCES","1","FRANCES_US_FL_2004",2014-12-01,0.7,"FP"
"FL_US_IAN","1","IAN_US_FL_2022",2014-12-01,0.73,"FP"
"FL_US_IRMA","1","IRMA_US_FL_2017",2014-12-01,0.79,"FP"
"FL_US_JEANNE","1","JEANNE_US_FL_2004",2014-12-01,0.71,"FP"
"FL_US_MICHAEL","4","MICHAEL_US_FL_2018",2014-12-01,0.6,"SUS"
"FL_US_WILMA","1","WILMA_US_FL_2005",2014-12-01,0.78,"FP"
"LA_US_GUSTAV","4","GUSTAV_US_LA_2008",2014-12-01,0.42,"SUS"
"LA_US_IDA","4","IDA_US_LA_2009",2014-12-01,0.5,"SUS"
"LA_US_KATRINA","4","KATRINA_US_LA_2005",2014-12-01,0.49,"SUS"
"LA_US_LAURA","4","LAURA_US_LA_2020",2014-12-01,0.42,"SUS"
"LA_US_ZETA","4","ZETA_US_LA_2020",2014-12-01,0.47,"SUS"
"MX_ERNESTO","5","ERNESTO_MX_2012",2014-12-01,0.68,"SG"
"MX_GRACE","3","GRACE_MX_2021",2014-12-01,0.39,"C"
"MX_TAMPS_EMILY","6","EMILY_TAMPS_MX_2005",2014-12-01,0.31,"WG"
"NC_US_ISABEL","4","ISABEL_US_NC_2003",2014-12-01,0.42,"SUS"
"NIC_ETA","2","ETA_NIC_2020",2014-12-01,0.5,"CA"
"NIC_FELIX","2","FELIX_NIC_2007",2014-12-01,0.48,"CA"
"NIC_IOTA","2","IOTA_NIC_2020",2014-12-01,0.52,"CA"
"PR_USA_MARIA","3","MARIA_US_PR_2017",2014-12-01,0.7,"C"
"QROO_WILMA","3","WILMA_QROO_2005",2014-12-01,0.71,"C"
"TX_US_HARVEY","6","HARVEY_US_TX_2017",2014-12-01,0.55,"WG"
"TX_US_IKE","4","IKE_US_TX_2008",2014-12-01,0.46,"SUS"
"TX_US_RITA","4","RITA_US_TX_2005",2014-12-01,0.42,"SUS"
"US_FL_DELTA","4","DELTA_US_LA_2020",2014-12-01,0.44,"SUS"
"US_FL_DENNIS","4","DENNIS_US_FL_2005",2014-12-01,0.57,"SUS"
"VER_MX_KARL","5","KARL_MX_VER_2010",2014-12-01,0.67,"SG"
"YUC_DELTA","5","DELTA_YUCATAN_MX_2020",2014-12-01,0.73,"SG"
"YUC_MX_EMILY","5","EMILY_MX_YUC_2005",2014-12-01,0.83,"SG"
"YUC_MX_ISIDORE","5","ISIDORE_MX_YUC_2002",2014-12-01,0.83,"SG"
"AL_US_IVAN","4","IVAN_US_AL_2004",2015-01-01,0.44,"SUS"
"AL_US_SALLY","4","SALLY_US_AL_2020",2015-01-01,0.45,"SUS"
"ALEX","6","ALEX_2010",2015-01-01,0.51,"WG"
"BELICE_RICHARD","3","RICHARD_BELICE_2010",2015-01-01,0.63,"C"
"BELIZE_IRIS","2","IRIS_BELIZE_2001",2015-01-01,0.57,"CA"
"BETA","2","BETA_2005",2015-01-01,0.54,"CA"
"CR_OTTO","2","OTTO_CR_2016",2015-01-01,0.66,"CA"
"CUBA_DENNIS","3","DENNIS_CUBA_2005",2015-01-01,0.84,"C"
"CUBA_GUSTAV","3","GUSTAV_CUBA_2008",2015-01-01,0.75,"C"
"CUBA_IAN","3","IAN_CUBA_2022",2015-01-01,0.72,"C"
"CUBA_MICHELLE","3","MICHELLE_CUBA_2001",2015-01-01,0.81,"C"
"CUBA_PALOMA","3","PALOMA_CUBA_2008",2015-01-01,0.79,"C"
"CUBA_SANDY","3","SANDY_CUBA_2012",2015-01-01,0.68,"C"
"DEAN_QROO_MX","5","DEAN_QROO_MX_2007",2015-01-01,0.77,"SG"
"FL_US_CHARLEY","1","CHARLEY_2004",2015-01-01,0.69,"FP"
"FL_US_FRANCES","1","FRANCES_US_FL_2004",2015-01-01,0.69,"FP"
"FL_US_IAN","1","IAN_US_FL_2022",2015-01-01,0.7,"FP"
"FL_US_IRMA","1","IRMA_US_FL_2017",2015-01-01,0.73,"FP"
"FL_US_JEANNE","1","JEANNE_US_FL_2004",2015-01-01,0.7,"FP"
"FL_US_MICHAEL","4","MICHAEL_US_FL_2018",2015-01-01,0.5,"SUS"
"FL_US_WILMA","1","WILMA_US_FL_2005",2015-01-01,0.72,"FP"
"LA_US_GUSTAV","4","GUSTAV_US_LA_2008",2015-01-01,0.28,"SUS"
"LA_US_IDA","4","IDA_US_LA_2009",2015-01-01,0.34,"SUS"
"LA_US_KATRINA","4","KATRINA_US_LA_2005",2015-01-01,0.38,"SUS"
"LA_US_LAURA","4","LAURA_US_LA_2020",2015-01-01,0.36,"SUS"
"LA_US_ZETA","4","ZETA_US_LA_2020",2015-01-01,0.32,"SUS"
"MX_ERNESTO","5","ERNESTO_MX_2012",2015-01-01,0.76,"SG"
"MX_GRACE","3","GRACE_MX_2021",2015-01-01,0.45,"C"
"MX_TAMPS_EMILY","6","EMILY_TAMPS_MX_2005",2015-01-01,0.42,"WG"
"NC_US_ISABEL","4","ISABEL_US_NC_2003",2015-01-01,0.43,"SUS"
"NIC_ETA","2","ETA_NIC_2020",2015-01-01,0.55,"CA"
"NIC_FELIX","2","FELIX_NIC_2007",2015-01-01,0.51,"CA"
"NIC_IOTA","2","IOTA_NIC_2020",2015-01-01,0.56,"CA"
"PR_USA_MARIA","3","MARIA_US_PR_2017",2015-01-01,0.75,"C"
"QROO_WILMA","3","WILMA_QROO_2005",2015-01-01,0.71,"C"
"TX_US_HARVEY","6","HARVEY_US_TX_2017",2015-01-01,0.47,"WG"
"TX_US_IKE","4","IKE_US_TX_2008",2015-01-01,0.4,"SUS"
"TX_US_RITA","4","RITA_US_TX_2005",2015-01-01,0.39,"SUS"
"US_FL_DELTA","4","DELTA_US_LA_2020",2015-01-01,0.34,"SUS"
"US_FL_DENNIS","4","DENNIS_US_FL_2005",2015-01-01,0.45,"SUS"
"VER_MX_KARL","5","KARL_MX_VER_2010",2015-01-01,0.71,"SG"
"YUC_DELTA","5","DELTA_YUCATAN_MX_2020",2015-01-01,0.74,"SG"
"YUC_MX_EMILY","5","EMILY_MX_YUC_2005",2015-01-01,0.87,"SG"
"YUC_MX_ISIDORE","5","ISIDORE_MX_YUC_2002",2015-01-01,0.91,"SG"
"AL_US_IVAN","4","IVAN_US_AL_2004",2015-02-01,0.44,"SUS"
"AL_US_SALLY","4","SALLY_US_AL_2020",2015-02-01,0.43,"SUS"
"ALEX","6","ALEX_2010",2015-02-01,0.65,"WG"
"BELICE_RICHARD","3","RICHARD_BELICE_2010",2015-02-01,0.74,"C"
"BELIZE_IRIS","2","IRIS_BELIZE_2001",2015-02-01,0.67,"CA"
"BETA","2","BETA_2005",2015-02-01,0.65,"CA"
"CR_OTTO","2","OTTO_CR_2016",2015-02-01,0.74,"CA"
"CUBA_DENNIS","3","DENNIS_CUBA_2005",2015-02-01,0.89,"C"
"CUBA_GUSTAV","3","GUSTAV_CUBA_2008",2015-02-01,0.73,"C"
"CUBA_IAN","3","IAN_CUBA_2022",2015-02-01,0.72,"C"
"CUBA_MICHELLE","3","MICHELLE_CUBA_2001",2015-02-01,0.88,"C"
"CUBA_PALOMA","3","PALOMA_CUBA_2008",2015-02-01,0.83,"C"
"CUBA_SANDY","3","SANDY_CUBA_2012",2015-02-01,0.73,"C"
"DEAN_QROO_MX","5","DEAN_QROO_MX_2007",2015-02-01,0.9,"SG"
"FL_US_CHARLEY","1","CHARLEY_2004",2015-02-01,0.66,"FP"
"FL_US_FRANCES","1","FRANCES_US_FL_2004",2015-02-01,0.69,"FP"
"FL_US_IAN","1","IAN_US_FL_2022",2015-02-01,0.67,"FP"
"FL_US_IRMA","1","IRMA_US_FL_2017",2015-02-01,0.66,"FP"
"FL_US_JEANNE","1","JEANNE_US_FL_2004",2015-02-01,0.69,"FP"
"FL_US_MICHAEL","4","MICHAEL_US_FL_2018",2015-02-01,0.48,"SUS"
"FL_US_WILMA","1","WILMA_US_FL_2005",2015-02-01,0.67,"FP"
"LA_US_GUSTAV","4","GUSTAV_US_LA_2008",2015-02-01,0.34,"SUS"
"LA_US_IDA","4","IDA_US_LA_2009",2015-02-01,0.4,"SUS"
"LA_US_KATRINA","4","KATRINA_US_LA_2005",2015-02-01,0.41,"SUS"
"LA_US_LAURA","4","LAURA_US_LA_2020",2015-02-01,0.46,"SUS"
"LA_US_ZETA","4","ZETA_US_LA_2020",2015-02-01,0.35,"SUS"
"MX_ERNESTO","5","ERNESTO_MX_2012",2015-02-01,0.88,"SG"
"MX_GRACE","3","GRACE_MX_2021",2015-02-01,0.52,"C"
"MX_TAMPS_EMILY","6","EMILY_TAMPS_MX_2005",2015-02-01,0.59,"WG"
"NC_US_ISABEL","4","ISABEL_US_NC_2003",2015-02-01,0.33,"SUS"
"NIC_ETA","2","ETA_NIC_2020",2015-02-01,0.61,"CA"
"NIC_FELIX","2","FELIX_NIC_2007",2015-02-01,0.57,"CA"
"NIC_IOTA","2","IOTA_NIC_2020",2015-02-01,0.62,"CA"
"PR_USA_MARIA","3","MARIA_US_PR_2017",2015-02-01,0.81,"C"
"QROO_WILMA","3","WILMA_QROO_2005",2015-02-01,0.73,"C"
"TX_US_HARVEY","6","HARVEY_US_TX_2017",2015-02-01,0.52,"WG"
"TX_US_IKE","4","IKE_US_TX_2008",2015-02-01,0.46,"SUS"
"TX_US_RITA","4","RITA_US_TX_2005",2015-02-01,0.48,"SUS"
"US_FL_DELTA","4","DELTA_US_LA_2020",2015-02-01,0.46,"SUS"
"US_FL_DENNIS","4","DENNIS_US_FL_2005",2015-02-01,0.44,"SUS"
"VER_MX_KARL","5","KARL_MX_VER_2010",2015-02-01,0.81,"SG"
"YUC_DELTA","5","DELTA_YUCATAN_MX_2020",2015-02-01,0.78,"SG"
"YUC_MX_EMILY","5","EMILY_MX_YUC_2005",2015-02-01,0.96,"SG"
"YUC_MX_ISIDORE","5","ISIDORE_MX_YUC_2002",2015-02-01,1.12,"SG"
"AL_US_IVAN","4","IVAN_US_AL_2004",2015-03-01,0.76,"SUS"
"AL_US_SALLY","4","SALLY_US_AL_2020",2015-03-01,0.71,"SUS"
"ALEX","6","ALEX_2010",2015-03-01,0.78,"WG"
"BELICE_RICHARD","3","RICHARD_BELICE_2010",2015-03-01,0.87,"C"
"BELIZE_IRIS","2","IRIS_BELIZE_2001",2015-03-01,0.77,"CA"
"BETA","2","BETA_2005",2015-03-01,0.73,"CA"
"CR_OTTO","2","OTTO_CR_2016",2015-03-01,0.9,"CA"
"CUBA_DENNIS","3","DENNIS_CUBA_2005",2015-03-01,1.13,"C"
"CUBA_GUSTAV","3","GUSTAV_CUBA_2008",2015-03-01,1.04,"C"
"CUBA_IAN","3","IAN_CUBA_2022",2015-03-01,1.01,"C"
"CUBA_MICHELLE","3","MICHELLE_CUBA_2001",2015-03-01,1.13,"C"
"CUBA_PALOMA","3","PALOMA_CUBA_2008",2015-03-01,1.12,"C"
"CUBA_SANDY","3","SANDY_CUBA_2012",2015-03-01,0.96,"C"
"DEAN_QROO_MX","5","DEAN_QROO_MX_2007",2015-03-01,1.09,"SG"
"FL_US_CHARLEY","1","CHARLEY_2004",2015-03-01,0.98,"FP"
"FL_US_FRANCES","1","FRANCES_US_FL_2004",2015-03-01,0.99,"FP"
"FL_US_IAN","1","IAN_US_FL_2022",2015-03-01,0.99,"FP"
"FL_US_IRMA","1","IRMA_US_FL_2017",2015-03-01,0.97,"FP"
"FL_US_JEANNE","1","JEANNE_US_FL_2004",2015-03-01,0.99,"FP"
"FL_US_MICHAEL","4","MICHAEL_US_FL_2018",2015-03-01,0.77,"SUS"
"FL_US_WILMA","1","WILMA_US_FL_2005",2015-03-01,0.99,"FP"
"LA_US_GUSTAV","4","GUSTAV_US_LA_2008",2015-03-01,0.52,"SUS"
"LA_US_IDA","4","IDA_US_LA_2009",2015-03-01,0.59,"SUS"
"LA_US_KATRINA","4","KATRINA_US_LA_2005",2015-03-01,0.63,"SUS"
"LA_US_LAURA","4","LAURA_US_LA_2020",2015-03-01,0.51,"SUS"
"LA_US_ZETA","4","ZETA_US_LA_2020",2015-03-01,0.53,"SUS"
"MX_ERNESTO","5","ERNESTO_MX_2012",2015-03-01,1.09,"SG"
"MX_GRACE","3","GRACE_MX_2021",2015-03-01,0.54,"C"
"MX_TAMPS_EMILY","6","EMILY_TAMPS_MX_2005",2015-03-01,0.68,"WG"
"NC_US_ISABEL","4","ISABEL_US_NC_2003",2015-03-01,0.61,"SUS"
"NIC_ETA","2","ETA_NIC_2020",2015-03-01,0.85,"CA"
"NIC_FELIX","2","FELIX_NIC_2007",2015-03-01,0.78,"CA"
"NIC_IOTA","2","IOTA_NIC_2020",2015-03-01,0.86,"CA"
"PR_USA_MARIA","3","MARIA_US_PR_2017",2015-03-01,0.88,"C"
"QROO_WILMA","3","WILMA_QROO_2005",2015-03-01,0.97,"C"
"TX_US_HARVEY","6","HARVEY_US_TX_2017",2015-03-01,0.64,"WG"
"TX_US_IKE","4","IKE_US_TX_2008",2015-03-01,0.52,"SUS"
"TX_US_RITA","4","RITA_US_TX_2005",2015-03-01,0.5,"SUS"
"US_FL_DELTA","4","DELTA_US_LA_2020",2015-03-01,0.55,"SUS"
"US_FL_DENNIS","4","DENNIS_US_FL_2005",2015-03-01,0.8,"SUS"
"VER_MX_KARL","5","KARL_MX_VER_2010",2015-03-01,0.93,"SG"
"YUC_DELTA","5","DELTA_YUCATAN_MX_2020",2015-03-01,1.02,"SG"
"YUC_MX_EMILY","5","EMILY_MX_YUC_2005",2015-03-01,1.17,"SG"
"YUC_MX_ISIDORE","5","ISIDORE_MX_YUC_2002",2015-03-01,1.44,"SG"
"AL_US_IVAN","4","IVAN_US_AL_2004",2015-04-01,0.87,"SUS"
"AL_US_SALLY","4","SALLY_US_AL_2020",2015-04-01,0.85,"SUS"
"ALEX","6","ALEX_2010",2015-04-01,1.01,"WG"
"BELICE_RICHARD","3","RICHARD_BELICE_2010",2015-04-01,1.08,"C"
"BELIZE_IRIS","2","IRIS_BELIZE_2001",2015-04-01,0.94,"CA"
"BETA","2","BETA_2005",2015-04-01,0.78,"CA"
"CR_OTTO","2","OTTO_CR_2016",2015-04-01,0.81,"CA"
"CUBA_DENNIS","3","DENNIS_CUBA_2005",2015-04-01,1.22,"C"
"CUBA_GUSTAV","3","GUSTAV_CUBA_2008",2015-04-01,1.11,"C"
"CUBA_IAN","3","IAN_CUBA_2022",2015-04-01,1.12,"C"
"CUBA_MICHELLE","3","MICHELLE_CUBA_2001",2015-04-01,1.23,"C"
"CUBA_PALOMA","3","PALOMA_CUBA_2008",2015-04-01,1.25,"C"
"CUBA_SANDY","3","SANDY_CUBA_2012",2015-04-01,1.09,"C"
"DEAN_QROO_MX","5","DEAN_QROO_MX_2007",2015-04-01,1.23,"SG"
"FL_US_CHARLEY","1","CHARLEY_2004",2015-04-01,1.13,"FP"
"FL_US_FRANCES","1","FRANCES_US_FL_2004",2015-04-01,1.11,"FP"
"FL_US_IAN","1","IAN_US_FL_2022",2015-04-01,1.14,"FP"
"FL_US_IRMA","1","IRMA_US_FL_2017",2015-04-01,1.14,"FP"
"FL_US_JEANNE","1","JEANNE_US_FL_2004",2015-04-01,1.12,"FP"
"FL_US_MICHAEL","4","MICHAEL_US_FL_2018",2015-04-01,0.89,"SUS"
"FL_US_WILMA","1","WILMA_US_FL_2005",2015-04-01,1.15,"FP"
"LA_US_GUSTAV","4","GUSTAV_US_LA_2008",2015-04-01,0.63,"SUS"
"LA_US_IDA","4","IDA_US_LA_2009",2015-04-01,0.62,"SUS"
"LA_US_KATRINA","4","KATRINA_US_LA_2005",2015-04-01,0.69,"SUS"
"LA_US_LAURA","4","LAURA_US_LA_2020",2015-04-01,0.74,"SUS"
"LA_US_ZETA","4","ZETA_US_LA_2020",2015-04-01,0.55,"SUS"
"MX_ERNESTO","5","ERNESTO_MX_2012",2015-04-01,1.23,"SG"
"MX_GRACE","3","GRACE_MX_2021",2015-04-01,0.86,"C"
"MX_TAMPS_EMILY","6","EMILY_TAMPS_MX_2005",2015-04-01,0.89,"WG"
"NC_US_ISABEL","4","ISABEL_US_NC_2003",2015-04-01,0.84,"SUS"
"NIC_ETA","2","ETA_NIC_2020",2015-04-01,0.9,"CA"
"NIC_FELIX","2","FELIX_NIC_2007",2015-04-01,0.86,"CA"
"NIC_IOTA","2","IOTA_NIC_2020",2015-04-01,0.91,"CA"
"PR_USA_MARIA","3","MARIA_US_PR_2017",2015-04-01,0.82,"C"
"QROO_WILMA","3","WILMA_QROO_2005",2015-04-01,1.13,"C"
"TX_US_HARVEY","6","HARVEY_US_TX_2017",2015-04-01,0.81,"WG"
"TX_US_IKE","4","IKE_US_TX_2008",2015-04-01,0.73,"SUS"
"TX_US_RITA","4","RITA_US_TX_2005",2015-04-01,0.73,"SUS"
"US_FL_DELTA","4","DELTA_US_LA_2020",2015-04-01,0.77,"SUS"
"US_FL_DENNIS","4","DENNIS_US_FL_2005",2015-04-01,0.92,"SUS"
"VER_MX_KARL","5","KARL_MX_VER_2010",2015-04-01,1.2,"SG"
"YUC_DELTA","5","DELTA_YUCATAN_MX_2020",2015-04-01,1.18,"SG"
"YUC_MX_EMILY","5","EMILY_MX_YUC_2005",2015-04-01,1.25,"SG"
"YUC_MX_ISIDORE","5","ISIDORE_MX_YUC_2002",2015-04-01,1.66,"SG"
"AL_US_IVAN","4","IVAN_US_AL_2004",2015-05-01,0.95,"SUS"
"AL_US_SALLY","4","SALLY_US_AL_2020",2015-05-01,0.92,"SUS"
"ALEX","6","ALEX_2010",2015-05-01,1.22,"WG"
"BELICE_RICHARD","3","RICHARD_BELICE_2010",2015-05-01,1.09,"C"
"BELIZE_IRIS","2","IRIS_BELIZE_2001",2015-05-01,0.89,"CA"
"BETA","2","BETA_2005",2015-05-01,0.65,"CA"
"CR_OTTO","2","OTTO_CR_2016",2015-05-01,0.8,"CA"
"CUBA_DENNIS","3","DENNIS_CUBA_2005",2015-05-01,1.04,"C"
"CUBA_GUSTAV","3","GUSTAV_CUBA_2008",2015-05-01,1.04,"C"
"CUBA_IAN","3","IAN_CUBA_2022",2015-05-01,1.02,"C"
"CUBA_MICHELLE","3","MICHELLE_CUBA_2001",2015-05-01,1.02,"C"
"CUBA_PALOMA","3","PALOMA_CUBA_2008",2015-05-01,0.99,"C"
"CUBA_SANDY","3","SANDY_CUBA_2012",2015-05-01,0.85,"C"
"DEAN_QROO_MX","5","DEAN_QROO_MX_2007",2015-05-01,1.12,"SG"
"FL_US_CHARLEY","1","CHARLEY_2004",2015-05-01,1.21,"FP"
"FL_US_FRANCES","1","FRANCES_US_FL_2004",2015-05-01,1.08,"FP"
"FL_US_IAN","1","IAN_US_FL_2022",2015-05-01,1.21,"FP"
"FL_US_IRMA","1","IRMA_US_FL_2017",2015-05-01,1.15,"FP"
"FL_US_JEANNE","1","JEANNE_US_FL_2004",2015-05-01,1.08,"FP"
"FL_US_MICHAEL","4","MICHAEL_US_FL_2018",2015-05-01,1.07,"SUS"
"FL_US_WILMA","1","WILMA_US_FL_2005",2015-05-01,1.13,"FP"
"LA_US_GUSTAV","4","GUSTAV_US_LA_2008",2015-05-01,0.84,"SUS"
"LA_US_IDA","4","IDA_US_LA_2009",2015-05-01,0.9,"SUS"
"LA_US_KATRINA","4","KATRINA_US_LA_2005",2015-05-01,0.86,"SUS"
"LA_US_LAURA","4","LAURA_US_LA_2020",2015-05-01,0.9,"SUS"
"LA_US_ZETA","4","ZETA_US_LA_2020",2015-05-01,0.85,"SUS"
"MX_ERNESTO","5","ERNESTO_MX_2012",2015-05-01,1.12,"SG"
"MX_GRACE","3","GRACE_MX_2021",2015-05-01,0.88,"C"
"MX_TAMPS_EMILY","6","EMILY_TAMPS_MX_2005",2015-05-01,0.98,"WG"
"NC_US_ISABEL","4","ISABEL_US_NC_2003",2015-05-01,0.99,"SUS"
"NIC_ETA","2","ETA_NIC_2020",2015-05-01,0.75,"CA"
"NIC_FELIX","2","FELIX_NIC_2007",2015-05-01,0.77,"CA"
"NIC_IOTA","2","IOTA_NIC_2020",2015-05-01,0.74,"CA"
"PR_USA_MARIA","3","MARIA_US_PR_2017",2015-05-01,0.81,"C"
"QROO_WILMA","3","WILMA_QROO_2005",2015-05-01,1.1,"C"
"TX_US_HARVEY","6","HARVEY_US_TX_2017",2015-05-01,0.82,"WG"
"TX_US_IKE","4","IKE_US_TX_2008",2015-05-01,0.78,"SUS"
"TX_US_RITA","4","RITA_US_TX_2005",2015-05-01,0.84,"SUS"
"US_FL_DELTA","4","DELTA_US_LA_2020",2015-05-01,0.94,"SUS"
"US_FL_DENNIS","4","DENNIS_US_FL_2005",2015-05-01,0.96,"SUS"
"VER_MX_KARL","5","KARL_MX_VER_2010",2015-05-01,1.19,"SG"
"YUC_DELTA","5","DELTA_YUCATAN_MX_2020",2015-05-01,1.14,"SG"
"YUC_MX_EMILY","5","EMILY_MX_YUC_2005",2015-05-01,1.19,"SG"
"YUC_MX_ISIDORE","5","ISIDORE_MX_YUC_2002",2015-05-01,1.6,"SG"
"AL_US_IVAN","4","IVAN_US_AL_2004",2015-06-01,1.06,"SUS"
"AL_US_SALLY","4","SALLY_US_AL_2020",2015-06-01,1,"SUS"
"ALEX","6","ALEX_2010",2015-06-01,1.24,"WG"
"BELICE_RICHARD","3","RICHARD_BELICE_2010",2015-06-01,0.82,"C"
"BELIZE_IRIS","2","IRIS_BELIZE_2001",2015-06-01,0.71,"CA"
"BETA","2","BETA_2005",2015-06-01,0.51,"CA"
"CR_OTTO","2","OTTO_CR_2016",2015-06-01,0.75,"CA"
"CUBA_DENNIS","3","DENNIS_CUBA_2005",2015-06-01,0.9,"C"
"CUBA_GUSTAV","3","GUSTAV_CUBA_2008",2015-06-01,0.82,"C"
"CUBA_IAN","3","IAN_CUBA_2022",2015-06-01,0.79,"C"
"CUBA_MICHELLE","3","MICHELLE_CUBA_2001",2015-06-01,0.89,"C"
"CUBA_PALOMA","3","PALOMA_CUBA_2008",2015-06-01,0.84,"C"
"CUBA_SANDY","3","SANDY_CUBA_2012",2015-06-01,0.78,"C"
"DEAN_QROO_MX","5","DEAN_QROO_MX_2007",2015-06-01,0.83,"SG"
"FL_US_CHARLEY","1","CHARLEY_2004",2015-06-01,1.15,"FP"
"FL_US_FRANCES","1","FRANCES_US_FL_2004",2015-06-01,1.07,"FP"
"FL_US_IAN","1","IAN_US_FL_2022",2015-06-01,1.14,"FP"
"FL_US_IRMA","1","IRMA_US_FL_2017",2015-06-01,1.11,"FP"
"FL_US_JEANNE","1","JEANNE_US_FL_2004",2015-06-01,1.07,"FP"
"FL_US_MICHAEL","4","MICHAEL_US_FL_2018",2015-06-01,1.12,"SUS"
"FL_US_WILMA","1","WILMA_US_FL_2005",2015-06-01,1.04,"FP"
"LA_US_GUSTAV","4","GUSTAV_US_LA_2008",2015-06-01,0.95,"SUS"
"LA_US_IDA","4","IDA_US_LA_2009",2015-06-01,0.99,"SUS"
"LA_US_KATRINA","4","KATRINA_US_LA_2005",2015-06-01,0.98,"SUS"
"LA_US_LAURA","4","LAURA_US_LA_2020",2015-06-01,1.03,"SUS"
"LA_US_ZETA","4","ZETA_US_LA_2020",2015-06-01,0.93,"SUS"
"MX_ERNESTO","5","ERNESTO_MX_2012",2015-06-01,0.83,"SG"
"MX_GRACE","3","GRACE_MX_2021",2015-06-01,0.88,"C"
"MX_TAMPS_EMILY","6","EMILY_TAMPS_MX_2005",2015-06-01,1.17,"WG"
"NC_US_ISABEL","4","ISABEL_US_NC_2003",2015-06-01,1.19,"SUS"
"NIC_ETA","2","ETA_NIC_2020",2015-06-01,0.51,"CA"
"NIC_FELIX","2","FELIX_NIC_2007",2015-06-01,0.51,"CA"
"NIC_IOTA","2","IOTA_NIC_2020",2015-06-01,0.52,"CA"
"PR_USA_MARIA","3","MARIA_US_PR_2017",2015-06-01,0.87,"C"
"QROO_WILMA","3","WILMA_QROO_2005",2015-06-01,0.87,"C"
"TX_US_HARVEY","6","HARVEY_US_TX_2017",2015-06-01,1.09,"WG"
"TX_US_IKE","4","IKE_US_TX_2008",2015-06-01,1.03,"SUS"
"TX_US_RITA","4","RITA_US_TX_2005",2015-06-01,1.03,"SUS"
"US_FL_DELTA","4","DELTA_US_LA_2020",2015-06-01,1.06,"SUS"
"US_FL_DENNIS","4","DENNIS_US_FL_2005",2015-06-01,1.06,"SUS"
"VER_MX_KARL","5","KARL_MX_VER_2010",2015-06-01,0.93,"SG"
"YUC_DELTA","5","DELTA_YUCATAN_MX_2020",2015-06-01,0.88,"SG"
"YUC_MX_EMILY","5","EMILY_MX_YUC_2005",2015-06-01,0.95,"SG"
"YUC_MX_ISIDORE","5","ISIDORE_MX_YUC_2002",2015-06-01,1.11,"SG"
"AL_US_IVAN","4","IVAN_US_AL_2004",2015-07-01,1.25,"SUS"
"AL_US_SALLY","4","SALLY_US_AL_2020",2015-07-01,1.16,"SUS"
"ALEX","6","ALEX_2010",2015-07-01,1.37,"WG"
"BELICE_RICHARD","3","RICHARD_BELICE_2010",2015-07-01,0.84,"C"
"BELIZE_IRIS","2","IRIS_BELIZE_2001",2015-07-01,0.69,"CA"
"BETA","2","BETA_2005",2015-07-01,0.36,"CA"
"CR_OTTO","2","OTTO_CR_2016",2015-07-01,0.56,"CA"
"CUBA_DENNIS","3","DENNIS_CUBA_2005",2015-07-01,1.06,"C"
"CUBA_GUSTAV","3","GUSTAV_CUBA_2008",2015-07-01,0.93,"C"
"CUBA_IAN","3","IAN_CUBA_2022",2015-07-01,0.92,"C"
"CUBA_MICHELLE","3","MICHELLE_CUBA_2001",2015-07-01,1.04,"C"
"CUBA_PALOMA","3","PALOMA_CUBA_2008",2015-07-01,1.04,"C"
"CUBA_SANDY","3","SANDY_CUBA_2012",2015-07-01,0.9,"C"
"DEAN_QROO_MX","5","DEAN_QROO_MX_2007",2015-07-01,0.95,"SG"
"FL_US_CHARLEY","1","CHARLEY_2004",2015-07-01,1.16,"FP"
"FL_US_FRANCES","1","FRANCES_US_FL_2004",2015-07-01,1.13,"FP"
"FL_US_IAN","1","IAN_US_FL_2022",2015-07-01,1.17,"FP"
"FL_US_IRMA","1","IRMA_US_FL_2017",2015-07-01,1.18,"FP"
"FL_US_JEANNE","1","JEANNE_US_FL_2004",2015-07-01,1.14,"FP"
"FL_US_MICHAEL","4","MICHAEL_US_FL_2018",2015-07-01,1.2,"SUS"
"FL_US_WILMA","1","WILMA_US_FL_2005",2015-07-01,1.17,"FP"
"LA_US_GUSTAV","4","GUSTAV_US_LA_2008",2015-07-01,1.18,"SUS"
"LA_US_IDA","4","IDA_US_LA_2009",2015-07-01,1.21,"SUS"
"LA_US_KATRINA","4","KATRINA_US_LA_2005",2015-07-01,1.18,"SUS"
"LA_US_LAURA","4","LAURA_US_LA_2020",2015-07-01,1.25,"SUS"
"LA_US_ZETA","4","ZETA_US_LA_2020",2015-07-01,1.18,"SUS"
"MX_ERNESTO","5","ERNESTO_MX_2012",2015-07-01,0.95,"SG"
"MX_GRACE","3","GRACE_MX_2021",2015-07-01,0.91,"C"
"MX_TAMPS_EMILY","6","EMILY_TAMPS_MX_2005",2015-07-01,1.44,"WG"
"NC_US_ISABEL","4","ISABEL_US_NC_2003",2015-07-01,1.07,"SUS"
"NIC_ETA","2","ETA_NIC_2020",2015-07-01,0.48,"CA"
"NIC_FELIX","2","FELIX_NIC_2007",2015-07-01,0.46,"CA"
"NIC_IOTA","2","IOTA_NIC_2020",2015-07-01,0.49,"CA"
"PR_USA_MARIA","3","MARIA_US_PR_2017",2015-07-01,0.88,"C"
"QROO_WILMA","3","WILMA_QROO_2005",2015-07-01,0.94,"C"
"TX_US_HARVEY","6","HARVEY_US_TX_2017",2015-07-01,1.37,"WG"
"TX_US_IKE","4","IKE_US_TX_2008",2015-07-01,1.28,"SUS"
"TX_US_RITA","4","RITA_US_TX_2005",2015-07-01,1.25,"SUS"
"US_FL_DELTA","4","DELTA_US_LA_2020",2015-07-01,1.27,"SUS"
"US_FL_DENNIS","4","DENNIS_US_FL_2005",2015-07-01,1.25,"SUS"
"VER_MX_KARL","5","KARL_MX_VER_2010",2015-07-01,0.86,"SG"
"YUC_DELTA","5","DELTA_YUCATAN_MX_2020",2015-07-01,0.94,"SG"
"YUC_MX_EMILY","5","EMILY_MX_YUC_2005",2015-07-01,1.05,"SG"
"YUC_MX_ISIDORE","5","ISIDORE_MX_YUC_2002",2015-07-01,1.1,"SG"
"AL_US_IVAN","4","IVAN_US_AL_2004",2015-08-01,1.21,"SUS"
"AL_US_SALLY","4","SALLY_US_AL_2020",2015-08-01,1.1,"SUS"
"ALEX","6","ALEX_2010",2015-08-01,1.49,"WG"
"BELICE_RICHARD","3","RICHARD_BELICE_2010",2015-08-01,0.86,"C"
"BELIZE_IRIS","2","IRIS_BELIZE_2001",2015-08-01,0.67,"CA"
"BETA","2","BETA_2005",2015-08-01,0.42,"CA"
"CR_OTTO","2","OTTO_CR_2016",2015-08-01,0.61,"CA"
"CUBA_DENNIS","3","DENNIS_CUBA_2005",2015-08-01,1.09,"C"
"CUBA_GUSTAV","3","GUSTAV_CUBA_2008",2015-08-01,0.97,"C"
"CUBA_IAN","3","IAN_CUBA_2022",2015-08-01,0.95,"C"
"CUBA_MICHELLE","3","MICHELLE_CUBA_2001",2015-08-01,1.06,"C"
"CUBA_PALOMA","3","PALOMA_CUBA_2008",2015-08-01,1.04,"C"
"CUBA_SANDY","3","SANDY_CUBA_2012",2015-08-01,0.97,"C"
"DEAN_QROO_MX","5","DEAN_QROO_MX_2007",2015-08-01,0.96,"SG"
"FL_US_CHARLEY","1","CHARLEY_2004",2015-08-01,1.14,"FP"
"FL_US_FRANCES","1","FRANCES_US_FL_2004",2015-08-01,1.12,"FP"
"FL_US_IAN","1","IAN_US_FL_2022",2015-08-01,1.15,"FP"
"FL_US_IRMA","1","IRMA_US_FL_2017",2015-08-01,1.15,"FP"
"FL_US_JEANNE","1","JEANNE_US_FL_2004",2015-08-01,1.13,"FP"
"FL_US_MICHAEL","4","MICHAEL_US_FL_2018",2015-08-01,1.12,"SUS"
"FL_US_WILMA","1","WILMA_US_FL_2005",2015-08-01,1.14,"FP"
"LA_US_GUSTAV","4","GUSTAV_US_LA_2008",2015-08-01,1.14,"SUS"
"LA_US_IDA","4","IDA_US_LA_2009",2015-08-01,1.22,"SUS"
"LA_US_KATRINA","4","KATRINA_US_LA_2005",2015-08-01,1.18,"SUS"
"LA_US_LAURA","4","LAURA_US_LA_2020",2015-08-01,1.37,"SUS"
"LA_US_ZETA","4","ZETA_US_LA_2020",2015-08-01,1.16,"SUS"
"MX_ERNESTO","5","ERNESTO_MX_2012",2015-08-01,0.95,"SG"
"MX_GRACE","3","GRACE_MX_2021",2015-08-01,0.8,"C"
"MX_TAMPS_EMILY","6","EMILY_TAMPS_MX_2005",2015-08-01,1.62,"WG"
"NC_US_ISABEL","4","ISABEL_US_NC_2003",2015-08-01,1.18,"SUS"
"NIC_ETA","2","ETA_NIC_2020",2015-08-01,0.49,"CA"
"NIC_FELIX","2","FELIX_NIC_2007",2015-08-01,0.51,"CA"
"NIC_IOTA","2","IOTA_NIC_2020",2015-08-01,0.5,"CA"
"PR_USA_MARIA","3","MARIA_US_PR_2017",2015-08-01,0.83,"C"
"QROO_WILMA","3","WILMA_QROO_2005",2015-08-01,0.97,"C"
"TX_US_HARVEY","6","HARVEY_US_TX_2017",2015-08-01,1.58,"WG"
"TX_US_IKE","4","IKE_US_TX_2008",2015-08-01,1.47,"SUS"
"TX_US_RITA","4","RITA_US_TX_2005",2015-08-01,1.44,"SUS"
"US_FL_DELTA","4","DELTA_US_LA_2020",2015-08-01,1.33,"SUS"
"US_FL_DENNIS","4","DENNIS_US_FL_2005",2015-08-01,1.22,"SUS"
"VER_MX_KARL","5","KARL_MX_VER_2010",2015-08-01,0.85,"SG"
"YUC_DELTA","5","DELTA_YUCATAN_MX_2020",2015-08-01,0.98,"SG"
"YUC_MX_EMILY","5","EMILY_MX_YUC_2005",2015-08-01,1.05,"SG"
"YUC_MX_ISIDORE","5","ISIDORE_MX_YUC_2002",2015-08-01,1.08,"SG"
"AL_US_IVAN","4","IVAN_US_AL_2004",2015-09-01,1.1,"SUS"
"AL_US_SALLY","4","SALLY_US_AL_2020",2015-09-01,1.02,"SUS"
"ALEX","6","ALEX_2010",2015-09-01,1.22,"WG"
"BELICE_RICHARD","3","RICHARD_BELICE_2010",2015-09-01,0.78,"C"
"BELIZE_IRIS","2","IRIS_BELIZE_2001",2015-09-01,0.61,"CA"
"BETA","2","BETA_2005",2015-09-01,0.44,"CA"
"CR_OTTO","2","OTTO_CR_2016",2015-09-01,0.62,"CA"
"CUBA_DENNIS","3","DENNIS_CUBA_2005",2015-09-01,0.92,"C"
"CUBA_GUSTAV","3","GUSTAV_CUBA_2008",2015-09-01,0.83,"C"
"CUBA_IAN","3","IAN_CUBA_2022",2015-09-01,0.82,"C"
"CUBA_MICHELLE","3","MICHELLE_CUBA_2001",2015-09-01,0.9,"C"
"CUBA_PALOMA","3","PALOMA_CUBA_2008",2015-09-01,0.85,"C"
"CUBA_SANDY","3","SANDY_CUBA_2012",2015-09-01,0.8,"C"
"DEAN_QROO_MX","5","DEAN_QROO_MX_2007",2015-09-01,0.87,"SG"
"FL_US_CHARLEY","1","CHARLEY_2004",2015-09-01,1.02,"FP"
"FL_US_FRANCES","1","FRANCES_US_FL_2004",2015-09-01,1,"FP"
"FL_US_IAN","1","IAN_US_FL_2022",2015-09-01,1.03,"FP"
"FL_US_IRMA","1","IRMA_US_FL_2017",2015-09-01,1.05,"FP"
"FL_US_JEANNE","1","JEANNE_US_FL_2004",2015-09-01,1.01,"FP"
"FL_US_MICHAEL","4","MICHAEL_US_FL_2018",2015-09-01,1.04,"SUS"
"FL_US_WILMA","1","WILMA_US_FL_2005",2015-09-01,1.06,"FP"
"LA_US_GUSTAV","4","GUSTAV_US_LA_2008",2015-09-01,0.97,"SUS"
"LA_US_IDA","4","IDA_US_LA_2009",2015-09-01,1.04,"SUS"
"LA_US_KATRINA","4","KATRINA_US_LA_2005",2015-09-01,1.06,"SUS"
"LA_US_LAURA","4","LAURA_US_LA_2020",2015-09-01,1.16,"SUS"
"LA_US_ZETA","4","ZETA_US_LA_2020",2015-09-01,1.01,"SUS"
"MX_ERNESTO","5","ERNESTO_MX_2012",2015-09-01,0.86,"SG"
"MX_GRACE","3","GRACE_MX_2021",2015-09-01,0.81,"C"
"MX_TAMPS_EMILY","6","EMILY_TAMPS_MX_2005",2015-09-01,1.31,"WG"
"NC_US_ISABEL","4","ISABEL_US_NC_2003",2015-09-01,1.09,"SUS"
"NIC_ETA","2","ETA_NIC_2020",2015-09-01,0.56,"CA"
"NIC_FELIX","2","FELIX_NIC_2007",2015-09-01,0.61,"CA"
"NIC_IOTA","2","IOTA_NIC_2020",2015-09-01,0.55,"CA"
"PR_USA_MARIA","3","MARIA_US_PR_2017",2015-09-01,0.83,"C"
"QROO_WILMA","3","WILMA_QROO_2005",2015-09-01,0.8,"C"
"TX_US_HARVEY","6","HARVEY_US_TX_2017",2015-09-01,1.41,"WG"
"TX_US_IKE","4","IKE_US_TX_2008",2015-09-01,1.27,"SUS"
"TX_US_RITA","4","RITA_US_TX_2005",2015-09-01,1.19,"SUS"
"US_FL_DELTA","4","DELTA_US_LA_2020",2015-09-01,1.17,"SUS"
"US_FL_DENNIS","4","DENNIS_US_FL_2005",2015-09-01,1.1,"SUS"
"VER_MX_KARL","5","KARL_MX_VER_2010",2015-09-01,0.87,"SG"
"YUC_DELTA","5","DELTA_YUCATAN_MX_2020",2015-09-01,0.81,"SG"
"YUC_MX_EMILY","5","EMILY_MX_YUC_2005",2015-09-01,0.89,"SG"
"YUC_MX_ISIDORE","5","ISIDORE_MX_YUC_2002",2015-09-01,0.97,"SG"
"AL_US_IVAN","4","IVAN_US_AL_2004",2015-10-01,0.94,"SUS"
"AL_US_SALLY","4","SALLY_US_AL_2020",2015-10-01,0.86,"SUS"
"ALEX","6","ALEX_2010",2015-10-01,0.99,"WG"
"BELICE_RICHARD","3","RICHARD_BELICE_2010",2015-10-01,0.7,"C"
"BELIZE_IRIS","2","IRIS_BELIZE_2001",2015-10-01,0.59,"CA"
"BETA","2","BETA_2005",2015-10-01,0.7,"CA"
"CR_OTTO","2","OTTO_CR_2016",2015-10-01,0.7,"CA"
"CUBA_DENNIS","3","DENNIS_CUBA_2005",2015-10-01,0.87,"C"
"CUBA_GUSTAV","3","GUSTAV_CUBA_2008",2015-10-01,0.8,"C"
"CUBA_IAN","3","IAN_CUBA_2022",2015-10-01,0.79,"C"
"CUBA_MICHELLE","3","MICHELLE_CUBA_2001",2015-10-01,0.86,"C"
"CUBA_PALOMA","3","PALOMA_CUBA_2008",2015-10-01,0.77,"C"
"CUBA_SANDY","3","SANDY_CUBA_2012",2015-10-01,0.63,"C"
"DEAN_QROO_MX","5","DEAN_QROO_MX_2007",2015-10-01,0.78,"SG"
"FL_US_CHARLEY","1","CHARLEY_2004",2015-10-01,1.01,"FP"
"FL_US_FRANCES","1","FRANCES_US_FL_2004",2015-10-01,0.99,"FP"
"FL_US_IAN","1","IAN_US_FL_2022",2015-10-01,1.02,"FP"
"FL_US_IRMA","1","IRMA_US_FL_2017",2015-10-01,1.06,"FP"
"FL_US_JEANNE","1","JEANNE_US_FL_2004",2015-10-01,1,"FP"
"FL_US_MICHAEL","4","MICHAEL_US_FL_2018",2015-10-01,0.87,"SUS"
"FL_US_WILMA","1","WILMA_US_FL_2005",2015-10-01,1.05,"FP"
"LA_US_GUSTAV","4","GUSTAV_US_LA_2008",2015-10-01,0.76,"SUS"
"LA_US_IDA","4","IDA_US_LA_2009",2015-10-01,0.79,"SUS"
"LA_US_KATRINA","4","KATRINA_US_LA_2005",2015-10-01,0.82,"SUS"
"LA_US_LAURA","4","LAURA_US_LA_2020",2015-10-01,0.88,"SUS"
"LA_US_ZETA","4","ZETA_US_LA_2020",2015-10-01,0.76,"SUS"
"MX_ERNESTO","5","ERNESTO_MX_2012",2015-10-01,0.77,"SG"
"MX_GRACE","3","GRACE_MX_2021",2015-10-01,0.69,"C"
"MX_TAMPS_EMILY","6","EMILY_TAMPS_MX_2005",2015-10-01,1.05,"WG"
"NC_US_ISABEL","4","ISABEL_US_NC_2003",2015-10-01,0.73,"SUS"
"NIC_ETA","2","ETA_NIC_2020",2015-10-01,0.73,"CA"
"NIC_FELIX","2","FELIX_NIC_2007",2015-10-01,0.75,"CA"
"NIC_IOTA","2","IOTA_NIC_2020",2015-10-01,0.75,"CA"
"PR_USA_MARIA","3","MARIA_US_PR_2017",2015-10-01,0.8,"C"
"QROO_WILMA","3","WILMA_QROO_2005",2015-10-01,0.74,"C"
"TX_US_HARVEY","6","HARVEY_US_TX_2017",2015-10-01,1.18,"WG"
"TX_US_IKE","4","IKE_US_TX_2008",2015-10-01,0.98,"SUS"
"TX_US_RITA","4","RITA_US_TX_2005",2015-10-01,0.92,"SUS"
"US_FL_DELTA","4","DELTA_US_LA_2020",2015-10-01,0.9,"SUS"
"US_FL_DENNIS","4","DENNIS_US_FL_2005",2015-10-01,0.96,"SUS"
"VER_MX_KARL","5","KARL_MX_VER_2010",2015-10-01,0.86,"SG"
"YUC_DELTA","5","DELTA_YUCATAN_MX_2020",2015-10-01,0.75,"SG"
"YUC_MX_EMILY","5","EMILY_MX_YUC_2005",2015-10-01,0.82,"SG"
"YUC_MX_ISIDORE","5","ISIDORE_MX_YUC_2002",2015-10-01,0.87,"SG"
"AL_US_IVAN","4","IVAN_US_AL_2004",2015-11-01,0.59,"SUS"
"AL_US_SALLY","4","SALLY_US_AL_2020",2015-11-01,0.56,"SUS"
"ALEX","6","ALEX_2010",2015-11-01,0.7,"WG"
"BELICE_RICHARD","3","RICHARD_BELICE_2010",2015-11-01,0.63,"C"
"BELIZE_IRIS","2","IRIS_BELIZE_2001",2015-11-01,0.49,"CA"
"BETA","2","BETA_2005",2015-11-01,0.4,"CA"
"CR_OTTO","2","OTTO_CR_2016",2015-11-01,0.45,"CA"
"CUBA_DENNIS","3","DENNIS_CUBA_2005",2015-11-01,0.84,"C"
"CUBA_GUSTAV","3","GUSTAV_CUBA_2008",2015-11-01,0.86,"C"
"CUBA_IAN","3","IAN_CUBA_2022",2015-11-01,0.84,"C"
"CUBA_MICHELLE","3","MICHELLE_CUBA_2001",2015-11-01,0.81,"C"
"CUBA_PALOMA","3","PALOMA_CUBA_2008",2015-11-01,0.81,"C"
"CUBA_SANDY","3","SANDY_CUBA_2012",2015-11-01,0.67,"C"
"DEAN_QROO_MX","5","DEAN_QROO_MX_2007",2015-11-01,0.75,"SG"
"FL_US_CHARLEY","1","CHARLEY_2004",2015-11-01,0.86,"FP"
"FL_US_FRANCES","1","FRANCES_US_FL_2004",2015-11-01,0.78,"FP"
"FL_US_IAN","1","IAN_US_FL_2022",2015-11-01,0.87,"FP"
"FL_US_IRMA","1","IRMA_US_FL_2017",2015-11-01,0.9,"FP"
"FL_US_JEANNE","1","JEANNE_US_FL_2004",2015-11-01,0.79,"FP"
"FL_US_MICHAEL","4","MICHAEL_US_FL_2018",2015-11-01,0.66,"SUS"
"FL_US_WILMA","1","WILMA_US_FL_2005",2015-11-01,0.88,"FP"
"LA_US_GUSTAV","4","GUSTAV_US_LA_2008",2015-11-01,0.46,"SUS"
"LA_US_IDA","4","IDA_US_LA_2009",2015-11-01,0.52,"SUS"
"LA_US_KATRINA","4","KATRINA_US_LA_2005",2015-11-01,0.47,"SUS"
"LA_US_LAURA","4","LAURA_US_LA_2020",2015-11-01,0.45,"SUS"
"LA_US_ZETA","4","ZETA_US_LA_2020",2015-11-01,0.5,"SUS"
"MX_ERNESTO","5","ERNESTO_MX_2012",2015-11-01,0.74,"SG"
"MX_GRACE","3","GRACE_MX_2021",2015-11-01,0.62,"C"
"MX_TAMPS_EMILY","6","EMILY_TAMPS_MX_2005",2015-11-01,0.67,"WG"
"NC_US_ISABEL","4","ISABEL_US_NC_2003",2015-11-01,0.63,"SUS"
"NIC_ETA","2","ETA_NIC_2020",2015-11-01,0.56,"CA"
"NIC_FELIX","2","FELIX_NIC_2007",2015-11-01,0.56,"CA"
"NIC_IOTA","2","IOTA_NIC_2020",2015-11-01,0.57,"CA"
"PR_USA_MARIA","3","MARIA_US_PR_2017",2015-11-01,0.78,"C"
"QROO_WILMA","3","WILMA_QROO_2005",2015-11-01,0.77,"C"
"TX_US_HARVEY","6","HARVEY_US_TX_2017",2015-11-01,0.66,"WG"
"TX_US_IKE","4","IKE_US_TX_2008",2015-11-01,0.48,"SUS"
"TX_US_RITA","4","RITA_US_TX_2005",2015-11-01,0.44,"SUS"
"US_FL_DELTA","4","DELTA_US_LA_2020",2015-11-01,0.48,"SUS"
"US_FL_DENNIS","4","DENNIS_US_FL_2005",2015-11-01,0.62,"SUS"
"VER_MX_KARL","5","KARL_MX_VER_2010",2015-11-01,0.85,"SG"
"YUC_DELTA","5","DELTA_YUCATAN_MX_2020",2015-11-01,0.78,"SG"
"YUC_MX_EMILY","5","EMILY_MX_YUC_2005",2015-11-01,0.85,"SG"
"YUC_MX_ISIDORE","5","ISIDORE_MX_YUC_2002",2015-11-01,0.87,"SG"
"AL_US_IVAN","4","IVAN_US_AL_2004",2015-12-01,0.56,"SUS"
"AL_US_SALLY","4","SALLY_US_AL_2020",2015-12-01,0.59,"SUS"
"ALEX","6","ALEX_2010",2015-12-01,0.65,"WG"
"BELICE_RICHARD","3","RICHARD_BELICE_2010",2015-12-01,0.65,"C"
"BELIZE_IRIS","2","IRIS_BELIZE_2001",2015-12-01,0.53,"CA"
"BETA","2","BETA_2005",2015-12-01,0.43,"CA"
"CR_OTTO","2","OTTO_CR_2016",2015-12-01,0.66,"CA"
"CUBA_DENNIS","3","DENNIS_CUBA_2005",2015-12-01,0.95,"C"
"CUBA_GUSTAV","3","GUSTAV_CUBA_2008",2015-12-01,0.8,"C"
"CUBA_IAN","3","IAN_CUBA_2022",2015-12-01,0.78,"C"
"CUBA_MICHELLE","3","MICHELLE_CUBA_2001",2015-12-01,0.93,"C"
"CUBA_PALOMA","3","PALOMA_CUBA_2008",2015-12-01,0.88,"C"
"CUBA_SANDY","3","SANDY_CUBA_2012",2015-12-01,0.77,"C"
"DEAN_QROO_MX","5","DEAN_QROO_MX_2007",2015-12-01,0.71,"SG"
"FL_US_CHARLEY","1","CHARLEY_2004",2015-12-01,0.73,"FP"
"FL_US_FRANCES","1","FRANCES_US_FL_2004",2015-12-01,0.7,"FP"
"FL_US_IAN","1","IAN_US_FL_2022",2015-12-01,0.74,"FP"
"FL_US_IRMA","1","IRMA_US_FL_2017",2015-12-01,0.83,"FP"
"FL_US_JEANNE","1","JEANNE_US_FL_2004",2015-12-01,0.71,"FP"
"FL_US_MICHAEL","4","MICHAEL_US_FL_2018",2015-12-01,0.67,"SUS"
"FL_US_WILMA","1","WILMA_US_FL_2005",2015-12-01,0.8,"FP"
"LA_US_GUSTAV","4","GUSTAV_US_LA_2008",2015-12-01,0.38,"SUS"
"LA_US_IDA","4","IDA_US_LA_2009",2015-12-01,0.45,"SUS"
"LA_US_KATRINA","4","KATRINA_US_LA_2005",2015-12-01,0.5,"SUS"
"LA_US_LAURA","4","LAURA_US_LA_2020",2015-12-01,0.39,"SUS"
"LA_US_ZETA","4","ZETA_US_LA_2020",2015-12-01,0.42,"SUS"
"MX_ERNESTO","5","ERNESTO_MX_2012",2015-12-01,0.69,"SG"
"MX_GRACE","3","GRACE_MX_2021",2015-12-01,0.53,"C"
"MX_TAMPS_EMILY","6","EMILY_TAMPS_MX_2005",2015-12-01,0.62,"WG"
"NC_US_ISABEL","4","ISABEL_US_NC_2003",2015-12-01,0.68,"SUS"
"NIC_ETA","2","ETA_NIC_2020",2015-12-01,0.54,"CA"
"NIC_FELIX","2","FELIX_NIC_2007",2015-12-01,0.51,"CA"
"NIC_IOTA","2","IOTA_NIC_2020",2015-12-01,0.56,"CA"
"PR_USA_MARIA","3","MARIA_US_PR_2017",2015-12-01,0.74,"C"
"QROO_WILMA","3","WILMA_QROO_2005",2015-12-01,0.75,"C"
"TX_US_HARVEY","6","HARVEY_US_TX_2017",2015-12-01,0.69,"WG"
"TX_US_IKE","4","IKE_US_TX_2008",2015-12-01,0.49,"SUS"
"TX_US_RITA","4","RITA_US_TX_2005",2015-12-01,0.43,"SUS"
"US_FL_DELTA","4","DELTA_US_LA_2020",2015-12-01,0.4,"SUS"
"US_FL_DENNIS","4","DENNIS_US_FL_2005",2015-12-01,0.57,"SUS"
"VER_MX_KARL","5","KARL_MX_VER_2010",2015-12-01,0.87,"SG"
"YUC_DELTA","5","DELTA_YUCATAN_MX_2020",2015-12-01,0.77,"SG"
"YUC_MX_EMILY","5","EMILY_MX_YUC_2005",2015-12-01,0.86,"SG"
"YUC_MX_ISIDORE","5","ISIDORE_MX_YUC_2002",2015-12-01,0.83,"SG"
"AL_US_IVAN","4","IVAN_US_AL_2004",2016-01-01,0.48,"SUS"
"AL_US_SALLY","4","SALLY_US_AL_2020",2016-01-01,0.48,"SUS"
"ALEX","6","ALEX_2010",2016-01-01,0.75,"WG"
"BELICE_RICHARD","3","RICHARD_BELICE_2010",2016-01-01,0.64,"C"
"BELIZE_IRIS","2","IRIS_BELIZE_2001",2016-01-01,0.52,"CA"
"BETA","2","BETA_2005",2016-01-01,0.65,"CA"
"CR_OTTO","2","OTTO_CR_2016",2016-01-01,0.95,"CA"
"CUBA_DENNIS","3","DENNIS_CUBA_2005",2016-01-01,0.69,"C"
"CUBA_GUSTAV","3","GUSTAV_CUBA_2008",2016-01-01,0.65,"C"
"CUBA_IAN","3","IAN_CUBA_2022",2016-01-01,0.64,"C"
"CUBA_MICHELLE","3","MICHELLE_CUBA_2001",2016-01-01,0.69,"C"
"CUBA_PALOMA","3","PALOMA_CUBA_2008",2016-01-01,0.71,"C"
"CUBA_SANDY","3","SANDY_CUBA_2012",2016-01-01,0.6,"C"
"DEAN_QROO_MX","5","DEAN_QROO_MX_2007",2016-01-01,0.73,"SG"
"FL_US_CHARLEY","1","CHARLEY_2004",2016-01-01,0.7,"FP"
"FL_US_FRANCES","1","FRANCES_US_FL_2004",2016-01-01,0.65,"FP"
"FL_US_IAN","1","IAN_US_FL_2022",2016-01-01,0.69,"FP"
"FL_US_IRMA","1","IRMA_US_FL_2017",2016-01-01,0.7,"FP"
"FL_US_JEANNE","1","JEANNE_US_FL_2004",2016-01-01,0.65,"FP"
"FL_US_MICHAEL","4","MICHAEL_US_FL_2018",2016-01-01,0.52,"SUS"
"FL_US_WILMA","1","WILMA_US_FL_2005",2016-01-01,0.65,"FP"
"LA_US_GUSTAV","4","GUSTAV_US_LA_2008",2016-01-01,0.45,"SUS"
"LA_US_IDA","4","IDA_US_LA_2009",2016-01-01,0.46,"SUS"
"LA_US_KATRINA","4","KATRINA_US_LA_2005",2016-01-01,0.46,"SUS"
"LA_US_LAURA","4","LAURA_US_LA_2020",2016-01-01,0.47,"SUS"
"LA_US_ZETA","4","ZETA_US_LA_2020",2016-01-01,0.44,"SUS"
"MX_ERNESTO","5","ERNESTO_MX_2012",2016-01-01,0.72,"SG"
"MX_GRACE","3","GRACE_MX_2021",2016-01-01,0.48,"C"
"MX_TAMPS_EMILY","6","EMILY_TAMPS_MX_2005",2016-01-01,0.63,"WG"
"NC_US_ISABEL","4","ISABEL_US_NC_2003",2016-01-01,0.4,"SUS"
"NIC_ETA","2","ETA_NIC_2020",2016-01-01,0.61,"CA"
"NIC_FELIX","2","FELIX_NIC_2007",2016-01-01,0.53,"CA"
"NIC_IOTA","2","IOTA_NIC_2020",2016-01-01,0.63,"CA"
"PR_USA_MARIA","3","MARIA_US_PR_2017",2016-01-01,0.74,"C"
"QROO_WILMA","3","WILMA_QROO_2005",2016-01-01,0.53,"C"
"TX_US_HARVEY","6","HARVEY_US_TX_2017",2016-01-01,0.58,"WG"
"TX_US_IKE","4","IKE_US_TX_2008",2016-01-01,0.49,"SUS"
"TX_US_RITA","4","RITA_US_TX_2005",2016-01-01,0.47,"SUS"
"US_FL_DELTA","4","DELTA_US_LA_2020",2016-01-01,0.46,"SUS"
"US_FL_DENNIS","4","DENNIS_US_FL_2005",2016-01-01,0.48,"SUS"
"VER_MX_KARL","5","KARL_MX_VER_2010",2016-01-01,0.79,"SG"
"YUC_DELTA","5","DELTA_YUCATAN_MX_2020",2016-01-01,0.54,"SG"
"YUC_MX_EMILY","5","EMILY_MX_YUC_2005",2016-01-01,0.69,"SG"
"YUC_MX_ISIDORE","5","ISIDORE_MX_YUC_2002",2016-01-01,0.76,"SG"
"AL_US_IVAN","4","IVAN_US_AL_2004",2016-02-01,0.63,"SUS"
"AL_US_SALLY","4","SALLY_US_AL_2020",2016-02-01,0.62,"SUS"
"ALEX","6","ALEX_2010",2016-02-01,1.14,"WG"
"BELICE_RICHARD","3","RICHARD_BELICE_2010",2016-02-01,0.63,"C"
"BELIZE_IRIS","2","IRIS_BELIZE_2001",2016-02-01,0.59,"CA"
"BETA","2","BETA_2005",2016-02-01,0.66,"CA"
"CR_OTTO","2","OTTO_CR_2016",2016-02-01,0.97,"CA"
"CUBA_DENNIS","3","DENNIS_CUBA_2005",2016-02-01,0.92,"C"
"CUBA_GUSTAV","3","GUSTAV_CUBA_2008",2016-02-01,0.8,"C"
"CUBA_IAN","3","IAN_CUBA_2022",2016-02-01,0.78,"C"
"CUBA_MICHELLE","3","MICHELLE_CUBA_2001",2016-02-01,0.93,"C"
"CUBA_PALOMA","3","PALOMA_CUBA_2008",2016-02-01,0.9,"C"
"CUBA_SANDY","3","SANDY_CUBA_2012",2016-02-01,0.7,"C"
"DEAN_QROO_MX","5","DEAN_QROO_MX_2007",2016-02-01,0.78,"SG"
"FL_US_CHARLEY","1","CHARLEY_2004",2016-02-01,0.8,"FP"
"FL_US_FRANCES","1","FRANCES_US_FL_2004",2016-02-01,0.8,"FP"
"FL_US_IAN","1","IAN_US_FL_2022",2016-02-01,0.8,"FP"
"FL_US_IRMA","1","IRMA_US_FL_2017",2016-02-01,0.77,"FP"
"FL_US_JEANNE","1","JEANNE_US_FL_2004",2016-02-01,0.8,"FP"
"FL_US_MICHAEL","4","MICHAEL_US_FL_2018",2016-02-01,0.66,"SUS"
"FL_US_WILMA","1","WILMA_US_FL_2005",2016-02-01,0.74,"FP"
"LA_US_GUSTAV","4","GUSTAV_US_LA_2008",2016-02-01,0.58,"SUS"
"LA_US_IDA","4","IDA_US_LA_2009",2016-02-01,0.6,"SUS"
"LA_US_KATRINA","4","KATRINA_US_LA_2005",2016-02-01,0.6,"SUS"
"LA_US_LAURA","4","LAURA_US_LA_2020",2016-02-01,0.66,"SUS"
"LA_US_ZETA","4","ZETA_US_LA_2020",2016-02-01,0.55,"SUS"
"MX_ERNESTO","5","ERNESTO_MX_2012",2016-02-01,0.77,"SG"
"MX_GRACE","3","GRACE_MX_2021",2016-02-01,0.51,"C"
"MX_TAMPS_EMILY","6","EMILY_TAMPS_MX_2005",2016-02-01,1.05,"WG"
"NC_US_ISABEL","4","ISABEL_US_NC_2003",2016-02-01,0.46,"SUS"
"NIC_ETA","2","ETA_NIC_2020",2016-02-01,0.61,"CA"
"NIC_FELIX","2","FELIX_NIC_2007",2016-02-01,0.53,"CA"
"NIC_IOTA","2","IOTA_NIC_2020",2016-02-01,0.63,"CA"
"PR_USA_MARIA","3","MARIA_US_PR_2017",2016-02-01,0.82,"C"
"QROO_WILMA","3","WILMA_QROO_2005",2016-02-01,0.62,"C"
"TX_US_HARVEY","6","HARVEY_US_TX_2017",2016-02-01,0.87,"WG"
"TX_US_IKE","4","IKE_US_TX_2008",2016-02-01,0.71,"SUS"
"TX_US_RITA","4","RITA_US_TX_2005",2016-02-01,0.68,"SUS"
"US_FL_DELTA","4","DELTA_US_LA_2020",2016-02-01,0.66,"SUS"
"US_FL_DENNIS","4","DENNIS_US_FL_2005",2016-02-01,0.63,"SUS"
"VER_MX_KARL","5","KARL_MX_VER_2010",2016-02-01,0.81,"SG"
"YUC_DELTA","5","DELTA_YUCATAN_MX_2020",2016-02-01,0.65,"SG"
"YUC_MX_EMILY","5","EMILY_MX_YUC_2005",2016-02-01,0.79,"SG"
"YUC_MX_ISIDORE","5","ISIDORE_MX_YUC_2002",2016-02-01,0.89,"SG"
"AL_US_IVAN","4","IVAN_US_AL_2004",2016-03-01,0.76,"SUS"
"AL_US_SALLY","4","SALLY_US_AL_2020",2016-03-01,0.71,"SUS"
"ALEX","6","ALEX_2010",2016-03-01,1.15,"WG"
"BELICE_RICHARD","3","RICHARD_BELICE_2010",2016-03-01,0.86,"C"
"BELIZE_IRIS","2","IRIS_BELIZE_2001",2016-03-01,0.8,"CA"
"BETA","2","BETA_2005",2016-03-01,0.82,"CA"
"CR_OTTO","2","OTTO_CR_2016",2016-03-01,1.08,"CA"
"CUBA_DENNIS","3","DENNIS_CUBA_2005",2016-03-01,1.19,"C"
"CUBA_GUSTAV","3","GUSTAV_CUBA_2008",2016-03-01,0.91,"C"
"CUBA_IAN","3","IAN_CUBA_2022",2016-03-01,0.87,"C"
"CUBA_MICHELLE","3","MICHELLE_CUBA_2001",2016-03-01,1.21,"C"
"CUBA_PALOMA","3","PALOMA_CUBA_2008",2016-03-01,1.1,"C"
"CUBA_SANDY","3","SANDY_CUBA_2012",2016-03-01,0.96,"C"
"DEAN_QROO_MX","5","DEAN_QROO_MX_2007",2016-03-01,0.92,"SG"
"FL_US_CHARLEY","1","CHARLEY_2004",2016-03-01,0.92,"FP"
"FL_US_FRANCES","1","FRANCES_US_FL_2004",2016-03-01,0.92,"FP"
"FL_US_IAN","1","IAN_US_FL_2022",2016-03-01,0.92,"FP"
"FL_US_IRMA","1","IRMA_US_FL_2017",2016-03-01,0.87,"FP"
"FL_US_JEANNE","1","JEANNE_US_FL_2004",2016-03-01,0.92,"FP"
"FL_US_MICHAEL","4","MICHAEL_US_FL_2018",2016-03-01,0.79,"SUS"
"FL_US_WILMA","1","WILMA_US_FL_2005",2016-03-01,0.86,"FP"
"LA_US_GUSTAV","4","GUSTAV_US_LA_2008",2016-03-01,0.65,"SUS"
"LA_US_IDA","4","IDA_US_LA_2009",2016-03-01,0.64,"SUS"
"LA_US_KATRINA","4","KATRINA_US_LA_2005",2016-03-01,0.7,"SUS"
"LA_US_LAURA","4","LAURA_US_LA_2020",2016-03-01,0.73,"SUS"
"LA_US_ZETA","4","ZETA_US_LA_2020",2016-03-01,0.59,"SUS"
"MX_ERNESTO","5","ERNESTO_MX_2012",2016-03-01,0.92,"SG"
"MX_GRACE","3","GRACE_MX_2021",2016-03-01,0.59,"C"
"MX_TAMPS_EMILY","6","EMILY_TAMPS_MX_2005",2016-03-01,1.02,"WG"
"NC_US_ISABEL","4","ISABEL_US_NC_2003",2016-03-01,0.76,"SUS"
"NIC_ETA","2","ETA_NIC_2020",2016-03-01,0.82,"CA"
"NIC_FELIX","2","FELIX_NIC_2007",2016-03-01,0.75,"CA"
"NIC_IOTA","2","IOTA_NIC_2020",2016-03-01,0.84,"CA"
"PR_USA_MARIA","3","MARIA_US_PR_2017",2016-03-01,0.85,"C"
"QROO_WILMA","3","WILMA_QROO_2005",2016-03-01,0.62,"C"
"TX_US_HARVEY","6","HARVEY_US_TX_2017",2016-03-01,0.78,"WG"
"TX_US_IKE","4","IKE_US_TX_2008",2016-03-01,0.71,"SUS"
"TX_US_RITA","4","RITA_US_TX_2005",2016-03-01,0.71,"SUS"
"US_FL_DELTA","4","DELTA_US_LA_2020",2016-03-01,0.74,"SUS"
"US_FL_DENNIS","4","DENNIS_US_FL_2005",2016-03-01,0.78,"SUS"
"VER_MX_KARL","5","KARL_MX_VER_2010",2016-03-01,1.05,"SG"
"YUC_DELTA","5","DELTA_YUCATAN_MX_2020",2016-03-01,0.67,"SG"
"YUC_MX_EMILY","5","EMILY_MX_YUC_2005",2016-03-01,0.86,"SG"
"YUC_MX_ISIDORE","5","ISIDORE_MX_YUC_2002",2016-03-01,1.13,"SG"
"AL_US_IVAN","4","IVAN_US_AL_2004",2016-04-01,0.93,"SUS"
"AL_US_SALLY","4","SALLY_US_AL_2020",2016-04-01,0.88,"SUS"
"ALEX","6","ALEX_2010",2016-04-01,1.22,"WG"
"BELICE_RICHARD","3","RICHARD_BELICE_2010",2016-04-01,1.12,"C"
"BELIZE_IRIS","2","IRIS_BELIZE_2001",2016-04-01,1.1,"CA"
"BETA","2","BETA_2005",2016-04-01,0.92,"CA"
"CR_OTTO","2","OTTO_CR_2016",2016-04-01,1.06,"CA"
"CUBA_DENNIS","3","DENNIS_CUBA_2005",2016-04-01,1.3,"C"
"CUBA_GUSTAV","3","GUSTAV_CUBA_2008",2016-04-01,1.07,"C"
"CUBA_IAN","3","IAN_CUBA_2022",2016-04-01,1.05,"C"
"CUBA_MICHELLE","3","MICHELLE_CUBA_2001",2016-04-01,1.29,"C"
"CUBA_PALOMA","3","PALOMA_CUBA_2008",2016-04-01,1.26,"C"
"CUBA_SANDY","3","SANDY_CUBA_2012",2016-04-01,1.04,"C"
"DEAN_QROO_MX","5","DEAN_QROO_MX_2007",2016-04-01,1.11,"SG"
"FL_US_CHARLEY","1","CHARLEY_2004",2016-04-01,1.12,"FP"
"FL_US_FRANCES","1","FRANCES_US_FL_2004",2016-04-01,1.1,"FP"
"FL_US_IAN","1","IAN_US_FL_2022",2016-04-01,1.12,"FP"
"FL_US_IRMA","1","IRMA_US_FL_2017",2016-04-01,1.08,"FP"
"FL_US_JEANNE","1","JEANNE_US_FL_2004",2016-04-01,1.1,"FP"
"FL_US_MICHAEL","4","MICHAEL_US_FL_2018",2016-04-01,0.99,"SUS"
"FL_US_WILMA","1","WILMA_US_FL_2005",2016-04-01,1.05,"FP"
"LA_US_GUSTAV","4","GUSTAV_US_LA_2008",2016-04-01,0.82,"SUS"
"LA_US_IDA","4","IDA_US_LA_2009",2016-04-01,0.81,"SUS"
"LA_US_KATRINA","4","KATRINA_US_LA_2005",2016-04-01,0.84,"SUS"
"LA_US_LAURA","4","LAURA_US_LA_2020",2016-04-01,0.84,"SUS"
"LA_US_ZETA","4","ZETA_US_LA_2020",2016-04-01,0.75,"SUS"
"MX_ERNESTO","5","ERNESTO_MX_2012",2016-04-01,1.11,"SG"
"MX_GRACE","3","GRACE_MX_2021",2016-04-01,0.73,"C"
"MX_TAMPS_EMILY","6","EMILY_TAMPS_MX_2005",2016-04-01,1.12,"WG"
"NC_US_ISABEL","4","ISABEL_US_NC_2003",2016-04-01,0.83,"SUS"
"NIC_ETA","2","ETA_NIC_2020",2016-04-01,0.94,"CA"
"NIC_FELIX","2","FELIX_NIC_2007",2016-04-01,0.85,"CA"
"NIC_IOTA","2","IOTA_NIC_2020",2016-04-01,0.95,"CA"
"PR_USA_MARIA","3","MARIA_US_PR_2017",2016-04-01,0.79,"C"
"QROO_WILMA","3","WILMA_QROO_2005",2016-04-01,0.87,"C"
"TX_US_HARVEY","6","HARVEY_US_TX_2017",2016-04-01,0.89,"WG"
"TX_US_IKE","4","IKE_US_TX_2008",2016-04-01,0.79,"SUS"
"TX_US_RITA","4","RITA_US_TX_2005",2016-04-01,0.81,"SUS"
"US_FL_DELTA","4","DELTA_US_LA_2020",2016-04-01,0.89,"SUS"
"US_FL_DENNIS","4","DENNIS_US_FL_2005",2016-04-01,0.94,"SUS"
"VER_MX_KARL","5","KARL_MX_VER_2010",2016-04-01,1.25,"SG"
"YUC_DELTA","5","DELTA_YUCATAN_MX_2020",2016-04-01,0.9,"SG"
"YUC_MX_EMILY","5","EMILY_MX_YUC_2005",2016-04-01,1,"SG"
"YUC_MX_ISIDORE","5","ISIDORE_MX_YUC_2002",2016-04-01,1.33,"SG"
"AL_US_IVAN","4","IVAN_US_AL_2004",2016-05-01,1.05,"SUS"
"AL_US_SALLY","4","SALLY_US_AL_2020",2016-05-01,1.03,"SUS"
"ALEX","6","ALEX_2010",2016-05-01,1.39,"WG"
"BELICE_RICHARD","3","RICHARD_BELICE_2010",2016-05-01,1.28,"C"
"BELIZE_IRIS","2","IRIS_BELIZE_2001",2016-05-01,1.19,"CA"
"BETA","2","BETA_2005",2016-05-01,0.73,"CA"
"CR_OTTO","2","OTTO_CR_2016",2016-05-01,0.88,"CA"
"CUBA_DENNIS","3","DENNIS_CUBA_2005",2016-05-01,1.25,"C"
"CUBA_GUSTAV","3","GUSTAV_CUBA_2008",2016-05-01,1.11,"C"
"CUBA_IAN","3","IAN_CUBA_2022",2016-05-01,1.08,"C"
"CUBA_MICHELLE","3","MICHELLE_CUBA_2001",2016-05-01,1.23,"C"
"CUBA_PALOMA","3","PALOMA_CUBA_2008",2016-05-01,1.04,"C"
"CUBA_SANDY","3","SANDY_CUBA_2012",2016-05-01,0.88,"C"
"DEAN_QROO_MX","5","DEAN_QROO_MX_2007",2016-05-01,1.37,"SG"
"FL_US_CHARLEY","1","CHARLEY_2004",2016-05-01,1.24,"FP"
"FL_US_FRANCES","1","FRANCES_US_FL_2004",2016-05-01,1.12,"FP"
"FL_US_IAN","1","IAN_US_FL_2022",2016-05-01,1.22,"FP"
"FL_US_IRMA","1","IRMA_US_FL_2017",2016-05-01,1.15,"FP"
"FL_US_JEANNE","1","JEANNE_US_FL_2004",2016-05-01,1.12,"FP"
"FL_US_MICHAEL","4","MICHAEL_US_FL_2018",2016-05-01,1.2,"SUS"
"FL_US_WILMA","1","WILMA_US_FL_2005",2016-05-01,1.1,"FP"
"LA_US_GUSTAV","4","GUSTAV_US_LA_2008",2016-05-01,1,"SUS"
"LA_US_IDA","4","IDA_US_LA_2009",2016-05-01,0.99,"SUS"
"LA_US_KATRINA","4","KATRINA_US_LA_2005",2016-05-01,0.96,"SUS"
"LA_US_LAURA","4","LAURA_US_LA_2020",2016-05-01,0.92,"SUS"
"LA_US_ZETA","4","ZETA_US_LA_2020",2016-05-01,0.93,"SUS"
"MX_ERNESTO","5","ERNESTO_MX_2012",2016-05-01,1.36,"SG"
"MX_GRACE","3","GRACE_MX_2021",2016-05-01,0.85,"C"
"MX_TAMPS_EMILY","6","EMILY_TAMPS_MX_2005",2016-05-01,1.26,"WG"
"NC_US_ISABEL","4","ISABEL_US_NC_2003",2016-05-01,0.77,"SUS"
"NIC_ETA","2","ETA_NIC_2020",2016-05-01,0.81,"CA"
"NIC_FELIX","2","FELIX_NIC_2007",2016-05-01,0.82,"CA"
"NIC_IOTA","2","IOTA_NIC_2020",2016-05-01,0.82,"CA"
"PR_USA_MARIA","3","MARIA_US_PR_2017",2016-05-01,0.82,"C"
"QROO_WILMA","3","WILMA_QROO_2005",2016-05-01,1.08,"C"
"TX_US_HARVEY","6","HARVEY_US_TX_2017",2016-05-01,0.92,"WG"
"TX_US_IKE","4","IKE_US_TX_2008",2016-05-01,0.79,"SUS"
"TX_US_RITA","4","RITA_US_TX_2005",2016-05-01,0.86,"SUS"
"US_FL_DELTA","4","DELTA_US_LA_2020",2016-05-01,0.99,"SUS"
"US_FL_DENNIS","4","DENNIS_US_FL_2005",2016-05-01,1.08,"SUS"
"VER_MX_KARL","5","KARL_MX_VER_2010",2016-05-01,1.29,"SG"
"YUC_DELTA","5","DELTA_YUCATAN_MX_2020",2016-05-01,1.12,"SG"
"YUC_MX_EMILY","5","EMILY_MX_YUC_2005",2016-05-01,1.27,"SG"
"YUC_MX_ISIDORE","5","ISIDORE_MX_YUC_2002",2016-05-01,1.55,"SG"
"AL_US_IVAN","4","IVAN_US_AL_2004",2016-06-01,1.26,"SUS"
"AL_US_SALLY","4","SALLY_US_AL_2020",2016-06-01,1.2,"SUS"
"ALEX","6","ALEX_2010",2016-06-01,1.41,"WG"
"BELICE_RICHARD","3","RICHARD_BELICE_2010",2016-06-01,0.99,"C"
"BELIZE_IRIS","2","IRIS_BELIZE_2001",2016-06-01,0.84,"CA"
"BETA","2","BETA_2005",2016-06-01,0.4,"CA"
"CR_OTTO","2","OTTO_CR_2016",2016-06-01,0.62,"CA"
"CUBA_DENNIS","3","DENNIS_CUBA_2005",2016-06-01,0.95,"C"
"CUBA_GUSTAV","3","GUSTAV_CUBA_2008",2016-06-01,0.8,"C"
"CUBA_IAN","3","IAN_CUBA_2022",2016-06-01,0.78,"C"
"CUBA_MICHELLE","3","MICHELLE_CUBA_2001",2016-06-01,0.96,"C"
"CUBA_PALOMA","3","PALOMA_CUBA_2008",2016-06-01,0.91,"C"
"CUBA_SANDY","3","SANDY_CUBA_2012",2016-06-01,0.83,"C"
"DEAN_QROO_MX","5","DEAN_QROO_MX_2007",2016-06-01,0.93,"SG"
"FL_US_CHARLEY","1","CHARLEY_2004",2016-06-01,1.11,"FP"
"FL_US_FRANCES","1","FRANCES_US_FL_2004",2016-06-01,1.05,"FP"
"FL_US_IAN","1","IAN_US_FL_2022",2016-06-01,1.11,"FP"
"FL_US_IRMA","1","IRMA_US_FL_2017",2016-06-01,1.05,"FP"
"FL_US_JEANNE","1","JEANNE_US_FL_2004",2016-06-01,1.05,"FP"
"FL_US_MICHAEL","4","MICHAEL_US_FL_2018",2016-06-01,1.33,"SUS"
"FL_US_WILMA","1","WILMA_US_FL_2005",2016-06-01,0.98,"FP"
"LA_US_GUSTAV","4","GUSTAV_US_LA_2008",2016-06-01,1.13,"SUS"
"LA_US_IDA","4","IDA_US_LA_2009",2016-06-01,1.14,"SUS"
"LA_US_KATRINA","4","KATRINA_US_LA_2005",2016-06-01,1.17,"SUS"
"LA_US_LAURA","4","LAURA_US_LA_2020",2016-06-01,1.05,"SUS"
"LA_US_ZETA","4","ZETA_US_LA_2020",2016-06-01,1.08,"SUS"
"MX_ERNESTO","5","ERNESTO_MX_2012",2016-06-01,0.92,"SG"
"MX_GRACE","3","GRACE_MX_2021",2016-06-01,0.79,"C"
"MX_TAMPS_EMILY","6","EMILY_TAMPS_MX_2005",2016-06-01,1.39,"WG"
"NC_US_ISABEL","4","ISABEL_US_NC_2003",2016-06-01,1.07,"SUS"
"NIC_ETA","2","ETA_NIC_2020",2016-06-01,0.49,"CA"
"NIC_FELIX","2","FELIX_NIC_2007",2016-06-01,0.49,"CA"
"NIC_IOTA","2","IOTA_NIC_2020",2016-06-01,0.49,"CA"
"PR_USA_MARIA","3","MARIA_US_PR_2017",2016-06-01,0.88,"C"
"QROO_WILMA","3","WILMA_QROO_2005",2016-06-01,0.87,"C"
"TX_US_HARVEY","6","HARVEY_US_TX_2017",2016-06-01,1.19,"WG"
"TX_US_IKE","4","IKE_US_TX_2008",2016-06-01,1.01,"SUS"
"TX_US_RITA","4","RITA_US_TX_2005",2016-06-01,1.01,"SUS"
"US_FL_DELTA","4","DELTA_US_LA_2020",2016-06-01,1.1,"SUS"
"US_FL_DENNIS","4","DENNIS_US_FL_2005",2016-06-01,1.29,"SUS"
"VER_MX_KARL","5","KARL_MX_VER_2010",2016-06-01,0.98,"SG"
"YUC_DELTA","5","DELTA_YUCATAN_MX_2020",2016-06-01,0.89,"SG"
"YUC_MX_EMILY","5","EMILY_MX_YUC_2005",2016-06-01,0.96,"SG"
"YUC_MX_ISIDORE","5","ISIDORE_MX_YUC_2002",2016-06-01,1.03,"SG"
"AL_US_IVAN","4","IVAN_US_AL_2004",2016-07-01,1.25,"SUS"
"AL_US_SALLY","4","SALLY_US_AL_2020",2016-07-01,1.21,"SUS"
"ALEX","6","ALEX_2010",2016-07-01,1.79,"WG"
"BELICE_RICHARD","3","RICHARD_BELICE_2010",2016-07-01,1.11,"C"
"BELIZE_IRIS","2","IRIS_BELIZE_2001",2016-07-01,0.84,"CA"
"BETA","2","BETA_2005",2016-07-01,0.41,"CA"
"CR_OTTO","2","OTTO_CR_2016",2016-07-01,0.61,"CA"
"CUBA_DENNIS","3","DENNIS_CUBA_2005",2016-07-01,1.06,"C"
"CUBA_GUSTAV","3","GUSTAV_CUBA_2008",2016-07-01,0.87,"C"
"CUBA_IAN","3","IAN_CUBA_2022",2016-07-01,0.84,"C"
"CUBA_MICHELLE","3","MICHELLE_CUBA_2001",2016-07-01,1.05,"C"
"CUBA_PALOMA","3","PALOMA_CUBA_2008",2016-07-01,1.04,"C"
"CUBA_SANDY","3","SANDY_CUBA_2012",2016-07-01,0.9,"C"
"DEAN_QROO_MX","5","DEAN_QROO_MX_2007",2016-07-01,1.18,"SG"
"FL_US_CHARLEY","1","CHARLEY_2004",2016-07-01,1.29,"FP"
"FL_US_FRANCES","1","FRANCES_US_FL_2004",2016-07-01,1.24,"FP"
"FL_US_IAN","1","IAN_US_FL_2022",2016-07-01,1.29,"FP"
"FL_US_IRMA","1","IRMA_US_FL_2017",2016-07-01,1.27,"FP"
"FL_US_JEANNE","1","JEANNE_US_FL_2004",2016-07-01,1.24,"FP"
"FL_US_MICHAEL","4","MICHAEL_US_FL_2018",2016-07-01,1.27,"SUS"
"FL_US_WILMA","1","WILMA_US_FL_2005",2016-07-01,1.2,"FP"
"LA_US_GUSTAV","4","GUSTAV_US_LA_2008",2016-07-01,1.28,"SUS"
"LA_US_IDA","4","IDA_US_LA_2009",2016-07-01,1.25,"SUS"
"LA_US_KATRINA","4","KATRINA_US_LA_2005",2016-07-01,1.21,"SUS"
"LA_US_LAURA","4","LAURA_US_LA_2020",2016-07-01,1.25,"SUS"
"LA_US_ZETA","4","ZETA_US_LA_2020",2016-07-01,1.22,"SUS"
"MX_ERNESTO","5","ERNESTO_MX_2012",2016-07-01,1.18,"SG"
"MX_GRACE","3","GRACE_MX_2021",2016-07-01,0.85,"C"
"MX_TAMPS_EMILY","6","EMILY_TAMPS_MX_2005",2016-07-01,1.83,"WG"
"NC_US_ISABEL","4","ISABEL_US_NC_2003",2016-07-01,1.16,"SUS"
"NIC_ETA","2","ETA_NIC_2020",2016-07-01,0.52,"CA"
"NIC_FELIX","2","FELIX_NIC_2007",2016-07-01,0.49,"CA"
"NIC_IOTA","2","IOTA_NIC_2020",2016-07-01,0.53,"CA"
"PR_USA_MARIA","3","MARIA_US_PR_2017",2016-07-01,0.81,"C"
"QROO_WILMA","3","WILMA_QROO_2005",2016-07-01,0.97,"C"
"TX_US_HARVEY","6","HARVEY_US_TX_2017",2016-07-01,1.47,"WG"
"TX_US_IKE","4","IKE_US_TX_2008",2016-07-01,1.4,"SUS"
"TX_US_RITA","4","RITA_US_TX_2005",2016-07-01,1.26,"SUS"
"US_FL_DELTA","4","DELTA_US_LA_2020",2016-07-01,1.28,"SUS"
"US_FL_DENNIS","4","DENNIS_US_FL_2005",2016-07-01,1.26,"SUS"
"VER_MX_KARL","5","KARL_MX_VER_2010",2016-07-01,0.87,"SG"
"YUC_DELTA","5","DELTA_YUCATAN_MX_2020",2016-07-01,0.98,"SG"
"YUC_MX_EMILY","5","EMILY_MX_YUC_2005",2016-07-01,1.09,"SG"
"YUC_MX_ISIDORE","5","ISIDORE_MX_YUC_2002",2016-07-01,0.99,"SG"
"AL_US_IVAN","4","IVAN_US_AL_2004",2016-08-01,1.11,"SUS"
"AL_US_SALLY","4","SALLY_US_AL_2020",2016-08-01,1.07,"SUS"
"ALEX","6","ALEX_2010",2016-08-01,1.71,"WG"
"BELICE_RICHARD","3","RICHARD_BELICE_2010",2016-08-01,0.79,"C"
"BELIZE_IRIS","2","IRIS_BELIZE_2001",2016-08-01,0.68,"CA"
"BETA","2","BETA_2005",2016-08-01,0.41,"CA"
"CR_OTTO","2","OTTO_CR_2016",2016-08-01,0.6,"CA"
"CUBA_DENNIS","3","DENNIS_CUBA_2005",2016-08-01,1.08,"C"
"CUBA_GUSTAV","3","GUSTAV_CUBA_2008",2016-08-01,0.82,"C"
"CUBA_IAN","3","IAN_CUBA_2022",2016-08-01,0.79,"C"
"CUBA_MICHELLE","3","MICHELLE_CUBA_2001",2016-08-01,1.06,"C"
"CUBA_PALOMA","3","PALOMA_CUBA_2008",2016-08-01,1.09,"C"
"CUBA_SANDY","3","SANDY_CUBA_2012",2016-08-01,0.98,"C"
"DEAN_QROO_MX","5","DEAN_QROO_MX_2007",2016-08-01,0.97,"SG"
"FL_US_CHARLEY","1","CHARLEY_2004",2016-08-01,1.12,"FP"
"FL_US_FRANCES","1","FRANCES_US_FL_2004",2016-08-01,1.06,"FP"
"FL_US_IAN","1","IAN_US_FL_2022",2016-08-01,1.12,"FP"
"FL_US_IRMA","1","IRMA_US_FL_2017",2016-08-01,1.09,"FP"
"FL_US_JEANNE","1","JEANNE_US_FL_2004",2016-08-01,1.05,"FP"
"FL_US_MICHAEL","4","MICHAEL_US_FL_2018",2016-08-01,1.13,"SUS"
"FL_US_WILMA","1","WILMA_US_FL_2005",2016-08-01,1.03,"FP"
"LA_US_GUSTAV","4","GUSTAV_US_LA_2008",2016-08-01,1.08,"SUS"
"LA_US_IDA","4","IDA_US_LA_2009",2016-08-01,1.06,"SUS"
"LA_US_KATRINA","4","KATRINA_US_LA_2005",2016-08-01,1.04,"SUS"
"LA_US_LAURA","4","LAURA_US_LA_2020",2016-08-01,1.08,"SUS"
"LA_US_ZETA","4","ZETA_US_LA_2020",2016-08-01,1.04,"SUS"
"MX_ERNESTO","5","ERNESTO_MX_2012",2016-08-01,0.97,"SG"
"MX_GRACE","3","GRACE_MX_2021",2016-08-01,0.69,"C"
"MX_TAMPS_EMILY","6","EMILY_TAMPS_MX_2005",2016-08-01,1.81,"WG"
"NC_US_ISABEL","4","ISABEL_US_NC_2003",2016-08-01,1.04,"SUS"
"NIC_ETA","2","ETA_NIC_2020",2016-08-01,0.53,"CA"
"NIC_FELIX","2","FELIX_NIC_2007",2016-08-01,0.52,"CA"
"NIC_IOTA","2","IOTA_NIC_2020",2016-08-01,0.55,"CA"
"PR_USA_MARIA","3","MARIA_US_PR_2017",2016-08-01,0.79,"C"
"QROO_WILMA","3","WILMA_QROO_2005",2016-08-01,0.82,"C"
"TX_US_HARVEY","6","HARVEY_US_TX_2017",2016-08-01,1.32,"WG"
"TX_US_IKE","4","IKE_US_TX_2008",2016-08-01,1.16,"SUS"
"TX_US_RITA","4","RITA_US_TX_2005",2016-08-01,1.1,"SUS"
"US_FL_DELTA","4","DELTA_US_LA_2020",2016-08-01,1.12,"SUS"
"US_FL_DENNIS","4","DENNIS_US_FL_2005",2016-08-01,1.13,"SUS"
"VER_MX_KARL","5","KARL_MX_VER_2010",2016-08-01,0.77,"SG"
"YUC_DELTA","5","DELTA_YUCATAN_MX_2020",2016-08-01,0.83,"SG"
"YUC_MX_EMILY","5","EMILY_MX_YUC_2005",2016-08-01,0.94,"SG"
"YUC_MX_ISIDORE","5","ISIDORE_MX_YUC_2002",2016-08-01,0.9,"SG"
"AL_US_IVAN","4","IVAN_US_AL_2004",2016-09-01,1.28,"SUS"
"AL_US_SALLY","4","SALLY_US_AL_2020",2016-09-01,1.2,"SUS"
"ALEX","6","ALEX_2010",2016-09-01,1.52,"WG"
"BELICE_RICHARD","3","RICHARD_BELICE_2010",2016-09-01,0.88,"C"
"BELIZE_IRIS","2","IRIS_BELIZE_2001",2016-09-01,0.69,"CA"
"BETA","2","BETA_2005",2016-09-01,0.42,"CA"
"CR_OTTO","2","OTTO_CR_2016",2016-09-01,0.6,"CA"
"CUBA_DENNIS","3","DENNIS_CUBA_2005",2016-09-01,0.92,"C"
"CUBA_GUSTAV","3","GUSTAV_CUBA_2008",2016-09-01,0.74,"C"
"CUBA_IAN","3","IAN_CUBA_2022",2016-09-01,0.71,"C"
"CUBA_MICHELLE","3","MICHELLE_CUBA_2001",2016-09-01,0.91,"C"
"CUBA_PALOMA","3","PALOMA_CUBA_2008",2016-09-01,0.91,"C"
"CUBA_SANDY","3","SANDY_CUBA_2012",2016-09-01,0.85,"C"
"DEAN_QROO_MX","5","DEAN_QROO_MX_2007",2016-09-01,0.98,"SG"
"FL_US_CHARLEY","1","CHARLEY_2004",2016-09-01,1.03,"FP"
"FL_US_FRANCES","1","FRANCES_US_FL_2004",2016-09-01,0.92,"FP"
"FL_US_IAN","1","IAN_US_FL_2022",2016-09-01,1.02,"FP"
"FL_US_IRMA","1","IRMA_US_FL_2017",2016-09-01,0.99,"FP"
"FL_US_JEANNE","1","JEANNE_US_FL_2004",2016-09-01,0.92,"FP"
"FL_US_MICHAEL","4","MICHAEL_US_FL_2018",2016-09-01,1.19,"SUS"
"FL_US_WILMA","1","WILMA_US_FL_2005",2016-09-01,0.94,"FP"
"LA_US_GUSTAV","4","GUSTAV_US_LA_2008",2016-09-01,1.24,"SUS"
"LA_US_IDA","4","IDA_US_LA_2009",2016-09-01,1.23,"SUS"
"LA_US_KATRINA","4","KATRINA_US_LA_2005",2016-09-01,1.2,"SUS"
"LA_US_LAURA","4","LAURA_US_LA_2020",2016-09-01,1.23,"SUS"
"LA_US_ZETA","4","ZETA_US_LA_2020",2016-09-01,1.16,"SUS"
"MX_ERNESTO","5","ERNESTO_MX_2012",2016-09-01,0.97,"SG"
"MX_GRACE","3","GRACE_MX_2021",2016-09-01,0.6,"C"
"MX_TAMPS_EMILY","6","EMILY_TAMPS_MX_2005",2016-09-01,1.58,"WG"
"NC_US_ISABEL","4","ISABEL_US_NC_2003",2016-09-01,0.88,"SUS"
"NIC_ETA","2","ETA_NIC_2020",2016-09-01,0.52,"CA"
"NIC_FELIX","2","FELIX_NIC_2007",2016-09-01,0.55,"CA"
"NIC_IOTA","2","IOTA_NIC_2020",2016-09-01,0.51,"CA"
"PR_USA_MARIA","3","MARIA_US_PR_2017",2016-09-01,0.81,"C"
"QROO_WILMA","3","WILMA_QROO_2005",2016-09-01,0.79,"C"
"TX_US_HARVEY","6","HARVEY_US_TX_2017",2016-09-01,1.33,"WG"
"TX_US_IKE","4","IKE_US_TX_2008",2016-09-01,1.18,"SUS"
"TX_US_RITA","4","RITA_US_TX_2005",2016-09-01,1.19,"SUS"
"US_FL_DELTA","4","DELTA_US_LA_2020",2016-09-01,1.29,"SUS"
"US_FL_DENNIS","4","DENNIS_US_FL_2005",2016-09-01,1.3,"SUS"
"VER_MX_KARL","5","KARL_MX_VER_2010",2016-09-01,0.71,"SG"
"YUC_DELTA","5","DELTA_YUCATAN_MX_2020",2016-09-01,0.81,"SG"
"YUC_MX_EMILY","5","EMILY_MX_YUC_2005",2016-09-01,0.9,"SG"
"YUC_MX_ISIDORE","5","ISIDORE_MX_YUC_2002",2016-09-01,0.87,"SG"
"AL_US_IVAN","4","IVAN_US_AL_2004",2016-10-01,1.3,"SUS"
"AL_US_SALLY","4","SALLY_US_AL_2020",2016-10-01,1.24,"SUS"
"ALEX","6","ALEX_2010",2016-10-01,1.32,"WG"
"BELICE_RICHARD","3","RICHARD_BELICE_2010",2016-10-01,0.88,"C"
"BELIZE_IRIS","2","IRIS_BELIZE_2001",2016-10-01,0.68,"CA"
"BETA","2","BETA_2005",2016-10-01,0.55,"CA"
"CR_OTTO","2","OTTO_CR_2016",2016-10-01,0.53,"CA"
"CUBA_DENNIS","3","DENNIS_CUBA_2005",2016-10-01,0.93,"C"
"CUBA_GUSTAV","3","GUSTAV_CUBA_2008",2016-10-01,0.8,"C"
"CUBA_IAN","3","IAN_CUBA_2022",2016-10-01,0.78,"C"
"CUBA_MICHELLE","3","MICHELLE_CUBA_2001",2016-10-01,0.91,"C"
"CUBA_PALOMA","3","PALOMA_CUBA_2008",2016-10-01,0.79,"C"
"CUBA_SANDY","3","SANDY_CUBA_2012",2016-10-01,0.64,"C"
"DEAN_QROO_MX","5","DEAN_QROO_MX_2007",2016-10-01,0.99,"SG"
"FL_US_CHARLEY","1","CHARLEY_2004",2016-10-01,1.16,"FP"
"FL_US_FRANCES","1","FRANCES_US_FL_2004",2016-10-01,1.11,"FP"
"FL_US_IAN","1","IAN_US_FL_2022",2016-10-01,1.16,"FP"
"FL_US_IRMA","1","IRMA_US_FL_2017",2016-10-01,1.19,"FP"
"FL_US_JEANNE","1","JEANNE_US_FL_2004",2016-10-01,1.11,"FP"
"FL_US_MICHAEL","4","MICHAEL_US_FL_2018",2016-10-01,1.23,"SUS"
"FL_US_WILMA","1","WILMA_US_FL_2005",2016-10-01,1.13,"FP"
"LA_US_GUSTAV","4","GUSTAV_US_LA_2008",2016-10-01,1.2,"SUS"
"LA_US_IDA","4","IDA_US_LA_2009",2016-10-01,1.19,"SUS"
"LA_US_KATRINA","4","KATRINA_US_LA_2005",2016-10-01,1.18,"SUS"
"LA_US_LAURA","4","LAURA_US_LA_2020",2016-10-01,1.12,"SUS"
"LA_US_ZETA","4","ZETA_US_LA_2020",2016-10-01,1.15,"SUS"
"MX_ERNESTO","5","ERNESTO_MX_2012",2016-10-01,0.98,"SG"
"MX_GRACE","3","GRACE_MX_2021",2016-10-01,0.55,"C"
"MX_TAMPS_EMILY","6","EMILY_TAMPS_MX_2005",2016-10-01,1.42,"WG"
"NC_US_ISABEL","4","ISABEL_US_NC_2003",2016-10-01,0.73,"SUS"
"NIC_ETA","2","ETA_NIC_2020",2016-10-01,0.74,"CA"
"NIC_FELIX","2","FELIX_NIC_2007",2016-10-01,0.74,"CA"
"NIC_IOTA","2","IOTA_NIC_2020",2016-10-01,0.75,"CA"
"PR_USA_MARIA","3","MARIA_US_PR_2017",2016-10-01,0.7,"C"
"QROO_WILMA","3","WILMA_QROO_2005",2016-10-01,0.76,"C"
"TX_US_HARVEY","6","HARVEY_US_TX_2017",2016-10-01,1.25,"WG"
"TX_US_IKE","4","IKE_US_TX_2008",2016-10-01,1.07,"SUS"
"TX_US_RITA","4","RITA_US_TX_2005",2016-10-01,1.06,"SUS"
"US_FL_DELTA","4","DELTA_US_LA_2020",2016-10-01,1.19,"SUS"
"US_FL_DENNIS","4","DENNIS_US_FL_2005",2016-10-01,1.32,"SUS"
"VER_MX_KARL","5","KARL_MX_VER_2010",2016-10-01,0.76,"SG"
"YUC_DELTA","5","DELTA_YUCATAN_MX_2020",2016-10-01,0.78,"SG"
"YUC_MX_EMILY","5","EMILY_MX_YUC_2005",2016-10-01,0.88,"SG"
"YUC_MX_ISIDORE","5","ISIDORE_MX_YUC_2002",2016-10-01,0.92,"SG"
"AL_US_IVAN","4","IVAN_US_AL_2004",2016-11-01,1,"SUS"
"AL_US_SALLY","4","SALLY_US_AL_2020",2016-11-01,0.96,"SUS"
"ALEX","6","ALEX_2010",2016-11-01,0.9,"WG"
"BELICE_RICHARD","3","RICHARD_BELICE_2010",2016-11-01,0.73,"C"
"BELIZE_IRIS","2","IRIS_BELIZE_2001",2016-11-01,0.46,"CA"
"BETA","2","BETA_2005",2016-11-01,0.43,"CA"
"CR_OTTO","2","OTTO_CR_2016",2016-11-01,0.52,"CA"
"CUBA_DENNIS","3","DENNIS_CUBA_2005",2016-11-01,0.99,"C"
"CUBA_GUSTAV","3","GUSTAV_CUBA_2008",2016-11-01,0.87,"C"
"CUBA_IAN","3","IAN_CUBA_2022",2016-11-01,0.85,"C"
"CUBA_MICHELLE","3","MICHELLE_CUBA_2001",2016-11-01,0.97,"C"
"CUBA_PALOMA","3","PALOMA_CUBA_2008",2016-11-01,0.89,"C"
"CUBA_SANDY","3","SANDY_CUBA_2012",2016-11-01,0.79,"C"
"DEAN_QROO_MX","5","DEAN_QROO_MX_2007",2016-11-01,0.94,"SG"
"FL_US_CHARLEY","1","CHARLEY_2004",2016-11-01,1.01,"FP"
"FL_US_FRANCES","1","FRANCES_US_FL_2004",2016-11-01,0.94,"FP"
"FL_US_IAN","1","IAN_US_FL_2022",2016-11-01,1,"FP"
"FL_US_IRMA","1","IRMA_US_FL_2017",2016-11-01,1.02,"FP"
"FL_US_JEANNE","1","JEANNE_US_FL_2004",2016-11-01,0.95,"FP"
"FL_US_MICHAEL","4","MICHAEL_US_FL_2018",2016-11-01,0.99,"SUS"
"FL_US_WILMA","1","WILMA_US_FL_2005",2016-11-01,0.98,"FP"
"LA_US_GUSTAV","4","GUSTAV_US_LA_2008",2016-11-01,0.83,"SUS"
"LA_US_IDA","4","IDA_US_LA_2009",2016-11-01,0.81,"SUS"
"LA_US_KATRINA","4","KATRINA_US_LA_2005",2016-11-01,0.8,"SUS"
"LA_US_LAURA","4","LAURA_US_LA_2020",2016-11-01,0.75,"SUS"
"LA_US_ZETA","4","ZETA_US_LA_2020",2016-11-01,0.78,"SUS"
"MX_ERNESTO","5","ERNESTO_MX_2012",2016-11-01,0.92,"SG"
"MX_GRACE","3","GRACE_MX_2021",2016-11-01,0.45,"C"
"MX_TAMPS_EMILY","6","EMILY_TAMPS_MX_2005",2016-11-01,0.9,"WG"
"NC_US_ISABEL","4","ISABEL_US_NC_2003",2016-11-01,0.58,"SUS"
"NIC_ETA","2","ETA_NIC_2020",2016-11-01,0.46,"CA"
"NIC_FELIX","2","FELIX_NIC_2007",2016-11-01,0.46,"CA"
"NIC_IOTA","2","IOTA_NIC_2020",2016-11-01,0.48,"CA"
"PR_USA_MARIA","3","MARIA_US_PR_2017",2016-11-01,0.57,"C"
"QROO_WILMA","3","WILMA_QROO_2005",2016-11-01,0.8,"C"
"TX_US_HARVEY","6","HARVEY_US_TX_2017",2016-11-01,0.9,"WG"
"TX_US_IKE","4","IKE_US_TX_2008",2016-11-01,0.78,"SUS"
"TX_US_RITA","4","RITA_US_TX_2005",2016-11-01,0.73,"SUS"
"US_FL_DELTA","4","DELTA_US_LA_2020",2016-11-01,0.78,"SUS"
"US_FL_DENNIS","4","DENNIS_US_FL_2005",2016-11-01,1.02,"SUS"
"VER_MX_KARL","5","KARL_MX_VER_2010",2016-11-01,0.76,"SG"
"YUC_DELTA","5","DELTA_YUCATAN_MX_2020",2016-11-01,0.82,"SG"
"YUC_MX_EMILY","5","EMILY_MX_YUC_2005",2016-11-01,0.96,"SG"
"YUC_MX_ISIDORE","5","ISIDORE_MX_YUC_2002",2016-11-01,0.98,"SG"
"AL_US_IVAN","4","IVAN_US_AL_2004",2016-12-01,0.61,"SUS"
"AL_US_SALLY","4","SALLY_US_AL_2020",2016-12-01,0.6,"SUS"
"ALEX","6","ALEX_2010",2016-12-01,0.68,"WG"
"BELICE_RICHARD","3","RICHARD_BELICE_2010",2016-12-01,0.7,"C"
"BELIZE_IRIS","2","IRIS_BELIZE_2001",2016-12-01,0.53,"CA"
"BETA","2","BETA_2005",2016-12-01,0.36,"CA"
"CR_OTTO","2","OTTO_CR_2016",2016-12-01,0.57,"CA"
"CUBA_DENNIS","3","DENNIS_CUBA_2005",2016-12-01,1.07,"C"
"CUBA_GUSTAV","3","GUSTAV_CUBA_2008",2016-12-01,0.76,"C"
"CUBA_IAN","3","IAN_CUBA_2022",2016-12-01,0.73,"C"
"CUBA_MICHELLE","3","MICHELLE_CUBA_2001",2016-12-01,1.08,"C"
"CUBA_PALOMA","3","PALOMA_CUBA_2008",2016-12-01,0.81,"C"
"CUBA_SANDY","3","SANDY_CUBA_2012",2016-12-01,0.73,"C"
"DEAN_QROO_MX","5","DEAN_QROO_MX_2007",2016-12-01,0.87,"SG"
"FL_US_CHARLEY","1","CHARLEY_2004",2016-12-01,0.85,"FP"
"FL_US_FRANCES","1","FRANCES_US_FL_2004",2016-12-01,0.81,"FP"
"FL_US_IAN","1","IAN_US_FL_2022",2016-12-01,0.86,"FP"
"FL_US_IRMA","1","IRMA_US_FL_2017",2016-12-01,0.88,"FP"
"FL_US_JEANNE","1","JEANNE_US_FL_2004",2016-12-01,0.81,"FP"
"FL_US_MICHAEL","4","MICHAEL_US_FL_2018",2016-12-01,0.67,"SUS"
"FL_US_WILMA","1","WILMA_US_FL_2005",2016-12-01,0.86,"FP"
"LA_US_GUSTAV","4","GUSTAV_US_LA_2008",2016-12-01,0.43,"SUS"
"LA_US_IDA","4","IDA_US_LA_2009",2016-12-01,0.46,"SUS"
"LA_US_KATRINA","4","KATRINA_US_LA_2005",2016-12-01,0.5,"SUS"
"LA_US_LAURA","4","LAURA_US_LA_2020",2016-12-01,0.46,"SUS"
"LA_US_ZETA","4","ZETA_US_LA_2020",2016-12-01,0.44,"SUS"
"MX_ERNESTO","5","ERNESTO_MX_2012",2016-12-01,0.86,"SG"
"MX_GRACE","3","GRACE_MX_2021",2016-12-01,0.43,"C"
"MX_TAMPS_EMILY","6","EMILY_TAMPS_MX_2005",2016-12-01,0.63,"WG"
"NC_US_ISABEL","4","ISABEL_US_NC_2003",2016-12-01,0.43,"SUS"
"NIC_ETA","2","ETA_NIC_2020",2016-12-01,0.4,"CA"
"NIC_FELIX","2","FELIX_NIC_2007",2016-12-01,0.38,"CA"
"NIC_IOTA","2","IOTA_NIC_2020",2016-12-01,0.42,"CA"
"PR_USA_MARIA","3","MARIA_US_PR_2017",2016-12-01,0.65,"C"
"QROO_WILMA","3","WILMA_QROO_2005",2016-12-01,0.63,"C"
"TX_US_HARVEY","6","HARVEY_US_TX_2017",2016-12-01,0.62,"WG"
"TX_US_IKE","4","IKE_US_TX_2008",2016-12-01,0.51,"SUS"
"TX_US_RITA","4","RITA_US_TX_2005",2016-12-01,0.46,"SUS"
"US_FL_DELTA","4","DELTA_US_LA_2020",2016-12-01,0.47,"SUS"
"US_FL_DENNIS","4","DENNIS_US_FL_2005",2016-12-01,0.63,"SUS"
"VER_MX_KARL","5","KARL_MX_VER_2010",2016-12-01,0.75,"SG"
"YUC_DELTA","5","DELTA_YUCATAN_MX_2020",2016-12-01,0.67,"SG"
"YUC_MX_EMILY","5","EMILY_MX_YUC_2005",2016-12-01,0.86,"SG"
"YUC_MX_ISIDORE","5","ISIDORE_MX_YUC_2002",2016-12-01,0.89,"SG"
"AL_US_IVAN","4","IVAN_US_AL_2004",2017-01-01,0.59,"SUS"
"AL_US_SALLY","4","SALLY_US_AL_2020",2017-01-01,0.58,"SUS"
"ALEX","6","ALEX_2010",2017-01-01,0.89,"WG"
"BELICE_RICHARD","3","RICHARD_BELICE_2010",2017-01-01,0.81,"C"
"BELIZE_IRIS","2","IRIS_BELIZE_2001",2017-01-01,0.67,"CA"
"BETA","2","BETA_2005",2017-01-01,0.58,"CA"
"CR_OTTO","2","OTTO_CR_2016",2017-01-01,0.76,"CA"
"CUBA_DENNIS","3","DENNIS_CUBA_2005",2017-01-01,1.06,"C"
"CUBA_GUSTAV","3","GUSTAV_CUBA_2008",2017-01-01,0.87,"C"
"CUBA_IAN","3","IAN_CUBA_2022",2017-01-01,0.85,"C"
"CUBA_MICHELLE","3","MICHELLE_CUBA_2001",2017-01-01,1.03,"C"
"CUBA_PALOMA","3","PALOMA_CUBA_2008",2017-01-01,0.93,"C"
"CUBA_SANDY","3","SANDY_CUBA_2012",2017-01-01,0.82,"C"
"DEAN_QROO_MX","5","DEAN_QROO_MX_2007",2017-01-01,0.98,"SG"
"FL_US_CHARLEY","1","CHARLEY_2004",2017-01-01,0.82,"FP"
"FL_US_FRANCES","1","FRANCES_US_FL_2004",2017-01-01,0.79,"FP"
"FL_US_IAN","1","IAN_US_FL_2022",2017-01-01,0.82,"FP"
"FL_US_IRMA","1","IRMA_US_FL_2017",2017-01-01,0.84,"FP"
"FL_US_JEANNE","1","JEANNE_US_FL_2004",2017-01-01,0.8,"FP"
"FL_US_MICHAEL","4","MICHAEL_US_FL_2018",2017-01-01,0.61,"SUS"
"FL_US_WILMA","1","WILMA_US_FL_2005",2017-01-01,0.84,"FP"
"LA_US_GUSTAV","4","GUSTAV_US_LA_2008",2017-01-01,0.42,"SUS"
"LA_US_IDA","4","IDA_US_LA_2009",2017-01-01,0.45,"SUS"
"LA_US_KATRINA","4","KATRINA_US_LA_2005",2017-01-01,0.5,"SUS"
"LA_US_LAURA","4","LAURA_US_LA_2020",2017-01-01,0.51,"SUS"
"LA_US_ZETA","4","ZETA_US_LA_2020",2017-01-01,0.42,"SUS"
"MX_ERNESTO","5","ERNESTO_MX_2012",2017-01-01,0.97,"SG"
"MX_GRACE","3","GRACE_MX_2021",2017-01-01,0.68,"C"
"MX_TAMPS_EMILY","6","EMILY_TAMPS_MX_2005",2017-01-01,0.77,"WG"
"NC_US_ISABEL","4","ISABEL_US_NC_2003",2017-01-01,0.42,"SUS"
"NIC_ETA","2","ETA_NIC_2020",2017-01-01,0.63,"CA"
"NIC_FELIX","2","FELIX_NIC_2007",2017-01-01,0.57,"CA"
"NIC_IOTA","2","IOTA_NIC_2020",2017-01-01,0.64,"CA"
"PR_USA_MARIA","3","MARIA_US_PR_2017",2017-01-01,0.74,"C"
"QROO_WILMA","3","WILMA_QROO_2005",2017-01-01,0.71,"C"
"TX_US_HARVEY","6","HARVEY_US_TX_2017",2017-01-01,0.73,"WG"
"TX_US_IKE","4","IKE_US_TX_2008",2017-01-01,0.56,"SUS"
"TX_US_RITA","4","RITA_US_TX_2005",2017-01-01,0.53,"SUS"
"US_FL_DELTA","4","DELTA_US_LA_2020",2017-01-01,0.48,"SUS"
"US_FL_DENNIS","4","DENNIS_US_FL_2005",2017-01-01,0.6,"SUS"
"VER_MX_KARL","5","KARL_MX_VER_2010",2017-01-01,0.89,"SG"
"YUC_DELTA","5","DELTA_YUCATAN_MX_2020",2017-01-01,0.75,"SG"
"YUC_MX_EMILY","5","EMILY_MX_YUC_2005",2017-01-01,0.93,"SG"
"YUC_MX_ISIDORE","5","ISIDORE_MX_YUC_2002",2017-01-01,0.98,"SG"
"AL_US_IVAN","4","IVAN_US_AL_2004",2017-02-01,0.78,"SUS"
"AL_US_SALLY","4","SALLY_US_AL_2020",2017-02-01,0.74,"SUS"
"ALEX","6","ALEX_2010",2017-02-01,1.22,"WG"
"BELICE_RICHARD","3","RICHARD_BELICE_2010",2017-02-01,0.87,"C"
"BELIZE_IRIS","2","IRIS_BELIZE_2001",2017-02-01,0.8,"CA"
"BETA","2","BETA_2005",2017-02-01,0.73,"CA"
"CR_OTTO","2","OTTO_CR_2016",2017-02-01,0.92,"CA"
"CUBA_DENNIS","3","DENNIS_CUBA_2005",2017-02-01,1.22,"C"
"CUBA_GUSTAV","3","GUSTAV_CUBA_2008",2017-02-01,0.96,"C"
"CUBA_IAN","3","IAN_CUBA_2022",2017-02-01,0.93,"C"
"CUBA_MICHELLE","3","MICHELLE_CUBA_2001",2017-02-01,1.2,"C"
"CUBA_PALOMA","3","PALOMA_CUBA_2008",2017-02-01,1.03,"C"
"CUBA_SANDY","3","SANDY_CUBA_2012",2017-02-01,0.84,"C"
"DEAN_QROO_MX","5","DEAN_QROO_MX_2007",2017-02-01,1.17,"SG"
"FL_US_CHARLEY","1","CHARLEY_2004",2017-02-01,0.9,"FP"
"FL_US_FRANCES","1","FRANCES_US_FL_2004",2017-02-01,0.9,"FP"
"FL_US_IAN","1","IAN_US_FL_2022",2017-02-01,0.91,"FP"
"FL_US_IRMA","1","IRMA_US_FL_2017",2017-02-01,0.88,"FP"
"FL_US_JEANNE","1","JEANNE_US_FL_2004",2017-02-01,0.9,"FP"
"FL_US_MICHAEL","4","MICHAEL_US_FL_2018",2017-02-01,0.77,"SUS"
"FL_US_WILMA","1","WILMA_US_FL_2005",2017-02-01,0.89,"FP"
"LA_US_GUSTAV","4","GUSTAV_US_LA_2008",2017-02-01,0.51,"SUS"
"LA_US_IDA","4","IDA_US_LA_2009",2017-02-01,0.55,"SUS"
"LA_US_KATRINA","4","KATRINA_US_LA_2005",2017-02-01,0.67,"SUS"
"LA_US_LAURA","4","LAURA_US_LA_2020",2017-02-01,0.66,"SUS"
"LA_US_ZETA","4","ZETA_US_LA_2020",2017-02-01,0.49,"SUS"
"MX_ERNESTO","5","ERNESTO_MX_2012",2017-02-01,1.17,"SG"
"MX_GRACE","3","GRACE_MX_2021",2017-02-01,0.82,"C"
"MX_TAMPS_EMILY","6","EMILY_TAMPS_MX_2005",2017-02-01,1.13,"WG"
"NC_US_ISABEL","4","ISABEL_US_NC_2003",2017-02-01,0.67,"SUS"
"NIC_ETA","2","ETA_NIC_2020",2017-02-01,0.74,"CA"
"NIC_FELIX","2","FELIX_NIC_2007",2017-02-01,0.66,"CA"
"NIC_IOTA","2","IOTA_NIC_2020",2017-02-01,0.75,"CA"
"PR_USA_MARIA","3","MARIA_US_PR_2017",2017-02-01,0.78,"C"
"QROO_WILMA","3","WILMA_QROO_2005",2017-02-01,0.79,"C"
"TX_US_HARVEY","6","HARVEY_US_TX_2017",2017-02-01,0.87,"WG"
"TX_US_IKE","4","IKE_US_TX_2008",2017-02-01,0.71,"SUS"
"TX_US_RITA","4","RITA_US_TX_2005",2017-02-01,0.68,"SUS"
"US_FL_DELTA","4","DELTA_US_LA_2020",2017-02-01,0.65,"SUS"
"US_FL_DENNIS","4","DENNIS_US_FL_2005",2017-02-01,0.78,"SUS"
"VER_MX_KARL","5","KARL_MX_VER_2010",2017-02-01,1.03,"SG"
"YUC_DELTA","5","DELTA_YUCATAN_MX_2020",2017-02-01,0.85,"SG"
"YUC_MX_EMILY","5","EMILY_MX_YUC_2005",2017-02-01,1.12,"SG"
"YUC_MX_ISIDORE","5","ISIDORE_MX_YUC_2002",2017-02-01,1.22,"SG"
"AL_US_IVAN","4","IVAN_US_AL_2004",2017-03-01,0.87,"SUS"
"AL_US_SALLY","4","SALLY_US_AL_2020",2017-03-01,0.83,"SUS"
"ALEX","6","ALEX_2010",2017-03-01,1.16,"WG"
"BELICE_RICHARD","3","RICHARD_BELICE_2010",2017-03-01,1,"C"
"BELIZE_IRIS","2","IRIS_BELIZE_2001",2017-03-01,0.83,"CA"
"BETA","2","BETA_2005",2017-03-01,0.77,"CA"
"CR_OTTO","2","OTTO_CR_2016",2017-03-01,0.9,"CA"
"CUBA_DENNIS","3","DENNIS_CUBA_2005",2017-03-01,1.36,"C"
"CUBA_GUSTAV","3","GUSTAV_CUBA_2008",2017-03-01,1.14,"C"
"CUBA_IAN","3","IAN_CUBA_2022",2017-03-01,1.11,"C"
"CUBA_MICHELLE","3","MICHELLE_CUBA_2001",2017-03-01,1.32,"C"
"CUBA_PALOMA","3","PALOMA_CUBA_2008",2017-03-01,1.14,"C"
"CUBA_SANDY","3","SANDY_CUBA_2012",2017-03-01,0.97,"C"
"DEAN_QROO_MX","5","DEAN_QROO_MX_2007",2017-03-01,1.28,"SG"
"FL_US_CHARLEY","1","CHARLEY_2004",2017-03-01,1.12,"FP"
"FL_US_FRANCES","1","FRANCES_US_FL_2004",2017-03-01,1.1,"FP"
"FL_US_IAN","1","IAN_US_FL_2022",2017-03-01,1.13,"FP"
"FL_US_IRMA","1","IRMA_US_FL_2017",2017-03-01,1.11,"FP"
"FL_US_JEANNE","1","JEANNE_US_FL_2004",2017-03-01,1.1,"FP"
"FL_US_MICHAEL","4","MICHAEL_US_FL_2018",2017-03-01,0.87,"SUS"
"FL_US_WILMA","1","WILMA_US_FL_2005",2017-03-01,1.13,"FP"
"LA_US_GUSTAV","4","GUSTAV_US_LA_2008",2017-03-01,0.69,"SUS"
"LA_US_IDA","4","IDA_US_LA_2009",2017-03-01,0.69,"SUS"
"LA_US_KATRINA","4","KATRINA_US_LA_2005",2017-03-01,0.77,"SUS"
"LA_US_LAURA","4","LAURA_US_LA_2020",2017-03-01,0.77,"SUS"
"LA_US_ZETA","4","ZETA_US_LA_2020",2017-03-01,0.64,"SUS"
"MX_ERNESTO","5","ERNESTO_MX_2012",2017-03-01,1.27,"SG"
"MX_GRACE","3","GRACE_MX_2021",2017-03-01,0.68,"C"
"MX_TAMPS_EMILY","6","EMILY_TAMPS_MX_2005",2017-03-01,1.09,"WG"
"NC_US_ISABEL","4","ISABEL_US_NC_2003",2017-03-01,0.62,"SUS"
"NIC_ETA","2","ETA_NIC_2020",2017-03-01,0.78,"CA"
"NIC_FELIX","2","FELIX_NIC_2007",2017-03-01,0.72,"CA"
"NIC_IOTA","2","IOTA_NIC_2020",2017-03-01,0.8,"CA"
"PR_USA_MARIA","3","MARIA_US_PR_2017",2017-03-01,0.73,"C"
"QROO_WILMA","3","WILMA_QROO_2005",2017-03-01,0.93,"C"
"TX_US_HARVEY","6","HARVEY_US_TX_2017",2017-03-01,0.89,"WG"
"TX_US_IKE","4","IKE_US_TX_2008",2017-03-01,0.79,"SUS"
"TX_US_RITA","4","RITA_US_TX_2005",2017-03-01,0.77,"SUS"
"US_FL_DELTA","4","DELTA_US_LA_2020",2017-03-01,0.78,"SUS"
"US_FL_DENNIS","4","DENNIS_US_FL_2005",2017-03-01,0.9,"SUS"
"VER_MX_KARL","5","KARL_MX_VER_2010",2017-03-01,1.06,"SG"
"YUC_DELTA","5","DELTA_YUCATAN_MX_2020",2017-03-01,1,"SG"
"YUC_MX_EMILY","5","EMILY_MX_YUC_2005",2017-03-01,1.21,"SG"
"YUC_MX_ISIDORE","5","ISIDORE_MX_YUC_2002",2017-03-01,1.42,"SG"
"AL_US_IVAN","4","IVAN_US_AL_2004",2017-04-01,1.04,"SUS"
"AL_US_SALLY","4","SALLY_US_AL_2020",2017-04-01,0.97,"SUS"
"ALEX","6","ALEX_2010",2017-04-01,1.55,"WG"
"BELICE_RICHARD","3","RICHARD_BELICE_2010",2017-04-01,1.15,"C"
"BELIZE_IRIS","2","IRIS_BELIZE_2001",2017-04-01,1.16,"CA"
"BETA","2","BETA_2005",2017-04-01,0.74,"CA"
"CR_OTTO","2","OTTO_CR_2016",2017-04-01,0.81,"CA"
"CUBA_DENNIS","3","DENNIS_CUBA_2005",2017-04-01,1.36,"C"
"CUBA_GUSTAV","3","GUSTAV_CUBA_2008",2017-04-01,1.07,"C"
"CUBA_IAN","3","IAN_CUBA_2022",2017-04-01,1.04,"C"
"CUBA_MICHELLE","3","MICHELLE_CUBA_2001",2017-04-01,1.38,"C"
"CUBA_PALOMA","3","PALOMA_CUBA_2008",2017-04-01,1.16,"C"
"CUBA_SANDY","3","SANDY_CUBA_2012",2017-04-01,0.93,"C"
"DEAN_QROO_MX","5","DEAN_QROO_MX_2007",2017-04-01,1.18,"SG"
"FL_US_CHARLEY","1","CHARLEY_2004",2017-04-01,1.21,"FP"
"FL_US_FRANCES","1","FRANCES_US_FL_2004",2017-04-01,1.18,"FP"
"FL_US_IAN","1","IAN_US_FL_2022",2017-04-01,1.22,"FP"
"FL_US_IRMA","1","IRMA_US_FL_2017",2017-04-01,1.13,"FP"
"FL_US_JEANNE","1","JEANNE_US_FL_2004",2017-04-01,1.17,"FP"
"FL_US_MICHAEL","4","MICHAEL_US_FL_2018",2017-04-01,1.01,"SUS"
"FL_US_WILMA","1","WILMA_US_FL_2005",2017-04-01,1.11,"FP"
"LA_US_GUSTAV","4","GUSTAV_US_LA_2008",2017-04-01,0.88,"SUS"
"LA_US_IDA","4","IDA_US_LA_2009",2017-04-01,0.87,"SUS"
"LA_US_KATRINA","4","KATRINA_US_LA_2005",2017-04-01,0.91,"SUS"
"LA_US_LAURA","4","LAURA_US_LA_2020",2017-04-01,0.94,"SUS"
"LA_US_ZETA","4","ZETA_US_LA_2020",2017-04-01,0.81,"SUS"
"MX_ERNESTO","5","ERNESTO_MX_2012",2017-04-01,1.18,"SG"
"MX_GRACE","3","GRACE_MX_2021",2017-04-01,1.04,"C"
"MX_TAMPS_EMILY","6","EMILY_TAMPS_MX_2005",2017-04-01,1.48,"WG"
"NC_US_ISABEL","4","ISABEL_US_NC_2003",2017-04-01,0.86,"SUS"
"NIC_ETA","2","ETA_NIC_2020",2017-04-01,0.79,"CA"
"NIC_FELIX","2","FELIX_NIC_2007",2017-04-01,0.75,"CA"
"NIC_IOTA","2","IOTA_NIC_2020",2017-04-01,0.79,"CA"
"PR_USA_MARIA","3","MARIA_US_PR_2017",2017-04-01,0.75,"C"
"QROO_WILMA","3","WILMA_QROO_2005",2017-04-01,1,"C"
"TX_US_HARVEY","6","HARVEY_US_TX_2017",2017-04-01,1.03,"WG"
"TX_US_IKE","4","IKE_US_TX_2008",2017-04-01,0.91,"SUS"
"TX_US_RITA","4","RITA_US_TX_2005",2017-04-01,0.92,"SUS"
"US_FL_DELTA","4","DELTA_US_LA_2020",2017-04-01,0.98,"SUS"
"US_FL_DENNIS","4","DENNIS_US_FL_2005",2017-04-01,1.06,"SUS"
"VER_MX_KARL","5","KARL_MX_VER_2010",2017-04-01,1.39,"SG"
"YUC_DELTA","5","DELTA_YUCATAN_MX_2020",2017-04-01,1.08,"SG"
"YUC_MX_EMILY","5","EMILY_MX_YUC_2005",2017-04-01,1.16,"SG"
"YUC_MX_ISIDORE","5","ISIDORE_MX_YUC_2002",2017-04-01,1.47,"SG"
"AL_US_IVAN","4","IVAN_US_AL_2004",2017-05-01,0.99,"SUS"
"AL_US_SALLY","4","SALLY_US_AL_2020",2017-05-01,0.96,"SUS"
"ALEX","6","ALEX_2010",2017-05-01,1.56,"WG"
"BELICE_RICHARD","3","RICHARD_BELICE_2010",2017-05-01,1.11,"C"
"BELIZE_IRIS","2","IRIS_BELIZE_2001",2017-05-01,0.95,"CA"
"BETA","2","BETA_2005",2017-05-01,0.45,"CA"
"CR_OTTO","2","OTTO_CR_2016",2017-05-01,0.52,"CA"
"CUBA_DENNIS","3","DENNIS_CUBA_2005",2017-05-01,1.22,"C"
"CUBA_GUSTAV","3","GUSTAV_CUBA_2008",2017-05-01,1.01,"C"
"CUBA_IAN","3","IAN_CUBA_2022",2017-05-01,0.99,"C"
"CUBA_MICHELLE","3","MICHELLE_CUBA_2001",2017-05-01,1.27,"C"
"CUBA_PALOMA","3","PALOMA_CUBA_2008",2017-05-01,1.02,"C"
"CUBA_SANDY","3","SANDY_CUBA_2012",2017-05-01,0.79,"C"
"DEAN_QROO_MX","5","DEAN_QROO_MX_2007",2017-05-01,1.15,"SG"
"FL_US_CHARLEY","1","CHARLEY_2004",2017-05-01,1.29,"FP"
"FL_US_FRANCES","1","FRANCES_US_FL_2004",2017-05-01,1.23,"FP"
"FL_US_IAN","1","IAN_US_FL_2022",2017-05-01,1.3,"FP"
"FL_US_IRMA","1","IRMA_US_FL_2017",2017-05-01,1.23,"FP"
"FL_US_JEANNE","1","JEANNE_US_FL_2004",2017-05-01,1.22,"FP"
"FL_US_MICHAEL","4","MICHAEL_US_FL_2018",2017-05-01,1.06,"SUS"
"FL_US_WILMA","1","WILMA_US_FL_2005",2017-05-01,1.22,"FP"
"LA_US_GUSTAV","4","GUSTAV_US_LA_2008",2017-05-01,0.96,"SUS"
"LA_US_IDA","4","IDA_US_LA_2009",2017-05-01,0.93,"SUS"
"LA_US_KATRINA","4","KATRINA_US_LA_2005",2017-05-01,0.87,"SUS"
"LA_US_LAURA","4","LAURA_US_LA_2020",2017-05-01,0.95,"SUS"
"LA_US_ZETA","4","ZETA_US_LA_2020",2017-05-01,0.89,"SUS"
"MX_ERNESTO","5","ERNESTO_MX_2012",2017-05-01,1.14,"SG"
"MX_GRACE","3","GRACE_MX_2021",2017-05-01,0.97,"C"
"MX_TAMPS_EMILY","6","EMILY_TAMPS_MX_2005",2017-05-01,1.51,"WG"
"NC_US_ISABEL","4","ISABEL_US_NC_2003",2017-05-01,0.89,"SUS"
"NIC_ETA","2","ETA_NIC_2020",2017-05-01,0.57,"CA"
"NIC_FELIX","2","FELIX_NIC_2007",2017-05-01,0.62,"CA"
"NIC_IOTA","2","IOTA_NIC_2020",2017-05-01,0.57,"CA"
"PR_USA_MARIA","3","MARIA_US_PR_2017",2017-05-01,0.77,"C"
"QROO_WILMA","3","WILMA_QROO_2005",2017-05-01,1.04,"C"
"TX_US_HARVEY","6","HARVEY_US_TX_2017",2017-05-01,1.1,"WG"
"TX_US_IKE","4","IKE_US_TX_2008",2017-05-01,1,"SUS"
"TX_US_RITA","4","RITA_US_TX_2005",2017-05-01,0.96,"SUS"
"US_FL_DELTA","4","DELTA_US_LA_2020",2017-05-01,0.99,"SUS"
"US_FL_DENNIS","4","DENNIS_US_FL_2005",2017-05-01,1.01,"SUS"
"VER_MX_KARL","5","KARL_MX_VER_2010",2017-05-01,1.24,"SG"
"YUC_DELTA","5","DELTA_YUCATAN_MX_2020",2017-05-01,1.09,"SG"
"YUC_MX_EMILY","5","EMILY_MX_YUC_2005",2017-05-01,1.2,"SG"
"YUC_MX_ISIDORE","5","ISIDORE_MX_YUC_2002",2017-05-01,1.55,"SG"
"AL_US_IVAN","4","IVAN_US_AL_2004",2017-06-01,0.88,"SUS"
"AL_US_SALLY","4","SALLY_US_AL_2020",2017-06-01,0.85,"SUS"
"ALEX","6","ALEX_2010",2017-06-01,1.77,"WG"
"BELICE_RICHARD","3","RICHARD_BELICE_2010",2017-06-01,0.79,"C"
"BELIZE_IRIS","2","IRIS_BELIZE_2001",2017-06-01,0.67,"CA"
"BETA","2","BETA_2005",2017-06-01,0.39,"CA"
"CR_OTTO","2","OTTO_CR_2016",2017-06-01,0.54,"CA"
"CUBA_DENNIS","3","DENNIS_CUBA_2005",2017-06-01,1.07,"C"
"CUBA_GUSTAV","3","GUSTAV_CUBA_2008",2017-06-01,0.82,"C"
"CUBA_IAN","3","IAN_CUBA_2022",2017-06-01,0.78,"C"
"CUBA_MICHELLE","3","MICHELLE_CUBA_2001",2017-06-01,1.1,"C"
"CUBA_PALOMA","3","PALOMA_CUBA_2008",2017-06-01,1.06,"C"
"CUBA_SANDY","3","SANDY_CUBA_2012",2017-06-01,0.91,"C"
"DEAN_QROO_MX","5","DEAN_QROO_MX_2007",2017-06-01,0.77,"SG"
"FL_US_CHARLEY","1","CHARLEY_2004",2017-06-01,0.93,"FP"
"FL_US_FRANCES","1","FRANCES_US_FL_2004",2017-06-01,0.88,"FP"
"FL_US_IAN","1","IAN_US_FL_2022",2017-06-01,0.93,"FP"
"FL_US_IRMA","1","IRMA_US_FL_2017",2017-06-01,0.94,"FP"
"FL_US_JEANNE","1","JEANNE_US_FL_2004",2017-06-01,0.89,"FP"
"FL_US_MICHAEL","4","MICHAEL_US_FL_2018",2017-06-01,0.83,"SUS"
"FL_US_WILMA","1","WILMA_US_FL_2005",2017-06-01,0.93,"FP"
"LA_US_GUSTAV","4","GUSTAV_US_LA_2008",2017-06-01,0.9,"SUS"
"LA_US_IDA","4","IDA_US_LA_2009",2017-06-01,0.88,"SUS"
"LA_US_KATRINA","4","KATRINA_US_LA_2005",2017-06-01,0.84,"SUS"
"LA_US_LAURA","4","LAURA_US_LA_2020",2017-06-01,0.91,"SUS"
"LA_US_ZETA","4","ZETA_US_LA_2020",2017-06-01,0.83,"SUS"
"MX_ERNESTO","5","ERNESTO_MX_2012",2017-06-01,0.76,"SG"
"MX_GRACE","3","GRACE_MX_2021",2017-06-01,0.93,"C"
"MX_TAMPS_EMILY","6","EMILY_TAMPS_MX_2005",2017-06-01,1.75,"WG"
"NC_US_ISABEL","4","ISABEL_US_NC_2003",2017-06-01,0.94,"SUS"
"NIC_ETA","2","ETA_NIC_2020",2017-06-01,0.52,"CA"
"NIC_FELIX","2","FELIX_NIC_2007",2017-06-01,0.53,"CA"
"NIC_IOTA","2","IOTA_NIC_2020",2017-06-01,0.52,"CA"
"PR_USA_MARIA","3","MARIA_US_PR_2017",2017-06-01,0.93,"C"
"QROO_WILMA","3","WILMA_QROO_2005",2017-06-01,0.82,"C"
"TX_US_HARVEY","6","HARVEY_US_TX_2017",2017-06-01,1.29,"WG"
"TX_US_IKE","4","IKE_US_TX_2008",2017-06-01,0.99,"SUS"
"TX_US_RITA","4","RITA_US_TX_2005",2017-06-01,0.91,"SUS"
"US_FL_DELTA","4","DELTA_US_LA_2020",2017-06-01,0.94,"SUS"
"US_FL_DENNIS","4","DENNIS_US_FL_2005",2017-06-01,0.89,"SUS"
"VER_MX_KARL","5","KARL_MX_VER_2010",2017-06-01,0.94,"SG"
"YUC_DELTA","5","DELTA_YUCATAN_MX_2020",2017-06-01,0.83,"SG"
"YUC_MX_EMILY","5","EMILY_MX_YUC_2005",2017-06-01,0.9,"SG"
"YUC_MX_ISIDORE","5","ISIDORE_MX_YUC_2002",2017-06-01,0.95,"SG"
"AL_US_IVAN","4","IVAN_US_AL_2004",2017-07-01,1.16,"SUS"
"AL_US_SALLY","4","SALLY_US_AL_2020",2017-07-01,1.12,"SUS"
"ALEX","6","ALEX_2010",2017-07-01,1.5,"WG"
"BELICE_RICHARD","3","RICHARD_BELICE_2010",2017-07-01,0.79,"C"
"BELIZE_IRIS","2","IRIS_BELIZE_2001",2017-07-01,0.62,"CA"
"BETA","2","BETA_2005",2017-07-01,0.29,"CA"
"CR_OTTO","2","OTTO_CR_2016",2017-07-01,0.43,"CA"
"CUBA_DENNIS","3","DENNIS_CUBA_2005",2017-07-01,1.05,"C"
"CUBA_GUSTAV","3","GUSTAV_CUBA_2008",2017-07-01,0.84,"C"
"CUBA_IAN","3","IAN_CUBA_2022",2017-07-01,0.81,"C"
"CUBA_MICHELLE","3","MICHELLE_CUBA_2001",2017-07-01,1.05,"C"
"CUBA_PALOMA","3","PALOMA_CUBA_2008",2017-07-01,1.06,"C"
"CUBA_SANDY","3","SANDY_CUBA_2012",2017-07-01,0.9,"C"
"DEAN_QROO_MX","5","DEAN_QROO_MX_2007",2017-07-01,0.91,"SG"
"FL_US_CHARLEY","1","CHARLEY_2004",2017-07-01,1.15,"FP"
"FL_US_FRANCES","1","FRANCES_US_FL_2004",2017-07-01,1.09,"FP"
"FL_US_IAN","1","IAN_US_FL_2022",2017-07-01,1.15,"FP"
"FL_US_IRMA","1","IRMA_US_FL_2017",2017-07-01,1.16,"FP"
"FL_US_JEANNE","1","JEANNE_US_FL_2004",2017-07-01,1.1,"FP"
"FL_US_MICHAEL","4","MICHAEL_US_FL_2018",2017-07-01,1.05,"SUS"
"FL_US_WILMA","1","WILMA_US_FL_2005",2017-07-01,1.12,"FP"
"LA_US_GUSTAV","4","GUSTAV_US_LA_2008",2017-07-01,1.21,"SUS"
"LA_US_IDA","4","IDA_US_LA_2009",2017-07-01,1.14,"SUS"
"LA_US_KATRINA","4","KATRINA_US_LA_2005",2017-07-01,1.05,"SUS"
"LA_US_LAURA","4","LAURA_US_LA_2020",2017-07-01,1.13,"SUS"
"LA_US_ZETA","4","ZETA_US_LA_2020",2017-07-01,1.12,"SUS"
"MX_ERNESTO","5","ERNESTO_MX_2012",2017-07-01,0.9,"SG"
"MX_GRACE","3","GRACE_MX_2021",2017-07-01,0.72,"C"
"MX_TAMPS_EMILY","6","EMILY_TAMPS_MX_2005",2017-07-01,1.57,"WG"
"NC_US_ISABEL","4","ISABEL_US_NC_2003",2017-07-01,1.04,"SUS"
"NIC_ETA","2","ETA_NIC_2020",2017-07-01,0.46,"CA"
"NIC_FELIX","2","FELIX_NIC_2007",2017-07-01,0.44,"CA"
"NIC_IOTA","2","IOTA_NIC_2020",2017-07-01,0.47,"CA"
"PR_USA_MARIA","3","MARIA_US_PR_2017",2017-07-01,0.84,"C"
"QROO_WILMA","3","WILMA_QROO_2005",2017-07-01,0.92,"C"
"TX_US_HARVEY","6","HARVEY_US_TX_2017",2017-07-01,1.55,"WG"
"TX_US_IKE","4","IKE_US_TX_2008",2017-07-01,1.24,"SUS"
"TX_US_RITA","4","RITA_US_TX_2005",2017-07-01,1.14,"SUS"
"US_FL_DELTA","4","DELTA_US_LA_2020",2017-07-01,1.17,"SUS"
"US_FL_DENNIS","4","DENNIS_US_FL_2005",2017-07-01,1.17,"SUS"
"VER_MX_KARL","5","KARL_MX_VER_2010",2017-07-01,0.75,"SG"
"YUC_DELTA","5","DELTA_YUCATAN_MX_2020",2017-07-01,0.92,"SG"
"YUC_MX_EMILY","5","EMILY_MX_YUC_2005",2017-07-01,0.97,"SG"
"YUC_MX_ISIDORE","5","ISIDORE_MX_YUC_2002",2017-07-01,0.93,"SG"
"AL_US_IVAN","4","IVAN_US_AL_2004",2017-08-01,1.08,"SUS"
"AL_US_SALLY","4","SALLY_US_AL_2020",2017-08-01,1.07,"SUS"
"ALEX","6","ALEX_2010",2017-08-01,1.8,"WG"
"BELICE_RICHARD","3","RICHARD_BELICE_2010",2017-08-01,0.76,"C"
"BELIZE_IRIS","2","IRIS_BELIZE_2001",2017-08-01,0.64,"CA"
"BETA","2","BETA_2005",2017-08-01,0.37,"CA"
"CR_OTTO","2","OTTO_CR_2016",2017-08-01,0.49,"CA"
"CUBA_DENNIS","3","DENNIS_CUBA_2005",2017-08-01,1.19,"C"
"CUBA_GUSTAV","3","GUSTAV_CUBA_2008",2017-08-01,0.82,"C"
"CUBA_IAN","3","IAN_CUBA_2022",2017-08-01,0.78,"C"
"CUBA_MICHELLE","3","MICHELLE_CUBA_2001",2017-08-01,1.17,"C"
"CUBA_PALOMA","3","PALOMA_CUBA_2008",2017-08-01,1.13,"C"
"CUBA_SANDY","3","SANDY_CUBA_2012",2017-08-01,1.06,"C"
"DEAN_QROO_MX","5","DEAN_QROO_MX_2007",2017-08-01,0.87,"SG"
"FL_US_CHARLEY","1","CHARLEY_2004",2017-08-01,1.14,"FP"
"FL_US_FRANCES","1","FRANCES_US_FL_2004",2017-08-01,1.09,"FP"
"FL_US_IAN","1","IAN_US_FL_2022",2017-08-01,1.15,"FP"
"FL_US_IRMA","1","IRMA_US_FL_2017",2017-08-01,1.16,"FP"
"FL_US_JEANNE","1","JEANNE_US_FL_2004",2017-08-01,1.09,"FP"
"FL_US_MICHAEL","4","MICHAEL_US_FL_2018",2017-08-01,1.08,"SUS"
"FL_US_WILMA","1","WILMA_US_FL_2005",2017-08-01,1.14,"FP"
"LA_US_GUSTAV","4","GUSTAV_US_LA_2008",2017-08-01,1.02,"SUS"
"LA_US_IDA","4","IDA_US_LA_2009",2017-08-01,0.98,"SUS"
"LA_US_KATRINA","4","KATRINA_US_LA_2005",2017-08-01,0.95,"SUS"
"LA_US_LAURA","4","LAURA_US_LA_2020",2017-08-01,0.96,"SUS"
"LA_US_ZETA","4","ZETA_US_LA_2020",2017-08-01,0.99,"SUS"
"MX_ERNESTO","5","ERNESTO_MX_2012",2017-08-01,0.87,"SG"
"MX_GRACE","3","GRACE_MX_2021",2017-08-01,0.77,"C"
"MX_TAMPS_EMILY","6","EMILY_TAMPS_MX_2005",2017-08-01,1.93,"WG"
"NC_US_ISABEL","4","ISABEL_US_NC_2003",2017-08-01,0.85,"SUS"
"NIC_ETA","2","ETA_NIC_2020",2017-08-01,0.53,"CA"
"NIC_FELIX","2","FELIX_NIC_2007",2017-08-01,0.52,"CA"
"NIC_IOTA","2","IOTA_NIC_2020",2017-08-01,0.54,"CA"
"PR_USA_MARIA","3","MARIA_US_PR_2017",2017-08-01,0.81,"C"
"QROO_WILMA","3","WILMA_QROO_2005",2017-08-01,0.85,"C"
"TX_US_HARVEY","6","HARVEY_US_TX_2017",2017-08-01,1.38,"WG"
"TX_US_IKE","4","IKE_US_TX_2008",2017-08-01,1.09,"SUS"
"TX_US_RITA","4","RITA_US_TX_2005",2017-08-01,0.98,"SUS"
"US_FL_DELTA","4","DELTA_US_LA_2020",2017-08-01,0.99,"SUS"
"US_FL_DENNIS","4","DENNIS_US_FL_2005",2017-08-01,1.1,"SUS"
"VER_MX_KARL","5","KARL_MX_VER_2010",2017-08-01,0.84,"SG"
"YUC_DELTA","5","DELTA_YUCATAN_MX_2020",2017-08-01,0.85,"SG"
"YUC_MX_EMILY","5","EMILY_MX_YUC_2005",2017-08-01,0.95,"SG"
"YUC_MX_ISIDORE","5","ISIDORE_MX_YUC_2002",2017-08-01,0.89,"SG"
"AL_US_IVAN","4","IVAN_US_AL_2004",2017-09-01,1.17,"SUS"
"AL_US_SALLY","4","SALLY_US_AL_2020",2017-09-01,1.13,"SUS"
"ALEX","6","ALEX_2010",2017-09-01,1.31,"WG"
"BELICE_RICHARD","3","RICHARD_BELICE_2010",2017-09-01,0.76,"C"
"BELIZE_IRIS","2","IRIS_BELIZE_2001",2017-09-01,0.61,"CA"
"BETA","2","BETA_2005",2017-09-01,0.48,"CA"
"CR_OTTO","2","OTTO_CR_2016",2017-09-01,0.54,"CA"
"CUBA_DENNIS","3","DENNIS_CUBA_2005",2017-09-01,0.89,"C"
"CUBA_GUSTAV","3","GUSTAV_CUBA_2008",2017-09-01,0.75,"C"
"CUBA_IAN","3","IAN_CUBA_2022",2017-09-01,0.73,"C"
"CUBA_MICHELLE","3","MICHELLE_CUBA_2001",2017-09-01,0.88,"C"
"CUBA_PALOMA","3","PALOMA_CUBA_2008",2017-09-01,0.86,"C"
"CUBA_SANDY","3","SANDY_CUBA_2012",2017-09-01,0.75,"C"
"DEAN_QROO_MX","5","DEAN_QROO_MX_2007",2017-09-01,0.82,"SG"
"FL_US_CHARLEY","1","CHARLEY_2004",2017-09-01,1.06,"FP"
"FL_US_FRANCES","1","FRANCES_US_FL_2004",2017-09-01,0.96,"FP"
"FL_US_IAN","1","IAN_US_FL_2022",2017-09-01,1.05,"FP"
"FL_US_IRMA","1","IRMA_US_FL_2017",2017-09-01,1.04,"FP"
"FL_US_JEANNE","1","JEANNE_US_FL_2004",2017-09-01,0.96,"FP"
"FL_US_MICHAEL","4","MICHAEL_US_FL_2018",2017-09-01,1.1,"SUS"
"FL_US_WILMA","1","WILMA_US_FL_2005",2017-09-01,1.02,"FP"
"LA_US_GUSTAV","4","GUSTAV_US_LA_2008",2017-09-01,1.21,"SUS"
"LA_US_IDA","4","IDA_US_LA_2009",2017-09-01,1.19,"SUS"
"LA_US_KATRINA","4","KATRINA_US_LA_2005",2017-09-01,1.1,"SUS"
"LA_US_LAURA","4","LAURA_US_LA_2020",2017-09-01,1.22,"SUS"
"LA_US_ZETA","4","ZETA_US_LA_2020",2017-09-01,1.14,"SUS"
"MX_ERNESTO","5","ERNESTO_MX_2012",2017-09-01,0.81,"SG"
"MX_GRACE","3","GRACE_MX_2021",2017-09-01,0.55,"C"
"MX_TAMPS_EMILY","6","EMILY_TAMPS_MX_2005",2017-09-01,1.33,"WG"
"NC_US_ISABEL","4","ISABEL_US_NC_2003",2017-09-01,0.86,"SUS"
"NIC_ETA","2","ETA_NIC_2020",2017-09-01,0.64,"CA"
"NIC_FELIX","2","FELIX_NIC_2007",2017-09-01,0.67,"CA"
"NIC_IOTA","2","IOTA_NIC_2020",2017-09-01,0.63,"CA"
"PR_USA_MARIA","3","MARIA_US_PR_2017",2017-09-01,0.64,"C"
"QROO_WILMA","3","WILMA_QROO_2005",2017-09-01,0.76,"C"
"TX_US_HARVEY","6","HARVEY_US_TX_2017",2017-09-01,1.21,"WG"
"TX_US_IKE","4","IKE_US_TX_2008",2017-09-01,1.25,"SUS"
"TX_US_RITA","4","RITA_US_TX_2005",2017-09-01,1.21,"SUS"
"US_FL_DELTA","4","DELTA_US_LA_2020",2017-09-01,1.26,"SUS"
"US_FL_DENNIS","4","DENNIS_US_FL_2005",2017-09-01,1.19,"SUS"
"VER_MX_KARL","5","KARL_MX_VER_2010",2017-09-01,0.67,"SG"
"YUC_DELTA","5","DELTA_YUCATAN_MX_2020",2017-09-01,0.78,"SG"
"YUC_MX_EMILY","5","EMILY_MX_YUC_2005",2017-09-01,0.85,"SG"
"YUC_MX_ISIDORE","5","ISIDORE_MX_YUC_2002",2017-09-01,0.86,"SG"
"AL_US_IVAN","4","IVAN_US_AL_2004",2017-10-01,0.94,"SUS"
"AL_US_SALLY","4","SALLY_US_AL_2020",2017-10-01,0.91,"SUS"
"ALEX","6","ALEX_2010",2017-10-01,0.99,"WG"
"BELICE_RICHARD","3","RICHARD_BELICE_2010",2017-10-01,0.58,"C"
"BELIZE_IRIS","2","IRIS_BELIZE_2001",2017-10-01,0.51,"CA"
"BETA","2","BETA_2005",2017-10-01,0.5,"CA"
"CR_OTTO","2","OTTO_CR_2016",2017-10-01,0.51,"CA"
"CUBA_DENNIS","3","DENNIS_CUBA_2005",2017-10-01,0.78,"C"
"CUBA_GUSTAV","3","GUSTAV_CUBA_2008",2017-10-01,0.65,"C"
"CUBA_IAN","3","IAN_CUBA_2022",2017-10-01,0.65,"C"
"CUBA_MICHELLE","3","MICHELLE_CUBA_2001",2017-10-01,0.78,"C"
"CUBA_PALOMA","3","PALOMA_CUBA_2008",2017-10-01,0.69,"C"
"CUBA_SANDY","3","SANDY_CUBA_2012",2017-10-01,0.55,"C"
"DEAN_QROO_MX","5","DEAN_QROO_MX_2007",2017-10-01,0.62,"SG"
"FL_US_CHARLEY","1","CHARLEY_2004",2017-10-01,0.98,"FP"
"FL_US_FRANCES","1","FRANCES_US_FL_2004",2017-10-01,0.88,"FP"
"FL_US_IAN","1","IAN_US_FL_2022",2017-10-01,0.97,"FP"
"FL_US_IRMA","1","IRMA_US_FL_2017",2017-10-01,0.97,"FP"
"FL_US_JEANNE","1","JEANNE_US_FL_2004",2017-10-01,0.88,"FP"
"FL_US_MICHAEL","4","MICHAEL_US_FL_2018",2017-10-01,0.95,"SUS"
"FL_US_WILMA","1","WILMA_US_FL_2005",2017-10-01,0.91,"FP"
"LA_US_GUSTAV","4","GUSTAV_US_LA_2008",2017-10-01,0.82,"SUS"
"LA_US_IDA","4","IDA_US_LA_2009",2017-10-01,0.79,"SUS"
"LA_US_KATRINA","4","KATRINA_US_LA_2005",2017-10-01,0.8,"SUS"
"LA_US_LAURA","4","LAURA_US_LA_2020",2017-10-01,0.97,"SUS"
"LA_US_ZETA","4","ZETA_US_LA_2020",2017-10-01,0.74,"SUS"
"MX_ERNESTO","5","ERNESTO_MX_2012",2017-10-01,0.61,"SG"
"MX_GRACE","3","GRACE_MX_2021",2017-10-01,0.57,"C"
"MX_TAMPS_EMILY","6","EMILY_TAMPS_MX_2005",2017-10-01,1.01,"WG"
"NC_US_ISABEL","4","ISABEL_US_NC_2003",2017-10-01,0.69,"SUS"
"NIC_ETA","2","ETA_NIC_2020",2017-10-01,0.62,"CA"
"NIC_FELIX","2","FELIX_NIC_2007",2017-10-01,0.62,"CA"
"NIC_IOTA","2","IOTA_NIC_2020",2017-10-01,0.64,"CA"
"PR_USA_MARIA","3","MARIA_US_PR_2017",2017-10-01,0.61,"C"
"QROO_WILMA","3","WILMA_QROO_2005",2017-10-01,0.7,"C"
"TX_US_HARVEY","6","HARVEY_US_TX_2017",2017-10-01,1.07,"WG"
"TX_US_IKE","4","IKE_US_TX_2008",2017-10-01,0.98,"SUS"
"TX_US_RITA","4","RITA_US_TX_2005",2017-10-01,0.95,"SUS"
"US_FL_DELTA","4","DELTA_US_LA_2020",2017-10-01,1.01,"SUS"
"US_FL_DENNIS","4","DENNIS_US_FL_2005",2017-10-01,0.96,"SUS"
"VER_MX_KARL","5","KARL_MX_VER_2010",2017-10-01,0.77,"SG"
"YUC_DELTA","5","DELTA_YUCATAN_MX_2020",2017-10-01,0.71,"SG"
"YUC_MX_EMILY","5","EMILY_MX_YUC_2005",2017-10-01,0.75,"SG"
"YUC_MX_ISIDORE","5","ISIDORE_MX_YUC_2002",2017-10-01,0.75,"SG"
"AL_US_IVAN","4","IVAN_US_AL_2004",2017-11-01,0.69,"SUS"
"AL_US_SALLY","4","SALLY_US_AL_2020",2017-11-01,0.69,"SUS"
"ALEX","6","ALEX_2010",2017-11-01,0.98,"WG"
"BELICE_RICHARD","3","RICHARD_BELICE_2010",2017-11-01,0.6,"C"
"BELIZE_IRIS","2","IRIS_BELIZE_2001",2017-11-01,0.51,"CA"
"BETA","2","BETA_2005",2017-11-01,0.56,"CA"
"CR_OTTO","2","OTTO_CR_2016",2017-11-01,0.58,"CA"
"CUBA_DENNIS","3","DENNIS_CUBA_2005",2017-11-01,0.77,"C"
"CUBA_GUSTAV","3","GUSTAV_CUBA_2008",2017-11-01,0.7,"C"
"CUBA_IAN","3","IAN_CUBA_2022",2017-11-01,0.71,"C"
"CUBA_MICHELLE","3","MICHELLE_CUBA_2001",2017-11-01,0.76,"C"
"CUBA_PALOMA","3","PALOMA_CUBA_2008",2017-11-01,0.6,"C"
"CUBA_SANDY","3","SANDY_CUBA_2012",2017-11-01,0.49,"C"
"DEAN_QROO_MX","5","DEAN_QROO_MX_2007",2017-11-01,0.7,"SG"
"FL_US_CHARLEY","1","CHARLEY_2004",2017-11-01,0.91,"FP"
"FL_US_FRANCES","1","FRANCES_US_FL_2004",2017-11-01,0.84,"FP"
"FL_US_IAN","1","IAN_US_FL_2022",2017-11-01,0.92,"FP"
"FL_US_IRMA","1","IRMA_US_FL_2017",2017-11-01,0.94,"FP"
"FL_US_JEANNE","1","JEANNE_US_FL_2004",2017-11-01,0.84,"FP"
"FL_US_MICHAEL","4","MICHAEL_US_FL_2018",2017-11-01,0.74,"SUS"
"FL_US_WILMA","1","WILMA_US_FL_2005",2017-11-01,0.91,"FP"
"LA_US_GUSTAV","4","GUSTAV_US_LA_2008",2017-11-01,0.68,"SUS"
"LA_US_IDA","4","IDA_US_LA_2009",2017-11-01,0.67,"SUS"
"LA_US_KATRINA","4","KATRINA_US_LA_2005",2017-11-01,0.63,"SUS"
"LA_US_LAURA","4","LAURA_US_LA_2020",2017-11-01,0.62,"SUS"
"LA_US_ZETA","4","ZETA_US_LA_2020",2017-11-01,0.65,"SUS"
"MX_ERNESTO","5","ERNESTO_MX_2012",2017-11-01,0.69,"SG"
"MX_GRACE","3","GRACE_MX_2021",2017-11-01,0.64,"C"
"MX_TAMPS_EMILY","6","EMILY_TAMPS_MX_2005",2017-11-01,0.96,"WG"
"NC_US_ISABEL","4","ISABEL_US_NC_2003",2017-11-01,0.53,"SUS"
"NIC_ETA","2","ETA_NIC_2020",2017-11-01,0.62,"CA"
"NIC_FELIX","2","FELIX_NIC_2007",2017-11-01,0.57,"CA"
"NIC_IOTA","2","IOTA_NIC_2020",2017-11-01,0.64,"CA"
"PR_USA_MARIA","3","MARIA_US_PR_2017",2017-11-01,0.57,"C"
"QROO_WILMA","3","WILMA_QROO_2005",2017-11-01,0.79,"C"
"TX_US_HARVEY","6","HARVEY_US_TX_2017",2017-11-01,0.83,"WG"
"TX_US_IKE","4","IKE_US_TX_2008",2017-11-01,0.67,"SUS"
"TX_US_RITA","4","RITA_US_TX_2005",2017-11-01,0.6,"SUS"
"US_FL_DELTA","4","DELTA_US_LA_2020",2017-11-01,0.65,"SUS"
"US_FL_DENNIS","4","DENNIS_US_FL_2005",2017-11-01,0.69,"SUS"
"VER_MX_KARL","5","KARL_MX_VER_2010",2017-11-01,0.79,"SG"
"YUC_DELTA","5","DELTA_YUCATAN_MX_2020",2017-11-01,0.8,"SG"
"YUC_MX_EMILY","5","EMILY_MX_YUC_2005",2017-11-01,0.84,"SG"
"YUC_MX_ISIDORE","5","ISIDORE_MX_YUC_2002",2017-11-01,0.82,"SG"
"AL_US_IVAN","4","IVAN_US_AL_2004",2017-12-01,0.5,"SUS"
"AL_US_SALLY","4","SALLY_US_AL_2020",2017-12-01,0.49,"SUS"
"ALEX","6","ALEX_2010",2017-12-01,0.67,"WG"
"BELICE_RICHARD","3","RICHARD_BELICE_2010",2017-12-01,0.55,"C"
"BELIZE_IRIS","2","IRIS_BELIZE_2001",2017-12-01,0.48,"CA"
"BETA","2","BETA_2005",2017-12-01,0.5,"CA"
"CR_OTTO","2","OTTO_CR_2016",2017-12-01,0.74,"CA"
"CUBA_DENNIS","3","DENNIS_CUBA_2005",2017-12-01,0.82,"C"
"CUBA_GUSTAV","3","GUSTAV_CUBA_2008",2017-12-01,0.72,"C"
"CUBA_IAN","3","IAN_CUBA_2022",2017-12-01,0.7,"C"
"CUBA_MICHELLE","3","MICHELLE_CUBA_2001",2017-12-01,0.8,"C"
"CUBA_PALOMA","3","PALOMA_CUBA_2008",2017-12-01,0.76,"C"
"CUBA_SANDY","3","SANDY_CUBA_2012",2017-12-01,0.63,"C"
"DEAN_QROO_MX","5","DEAN_QROO_MX_2007",2017-12-01,0.66,"SG"
"FL_US_CHARLEY","1","CHARLEY_2004",2017-12-01,0.79,"FP"
"FL_US_FRANCES","1","FRANCES_US_FL_2004",2017-12-01,0.74,"FP"
"FL_US_IAN","1","IAN_US_FL_2022",2017-12-01,0.8,"FP"
"FL_US_IRMA","1","IRMA_US_FL_2017",2017-12-01,0.84,"FP"
"FL_US_JEANNE","1","JEANNE_US_FL_2004",2017-12-01,0.74,"FP"
"FL_US_MICHAEL","4","MICHAEL_US_FL_2018",2017-12-01,0.51,"SUS"
"FL_US_WILMA","1","WILMA_US_FL_2005",2017-12-01,0.81,"FP"
"LA_US_GUSTAV","4","GUSTAV_US_LA_2008",2017-12-01,0.39,"SUS"
"LA_US_IDA","4","IDA_US_LA_2009",2017-12-01,0.42,"SUS"
"LA_US_KATRINA","4","KATRINA_US_LA_2005",2017-12-01,0.45,"SUS"
"LA_US_LAURA","4","LAURA_US_LA_2020",2017-12-01,0.42,"SUS"
"LA_US_ZETA","4","ZETA_US_LA_2020",2017-12-01,0.4,"SUS"
"MX_ERNESTO","5","ERNESTO_MX_2012",2017-12-01,0.65,"SG"
"MX_GRACE","3","GRACE_MX_2021",2017-12-01,0.51,"C"
"MX_TAMPS_EMILY","6","EMILY_TAMPS_MX_2005",2017-12-01,0.6,"WG"
"NC_US_ISABEL","4","ISABEL_US_NC_2003",2017-12-01,0.41,"SUS"
"NIC_ETA","2","ETA_NIC_2020",2017-12-01,0.49,"CA"
"NIC_FELIX","2","FELIX_NIC_2007",2017-12-01,0.45,"CA"
"NIC_IOTA","2","IOTA_NIC_2020",2017-12-01,0.52,"CA"
"PR_USA_MARIA","3","MARIA_US_PR_2017",2017-12-01,0.6,"C"
"QROO_WILMA","3","WILMA_QROO_2005",2017-12-01,0.76,"C"
"TX_US_HARVEY","6","HARVEY_US_TX_2017",2017-12-01,0.55,"WG"
"TX_US_IKE","4","IKE_US_TX_2008",2017-12-01,0.46,"SUS"
"TX_US_RITA","4","RITA_US_TX_2005",2017-12-01,0.42,"SUS"
"US_FL_DELTA","4","DELTA_US_LA_2020",2017-12-01,0.43,"SUS"
"US_FL_DENNIS","4","DENNIS_US_FL_2005",2017-12-01,0.5,"SUS"
"VER_MX_KARL","5","KARL_MX_VER_2010",2017-12-01,0.75,"SG"
"YUC_DELTA","5","DELTA_YUCATAN_MX_2020",2017-12-01,0.78,"SG"
"YUC_MX_EMILY","5","EMILY_MX_YUC_2005",2017-12-01,0.85,"SG"
"YUC_MX_ISIDORE","5","ISIDORE_MX_YUC_2002",2017-12-01,0.79,"SG"
"AL_US_IVAN","4","IVAN_US_AL_2004",2018-01-01,0.51,"SUS"
"AL_US_SALLY","4","SALLY_US_AL_2020",2018-01-01,0.52,"SUS"
"ALEX","6","ALEX_2010",2018-01-01,0.77,"WG"
"BELICE_RICHARD","3","RICHARD_BELICE_2010",2018-01-01,0.58,"C"
"BELIZE_IRIS","2","IRIS_BELIZE_2001",2018-01-01,0.46,"CA"
"BETA","2","BETA_2005",2018-01-01,0.36,"CA"
"CR_OTTO","2","OTTO_CR_2016",2018-01-01,0.55,"CA"
"CUBA_DENNIS","3","DENNIS_CUBA_2005",2018-01-01,0.52,"C"
"CUBA_GUSTAV","3","GUSTAV_CUBA_2008",2018-01-01,0.46,"C"
"CUBA_IAN","3","IAN_CUBA_2022",2018-01-01,0.47,"C"
"CUBA_MICHELLE","3","MICHELLE_CUBA_2001",2018-01-01,0.51,"C"
"CUBA_PALOMA","3","PALOMA_CUBA_2008",2018-01-01,0.42,"C"
"CUBA_SANDY","3","SANDY_CUBA_2012",2018-01-01,0.38,"C"
"DEAN_QROO_MX","5","DEAN_QROO_MX_2007",2018-01-01,0.58,"SG"
"FL_US_CHARLEY","1","CHARLEY_2004",2018-01-01,0.7,"FP"
"FL_US_FRANCES","1","FRANCES_US_FL_2004",2018-01-01,0.62,"FP"
"FL_US_IAN","1","IAN_US_FL_2022",2018-01-01,0.71,"FP"
"FL_US_IRMA","1","IRMA_US_FL_2017",2018-01-01,0.72,"FP"
"FL_US_JEANNE","1","JEANNE_US_FL_2004",2018-01-01,0.63,"FP"
"FL_US_MICHAEL","4","MICHAEL_US_FL_2018",2018-01-01,0.59,"SUS"
"FL_US_WILMA","1","WILMA_US_FL_2005",2018-01-01,0.68,"FP"
"LA_US_GUSTAV","4","GUSTAV_US_LA_2008",2018-01-01,0.39,"SUS"
"LA_US_IDA","4","IDA_US_LA_2009",2018-01-01,0.43,"SUS"
"LA_US_KATRINA","4","KATRINA_US_LA_2005",2018-01-01,0.48,"SUS"
"LA_US_LAURA","4","LAURA_US_LA_2020",2018-01-01,0.46,"SUS"
"LA_US_ZETA","4","ZETA_US_LA_2020",2018-01-01,0.39,"SUS"
"MX_ERNESTO","5","ERNESTO_MX_2012",2018-01-01,0.57,"SG"
"MX_GRACE","3","GRACE_MX_2021",2018-01-01,0.44,"C"
"MX_TAMPS_EMILY","6","EMILY_TAMPS_MX_2005",2018-01-01,0.69,"WG"
"NC_US_ISABEL","4","ISABEL_US_NC_2003",2018-01-01,0.42,"SUS"
"NIC_ETA","2","ETA_NIC_2020",2018-01-01,0.35,"CA"
"NIC_FELIX","2","FELIX_NIC_2007",2018-01-01,0.28,"CA"
"NIC_IOTA","2","IOTA_NIC_2020",2018-01-01,0.37,"CA"
"PR_USA_MARIA","3","MARIA_US_PR_2017",2018-01-01,0.63,"C"
"QROO_WILMA","3","WILMA_QROO_2005",2018-01-01,0.56,"C"
"TX_US_HARVEY","6","HARVEY_US_TX_2017",2018-01-01,0.67,"WG"
"TX_US_IKE","4","IKE_US_TX_2008",2018-01-01,0.52,"SUS"
"TX_US_RITA","4","RITA_US_TX_2005",2018-01-01,0.48,"SUS"
"US_FL_DELTA","4","DELTA_US_LA_2020",2018-01-01,0.43,"SUS"
"US_FL_DENNIS","4","DENNIS_US_FL_2005",2018-01-01,0.52,"SUS"
"VER_MX_KARL","5","KARL_MX_VER_2010",2018-01-01,0.64,"SG"
"YUC_DELTA","5","DELTA_YUCATAN_MX_2020",2018-01-01,0.57,"SG"
"YUC_MX_EMILY","5","EMILY_MX_YUC_2005",2018-01-01,0.66,"SG"
"YUC_MX_ISIDORE","5","ISIDORE_MX_YUC_2002",2018-01-01,0.53,"SG"
"AL_US_IVAN","4","IVAN_US_AL_2004",2018-02-01,0.58,"SUS"
"AL_US_SALLY","4","SALLY_US_AL_2020",2018-02-01,0.53,"SUS"
"ALEX","6","ALEX_2010",2018-02-01,0.84,"WG"
"BELICE_RICHARD","3","RICHARD_BELICE_2010",2018-02-01,0.61,"C"
"BELIZE_IRIS","2","IRIS_BELIZE_2001",2018-02-01,0.65,"CA"
"BETA","2","BETA_2005",2018-02-01,0.5,"CA"
"CR_OTTO","2","OTTO_CR_2016",2018-02-01,0.75,"CA"
"CUBA_DENNIS","3","DENNIS_CUBA_2005",2018-02-01,0.94,"C"
"CUBA_GUSTAV","3","GUSTAV_CUBA_2008",2018-02-01,0.78,"C"
"CUBA_IAN","3","IAN_CUBA_2022",2018-02-01,0.77,"C"
"CUBA_MICHELLE","3","MICHELLE_CUBA_2001",2018-02-01,0.95,"C"
"CUBA_PALOMA","3","PALOMA_CUBA_2008",2018-02-01,0.96,"C"
"CUBA_SANDY","3","SANDY_CUBA_2012",2018-02-01,0.83,"C"
"DEAN_QROO_MX","5","DEAN_QROO_MX_2007",2018-02-01,0.66,"SG"
"FL_US_CHARLEY","1","CHARLEY_2004",2018-02-01,0.94,"FP"
"FL_US_FRANCES","1","FRANCES_US_FL_2004",2018-02-01,0.83,"FP"
"FL_US_IAN","1","IAN_US_FL_2022",2018-02-01,1,"FP"
"FL_US_IRMA","1","IRMA_US_FL_2017",2018-02-01,0.86,"FP"
"FL_US_JEANNE","1","JEANNE_US_FL_2004",2018-02-01,0.84,"FP"
"FL_US_MICHAEL","4","MICHAEL_US_FL_2018",2018-02-01,0.62,"SUS"
"FL_US_WILMA","1","WILMA_US_FL_2005",2018-02-01,0.82,"FP"
"LA_US_GUSTAV","4","GUSTAV_US_LA_2008",2018-02-01,0.29,"SUS"
"LA_US_IDA","4","IDA_US_LA_2009",2018-02-01,0.33,"SUS"
"LA_US_KATRINA","4","KATRINA_US_LA_2005",2018-02-01,0.45,"SUS"
"LA_US_LAURA","4","LAURA_US_LA_2020",2018-02-01,0.4,"SUS"
"LA_US_ZETA","4","ZETA_US_LA_2020",2018-02-01,0.25,"SUS"
"MX_ERNESTO","5","ERNESTO_MX_2012",2018-02-01,0.65,"SG"
"MX_GRACE","3","GRACE_MX_2021",2018-02-01,0.6,"C"
"MX_TAMPS_EMILY","6","EMILY_TAMPS_MX_2005",2018-02-01,0.76,"WG"
"NC_US_ISABEL","4","ISABEL_US_NC_2003",2018-02-01,0.56,"SUS"
"NIC_ETA","2","ETA_NIC_2020",2018-02-01,0.57,"CA"
"NIC_FELIX","2","FELIX_NIC_2007",2018-02-01,0.54,"CA"
"NIC_IOTA","2","IOTA_NIC_2020",2018-02-01,0.57,"CA"
"PR_USA_MARIA","3","MARIA_US_PR_2017",2018-02-01,0.79,"C"
"QROO_WILMA","3","WILMA_QROO_2005",2018-02-01,0.77,"C"
"TX_US_HARVEY","6","HARVEY_US_TX_2017",2018-02-01,0.51,"WG"
"TX_US_IKE","4","IKE_US_TX_2008",2018-02-01,0.38,"SUS"
"TX_US_RITA","4","RITA_US_TX_2005",2018-02-01,0.39,"SUS"
"US_FL_DELTA","4","DELTA_US_LA_2020",2018-02-01,0.42,"SUS"
"US_FL_DENNIS","4","DENNIS_US_FL_2005",2018-02-01,0.59,"SUS"
"VER_MX_KARL","5","KARL_MX_VER_2010",2018-02-01,0.85,"SG"
"YUC_DELTA","5","DELTA_YUCATAN_MX_2020",2018-02-01,0.82,"SG"
"YUC_MX_EMILY","5","EMILY_MX_YUC_2005",2018-02-01,0.9,"SG"
"YUC_MX_ISIDORE","5","ISIDORE_MX_YUC_2002",2018-02-01,0.81,"SG"
"AL_US_IVAN","4","IVAN_US_AL_2004",2018-03-01,0.8,"SUS"
"AL_US_SALLY","4","SALLY_US_AL_2020",2018-03-01,0.79,"SUS"
"ALEX","6","ALEX_2010",2018-03-01,1.2,"WG"
"BELICE_RICHARD","3","RICHARD_BELICE_2010",2018-03-01,0.9,"C"
"BELIZE_IRIS","2","IRIS_BELIZE_2001",2018-03-01,0.8,"CA"
"BETA","2","BETA_2005",2018-03-01,0.71,"CA"
"CR_OTTO","2","OTTO_CR_2016",2018-03-01,1,"CA"
"CUBA_DENNIS","3","DENNIS_CUBA_2005",2018-03-01,0.96,"C"
"CUBA_GUSTAV","3","GUSTAV_CUBA_2008",2018-03-01,0.81,"C"
"CUBA_IAN","3","IAN_CUBA_2022",2018-03-01,0.82,"C"
"CUBA_MICHELLE","3","MICHELLE_CUBA_2001",2018-03-01,1.02,"C"
"CUBA_PALOMA","3","PALOMA_CUBA_2008",2018-03-01,1.16,"C"
"CUBA_SANDY","3","SANDY_CUBA_2012",2018-03-01,0.98,"C"
"DEAN_QROO_MX","5","DEAN_QROO_MX_2007",2018-03-01,0.9,"SG"
"FL_US_CHARLEY","1","CHARLEY_2004",2018-03-01,1.15,"FP"
"FL_US_FRANCES","1","FRANCES_US_FL_2004",2018-03-01,1.16,"FP"
"FL_US_IAN","1","IAN_US_FL_2022",2018-03-01,1.19,"FP"
"FL_US_IRMA","1","IRMA_US_FL_2017",2018-03-01,1.12,"FP"
"FL_US_JEANNE","1","JEANNE_US_FL_2004",2018-03-01,1.16,"FP"
"FL_US_MICHAEL","4","MICHAEL_US_FL_2018",2018-03-01,0.88,"SUS"
"FL_US_WILMA","1","WILMA_US_FL_2005",2018-03-01,1.13,"FP"
"LA_US_GUSTAV","4","GUSTAV_US_LA_2008",2018-03-01,0.73,"SUS"
"LA_US_IDA","4","IDA_US_LA_2009",2018-03-01,0.72,"SUS"
"LA_US_KATRINA","4","KATRINA_US_LA_2005",2018-03-01,0.74,"SUS"
"LA_US_LAURA","4","LAURA_US_LA_2020",2018-03-01,0.79,"SUS"
"LA_US_ZETA","4","ZETA_US_LA_2020",2018-03-01,0.68,"SUS"
"MX_ERNESTO","5","ERNESTO_MX_2012",2018-03-01,0.91,"SG"
"MX_GRACE","3","GRACE_MX_2021",2018-03-01,0.69,"C"
"MX_TAMPS_EMILY","6","EMILY_TAMPS_MX_2005",2018-03-01,1.13,"WG"
"NC_US_ISABEL","4","ISABEL_US_NC_2003",2018-03-01,0.59,"SUS"
"NIC_ETA","2","ETA_NIC_2020",2018-03-01,0.75,"CA"
"NIC_FELIX","2","FELIX_NIC_2007",2018-03-01,0.72,"CA"
"NIC_IOTA","2","IOTA_NIC_2020",2018-03-01,0.76,"CA"
"PR_USA_MARIA","3","MARIA_US_PR_2017",2018-03-01,0.86,"C"
"QROO_WILMA","3","WILMA_QROO_2005",2018-03-01,0.84,"C"
"TX_US_HARVEY","6","HARVEY_US_TX_2017",2018-03-01,0.85,"WG"
"TX_US_IKE","4","IKE_US_TX_2008",2018-03-01,0.76,"SUS"
"TX_US_RITA","4","RITA_US_TX_2005",2018-03-01,0.78,"SUS"
"US_FL_DELTA","4","DELTA_US_LA_2020",2018-03-01,0.8,"SUS"
"US_FL_DENNIS","4","DENNIS_US_FL_2005",2018-03-01,0.81,"SUS"
"VER_MX_KARL","5","KARL_MX_VER_2010",2018-03-01,1.01,"SG"
"YUC_DELTA","5","DELTA_YUCATAN_MX_2020",2018-03-01,0.87,"SG"
"YUC_MX_EMILY","5","EMILY_MX_YUC_2005",2018-03-01,0.95,"SG"
"YUC_MX_ISIDORE","5","ISIDORE_MX_YUC_2002",2018-03-01,0.91,"SG"
"AL_US_IVAN","4","IVAN_US_AL_2004",2018-04-01,0.87,"SUS"
"AL_US_SALLY","4","SALLY_US_AL_2020",2018-04-01,0.85,"SUS"
"ALEX","6","ALEX_2010",2018-04-01,1.22,"WG"
"BELICE_RICHARD","3","RICHARD_BELICE_2010",2018-04-01,0.92,"C"
"BELIZE_IRIS","2","IRIS_BELIZE_2001",2018-04-01,0.8,"CA"
"BETA","2","BETA_2005",2018-04-01,0.64,"CA"
"CR_OTTO","2","OTTO_CR_2016",2018-04-01,0.9,"CA"
"CUBA_DENNIS","3","DENNIS_CUBA_2005",2018-04-01,0.77,"C"
"CUBA_GUSTAV","3","GUSTAV_CUBA_2008",2018-04-01,0.7,"C"
"CUBA_IAN","3","IAN_CUBA_2022",2018-04-01,0.71,"C"
"CUBA_MICHELLE","3","MICHELLE_CUBA_2001",2018-04-01,0.81,"C"
"CUBA_PALOMA","3","PALOMA_CUBA_2008",2018-04-01,1.03,"C"
"CUBA_SANDY","3","SANDY_CUBA_2012",2018-04-01,0.87,"C"
"DEAN_QROO_MX","5","DEAN_QROO_MX_2007",2018-04-01,0.8,"SG"
"FL_US_CHARLEY","1","CHARLEY_2004",2018-04-01,1.04,"FP"
"FL_US_FRANCES","1","FRANCES_US_FL_2004",2018-04-01,0.94,"FP"
"FL_US_IAN","1","IAN_US_FL_2022",2018-04-01,1.07,"FP"
"FL_US_IRMA","1","IRMA_US_FL_2017",2018-04-01,1.02,"FP"
"FL_US_JEANNE","1","JEANNE_US_FL_2004",2018-04-01,0.95,"FP"
"FL_US_MICHAEL","4","MICHAEL_US_FL_2018",2018-04-01,0.91,"SUS"
"FL_US_WILMA","1","WILMA_US_FL_2005",2018-04-01,1.01,"FP"
"LA_US_GUSTAV","4","GUSTAV_US_LA_2008",2018-04-01,0.81,"SUS"
"LA_US_IDA","4","IDA_US_LA_2009",2018-04-01,0.79,"SUS"
"LA_US_KATRINA","4","KATRINA_US_LA_2005",2018-04-01,0.81,"SUS"
"LA_US_LAURA","4","LAURA_US_LA_2020",2018-04-01,0.92,"SUS"
"LA_US_ZETA","4","ZETA_US_LA_2020",2018-04-01,0.74,"SUS"
"MX_ERNESTO","5","ERNESTO_MX_2012",2018-04-01,0.8,"SG"
"MX_GRACE","3","GRACE_MX_2021",2018-04-01,0.81,"C"
"MX_TAMPS_EMILY","6","EMILY_TAMPS_MX_2005",2018-04-01,1.19,"WG"
"NC_US_ISABEL","4","ISABEL_US_NC_2003",2018-04-01,0.8,"SUS"
"NIC_ETA","2","ETA_NIC_2020",2018-04-01,0.66,"CA"
"NIC_FELIX","2","FELIX_NIC_2007",2018-04-01,0.67,"CA"
"NIC_IOTA","2","IOTA_NIC_2020",2018-04-01,0.66,"CA"
"PR_USA_MARIA","3","MARIA_US_PR_2017",2018-04-01,0.89,"C"
"QROO_WILMA","3","WILMA_QROO_2005",2018-04-01,0.8,"C"
"TX_US_HARVEY","6","HARVEY_US_TX_2017",2018-04-01,0.9,"WG"
"TX_US_IKE","4","IKE_US_TX_2008",2018-04-01,0.89,"SUS"
"TX_US_RITA","4","RITA_US_TX_2005",2018-04-01,0.91,"SUS"
"US_FL_DELTA","4","DELTA_US_LA_2020",2018-04-01,0.95,"SUS"
"US_FL_DENNIS","4","DENNIS_US_FL_2005",2018-04-01,0.88,"SUS"
"VER_MX_KARL","5","KARL_MX_VER_2010",2018-04-01,1.12,"SG"
"YUC_DELTA","5","DELTA_YUCATAN_MX_2020",2018-04-01,0.8,"SG"
"YUC_MX_EMILY","5","EMILY_MX_YUC_2005",2018-04-01,0.75,"SG"
"YUC_MX_ISIDORE","5","ISIDORE_MX_YUC_2002",2018-04-01,0.83,"SG"
"AL_US_IVAN","4","IVAN_US_AL_2004",2018-05-01,0.83,"SUS"
"AL_US_SALLY","4","SALLY_US_AL_2020",2018-05-01,0.81,"SUS"
"ALEX","6","ALEX_2010",2018-05-01,1.57,"WG"
"BELICE_RICHARD","3","RICHARD_BELICE_2010",2018-05-01,0.86,"C"
"BELIZE_IRIS","2","IRIS_BELIZE_2001",2018-05-01,0.71,"CA"
"BETA","2","BETA_2005",2018-05-01,0.63,"CA"
"CR_OTTO","2","OTTO_CR_2016",2018-05-01,0.84,"CA"
"CUBA_DENNIS","3","DENNIS_CUBA_2005",2018-05-01,0.49,"C"
"CUBA_GUSTAV","3","GUSTAV_CUBA_2008",2018-05-01,0.38,"C"
"CUBA_IAN","3","IAN_CUBA_2022",2018-05-01,0.38,"C"
"CUBA_MICHELLE","3","MICHELLE_CUBA_2001",2018-05-01,0.5,"C"
"CUBA_PALOMA","3","PALOMA_CUBA_2008",2018-05-01,0.68,"C"
"CUBA_SANDY","3","SANDY_CUBA_2012",2018-05-01,0.63,"C"
"DEAN_QROO_MX","5","DEAN_QROO_MX_2007",2018-05-01,0.71,"SG"
"FL_US_CHARLEY","1","CHARLEY_2004",2018-05-01,0.87,"FP"
"FL_US_FRANCES","1","FRANCES_US_FL_2004",2018-05-01,0.79,"FP"
"FL_US_IAN","1","IAN_US_FL_2022",2018-05-01,0.85,"FP"
"FL_US_IRMA","1","IRMA_US_FL_2017",2018-05-01,0.84,"FP"
"FL_US_JEANNE","1","JEANNE_US_FL_2004",2018-05-01,0.79,"FP"
"FL_US_MICHAEL","4","MICHAEL_US_FL_2018",2018-05-01,0.84,"SUS"
"FL_US_WILMA","1","WILMA_US_FL_2005",2018-05-01,0.86,"FP"
"LA_US_GUSTAV","4","GUSTAV_US_LA_2008",2018-05-01,0.95,"SUS"
"LA_US_IDA","4","IDA_US_LA_2009",2018-05-01,0.93,"SUS"
"LA_US_KATRINA","4","KATRINA_US_LA_2005",2018-05-01,0.85,"SUS"
"LA_US_LAURA","4","LAURA_US_LA_2020",2018-05-01,1.11,"SUS"
"LA_US_ZETA","4","ZETA_US_LA_2020",2018-05-01,0.88,"SUS"
"MX_ERNESTO","5","ERNESTO_MX_2012",2018-05-01,0.71,"SG"
"MX_GRACE","3","GRACE_MX_2021",2018-05-01,1.16,"C"
"MX_TAMPS_EMILY","6","EMILY_TAMPS_MX_2005",2018-05-01,1.53,"WG"
"NC_US_ISABEL","4","ISABEL_US_NC_2003",2018-05-01,0.86,"SUS"
"NIC_ETA","2","ETA_NIC_2020",2018-05-01,0.62,"CA"
"NIC_FELIX","2","FELIX_NIC_2007",2018-05-01,0.59,"CA"
"NIC_IOTA","2","IOTA_NIC_2020",2018-05-01,0.64,"CA"
"PR_USA_MARIA","3","MARIA_US_PR_2017",2018-05-01,0.81,"C"
"QROO_WILMA","3","WILMA_QROO_2005",2018-05-01,0.65,"C"
"TX_US_HARVEY","6","HARVEY_US_TX_2017",2018-05-01,1.28,"WG"
"TX_US_IKE","4","IKE_US_TX_2008",2018-05-01,1.16,"SUS"
"TX_US_RITA","4","RITA_US_TX_2005",2018-05-01,1.11,"SUS"
"US_FL_DELTA","4","DELTA_US_LA_2020",2018-05-01,1.11,"SUS"
"US_FL_DENNIS","4","DENNIS_US_FL_2005",2018-05-01,0.83,"SUS"
"VER_MX_KARL","5","KARL_MX_VER_2010",2018-05-01,1.21,"SG"
"YUC_DELTA","5","DELTA_YUCATAN_MX_2020",2018-05-01,0.62,"SG"
"YUC_MX_EMILY","5","EMILY_MX_YUC_2005",2018-05-01,0.61,"SG"
"YUC_MX_ISIDORE","5","ISIDORE_MX_YUC_2002",2018-05-01,0.57,"SG"
"AL_US_IVAN","4","IVAN_US_AL_2004",2018-06-01,1.02,"SUS"
"AL_US_SALLY","4","SALLY_US_AL_2020",2018-06-01,1,"SUS"
"ALEX","6","ALEX_2010",2018-06-01,1.55,"WG"
"BELICE_RICHARD","3","RICHARD_BELICE_2010",2018-06-01,0.94,"C"
"BELIZE_IRIS","2","IRIS_BELIZE_2001",2018-06-01,0.82,"CA"
"BETA","2","BETA_2005",2018-06-01,0.45,"CA"
"CR_OTTO","2","OTTO_CR_2016",2018-06-01,0.62,"CA"
"CUBA_DENNIS","3","DENNIS_CUBA_2005",2018-06-01,0.9,"C"
"CUBA_GUSTAV","3","GUSTAV_CUBA_2008",2018-06-01,0.81,"C"
"CUBA_IAN","3","IAN_CUBA_2022",2018-06-01,0.82,"C"
"CUBA_MICHELLE","3","MICHELLE_CUBA_2001",2018-06-01,0.92,"C"
"CUBA_PALOMA","3","PALOMA_CUBA_2008",2018-06-01,0.95,"C"
"CUBA_SANDY","3","SANDY_CUBA_2012",2018-06-01,0.82,"C"
"DEAN_QROO_MX","5","DEAN_QROO_MX_2007",2018-06-01,0.83,"SG"
"FL_US_CHARLEY","1","CHARLEY_2004",2018-06-01,0.96,"FP"
"FL_US_FRANCES","1","FRANCES_US_FL_2004",2018-06-01,0.91,"FP"
"FL_US_IAN","1","IAN_US_FL_2022",2018-06-01,0.93,"FP"
"FL_US_IRMA","1","IRMA_US_FL_2017",2018-06-01,0.89,"FP"
"FL_US_JEANNE","1","JEANNE_US_FL_2004",2018-06-01,0.91,"FP"
"FL_US_MICHAEL","4","MICHAEL_US_FL_2018",2018-06-01,1,"SUS"
"FL_US_WILMA","1","WILMA_US_FL_2005",2018-06-01,0.9,"FP"
"LA_US_GUSTAV","4","GUSTAV_US_LA_2008",2018-06-01,1.06,"SUS"
"LA_US_IDA","4","IDA_US_LA_2009",2018-06-01,1.05,"SUS"
"LA_US_KATRINA","4","KATRINA_US_LA_2005",2018-06-01,1.01,"SUS"
"LA_US_LAURA","4","LAURA_US_LA_2020",2018-06-01,1.06,"SUS"
"LA_US_ZETA","4","ZETA_US_LA_2020",2018-06-01,1.02,"SUS"
"MX_ERNESTO","5","ERNESTO_MX_2012",2018-06-01,0.83,"SG"
"MX_GRACE","3","GRACE_MX_2021",2018-06-01,1.03,"C"
"MX_TAMPS_EMILY","6","EMILY_TAMPS_MX_2005",2018-06-01,1.56,"WG"
"NC_US_ISABEL","4","ISABEL_US_NC_2003",2018-06-01,1.06,"SUS"
"NIC_ETA","2","ETA_NIC_2020",2018-06-01,0.5,"CA"
"NIC_FELIX","2","FELIX_NIC_2007",2018-06-01,0.48,"CA"
"NIC_IOTA","2","IOTA_NIC_2020",2018-06-01,0.51,"CA"
"PR_USA_MARIA","3","MARIA_US_PR_2017",2018-06-01,0.86,"C"
"QROO_WILMA","3","WILMA_QROO_2005",2018-06-01,0.85,"C"
"TX_US_HARVEY","6","HARVEY_US_TX_2017",2018-06-01,1.18,"WG"
"TX_US_IKE","4","IKE_US_TX_2008",2018-06-01,1.11,"SUS"
"TX_US_RITA","4","RITA_US_TX_2005",2018-06-01,1.06,"SUS"
"US_FL_DELTA","4","DELTA_US_LA_2020",2018-06-01,1.09,"SUS"
"US_FL_DENNIS","4","DENNIS_US_FL_2005",2018-06-01,1.03,"SUS"
"VER_MX_KARL","5","KARL_MX_VER_2010",2018-06-01,1.14,"SG"
"YUC_DELTA","5","DELTA_YUCATAN_MX_2020",2018-06-01,0.86,"SG"
"YUC_MX_EMILY","5","EMILY_MX_YUC_2005",2018-06-01,0.88,"SG"
"YUC_MX_ISIDORE","5","ISIDORE_MX_YUC_2002",2018-06-01,0.73,"SG"
"AL_US_IVAN","4","IVAN_US_AL_2004",2018-07-01,1.14,"SUS"
"AL_US_SALLY","4","SALLY_US_AL_2020",2018-07-01,1.05,"SUS"
"ALEX","6","ALEX_2010",2018-07-01,1.78,"WG"
"BELICE_RICHARD","3","RICHARD_BELICE_2010",2018-07-01,0.94,"C"
"BELIZE_IRIS","2","IRIS_BELIZE_2001",2018-07-01,0.73,"CA"
"BETA","2","BETA_2005",2018-07-01,0.44,"CA"
"CR_OTTO","2","OTTO_CR_2016",2018-07-01,0.49,"CA"
"CUBA_DENNIS","3","DENNIS_CUBA_2005",2018-07-01,1.04,"C"
"CUBA_GUSTAV","3","GUSTAV_CUBA_2008",2018-07-01,0.91,"C"
"CUBA_IAN","3","IAN_CUBA_2022",2018-07-01,0.9,"C"
"CUBA_MICHELLE","3","MICHELLE_CUBA_2001",2018-07-01,1.04,"C"
"CUBA_PALOMA","3","PALOMA_CUBA_2008",2018-07-01,1.02,"C"
"CUBA_SANDY","3","SANDY_CUBA_2012",2018-07-01,0.87,"C"
"DEAN_QROO_MX","5","DEAN_QROO_MX_2007",2018-07-01,0.99,"SG"
"FL_US_CHARLEY","1","CHARLEY_2004",2018-07-01,1.02,"FP"
"FL_US_FRANCES","1","FRANCES_US_FL_2004",2018-07-01,1.05,"FP"
"FL_US_IAN","1","IAN_US_FL_2022",2018-07-01,1.02,"FP"
"FL_US_IRMA","1","IRMA_US_FL_2017",2018-07-01,1.03,"FP"
"FL_US_JEANNE","1","JEANNE_US_FL_2004",2018-07-01,1.06,"FP"
"FL_US_MICHAEL","4","MICHAEL_US_FL_2018",2018-07-01,0.98,"SUS"
"FL_US_WILMA","1","WILMA_US_FL_2005",2018-07-01,1.03,"FP"
"LA_US_GUSTAV","4","GUSTAV_US_LA_2008",2018-07-01,1.19,"SUS"
"LA_US_IDA","4","IDA_US_LA_2009",2018-07-01,1.21,"SUS"
"LA_US_KATRINA","4","KATRINA_US_LA_2005",2018-07-01,1.25,"SUS"
"LA_US_LAURA","4","LAURA_US_LA_2020",2018-07-01,1.36,"SUS"
"LA_US_ZETA","4","ZETA_US_LA_2020",2018-07-01,1.17,"SUS"
"MX_ERNESTO","5","ERNESTO_MX_2012",2018-07-01,0.99,"SG"
"MX_GRACE","3","GRACE_MX_2021",2018-07-01,1.11,"C"
"MX_TAMPS_EMILY","6","EMILY_TAMPS_MX_2005",2018-07-01,1.86,"WG"
"NC_US_ISABEL","4","ISABEL_US_NC_2003",2018-07-01,1.09,"SUS"
"NIC_ETA","2","ETA_NIC_2020",2018-07-01,0.57,"CA"
"NIC_FELIX","2","FELIX_NIC_2007",2018-07-01,0.5,"CA"
"NIC_IOTA","2","IOTA_NIC_2020",2018-07-01,0.59,"CA"
"PR_USA_MARIA","3","MARIA_US_PR_2017",2018-07-01,0.83,"C"
"QROO_WILMA","3","WILMA_QROO_2005",2018-07-01,0.89,"C"
"TX_US_HARVEY","6","HARVEY_US_TX_2017",2018-07-01,1.51,"WG"
"TX_US_IKE","4","IKE_US_TX_2008",2018-07-01,1.63,"SUS"
"TX_US_RITA","4","RITA_US_TX_2005",2018-07-01,1.42,"SUS"
"US_FL_DELTA","4","DELTA_US_LA_2020",2018-07-01,1.32,"SUS"
"US_FL_DENNIS","4","DENNIS_US_FL_2005",2018-07-01,1.13,"SUS"
"VER_MX_KARL","5","KARL_MX_VER_2010",2018-07-01,1.09,"SG"
"YUC_DELTA","5","DELTA_YUCATAN_MX_2020",2018-07-01,0.9,"SG"
"YUC_MX_EMILY","5","EMILY_MX_YUC_2005",2018-07-01,1,"SG"
"YUC_MX_ISIDORE","5","ISIDORE_MX_YUC_2002",2018-07-01,0.7,"SG"
"AL_US_IVAN","4","IVAN_US_AL_2004",2018-08-01,0.9,"SUS"
"AL_US_SALLY","4","SALLY_US_AL_2020",2018-08-01,0.89,"SUS"
"ALEX","6","ALEX_2010",2018-08-01,1.96,"WG"
"BELICE_RICHARD","3","RICHARD_BELICE_2010",2018-08-01,0.83,"C"
"BELIZE_IRIS","2","IRIS_BELIZE_2001",2018-08-01,0.73,"CA"
"BETA","2","BETA_2005",2018-08-01,0.39,"CA"
"CR_OTTO","2","OTTO_CR_2016",2018-08-01,0.55,"CA"
"CUBA_DENNIS","3","DENNIS_CUBA_2005",2018-08-01,1.07,"C"
"CUBA_GUSTAV","3","GUSTAV_CUBA_2008",2018-08-01,0.86,"C"
"CUBA_IAN","3","IAN_CUBA_2022",2018-08-01,0.82,"C"
"CUBA_MICHELLE","3","MICHELLE_CUBA_2001",2018-08-01,1.06,"C"
"CUBA_PALOMA","3","PALOMA_CUBA_2008",2018-08-01,1.18,"C"
"CUBA_SANDY","3","SANDY_CUBA_2012",2018-08-01,0.94,"C"
"DEAN_QROO_MX","5","DEAN_QROO_MX_2007",2018-08-01,0.76,"SG"
"FL_US_CHARLEY","1","CHARLEY_2004",2018-08-01,1.19,"FP"
"FL_US_FRANCES","1","FRANCES_US_FL_2004",2018-08-01,1.18,"FP"
"FL_US_IAN","1","IAN_US_FL_2022",2018-08-01,1.21,"FP"
"FL_US_IRMA","1","IRMA_US_FL_2017",2018-08-01,1.21,"FP"
"FL_US_JEANNE","1","JEANNE_US_FL_2004",2018-08-01,1.18,"FP"
"FL_US_MICHAEL","4","MICHAEL_US_FL_2018",2018-08-01,0.98,"SUS"
"FL_US_WILMA","1","WILMA_US_FL_2005",2018-08-01,1.17,"FP"
"LA_US_GUSTAV","4","GUSTAV_US_LA_2008",2018-08-01,1.06,"SUS"
"LA_US_IDA","4","IDA_US_LA_2009",2018-08-01,1.04,"SUS"
"LA_US_KATRINA","4","KATRINA_US_LA_2005",2018-08-01,0.95,"SUS"
"LA_US_LAURA","4","LAURA_US_LA_2020",2018-08-01,1.26,"SUS"
"LA_US_ZETA","4","ZETA_US_LA_2020",2018-08-01,1.04,"SUS"
"MX_ERNESTO","5","ERNESTO_MX_2012",2018-08-01,0.75,"SG"
"MX_GRACE","3","GRACE_MX_2021",2018-08-01,0.89,"C"
"MX_TAMPS_EMILY","6","EMILY_TAMPS_MX_2005",2018-08-01,2.23,"WG"
"NC_US_ISABEL","4","ISABEL_US_NC_2003",2018-08-01,0.98,"SUS"
"NIC_ETA","2","ETA_NIC_2020",2018-08-01,0.46,"CA"
"NIC_FELIX","2","FELIX_NIC_2007",2018-08-01,0.45,"CA"
"NIC_IOTA","2","IOTA_NIC_2020",2018-08-01,0.48,"CA"
"PR_USA_MARIA","3","MARIA_US_PR_2017",2018-08-01,0.79,"C"
"QROO_WILMA","3","WILMA_QROO_2005",2018-08-01,0.78,"C"
"TX_US_HARVEY","6","HARVEY_US_TX_2017",2018-08-01,1.62,"WG"
"TX_US_IKE","4","IKE_US_TX_2008",2018-08-01,1.39,"SUS"
"TX_US_RITA","4","RITA_US_TX_2005",2018-08-01,1.31,"SUS"
"US_FL_DELTA","4","DELTA_US_LA_2020",2018-08-01,1.22,"SUS"
"US_FL_DENNIS","4","DENNIS_US_FL_2005",2018-08-01,0.89,"SUS"
"VER_MX_KARL","5","KARL_MX_VER_2010",2018-08-01,0.87,"SG"
"YUC_DELTA","5","DELTA_YUCATAN_MX_2020",2018-08-01,0.79,"SG"
"YUC_MX_EMILY","5","EMILY_MX_YUC_2005",2018-08-01,0.86,"SG"
"YUC_MX_ISIDORE","5","ISIDORE_MX_YUC_2002",2018-08-01,0.53,"SG"
"AL_US_IVAN","4","IVAN_US_AL_2004",2018-09-01,0.62,"SUS"
"AL_US_SALLY","4","SALLY_US_AL_2020",2018-09-01,0.61,"SUS"
"ALEX","6","ALEX_2010",2018-09-01,1.23,"WG"
"BELICE_RICHARD","3","RICHARD_BELICE_2010",2018-09-01,0.81,"C"
"BELIZE_IRIS","2","IRIS_BELIZE_2001",2018-09-01,0.67,"CA"
"BETA","2","BETA_2005",2018-09-01,0.56,"CA"
"CR_OTTO","2","OTTO_CR_2016",2018-09-01,0.66,"CA"
"CUBA_DENNIS","3","DENNIS_CUBA_2005",2018-09-01,0.91,"C"
"CUBA_GUSTAV","3","GUSTAV_CUBA_2008",2018-09-01,0.82,"C"
"CUBA_IAN","3","IAN_CUBA_2022",2018-09-01,0.78,"C"
"CUBA_MICHELLE","3","MICHELLE_CUBA_2001",2018-09-01,0.85,"C"
"CUBA_PALOMA","3","PALOMA_CUBA_2008",2018-09-01,0.88,"C"
"CUBA_SANDY","3","SANDY_CUBA_2012",2018-09-01,0.78,"C"
"DEAN_QROO_MX","5","DEAN_QROO_MX_2007",2018-09-01,0.79,"SG"
"FL_US_CHARLEY","1","CHARLEY_2004",2018-09-01,1.09,"FP"
"FL_US_FRANCES","1","FRANCES_US_FL_2004",2018-09-01,1.1,"FP"
"FL_US_IAN","1","IAN_US_FL_2022",2018-09-01,1.09,"FP"
"FL_US_IRMA","1","IRMA_US_FL_2017",2018-09-01,1.06,"FP"
"FL_US_JEANNE","1","JEANNE_US_FL_2004",2018-09-01,1.1,"FP"
"FL_US_MICHAEL","4","MICHAEL_US_FL_2018",2018-09-01,0.94,"SUS"
"FL_US_WILMA","1","WILMA_US_FL_2005",2018-09-01,1.05,"FP"
"LA_US_GUSTAV","4","GUSTAV_US_LA_2008",2018-09-01,0.66,"SUS"
"LA_US_IDA","4","IDA_US_LA_2009",2018-09-01,0.64,"SUS"
"LA_US_KATRINA","4","KATRINA_US_LA_2005",2018-09-01,0.56,"SUS"
"LA_US_LAURA","4","LAURA_US_LA_2020",2018-09-01,0.6,"SUS"
"LA_US_ZETA","4","ZETA_US_LA_2020",2018-09-01,0.69,"SUS"
"MX_ERNESTO","5","ERNESTO_MX_2012",2018-09-01,0.79,"SG"
"MX_GRACE","3","GRACE_MX_2021",2018-09-01,0.85,"C"
"MX_TAMPS_EMILY","6","EMILY_TAMPS_MX_2005",2018-09-01,1.28,"WG"
"NC_US_ISABEL","4","ISABEL_US_NC_2003",2018-09-01,0.72,"SUS"
"NIC_ETA","2","ETA_NIC_2020",2018-09-01,0.62,"CA"
"NIC_FELIX","2","FELIX_NIC_2007",2018-09-01,0.61,"CA"
"NIC_IOTA","2","IOTA_NIC_2020",2018-09-01,0.63,"CA"
"PR_USA_MARIA","3","MARIA_US_PR_2017",2018-09-01,0.78,"C"
"QROO_WILMA","3","WILMA_QROO_2005",2018-09-01,0.73,"C"
"TX_US_HARVEY","6","HARVEY_US_TX_2017",2018-09-01,0.73,"WG"
"TX_US_IKE","4","IKE_US_TX_2008",2018-09-01,0.59,"SUS"
"TX_US_RITA","4","RITA_US_TX_2005",2018-09-01,0.57,"SUS"
"US_FL_DELTA","4","DELTA_US_LA_2020",2018-09-01,0.68,"SUS"
"US_FL_DENNIS","4","DENNIS_US_FL_2005",2018-09-01,0.64,"SUS"
"VER_MX_KARL","5","KARL_MX_VER_2010",2018-09-01,0.97,"SG"
"YUC_DELTA","5","DELTA_YUCATAN_MX_2020",2018-09-01,0.73,"SG"
"YUC_MX_EMILY","5","EMILY_MX_YUC_2005",2018-09-01,0.79,"SG"
"YUC_MX_ISIDORE","5","ISIDORE_MX_YUC_2002",2018-09-01,0.73,"SG"
"AL_US_IVAN","4","IVAN_US_AL_2004",2018-10-01,0.94,"SUS"
"AL_US_SALLY","4","SALLY_US_AL_2020",2018-10-01,0.9,"SUS"
"ALEX","6","ALEX_2010",2018-10-01,0.78,"WG"
"BELICE_RICHARD","3","RICHARD_BELICE_2010",2018-10-01,0.64,"C"
"BELIZE_IRIS","2","IRIS_BELIZE_2001",2018-10-01,0.57,"CA"
"BETA","2","BETA_2005",2018-10-01,0.6,"CA"
"CR_OTTO","2","OTTO_CR_2016",2018-10-01,0.6,"CA"
"CUBA_DENNIS","3","DENNIS_CUBA_2005",2018-10-01,0.87,"C"
"CUBA_GUSTAV","3","GUSTAV_CUBA_2008",2018-10-01,0.76,"C"
"CUBA_IAN","3","IAN_CUBA_2022",2018-10-01,0.73,"C"
"CUBA_MICHELLE","3","MICHELLE_CUBA_2001",2018-10-01,0.82,"C"
"CUBA_PALOMA","3","PALOMA_CUBA_2008",2018-10-01,0.69,"C"
"CUBA_SANDY","3","SANDY_CUBA_2012",2018-10-01,0.58,"C"
"DEAN_QROO_MX","5","DEAN_QROO_MX_2007",2018-10-01,0.58,"SG"
"FL_US_CHARLEY","1","CHARLEY_2004",2018-10-01,1.08,"FP"
"FL_US_FRANCES","1","FRANCES_US_FL_2004",2018-10-01,1.02,"FP"
"FL_US_IAN","1","IAN_US_FL_2022",2018-10-01,1.1,"FP"
"FL_US_IRMA","1","IRMA_US_FL_2017",2018-10-01,1.17,"FP"
"FL_US_JEANNE","1","JEANNE_US_FL_2004",2018-10-01,1.03,"FP"
"FL_US_MICHAEL","4","MICHAEL_US_FL_2018",2018-10-01,0.98,"SUS"
"FL_US_WILMA","1","WILMA_US_FL_2005",2018-10-01,1.13,"FP"
"LA_US_GUSTAV","4","GUSTAV_US_LA_2008",2018-10-01,0.65,"SUS"
"LA_US_IDA","4","IDA_US_LA_2009",2018-10-01,0.67,"SUS"
"LA_US_KATRINA","4","KATRINA_US_LA_2005",2018-10-01,0.82,"SUS"
"LA_US_LAURA","4","LAURA_US_LA_2020",2018-10-01,0.69,"SUS"
"LA_US_ZETA","4","ZETA_US_LA_2020",2018-10-01,0.64,"SUS"
"MX_ERNESTO","5","ERNESTO_MX_2012",2018-10-01,0.58,"SG"
"MX_GRACE","3","GRACE_MX_2021",2018-10-01,0.52,"C"
"MX_TAMPS_EMILY","6","EMILY_TAMPS_MX_2005",2018-10-01,0.78,"WG"
"NC_US_ISABEL","4","ISABEL_US_NC_2003",2018-10-01,0.8,"SUS"
"NIC_ETA","2","ETA_NIC_2020",2018-10-01,0.7,"CA"
"NIC_FELIX","2","FELIX_NIC_2007",2018-10-01,0.68,"CA"
"NIC_IOTA","2","IOTA_NIC_2020",2018-10-01,0.72,"CA"
"PR_USA_MARIA","3","MARIA_US_PR_2017",2018-10-01,0.72,"C"
"QROO_WILMA","3","WILMA_QROO_2005",2018-10-01,0.69,"C"
"TX_US_HARVEY","6","HARVEY_US_TX_2017",2018-10-01,0.61,"WG"
"TX_US_IKE","4","IKE_US_TX_2008",2018-10-01,0.6,"SUS"
"TX_US_RITA","4","RITA_US_TX_2005",2018-10-01,0.63,"SUS"
"US_FL_DELTA","4","DELTA_US_LA_2020",2018-10-01,0.76,"SUS"
"US_FL_DENNIS","4","DENNIS_US_FL_2005",2018-10-01,0.96,"SUS"
"VER_MX_KARL","5","KARL_MX_VER_2010",2018-10-01,0.74,"SG"
"YUC_DELTA","5","DELTA_YUCATAN_MX_2020",2018-10-01,0.69,"SG"
"YUC_MX_EMILY","5","EMILY_MX_YUC_2005",2018-10-01,0.71,"SG"
"YUC_MX_ISIDORE","5","ISIDORE_MX_YUC_2002",2018-10-01,0.63,"SG"
"AL_US_IVAN","4","IVAN_US_AL_2004",2018-11-01,0.47,"SUS"
"AL_US_SALLY","4","SALLY_US_AL_2020",2018-11-01,0.47,"SUS"
"ALEX","6","ALEX_2010",2018-11-01,0.81,"WG"
"BELICE_RICHARD","3","RICHARD_BELICE_2010",2018-11-01,0.52,"C"
"BELIZE_IRIS","2","IRIS_BELIZE_2001",2018-11-01,0.48,"CA"
"BETA","2","BETA_2005",2018-11-01,0.41,"CA"
"CR_OTTO","2","OTTO_CR_2016",2018-11-01,0.58,"CA"
"CUBA_DENNIS","3","DENNIS_CUBA_2005",2018-11-01,0.81,"C"
"CUBA_GUSTAV","3","GUSTAV_CUBA_2008",2018-11-01,0.7,"C"
"CUBA_IAN","3","IAN_CUBA_2022",2018-11-01,0.69,"C"
"CUBA_MICHELLE","3","MICHELLE_CUBA_2001",2018-11-01,0.8,"C"
"CUBA_PALOMA","3","PALOMA_CUBA_2008",2018-11-01,0.96,"C"
"CUBA_SANDY","3","SANDY_CUBA_2012",2018-11-01,0.66,"C"
"DEAN_QROO_MX","5","DEAN_QROO_MX_2007",2018-11-01,0.57,"SG"
"FL_US_CHARLEY","1","CHARLEY_2004",2018-11-01,0.87,"FP"
"FL_US_FRANCES","1","FRANCES_US_FL_2004",2018-11-01,0.86,"FP"
"FL_US_IAN","1","IAN_US_FL_2022",2018-11-01,0.89,"FP"
"FL_US_IRMA","1","IRMA_US_FL_2017",2018-11-01,0.92,"FP"
"FL_US_JEANNE","1","JEANNE_US_FL_2004",2018-11-01,0.86,"FP"
"FL_US_MICHAEL","4","MICHAEL_US_FL_2018",2018-11-01,0.56,"SUS"
"FL_US_WILMA","1","WILMA_US_FL_2005",2018-11-01,0.91,"FP"
"LA_US_GUSTAV","4","GUSTAV_US_LA_2008",2018-11-01,0.45,"SUS"
"LA_US_IDA","4","IDA_US_LA_2009",2018-11-01,0.45,"SUS"
"LA_US_KATRINA","4","KATRINA_US_LA_2005",2018-11-01,0.42,"SUS"
"LA_US_LAURA","4","LAURA_US_LA_2020",2018-11-01,0.44,"SUS"
"LA_US_ZETA","4","ZETA_US_LA_2020",2018-11-01,0.43,"SUS"
"MX_ERNESTO","5","ERNESTO_MX_2012",2018-11-01,0.56,"SG"
"MX_GRACE","3","GRACE_MX_2021",2018-11-01,0.58,"C"
"MX_TAMPS_EMILY","6","EMILY_TAMPS_MX_2005",2018-11-01,0.73,"WG"
"NC_US_ISABEL","4","ISABEL_US_NC_2003",2018-11-01,0.51,"SUS"
"NIC_ETA","2","ETA_NIC_2020",2018-11-01,0.44,"CA"
"NIC_FELIX","2","FELIX_NIC_2007",2018-11-01,0.45,"CA"
"NIC_IOTA","2","IOTA_NIC_2020",2018-11-01,0.45,"CA"
"PR_USA_MARIA","3","MARIA_US_PR_2017",2018-11-01,0.69,"C"
"QROO_WILMA","3","WILMA_QROO_2005",2018-11-01,0.72,"C"
"TX_US_HARVEY","6","HARVEY_US_TX_2017",2018-11-01,0.5,"WG"
"TX_US_IKE","4","IKE_US_TX_2008",2018-11-01,0.41,"SUS"
"TX_US_RITA","4","RITA_US_TX_2005",2018-11-01,0.42,"SUS"
"US_FL_DELTA","4","DELTA_US_LA_2020",2018-11-01,0.47,"SUS"
"US_FL_DENNIS","4","DENNIS_US_FL_2005",2018-11-01,0.47,"SUS"
"VER_MX_KARL","5","KARL_MX_VER_2010",2018-11-01,0.77,"SG"
"YUC_DELTA","5","DELTA_YUCATAN_MX_2020",2018-11-01,0.73,"SG"
"YUC_MX_EMILY","5","EMILY_MX_YUC_2005",2018-11-01,0.76,"SG"
"YUC_MX_ISIDORE","5","ISIDORE_MX_YUC_2002",2018-11-01,0.67,"SG"
"AL_US_IVAN","4","IVAN_US_AL_2004",2018-12-01,0.45,"SUS"
"AL_US_SALLY","4","SALLY_US_AL_2020",2018-12-01,0.43,"SUS"
"ALEX","6","ALEX_2010",2018-12-01,0.86,"WG"
"BELICE_RICHARD","3","RICHARD_BELICE_2010",2018-12-01,0.74,"C"
"BELIZE_IRIS","2","IRIS_BELIZE_2001",2018-12-01,0.67,"CA"
"BETA","2","BETA_2005",2018-12-01,0.47,"CA"
"CR_OTTO","2","OTTO_CR_2016",2018-12-01,0.77,"CA"
"CUBA_DENNIS","3","DENNIS_CUBA_2005",2018-12-01,0.86,"C"
"CUBA_GUSTAV","3","GUSTAV_CUBA_2008",2018-12-01,0.64,"C"
"CUBA_IAN","3","IAN_CUBA_2022",2018-12-01,0.63,"C"
"CUBA_MICHELLE","3","MICHELLE_CUBA_2001",2018-12-01,0.88,"C"
"CUBA_PALOMA","3","PALOMA_CUBA_2008",2018-12-01,0.87,"C"
"CUBA_SANDY","3","SANDY_CUBA_2012",2018-12-01,0.7,"C"
"DEAN_QROO_MX","5","DEAN_QROO_MX_2007",2018-12-01,0.63,"SG"
"FL_US_CHARLEY","1","CHARLEY_2004",2018-12-01,0.72,"FP"
"FL_US_FRANCES","1","FRANCES_US_FL_2004",2018-12-01,0.74,"FP"
"FL_US_IAN","1","IAN_US_FL_2022",2018-12-01,0.75,"FP"
"FL_US_IRMA","1","IRMA_US_FL_2017",2018-12-01,0.79,"FP"
"FL_US_JEANNE","1","JEANNE_US_FL_2004",2018-12-01,0.75,"FP"
"FL_US_MICHAEL","4","MICHAEL_US_FL_2018",2018-12-01,0.47,"SUS"
"FL_US_WILMA","1","WILMA_US_FL_2005",2018-12-01,0.8,"FP"
"LA_US_GUSTAV","4","GUSTAV_US_LA_2008",2018-12-01,0.31,"SUS"
"LA_US_IDA","4","IDA_US_LA_2009",2018-12-01,0.33,"SUS"
"LA_US_KATRINA","4","KATRINA_US_LA_2005",2018-12-01,0.37,"SUS"
"LA_US_LAURA","4","LAURA_US_LA_2020",2018-12-01,0.39,"SUS"
"LA_US_ZETA","4","ZETA_US_LA_2020",2018-12-01,0.3,"SUS"
"MX_ERNESTO","5","ERNESTO_MX_2012",2018-12-01,0.62,"SG"
"MX_GRACE","3","GRACE_MX_2021",2018-12-01,0.63,"C"
"MX_TAMPS_EMILY","6","EMILY_TAMPS_MX_2005",2018-12-01,0.88,"WG"
"NC_US_ISABEL","4","ISABEL_US_NC_2003",2018-12-01,0.36,"SUS"
"NIC_ETA","2","ETA_NIC_2020",2018-12-01,0.49,"CA"
"NIC_FELIX","2","FELIX_NIC_2007",2018-12-01,0.46,"CA"
"NIC_IOTA","2","IOTA_NIC_2020",2018-12-01,0.51,"CA"
"PR_USA_MARIA","3","MARIA_US_PR_2017",2018-12-01,0.69,"C"
"QROO_WILMA","3","WILMA_QROO_2005",2018-12-01,0.68,"C"
"TX_US_HARVEY","6","HARVEY_US_TX_2017",2018-12-01,0.6,"WG"
"TX_US_IKE","4","IKE_US_TX_2008",2018-12-01,0.48,"SUS"
"TX_US_RITA","4","RITA_US_TX_2005",2018-12-01,0.41,"SUS"
"US_FL_DELTA","4","DELTA_US_LA_2020",2018-12-01,0.39,"SUS"
"US_FL_DENNIS","4","DENNIS_US_FL_2005",2018-12-01,0.45,"SUS"
"VER_MX_KARL","5","KARL_MX_VER_2010",2018-12-01,0.89,"SG"
"YUC_DELTA","5","DELTA_YUCATAN_MX_2020",2018-12-01,0.71,"SG"
"YUC_MX_EMILY","5","EMILY_MX_YUC_2005",2018-12-01,0.77,"SG"
"YUC_MX_ISIDORE","5","ISIDORE_MX_YUC_2002",2018-12-01,0.68,"SG"
"AL_US_IVAN","4","IVAN_US_AL_2004",2019-01-01,0.5,"SUS"
"AL_US_SALLY","4","SALLY_US_AL_2020",2019-01-01,0.5,"SUS"
"ALEX","6","ALEX_2010",2019-01-01,0.77,"WG"
"BELICE_RICHARD","3","RICHARD_BELICE_2010",2019-01-01,0.67,"C"
"BELIZE_IRIS","2","IRIS_BELIZE_2001",2019-01-01,0.65,"CA"
"BETA","2","BETA_2005",2019-01-01,0.52,"CA"
"CR_OTTO","2","OTTO_CR_2016",2019-01-01,0.73,"CA"
"CUBA_DENNIS","3","DENNIS_CUBA_2005",2019-01-01,0.83,"C"
"CUBA_GUSTAV","3","GUSTAV_CUBA_2008",2019-01-01,0.63,"C"
"CUBA_IAN","3","IAN_CUBA_2022",2019-01-01,0.6,"C"
"CUBA_MICHELLE","3","MICHELLE_CUBA_2001",2019-01-01,0.82,"C"
"CUBA_PALOMA","3","PALOMA_CUBA_2008",2019-01-01,0.85,"C"
"CUBA_SANDY","3","SANDY_CUBA_2012",2019-01-01,0.77,"C"
"DEAN_QROO_MX","5","DEAN_QROO_MX_2007",2019-01-01,0.7,"SG"
"FL_US_CHARLEY","1","CHARLEY_2004",2019-01-01,0.73,"FP"
"FL_US_FRANCES","1","FRANCES_US_FL_2004",2019-01-01,0.71,"FP"
"FL_US_IAN","1","IAN_US_FL_2022",2019-01-01,0.73,"FP"
"FL_US_IRMA","1","IRMA_US_FL_2017",2019-01-01,0.72,"FP"
"FL_US_JEANNE","1","JEANNE_US_FL_2004",2019-01-01,0.71,"FP"
"FL_US_MICHAEL","4","MICHAEL_US_FL_2018",2019-01-01,0.54,"SUS"
"FL_US_WILMA","1","WILMA_US_FL_2005",2019-01-01,0.74,"FP"
"LA_US_GUSTAV","4","GUSTAV_US_LA_2008",2019-01-01,0.37,"SUS"
"LA_US_IDA","4","IDA_US_LA_2009",2019-01-01,0.41,"SUS"
"LA_US_KATRINA","4","KATRINA_US_LA_2005",2019-01-01,0.46,"SUS"
"LA_US_LAURA","4","LAURA_US_LA_2020",2019-01-01,0.44,"SUS"
"LA_US_ZETA","4","ZETA_US_LA_2020",2019-01-01,0.39,"SUS"
"MX_ERNESTO","5","ERNESTO_MX_2012",2019-01-01,0.69,"SG"
"MX_GRACE","3","GRACE_MX_2021",2019-01-01,0.56,"C"
"MX_TAMPS_EMILY","6","EMILY_TAMPS_MX_2005",2019-01-01,0.67,"WG"
"NC_US_ISABEL","4","ISABEL_US_NC_2003",2019-01-01,0.41,"SUS"
"NIC_ETA","2","ETA_NIC_2020",2019-01-01,0.55,"CA"
"NIC_FELIX","2","FELIX_NIC_2007",2019-01-01,0.47,"CA"
"NIC_IOTA","2","IOTA_NIC_2020",2019-01-01,0.58,"CA"
"PR_USA_MARIA","3","MARIA_US_PR_2017",2019-01-01,0.65,"C"
"QROO_WILMA","3","WILMA_QROO_2005",2019-01-01,0.61,"C"
"TX_US_HARVEY","6","HARVEY_US_TX_2017",2019-01-01,0.57,"WG"
"TX_US_IKE","4","IKE_US_TX_2008",2019-01-01,0.48,"SUS"
"TX_US_RITA","4","RITA_US_TX_2005",2019-01-01,0.45,"SUS"
"US_FL_DELTA","4","DELTA_US_LA_2020",2019-01-01,0.44,"SUS"
"US_FL_DENNIS","4","DENNIS_US_FL_2005",2019-01-01,0.5,"SUS"
"VER_MX_KARL","5","KARL_MX_VER_2010",2019-01-01,0.78,"SG"
"YUC_DELTA","5","DELTA_YUCATAN_MX_2020",2019-01-01,0.65,"SG"
"YUC_MX_EMILY","5","EMILY_MX_YUC_2005",2019-01-01,0.8,"SG"
"YUC_MX_ISIDORE","5","ISIDORE_MX_YUC_2002",2019-01-01,0.7,"SG"
"AL_US_IVAN","4","IVAN_US_AL_2004",2019-02-01,0.65,"SUS"
"AL_US_SALLY","4","SALLY_US_AL_2020",2019-02-01,0.63,"SUS"
"ALEX","6","ALEX_2010",2019-02-01,0.84,"WG"
"BELICE_RICHARD","3","RICHARD_BELICE_2010",2019-02-01,0.84,"C"
"BELIZE_IRIS","2","IRIS_BELIZE_2001",2019-02-01,0.89,"CA"
"BETA","2","BETA_2005",2019-02-01,0.57,"CA"
"CR_OTTO","2","OTTO_CR_2016",2019-02-01,0.87,"CA"
"CUBA_DENNIS","3","DENNIS_CUBA_2005",2019-02-01,1,"C"
"CUBA_GUSTAV","3","GUSTAV_CUBA_2008",2019-02-01,0.67,"C"
"CUBA_IAN","3","IAN_CUBA_2022",2019-02-01,0.65,"C"
"CUBA_MICHELLE","3","MICHELLE_CUBA_2001",2019-02-01,0.99,"C"
"CUBA_PALOMA","3","PALOMA_CUBA_2008",2019-02-01,1,"C"
"CUBA_SANDY","3","SANDY_CUBA_2012",2019-02-01,0.92,"C"
"DEAN_QROO_MX","5","DEAN_QROO_MX_2007",2019-02-01,0.88,"SG"
"FL_US_CHARLEY","1","CHARLEY_2004",2019-02-01,0.71,"FP"
"FL_US_FRANCES","1","FRANCES_US_FL_2004",2019-02-01,0.65,"FP"
"FL_US_IAN","1","IAN_US_FL_2022",2019-02-01,0.7,"FP"
"FL_US_IRMA","1","IRMA_US_FL_2017",2019-02-01,0.59,"FP"
"FL_US_JEANNE","1","JEANNE_US_FL_2004",2019-02-01,0.64,"FP"
"FL_US_MICHAEL","4","MICHAEL_US_FL_2018",2019-02-01,0.7,"SUS"
"FL_US_WILMA","1","WILMA_US_FL_2005",2019-02-01,0.57,"FP"
"LA_US_GUSTAV","4","GUSTAV_US_LA_2008",2019-02-01,0.42,"SUS"
"LA_US_IDA","4","IDA_US_LA_2009",2019-02-01,0.48,"SUS"
"LA_US_KATRINA","4","KATRINA_US_LA_2005",2019-02-01,0.59,"SUS"
"LA_US_LAURA","4","LAURA_US_LA_2020",2019-02-01,0.51,"SUS"
"LA_US_ZETA","4","ZETA_US_LA_2020",2019-02-01,0.41,"SUS"
"MX_ERNESTO","5","ERNESTO_MX_2012",2019-02-01,0.87,"SG"
"MX_GRACE","3","GRACE_MX_2021",2019-02-01,0.65,"C"
"MX_TAMPS_EMILY","6","EMILY_TAMPS_MX_2005",2019-02-01,0.74,"WG"
"NC_US_ISABEL","4","ISABEL_US_NC_2003",2019-02-01,0.55,"SUS"
"NIC_ETA","2","ETA_NIC_2020",2019-02-01,0.67,"CA"
"NIC_FELIX","2","FELIX_NIC_2007",2019-02-01,0.59,"CA"
"NIC_IOTA","2","IOTA_NIC_2020",2019-02-01,0.68,"CA"
"PR_USA_MARIA","3","MARIA_US_PR_2017",2019-02-01,0.72,"C"
"QROO_WILMA","3","WILMA_QROO_2005",2019-02-01,0.7,"C"
"TX_US_HARVEY","6","HARVEY_US_TX_2017",2019-02-01,0.59,"WG"
"TX_US_IKE","4","IKE_US_TX_2008",2019-02-01,0.51,"SUS"
"TX_US_RITA","4","RITA_US_TX_2005",2019-02-01,0.51,"SUS"
"US_FL_DELTA","4","DELTA_US_LA_2020",2019-02-01,0.54,"SUS"
"US_FL_DENNIS","4","DENNIS_US_FL_2005",2019-02-01,0.67,"SUS"
"VER_MX_KARL","5","KARL_MX_VER_2010",2019-02-01,0.99,"SG"
"YUC_DELTA","5","DELTA_YUCATAN_MX_2020",2019-02-01,0.76,"SG"
"YUC_MX_EMILY","5","EMILY_MX_YUC_2005",2019-02-01,0.95,"SG"
"YUC_MX_ISIDORE","5","ISIDORE_MX_YUC_2002",2019-02-01,1,"SG"
"AL_US_IVAN","4","IVAN_US_AL_2004",2019-03-01,0.77,"SUS"
"AL_US_SALLY","4","SALLY_US_AL_2020",2019-03-01,0.74,"SUS"
"ALEX","6","ALEX_2010",2019-03-01,0.88,"WG"
"BELICE_RICHARD","3","RICHARD_BELICE_2010",2019-03-01,0.99,"C"
"BELIZE_IRIS","2","IRIS_BELIZE_2001",2019-03-01,0.99,"CA"
"BETA","2","BETA_2005",2019-03-01,0.8,"CA"
"CR_OTTO","2","OTTO_CR_2016",2019-03-01,0.76,"CA"
"CUBA_DENNIS","3","DENNIS_CUBA_2005",2019-03-01,1.11,"C"
"CUBA_GUSTAV","3","GUSTAV_CUBA_2008",2019-03-01,0.85,"C"
"CUBA_IAN","3","IAN_CUBA_2022",2019-03-01,0.81,"C"
"CUBA_MICHELLE","3","MICHELLE_CUBA_2001",2019-03-01,1.1,"C"
"CUBA_PALOMA","3","PALOMA_CUBA_2008",2019-03-01,1.1,"C"
"CUBA_SANDY","3","SANDY_CUBA_2012",2019-03-01,1.01,"C"
"DEAN_QROO_MX","5","DEAN_QROO_MX_2007",2019-03-01,1.21,"SG"
"FL_US_CHARLEY","1","CHARLEY_2004",2019-03-01,0.87,"FP"
"FL_US_FRANCES","1","FRANCES_US_FL_2004",2019-03-01,0.87,"FP"
"FL_US_IAN","1","IAN_US_FL_2022",2019-03-01,0.87,"FP"
"FL_US_IRMA","1","IRMA_US_FL_2017",2019-03-01,0.85,"FP"
"FL_US_JEANNE","1","JEANNE_US_FL_2004",2019-03-01,0.87,"FP"
"FL_US_MICHAEL","4","MICHAEL_US_FL_2018",2019-03-01,0.85,"SUS"
"FL_US_WILMA","1","WILMA_US_FL_2005",2019-03-01,0.9,"FP"
"LA_US_GUSTAV","4","GUSTAV_US_LA_2008",2019-03-01,0.62,"SUS"
"LA_US_IDA","4","IDA_US_LA_2009",2019-03-01,0.64,"SUS"
"LA_US_KATRINA","4","KATRINA_US_LA_2005",2019-03-01,0.73,"SUS"
"LA_US_LAURA","4","LAURA_US_LA_2020",2019-03-01,0.74,"SUS"
"LA_US_ZETA","4","ZETA_US_LA_2020",2019-03-01,0.58,"SUS"
"MX_ERNESTO","5","ERNESTO_MX_2012",2019-03-01,1.19,"SG"
"MX_GRACE","3","GRACE_MX_2021",2019-03-01,0.68,"C"
"MX_TAMPS_EMILY","6","EMILY_TAMPS_MX_2005",2019-03-01,0.81,"WG"
"NC_US_ISABEL","4","ISABEL_US_NC_2003",2019-03-01,0.62,"SUS"
"NIC_ETA","2","ETA_NIC_2020",2019-03-01,0.99,"CA"
"NIC_FELIX","2","FELIX_NIC_2007",2019-03-01,0.91,"CA"
"NIC_IOTA","2","IOTA_NIC_2020",2019-03-01,1.02,"CA"
"PR_USA_MARIA","3","MARIA_US_PR_2017",2019-03-01,0.76,"C"
"QROO_WILMA","3","WILMA_QROO_2005",2019-03-01,0.89,"C"
"TX_US_HARVEY","6","HARVEY_US_TX_2017",2019-03-01,0.73,"WG"
"TX_US_IKE","4","IKE_US_TX_2008",2019-03-01,0.72,"SUS"
"TX_US_RITA","4","RITA_US_TX_2005",2019-03-01,0.73,"SUS"
"US_FL_DELTA","4","DELTA_US_LA_2020",2019-03-01,0.75,"SUS"
"US_FL_DENNIS","4","DENNIS_US_FL_2005",2019-03-01,0.79,"SUS"
"VER_MX_KARL","5","KARL_MX_VER_2010",2019-03-01,1.15,"SG"
"YUC_DELTA","5","DELTA_YUCATAN_MX_2020",2019-03-01,0.97,"SG"
"YUC_MX_EMILY","5","EMILY_MX_YUC_2005",2019-03-01,1.2,"SG"
"YUC_MX_ISIDORE","5","ISIDORE_MX_YUC_2002",2019-03-01,1.24,"SG"
"AL_US_IVAN","4","IVAN_US_AL_2004",2019-04-01,0.8,"SUS"
"AL_US_SALLY","4","SALLY_US_AL_2020",2019-04-01,0.77,"SUS"
"ALEX","6","ALEX_2010",2019-04-01,1.52,"WG"
"BELICE_RICHARD","3","RICHARD_BELICE_2010",2019-04-01,1.12,"C"
"BELIZE_IRIS","2","IRIS_BELIZE_2001",2019-04-01,1.19,"CA"
"BETA","2","BETA_2005",2019-04-01,0.93,"CA"
"CR_OTTO","2","OTTO_CR_2016",2019-04-01,0.88,"CA"
"CUBA_DENNIS","3","DENNIS_CUBA_2005",2019-04-01,1.06,"C"
"CUBA_GUSTAV","3","GUSTAV_CUBA_2008",2019-04-01,0.93,"C"
"CUBA_IAN","3","IAN_CUBA_2022",2019-04-01,0.9,"C"
"CUBA_MICHELLE","3","MICHELLE_CUBA_2001",2019-04-01,1.12,"C"
"CUBA_PALOMA","3","PALOMA_CUBA_2008",2019-04-01,1.18,"C"
"CUBA_SANDY","3","SANDY_CUBA_2012",2019-04-01,1.14,"C"
"DEAN_QROO_MX","5","DEAN_QROO_MX_2007",2019-04-01,1.1,"SG"
"FL_US_CHARLEY","1","CHARLEY_2004",2019-04-01,1.11,"FP"
"FL_US_FRANCES","1","FRANCES_US_FL_2004",2019-04-01,1.04,"FP"
"FL_US_IAN","1","IAN_US_FL_2022",2019-04-01,1.13,"FP"
"FL_US_IRMA","1","IRMA_US_FL_2017",2019-04-01,1.08,"FP"
"FL_US_JEANNE","1","JEANNE_US_FL_2004",2019-04-01,1.05,"FP"
"FL_US_MICHAEL","4","MICHAEL_US_FL_2018",2019-04-01,0.82,"SUS"
"FL_US_WILMA","1","WILMA_US_FL_2005",2019-04-01,1.1,"FP"
"LA_US_GUSTAV","4","GUSTAV_US_LA_2008",2019-04-01,0.74,"SUS"
"LA_US_IDA","4","IDA_US_LA_2009",2019-04-01,0.72,"SUS"
"LA_US_KATRINA","4","KATRINA_US_LA_2005",2019-04-01,0.75,"SUS"
"LA_US_LAURA","4","LAURA_US_LA_2020",2019-04-01,0.76,"SUS"
"LA_US_ZETA","4","ZETA_US_LA_2020",2019-04-01,0.67,"SUS"
"MX_ERNESTO","5","ERNESTO_MX_2012",2019-04-01,1.1,"SG"
"MX_GRACE","3","GRACE_MX_2021",2019-04-01,1.15,"C"
"MX_TAMPS_EMILY","6","EMILY_TAMPS_MX_2005",2019-04-01,1.45,"WG"
"NC_US_ISABEL","4","ISABEL_US_NC_2003",2019-04-01,0.84,"SUS"
"NIC_ETA","2","ETA_NIC_2020",2019-04-01,0.97,"CA"
"NIC_FELIX","2","FELIX_NIC_2007",2019-04-01,0.83,"CA"
"NIC_IOTA","2","IOTA_NIC_2020",2019-04-01,0.99,"CA"
"PR_USA_MARIA","3","MARIA_US_PR_2017",2019-04-01,0.91,"C"
"QROO_WILMA","3","WILMA_QROO_2005",2019-04-01,0.97,"C"
"TX_US_HARVEY","6","HARVEY_US_TX_2017",2019-04-01,0.9,"WG"
"TX_US_IKE","4","IKE_US_TX_2008",2019-04-01,0.74,"SUS"
"TX_US_RITA","4","RITA_US_TX_2005",2019-04-01,0.73,"SUS"
"US_FL_DELTA","4","DELTA_US_LA_2020",2019-04-01,0.8,"SUS"
"US_FL_DENNIS","4","DENNIS_US_FL_2005",2019-04-01,0.8,"SUS"
"VER_MX_KARL","5","KARL_MX_VER_2010",2019-04-01,1.54,"SG"
"YUC_DELTA","5","DELTA_YUCATAN_MX_2020",2019-04-01,1.04,"SG"
"YUC_MX_EMILY","5","EMILY_MX_YUC_2005",2019-04-01,1.07,"SG"
"YUC_MX_ISIDORE","5","ISIDORE_MX_YUC_2002",2019-04-01,1.41,"SG"
"AL_US_IVAN","4","IVAN_US_AL_2004",2019-05-01,1.01,"SUS"
"AL_US_SALLY","4","SALLY_US_AL_2020",2019-05-01,0.96,"SUS"
"ALEX","6","ALEX_2010",2019-05-01,1.55,"WG"
"BELICE_RICHARD","3","RICHARD_BELICE_2010",2019-05-01,1.07,"C"
"BELIZE_IRIS","2","IRIS_BELIZE_2001",2019-05-01,1.17,"CA"
"BETA","2","BETA_2005",2019-05-01,0.61,"CA"
"CR_OTTO","2","OTTO_CR_2016",2019-05-01,0.67,"CA"
"CUBA_DENNIS","3","DENNIS_CUBA_2005",2019-05-01,1.02,"C"
"CUBA_GUSTAV","3","GUSTAV_CUBA_2008",2019-05-01,0.88,"C"
"CUBA_IAN","3","IAN_CUBA_2022",2019-05-01,0.88,"C"
"CUBA_MICHELLE","3","MICHELLE_CUBA_2001",2019-05-01,1.05,"C"
"CUBA_PALOMA","3","PALOMA_CUBA_2008",2019-05-01,0.98,"C"
"CUBA_SANDY","3","SANDY_CUBA_2012",2019-05-01,0.82,"C"
"DEAN_QROO_MX","5","DEAN_QROO_MX_2007",2019-05-01,1.09,"SG"
"FL_US_CHARLEY","1","CHARLEY_2004",2019-05-01,1.32,"FP"
"FL_US_FRANCES","1","FRANCES_US_FL_2004",2019-05-01,1.01,"FP"
"FL_US_IAN","1","IAN_US_FL_2022",2019-05-01,1.29,"FP"
"FL_US_IRMA","1","IRMA_US_FL_2017",2019-05-01,1.18,"FP"
"FL_US_JEANNE","1","JEANNE_US_FL_2004",2019-05-01,1.01,"FP"
"FL_US_MICHAEL","4","MICHAEL_US_FL_2018",2019-05-01,1.22,"SUS"
"FL_US_WILMA","1","WILMA_US_FL_2005",2019-05-01,1.07,"FP"
"LA_US_GUSTAV","4","GUSTAV_US_LA_2008",2019-05-01,0.96,"SUS"
"LA_US_IDA","4","IDA_US_LA_2009",2019-05-01,0.93,"SUS"
"LA_US_KATRINA","4","KATRINA_US_LA_2005",2019-05-01,0.93,"SUS"
"LA_US_LAURA","4","LAURA_US_LA_2020",2019-05-01,0.82,"SUS"
"LA_US_ZETA","4","ZETA_US_LA_2020",2019-05-01,0.86,"SUS"
"MX_ERNESTO","5","ERNESTO_MX_2012",2019-05-01,1.08,"SG"
"MX_GRACE","3","GRACE_MX_2021",2019-05-01,1.2,"C"
"MX_TAMPS_EMILY","6","EMILY_TAMPS_MX_2005",2019-05-01,1.38,"WG"
"NC_US_ISABEL","4","ISABEL_US_NC_2003",2019-05-01,1.12,"SUS"
"NIC_ETA","2","ETA_NIC_2020",2019-05-01,0.68,"CA"
"NIC_FELIX","2","FELIX_NIC_2007",2019-05-01,0.68,"CA"
"NIC_IOTA","2","IOTA_NIC_2020",2019-05-01,0.69,"CA"
"PR_USA_MARIA","3","MARIA_US_PR_2017",2019-05-01,0.85,"C"
"QROO_WILMA","3","WILMA_QROO_2005",2019-05-01,1.01,"C"
"TX_US_HARVEY","6","HARVEY_US_TX_2017",2019-05-01,0.9,"WG"
"TX_US_IKE","4","IKE_US_TX_2008",2019-05-01,0.77,"SUS"
"TX_US_RITA","4","RITA_US_TX_2005",2019-05-01,0.81,"SUS"
"US_FL_DELTA","4","DELTA_US_LA_2020",2019-05-01,0.88,"SUS"
"US_FL_DENNIS","4","DENNIS_US_FL_2005",2019-05-01,1.06,"SUS"
"VER_MX_KARL","5","KARL_MX_VER_2010",2019-05-01,1.6,"SG"
"YUC_DELTA","5","DELTA_YUCATAN_MX_2020",2019-05-01,1.12,"SG"
"YUC_MX_EMILY","5","EMILY_MX_YUC_2005",2019-05-01,1.13,"SG"
"YUC_MX_ISIDORE","5","ISIDORE_MX_YUC_2002",2019-05-01,1.54,"SG"
"AL_US_IVAN","4","IVAN_US_AL_2004",2019-06-01,1.23,"SUS"
"AL_US_SALLY","4","SALLY_US_AL_2020",2019-06-01,1.16,"SUS"
"ALEX","6","ALEX_2010",2019-06-01,1.61,"WG"
"BELICE_RICHARD","3","RICHARD_BELICE_2010",2019-06-01,1.05,"C"
"BELIZE_IRIS","2","IRIS_BELIZE_2001",2019-06-01,1,"CA"
"BETA","2","BETA_2005",2019-06-01,0.45,"CA"
"CR_OTTO","2","OTTO_CR_2016",2019-06-01,0.71,"CA"
"CUBA_DENNIS","3","DENNIS_CUBA_2005",2019-06-01,1.27,"C"
"CUBA_GUSTAV","3","GUSTAV_CUBA_2008",2019-06-01,0.98,"C"
"CUBA_IAN","3","IAN_CUBA_2022",2019-06-01,0.98,"C"
"CUBA_MICHELLE","3","MICHELLE_CUBA_2001",2019-06-01,1.34,"C"
"CUBA_PALOMA","3","PALOMA_CUBA_2008",2019-06-01,1.09,"C"
"CUBA_SANDY","3","SANDY_CUBA_2012",2019-06-01,0.9,"C"
"DEAN_QROO_MX","5","DEAN_QROO_MX_2007",2019-06-01,1.14,"SG"
"FL_US_CHARLEY","1","CHARLEY_2004",2019-06-01,1.19,"FP"
"FL_US_FRANCES","1","FRANCES_US_FL_2004",2019-06-01,1.11,"FP"
"FL_US_IAN","1","IAN_US_FL_2022",2019-06-01,1.19,"FP"
"FL_US_IRMA","1","IRMA_US_FL_2017",2019-06-01,1.2,"FP"
"FL_US_JEANNE","1","JEANNE_US_FL_2004",2019-06-01,1.11,"FP"
"FL_US_MICHAEL","4","MICHAEL_US_FL_2018",2019-06-01,1.08,"SUS"
"FL_US_WILMA","1","WILMA_US_FL_2005",2019-06-01,1.21,"FP"
"LA_US_GUSTAV","4","GUSTAV_US_LA_2008",2019-06-01,1.44,"SUS"
"LA_US_IDA","4","IDA_US_LA_2009",2019-06-01,1.39,"SUS"
"LA_US_KATRINA","4","KATRINA_US_LA_2005",2019-06-01,1.3,"SUS"
"LA_US_LAURA","4","LAURA_US_LA_2020",2019-06-01,1.09,"SUS"
"LA_US_ZETA","4","ZETA_US_LA_2020",2019-06-01,1.26,"SUS"
"MX_ERNESTO","5","ERNESTO_MX_2012",2019-06-01,1.12,"SG"
"MX_GRACE","3","GRACE_MX_2021",2019-06-01,1.05,"C"
"MX_TAMPS_EMILY","6","EMILY_TAMPS_MX_2005",2019-06-01,1.73,"WG"
"NC_US_ISABEL","4","ISABEL_US_NC_2003",2019-06-01,1.13,"SUS"
"NIC_ETA","2","ETA_NIC_2020",2019-06-01,0.54,"CA"
"NIC_FELIX","2","FELIX_NIC_2007",2019-06-01,0.54,"CA"
"NIC_IOTA","2","IOTA_NIC_2020",2019-06-01,0.55,"CA"
"PR_USA_MARIA","3","MARIA_US_PR_2017",2019-06-01,0.84,"C"
"QROO_WILMA","3","WILMA_QROO_2005",2019-06-01,1.08,"C"
"TX_US_HARVEY","6","HARVEY_US_TX_2017",2019-06-01,1.14,"WG"
"TX_US_IKE","4","IKE_US_TX_2008",2019-06-01,1.06,"SUS"
"TX_US_RITA","4","RITA_US_TX_2005",2019-06-01,1.07,"SUS"
"US_FL_DELTA","4","DELTA_US_LA_2020",2019-06-01,1.15,"SUS"
"US_FL_DENNIS","4","DENNIS_US_FL_2005",2019-06-01,1.28,"SUS"
"VER_MX_KARL","5","KARL_MX_VER_2010",2019-06-01,1.14,"SG"
"YUC_DELTA","5","DELTA_YUCATAN_MX_2020",2019-06-01,1.25,"SG"
"YUC_MX_EMILY","5","EMILY_MX_YUC_2005",2019-06-01,1.28,"SG"
"YUC_MX_ISIDORE","5","ISIDORE_MX_YUC_2002",2019-06-01,1.24,"SG"
"AL_US_IVAN","4","IVAN_US_AL_2004",2019-07-01,1.38,"SUS"
"AL_US_SALLY","4","SALLY_US_AL_2020",2019-07-01,1.34,"SUS"
"ALEX","6","ALEX_2010",2019-07-01,1.86,"WG"
"BELICE_RICHARD","3","RICHARD_BELICE_2010",2019-07-01,1.13,"C"
"BELIZE_IRIS","2","IRIS_BELIZE_2001",2019-07-01,1.04,"CA"
"BETA","2","BETA_2005",2019-07-01,0.4,"CA"
"CR_OTTO","2","OTTO_CR_2016",2019-07-01,0.55,"CA"
"CUBA_DENNIS","3","DENNIS_CUBA_2005",2019-07-01,1.07,"C"
"CUBA_GUSTAV","3","GUSTAV_CUBA_2008",2019-07-01,0.8,"C"
"CUBA_IAN","3","IAN_CUBA_2022",2019-07-01,0.8,"C"
"CUBA_MICHELLE","3","MICHELLE_CUBA_2001",2019-07-01,1.11,"C"
"CUBA_PALOMA","3","PALOMA_CUBA_2008",2019-07-01,1.23,"C"
"CUBA_SANDY","3","SANDY_CUBA_2012",2019-07-01,0.98,"C"
"DEAN_QROO_MX","5","DEAN_QROO_MX_2007",2019-07-01,1.38,"SG"
"FL_US_CHARLEY","1","CHARLEY_2004",2019-07-01,1.11,"FP"
"FL_US_FRANCES","1","FRANCES_US_FL_2004",2019-07-01,1.12,"FP"
"FL_US_IAN","1","IAN_US_FL_2022",2019-07-01,1.13,"FP"
"FL_US_IRMA","1","IRMA_US_FL_2017",2019-07-01,1.16,"FP"
"FL_US_JEANNE","1","JEANNE_US_FL_2004",2019-07-01,1.12,"FP"
"FL_US_MICHAEL","4","MICHAEL_US_FL_2018",2019-07-01,1.07,"SUS"
"FL_US_WILMA","1","WILMA_US_FL_2005",2019-07-01,1.15,"FP"
"LA_US_GUSTAV","4","GUSTAV_US_LA_2008",2019-07-01,1.21,"SUS"
"LA_US_IDA","4","IDA_US_LA_2009",2019-07-01,1.18,"SUS"
"LA_US_KATRINA","4","KATRINA_US_LA_2005",2019-07-01,1.27,"SUS"
"LA_US_LAURA","4","LAURA_US_LA_2020",2019-07-01,1.14,"SUS"
"LA_US_ZETA","4","ZETA_US_LA_2020",2019-07-01,1.13,"SUS"
"MX_ERNESTO","5","ERNESTO_MX_2012",2019-07-01,1.35,"SG"
"MX_GRACE","3","GRACE_MX_2021",2019-07-01,1.03,"C"
"MX_TAMPS_EMILY","6","EMILY_TAMPS_MX_2005",2019-07-01,1.86,"WG"
"NC_US_ISABEL","4","ISABEL_US_NC_2003",2019-07-01,1.28,"SUS"
"NIC_ETA","2","ETA_NIC_2020",2019-07-01,0.56,"CA"
"NIC_FELIX","2","FELIX_NIC_2007",2019-07-01,0.53,"CA"
"NIC_IOTA","2","IOTA_NIC_2020",2019-07-01,0.58,"CA"
"PR_USA_MARIA","3","MARIA_US_PR_2017",2019-07-01,0.83,"C"
"QROO_WILMA","3","WILMA_QROO_2005",2019-07-01,1.06,"C"
"TX_US_HARVEY","6","HARVEY_US_TX_2017",2019-07-01,1.6,"WG"
"TX_US_IKE","4","IKE_US_TX_2008",2019-07-01,1.34,"SUS"
"TX_US_RITA","4","RITA_US_TX_2005",2019-07-01,1.16,"SUS"
"US_FL_DELTA","4","DELTA_US_LA_2020",2019-07-01,1.18,"SUS"
"US_FL_DENNIS","4","DENNIS_US_FL_2005",2019-07-01,1.39,"SUS"
"VER_MX_KARL","5","KARL_MX_VER_2010",2019-07-01,1.04,"SG"
"YUC_DELTA","5","DELTA_YUCATAN_MX_2020",2019-07-01,1.1,"SG"
"YUC_MX_EMILY","5","EMILY_MX_YUC_2005",2019-07-01,1.28,"SG"
"YUC_MX_ISIDORE","5","ISIDORE_MX_YUC_2002",2019-07-01,1.05,"SG"
"AL_US_IVAN","4","IVAN_US_AL_2004",2019-08-01,1.2,"SUS"
"AL_US_SALLY","4","SALLY_US_AL_2020",2019-08-01,1.13,"SUS"
"ALEX","6","ALEX_2010",2019-08-01,2.12,"WG"
"BELICE_RICHARD","3","RICHARD_BELICE_2010",2019-08-01,1.3,"C"
"BELIZE_IRIS","2","IRIS_BELIZE_2001",2019-08-01,1.21,"CA"
"BETA","2","BETA_2005",2019-08-01,0.45,"CA"
"CR_OTTO","2","OTTO_CR_2016",2019-08-01,0.58,"CA"
"CUBA_DENNIS","3","DENNIS_CUBA_2005",2019-08-01,1.03,"C"
"CUBA_GUSTAV","3","GUSTAV_CUBA_2008",2019-08-01,0.7,"C"
"CUBA_IAN","3","IAN_CUBA_2022",2019-08-01,0.7,"C"
"CUBA_MICHELLE","3","MICHELLE_CUBA_2001",2019-08-01,1.05,"C"
"CUBA_PALOMA","3","PALOMA_CUBA_2008",2019-08-01,0.92,"C"
"CUBA_SANDY","3","SANDY_CUBA_2012",2019-08-01,1.07,"C"
"DEAN_QROO_MX","5","DEAN_QROO_MX_2007",2019-08-01,1.38,"SG"
"FL_US_CHARLEY","1","CHARLEY_2004",2019-08-01,1,"FP"
"FL_US_FRANCES","1","FRANCES_US_FL_2004",2019-08-01,0.98,"FP"
"FL_US_IAN","1","IAN_US_FL_2022",2019-08-01,1.01,"FP"
"FL_US_IRMA","1","IRMA_US_FL_2017",2019-08-01,1,"FP"
"FL_US_JEANNE","1","JEANNE_US_FL_2004",2019-08-01,0.97,"FP"
"FL_US_MICHAEL","4","MICHAEL_US_FL_2018",2019-08-01,1.05,"SUS"
"FL_US_WILMA","1","WILMA_US_FL_2005",2019-08-01,0.98,"FP"
"LA_US_GUSTAV","4","GUSTAV_US_LA_2008",2019-08-01,1.07,"SUS"
"LA_US_IDA","4","IDA_US_LA_2009",2019-08-01,1.05,"SUS"
"LA_US_KATRINA","4","KATRINA_US_LA_2005",2019-08-01,1.08,"SUS"
"LA_US_LAURA","4","LAURA_US_LA_2020",2019-08-01,1.11,"SUS"
"LA_US_ZETA","4","ZETA_US_LA_2020",2019-08-01,1.03,"SUS"
"MX_ERNESTO","5","ERNESTO_MX_2012",2019-08-01,1.36,"SG"
"MX_GRACE","3","GRACE_MX_2021",2019-08-01,1.14,"C"
"MX_TAMPS_EMILY","6","EMILY_TAMPS_MX_2005",2019-08-01,2.07,"WG"
"NC_US_ISABEL","4","ISABEL_US_NC_2003",2019-08-01,0.99,"SUS"
"NIC_ETA","2","ETA_NIC_2020",2019-08-01,0.57,"CA"
"NIC_FELIX","2","FELIX_NIC_2007",2019-08-01,0.58,"CA"
"NIC_IOTA","2","IOTA_NIC_2020",2019-08-01,0.58,"CA"
"PR_USA_MARIA","3","MARIA_US_PR_2017",2019-08-01,0.78,"C"
"QROO_WILMA","3","WILMA_QROO_2005",2019-08-01,0.97,"C"
"TX_US_HARVEY","6","HARVEY_US_TX_2017",2019-08-01,1.69,"WG"
"TX_US_IKE","4","IKE_US_TX_2008",2019-08-01,1.46,"SUS"
"TX_US_RITA","4","RITA_US_TX_2005",2019-08-01,1.15,"SUS"
"US_FL_DELTA","4","DELTA_US_LA_2020",2019-08-01,1.07,"SUS"
"US_FL_DENNIS","4","DENNIS_US_FL_2005",2019-08-01,1.22,"SUS"
"VER_MX_KARL","5","KARL_MX_VER_2010",2019-08-01,1.17,"SG"
"YUC_DELTA","5","DELTA_YUCATAN_MX_2020",2019-08-01,1.02,"SG"
"YUC_MX_EMILY","5","EMILY_MX_YUC_2005",2019-08-01,1.22,"SG"
"YUC_MX_ISIDORE","5","ISIDORE_MX_YUC_2002",2019-08-01,0.94,"SG"
"AL_US_IVAN","4","IVAN_US_AL_2004",2019-09-01,1.74,"SUS"
"AL_US_SALLY","4","SALLY_US_AL_2020",2019-09-01,1.67,"SUS"
"ALEX","6","ALEX_2010",2019-09-01,1.24,"WG"
"BELICE_RICHARD","3","RICHARD_BELICE_2010",2019-09-01,1.15,"C"
"BELIZE_IRIS","2","IRIS_BELIZE_2001",2019-09-01,0.92,"CA"
"BETA","2","BETA_2005",2019-09-01,0.54,"CA"
"CR_OTTO","2","OTTO_CR_2016",2019-09-01,0.62,"CA"
"CUBA_DENNIS","3","DENNIS_CUBA_2005",2019-09-01,1.03,"C"
"CUBA_GUSTAV","3","GUSTAV_CUBA_2008",2019-09-01,0.77,"C"
"CUBA_IAN","3","IAN_CUBA_2022",2019-09-01,0.76,"C"
"CUBA_MICHELLE","3","MICHELLE_CUBA_2001",2019-09-01,0.98,"C"
"CUBA_PALOMA","3","PALOMA_CUBA_2008",2019-09-01,0.81,"C"
"CUBA_SANDY","3","SANDY_CUBA_2012",2019-09-01,0.79,"C"
"DEAN_QROO_MX","5","DEAN_QROO_MX_2007",2019-09-01,1,"SG"
"FL_US_CHARLEY","1","CHARLEY_2004",2019-09-01,1.41,"FP"
"FL_US_FRANCES","1","FRANCES_US_FL_2004",2019-09-01,1.3,"FP"
"FL_US_IAN","1","IAN_US_FL_2022",2019-09-01,1.42,"FP"
"FL_US_IRMA","1","IRMA_US_FL_2017",2019-09-01,1.38,"FP"
"FL_US_JEANNE","1","JEANNE_US_FL_2004",2019-09-01,1.29,"FP"
"FL_US_MICHAEL","4","MICHAEL_US_FL_2018",2019-09-01,1.76,"SUS"
"FL_US_WILMA","1","WILMA_US_FL_2005",2019-09-01,1.35,"FP"
"LA_US_GUSTAV","4","GUSTAV_US_LA_2008",2019-09-01,1.19,"SUS"
"LA_US_IDA","4","IDA_US_LA_2009",2019-09-01,1.22,"SUS"
"LA_US_KATRINA","4","KATRINA_US_LA_2005",2019-09-01,1.53,"SUS"
"LA_US_LAURA","4","LAURA_US_LA_2020",2019-09-01,1.23,"SUS"
"LA_US_ZETA","4","ZETA_US_LA_2020",2019-09-01,1.2,"SUS"
"MX_ERNESTO","5","ERNESTO_MX_2012",2019-09-01,1,"SG"
"MX_GRACE","3","GRACE_MX_2021",2019-09-01,0.95,"C"
"MX_TAMPS_EMILY","6","EMILY_TAMPS_MX_2005",2019-09-01,1.27,"WG"
"NC_US_ISABEL","4","ISABEL_US_NC_2003",2019-09-01,0.89,"SUS"
"NIC_ETA","2","ETA_NIC_2020",2019-09-01,0.68,"CA"
"NIC_FELIX","2","FELIX_NIC_2007",2019-09-01,0.71,"CA"
"NIC_IOTA","2","IOTA_NIC_2020",2019-09-01,0.68,"CA"
"PR_USA_MARIA","3","MARIA_US_PR_2017",2019-09-01,0.75,"C"
"QROO_WILMA","3","WILMA_QROO_2005",2019-09-01,0.86,"C"
"TX_US_HARVEY","6","HARVEY_US_TX_2017",2019-09-01,1.41,"WG"
"TX_US_IKE","4","IKE_US_TX_2008",2019-09-01,1.46,"SUS"
"TX_US_RITA","4","RITA_US_TX_2005",2019-09-01,1.26,"SUS"
"US_FL_DELTA","4","DELTA_US_LA_2020",2019-09-01,1.27,"SUS"
"US_FL_DENNIS","4","DENNIS_US_FL_2005",2019-09-01,1.78,"SUS"
"VER_MX_KARL","5","KARL_MX_VER_2010",2019-09-01,1.01,"SG"
"YUC_DELTA","5","DELTA_YUCATAN_MX_2020",2019-09-01,0.91,"SG"
"YUC_MX_EMILY","5","EMILY_MX_YUC_2005",2019-09-01,1.08,"SG"
"YUC_MX_ISIDORE","5","ISIDORE_MX_YUC_2002",2019-09-01,0.97,"SG"
"AL_US_IVAN","4","IVAN_US_AL_2004",2019-10-01,0.99,"SUS"
"AL_US_SALLY","4","SALLY_US_AL_2020",2019-10-01,0.91,"SUS"
"ALEX","6","ALEX_2010",2019-10-01,1.04,"WG"
"BELICE_RICHARD","3","RICHARD_BELICE_2010",2019-10-01,0.82,"C"
"BELIZE_IRIS","2","IRIS_BELIZE_2001",2019-10-01,0.73,"CA"
"BETA","2","BETA_2005",2019-10-01,0.54,"CA"
"CR_OTTO","2","OTTO_CR_2016",2019-10-01,0.55,"CA"
"CUBA_DENNIS","3","DENNIS_CUBA_2005",2019-10-01,0.78,"C"
"CUBA_GUSTAV","3","GUSTAV_CUBA_2008",2019-10-01,0.65,"C"
"CUBA_IAN","3","IAN_CUBA_2022",2019-10-01,0.62,"C"
"CUBA_MICHELLE","3","MICHELLE_CUBA_2001",2019-10-01,0.79,"C"
"CUBA_PALOMA","3","PALOMA_CUBA_2008",2019-10-01,0.68,"C"
"CUBA_SANDY","3","SANDY_CUBA_2012",2019-10-01,0.66,"C"
"DEAN_QROO_MX","5","DEAN_QROO_MX_2007",2019-10-01,0.67,"SG"
"FL_US_CHARLEY","1","CHARLEY_2004",2019-10-01,1.17,"FP"
"FL_US_FRANCES","1","FRANCES_US_FL_2004",2019-10-01,1.03,"FP"
"FL_US_IAN","1","IAN_US_FL_2022",2019-10-01,1.2,"FP"
"FL_US_IRMA","1","IRMA_US_FL_2017",2019-10-01,1.23,"FP"
"FL_US_JEANNE","1","JEANNE_US_FL_2004",2019-10-01,1.02,"FP"
"FL_US_MICHAEL","4","MICHAEL_US_FL_2018",2019-10-01,1.06,"SUS"
"FL_US_WILMA","1","WILMA_US_FL_2005",2019-10-01,1.13,"FP"
"LA_US_GUSTAV","4","GUSTAV_US_LA_2008",2019-10-01,0.79,"SUS"
"LA_US_IDA","4","IDA_US_LA_2009",2019-10-01,0.78,"SUS"
"LA_US_KATRINA","4","KATRINA_US_LA_2005",2019-10-01,0.88,"SUS"
"LA_US_LAURA","4","LAURA_US_LA_2020",2019-10-01,0.86,"SUS"
"LA_US_ZETA","4","ZETA_US_LA_2020",2019-10-01,0.74,"SUS"
"MX_ERNESTO","5","ERNESTO_MX_2012",2019-10-01,0.66,"SG"
"MX_GRACE","3","GRACE_MX_2021",2019-10-01,0.67,"C"
"MX_TAMPS_EMILY","6","EMILY_TAMPS_MX_2005",2019-10-01,1.15,"WG"
"NC_US_ISABEL","4","ISABEL_US_NC_2003",2019-10-01,0.77,"SUS"
"NIC_ETA","2","ETA_NIC_2020",2019-10-01,0.64,"CA"
"NIC_FELIX","2","FELIX_NIC_2007",2019-10-01,0.67,"CA"
"NIC_IOTA","2","IOTA_NIC_2020",2019-10-01,0.65,"CA"
"PR_USA_MARIA","3","MARIA_US_PR_2017",2019-10-01,0.8,"C"
"QROO_WILMA","3","WILMA_QROO_2005",2019-10-01,0.68,"C"
"TX_US_HARVEY","6","HARVEY_US_TX_2017",2019-10-01,1.2,"WG"
"TX_US_IKE","4","IKE_US_TX_2008",2019-10-01,0.76,"SUS"
"TX_US_RITA","4","RITA_US_TX_2005",2019-10-01,0.79,"SUS"
"US_FL_DELTA","4","DELTA_US_LA_2020",2019-10-01,0.94,"SUS"
"US_FL_DENNIS","4","DENNIS_US_FL_2005",2019-10-01,1.01,"SUS"
"VER_MX_KARL","5","KARL_MX_VER_2010",2019-10-01,0.86,"SG"
"YUC_DELTA","5","DELTA_YUCATAN_MX_2020",2019-10-01,0.73,"SG"
"YUC_MX_EMILY","5","EMILY_MX_YUC_2005",2019-10-01,0.79,"SG"
"YUC_MX_ISIDORE","5","ISIDORE_MX_YUC_2002",2019-10-01,0.65,"SG"
"AL_US_IVAN","4","IVAN_US_AL_2004",2019-11-01,0.64,"SUS"
"AL_US_SALLY","4","SALLY_US_AL_2020",2019-11-01,0.62,"SUS"
"ALEX","6","ALEX_2010",2019-11-01,0.68,"WG"
"BELICE_RICHARD","3","RICHARD_BELICE_2010",2019-11-01,0.71,"C"
"BELIZE_IRIS","2","IRIS_BELIZE_2001",2019-11-01,0.59,"CA"
"BETA","2","BETA_2005",2019-11-01,0.48,"CA"
"CR_OTTO","2","OTTO_CR_2016",2019-11-01,0.55,"CA"
"CUBA_DENNIS","3","DENNIS_CUBA_2005",2019-11-01,0.96,"C"
"CUBA_GUSTAV","3","GUSTAV_CUBA_2008",2019-11-01,0.77,"C"
"CUBA_IAN","3","IAN_CUBA_2022",2019-11-01,0.72,"C"
"CUBA_MICHELLE","3","MICHELLE_CUBA_2001",2019-11-01,0.97,"C"
"CUBA_PALOMA","3","PALOMA_CUBA_2008",2019-11-01,0.95,"C"
"CUBA_SANDY","3","SANDY_CUBA_2012",2019-11-01,0.78,"C"
"DEAN_QROO_MX","5","DEAN_QROO_MX_2007",2019-11-01,0.65,"SG"
"FL_US_CHARLEY","1","CHARLEY_2004",2019-11-01,0.9,"FP"
"FL_US_FRANCES","1","FRANCES_US_FL_2004",2019-11-01,0.85,"FP"
"FL_US_IAN","1","IAN_US_FL_2022",2019-11-01,0.95,"FP"
"FL_US_IRMA","1","IRMA_US_FL_2017",2019-11-01,1.07,"FP"
"FL_US_JEANNE","1","JEANNE_US_FL_2004",2019-11-01,0.86,"FP"
"FL_US_MICHAEL","4","MICHAEL_US_FL_2018",2019-11-01,0.65,"SUS"
"FL_US_WILMA","1","WILMA_US_FL_2005",2019-11-01,0.99,"FP"
"LA_US_GUSTAV","4","GUSTAV_US_LA_2008",2019-11-01,0.54,"SUS"
"LA_US_IDA","4","IDA_US_LA_2009",2019-11-01,0.55,"SUS"
"LA_US_KATRINA","4","KATRINA_US_LA_2005",2019-11-01,0.56,"SUS"
"LA_US_LAURA","4","LAURA_US_LA_2020",2019-11-01,0.56,"SUS"
"LA_US_ZETA","4","ZETA_US_LA_2020",2019-11-01,0.52,"SUS"
"MX_ERNESTO","5","ERNESTO_MX_2012",2019-11-01,0.63,"SG"
"MX_GRACE","3","GRACE_MX_2021",2019-11-01,0.55,"C"
"MX_TAMPS_EMILY","6","EMILY_TAMPS_MX_2005",2019-11-01,0.69,"WG"
"NC_US_ISABEL","4","ISABEL_US_NC_2003",2019-11-01,0.49,"SUS"
"NIC_ETA","2","ETA_NIC_2020",2019-11-01,0.52,"CA"
"NIC_FELIX","2","FELIX_NIC_2007",2019-11-01,0.5,"CA"
"NIC_IOTA","2","IOTA_NIC_2020",2019-11-01,0.53,"CA"
"PR_USA_MARIA","3","MARIA_US_PR_2017",2019-11-01,0.75,"C"
"QROO_WILMA","3","WILMA_QROO_2005",2019-11-01,0.68,"C"
"TX_US_HARVEY","6","HARVEY_US_TX_2017",2019-11-01,0.7,"WG"
"TX_US_IKE","4","IKE_US_TX_2008",2019-11-01,0.53,"SUS"
"TX_US_RITA","4","RITA_US_TX_2005",2019-11-01,0.53,"SUS"
"US_FL_DELTA","4","DELTA_US_LA_2020",2019-11-01,0.59,"SUS"
"US_FL_DENNIS","4","DENNIS_US_FL_2005",2019-11-01,0.63,"SUS"
"VER_MX_KARL","5","KARL_MX_VER_2010",2019-11-01,0.7,"SG"
"YUC_DELTA","5","DELTA_YUCATAN_MX_2020",2019-11-01,0.7,"SG"
"YUC_MX_EMILY","5","EMILY_MX_YUC_2005",2019-11-01,0.81,"SG"
"YUC_MX_ISIDORE","5","ISIDORE_MX_YUC_2002",2019-11-01,0.61,"SG"
"AL_US_IVAN","4","IVAN_US_AL_2004",2019-12-01,0.57,"SUS"
"AL_US_SALLY","4","SALLY_US_AL_2020",2019-12-01,0.56,"SUS"
"ALEX","6","ALEX_2010",2019-12-01,0.72,"WG"
"BELICE_RICHARD","3","RICHARD_BELICE_2010",2019-12-01,0.72,"C"
"BELIZE_IRIS","2","IRIS_BELIZE_2001",2019-12-01,0.6,"CA"
"BETA","2","BETA_2005",2019-12-01,0.44,"CA"
"CR_OTTO","2","OTTO_CR_2016",2019-12-01,0.56,"CA"
"CUBA_DENNIS","3","DENNIS_CUBA_2005",2019-12-01,0.91,"C"
"CUBA_GUSTAV","3","GUSTAV_CUBA_2008",2019-12-01,0.61,"C"
"CUBA_IAN","3","IAN_CUBA_2022",2019-12-01,0.56,"C"
"CUBA_MICHELLE","3","MICHELLE_CUBA_2001",2019-12-01,0.93,"C"
"CUBA_PALOMA","3","PALOMA_CUBA_2008",2019-12-01,0.88,"C"
"CUBA_SANDY","3","SANDY_CUBA_2012",2019-12-01,0.82,"C"
"DEAN_QROO_MX","5","DEAN_QROO_MX_2007",2019-12-01,0.66,"SG"
"FL_US_CHARLEY","1","CHARLEY_2004",2019-12-01,0.84,"FP"
"FL_US_FRANCES","1","FRANCES_US_FL_2004",2019-12-01,0.79,"FP"
"FL_US_IAN","1","IAN_US_FL_2022",2019-12-01,0.86,"FP"
"FL_US_IRMA","1","IRMA_US_FL_2017",2019-12-01,0.87,"FP"
"FL_US_JEANNE","1","JEANNE_US_FL_2004",2019-12-01,0.78,"FP"
"FL_US_MICHAEL","4","MICHAEL_US_FL_2018",2019-12-01,0.62,"SUS"
"FL_US_WILMA","1","WILMA_US_FL_2005",2019-12-01,0.84,"FP"
"LA_US_GUSTAV","4","GUSTAV_US_LA_2008",2019-12-01,0.46,"SUS"
"LA_US_IDA","4","IDA_US_LA_2009",2019-12-01,0.49,"SUS"
"LA_US_KATRINA","4","KATRINA_US_LA_2005",2019-12-01,0.5,"SUS"
"LA_US_LAURA","4","LAURA_US_LA_2020",2019-12-01,0.55,"SUS"
"LA_US_ZETA","4","ZETA_US_LA_2020",2019-12-01,0.45,"SUS"
"MX_ERNESTO","5","ERNESTO_MX_2012",2019-12-01,0.65,"SG"
"MX_GRACE","3","GRACE_MX_2021",2019-12-01,0.55,"C"
"MX_TAMPS_EMILY","6","EMILY_TAMPS_MX_2005",2019-12-01,0.72,"WG"
"NC_US_ISABEL","4","ISABEL_US_NC_2003",2019-12-01,0.46,"SUS"
"NIC_ETA","2","ETA_NIC_2020",2019-12-01,0.5,"CA"
"NIC_FELIX","2","FELIX_NIC_2007",2019-12-01,0.44,"CA"
"NIC_IOTA","2","IOTA_NIC_2020",2019-12-01,0.52,"CA"
"PR_USA_MARIA","3","MARIA_US_PR_2017",2019-12-01,0.62,"C"
"QROO_WILMA","3","WILMA_QROO_2005",2019-12-01,0.64,"C"
"TX_US_HARVEY","6","HARVEY_US_TX_2017",2019-12-01,0.76,"WG"
"TX_US_IKE","4","IKE_US_TX_2008",2019-12-01,0.55,"SUS"
"TX_US_RITA","4","RITA_US_TX_2005",2019-12-01,0.52,"SUS"
"US_FL_DELTA","4","DELTA_US_LA_2020",2019-12-01,0.56,"SUS"
"US_FL_DENNIS","4","DENNIS_US_FL_2005",2019-12-01,0.58,"SUS"
"VER_MX_KARL","5","KARL_MX_VER_2010",2019-12-01,0.86,"SG"
"YUC_DELTA","5","DELTA_YUCATAN_MX_2020",2019-12-01,0.66,"SG"
"YUC_MX_EMILY","5","EMILY_MX_YUC_2005",2019-12-01,0.76,"SG"
"YUC_MX_ISIDORE","5","ISIDORE_MX_YUC_2002",2019-12-01,0.6,"SG"
"AL_US_IVAN","4","IVAN_US_AL_2004",2020-01-01,0.72,"SUS"
"AL_US_SALLY","4","SALLY_US_AL_2020",2020-01-01,0.72,"SUS"
"ALEX","6","ALEX_2010",2020-01-01,0.97,"WG"
"BELICE_RICHARD","3","RICHARD_BELICE_2010",2020-01-01,0.85,"C"
"BELIZE_IRIS","2","IRIS_BELIZE_2001",2020-01-01,0.8,"CA"
"BETA","2","BETA_2005",2020-01-01,0.62,"CA"
"CR_OTTO","2","OTTO_CR_2016",2020-01-01,0.73,"CA"
"CUBA_DENNIS","3","DENNIS_CUBA_2005",2020-01-01,1.04,"C"
"CUBA_GUSTAV","3","GUSTAV_CUBA_2008",2020-01-01,0.83,"C"
"CUBA_IAN","3","IAN_CUBA_2022",2020-01-01,0.79,"C"
"CUBA_MICHELLE","3","MICHELLE_CUBA_2001",2020-01-01,1.02,"C"
"CUBA_PALOMA","3","PALOMA_CUBA_2008",2020-01-01,0.87,"C"
"CUBA_SANDY","3","SANDY_CUBA_2012",2020-01-01,0.73,"C"
"DEAN_QROO_MX","5","DEAN_QROO_MX_2007",2020-01-01,0.94,"SG"
"FL_US_CHARLEY","1","CHARLEY_2004",2020-01-01,1.01,"FP"
"FL_US_FRANCES","1","FRANCES_US_FL_2004",2020-01-01,0.98,"FP"
"FL_US_IAN","1","IAN_US_FL_2022",2020-01-01,1.03,"FP"
"FL_US_IRMA","1","IRMA_US_FL_2017",2020-01-01,1.03,"FP"
"FL_US_JEANNE","1","JEANNE_US_FL_2004",2020-01-01,0.97,"FP"
"FL_US_MICHAEL","4","MICHAEL_US_FL_2018",2020-01-01,0.77,"SUS"
"FL_US_WILMA","1","WILMA_US_FL_2005",2020-01-01,1.05,"FP"
"LA_US_GUSTAV","4","GUSTAV_US_LA_2008",2020-01-01,0.56,"SUS"
"LA_US_IDA","4","IDA_US_LA_2009",2020-01-01,0.62,"SUS"
"LA_US_KATRINA","4","KATRINA_US_LA_2005",2020-01-01,0.65,"SUS"
"LA_US_LAURA","4","LAURA_US_LA_2020",2020-01-01,0.67,"SUS"
"LA_US_ZETA","4","ZETA_US_LA_2020",2020-01-01,0.59,"SUS"
"MX_ERNESTO","5","ERNESTO_MX_2012",2020-01-01,0.93,"SG"
"MX_GRACE","3","GRACE_MX_2021",2020-01-01,0.71,"C"
"MX_TAMPS_EMILY","6","EMILY_TAMPS_MX_2005",2020-01-01,0.9,"WG"
"NC_US_ISABEL","4","ISABEL_US_NC_2003",2020-01-01,0.65,"SUS"
"NIC_ETA","2","ETA_NIC_2020",2020-01-01,0.67,"CA"
"NIC_FELIX","2","FELIX_NIC_2007",2020-01-01,0.65,"CA"
"NIC_IOTA","2","IOTA_NIC_2020",2020-01-01,0.68,"CA"
"PR_USA_MARIA","3","MARIA_US_PR_2017",2020-01-01,0.82,"C"
"QROO_WILMA","3","WILMA_QROO_2005",2020-01-01,0.89,"C"
"TX_US_HARVEY","6","HARVEY_US_TX_2017",2020-01-01,0.87,"WG"
"TX_US_IKE","4","IKE_US_TX_2008",2020-01-01,0.69,"SUS"
"TX_US_RITA","4","RITA_US_TX_2005",2020-01-01,0.67,"SUS"
"US_FL_DELTA","4","DELTA_US_LA_2020",2020-01-01,0.67,"SUS"
"US_FL_DENNIS","4","DENNIS_US_FL_2005",2020-01-01,0.72,"SUS"
"VER_MX_KARL","5","KARL_MX_VER_2010",2020-01-01,0.95,"SG"
"YUC_DELTA","5","DELTA_YUCATAN_MX_2020",2020-01-01,0.94,"SG"
"YUC_MX_EMILY","5","EMILY_MX_YUC_2005",2020-01-01,1.09,"SG"
"YUC_MX_ISIDORE","5","ISIDORE_MX_YUC_2002",2020-01-01,1,"SG"
"AL_US_IVAN","4","IVAN_US_AL_2004",2020-02-01,0.72,"SUS"
"AL_US_SALLY","4","SALLY_US_AL_2020",2020-02-01,0.72,"SUS"
"ALEX","6","ALEX_2010",2020-02-01,0.85,"WG"
"BELICE_RICHARD","3","RICHARD_BELICE_2010",2020-02-01,1.02,"C"
"BELIZE_IRIS","2","IRIS_BELIZE_2001",2020-02-01,0.97,"CA"
"BETA","2","BETA_2005",2020-02-01,0.73,"CA"
"CR_OTTO","2","OTTO_CR_2016",2020-02-01,0.81,"CA"
"CUBA_DENNIS","3","DENNIS_CUBA_2005",2020-02-01,1.26,"C"
"CUBA_GUSTAV","3","GUSTAV_CUBA_2008",2020-02-01,0.99,"C"
"CUBA_IAN","3","IAN_CUBA_2022",2020-02-01,0.96,"C"
"CUBA_MICHELLE","3","MICHELLE_CUBA_2001",2020-02-01,1.26,"C"
"CUBA_PALOMA","3","PALOMA_CUBA_2008",2020-02-01,1.11,"C"
"CUBA_SANDY","3","SANDY_CUBA_2012",2020-02-01,0.95,"C"
"DEAN_QROO_MX","5","DEAN_QROO_MX_2007",2020-02-01,1.19,"SG"
"FL_US_CHARLEY","1","CHARLEY_2004",2020-02-01,1.03,"FP"
"FL_US_FRANCES","1","FRANCES_US_FL_2004",2020-02-01,1.04,"FP"
"FL_US_IAN","1","IAN_US_FL_2022",2020-02-01,1.03,"FP"
"FL_US_IRMA","1","IRMA_US_FL_2017",2020-02-01,0.99,"FP"
"FL_US_JEANNE","1","JEANNE_US_FL_2004",2020-02-01,1.03,"FP"
"FL_US_MICHAEL","4","MICHAEL_US_FL_2018",2020-02-01,0.75,"SUS"
"FL_US_WILMA","1","WILMA_US_FL_2005",2020-02-01,1,"FP"
"LA_US_GUSTAV","4","GUSTAV_US_LA_2008",2020-02-01,0.51,"SUS"
"LA_US_IDA","4","IDA_US_LA_2009",2020-02-01,0.55,"SUS"
"LA_US_KATRINA","4","KATRINA_US_LA_2005",2020-02-01,0.63,"SUS"
"LA_US_LAURA","4","LAURA_US_LA_2020",2020-02-01,0.58,"SUS"
"LA_US_ZETA","4","ZETA_US_LA_2020",2020-02-01,0.5,"SUS"
"MX_ERNESTO","5","ERNESTO_MX_2012",2020-02-01,1.17,"SG"
"MX_GRACE","3","GRACE_MX_2021",2020-02-01,0.61,"C"
"MX_TAMPS_EMILY","6","EMILY_TAMPS_MX_2005",2020-02-01,0.74,"WG"
"NC_US_ISABEL","4","ISABEL_US_NC_2003",2020-02-01,0.67,"SUS"
"NIC_ETA","2","ETA_NIC_2020",2020-02-01,0.85,"CA"
"NIC_FELIX","2","FELIX_NIC_2007",2020-02-01,0.78,"CA"
"NIC_IOTA","2","IOTA_NIC_2020",2020-02-01,0.86,"CA"
"PR_USA_MARIA","3","MARIA_US_PR_2017",2020-02-01,0.93,"C"
"QROO_WILMA","3","WILMA_QROO_2005",2020-02-01,0.97,"C"
"TX_US_HARVEY","6","HARVEY_US_TX_2017",2020-02-01,0.62,"WG"
"TX_US_IKE","4","IKE_US_TX_2008",2020-02-01,0.54,"SUS"
"TX_US_RITA","4","RITA_US_TX_2005",2020-02-01,0.58,"SUS"
"US_FL_DELTA","4","DELTA_US_LA_2020",2020-02-01,0.61,"SUS"
"US_FL_DENNIS","4","DENNIS_US_FL_2005",2020-02-01,0.73,"SUS"
"VER_MX_KARL","5","KARL_MX_VER_2010",2020-02-01,1.01,"SG"
"YUC_DELTA","5","DELTA_YUCATAN_MX_2020",2020-02-01,1.04,"SG"
"YUC_MX_EMILY","5","EMILY_MX_YUC_2005",2020-02-01,1.24,"SG"
"YUC_MX_ISIDORE","5","ISIDORE_MX_YUC_2002",2020-02-01,1.2,"SG"
"AL_US_IVAN","4","IVAN_US_AL_2004",2020-03-01,1.31,"SUS"
"AL_US_SALLY","4","SALLY_US_AL_2020",2020-03-01,1.28,"SUS"
"ALEX","6","ALEX_2010",2020-03-01,1.53,"WG"
"BELICE_RICHARD","3","RICHARD_BELICE_2010",2020-03-01,1.08,"C"
"BELIZE_IRIS","2","IRIS_BELIZE_2001",2020-03-01,0.98,"CA"
"BETA","2","BETA_2005",2020-03-01,0.73,"CA"
"CR_OTTO","2","OTTO_CR_2016",2020-03-01,0.81,"CA"
"CUBA_DENNIS","3","DENNIS_CUBA_2005",2020-03-01,1.28,"C"
"CUBA_GUSTAV","3","GUSTAV_CUBA_2008",2020-03-01,1.02,"C"
"CUBA_IAN","3","IAN_CUBA_2022",2020-03-01,0.99,"C"
"CUBA_MICHELLE","3","MICHELLE_CUBA_2001",2020-03-01,1.29,"C"
"CUBA_PALOMA","3","PALOMA_CUBA_2008",2020-03-01,1.14,"C"
"CUBA_SANDY","3","SANDY_CUBA_2012",2020-03-01,0.91,"C"
"DEAN_QROO_MX","5","DEAN_QROO_MX_2007",2020-03-01,1.29,"SG"
"FL_US_CHARLEY","1","CHARLEY_2004",2020-03-01,1.46,"FP"
"FL_US_FRANCES","1","FRANCES_US_FL_2004",2020-03-01,1.42,"FP"
"FL_US_IAN","1","IAN_US_FL_2022",2020-03-01,1.48,"FP"
"FL_US_IRMA","1","IRMA_US_FL_2017",2020-03-01,1.38,"FP"
"FL_US_JEANNE","1","JEANNE_US_FL_2004",2020-03-01,1.41,"FP"
"FL_US_MICHAEL","4","MICHAEL_US_FL_2018",2020-03-01,1.28,"SUS"
"FL_US_WILMA","1","WILMA_US_FL_2005",2020-03-01,1.39,"FP"
"LA_US_GUSTAV","4","GUSTAV_US_LA_2008",2020-03-01,1.15,"SUS"
"LA_US_IDA","4","IDA_US_LA_2009",2020-03-01,1.18,"SUS"
"LA_US_KATRINA","4","KATRINA_US_LA_2005",2020-03-01,1.28,"SUS"
"LA_US_LAURA","4","LAURA_US_LA_2020",2020-03-01,1.21,"SUS"
"LA_US_ZETA","4","ZETA_US_LA_2020",2020-03-01,1.13,"SUS"
"MX_ERNESTO","5","ERNESTO_MX_2012",2020-03-01,1.28,"SG"
"MX_GRACE","3","GRACE_MX_2021",2020-03-01,1.02,"C"
"MX_TAMPS_EMILY","6","EMILY_TAMPS_MX_2005",2020-03-01,1.44,"WG"
"NC_US_ISABEL","4","ISABEL_US_NC_2003",2020-03-01,0.93,"SUS"
"NIC_ETA","2","ETA_NIC_2020",2020-03-01,0.85,"CA"
"NIC_FELIX","2","FELIX_NIC_2007",2020-03-01,0.79,"CA"
"NIC_IOTA","2","IOTA_NIC_2020",2020-03-01,0.85,"CA"
"PR_USA_MARIA","3","MARIA_US_PR_2017",2020-03-01,0.8,"C"
"QROO_WILMA","3","WILMA_QROO_2005",2020-03-01,1.12,"C"
"TX_US_HARVEY","6","HARVEY_US_TX_2017",2020-03-01,1.36,"WG"
"TX_US_IKE","4","IKE_US_TX_2008",2020-03-01,1.2,"SUS"
"TX_US_RITA","4","RITA_US_TX_2005",2020-03-01,1.19,"SUS"
"US_FL_DELTA","4","DELTA_US_LA_2020",2020-03-01,1.23,"SUS"
"US_FL_DENNIS","4","DENNIS_US_FL_2005",2020-03-01,1.32,"SUS"
"VER_MX_KARL","5","KARL_MX_VER_2010",2020-03-01,1.4,"SG"
"YUC_DELTA","5","DELTA_YUCATAN_MX_2020",2020-03-01,1.2,"SG"
"YUC_MX_EMILY","5","EMILY_MX_YUC_2005",2020-03-01,1.35,"SG"
"YUC_MX_ISIDORE","5","ISIDORE_MX_YUC_2002",2020-03-01,1.61,"SG"
"AL_US_IVAN","4","IVAN_US_AL_2004",2020-04-01,1.05,"SUS"
"AL_US_SALLY","4","SALLY_US_AL_2020",2020-04-01,1.05,"SUS"
"ALEX","6","ALEX_2010",2020-04-01,1.71,"WG"
"BELICE_RICHARD","3","RICHARD_BELICE_2010",2020-04-01,1.48,"C"
"BELIZE_IRIS","2","IRIS_BELIZE_2001",2020-04-01,1.5,"CA"
"BETA","2","BETA_2005",2020-04-01,0.92,"CA"
"CR_OTTO","2","OTTO_CR_2016",2020-04-01,0.92,"CA"
"CUBA_DENNIS","3","DENNIS_CUBA_2005",2020-04-01,1.66,"C"
"CUBA_GUSTAV","3","GUSTAV_CUBA_2008",2020-04-01,1.45,"C"
"CUBA_IAN","3","IAN_CUBA_2022",2020-04-01,1.39,"C"
"CUBA_MICHELLE","3","MICHELLE_CUBA_2001",2020-04-01,1.73,"C"
"CUBA_PALOMA","3","PALOMA_CUBA_2008",2020-04-01,1.57,"C"
"CUBA_SANDY","3","SANDY_CUBA_2012",2020-04-01,1.39,"C"
"DEAN_QROO_MX","5","DEAN_QROO_MX_2007",2020-04-01,1.58,"SG"
"FL_US_CHARLEY","1","CHARLEY_2004",2020-04-01,1.51,"FP"
"FL_US_FRANCES","1","FRANCES_US_FL_2004",2020-04-01,1.55,"FP"
"FL_US_IAN","1","IAN_US_FL_2022",2020-04-01,1.56,"FP"
"FL_US_IRMA","1","IRMA_US_FL_2017",2020-04-01,1.58,"FP"
"FL_US_JEANNE","1","JEANNE_US_FL_2004",2020-04-01,1.55,"FP"
"FL_US_MICHAEL","4","MICHAEL_US_FL_2018",2020-04-01,1.1,"SUS"
"FL_US_WILMA","1","WILMA_US_FL_2005",2020-04-01,1.67,"FP"
"LA_US_GUSTAV","4","GUSTAV_US_LA_2008",2020-04-01,0.92,"SUS"
"LA_US_IDA","4","IDA_US_LA_2009",2020-04-01,0.92,"SUS"
"LA_US_KATRINA","4","KATRINA_US_LA_2005",2020-04-01,0.93,"SUS"
"LA_US_LAURA","4","LAURA_US_LA_2020",2020-04-01,0.91,"SUS"
"LA_US_ZETA","4","ZETA_US_LA_2020",2020-04-01,0.87,"SUS"
"MX_ERNESTO","5","ERNESTO_MX_2012",2020-04-01,1.57,"SG"
"MX_GRACE","3","GRACE_MX_2021",2020-04-01,1.37,"C"
"MX_TAMPS_EMILY","6","EMILY_TAMPS_MX_2005",2020-04-01,1.59,"WG"
"NC_US_ISABEL","4","ISABEL_US_NC_2003",2020-04-01,0.78,"SUS"
"NIC_ETA","2","ETA_NIC_2020",2020-04-01,1.08,"CA"
"NIC_FELIX","2","FELIX_NIC_2007",2020-04-01,1.08,"CA"
"NIC_IOTA","2","IOTA_NIC_2020",2020-04-01,1.09,"CA"
"PR_USA_MARIA","3","MARIA_US_PR_2017",2020-04-01,0.99,"C"
"QROO_WILMA","3","WILMA_QROO_2005",2020-04-01,1.45,"C"
"TX_US_HARVEY","6","HARVEY_US_TX_2017",2020-04-01,1.13,"WG"
"TX_US_IKE","4","IKE_US_TX_2008",2020-04-01,0.88,"SUS"
"TX_US_RITA","4","RITA_US_TX_2005",2020-04-01,0.9,"SUS"
"US_FL_DELTA","4","DELTA_US_LA_2020",2020-04-01,0.94,"SUS"
"US_FL_DENNIS","4","DENNIS_US_FL_2005",2020-04-01,1.06,"SUS"
"VER_MX_KARL","5","KARL_MX_VER_2010",2020-04-01,1.84,"SG"
"YUC_DELTA","5","DELTA_YUCATAN_MX_2020",2020-04-01,1.61,"SG"
"YUC_MX_EMILY","5","EMILY_MX_YUC_2005",2020-04-01,1.67,"SG"
"YUC_MX_ISIDORE","5","ISIDORE_MX_YUC_2002",2020-04-01,2.1,"SG"
"AL_US_IVAN","4","IVAN_US_AL_2004",2020-05-01,1.02,"SUS"
"AL_US_SALLY","4","SALLY_US_AL_2020",2020-05-01,1,"SUS"
"ALEX","6","ALEX_2010",2020-05-01,1.53,"WG"
"BELICE_RICHARD","3","RICHARD_BELICE_2010",2020-05-01,1.25,"C"
"BELIZE_IRIS","2","IRIS_BELIZE_2001",2020-05-01,1.2,"CA"
"BETA","2","BETA_2005",2020-05-01,0.73,"CA"
"CR_OTTO","2","OTTO_CR_2016",2020-05-01,0.79,"CA"
"CUBA_DENNIS","3","DENNIS_CUBA_2005",2020-05-01,0.99,"C"
"CUBA_GUSTAV","3","GUSTAV_CUBA_2008",2020-05-01,0.87,"C"
"CUBA_IAN","3","IAN_CUBA_2022",2020-05-01,0.88,"C"
"CUBA_MICHELLE","3","MICHELLE_CUBA_2001",2020-05-01,1.01,"C"
"CUBA_PALOMA","3","PALOMA_CUBA_2008",2020-05-01,1.12,"C"
"CUBA_SANDY","3","SANDY_CUBA_2012",2020-05-01,1.07,"C"
"DEAN_QROO_MX","5","DEAN_QROO_MX_2007",2020-05-01,1.16,"SG"
"FL_US_CHARLEY","1","CHARLEY_2004",2020-05-01,1.17,"FP"
"FL_US_FRANCES","1","FRANCES_US_FL_2004",2020-05-01,1.13,"FP"
"FL_US_IAN","1","IAN_US_FL_2022",2020-05-01,1.18,"FP"
"FL_US_IRMA","1","IRMA_US_FL_2017",2020-05-01,1.12,"FP"
"FL_US_JEANNE","1","JEANNE_US_FL_2004",2020-05-01,1.12,"FP"
"FL_US_MICHAEL","4","MICHAEL_US_FL_2018",2020-05-01,1.02,"SUS"
"FL_US_WILMA","1","WILMA_US_FL_2005",2020-05-01,1.11,"FP"
"LA_US_GUSTAV","4","GUSTAV_US_LA_2008",2020-05-01,0.87,"SUS"
"LA_US_IDA","4","IDA_US_LA_2009",2020-05-01,0.88,"SUS"
"LA_US_KATRINA","4","KATRINA_US_LA_2005",2020-05-01,0.89,"SUS"
"LA_US_LAURA","4","LAURA_US_LA_2020",2020-05-01,0.88,"SUS"
"LA_US_ZETA","4","ZETA_US_LA_2020",2020-05-01,0.82,"SUS"
"MX_ERNESTO","5","ERNESTO_MX_2012",2020-05-01,1.15,"SG"
"MX_GRACE","3","GRACE_MX_2021",2020-05-01,1.14,"C"
"MX_TAMPS_EMILY","6","EMILY_TAMPS_MX_2005",2020-05-01,1.42,"WG"
"NC_US_ISABEL","4","ISABEL_US_NC_2003",2020-05-01,0.78,"SUS"
"NIC_ETA","2","ETA_NIC_2020",2020-05-01,0.86,"CA"
"NIC_FELIX","2","FELIX_NIC_2007",2020-05-01,0.88,"CA"
"NIC_IOTA","2","IOTA_NIC_2020",2020-05-01,0.86,"CA"
"PR_USA_MARIA","3","MARIA_US_PR_2017",2020-05-01,1.04,"C"
"QROO_WILMA","3","WILMA_QROO_2005",2020-05-01,1.13,"C"
"TX_US_HARVEY","6","HARVEY_US_TX_2017",2020-05-01,1.15,"WG"
"TX_US_IKE","4","IKE_US_TX_2008",2020-05-01,0.88,"SUS"
"TX_US_RITA","4","RITA_US_TX_2005",2020-05-01,0.88,"SUS"
"US_FL_DELTA","4","DELTA_US_LA_2020",2020-05-01,0.93,"SUS"
"US_FL_DENNIS","4","DENNIS_US_FL_2005",2020-05-01,1.04,"SUS"
"VER_MX_KARL","5","KARL_MX_VER_2010",2020-05-01,1.43,"SG"
"YUC_DELTA","5","DELTA_YUCATAN_MX_2020",2020-05-01,1.17,"SG"
"YUC_MX_EMILY","5","EMILY_MX_YUC_2005",2020-05-01,1.24,"SG"
"YUC_MX_ISIDORE","5","ISIDORE_MX_YUC_2002",2020-05-01,1.51,"SG"
"AL_US_IVAN","4","IVAN_US_AL_2004",2020-06-01,1.18,"SUS"
"AL_US_SALLY","4","SALLY_US_AL_2020",2020-06-01,1.11,"SUS"
"ALEX","6","ALEX_2010",2020-06-01,1.43,"WG"
"BELICE_RICHARD","3","RICHARD_BELICE_2010",2020-06-01,0.95,"C"
"BELIZE_IRIS","2","IRIS_BELIZE_2001",2020-06-01,0.86,"CA"
"BETA","2","BETA_2005",2020-06-01,0.47,"CA"
"CR_OTTO","2","OTTO_CR_2016",2020-06-01,0.62,"CA"
"CUBA_DENNIS","3","DENNIS_CUBA_2005",2020-06-01,0.99,"C"
"CUBA_GUSTAV","3","GUSTAV_CUBA_2008",2020-06-01,0.82,"C"
"CUBA_IAN","3","IAN_CUBA_2022",2020-06-01,0.82,"C"
"CUBA_MICHELLE","3","MICHELLE_CUBA_2001",2020-06-01,1,"C"
"CUBA_PALOMA","3","PALOMA_CUBA_2008",2020-06-01,1.02,"C"
"CUBA_SANDY","3","SANDY_CUBA_2012",2020-06-01,0.96,"C"
"DEAN_QROO_MX","5","DEAN_QROO_MX_2007",2020-06-01,0.86,"SG"
"FL_US_CHARLEY","1","CHARLEY_2004",2020-06-01,1.25,"FP"
"FL_US_FRANCES","1","FRANCES_US_FL_2004",2020-06-01,1.19,"FP"
"FL_US_IAN","1","IAN_US_FL_2022",2020-06-01,1.26,"FP"
"FL_US_IRMA","1","IRMA_US_FL_2017",2020-06-01,1.23,"FP"
"FL_US_JEANNE","1","JEANNE_US_FL_2004",2020-06-01,1.2,"FP"
"FL_US_MICHAEL","4","MICHAEL_US_FL_2018",2020-06-01,1.23,"SUS"
"FL_US_WILMA","1","WILMA_US_FL_2005",2020-06-01,1.21,"FP"
"LA_US_GUSTAV","4","GUSTAV_US_LA_2008",2020-06-01,1.07,"SUS"
"LA_US_IDA","4","IDA_US_LA_2009",2020-06-01,1.05,"SUS"
"LA_US_KATRINA","4","KATRINA_US_LA_2005",2020-06-01,1.1,"SUS"
"LA_US_LAURA","4","LAURA_US_LA_2020",2020-06-01,1.17,"SUS"
"LA_US_ZETA","4","ZETA_US_LA_2020",2020-06-01,1.01,"SUS"
"MX_ERNESTO","5","ERNESTO_MX_2012",2020-06-01,0.86,"SG"
"MX_GRACE","3","GRACE_MX_2021",2020-06-01,0.98,"C"
"MX_TAMPS_EMILY","6","EMILY_TAMPS_MX_2005",2020-06-01,1.41,"WG"
"NC_US_ISABEL","4","ISABEL_US_NC_2003",2020-06-01,1,"SUS"
"NIC_ETA","2","ETA_NIC_2020",2020-06-01,0.55,"CA"
"NIC_FELIX","2","FELIX_NIC_2007",2020-06-01,0.57,"CA"
"NIC_IOTA","2","IOTA_NIC_2020",2020-06-01,0.55,"CA"
"PR_USA_MARIA","3","MARIA_US_PR_2017",2020-06-01,1.01,"C"
"QROO_WILMA","3","WILMA_QROO_2005",2020-06-01,0.95,"C"
"TX_US_HARVEY","6","HARVEY_US_TX_2017",2020-06-01,1.22,"WG"
"TX_US_IKE","4","IKE_US_TX_2008",2020-06-01,1.1,"SUS"
"TX_US_RITA","4","RITA_US_TX_2005",2020-06-01,1.14,"SUS"
"US_FL_DELTA","4","DELTA_US_LA_2020",2020-06-01,1.23,"SUS"
"US_FL_DENNIS","4","DENNIS_US_FL_2005",2020-06-01,1.18,"SUS"
"VER_MX_KARL","5","KARL_MX_VER_2010",2020-06-01,1.17,"SG"
"YUC_DELTA","5","DELTA_YUCATAN_MX_2020",2020-06-01,0.95,"SG"
"YUC_MX_EMILY","5","EMILY_MX_YUC_2005",2020-06-01,0.97,"SG"
"YUC_MX_ISIDORE","5","ISIDORE_MX_YUC_2002",2020-06-01,0.9,"SG"
"AL_US_IVAN","4","IVAN_US_AL_2004",2020-07-01,1.11,"SUS"
"AL_US_SALLY","4","SALLY_US_AL_2020",2020-07-01,1.07,"SUS"
"ALEX","6","ALEX_2010",2020-07-01,1.84,"WG"
"BELICE_RICHARD","3","RICHARD_BELICE_2010",2020-07-01,1.04,"C"
"BELIZE_IRIS","2","IRIS_BELIZE_2001",2020-07-01,0.92,"CA"
"BETA","2","BETA_2005",2020-07-01,0.48,"CA"
"CR_OTTO","2","OTTO_CR_2016",2020-07-01,0.61,"CA"
"CUBA_DENNIS","3","DENNIS_CUBA_2005",2020-07-01,0.98,"C"
"CUBA_GUSTAV","3","GUSTAV_CUBA_2008",2020-07-01,0.81,"C"
"CUBA_IAN","3","IAN_CUBA_2022",2020-07-01,0.82,"C"
"CUBA_MICHELLE","3","MICHELLE_CUBA_2001",2020-07-01,0.98,"C"
"CUBA_PALOMA","3","PALOMA_CUBA_2008",2020-07-01,1.1,"C"
"CUBA_SANDY","3","SANDY_CUBA_2012",2020-07-01,0.96,"C"
"DEAN_QROO_MX","5","DEAN_QROO_MX_2007",2020-07-01,1.07,"SG"
"FL_US_CHARLEY","1","CHARLEY_2004",2020-07-01,1.32,"FP"
"FL_US_FRANCES","1","FRANCES_US_FL_2004",2020-07-01,1.27,"FP"
"FL_US_IAN","1","IAN_US_FL_2022",2020-07-01,1.34,"FP"
"FL_US_IRMA","1","IRMA_US_FL_2017",2020-07-01,1.33,"FP"
"FL_US_JEANNE","1","JEANNE_US_FL_2004",2020-07-01,1.27,"FP"
"FL_US_MICHAEL","4","MICHAEL_US_FL_2018",2020-07-01,1.21,"SUS"
"FL_US_WILMA","1","WILMA_US_FL_2005",2020-07-01,1.3,"FP"
"LA_US_GUSTAV","4","GUSTAV_US_LA_2008",2020-07-01,1.13,"SUS"
"LA_US_IDA","4","IDA_US_LA_2009",2020-07-01,1.13,"SUS"
"LA_US_KATRINA","4","KATRINA_US_LA_2005",2020-07-01,1.09,"SUS"
"LA_US_LAURA","4","LAURA_US_LA_2020",2020-07-01,1.24,"SUS"
"LA_US_ZETA","4","ZETA_US_LA_2020",2020-07-01,1.08,"SUS"
"MX_ERNESTO","5","ERNESTO_MX_2012",2020-07-01,1.07,"SG"
"MX_GRACE","3","GRACE_MX_2021",2020-07-01,1.17,"C"
"MX_TAMPS_EMILY","6","EMILY_TAMPS_MX_2005",2020-07-01,1.8,"WG"
"NC_US_ISABEL","4","ISABEL_US_NC_2003",2020-07-01,1.43,"SUS"
"NIC_ETA","2","ETA_NIC_2020",2020-07-01,0.63,"CA"
"NIC_FELIX","2","FELIX_NIC_2007",2020-07-01,0.63,"CA"
"NIC_IOTA","2","IOTA_NIC_2020",2020-07-01,0.66,"CA"
"PR_USA_MARIA","3","MARIA_US_PR_2017",2020-07-01,0.99,"C"
"QROO_WILMA","3","WILMA_QROO_2005",2020-07-01,1.04,"C"
"TX_US_HARVEY","6","HARVEY_US_TX_2017",2020-07-01,1.52,"WG"
"TX_US_IKE","4","IKE_US_TX_2008",2020-07-01,1.37,"SUS"
"TX_US_RITA","4","RITA_US_TX_2005",2020-07-01,1.28,"SUS"
"US_FL_DELTA","4","DELTA_US_LA_2020",2020-07-01,1.25,"SUS"
"US_FL_DENNIS","4","DENNIS_US_FL_2005",2020-07-01,1.11,"SUS"
"VER_MX_KARL","5","KARL_MX_VER_2010",2020-07-01,1.19,"SG"
"YUC_DELTA","5","DELTA_YUCATAN_MX_2020",2020-07-01,1.05,"SG"
"YUC_MX_EMILY","5","EMILY_MX_YUC_2005",2020-07-01,1.16,"SG"
"YUC_MX_ISIDORE","5","ISIDORE_MX_YUC_2002",2020-07-01,1.1,"SG"
"AL_US_IVAN","4","IVAN_US_AL_2004",2020-08-01,1.22,"SUS"
"AL_US_SALLY","4","SALLY_US_AL_2020",2020-08-01,1.16,"SUS"
"ALEX","6","ALEX_2010",2020-08-01,1.79,"WG"
"BELICE_RICHARD","3","RICHARD_BELICE_2010",2020-08-01,0.99,"C"
"BELIZE_IRIS","2","IRIS_BELIZE_2001",2020-08-01,0.88,"CA"
"BETA","2","BETA_2005",2020-08-01,0.5,"CA"
"CR_OTTO","2","OTTO_CR_2016",2020-08-01,0.6,"CA"
"CUBA_DENNIS","3","DENNIS_CUBA_2005",2020-08-01,1.13,"C"
"CUBA_GUSTAV","3","GUSTAV_CUBA_2008",2020-08-01,0.9,"C"
"CUBA_IAN","3","IAN_CUBA_2022",2020-08-01,0.89,"C"
"CUBA_MICHELLE","3","MICHELLE_CUBA_2001",2020-08-01,1.11,"C"
"CUBA_PALOMA","3","PALOMA_CUBA_2008",2020-08-01,1.18,"C"
"CUBA_SANDY","3","SANDY_CUBA_2012",2020-08-01,1.11,"C"
"DEAN_QROO_MX","5","DEAN_QROO_MX_2007",2020-08-01,1.01,"SG"
"FL_US_CHARLEY","1","CHARLEY_2004",2020-08-01,1.31,"FP"
"FL_US_FRANCES","1","FRANCES_US_FL_2004",2020-08-01,1.29,"FP"
"FL_US_IAN","1","IAN_US_FL_2022",2020-08-01,1.33,"FP"
"FL_US_IRMA","1","IRMA_US_FL_2017",2020-08-01,1.33,"FP"
"FL_US_JEANNE","1","JEANNE_US_FL_2004",2020-08-01,1.3,"FP"
"FL_US_MICHAEL","4","MICHAEL_US_FL_2018",2020-08-01,1.23,"SUS"
"FL_US_WILMA","1","WILMA_US_FL_2005",2020-08-01,1.32,"FP"
"LA_US_GUSTAV","4","GUSTAV_US_LA_2008",2020-08-01,1.25,"SUS"
"LA_US_IDA","4","IDA_US_LA_2009",2020-08-01,1.19,"SUS"
"LA_US_KATRINA","4","KATRINA_US_LA_2005",2020-08-01,1.13,"SUS"
"LA_US_LAURA","4","LAURA_US_LA_2020",2020-08-01,1.35,"SUS"
"LA_US_ZETA","4","ZETA_US_LA_2020",2020-08-01,1.14,"SUS"
"MX_ERNESTO","5","ERNESTO_MX_2012",2020-08-01,1,"SG"
"MX_GRACE","3","GRACE_MX_2021",2020-08-01,0.94,"C"
"MX_TAMPS_EMILY","6","EMILY_TAMPS_MX_2005",2020-08-01,1.84,"WG"
"NC_US_ISABEL","4","ISABEL_US_NC_2003",2020-08-01,1.23,"SUS"
"NIC_ETA","2","ETA_NIC_2020",2020-08-01,0.63,"CA"
"NIC_FELIX","2","FELIX_NIC_2007",2020-08-01,0.64,"CA"
"NIC_IOTA","2","IOTA_NIC_2020",2020-08-01,0.63,"CA"
"PR_USA_MARIA","3","MARIA_US_PR_2017",2020-08-01,0.96,"C"
"QROO_WILMA","3","WILMA_QROO_2005",2020-08-01,0.99,"C"
"TX_US_HARVEY","6","HARVEY_US_TX_2017",2020-08-01,1.72,"WG"
"TX_US_IKE","4","IKE_US_TX_2008",2020-08-01,1.49,"SUS"
"TX_US_RITA","4","RITA_US_TX_2005",2020-08-01,1.37,"SUS"
"US_FL_DELTA","4","DELTA_US_LA_2020",2020-08-01,1.36,"SUS"
"US_FL_DENNIS","4","DENNIS_US_FL_2005",2020-08-01,1.24,"SUS"
"VER_MX_KARL","5","KARL_MX_VER_2010",2020-08-01,1.03,"SG"
"YUC_DELTA","5","DELTA_YUCATAN_MX_2020",2020-08-01,1.01,"SG"
"YUC_MX_EMILY","5","EMILY_MX_YUC_2005",2020-08-01,1.07,"SG"
"YUC_MX_ISIDORE","5","ISIDORE_MX_YUC_2002",2020-08-01,1.03,"SG"
"AL_US_IVAN","4","IVAN_US_AL_2004",2020-09-01,1.09,"SUS"
"AL_US_SALLY","4","SALLY_US_AL_2020",2020-09-01,1.05,"SUS"
"ALEX","6","ALEX_2010",2020-09-01,1.31,"WG"
"BELICE_RICHARD","3","RICHARD_BELICE_2010",2020-09-01,0.97,"C"
"BELIZE_IRIS","2","IRIS_BELIZE_2001",2020-09-01,0.82,"CA"
"BETA","2","BETA_2005",2020-09-01,0.64,"CA"
"CR_OTTO","2","OTTO_CR_2016",2020-09-01,0.67,"CA"
"CUBA_DENNIS","3","DENNIS_CUBA_2005",2020-09-01,0.94,"C"
"CUBA_GUSTAV","3","GUSTAV_CUBA_2008",2020-09-01,0.8,"C"
"CUBA_IAN","3","IAN_CUBA_2022",2020-09-01,0.81,"C"
"CUBA_MICHELLE","3","MICHELLE_CUBA_2001",2020-09-01,0.95,"C"
"CUBA_PALOMA","3","PALOMA_CUBA_2008",2020-09-01,0.96,"C"
"CUBA_SANDY","3","SANDY_CUBA_2012",2020-09-01,0.9,"C"
"DEAN_QROO_MX","5","DEAN_QROO_MX_2007",2020-09-01,1,"SG"
"FL_US_CHARLEY","1","CHARLEY_2004",2020-09-01,1.2,"FP"
"FL_US_FRANCES","1","FRANCES_US_FL_2004",2020-09-01,1.2,"FP"
"FL_US_IAN","1","IAN_US_FL_2022",2020-09-01,1.21,"FP"
"FL_US_IRMA","1","IRMA_US_FL_2017",2020-09-01,1.21,"FP"
"FL_US_JEANNE","1","JEANNE_US_FL_2004",2020-09-01,1.2,"FP"
"FL_US_MICHAEL","4","MICHAEL_US_FL_2018",2020-09-01,1.15,"SUS"
"FL_US_WILMA","1","WILMA_US_FL_2005",2020-09-01,1.2,"FP"
"LA_US_GUSTAV","4","GUSTAV_US_LA_2008",2020-09-01,1.11,"SUS"
"LA_US_IDA","4","IDA_US_LA_2009",2020-09-01,1.09,"SUS"
"LA_US_KATRINA","4","KATRINA_US_LA_2005",2020-09-01,1.02,"SUS"
"LA_US_LAURA","4","LAURA_US_LA_2020",2020-09-01,1.21,"SUS"
"LA_US_ZETA","4","ZETA_US_LA_2020",2020-09-01,1.05,"SUS"
"MX_ERNESTO","5","ERNESTO_MX_2012",2020-09-01,0.99,"SG"
"MX_GRACE","3","GRACE_MX_2021",2020-09-01,0.8,"C"
"MX_TAMPS_EMILY","6","EMILY_TAMPS_MX_2005",2020-09-01,1.25,"WG"
"NC_US_ISABEL","4","ISABEL_US_NC_2003",2020-09-01,0.96,"SUS"
"NIC_ETA","2","ETA_NIC_2020",2020-09-01,0.79,"CA"
"NIC_FELIX","2","FELIX_NIC_2007",2020-09-01,0.79,"CA"
"NIC_IOTA","2","IOTA_NIC_2020",2020-09-01,0.79,"CA"
"PR_USA_MARIA","3","MARIA_US_PR_2017",2020-09-01,0.86,"C"
"QROO_WILMA","3","WILMA_QROO_2005",2020-09-01,0.93,"C"
"TX_US_HARVEY","6","HARVEY_US_TX_2017",2020-09-01,1.33,"WG"
"TX_US_IKE","4","IKE_US_TX_2008",2020-09-01,1.29,"SUS"
"TX_US_RITA","4","RITA_US_TX_2005",2020-09-01,1.22,"SUS"
"US_FL_DELTA","4","DELTA_US_LA_2020",2020-09-01,1.23,"SUS"
"US_FL_DENNIS","4","DENNIS_US_FL_2005",2020-09-01,1.13,"SUS"
"VER_MX_KARL","5","KARL_MX_VER_2010",2020-09-01,1,"SG"
"YUC_DELTA","5","DELTA_YUCATAN_MX_2020",2020-09-01,0.97,"SG"
"YUC_MX_EMILY","5","EMILY_MX_YUC_2005",2020-09-01,1.05,"SG"
"YUC_MX_ISIDORE","5","ISIDORE_MX_YUC_2002",2020-09-01,1.05,"SG"
"AL_US_IVAN","4","IVAN_US_AL_2004",2020-10-01,1.21,"SUS"
"AL_US_SALLY","4","SALLY_US_AL_2020",2020-10-01,1.17,"SUS"
"ALEX","6","ALEX_2010",2020-10-01,1.3,"WG"
"BELICE_RICHARD","3","RICHARD_BELICE_2010",2020-10-01,0.93,"C"
"BELIZE_IRIS","2","IRIS_BELIZE_2001",2020-10-01,0.79,"CA"
"BETA","2","BETA_2005",2020-10-01,0.68,"CA"
"CR_OTTO","2","OTTO_CR_2016",2020-10-01,0.65,"CA"
"CUBA_DENNIS","3","DENNIS_CUBA_2005",2020-10-01,0.92,"C"
"CUBA_GUSTAV","3","GUSTAV_CUBA_2008",2020-10-01,0.8,"C"
"CUBA_IAN","3","IAN_CUBA_2022",2020-10-01,0.79,"C"
"CUBA_MICHELLE","3","MICHELLE_CUBA_2001",2020-10-01,0.94,"C"
"CUBA_PALOMA","3","PALOMA_CUBA_2008",2020-10-01,0.93,"C"
"CUBA_SANDY","3","SANDY_CUBA_2012",2020-10-01,0.82,"C"
"DEAN_QROO_MX","5","DEAN_QROO_MX_2007",2020-10-01,0.89,"SG"
"FL_US_CHARLEY","1","CHARLEY_2004",2020-10-01,1.39,"FP"
"FL_US_FRANCES","1","FRANCES_US_FL_2004",2020-10-01,1.33,"FP"
"FL_US_IAN","1","IAN_US_FL_2022",2020-10-01,1.4,"FP"
"FL_US_IRMA","1","IRMA_US_FL_2017",2020-10-01,1.36,"FP"
"FL_US_JEANNE","1","JEANNE_US_FL_2004",2020-10-01,1.32,"FP"
"FL_US_MICHAEL","4","MICHAEL_US_FL_2018",2020-10-01,1.28,"SUS"
"FL_US_WILMA","1","WILMA_US_FL_2005",2020-10-01,1.3,"FP"
"LA_US_GUSTAV","4","GUSTAV_US_LA_2008",2020-10-01,0.9,"SUS"
"LA_US_IDA","4","IDA_US_LA_2009",2020-10-01,0.92,"SUS"
"LA_US_KATRINA","4","KATRINA_US_LA_2005",2020-10-01,1.05,"SUS"
"LA_US_LAURA","4","LAURA_US_LA_2020",2020-10-01,0.96,"SUS"
"LA_US_ZETA","4","ZETA_US_LA_2020",2020-10-01,0.91,"SUS"
"MX_ERNESTO","5","ERNESTO_MX_2012",2020-10-01,0.88,"SG"
"MX_GRACE","3","GRACE_MX_2021",2020-10-01,0.76,"C"
"MX_TAMPS_EMILY","6","EMILY_TAMPS_MX_2005",2020-10-01,1.15,"WG"
"NC_US_ISABEL","4","ISABEL_US_NC_2003",2020-10-01,0.97,"SUS"
"NIC_ETA","2","ETA_NIC_2020",2020-10-01,0.82,"CA"
"NIC_FELIX","2","FELIX_NIC_2007",2020-10-01,0.83,"CA"
"NIC_IOTA","2","IOTA_NIC_2020",2020-10-01,0.84,"CA"
"PR_USA_MARIA","3","MARIA_US_PR_2017",2020-10-01,0.87,"C"
"QROO_WILMA","3","WILMA_QROO_2005",2020-10-01,0.84,"C"
"TX_US_HARVEY","6","HARVEY_US_TX_2017",2020-10-01,1.08,"WG"
"TX_US_IKE","4","IKE_US_TX_2008",2020-10-01,0.94,"SUS"
"TX_US_RITA","4","RITA_US_TX_2005",2020-10-01,0.93,"SUS"
"US_FL_DELTA","4","DELTA_US_LA_2020",2020-10-01,0.99,"SUS"
"US_FL_DENNIS","4","DENNIS_US_FL_2005",2020-10-01,1.23,"SUS"
"VER_MX_KARL","5","KARL_MX_VER_2010",2020-10-01,1.07,"SG"
"YUC_DELTA","5","DELTA_YUCATAN_MX_2020",2020-10-01,0.85,"SG"
"YUC_MX_EMILY","5","EMILY_MX_YUC_2005",2020-10-01,0.92,"SG"
"YUC_MX_ISIDORE","5","ISIDORE_MX_YUC_2002",2020-10-01,0.81,"SG"
"AL_US_IVAN","4","IVAN_US_AL_2004",2020-11-01,0.92,"SUS"
"AL_US_SALLY","4","SALLY_US_AL_2020",2020-11-01,0.95,"SUS"
"ALEX","6","ALEX_2010",2020-11-01,1.18,"WG"
"BELICE_RICHARD","3","RICHARD_BELICE_2010",2020-11-01,0.7,"C"
"BELIZE_IRIS","2","IRIS_BELIZE_2001",2020-11-01,0.64,"CA"
"BETA","2","BETA_2005",2020-11-01,0.57,"CA"
"CR_OTTO","2","OTTO_CR_2016",2020-11-01,0.68,"CA"
"CUBA_DENNIS","3","DENNIS_CUBA_2005",2020-11-01,0.88,"C"
"CUBA_GUSTAV","3","GUSTAV_CUBA_2008",2020-11-01,0.88,"C"
"CUBA_IAN","3","IAN_CUBA_2022",2020-11-01,0.86,"C"
"CUBA_MICHELLE","3","MICHELLE_CUBA_2001",2020-11-01,0.87,"C"
"CUBA_PALOMA","3","PALOMA_CUBA_2008",2020-11-01,0.77,"C"
"CUBA_SANDY","3","SANDY_CUBA_2012",2020-11-01,0.66,"C"
"DEAN_QROO_MX","5","DEAN_QROO_MX_2007",2020-11-01,0.83,"SG"
"FL_US_CHARLEY","1","CHARLEY_2004",2020-11-01,1.22,"FP"
"FL_US_FRANCES","1","FRANCES_US_FL_2004",2020-11-01,1.16,"FP"
"FL_US_IAN","1","IAN_US_FL_2022",2020-11-01,1.22,"FP"
"FL_US_IRMA","1","IRMA_US_FL_2017",2020-11-01,1.2,"FP"
"FL_US_JEANNE","1","JEANNE_US_FL_2004",2020-11-01,1.15,"FP"
"FL_US_MICHAEL","4","MICHAEL_US_FL_2018",2020-11-01,1.08,"SUS"
"FL_US_WILMA","1","WILMA_US_FL_2005",2020-11-01,1.15,"FP"
"LA_US_GUSTAV","4","GUSTAV_US_LA_2008",2020-11-01,0.79,"SUS"
"LA_US_IDA","4","IDA_US_LA_2009",2020-11-01,0.8,"SUS"
"LA_US_KATRINA","4","KATRINA_US_LA_2005",2020-11-01,0.84,"SUS"
"LA_US_LAURA","4","LAURA_US_LA_2020",2020-11-01,0.82,"SUS"
"LA_US_ZETA","4","ZETA_US_LA_2020",2020-11-01,0.79,"SUS"
"MX_ERNESTO","5","ERNESTO_MX_2012",2020-11-01,0.82,"SG"
"MX_GRACE","3","GRACE_MX_2021",2020-11-01,0.71,"C"
"MX_TAMPS_EMILY","6","EMILY_TAMPS_MX_2005",2020-11-01,1.11,"WG"
"NC_US_ISABEL","4","ISABEL_US_NC_2003",2020-11-01,0.77,"SUS"
"NIC_ETA","2","ETA_NIC_2020",2020-11-01,0.6,"CA"
"NIC_FELIX","2","FELIX_NIC_2007",2020-11-01,0.61,"CA"
"NIC_IOTA","2","IOTA_NIC_2020",2020-11-01,0.61,"CA"
"PR_USA_MARIA","3","MARIA_US_PR_2017",2020-11-01,0.76,"C"
"QROO_WILMA","3","WILMA_QROO_2005",2020-11-01,0.87,"C"
"TX_US_HARVEY","6","HARVEY_US_TX_2017",2020-11-01,1.11,"WG"
"TX_US_IKE","4","IKE_US_TX_2008",2020-11-01,0.9,"SUS"
"TX_US_RITA","4","RITA_US_TX_2005",2020-11-01,0.8,"SUS"
"US_FL_DELTA","4","DELTA_US_LA_2020",2020-11-01,0.85,"SUS"
"US_FL_DENNIS","4","DENNIS_US_FL_2005",2020-11-01,0.94,"SUS"
"VER_MX_KARL","5","KARL_MX_VER_2010",2020-11-01,0.98,"SG"
"YUC_DELTA","5","DELTA_YUCATAN_MX_2020",2020-11-01,0.9,"SG"
"YUC_MX_EMILY","5","EMILY_MX_YUC_2005",2020-11-01,0.99,"SG"
"YUC_MX_ISIDORE","5","ISIDORE_MX_YUC_2002",2020-11-01,0.94,"SG"
"AL_US_IVAN","4","IVAN_US_AL_2004",2020-12-01,0.45,"SUS"
"AL_US_SALLY","4","SALLY_US_AL_2020",2020-12-01,0.44,"SUS"
"ALEX","6","ALEX_2010",2020-12-01,0.7,"WG"
"BELICE_RICHARD","3","RICHARD_BELICE_2010",2020-12-01,0.6,"C"
"BELIZE_IRIS","2","IRIS_BELIZE_2001",2020-12-01,0.57,"CA"
"BETA","2","BETA_2005",2020-12-01,0.54,"CA"
"CR_OTTO","2","OTTO_CR_2016",2020-12-01,0.66,"CA"
"CUBA_DENNIS","3","DENNIS_CUBA_2005",2020-12-01,0.8,"C"
"CUBA_GUSTAV","3","GUSTAV_CUBA_2008",2020-12-01,0.59,"C"
"CUBA_IAN","3","IAN_CUBA_2022",2020-12-01,0.56,"C"
"CUBA_MICHELLE","3","MICHELLE_CUBA_2001",2020-12-01,0.8,"C"
"CUBA_PALOMA","3","PALOMA_CUBA_2008",2020-12-01,0.73,"C"
"CUBA_SANDY","3","SANDY_CUBA_2012",2020-12-01,0.67,"C"
"DEAN_QROO_MX","5","DEAN_QROO_MX_2007",2020-12-01,0.66,"SG"
"FL_US_CHARLEY","1","CHARLEY_2004",2020-12-01,0.6,"FP"
"FL_US_FRANCES","1","FRANCES_US_FL_2004",2020-12-01,0.55,"FP"
"FL_US_IAN","1","IAN_US_FL_2022",2020-12-01,0.61,"FP"
"FL_US_IRMA","1","IRMA_US_FL_2017",2020-12-01,0.63,"FP"
"FL_US_JEANNE","1","JEANNE_US_FL_2004",2020-12-01,0.56,"FP"
"FL_US_MICHAEL","4","MICHAEL_US_FL_2018",2020-12-01,0.43,"SUS"
"FL_US_WILMA","1","WILMA_US_FL_2005",2020-12-01,0.6,"FP"
"LA_US_GUSTAV","4","GUSTAV_US_LA_2008",2020-12-01,0.35,"SUS"
"LA_US_IDA","4","IDA_US_LA_2009",2020-12-01,0.39,"SUS"
"LA_US_KATRINA","4","KATRINA_US_LA_2005",2020-12-01,0.43,"SUS"
"LA_US_LAURA","4","LAURA_US_LA_2020",2020-12-01,0.43,"SUS"
"LA_US_ZETA","4","ZETA_US_LA_2020",2020-12-01,0.36,"SUS"
"MX_ERNESTO","5","ERNESTO_MX_2012",2020-12-01,0.65,"SG"
"MX_GRACE","3","GRACE_MX_2021",2020-12-01,0.39,"C"
"MX_TAMPS_EMILY","6","EMILY_TAMPS_MX_2005",2020-12-01,0.65,"WG"
"NC_US_ISABEL","4","ISABEL_US_NC_2003",2020-12-01,0.41,"SUS"
"NIC_ETA","2","ETA_NIC_2020",2020-12-01,0.59,"CA"
"NIC_FELIX","2","FELIX_NIC_2007",2020-12-01,0.54,"CA"
"NIC_IOTA","2","IOTA_NIC_2020",2020-12-01,0.62,"CA"
"PR_USA_MARIA","3","MARIA_US_PR_2017",2020-12-01,0.75,"C"
"QROO_WILMA","3","WILMA_QROO_2005",2020-12-01,0.67,"C"
"TX_US_HARVEY","6","HARVEY_US_TX_2017",2020-12-01,0.59,"WG"
"TX_US_IKE","4","IKE_US_TX_2008",2020-12-01,0.51,"SUS"
"TX_US_RITA","4","RITA_US_TX_2005",2020-12-01,0.44,"SUS"
"US_FL_DELTA","4","DELTA_US_LA_2020",2020-12-01,0.43,"SUS"
"US_FL_DENNIS","4","DENNIS_US_FL_2005",2020-12-01,0.45,"SUS"
"VER_MX_KARL","5","KARL_MX_VER_2010",2020-12-01,0.73,"SG"
"YUC_DELTA","5","DELTA_YUCATAN_MX_2020",2020-12-01,0.69,"SG"
"YUC_MX_EMILY","5","EMILY_MX_YUC_2005",2020-12-01,0.77,"SG"
"YUC_MX_ISIDORE","5","ISIDORE_MX_YUC_2002",2020-12-01,0.7,"SG"
"AL_US_IVAN","4","IVAN_US_AL_2004",2021-01-01,0.49,"SUS"
"AL_US_SALLY","4","SALLY_US_AL_2020",2021-01-01,0.48,"SUS"
"ALEX","6","ALEX_2010",2021-01-01,0.85,"WG"
"BELICE_RICHARD","3","RICHARD_BELICE_2010",2021-01-01,0.52,"C"
"BELIZE_IRIS","2","IRIS_BELIZE_2001",2021-01-01,0.53,"CA"
"BETA","2","BETA_2005",2021-01-01,0.4,"CA"
"CR_OTTO","2","OTTO_CR_2016",2021-01-01,0.55,"CA"
"CUBA_DENNIS","3","DENNIS_CUBA_2005",2021-01-01,0.82,"C"
"CUBA_GUSTAV","3","GUSTAV_CUBA_2008",2021-01-01,0.63,"C"
"CUBA_IAN","3","IAN_CUBA_2022",2021-01-01,0.59,"C"
"CUBA_MICHELLE","3","MICHELLE_CUBA_2001",2021-01-01,0.81,"C"
"CUBA_PALOMA","3","PALOMA_CUBA_2008",2021-01-01,0.78,"C"
"CUBA_SANDY","3","SANDY_CUBA_2012",2021-01-01,0.63,"C"
"DEAN_QROO_MX","5","DEAN_QROO_MX_2007",2021-01-01,0.56,"SG"
"FL_US_CHARLEY","1","CHARLEY_2004",2021-01-01,0.76,"FP"
"FL_US_FRANCES","1","FRANCES_US_FL_2004",2021-01-01,0.69,"FP"
"FL_US_IAN","1","IAN_US_FL_2022",2021-01-01,0.77,"FP"
"FL_US_IRMA","1","IRMA_US_FL_2017",2021-01-01,0.68,"FP"
"FL_US_JEANNE","1","JEANNE_US_FL_2004",2021-01-01,0.69,"FP"
"FL_US_MICHAEL","4","MICHAEL_US_FL_2018",2021-01-01,0.48,"SUS"
"FL_US_WILMA","1","WILMA_US_FL_2005",2021-01-01,0.68,"FP"
"LA_US_GUSTAV","4","GUSTAV_US_LA_2008",2021-01-01,0.32,"SUS"
"LA_US_IDA","4","IDA_US_LA_2009",2021-01-01,0.37,"SUS"
"LA_US_KATRINA","4","KATRINA_US_LA_2005",2021-01-01,0.43,"SUS"
"LA_US_LAURA","4","LAURA_US_LA_2020",2021-01-01,0.47,"SUS"
"LA_US_ZETA","4","ZETA_US_LA_2020",2021-01-01,0.34,"SUS"
"MX_ERNESTO","5","ERNESTO_MX_2012",2021-01-01,0.55,"SG"
"MX_GRACE","3","GRACE_MX_2021",2021-01-01,0.52,"C"
"MX_TAMPS_EMILY","6","EMILY_TAMPS_MX_2005",2021-01-01,0.7,"WG"
"NC_US_ISABEL","4","ISABEL_US_NC_2003",2021-01-01,0.34,"SUS"
"NIC_ETA","2","ETA_NIC_2020",2021-01-01,0.48,"CA"
"NIC_FELIX","2","FELIX_NIC_2007",2021-01-01,0.46,"CA"
"NIC_IOTA","2","IOTA_NIC_2020",2021-01-01,0.49,"CA"
"PR_USA_MARIA","3","MARIA_US_PR_2017",2021-01-01,0.71,"C"
"QROO_WILMA","3","WILMA_QROO_2005",2021-01-01,0.6,"C"
"TX_US_HARVEY","6","HARVEY_US_TX_2017",2021-01-01,0.61,"WG"
"TX_US_IKE","4","IKE_US_TX_2008",2021-01-01,0.52,"SUS"
"TX_US_RITA","4","RITA_US_TX_2005",2021-01-01,0.49,"SUS"
"US_FL_DELTA","4","DELTA_US_LA_2020",2021-01-01,0.44,"SUS"
"US_FL_DENNIS","4","DENNIS_US_FL_2005",2021-01-01,0.49,"SUS"
"VER_MX_KARL","5","KARL_MX_VER_2010",2021-01-01,0.74,"SG"
"YUC_DELTA","5","DELTA_YUCATAN_MX_2020",2021-01-01,0.6,"SG"
"YUC_MX_EMILY","5","EMILY_MX_YUC_2005",2021-01-01,0.69,"SG"
"YUC_MX_ISIDORE","5","ISIDORE_MX_YUC_2002",2021-01-01,0.63,"SG"
"AL_US_IVAN","4","IVAN_US_AL_2004",2021-02-01,0.44,"SUS"
"AL_US_SALLY","4","SALLY_US_AL_2020",2021-02-01,0.44,"SUS"
"ALEX","6","ALEX_2010",2021-02-01,0.72,"WG"
"BELICE_RICHARD","3","RICHARD_BELICE_2010",2021-02-01,0.69,"C"
"BELIZE_IRIS","2","IRIS_BELIZE_2001",2021-02-01,0.72,"CA"
"BETA","2","BETA_2005",2021-02-01,0.53,"CA"
"CR_OTTO","2","OTTO_CR_2016",2021-02-01,0.7,"CA"
"CUBA_DENNIS","3","DENNIS_CUBA_2005",2021-02-01,0.95,"C"
"CUBA_GUSTAV","3","GUSTAV_CUBA_2008",2021-02-01,0.75,"C"
"CUBA_IAN","3","IAN_CUBA_2022",2021-02-01,0.73,"C"
"CUBA_MICHELLE","3","MICHELLE_CUBA_2001",2021-02-01,0.98,"C"
"CUBA_PALOMA","3","PALOMA_CUBA_2008",2021-02-01,0.95,"C"
"CUBA_SANDY","3","SANDY_CUBA_2012",2021-02-01,0.8,"C"
"DEAN_QROO_MX","5","DEAN_QROO_MX_2007",2021-02-01,0.77,"SG"
"FL_US_CHARLEY","1","CHARLEY_2004",2021-02-01,0.8,"FP"
"FL_US_FRANCES","1","FRANCES_US_FL_2004",2021-02-01,0.78,"FP"
"FL_US_IAN","1","IAN_US_FL_2022",2021-02-01,0.82,"FP"
"FL_US_IRMA","1","IRMA_US_FL_2017",2021-02-01,0.7,"FP"
"FL_US_JEANNE","1","JEANNE_US_FL_2004",2021-02-01,0.77,"FP"
"FL_US_MICHAEL","4","MICHAEL_US_FL_2018",2021-02-01,0.49,"SUS"
"FL_US_WILMA","1","WILMA_US_FL_2005",2021-02-01,0.73,"FP"
"LA_US_GUSTAV","4","GUSTAV_US_LA_2008",2021-02-01,0.28,"SUS"
"LA_US_IDA","4","IDA_US_LA_2009",2021-02-01,0.3,"SUS"
"LA_US_KATRINA","4","KATRINA_US_LA_2005",2021-02-01,0.37,"SUS"
"LA_US_LAURA","4","LAURA_US_LA_2020",2021-02-01,0.37,"SUS"
"LA_US_ZETA","4","ZETA_US_LA_2020",2021-02-01,0.26,"SUS"
"MX_ERNESTO","5","ERNESTO_MX_2012",2021-02-01,0.77,"SG"
"MX_GRACE","3","GRACE_MX_2021",2021-02-01,0.5,"C"
"MX_TAMPS_EMILY","6","EMILY_TAMPS_MX_2005",2021-02-01,0.59,"WG"
"NC_US_ISABEL","4","ISABEL_US_NC_2003",2021-02-01,0.37,"SUS"
"NIC_ETA","2","ETA_NIC_2020",2021-02-01,0.61,"CA"
"NIC_FELIX","2","FELIX_NIC_2007",2021-02-01,0.55,"CA"
"NIC_IOTA","2","IOTA_NIC_2020",2021-02-01,0.62,"CA"
"PR_USA_MARIA","3","MARIA_US_PR_2017",2021-02-01,0.78,"C"
"QROO_WILMA","3","WILMA_QROO_2005",2021-02-01,0.69,"C"
"TX_US_HARVEY","6","HARVEY_US_TX_2017",2021-02-01,0.48,"WG"
"TX_US_IKE","4","IKE_US_TX_2008",2021-02-01,0.38,"SUS"
"TX_US_RITA","4","RITA_US_TX_2005",2021-02-01,0.38,"SUS"
"US_FL_DELTA","4","DELTA_US_LA_2020",2021-02-01,0.37,"SUS"
"US_FL_DENNIS","4","DENNIS_US_FL_2005",2021-02-01,0.45,"SUS"
"VER_MX_KARL","5","KARL_MX_VER_2010",2021-02-01,0.82,"SG"
"YUC_DELTA","5","DELTA_YUCATAN_MX_2020",2021-02-01,0.71,"SG"
"YUC_MX_EMILY","5","EMILY_MX_YUC_2005",2021-02-01,0.8,"SG"
"YUC_MX_ISIDORE","5","ISIDORE_MX_YUC_2002",2021-02-01,0.86,"SG"
"AL_US_IVAN","4","IVAN_US_AL_2004",2021-03-01,0.72,"SUS"
"AL_US_SALLY","4","SALLY_US_AL_2020",2021-03-01,0.68,"SUS"
"ALEX","6","ALEX_2010",2021-03-01,1.19,"WG"
"BELICE_RICHARD","3","RICHARD_BELICE_2010",2021-03-01,0.88,"C"
"BELIZE_IRIS","2","IRIS_BELIZE_2001",2021-03-01,0.85,"CA"
"BETA","2","BETA_2005",2021-03-01,0.57,"CA"
"CR_OTTO","2","OTTO_CR_2016",2021-03-01,0.66,"CA"
"CUBA_DENNIS","3","DENNIS_CUBA_2005",2021-03-01,1.18,"C"
"CUBA_GUSTAV","3","GUSTAV_CUBA_2008",2021-03-01,0.92,"C"
"CUBA_IAN","3","IAN_CUBA_2022",2021-03-01,0.9,"C"
"CUBA_MICHELLE","3","MICHELLE_CUBA_2001",2021-03-01,1.19,"C"
"CUBA_PALOMA","3","PALOMA_CUBA_2008",2021-03-01,1.12,"C"
"CUBA_SANDY","3","SANDY_CUBA_2012",2021-03-01,0.97,"C"
"DEAN_QROO_MX","5","DEAN_QROO_MX_2007",2021-03-01,0.95,"SG"
"FL_US_CHARLEY","1","CHARLEY_2004",2021-03-01,1.06,"FP"
"FL_US_FRANCES","1","FRANCES_US_FL_2004",2021-03-01,1.01,"FP"
"FL_US_IAN","1","IAN_US_FL_2022",2021-03-01,1.08,"FP"
"FL_US_IRMA","1","IRMA_US_FL_2017",2021-03-01,0.93,"FP"
"FL_US_JEANNE","1","JEANNE_US_FL_2004",2021-03-01,1.02,"FP"
"FL_US_MICHAEL","4","MICHAEL_US_FL_2018",2021-03-01,0.76,"SUS"
"FL_US_WILMA","1","WILMA_US_FL_2005",2021-03-01,0.93,"FP"
"LA_US_GUSTAV","4","GUSTAV_US_LA_2008",2021-03-01,0.59,"SUS"
"LA_US_IDA","4","IDA_US_LA_2009",2021-03-01,0.59,"SUS"
"LA_US_KATRINA","4","KATRINA_US_LA_2005",2021-03-01,0.66,"SUS"
"LA_US_LAURA","4","LAURA_US_LA_2020",2021-03-01,0.7,"SUS"
"LA_US_ZETA","4","ZETA_US_LA_2020",2021-03-01,0.54,"SUS"
"MX_ERNESTO","5","ERNESTO_MX_2012",2021-03-01,0.95,"SG"
"MX_GRACE","3","GRACE_MX_2021",2021-03-01,0.81,"C"
"MX_TAMPS_EMILY","6","EMILY_TAMPS_MX_2005",2021-03-01,1.03,"WG"
"NC_US_ISABEL","4","ISABEL_US_NC_2003",2021-03-01,0.71,"SUS"
"NIC_ETA","2","ETA_NIC_2020",2021-03-01,0.61,"CA"
"NIC_FELIX","2","FELIX_NIC_2007",2021-03-01,0.59,"CA"
"NIC_IOTA","2","IOTA_NIC_2020",2021-03-01,0.62,"CA"
"PR_USA_MARIA","3","MARIA_US_PR_2017",2021-03-01,0.78,"C"
"QROO_WILMA","3","WILMA_QROO_2005",2021-03-01,0.91,"C"
"TX_US_HARVEY","6","HARVEY_US_TX_2017",2021-03-01,0.91,"WG"
"TX_US_IKE","4","IKE_US_TX_2008",2021-03-01,0.73,"SUS"
"TX_US_RITA","4","RITA_US_TX_2005",2021-03-01,0.7,"SUS"
"US_FL_DELTA","4","DELTA_US_LA_2020",2021-03-01,0.71,"SUS"
"US_FL_DENNIS","4","DENNIS_US_FL_2005",2021-03-01,0.73,"SUS"
"VER_MX_KARL","5","KARL_MX_VER_2010",2021-03-01,1.21,"SG"
"YUC_DELTA","5","DELTA_YUCATAN_MX_2020",2021-03-01,0.97,"SG"
"YUC_MX_EMILY","5","EMILY_MX_YUC_2005",2021-03-01,1.04,"SG"
"YUC_MX_ISIDORE","5","ISIDORE_MX_YUC_2002",2021-03-01,1.31,"SG"
"AL_US_IVAN","4","IVAN_US_AL_2004",2021-04-01,0.84,"SUS"
"AL_US_SALLY","4","SALLY_US_AL_2020",2021-04-01,0.8,"SUS"
"ALEX","6","ALEX_2010",2021-04-01,1.27,"WG"
"BELICE_RICHARD","3","RICHARD_BELICE_2010",2021-04-01,1.1,"C"
"BELIZE_IRIS","2","IRIS_BELIZE_2001",2021-04-01,1.04,"CA"
"BETA","2","BETA_2005",2021-04-01,0.59,"CA"
"CR_OTTO","2","OTTO_CR_2016",2021-04-01,0.64,"CA"
"CUBA_DENNIS","3","DENNIS_CUBA_2005",2021-04-01,1.28,"C"
"CUBA_GUSTAV","3","GUSTAV_CUBA_2008",2021-04-01,1.09,"C"
"CUBA_IAN","3","IAN_CUBA_2022",2021-04-01,1.07,"C"
"CUBA_MICHELLE","3","MICHELLE_CUBA_2001",2021-04-01,1.32,"C"
"CUBA_PALOMA","3","PALOMA_CUBA_2008",2021-04-01,1.32,"C"
"CUBA_SANDY","3","SANDY_CUBA_2012",2021-04-01,1.09,"C"
"DEAN_QROO_MX","5","DEAN_QROO_MX_2007",2021-04-01,1.15,"SG"
"FL_US_CHARLEY","1","CHARLEY_2004",2021-04-01,1.13,"FP"
"FL_US_FRANCES","1","FRANCES_US_FL_2004",2021-04-01,1.08,"FP"
"FL_US_IAN","1","IAN_US_FL_2022",2021-04-01,1.14,"FP"
"FL_US_IRMA","1","IRMA_US_FL_2017",2021-04-01,1.13,"FP"
"FL_US_JEANNE","1","JEANNE_US_FL_2004",2021-04-01,1.1,"FP"
"FL_US_MICHAEL","4","MICHAEL_US_FL_2018",2021-04-01,0.87,"SUS"
"FL_US_WILMA","1","WILMA_US_FL_2005",2021-04-01,1.12,"FP"
"LA_US_GUSTAV","4","GUSTAV_US_LA_2008",2021-04-01,0.7,"SUS"
"LA_US_IDA","4","IDA_US_LA_2009",2021-04-01,0.7,"SUS"
"LA_US_KATRINA","4","KATRINA_US_LA_2005",2021-04-01,0.78,"SUS"
"LA_US_LAURA","4","LAURA_US_LA_2020",2021-04-01,0.86,"SUS"
"LA_US_ZETA","4","ZETA_US_LA_2020",2021-04-01,0.66,"SUS"
"MX_ERNESTO","5","ERNESTO_MX_2012",2021-04-01,1.16,"SG"
"MX_GRACE","3","GRACE_MX_2021",2021-04-01,0.92,"C"
"MX_TAMPS_EMILY","6","EMILY_TAMPS_MX_2005",2021-04-01,1.17,"WG"
"NC_US_ISABEL","4","ISABEL_US_NC_2003",2021-04-01,0.91,"SUS"
"NIC_ETA","2","ETA_NIC_2020",2021-04-01,0.63,"CA"
"NIC_FELIX","2","FELIX_NIC_2007",2021-04-01,0.63,"CA"
"NIC_IOTA","2","IOTA_NIC_2020",2021-04-01,0.63,"CA"
"PR_USA_MARIA","3","MARIA_US_PR_2017",2021-04-01,0.83,"C"
"QROO_WILMA","3","WILMA_QROO_2005",2021-04-01,1.06,"C"
"TX_US_HARVEY","6","HARVEY_US_TX_2017",2021-04-01,0.93,"WG"
"TX_US_IKE","4","IKE_US_TX_2008",2021-04-01,0.82,"SUS"
"TX_US_RITA","4","RITA_US_TX_2005",2021-04-01,0.84,"SUS"
"US_FL_DELTA","4","DELTA_US_LA_2020",2021-04-01,0.87,"SUS"
"US_FL_DENNIS","4","DENNIS_US_FL_2005",2021-04-01,0.83,"SUS"
"VER_MX_KARL","5","KARL_MX_VER_2010",2021-04-01,1.5,"SG"
"YUC_DELTA","5","DELTA_YUCATAN_MX_2020",2021-04-01,1.15,"SG"
"YUC_MX_EMILY","5","EMILY_MX_YUC_2005",2021-04-01,1.19,"SG"
"YUC_MX_ISIDORE","5","ISIDORE_MX_YUC_2002",2021-04-01,1.56,"SG"
"AL_US_IVAN","4","IVAN_US_AL_2004",2021-05-01,0.98,"SUS"
"AL_US_SALLY","4","SALLY_US_AL_2020",2021-05-01,0.95,"SUS"
"ALEX","6","ALEX_2010",2021-05-01,1.34,"WG"
"BELICE_RICHARD","3","RICHARD_BELICE_2010",2021-05-01,1.09,"C"
"BELIZE_IRIS","2","IRIS_BELIZE_2001",2021-05-01,1.03,"CA"
"BETA","2","BETA_2005",2021-05-01,0.59,"CA"
"CR_OTTO","2","OTTO_CR_2016",2021-05-01,0.65,"CA"
"CUBA_DENNIS","3","DENNIS_CUBA_2005",2021-05-01,1.1,"C"
"CUBA_GUSTAV","3","GUSTAV_CUBA_2008",2021-05-01,1.03,"C"
"CUBA_IAN","3","IAN_CUBA_2022",2021-05-01,0.98,"C"
"CUBA_MICHELLE","3","MICHELLE_CUBA_2001",2021-05-01,1.12,"C"
"CUBA_PALOMA","3","PALOMA_CUBA_2008",2021-05-01,1.07,"C"
"CUBA_SANDY","3","SANDY_CUBA_2012",2021-05-01,0.96,"C"
"DEAN_QROO_MX","5","DEAN_QROO_MX_2007",2021-05-01,1.01,"SG"
"FL_US_CHARLEY","1","CHARLEY_2004",2021-05-01,1.55,"FP"
"FL_US_FRANCES","1","FRANCES_US_FL_2004",2021-05-01,1.37,"FP"
"FL_US_IAN","1","IAN_US_FL_2022",2021-05-01,1.57,"FP"
"FL_US_IRMA","1","IRMA_US_FL_2017",2021-05-01,1.52,"FP"
"FL_US_JEANNE","1","JEANNE_US_FL_2004",2021-05-01,1.37,"FP"
"FL_US_MICHAEL","4","MICHAEL_US_FL_2018",2021-05-01,1.18,"SUS"
"FL_US_WILMA","1","WILMA_US_FL_2005",2021-05-01,1.5,"FP"
"LA_US_GUSTAV","4","GUSTAV_US_LA_2008",2021-05-01,0.8,"SUS"
"LA_US_IDA","4","IDA_US_LA_2009",2021-05-01,0.78,"SUS"
"LA_US_KATRINA","4","KATRINA_US_LA_2005",2021-05-01,0.83,"SUS"
"LA_US_LAURA","4","LAURA_US_LA_2020",2021-05-01,0.8,"SUS"
"LA_US_ZETA","4","ZETA_US_LA_2020",2021-05-01,0.78,"SUS"
"MX_ERNESTO","5","ERNESTO_MX_2012",2021-05-01,1,"SG"
"MX_GRACE","3","GRACE_MX_2021",2021-05-01,1.03,"C"
"MX_TAMPS_EMILY","6","EMILY_TAMPS_MX_2005",2021-05-01,1.25,"WG"
"NC_US_ISABEL","4","ISABEL_US_NC_2003",2021-05-01,1.02,"SUS"
"NIC_ETA","2","ETA_NIC_2020",2021-05-01,0.71,"CA"
"NIC_FELIX","2","FELIX_NIC_2007",2021-05-01,0.77,"CA"
"NIC_IOTA","2","IOTA_NIC_2020",2021-05-01,0.7,"CA"
"PR_USA_MARIA","3","MARIA_US_PR_2017",2021-05-01,0.86,"C"
"QROO_WILMA","3","WILMA_QROO_2005",2021-05-01,1.05,"C"
"TX_US_HARVEY","6","HARVEY_US_TX_2017",2021-05-01,0.8,"WG"
"TX_US_IKE","4","IKE_US_TX_2008",2021-05-01,0.73,"SUS"
"TX_US_RITA","4","RITA_US_TX_2005",2021-05-01,0.79,"SUS"
"US_FL_DELTA","4","DELTA_US_LA_2020",2021-05-01,0.83,"SUS"
"US_FL_DENNIS","4","DENNIS_US_FL_2005",2021-05-01,0.99,"SUS"
"VER_MX_KARL","5","KARL_MX_VER_2010",2021-05-01,1.36,"SG"
"YUC_DELTA","5","DELTA_YUCATAN_MX_2020",2021-05-01,1.09,"SG"
"YUC_MX_EMILY","5","EMILY_MX_YUC_2005",2021-05-01,1.11,"SG"
"YUC_MX_ISIDORE","5","ISIDORE_MX_YUC_2002",2021-05-01,1.41,"SG"
"AL_US_IVAN","4","IVAN_US_AL_2004",2021-06-01,0.88,"SUS"
"AL_US_SALLY","4","SALLY_US_AL_2020",2021-06-01,0.87,"SUS"
"ALEX","6","ALEX_2010",2021-06-01,1.43,"WG"
"BELICE_RICHARD","3","RICHARD_BELICE_2010",2021-06-01,0.98,"C"
"BELIZE_IRIS","2","IRIS_BELIZE_2001",2021-06-01,0.96,"CA"
"BETA","2","BETA_2005",2021-06-01,0.41,"CA"
"CR_OTTO","2","OTTO_CR_2016",2021-06-01,0.62,"CA"
"CUBA_DENNIS","3","DENNIS_CUBA_2005",2021-06-01,0.88,"C"
"CUBA_GUSTAV","3","GUSTAV_CUBA_2008",2021-06-01,0.73,"C"
"CUBA_IAN","3","IAN_CUBA_2022",2021-06-01,0.72,"C"
"CUBA_MICHELLE","3","MICHELLE_CUBA_2001",2021-06-01,0.88,"C"
"CUBA_PALOMA","3","PALOMA_CUBA_2008",2021-06-01,0.91,"C"
"CUBA_SANDY","3","SANDY_CUBA_2012",2021-06-01,0.72,"C"
"DEAN_QROO_MX","5","DEAN_QROO_MX_2007",2021-06-01,0.79,"SG"
"FL_US_CHARLEY","1","CHARLEY_2004",2021-06-01,1.06,"FP"
"FL_US_FRANCES","1","FRANCES_US_FL_2004",2021-06-01,1.07,"FP"
"FL_US_IAN","1","IAN_US_FL_2022",2021-06-01,1.06,"FP"
"FL_US_IRMA","1","IRMA_US_FL_2017",2021-06-01,1.02,"FP"
"FL_US_JEANNE","1","JEANNE_US_FL_2004",2021-06-01,1.06,"FP"
"FL_US_MICHAEL","4","MICHAEL_US_FL_2018",2021-06-01,1.13,"SUS"
"FL_US_WILMA","1","WILMA_US_FL_2005",2021-06-01,0.98,"FP"
"LA_US_GUSTAV","4","GUSTAV_US_LA_2008",2021-06-01,0.86,"SUS"
"LA_US_IDA","4","IDA_US_LA_2009",2021-06-01,0.86,"SUS"
"LA_US_KATRINA","4","KATRINA_US_LA_2005",2021-06-01,0.85,"SUS"
"LA_US_LAURA","4","LAURA_US_LA_2020",2021-06-01,1.05,"SUS"
"LA_US_ZETA","4","ZETA_US_LA_2020",2021-06-01,0.83,"SUS"
"MX_ERNESTO","5","ERNESTO_MX_2012",2021-06-01,0.79,"SG"
"MX_GRACE","3","GRACE_MX_2021",2021-06-01,0.93,"C"
"MX_TAMPS_EMILY","6","EMILY_TAMPS_MX_2005",2021-06-01,1.44,"WG"
"NC_US_ISABEL","4","ISABEL_US_NC_2003",2021-06-01,0.88,"SUS"
"NIC_ETA","2","ETA_NIC_2020",2021-06-01,0.5,"CA"
"NIC_FELIX","2","FELIX_NIC_2007",2021-06-01,0.51,"CA"
"NIC_IOTA","2","IOTA_NIC_2020",2021-06-01,0.51,"CA"
"PR_USA_MARIA","3","MARIA_US_PR_2017",2021-06-01,0.73,"C"
"QROO_WILMA","3","WILMA_QROO_2005",2021-06-01,0.85,"C"
"TX_US_HARVEY","6","HARVEY_US_TX_2017",2021-06-01,1.09,"WG"
"TX_US_IKE","4","IKE_US_TX_2008",2021-06-01,1.01,"SUS"
"TX_US_RITA","4","RITA_US_TX_2005",2021-06-01,1.06,"SUS"
"US_FL_DELTA","4","DELTA_US_LA_2020",2021-06-01,1.04,"SUS"
"US_FL_DENNIS","4","DENNIS_US_FL_2005",2021-06-01,0.88,"SUS"
"VER_MX_KARL","5","KARL_MX_VER_2010",2021-06-01,1.01,"SG"
"YUC_DELTA","5","DELTA_YUCATAN_MX_2020",2021-06-01,0.86,"SG"
"YUC_MX_EMILY","5","EMILY_MX_YUC_2005",2021-06-01,0.89,"SG"
"YUC_MX_ISIDORE","5","ISIDORE_MX_YUC_2002",2021-06-01,0.81,"SG"
"AL_US_IVAN","4","IVAN_US_AL_2004",2021-07-01,0.9,"SUS"
"AL_US_SALLY","4","SALLY_US_AL_2020",2021-07-01,0.9,"SUS"
"ALEX","6","ALEX_2010",2021-07-01,1.33,"WG"
"BELICE_RICHARD","3","RICHARD_BELICE_2010",2021-07-01,0.92,"C"
"BELIZE_IRIS","2","IRIS_BELIZE_2001",2021-07-01,0.9,"CA"
"BETA","2","BETA_2005",2021-07-01,0.38,"CA"
"CR_OTTO","2","OTTO_CR_2016",2021-07-01,0.51,"CA"
"CUBA_DENNIS","3","DENNIS_CUBA_2005",2021-07-01,0.94,"C"
"CUBA_GUSTAV","3","GUSTAV_CUBA_2008",2021-07-01,0.87,"C"
"CUBA_IAN","3","IAN_CUBA_2022",2021-07-01,0.85,"C"
"CUBA_MICHELLE","3","MICHELLE_CUBA_2001",2021-07-01,0.95,"C"
"CUBA_PALOMA","3","PALOMA_CUBA_2008",2021-07-01,0.96,"C"
"CUBA_SANDY","3","SANDY_CUBA_2012",2021-07-01,0.82,"C"
"DEAN_QROO_MX","5","DEAN_QROO_MX_2007",2021-07-01,0.86,"SG"
"FL_US_CHARLEY","1","CHARLEY_2004",2021-07-01,1.06,"FP"
"FL_US_FRANCES","1","FRANCES_US_FL_2004",2021-07-01,1.04,"FP"
"FL_US_IAN","1","IAN_US_FL_2022",2021-07-01,1.06,"FP"
"FL_US_IRMA","1","IRMA_US_FL_2017",2021-07-01,1.07,"FP"
"FL_US_JEANNE","1","JEANNE_US_FL_2004",2021-07-01,1.04,"FP"
"FL_US_MICHAEL","4","MICHAEL_US_FL_2018",2021-07-01,0.95,"SUS"
"FL_US_WILMA","1","WILMA_US_FL_2005",2021-07-01,1.05,"FP"
"LA_US_GUSTAV","4","GUSTAV_US_LA_2008",2021-07-01,0.99,"SUS"
"LA_US_IDA","4","IDA_US_LA_2009",2021-07-01,0.97,"SUS"
"LA_US_KATRINA","4","KATRINA_US_LA_2005",2021-07-01,0.85,"SUS"
"LA_US_LAURA","4","LAURA_US_LA_2020",2021-07-01,1.04,"SUS"
"LA_US_ZETA","4","ZETA_US_LA_2020",2021-07-01,0.97,"SUS"
"MX_ERNESTO","5","ERNESTO_MX_2012",2021-07-01,0.86,"SG"
"MX_GRACE","3","GRACE_MX_2021",2021-07-01,0.93,"C"
"MX_TAMPS_EMILY","6","EMILY_TAMPS_MX_2005",2021-07-01,1.39,"WG"
"NC_US_ISABEL","4","ISABEL_US_NC_2003",2021-07-01,1.09,"SUS"
"NIC_ETA","2","ETA_NIC_2020",2021-07-01,0.5,"CA"
"NIC_FELIX","2","FELIX_NIC_2007",2021-07-01,0.47,"CA"
"NIC_IOTA","2","IOTA_NIC_2020",2021-07-01,0.52,"CA"
"PR_USA_MARIA","3","MARIA_US_PR_2017",2021-07-01,0.8,"C"
"QROO_WILMA","3","WILMA_QROO_2005",2021-07-01,0.96,"C"
"TX_US_HARVEY","6","HARVEY_US_TX_2017",2021-07-01,1.07,"WG"
"TX_US_IKE","4","IKE_US_TX_2008",2021-07-01,0.99,"SUS"
"TX_US_RITA","4","RITA_US_TX_2005",2021-07-01,1.04,"SUS"
"US_FL_DELTA","4","DELTA_US_LA_2020",2021-07-01,1.06,"SUS"
"US_FL_DENNIS","4","DENNIS_US_FL_2005",2021-07-01,0.89,"SUS"
"VER_MX_KARL","5","KARL_MX_VER_2010",2021-07-01,0.94,"SG"
"YUC_DELTA","5","DELTA_YUCATAN_MX_2020",2021-07-01,0.97,"SG"
"YUC_MX_EMILY","5","EMILY_MX_YUC_2005",2021-07-01,1.03,"SG"
"YUC_MX_ISIDORE","5","ISIDORE_MX_YUC_2002",2021-07-01,0.92,"SG"
"AL_US_IVAN","4","IVAN_US_AL_2004",2021-08-01,1.05,"SUS"
"AL_US_SALLY","4","SALLY_US_AL_2020",2021-08-01,0.97,"SUS"
"ALEX","6","ALEX_2010",2021-08-01,1.71,"WG"
"BELICE_RICHARD","3","RICHARD_BELICE_2010",2021-08-01,0.9,"C"
"BELIZE_IRIS","2","IRIS_BELIZE_2001",2021-08-01,0.78,"CA"
"BETA","2","BETA_2005",2021-08-01,0.34,"CA"
"CR_OTTO","2","OTTO_CR_2016",2021-08-01,0.49,"CA"
"CUBA_DENNIS","3","DENNIS_CUBA_2005",2021-08-01,1.01,"C"
"CUBA_GUSTAV","3","GUSTAV_CUBA_2008",2021-08-01,0.93,"C"
"CUBA_IAN","3","IAN_CUBA_2022",2021-08-01,0.92,"C"
"CUBA_MICHELLE","3","MICHELLE_CUBA_2001",2021-08-01,0.97,"C"
"CUBA_PALOMA","3","PALOMA_CUBA_2008",2021-08-01,1.01,"C"
"CUBA_SANDY","3","SANDY_CUBA_2012",2021-08-01,0.91,"C"
"DEAN_QROO_MX","5","DEAN_QROO_MX_2007",2021-08-01,0.86,"SG"
"FL_US_CHARLEY","1","CHARLEY_2004",2021-08-01,1.12,"FP"
"FL_US_FRANCES","1","FRANCES_US_FL_2004",2021-08-01,1.14,"FP"
"FL_US_IAN","1","IAN_US_FL_2022",2021-08-01,1.14,"FP"
"FL_US_IRMA","1","IRMA_US_FL_2017",2021-08-01,1.13,"FP"
"FL_US_JEANNE","1","JEANNE_US_FL_2004",2021-08-01,1.14,"FP"
"FL_US_MICHAEL","4","MICHAEL_US_FL_2018",2021-08-01,0.96,"SUS"
"FL_US_WILMA","1","WILMA_US_FL_2005",2021-08-01,1.13,"FP"
"LA_US_GUSTAV","4","GUSTAV_US_LA_2008",2021-08-01,1.1,"SUS"
"LA_US_IDA","4","IDA_US_LA_2009",2021-08-01,1.07,"SUS"
"LA_US_KATRINA","4","KATRINA_US_LA_2005",2021-08-01,1.06,"SUS"
"LA_US_LAURA","4","LAURA_US_LA_2020",2021-08-01,1.25,"SUS"
"LA_US_ZETA","4","ZETA_US_LA_2020",2021-08-01,1.05,"SUS"
"MX_ERNESTO","5","ERNESTO_MX_2012",2021-08-01,0.85,"SG"
"MX_GRACE","3","GRACE_MX_2021",2021-08-01,0.9,"C"
"MX_TAMPS_EMILY","6","EMILY_TAMPS_MX_2005",2021-08-01,1.76,"WG"
"NC_US_ISABEL","4","ISABEL_US_NC_2003",2021-08-01,0.92,"SUS"
"NIC_ETA","2","ETA_NIC_2020",2021-08-01,0.46,"CA"
"NIC_FELIX","2","FELIX_NIC_2007",2021-08-01,0.47,"CA"
"NIC_IOTA","2","IOTA_NIC_2020",2021-08-01,0.46,"CA"
"PR_USA_MARIA","3","MARIA_US_PR_2017",2021-08-01,0.82,"C"
"QROO_WILMA","3","WILMA_QROO_2005",2021-08-01,0.95,"C"
"TX_US_HARVEY","6","HARVEY_US_TX_2017",2021-08-01,1.21,"WG"
"TX_US_IKE","4","IKE_US_TX_2008",2021-08-01,1.17,"SUS"
"TX_US_RITA","4","RITA_US_TX_2005",2021-08-01,1.31,"SUS"
"US_FL_DELTA","4","DELTA_US_LA_2020",2021-08-01,1.2,"SUS"
"US_FL_DENNIS","4","DENNIS_US_FL_2005",2021-08-01,1.03,"SUS"
"VER_MX_KARL","5","KARL_MX_VER_2010",2021-08-01,0.95,"SG"
"YUC_DELTA","5","DELTA_YUCATAN_MX_2020",2021-08-01,0.97,"SG"
"YUC_MX_EMILY","5","EMILY_MX_YUC_2005",2021-08-01,1.02,"SG"
"YUC_MX_ISIDORE","5","ISIDORE_MX_YUC_2002",2021-08-01,0.73,"SG"
"AL_US_IVAN","4","IVAN_US_AL_2004",2021-09-01,0.89,"SUS"
"AL_US_SALLY","4","SALLY_US_AL_2020",2021-09-01,0.87,"SUS"
"ALEX","6","ALEX_2010",2021-09-01,1.58,"WG"
"BELICE_RICHARD","3","RICHARD_BELICE_2010",2021-09-01,0.9,"C"
"BELIZE_IRIS","2","IRIS_BELIZE_2001",2021-09-01,0.77,"CA"
"BETA","2","BETA_2005",2021-09-01,0.42,"CA"
"CR_OTTO","2","OTTO_CR_2016",2021-09-01,0.54,"CA"
"CUBA_DENNIS","3","DENNIS_CUBA_2005",2021-09-01,0.86,"C"
"CUBA_GUSTAV","3","GUSTAV_CUBA_2008",2021-09-01,0.73,"C"
"CUBA_IAN","3","IAN_CUBA_2022",2021-09-01,0.73,"C"
"CUBA_MICHELLE","3","MICHELLE_CUBA_2001",2021-09-01,0.85,"C"
"CUBA_PALOMA","3","PALOMA_CUBA_2008",2021-09-01,1.08,"C"
"CUBA_SANDY","3","SANDY_CUBA_2012",2021-09-01,1.01,"C"
"DEAN_QROO_MX","5","DEAN_QROO_MX_2007",2021-09-01,0.81,"SG"
"FL_US_CHARLEY","1","CHARLEY_2004",2021-09-01,1.03,"FP"
"FL_US_FRANCES","1","FRANCES_US_FL_2004",2021-09-01,1.03,"FP"
"FL_US_IAN","1","IAN_US_FL_2022",2021-09-01,1.03,"FP"
"FL_US_IRMA","1","IRMA_US_FL_2017",2021-09-01,1.04,"FP"
"FL_US_JEANNE","1","JEANNE_US_FL_2004",2021-09-01,1.03,"FP"
"FL_US_MICHAEL","4","MICHAEL_US_FL_2018",2021-09-01,0.92,"SUS"
"FL_US_WILMA","1","WILMA_US_FL_2005",2021-09-01,1.04,"FP"
"LA_US_GUSTAV","4","GUSTAV_US_LA_2008",2021-09-01,0.87,"SUS"
"LA_US_IDA","4","IDA_US_LA_2009",2021-09-01,0.86,"SUS"
"LA_US_KATRINA","4","KATRINA_US_LA_2005",2021-09-01,0.83,"SUS"
"LA_US_LAURA","4","LAURA_US_LA_2020",2021-09-01,1.02,"SUS"
"LA_US_ZETA","4","ZETA_US_LA_2020",2021-09-01,0.87,"SUS"
"MX_ERNESTO","5","ERNESTO_MX_2012",2021-09-01,0.8,"SG"
"MX_GRACE","3","GRACE_MX_2021",2021-09-01,0.79,"C"
"MX_TAMPS_EMILY","6","EMILY_TAMPS_MX_2005",2021-09-01,1.58,"WG"
"NC_US_ISABEL","4","ISABEL_US_NC_2003",2021-09-01,0.96,"SUS"
"NIC_ETA","2","ETA_NIC_2020",2021-09-01,0.55,"CA"
"NIC_FELIX","2","FELIX_NIC_2007",2021-09-01,0.59,"CA"
"NIC_IOTA","2","IOTA_NIC_2020",2021-09-01,0.54,"CA"
"PR_USA_MARIA","3","MARIA_US_PR_2017",2021-09-01,0.83,"C"
"QROO_WILMA","3","WILMA_QROO_2005",2021-09-01,0.8,"C"
"TX_US_HARVEY","6","HARVEY_US_TX_2017",2021-09-01,1.45,"WG"
"TX_US_IKE","4","IKE_US_TX_2008",2021-09-01,1.1,"SUS"
"TX_US_RITA","4","RITA_US_TX_2005",2021-09-01,1.11,"SUS"
"US_FL_DELTA","4","DELTA_US_LA_2020",2021-09-01,0.96,"SUS"
"US_FL_DENNIS","4","DENNIS_US_FL_2005",2021-09-01,0.9,"SUS"
"VER_MX_KARL","5","KARL_MX_VER_2010",2021-09-01,0.92,"SG"
"YUC_DELTA","5","DELTA_YUCATAN_MX_2020",2021-09-01,0.81,"SG"
"YUC_MX_EMILY","5","EMILY_MX_YUC_2005",2021-09-01,0.82,"SG"
"YUC_MX_ISIDORE","5","ISIDORE_MX_YUC_2002",2021-09-01,0.91,"SG"
"AL_US_IVAN","4","IVAN_US_AL_2004",2021-10-01,0.89,"SUS"
"AL_US_SALLY","4","SALLY_US_AL_2020",2021-10-01,0.83,"SUS"
"ALEX","6","ALEX_2010",2021-10-01,1.28,"WG"
"BELICE_RICHARD","3","RICHARD_BELICE_2010",2021-10-01,0.95,"C"
"BELIZE_IRIS","2","IRIS_BELIZE_2001",2021-10-01,0.78,"CA"
"BETA","2","BETA_2005",2021-10-01,0.56,"CA"
"CR_OTTO","2","OTTO_CR_2016",2021-10-01,0.58,"CA"
"CUBA_DENNIS","3","DENNIS_CUBA_2005",2021-10-01,0.7,"C"
"CUBA_GUSTAV","3","GUSTAV_CUBA_2008",2021-10-01,0.7,"C"
"CUBA_IAN","3","IAN_CUBA_2022",2021-10-01,0.7,"C"
"CUBA_MICHELLE","3","MICHELLE_CUBA_2001",2021-10-01,0.71,"C"
"CUBA_PALOMA","3","PALOMA_CUBA_2008",2021-10-01,0.78,"C"
"CUBA_SANDY","3","SANDY_CUBA_2012",2021-10-01,0.71,"C"
"DEAN_QROO_MX","5","DEAN_QROO_MX_2007",2021-10-01,0.78,"SG"
"FL_US_CHARLEY","1","CHARLEY_2004",2021-10-01,1.13,"FP"
"FL_US_FRANCES","1","FRANCES_US_FL_2004",2021-10-01,1.1,"FP"
"FL_US_IAN","1","IAN_US_FL_2022",2021-10-01,1.13,"FP"
"FL_US_IRMA","1","IRMA_US_FL_2017",2021-10-01,1.11,"FP"
"FL_US_JEANNE","1","JEANNE_US_FL_2004",2021-10-01,1.11,"FP"
"FL_US_MICHAEL","4","MICHAEL_US_FL_2018",2021-10-01,0.86,"SUS"
"FL_US_WILMA","1","WILMA_US_FL_2005",2021-10-01,1.04,"FP"
"LA_US_GUSTAV","4","GUSTAV_US_LA_2008",2021-10-01,0.78,"SUS"
"LA_US_IDA","4","IDA_US_LA_2009",2021-10-01,0.74,"SUS"
"LA_US_KATRINA","4","KATRINA_US_LA_2005",2021-10-01,0.79,"SUS"
"LA_US_LAURA","4","LAURA_US_LA_2020",2021-10-01,0.99,"SUS"
"LA_US_ZETA","4","ZETA_US_LA_2020",2021-10-01,0.74,"SUS"
"MX_ERNESTO","5","ERNESTO_MX_2012",2021-10-01,0.78,"SG"
"MX_GRACE","3","GRACE_MX_2021",2021-10-01,0.76,"C"
"MX_TAMPS_EMILY","6","EMILY_TAMPS_MX_2005",2021-10-01,1.21,"WG"
"NC_US_ISABEL","4","ISABEL_US_NC_2003",2021-10-01,0.76,"SUS"
"NIC_ETA","2","ETA_NIC_2020",2021-10-01,0.66,"CA"
"NIC_FELIX","2","FELIX_NIC_2007",2021-10-01,0.7,"CA"
"NIC_IOTA","2","IOTA_NIC_2020",2021-10-01,0.67,"CA"
"PR_USA_MARIA","3","MARIA_US_PR_2017",2021-10-01,0.91,"C"
"QROO_WILMA","3","WILMA_QROO_2005",2021-10-01,0.78,"C"
"TX_US_HARVEY","6","HARVEY_US_TX_2017",2021-10-01,1.18,"WG"
"TX_US_IKE","4","IKE_US_TX_2008",2021-10-01,1.03,"SUS"
"TX_US_RITA","4","RITA_US_TX_2005",2021-10-01,1.05,"SUS"
"US_FL_DELTA","4","DELTA_US_LA_2020",2021-10-01,0.97,"SUS"
"US_FL_DENNIS","4","DENNIS_US_FL_2005",2021-10-01,0.89,"SUS"
"VER_MX_KARL","5","KARL_MX_VER_2010",2021-10-01,0.97,"SG"
"YUC_DELTA","5","DELTA_YUCATAN_MX_2020",2021-10-01,0.81,"SG"
"YUC_MX_EMILY","5","EMILY_MX_YUC_2005",2021-10-01,0.85,"SG"
"YUC_MX_ISIDORE","5","ISIDORE_MX_YUC_2002",2021-10-01,0.98,"SG"
"AL_US_IVAN","4","IVAN_US_AL_2004",2021-11-01,0.65,"SUS"
"AL_US_SALLY","4","SALLY_US_AL_2020",2021-11-01,0.64,"SUS"
"ALEX","6","ALEX_2010",2021-11-01,0.79,"WG"
"BELICE_RICHARD","3","RICHARD_BELICE_2010",2021-11-01,0.68,"C"
"BELIZE_IRIS","2","IRIS_BELIZE_2001",2021-11-01,0.58,"CA"
"BETA","2","BETA_2005",2021-11-01,0.45,"CA"
"CR_OTTO","2","OTTO_CR_2016",2021-11-01,0.53,"CA"
"CUBA_DENNIS","3","DENNIS_CUBA_2005",2021-11-01,0.71,"C"
"CUBA_GUSTAV","3","GUSTAV_CUBA_2008",2021-11-01,0.65,"C"
"CUBA_IAN","3","IAN_CUBA_2022",2021-11-01,0.64,"C"
"CUBA_MICHELLE","3","MICHELLE_CUBA_2001",2021-11-01,0.71,"C"
"CUBA_PALOMA","3","PALOMA_CUBA_2008",2021-11-01,0.76,"C"
"CUBA_SANDY","3","SANDY_CUBA_2012",2021-11-01,0.65,"C"
"DEAN_QROO_MX","5","DEAN_QROO_MX_2007",2021-11-01,0.71,"SG"
"FL_US_CHARLEY","1","CHARLEY_2004",2021-11-01,0.79,"FP"
"FL_US_FRANCES","1","FRANCES_US_FL_2004",2021-11-01,0.79,"FP"
"FL_US_IAN","1","IAN_US_FL_2022",2021-11-01,0.79,"FP"
"FL_US_IRMA","1","IRMA_US_FL_2017",2021-11-01,0.81,"FP"
"FL_US_JEANNE","1","JEANNE_US_FL_2004",2021-11-01,0.8,"FP"
"FL_US_MICHAEL","4","MICHAEL_US_FL_2018",2021-11-01,0.67,"SUS"
"FL_US_WILMA","1","WILMA_US_FL_2005",2021-11-01,0.8,"FP"
"LA_US_GUSTAV","4","GUSTAV_US_LA_2008",2021-11-01,0.58,"SUS"
"LA_US_IDA","4","IDA_US_LA_2009",2021-11-01,0.56,"SUS"
"LA_US_KATRINA","4","KATRINA_US_LA_2005",2021-11-01,0.62,"SUS"
"LA_US_LAURA","4","LAURA_US_LA_2020",2021-11-01,0.56,"SUS"
"LA_US_ZETA","4","ZETA_US_LA_2020",2021-11-01,0.55,"SUS"
"MX_ERNESTO","5","ERNESTO_MX_2012",2021-11-01,0.7,"SG"
"MX_GRACE","3","GRACE_MX_2021",2021-11-01,0.58,"C"
"MX_TAMPS_EMILY","6","EMILY_TAMPS_MX_2005",2021-11-01,0.75,"WG"
"NC_US_ISABEL","4","ISABEL_US_NC_2003",2021-11-01,0.56,"SUS"
"NIC_ETA","2","ETA_NIC_2020",2021-11-01,0.47,"CA"
"NIC_FELIX","2","FELIX_NIC_2007",2021-11-01,0.47,"CA"
"NIC_IOTA","2","IOTA_NIC_2020",2021-11-01,0.49,"CA"
"PR_USA_MARIA","3","MARIA_US_PR_2017",2021-11-01,0.9,"C"
"QROO_WILMA","3","WILMA_QROO_2005",2021-11-01,0.66,"C"
"TX_US_HARVEY","6","HARVEY_US_TX_2017",2021-11-01,0.81,"WG"
"TX_US_IKE","4","IKE_US_TX_2008",2021-11-01,0.6,"SUS"
"TX_US_RITA","4","RITA_US_TX_2005",2021-11-01,0.58,"SUS"
"US_FL_DELTA","4","DELTA_US_LA_2020",2021-11-01,0.57,"SUS"
"US_FL_DENNIS","4","DENNIS_US_FL_2005",2021-11-01,0.65,"SUS"
"VER_MX_KARL","5","KARL_MX_VER_2010",2021-11-01,0.8,"SG"
"YUC_DELTA","5","DELTA_YUCATAN_MX_2020",2021-11-01,0.68,"SG"
"YUC_MX_EMILY","5","EMILY_MX_YUC_2005",2021-11-01,0.8,"SG"
"YUC_MX_ISIDORE","5","ISIDORE_MX_YUC_2002",2021-11-01,0.84,"SG"
"AL_US_IVAN","4","IVAN_US_AL_2004",2021-12-01,0.51,"SUS"
"AL_US_SALLY","4","SALLY_US_AL_2020",2021-12-01,0.47,"SUS"
"ALEX","6","ALEX_2010",2021-12-01,0.73,"WG"
"BELICE_RICHARD","3","RICHARD_BELICE_2010",2021-12-01,0.66,"C"
"BELIZE_IRIS","2","IRIS_BELIZE_2001",2021-12-01,0.6,"CA"
"BETA","2","BETA_2005",2021-12-01,0.38,"CA"
"CR_OTTO","2","OTTO_CR_2016",2021-12-01,0.56,"CA"
"CUBA_DENNIS","3","DENNIS_CUBA_2005",2021-12-01,0.88,"C"
"CUBA_GUSTAV","3","GUSTAV_CUBA_2008",2021-12-01,0.65,"C"
"CUBA_IAN","3","IAN_CUBA_2022",2021-12-01,0.63,"C"
"CUBA_MICHELLE","3","MICHELLE_CUBA_2001",2021-12-01,0.87,"C"
"CUBA_PALOMA","3","PALOMA_CUBA_2008",2021-12-01,0.82,"C"
"CUBA_SANDY","3","SANDY_CUBA_2012",2021-12-01,0.69,"C"
"DEAN_QROO_MX","5","DEAN_QROO_MX_2007",2021-12-01,0.67,"SG"
"FL_US_CHARLEY","1","CHARLEY_2004",2021-12-01,0.81,"FP"
"FL_US_FRANCES","1","FRANCES_US_FL_2004",2021-12-01,0.74,"FP"
"FL_US_IAN","1","IAN_US_FL_2022",2021-12-01,0.82,"FP"
"FL_US_IRMA","1","IRMA_US_FL_2017",2021-12-01,0.81,"FP"
"FL_US_JEANNE","1","JEANNE_US_FL_2004",2021-12-01,0.74,"FP"
"FL_US_MICHAEL","4","MICHAEL_US_FL_2018",2021-12-01,0.52,"SUS"
"FL_US_WILMA","1","WILMA_US_FL_2005",2021-12-01,0.85,"FP"
"LA_US_GUSTAV","4","GUSTAV_US_LA_2008",2021-12-01,0.38,"SUS"
"LA_US_IDA","4","IDA_US_LA_2009",2021-12-01,0.44,"SUS"
"LA_US_KATRINA","4","KATRINA_US_LA_2005",2021-12-01,0.47,"SUS"
"LA_US_LAURA","4","LAURA_US_LA_2020",2021-12-01,0.52,"SUS"
"LA_US_ZETA","4","ZETA_US_LA_2020",2021-12-01,0.39,"SUS"
"MX_ERNESTO","5","ERNESTO_MX_2012",2021-12-01,0.66,"SG"
"MX_GRACE","3","GRACE_MX_2021",2021-12-01,0.57,"C"
"MX_TAMPS_EMILY","6","EMILY_TAMPS_MX_2005",2021-12-01,0.62,"WG"
"NC_US_ISABEL","4","ISABEL_US_NC_2003",2021-12-01,0.48,"SUS"
"NIC_ETA","2","ETA_NIC_2020",2021-12-01,0.4,"CA"
"NIC_FELIX","2","FELIX_NIC_2007",2021-12-01,0.39,"CA"
"NIC_IOTA","2","IOTA_NIC_2020",2021-12-01,0.41,"CA"
"PR_USA_MARIA","3","MARIA_US_PR_2017",2021-12-01,0.78,"C"
"QROO_WILMA","3","WILMA_QROO_2005",2021-12-01,0.6,"C"
"TX_US_HARVEY","6","HARVEY_US_TX_2017",2021-12-01,0.69,"WG"
"TX_US_IKE","4","IKE_US_TX_2008",2021-12-01,0.63,"SUS"
"TX_US_RITA","4","RITA_US_TX_2005",2021-12-01,0.54,"SUS"
"US_FL_DELTA","4","DELTA_US_LA_2020",2021-12-01,0.49,"SUS"
"US_FL_DENNIS","4","DENNIS_US_FL_2005",2021-12-01,0.51,"SUS"
"VER_MX_KARL","5","KARL_MX_VER_2010",2021-12-01,0.89,"SG"
"YUC_DELTA","5","DELTA_YUCATAN_MX_2020",2021-12-01,0.63,"SG"
"YUC_MX_EMILY","5","EMILY_MX_YUC_2005",2021-12-01,0.78,"SG"
"YUC_MX_ISIDORE","5","ISIDORE_MX_YUC_2002",2021-12-01,0.89,"SG"
"AL_US_IVAN","4","IVAN_US_AL_2004",2022-01-01,0.48,"SUS"
"AL_US_SALLY","4","SALLY_US_AL_2020",2022-01-01,0.48,"SUS"
"ALEX","6","ALEX_2010",2022-01-01,0.74,"WG"
"BELICE_RICHARD","3","RICHARD_BELICE_2010",2022-01-01,0.65,"C"
"BELIZE_IRIS","2","IRIS_BELIZE_2001",2022-01-01,0.57,"CA"
"BETA","2","BETA_2005",2022-01-01,0.48,"CA"
"CR_OTTO","2","OTTO_CR_2016",2022-01-01,0.63,"CA"
"CUBA_DENNIS","3","DENNIS_CUBA_2005",2022-01-01,0.77,"C"
"CUBA_GUSTAV","3","GUSTAV_CUBA_2008",2022-01-01,0.67,"C"
"CUBA_IAN","3","IAN_CUBA_2022",2022-01-01,0.66,"C"
"CUBA_MICHELLE","3","MICHELLE_CUBA_2001",2022-01-01,0.77,"C"
"CUBA_PALOMA","3","PALOMA_CUBA_2008",2022-01-01,0.84,"C"
"CUBA_SANDY","3","SANDY_CUBA_2012",2022-01-01,0.59,"C"
"DEAN_QROO_MX","5","DEAN_QROO_MX_2007",2022-01-01,0.66,"SG"
"FL_US_CHARLEY","1","CHARLEY_2004",2022-01-01,0.82,"FP"
"FL_US_FRANCES","1","FRANCES_US_FL_2004",2022-01-01,0.82,"FP"
"FL_US_IAN","1","IAN_US_FL_2022",2022-01-01,0.83,"FP"
"FL_US_IRMA","1","IRMA_US_FL_2017",2022-01-01,0.82,"FP"
"FL_US_JEANNE","1","JEANNE_US_FL_2004",2022-01-01,0.8,"FP"
"FL_US_MICHAEL","4","MICHAEL_US_FL_2018",2022-01-01,0.53,"SUS"
"FL_US_WILMA","1","WILMA_US_FL_2005",2022-01-01,0.79,"FP"
"LA_US_GUSTAV","4","GUSTAV_US_LA_2008",2022-01-01,0.4,"SUS"
"LA_US_IDA","4","IDA_US_LA_2009",2022-01-01,0.42,"SUS"
"LA_US_KATRINA","4","KATRINA_US_LA_2005",2022-01-01,0.46,"SUS"
"LA_US_LAURA","4","LAURA_US_LA_2020",2022-01-01,0.53,"SUS"
"LA_US_ZETA","4","ZETA_US_LA_2020",2022-01-01,0.4,"SUS"
"MX_ERNESTO","5","ERNESTO_MX_2012",2022-01-01,0.66,"SG"
"MX_GRACE","3","GRACE_MX_2021",2022-01-01,0.58,"C"
"MX_TAMPS_EMILY","6","EMILY_TAMPS_MX_2005",2022-01-01,0.57,"WG"
"NC_US_ISABEL","4","ISABEL_US_NC_2003",2022-01-01,0.36,"SUS"
"NIC_ETA","2","ETA_NIC_2020",2022-01-01,0.5,"CA"
"NIC_FELIX","2","FELIX_NIC_2007",2022-01-01,0.46,"CA"
"NIC_IOTA","2","IOTA_NIC_2020",2022-01-01,0.52,"CA"
"PR_USA_MARIA","3","MARIA_US_PR_2017",2022-01-01,0.8,"C"
"QROO_WILMA","3","WILMA_QROO_2005",2022-01-01,0.64,"C"
"TX_US_HARVEY","6","HARVEY_US_TX_2017",2022-01-01,0.71,"WG"
"TX_US_IKE","4","IKE_US_TX_2008",2022-01-01,0.57,"SUS"
"TX_US_RITA","4","RITA_US_TX_2005",2022-01-01,0.54,"SUS"
"US_FL_DELTA","4","DELTA_US_LA_2020",2022-01-01,0.49,"SUS"
"US_FL_DENNIS","4","DENNIS_US_FL_2005",2022-01-01,0.49,"SUS"
"VER_MX_KARL","5","KARL_MX_VER_2010",2022-01-01,0.81,"SG"
"YUC_DELTA","5","DELTA_YUCATAN_MX_2020",2022-01-01,0.66,"SG"
"YUC_MX_EMILY","5","EMILY_MX_YUC_2005",2022-01-01,0.79,"SG"
"YUC_MX_ISIDORE","5","ISIDORE_MX_YUC_2002",2022-01-01,0.82,"SG"
"AL_US_IVAN","4","IVAN_US_AL_2004",2022-02-01,0.6,"SUS"
"AL_US_SALLY","4","SALLY_US_AL_2020",2022-02-01,0.58,"SUS"
"ALEX","6","ALEX_2010",2022-02-01,0.77,"WG"
"BELICE_RICHARD","3","RICHARD_BELICE_2010",2022-02-01,0.71,"C"
"BELIZE_IRIS","2","IRIS_BELIZE_2001",2022-02-01,0.64,"CA"
"BETA","2","BETA_2005",2022-02-01,0.49,"CA"
"CR_OTTO","2","OTTO_CR_2016",2022-02-01,0.68,"CA"
"CUBA_DENNIS","3","DENNIS_CUBA_2005",2022-02-01,0.94,"C"
"CUBA_GUSTAV","3","GUSTAV_CUBA_2008",2022-02-01,0.79,"C"
"CUBA_IAN","3","IAN_CUBA_2022",2022-02-01,0.76,"C"
"CUBA_MICHELLE","3","MICHELLE_CUBA_2001",2022-02-01,0.92,"C"
"CUBA_PALOMA","3","PALOMA_CUBA_2008",2022-02-01,0.91,"C"
"CUBA_SANDY","3","SANDY_CUBA_2012",2022-02-01,0.7,"C"
"DEAN_QROO_MX","5","DEAN_QROO_MX_2007",2022-02-01,0.73,"SG"
"FL_US_CHARLEY","1","CHARLEY_2004",2022-02-01,0.96,"FP"
"FL_US_FRANCES","1","FRANCES_US_FL_2004",2022-02-01,0.82,"FP"
"FL_US_IAN","1","IAN_US_FL_2022",2022-02-01,0.94,"FP"
"FL_US_IRMA","1","IRMA_US_FL_2017",2022-02-01,0.89,"FP"
"FL_US_JEANNE","1","JEANNE_US_FL_2004",2022-02-01,0.81,"FP"
"FL_US_MICHAEL","4","MICHAEL_US_FL_2018",2022-02-01,0.68,"SUS"
"FL_US_WILMA","1","WILMA_US_FL_2005",2022-02-01,0.84,"FP"
"LA_US_GUSTAV","4","GUSTAV_US_LA_2008",2022-02-01,0.43,"SUS"
"LA_US_IDA","4","IDA_US_LA_2009",2022-02-01,0.48,"SUS"
"LA_US_KATRINA","4","KATRINA_US_LA_2005",2022-02-01,0.55,"SUS"
"LA_US_LAURA","4","LAURA_US_LA_2020",2022-02-01,0.53,"SUS"
"LA_US_ZETA","4","ZETA_US_LA_2020",2022-02-01,0.42,"SUS"
"MX_ERNESTO","5","ERNESTO_MX_2012",2022-02-01,0.73,"SG"
"MX_GRACE","3","GRACE_MX_2021",2022-02-01,0.56,"C"
"MX_TAMPS_EMILY","6","EMILY_TAMPS_MX_2005",2022-02-01,0.64,"WG"
"NC_US_ISABEL","4","ISABEL_US_NC_2003",2022-02-01,0.51,"SUS"
"NIC_ETA","2","ETA_NIC_2020",2022-02-01,0.49,"CA"
"NIC_FELIX","2","FELIX_NIC_2007",2022-02-01,0.46,"CA"
"NIC_IOTA","2","IOTA_NIC_2020",2022-02-01,0.51,"CA"
"PR_USA_MARIA","3","MARIA_US_PR_2017",2022-02-01,0.66,"C"
"QROO_WILMA","3","WILMA_QROO_2005",2022-02-01,0.69,"C"
"TX_US_HARVEY","6","HARVEY_US_TX_2017",2022-02-01,0.6,"WG"
"TX_US_IKE","4","IKE_US_TX_2008",2022-02-01,0.5,"SUS"
"TX_US_RITA","4","RITA_US_TX_2005",2022-02-01,0.52,"SUS"
"US_FL_DELTA","4","DELTA_US_LA_2020",2022-02-01,0.55,"SUS"
"US_FL_DENNIS","4","DENNIS_US_FL_2005",2022-02-01,0.61,"SUS"
"VER_MX_KARL","5","KARL_MX_VER_2010",2022-02-01,0.9,"SG"
"YUC_DELTA","5","DELTA_YUCATAN_MX_2020",2022-02-01,0.72,"SG"
"YUC_MX_EMILY","5","EMILY_MX_YUC_2005",2022-02-01,0.87,"SG"
"YUC_MX_ISIDORE","5","ISIDORE_MX_YUC_2002",2022-02-01,0.86,"SG"
"AL_US_IVAN","4","IVAN_US_AL_2004",2022-03-01,0.83,"SUS"
"AL_US_SALLY","4","SALLY_US_AL_2020",2022-03-01,0.78,"SUS"
"ALEX","6","ALEX_2010",2022-03-01,1.32,"WG"
"BELICE_RICHARD","3","RICHARD_BELICE_2010",2022-03-01,0.93,"C"
"BELIZE_IRIS","2","IRIS_BELIZE_2001",2022-03-01,0.78,"CA"
"BETA","2","BETA_2005",2022-03-01,0.59,"CA"
"CR_OTTO","2","OTTO_CR_2016",2022-03-01,0.68,"CA"
"CUBA_DENNIS","3","DENNIS_CUBA_2005",2022-03-01,1.03,"C"
"CUBA_GUSTAV","3","GUSTAV_CUBA_2008",2022-03-01,0.93,"C"
"CUBA_IAN","3","IAN_CUBA_2022",2022-03-01,0.92,"C"
"CUBA_MICHELLE","3","MICHELLE_CUBA_2001",2022-03-01,1.06,"C"
"CUBA_PALOMA","3","PALOMA_CUBA_2008",2022-03-01,1.1,"C"
"CUBA_SANDY","3","SANDY_CUBA_2012",2022-03-01,0.89,"C"
"DEAN_QROO_MX","5","DEAN_QROO_MX_2007",2022-03-01,1.15,"SG"
"FL_US_CHARLEY","1","CHARLEY_2004",2022-03-01,1.19,"FP"
"FL_US_FRANCES","1","FRANCES_US_FL_2004",2022-03-01,1.04,"FP"
"FL_US_IAN","1","IAN_US_FL_2022",2022-03-01,1.2,"FP"
"FL_US_IRMA","1","IRMA_US_FL_2017",2022-03-01,1.09,"FP"
"FL_US_JEANNE","1","JEANNE_US_FL_2004",2022-03-01,1.05,"FP"
"FL_US_MICHAEL","4","MICHAEL_US_FL_2018",2022-03-01,0.82,"SUS"
"FL_US_WILMA","1","WILMA_US_FL_2005",2022-03-01,1.03,"FP"
"LA_US_GUSTAV","4","GUSTAV_US_LA_2008",2022-03-01,0.71,"SUS"
"LA_US_IDA","4","IDA_US_LA_2009",2022-03-01,0.71,"SUS"
"LA_US_KATRINA","4","KATRINA_US_LA_2005",2022-03-01,0.8,"SUS"
"LA_US_LAURA","4","LAURA_US_LA_2020",2022-03-01,0.81,"SUS"
"LA_US_ZETA","4","ZETA_US_LA_2020",2022-03-01,0.67,"SUS"
"MX_ERNESTO","5","ERNESTO_MX_2012",2022-03-01,1.14,"SG"
"MX_GRACE","3","GRACE_MX_2021",2022-03-01,0.75,"C"
"MX_TAMPS_EMILY","6","EMILY_TAMPS_MX_2005",2022-03-01,1.19,"WG"
"NC_US_ISABEL","4","ISABEL_US_NC_2003",2022-03-01,0.75,"SUS"
"NIC_ETA","2","ETA_NIC_2020",2022-03-01,0.69,"CA"
"NIC_FELIX","2","FELIX_NIC_2007",2022-03-01,0.66,"CA"
"NIC_IOTA","2","IOTA_NIC_2020",2022-03-01,0.69,"CA"
"PR_USA_MARIA","3","MARIA_US_PR_2017",2022-03-01,0.74,"C"
"QROO_WILMA","3","WILMA_QROO_2005",2022-03-01,0.93,"C"
"TX_US_HARVEY","6","HARVEY_US_TX_2017",2022-03-01,1.02,"WG"
"TX_US_IKE","4","IKE_US_TX_2008",2022-03-01,0.83,"SUS"
"TX_US_RITA","4","RITA_US_TX_2005",2022-03-01,0.81,"SUS"
"US_FL_DELTA","4","DELTA_US_LA_2020",2022-03-01,0.85,"SUS"
"US_FL_DENNIS","4","DENNIS_US_FL_2005",2022-03-01,0.83,"SUS"
"VER_MX_KARL","5","KARL_MX_VER_2010",2022-03-01,1.12,"SG"
"YUC_DELTA","5","DELTA_YUCATAN_MX_2020",2022-03-01,0.99,"SG"
"YUC_MX_EMILY","5","EMILY_MX_YUC_2005",2022-03-01,1.19,"SG"
"YUC_MX_ISIDORE","5","ISIDORE_MX_YUC_2002",2022-03-01,1.25,"SG"
"AL_US_IVAN","4","IVAN_US_AL_2004",2022-04-01,1.01,"SUS"
"AL_US_SALLY","4","SALLY_US_AL_2020",2022-04-01,0.98,"SUS"
"ALEX","6","ALEX_2010",2022-04-01,1.44,"WG"
"BELICE_RICHARD","3","RICHARD_BELICE_2010",2022-04-01,1.1,"C"
"BELIZE_IRIS","2","IRIS_BELIZE_2001",2022-04-01,1.04,"CA"
"BETA","2","BETA_2005",2022-04-01,0.71,"CA"
"CR_OTTO","2","OTTO_CR_2016",2022-04-01,0.68,"CA"
"CUBA_DENNIS","3","DENNIS_CUBA_2005",2022-04-01,0.99,"C"
"CUBA_GUSTAV","3","GUSTAV_CUBA_2008",2022-04-01,1.03,"C"
"CUBA_IAN","3","IAN_CUBA_2022",2022-04-01,1.03,"C"
"CUBA_MICHELLE","3","MICHELLE_CUBA_2001",2022-04-01,1.02,"C"
"CUBA_PALOMA","3","PALOMA_CUBA_2008",2022-04-01,0.97,"C"
"CUBA_SANDY","3","SANDY_CUBA_2012",2022-04-01,0.83,"C"
"DEAN_QROO_MX","5","DEAN_QROO_MX_2007",2022-04-01,1.13,"SG"
"FL_US_CHARLEY","1","CHARLEY_2004",2022-04-01,1.2,"FP"
"FL_US_FRANCES","1","FRANCES_US_FL_2004",2022-04-01,1.07,"FP"
"FL_US_IAN","1","IAN_US_FL_2022",2022-04-01,1.22,"FP"
"FL_US_IRMA","1","IRMA_US_FL_2017",2022-04-01,1.23,"FP"
"FL_US_JEANNE","1","JEANNE_US_FL_2004",2022-04-01,1.09,"FP"
"FL_US_MICHAEL","4","MICHAEL_US_FL_2018",2022-04-01,0.96,"SUS"
"FL_US_WILMA","1","WILMA_US_FL_2005",2022-04-01,1.17,"FP"
"LA_US_GUSTAV","4","GUSTAV_US_LA_2008",2022-04-01,0.88,"SUS"
"LA_US_IDA","4","IDA_US_LA_2009",2022-04-01,0.86,"SUS"
"LA_US_KATRINA","4","KATRINA_US_LA_2005",2022-04-01,0.9,"SUS"
"LA_US_LAURA","4","LAURA_US_LA_2020",2022-04-01,1,"SUS"
"LA_US_ZETA","4","ZETA_US_LA_2020",2022-04-01,0.79,"SUS"
"MX_ERNESTO","5","ERNESTO_MX_2012",2022-04-01,1.13,"SG"
"MX_GRACE","3","GRACE_MX_2021",2022-04-01,1.07,"C"
"MX_TAMPS_EMILY","6","EMILY_TAMPS_MX_2005",2022-04-01,1.36,"WG"
"NC_US_ISABEL","4","ISABEL_US_NC_2003",2022-04-01,0.93,"SUS"
"NIC_ETA","2","ETA_NIC_2020",2022-04-01,0.78,"CA"
"NIC_FELIX","2","FELIX_NIC_2007",2022-04-01,0.75,"CA"
"NIC_IOTA","2","IOTA_NIC_2020",2022-04-01,0.78,"CA"
"PR_USA_MARIA","3","MARIA_US_PR_2017",2022-04-01,0.89,"C"
"QROO_WILMA","3","WILMA_QROO_2005",2022-04-01,1.12,"C"
"TX_US_HARVEY","6","HARVEY_US_TX_2017",2022-04-01,1.13,"WG"
"TX_US_IKE","4","IKE_US_TX_2008",2022-04-01,1.02,"SUS"
"TX_US_RITA","4","RITA_US_TX_2005",2022-04-01,0.94,"SUS"
"US_FL_DELTA","4","DELTA_US_LA_2020",2022-04-01,1.12,"SUS"
"US_FL_DENNIS","4","DENNIS_US_FL_2005",2022-04-01,1.01,"SUS"
"VER_MX_KARL","5","KARL_MX_VER_2010",2022-04-01,1.41,"SG"
"YUC_DELTA","5","DELTA_YUCATAN_MX_2020",2022-04-01,1.17,"SG"
"YUC_MX_EMILY","5","EMILY_MX_YUC_2005",2022-04-01,1.18,"SG"
"YUC_MX_ISIDORE","5","ISIDORE_MX_YUC_2002",2022-04-01,1.55,"SG"
"AL_US_IVAN","4","IVAN_US_AL_2004",2022-05-01,1.06,"SUS"
"AL_US_SALLY","4","SALLY_US_AL_2020",2022-05-01,1,"SUS"
"ALEX","6","ALEX_2010",2022-05-01,1.68,"WG"
"BELICE_RICHARD","3","RICHARD_BELICE_2010",2022-05-01,1.18,"C"
"BELIZE_IRIS","2","IRIS_BELIZE_2001",2022-05-01,1.12,"CA"
"BETA","2","BETA_2005",2022-05-01,0.46,"CA"
"CR_OTTO","2","OTTO_CR_2016",2022-05-01,0.61,"CA"
"CUBA_DENNIS","3","DENNIS_CUBA_2005",2022-05-01,0.72,"C"
"CUBA_GUSTAV","3","GUSTAV_CUBA_2008",2022-05-01,0.76,"C"
"CUBA_IAN","3","IAN_CUBA_2022",2022-05-01,0.78,"C"
"CUBA_MICHELLE","3","MICHELLE_CUBA_2001",2022-05-01,0.76,"C"
"CUBA_PALOMA","3","PALOMA_CUBA_2008",2022-05-01,0.79,"C"
"CUBA_SANDY","3","SANDY_CUBA_2012",2022-05-01,0.67,"C"
"DEAN_QROO_MX","5","DEAN_QROO_MX_2007",2022-05-01,1.1,"SG"
"FL_US_CHARLEY","1","CHARLEY_2004",2022-05-01,1.24,"FP"
"FL_US_FRANCES","1","FRANCES_US_FL_2004",2022-05-01,1.2,"FP"
"FL_US_IAN","1","IAN_US_FL_2022",2022-05-01,1.28,"FP"
"FL_US_IRMA","1","IRMA_US_FL_2017",2022-05-01,1.1,"FP"
"FL_US_JEANNE","1","JEANNE_US_FL_2004",2022-05-01,1.19,"FP"
"FL_US_MICHAEL","4","MICHAEL_US_FL_2018",2022-05-01,0.9,"SUS"
"FL_US_WILMA","1","WILMA_US_FL_2005",2022-05-01,1.18,"FP"
"LA_US_GUSTAV","4","GUSTAV_US_LA_2008",2022-05-01,1.02,"SUS"
"LA_US_IDA","4","IDA_US_LA_2009",2022-05-01,0.98,"SUS"
"LA_US_KATRINA","4","KATRINA_US_LA_2005",2022-05-01,0.95,"SUS"
"LA_US_LAURA","4","LAURA_US_LA_2020",2022-05-01,1.07,"SUS"
"LA_US_ZETA","4","ZETA_US_LA_2020",2022-05-01,0.89,"SUS"
"MX_ERNESTO","5","ERNESTO_MX_2012",2022-05-01,1.09,"SG"
"MX_GRACE","3","GRACE_MX_2021",2022-05-01,1.25,"C"
"MX_TAMPS_EMILY","6","EMILY_TAMPS_MX_2005",2022-05-01,1.49,"WG"
"NC_US_ISABEL","4","ISABEL_US_NC_2003",2022-05-01,0.85,"SUS"
"NIC_ETA","2","ETA_NIC_2020",2022-05-01,0.48,"CA"
"NIC_FELIX","2","FELIX_NIC_2007",2022-05-01,0.47,"CA"
"NIC_IOTA","2","IOTA_NIC_2020",2022-05-01,0.47,"CA"
"PR_USA_MARIA","3","MARIA_US_PR_2017",2022-05-01,0.84,"C"
"QROO_WILMA","3","WILMA_QROO_2005",2022-05-01,1.11,"C"
"TX_US_HARVEY","6","HARVEY_US_TX_2017",2022-05-01,1.15,"WG"
"TX_US_IKE","4","IKE_US_TX_2008",2022-05-01,1.02,"SUS"
"TX_US_RITA","4","RITA_US_TX_2005",2022-05-01,1.01,"SUS"
"US_FL_DELTA","4","DELTA_US_LA_2020",2022-05-01,1.13,"SUS"
"US_FL_DENNIS","4","DENNIS_US_FL_2005",2022-05-01,1.09,"SUS"
"VER_MX_KARL","5","KARL_MX_VER_2010",2022-05-01,1.43,"SG"
"YUC_DELTA","5","DELTA_YUCATAN_MX_2020",2022-05-01,1.16,"SG"
"YUC_MX_EMILY","5","EMILY_MX_YUC_2005",2022-05-01,1.16,"SG"
"YUC_MX_ISIDORE","5","ISIDORE_MX_YUC_2002",2022-05-01,1.45,"SG"
"AL_US_IVAN","4","IVAN_US_AL_2004",2022-06-01,1.34,"SUS"
"AL_US_SALLY","4","SALLY_US_AL_2020",2022-06-01,1.19,"SUS"
"ALEX","6","ALEX_2010",2022-06-01,1.77,"WG"
"BELICE_RICHARD","3","RICHARD_BELICE_2010",2022-06-01,0.92,"C"
"BELIZE_IRIS","2","IRIS_BELIZE_2001",2022-06-01,0.73,"CA"
"BETA","2","BETA_2005",2022-06-01,0.36,"CA"
"CR_OTTO","2","OTTO_CR_2016",2022-06-01,0.52,"CA"
"CUBA_DENNIS","3","DENNIS_CUBA_2005",2022-06-01,0.67,"C"
"CUBA_GUSTAV","3","GUSTAV_CUBA_2008",2022-06-01,0.65,"C"
"CUBA_IAN","3","IAN_CUBA_2022",2022-06-01,0.66,"C"
"CUBA_MICHELLE","3","MICHELLE_CUBA_2001",2022-06-01,0.68,"C"
"CUBA_PALOMA","3","PALOMA_CUBA_2008",2022-06-01,0.86,"C"
"CUBA_SANDY","3","SANDY_CUBA_2012",2022-06-01,0.73,"C"
"DEAN_QROO_MX","5","DEAN_QROO_MX_2007",2022-06-01,0.77,"SG"
"FL_US_CHARLEY","1","CHARLEY_2004",2022-06-01,1.18,"FP"
"FL_US_FRANCES","1","FRANCES_US_FL_2004",2022-06-01,1.17,"FP"
"FL_US_IAN","1","IAN_US_FL_2022",2022-06-01,1.17,"FP"
"FL_US_IRMA","1","IRMA_US_FL_2017",2022-06-01,1.12,"FP"
"FL_US_JEANNE","1","JEANNE_US_FL_2004",2022-06-01,1.17,"FP"
"FL_US_MICHAEL","4","MICHAEL_US_FL_2018",2022-06-01,1.28,"SUS"
"FL_US_WILMA","1","WILMA_US_FL_2005",2022-06-01,1.02,"FP"
"LA_US_GUSTAV","4","GUSTAV_US_LA_2008",2022-06-01,1.22,"SUS"
"LA_US_IDA","4","IDA_US_LA_2009",2022-06-01,1.26,"SUS"
"LA_US_KATRINA","4","KATRINA_US_LA_2005",2022-06-01,1.31,"SUS"
"LA_US_LAURA","4","LAURA_US_LA_2020",2022-06-01,1.48,"SUS"
"LA_US_ZETA","4","ZETA_US_LA_2020",2022-06-01,1.16,"SUS"
"MX_ERNESTO","5","ERNESTO_MX_2012",2022-06-01,0.76,"SG"
"MX_GRACE","3","GRACE_MX_2021",2022-06-01,1.07,"C"
"MX_TAMPS_EMILY","6","EMILY_TAMPS_MX_2005",2022-06-01,1.69,"WG"
"NC_US_ISABEL","4","ISABEL_US_NC_2003",2022-06-01,1.23,"SUS"
"NIC_ETA","2","ETA_NIC_2020",2022-06-01,0.42,"CA"
"NIC_FELIX","2","FELIX_NIC_2007",2022-06-01,0.41,"CA"
"NIC_IOTA","2","IOTA_NIC_2020",2022-06-01,0.43,"CA"
"PR_USA_MARIA","3","MARIA_US_PR_2017",2022-06-01,0.88,"C"
"QROO_WILMA","3","WILMA_QROO_2005",2022-06-01,0.82,"C"
"TX_US_HARVEY","6","HARVEY_US_TX_2017",2022-06-01,1.48,"WG"
"TX_US_IKE","4","IKE_US_TX_2008",2022-06-01,1.61,"SUS"
"TX_US_RITA","4","RITA_US_TX_2005",2022-06-01,1.47,"SUS"
"US_FL_DELTA","4","DELTA_US_LA_2020",2022-06-01,1.45,"SUS"
"US_FL_DENNIS","4","DENNIS_US_FL_2005",2022-06-01,1.32,"SUS"
"VER_MX_KARL","5","KARL_MX_VER_2010",2022-06-01,1.04,"SG"
"YUC_DELTA","5","DELTA_YUCATAN_MX_2020",2022-06-01,0.84,"SG"
"YUC_MX_EMILY","5","EMILY_MX_YUC_2005",2022-06-01,0.89,"SG"
"YUC_MX_ISIDORE","5","ISIDORE_MX_YUC_2002",2022-06-01,0.92,"SG"
"AL_US_IVAN","4","IVAN_US_AL_2004",2022-07-01,0.99,"SUS"
"AL_US_SALLY","4","SALLY_US_AL_2020",2022-07-01,0.95,"SUS"
"ALEX","6","ALEX_2010",2022-07-01,2.1,"WG"
"BELICE_RICHARD","3","RICHARD_BELICE_2010",2022-07-01,0.9,"C"
"BELIZE_IRIS","2","IRIS_BELIZE_2001",2022-07-01,0.77,"CA"
"BETA","2","BETA_2005",2022-07-01,0.33,"CA"
"CR_OTTO","2","OTTO_CR_2016",2022-07-01,0.46,"CA"
"CUBA_DENNIS","3","DENNIS_CUBA_2005",2022-07-01,0.93,"C"
"CUBA_GUSTAV","3","GUSTAV_CUBA_2008",2022-07-01,0.85,"C"
"CUBA_IAN","3","IAN_CUBA_2022",2022-07-01,0.85,"C"
"CUBA_MICHELLE","3","MICHELLE_CUBA_2001",2022-07-01,0.91,"C"
"CUBA_PALOMA","3","PALOMA_CUBA_2008",2022-07-01,0.99,"C"
"CUBA_SANDY","3","SANDY_CUBA_2012",2022-07-01,0.79,"C"
"DEAN_QROO_MX","5","DEAN_QROO_MX_2007",2022-07-01,0.85,"SG"
"FL_US_CHARLEY","1","CHARLEY_2004",2022-07-01,1.34,"FP"
"FL_US_FRANCES","1","FRANCES_US_FL_2004",2022-07-01,1.4,"FP"
"FL_US_IAN","1","IAN_US_FL_2022",2022-07-01,1.37,"FP"
"FL_US_IRMA","1","IRMA_US_FL_2017",2022-07-01,1.24,"FP"
"FL_US_JEANNE","1","JEANNE_US_FL_2004",2022-07-01,1.4,"FP"
"FL_US_MICHAEL","4","MICHAEL_US_FL_2018",2022-07-01,1.02,"SUS"
"FL_US_WILMA","1","WILMA_US_FL_2005",2022-07-01,1.17,"FP"
"LA_US_GUSTAV","4","GUSTAV_US_LA_2008",2022-07-01,1.07,"SUS"
"LA_US_IDA","4","IDA_US_LA_2009",2022-07-01,1.01,"SUS"
"LA_US_KATRINA","4","KATRINA_US_LA_2005",2022-07-01,0.95,"SUS"
"LA_US_LAURA","4","LAURA_US_LA_2020",2022-07-01,1.24,"SUS"
"LA_US_ZETA","4","ZETA_US_LA_2020",2022-07-01,1.01,"SUS"
"MX_ERNESTO","5","ERNESTO_MX_2012",2022-07-01,0.84,"SG"
"MX_GRACE","3","GRACE_MX_2021",2022-07-01,0.95,"C"
"MX_TAMPS_EMILY","6","EMILY_TAMPS_MX_2005",2022-07-01,2.08,"WG"
"NC_US_ISABEL","4","ISABEL_US_NC_2003",2022-07-01,1.07,"SUS"
"NIC_ETA","2","ETA_NIC_2020",2022-07-01,0.47,"CA"
"NIC_FELIX","2","FELIX_NIC_2007",2022-07-01,0.45,"CA"
"NIC_IOTA","2","IOTA_NIC_2020",2022-07-01,0.49,"CA"
"PR_USA_MARIA","3","MARIA_US_PR_2017",2022-07-01,0.79,"C"
"QROO_WILMA","3","WILMA_QROO_2005",2022-07-01,0.94,"C"
"TX_US_HARVEY","6","HARVEY_US_TX_2017",2022-07-01,1.69,"WG"
"TX_US_IKE","4","IKE_US_TX_2008",2022-07-01,1.49,"SUS"
"TX_US_RITA","4","RITA_US_TX_2005",2022-07-01,1.21,"SUS"
"US_FL_DELTA","4","DELTA_US_LA_2020",2022-07-01,1.28,"SUS"
"US_FL_DENNIS","4","DENNIS_US_FL_2005",2022-07-01,0.99,"SUS"
"VER_MX_KARL","5","KARL_MX_VER_2010",2022-07-01,0.9,"SG"
"YUC_DELTA","5","DELTA_YUCATAN_MX_2020",2022-07-01,0.95,"SG"
"YUC_MX_EMILY","5","EMILY_MX_YUC_2005",2022-07-01,1.02,"SG"
"YUC_MX_ISIDORE","5","ISIDORE_MX_YUC_2002",2022-07-01,0.92,"SG"
"AL_US_IVAN","4","IVAN_US_AL_2004",2022-08-01,0.84,"SUS"
"AL_US_SALLY","4","SALLY_US_AL_2020",2022-08-01,0.83,"SUS"
"ALEX","6","ALEX_2010",2022-08-01,1.91,"WG"
"BELICE_RICHARD","3","RICHARD_BELICE_2010",2022-08-01,0.71,"C"
"BELIZE_IRIS","2","IRIS_BELIZE_2001",2022-08-01,0.67,"CA"
"BETA","2","BETA_2005",2022-08-01,0.34,"CA"
"CR_OTTO","2","OTTO_CR_2016",2022-08-01,0.5,"CA"
"CUBA_DENNIS","3","DENNIS_CUBA_2005",2022-08-01,1.02,"C"
"CUBA_GUSTAV","3","GUSTAV_CUBA_2008",2022-08-01,0.91,"C"
"CUBA_IAN","3","IAN_CUBA_2022",2022-08-01,0.9,"C"
"CUBA_MICHELLE","3","MICHELLE_CUBA_2001",2022-08-01,1,"C"
"CUBA_PALOMA","3","PALOMA_CUBA_2008",2022-08-01,1.05,"C"
"CUBA_SANDY","3","SANDY_CUBA_2012",2022-08-01,0.94,"C"
"DEAN_QROO_MX","5","DEAN_QROO_MX_2007",2022-08-01,0.62,"SG"
"FL_US_CHARLEY","1","CHARLEY_2004",2022-08-01,1.23,"FP"
"FL_US_FRANCES","1","FRANCES_US_FL_2004",2022-08-01,1.38,"FP"
"FL_US_IAN","1","IAN_US_FL_2022",2022-08-01,1.27,"FP"
"FL_US_IRMA","1","IRMA_US_FL_2017",2022-08-01,1.21,"FP"
"FL_US_JEANNE","1","JEANNE_US_FL_2004",2022-08-01,1.39,"FP"
"FL_US_MICHAEL","4","MICHAEL_US_FL_2018",2022-08-01,0.95,"SUS"
"FL_US_WILMA","1","WILMA_US_FL_2005",2022-08-01,1.19,"FP"
"LA_US_GUSTAV","4","GUSTAV_US_LA_2008",2022-08-01,0.92,"SUS"
"LA_US_IDA","4","IDA_US_LA_2009",2022-08-01,0.92,"SUS"
"LA_US_KATRINA","4","KATRINA_US_LA_2005",2022-08-01,0.81,"SUS"
"LA_US_LAURA","4","LAURA_US_LA_2020",2022-08-01,1.01,"SUS"
"LA_US_ZETA","4","ZETA_US_LA_2020",2022-08-01,0.93,"SUS"
"MX_ERNESTO","5","ERNESTO_MX_2012",2022-08-01,0.62,"SG"
"MX_GRACE","3","GRACE_MX_2021",2022-08-01,0.96,"C"
"MX_TAMPS_EMILY","6","EMILY_TAMPS_MX_2005",2022-08-01,1.89,"WG"
"NC_US_ISABEL","4","ISABEL_US_NC_2003",2022-08-01,1.09,"SUS"
"NIC_ETA","2","ETA_NIC_2020",2022-08-01,0.43,"CA"
"NIC_FELIX","2","FELIX_NIC_2007",2022-08-01,0.44,"CA"
"NIC_IOTA","2","IOTA_NIC_2020",2022-08-01,0.44,"CA"
"PR_USA_MARIA","3","MARIA_US_PR_2017",2022-08-01,0.81,"C"
"QROO_WILMA","3","WILMA_QROO_2005",2022-08-01,0.89,"C"
"TX_US_HARVEY","6","HARVEY_US_TX_2017",2022-08-01,1.39,"WG"
"TX_US_IKE","4","IKE_US_TX_2008",2022-08-01,1.15,"SUS"
"TX_US_RITA","4","RITA_US_TX_2005",2022-08-01,1.04,"SUS"
"US_FL_DELTA","4","DELTA_US_LA_2020",2022-08-01,1.04,"SUS"
"US_FL_DENNIS","4","DENNIS_US_FL_2005",2022-08-01,0.84,"SUS"
"VER_MX_KARL","5","KARL_MX_VER_2010",2022-08-01,0.94,"SG"
"YUC_DELTA","5","DELTA_YUCATAN_MX_2020",2022-08-01,0.88,"SG"
"YUC_MX_EMILY","5","EMILY_MX_YUC_2005",2022-08-01,0.87,"SG"
"YUC_MX_ISIDORE","5","ISIDORE_MX_YUC_2002",2022-08-01,0.65,"SG"
"AL_US_IVAN","4","IVAN_US_AL_2004",2022-09-01,1.29,"SUS"
"AL_US_SALLY","4","SALLY_US_AL_2020",2022-09-01,1.29,"SUS"
"ALEX","6","ALEX_2010",2022-09-01,1.23,"WG"
"BELICE_RICHARD","3","RICHARD_BELICE_2010",2022-09-01,0.7,"C"
"BELIZE_IRIS","2","IRIS_BELIZE_2001",2022-09-01,0.61,"CA"
"BETA","2","BETA_2005",2022-09-01,0.55,"CA"
"CR_OTTO","2","OTTO_CR_2016",2022-09-01,0.6,"CA"
"CUBA_DENNIS","3","DENNIS_CUBA_2005",2022-09-01,0.91,"C"
"CUBA_GUSTAV","3","GUSTAV_CUBA_2008",2022-09-01,0.78,"C"
"CUBA_IAN","3","IAN_CUBA_2022",2022-09-01,0.77,"C"
"CUBA_MICHELLE","3","MICHELLE_CUBA_2001",2022-09-01,0.87,"C"
"CUBA_PALOMA","3","PALOMA_CUBA_2008",2022-09-01,1.05,"C"
"CUBA_SANDY","3","SANDY_CUBA_2012",2022-09-01,0.9,"C"
"DEAN_QROO_MX","5","DEAN_QROO_MX_2007",2022-09-01,0.7,"SG"
"FL_US_CHARLEY","1","CHARLEY_2004",2022-09-01,1.01,"FP"
"FL_US_FRANCES","1","FRANCES_US_FL_2004",2022-09-01,1.11,"FP"
"FL_US_IAN","1","IAN_US_FL_2022",2022-09-01,1.04,"FP"
"FL_US_IRMA","1","IRMA_US_FL_2017",2022-09-01,1.06,"FP"
"FL_US_JEANNE","1","JEANNE_US_FL_2004",2022-09-01,1.11,"FP"
"FL_US_MICHAEL","4","MICHAEL_US_FL_2018",2022-09-01,1.31,"SUS"
"FL_US_WILMA","1","WILMA_US_FL_2005",2022-09-01,1.06,"FP"
"LA_US_GUSTAV","4","GUSTAV_US_LA_2008",2022-09-01,1.14,"SUS"
"LA_US_IDA","4","IDA_US_LA_2009",2022-09-01,1.16,"SUS"
"LA_US_KATRINA","4","KATRINA_US_LA_2005",2022-09-01,1.23,"SUS"
"LA_US_LAURA","4","LAURA_US_LA_2020",2022-09-01,1.39,"SUS"
"LA_US_ZETA","4","ZETA_US_LA_2020",2022-09-01,1.18,"SUS"
"MX_ERNESTO","5","ERNESTO_MX_2012",2022-09-01,0.7,"SG"
"MX_GRACE","3","GRACE_MX_2021",2022-09-01,0.65,"C"
"MX_TAMPS_EMILY","6","EMILY_TAMPS_MX_2005",2022-09-01,1.31,"WG"
"NC_US_ISABEL","4","ISABEL_US_NC_2003",2022-09-01,1.11,"SUS"
"NIC_ETA","2","ETA_NIC_2020",2022-09-01,0.62,"CA"
"NIC_FELIX","2","FELIX_NIC_2007",2022-09-01,0.64,"CA"
"NIC_IOTA","2","IOTA_NIC_2020",2022-09-01,0.63,"CA"
"PR_USA_MARIA","3","MARIA_US_PR_2017",2022-09-01,0.75,"C"
"QROO_WILMA","3","WILMA_QROO_2005",2022-09-01,0.77,"C"
"TX_US_HARVEY","6","HARVEY_US_TX_2017",2022-09-01,1.28,"WG"
"TX_US_IKE","4","IKE_US_TX_2008",2022-09-01,1.33,"SUS"
"TX_US_RITA","4","RITA_US_TX_2005",2022-09-01,1.34,"SUS"
"US_FL_DELTA","4","DELTA_US_LA_2020",2022-09-01,1.46,"SUS"
"US_FL_DENNIS","4","DENNIS_US_FL_2005",2022-09-01,1.28,"SUS"
"VER_MX_KARL","5","KARL_MX_VER_2010",2022-09-01,0.77,"SG"
"YUC_DELTA","5","DELTA_YUCATAN_MX_2020",2022-09-01,0.77,"SG"
"YUC_MX_EMILY","5","EMILY_MX_YUC_2005",2022-09-01,0.81,"SG"
"YUC_MX_ISIDORE","5","ISIDORE_MX_YUC_2002",2022-09-01,0.76,"SG"
"AL_US_IVAN","4","IVAN_US_AL_2004",2022-10-01,1.06,"SUS"
"AL_US_SALLY","4","SALLY_US_AL_2020",2022-10-01,1.09,"SUS"
"ALEX","6","ALEX_2010",2022-10-01,1.15,"WG"
"BELICE_RICHARD","3","RICHARD_BELICE_2010",2022-10-01,0.8,"C"
"BELIZE_IRIS","2","IRIS_BELIZE_2001",2022-10-01,0.67,"CA"
"BETA","2","BETA_2005",2022-10-01,0.61,"CA"
"CR_OTTO","2","OTTO_CR_2016",2022-10-01,0.59,"CA"
"CUBA_DENNIS","3","DENNIS_CUBA_2005",2022-10-01,0.98,"C"
"CUBA_GUSTAV","3","GUSTAV_CUBA_2008",2022-10-01,0.83,"C"
"CUBA_IAN","3","IAN_CUBA_2022",2022-10-01,0.81,"C"
"CUBA_MICHELLE","3","MICHELLE_CUBA_2001",2022-10-01,0.97,"C"
"CUBA_PALOMA","3","PALOMA_CUBA_2008",2022-10-01,0.72,"C"
"CUBA_SANDY","3","SANDY_CUBA_2012",2022-10-01,0.59,"C"
"DEAN_QROO_MX","5","DEAN_QROO_MX_2007",2022-10-01,0.86,"SG"
"FL_US_CHARLEY","1","CHARLEY_2004",2022-10-01,0.99,"FP"
"FL_US_FRANCES","1","FRANCES_US_FL_2004",2022-10-01,1.01,"FP"
"FL_US_IAN","1","IAN_US_FL_2022",2022-10-01,1,"FP"
"FL_US_IRMA","1","IRMA_US_FL_2017",2022-10-01,1.04,"FP"
"FL_US_JEANNE","1","JEANNE_US_FL_2004",2022-10-01,1.02,"FP"
"FL_US_MICHAEL","4","MICHAEL_US_FL_2018",2022-10-01,1.12,"SUS"
"FL_US_WILMA","1","WILMA_US_FL_2005",2022-10-01,1.06,"FP"
"LA_US_GUSTAV","4","GUSTAV_US_LA_2008",2022-10-01,0.94,"SUS"
"LA_US_IDA","4","IDA_US_LA_2009",2022-10-01,0.92,"SUS"
"LA_US_KATRINA","4","KATRINA_US_LA_2005",2022-10-01,0.95,"SUS"
"LA_US_LAURA","4","LAURA_US_LA_2020",2022-10-01,1.12,"SUS"
"LA_US_ZETA","4","ZETA_US_LA_2020",2022-10-01,0.89,"SUS"
"MX_ERNESTO","5","ERNESTO_MX_2012",2022-10-01,0.85,"SG"
"MX_GRACE","3","GRACE_MX_2021",2022-10-01,0.66,"C"
"MX_TAMPS_EMILY","6","EMILY_TAMPS_MX_2005",2022-10-01,1.22,"WG"
"NC_US_ISABEL","4","ISABEL_US_NC_2003",2022-10-01,0.69,"SUS"
"NIC_ETA","2","ETA_NIC_2020",2022-10-01,0.74,"CA"
"NIC_FELIX","2","FELIX_NIC_2007",2022-10-01,0.74,"CA"
"NIC_IOTA","2","IOTA_NIC_2020",2022-10-01,0.76,"CA"
"PR_USA_MARIA","3","MARIA_US_PR_2017",2022-10-01,0.77,"C"
"QROO_WILMA","3","WILMA_QROO_2005",2022-10-01,0.88,"C"
"TX_US_HARVEY","6","HARVEY_US_TX_2017",2022-10-01,1.27,"WG"
"TX_US_IKE","4","IKE_US_TX_2008",2022-10-01,1.14,"SUS"
"TX_US_RITA","4","RITA_US_TX_2005",2022-10-01,1.08,"SUS"
"US_FL_DELTA","4","DELTA_US_LA_2020",2022-10-01,1.19,"SUS"
"US_FL_DENNIS","4","DENNIS_US_FL_2005",2022-10-01,1.08,"SUS"
"VER_MX_KARL","5","KARL_MX_VER_2010",2022-10-01,0.86,"SG"
"YUC_DELTA","5","DELTA_YUCATAN_MX_2020",2022-10-01,0.87,"SG"
"YUC_MX_EMILY","5","EMILY_MX_YUC_2005",2022-10-01,0.97,"SG"
"YUC_MX_ISIDORE","5","ISIDORE_MX_YUC_2002",2022-10-01,0.87,"SG"
"AL_US_IVAN","4","IVAN_US_AL_2004",2022-11-01,0.66,"SUS"
"AL_US_SALLY","4","SALLY_US_AL_2020",2022-11-01,0.71,"SUS"
"ALEX","6","ALEX_2010",2022-11-01,0.68,"WG"
"BELICE_RICHARD","3","RICHARD_BELICE_2010",2022-11-01,0.56,"C"
"BELIZE_IRIS","2","IRIS_BELIZE_2001",2022-11-01,0.58,"CA"
"BETA","2","BETA_2005",2022-11-01,0.42,"CA"
"CR_OTTO","2","OTTO_CR_2016",2022-11-01,0.5,"CA"
"CUBA_DENNIS","3","DENNIS_CUBA_2005",2022-11-01,0.87,"C"
"CUBA_GUSTAV","3","GUSTAV_CUBA_2008",2022-11-01,0.75,"C"
"CUBA_IAN","3","IAN_CUBA_2022",2022-11-01,0.71,"C"
"CUBA_MICHELLE","3","MICHELLE_CUBA_2001",2022-11-01,0.85,"C"
"CUBA_PALOMA","3","PALOMA_CUBA_2008",2022-11-01,0.81,"C"
"CUBA_SANDY","3","SANDY_CUBA_2012",2022-11-01,0.69,"C"
"DEAN_QROO_MX","5","DEAN_QROO_MX_2007",2022-11-01,0.6,"SG"
"FL_US_CHARLEY","1","CHARLEY_2004",2022-11-01,0.72,"FP"
"FL_US_FRANCES","1","FRANCES_US_FL_2004",2022-11-01,0.72,"FP"
"FL_US_IAN","1","IAN_US_FL_2022",2022-11-01,0.72,"FP"
"FL_US_IRMA","1","IRMA_US_FL_2017",2022-11-01,0.75,"FP"
"FL_US_JEANNE","1","JEANNE_US_FL_2004",2022-11-01,0.73,"FP"
"FL_US_MICHAEL","4","MICHAEL_US_FL_2018",2022-11-01,0.78,"SUS"
"FL_US_WILMA","1","WILMA_US_FL_2005",2022-11-01,0.73,"FP"
"LA_US_GUSTAV","4","GUSTAV_US_LA_2008",2022-11-01,0.53,"SUS"
"LA_US_IDA","4","IDA_US_LA_2009",2022-11-01,0.54,"SUS"
"LA_US_KATRINA","4","KATRINA_US_LA_2005",2022-11-01,0.59,"SUS"
"LA_US_LAURA","4","LAURA_US_LA_2020",2022-11-01,0.53,"SUS"
"LA_US_ZETA","4","ZETA_US_LA_2020",2022-11-01,0.53,"SUS"
"MX_ERNESTO","5","ERNESTO_MX_2012",2022-11-01,0.58,"SG"
"MX_GRACE","3","GRACE_MX_2021",2022-11-01,0.47,"C"
"MX_TAMPS_EMILY","6","EMILY_TAMPS_MX_2005",2022-11-01,0.59,"WG"
"NC_US_ISABEL","4","ISABEL_US_NC_2003",2022-11-01,0.6,"SUS"
"NIC_ETA","2","ETA_NIC_2020",2022-11-01,0.53,"CA"
"NIC_FELIX","2","FELIX_NIC_2007",2022-11-01,0.55,"CA"
"NIC_IOTA","2","IOTA_NIC_2020",2022-11-01,0.53,"CA"
"PR_USA_MARIA","3","MARIA_US_PR_2017",2022-11-01,0.74,"C"
"QROO_WILMA","3","WILMA_QROO_2005",2022-11-01,0.65,"C"
"TX_US_HARVEY","6","HARVEY_US_TX_2017",2022-11-01,0.59,"WG"
"TX_US_IKE","4","IKE_US_TX_2008",2022-11-01,0.53,"SUS"
"TX_US_RITA","4","RITA_US_TX_2005",2022-11-01,0.52,"SUS"
"US_FL_DELTA","4","DELTA_US_LA_2020",2022-11-01,0.56,"SUS"
"US_FL_DENNIS","4","DENNIS_US_FL_2005",2022-11-01,0.69,"SUS"
"VER_MX_KARL","5","KARL_MX_VER_2010",2022-11-01,0.72,"SG"
"YUC_DELTA","5","DELTA_YUCATAN_MX_2020",2022-11-01,0.7,"SG"
"YUC_MX_EMILY","5","EMILY_MX_YUC_2005",2022-11-01,0.82,"SG"
"YUC_MX_ISIDORE","5","ISIDORE_MX_YUC_2002",2022-11-01,0.74,"SG"
"AL_US_IVAN","4","IVAN_US_AL_2004",2022-12-01,0.56,"SUS"
"AL_US_SALLY","4","SALLY_US_AL_2020",2022-12-01,0.54,"SUS"
"ALEX","6","ALEX_2010",2022-12-01,0.66,"WG"
"BELICE_RICHARD","3","RICHARD_BELICE_2010",2022-12-01,0.53,"C"
"BELIZE_IRIS","2","IRIS_BELIZE_2001",2022-12-01,0.5,"CA"
"BETA","2","BETA_2005",2022-12-01,0.41,"CA"
"CR_OTTO","2","OTTO_CR_2016",2022-12-01,0.65,"CA"
"CUBA_DENNIS","3","DENNIS_CUBA_2005",2022-12-01,0.91,"C"
"CUBA_GUSTAV","3","GUSTAV_CUBA_2008",2022-12-01,0.7,"C"
"CUBA_IAN","3","IAN_CUBA_2022",2022-12-01,0.66,"C"
"CUBA_MICHELLE","3","MICHELLE_CUBA_2001",2022-12-01,0.91,"C"
"CUBA_PALOMA","3","PALOMA_CUBA_2008",2022-12-01,0.93,"C"
"CUBA_SANDY","3","SANDY_CUBA_2012",2022-12-01,0.83,"C"
"DEAN_QROO_MX","5","DEAN_QROO_MX_2007",2022-12-01,0.61,"SG"
"FL_US_CHARLEY","1","CHARLEY_2004",2022-12-01,0.75,"FP"
"FL_US_FRANCES","1","FRANCES_US_FL_2004",2022-12-01,0.71,"FP"
"FL_US_IAN","1","IAN_US_FL_2022",2022-12-01,0.75,"FP"
"FL_US_IRMA","1","IRMA_US_FL_2017",2022-12-01,0.79,"FP"
"FL_US_JEANNE","1","JEANNE_US_FL_2004",2022-12-01,0.72,"FP"
"FL_US_MICHAEL","4","MICHAEL_US_FL_2018",2022-12-01,0.59,"SUS"
"FL_US_WILMA","1","WILMA_US_FL_2005",2022-12-01,0.8,"FP"
"LA_US_GUSTAV","4","GUSTAV_US_LA_2008",2022-12-01,0.41,"SUS"
"LA_US_IDA","4","IDA_US_LA_2009",2022-12-01,0.48,"SUS"
"LA_US_KATRINA","4","KATRINA_US_LA_2005",2022-12-01,0.53,"SUS"
"LA_US_LAURA","4","LAURA_US_LA_2020",2022-12-01,0.48,"SUS"
"LA_US_ZETA","4","ZETA_US_LA_2020",2022-12-01,0.45,"SUS"
"MX_ERNESTO","5","ERNESTO_MX_2012",2022-12-01,0.59,"SG"
"MX_GRACE","3","GRACE_MX_2021",2022-12-01,0.44,"C"
"MX_TAMPS_EMILY","6","EMILY_TAMPS_MX_2005",2022-12-01,0.61,"WG"
"NC_US_ISABEL","4","ISABEL_US_NC_2003",2022-12-01,0.41,"SUS"
"NIC_ETA","2","ETA_NIC_2020",2022-12-01,0.45,"CA"
"NIC_FELIX","2","FELIX_NIC_2007",2022-12-01,0.45,"CA"
"NIC_IOTA","2","IOTA_NIC_2020",2022-12-01,0.46,"CA"
"PR_USA_MARIA","3","MARIA_US_PR_2017",2022-12-01,0.74,"C"
"QROO_WILMA","3","WILMA_QROO_2005",2022-12-01,0.69,"C"
"TX_US_HARVEY","6","HARVEY_US_TX_2017",2022-12-01,0.63,"WG"
"TX_US_IKE","4","IKE_US_TX_2008",2022-12-01,0.56,"SUS"
"TX_US_RITA","4","RITA_US_TX_2005",2022-12-01,0.5,"SUS"
"US_FL_DELTA","4","DELTA_US_LA_2020",2022-12-01,0.49,"SUS"
"US_FL_DENNIS","4","DENNIS_US_FL_2005",2022-12-01,0.56,"SUS"
"VER_MX_KARL","5","KARL_MX_VER_2010",2022-12-01,0.76,"SG"
"YUC_DELTA","5","DELTA_YUCATAN_MX_2020",2022-12-01,0.71,"SG"
"YUC_MX_EMILY","5","EMILY_MX_YUC_2005",2022-12-01,0.8,"SG"
"YUC_MX_ISIDORE","5","ISIDORE_MX_YUC_2002",2022-12-01,0.66,"SG"
